<contextfile concordance="brown">
<context filename="br-a41" paras="yes">
<p pnum="1">
<s snum="1">
<wf cmd="ignore" pos="DT">A</wf>
<wf cmd="tag" pos="NN">philosopher</wf>
<wf cmd="ignore" pos="MD">may</wf>
<wf cmd="done" pos="VB" lemma="point_out" wnsn="1" lexsn="2:32:01::">point_out</wf>
<wf cmd="ignore" pos="IN">that</wf>
<wf cmd="ignore" pos="DT">the</wf>
<wf cmd="tag" pos="NNS">troubles</wf>
<wf cmd="ignore" pos="IN">of</wf>
<wf cmd="ignore" pos="DT">the</wf>
<wf cmd="tag" pos="NNP">Congo</wf>
<wf cmd="done" pos="VB" lemma="begin" wnsn="2" lexsn="2:42:00::">began</wf>
<wf cmd="ignore" pos="IN">with</wf>
<wf cmd="ignore" pos="DT">the</wf>
<wf cmd="tag" pos="JJ">old</wf>
<wf cmd="tag" pos="NNP">Adam</wf>
<wf cmd="ignore" pos="CC">and</wf>
<wf cmd="tag" pos="RB">consequently</wf>
<wf cmd="ignore" pos="MD">will</wf>
<wf cmd="tag" pos="RB">never</wf>
<wf cmd="done" pos="VB" lemma="end" wnsn="1" lexsn="2:42:00::">end</wf>
<punc>.</punc>
</s>
<s snum="2">
<wf cmd="ignore" pos="CC">But</wf>
<wf cmd="ignore" pos="DT">a</wf>
<wf cmd="tag" pos="NN">historian</wf>
<wf cmd="ignore" pos="MD">might</wf>
<wf cmd="done" pos="VB" lemma="put" wnsn="1" lexsn="2:35:00::">put</wf>
<wf cmd="ignore" pos="PRP$">his</wf>
<wf cmd="tag" pos="NN">finger</wf>
<wf cmd="ignore" pos="IN">on</wf>
<wf cmd="ignore" pos="DT">a</wf>
<wf cmd="tag" pos="JJ">specific</wf>
<wf cmd="tag" pos="NN">man</wf>
<wf cmd="ignore" pos="CC">and</wf>
<wf cmd="tag" pos="NN">date</wf>
<punc>,</punc>
<wf cmd="ignore" pos="CC">and</wf>
<wf cmd="done" pos="VB" lemma="hold_out" wnsn="3" lexsn="2:42:01::">hold_out</wf>
<wf cmd="ignore" pos="DT">the</wf>
<wf cmd="tag" pos="NN">hope</wf>
<wf cmd="ignore" pos="IN">that</wf>
<wf cmd="ignore" pos="DT">the</wf>
<wf cmd="tag" pos="NNS">troubles</wf>
<wf cmd="ignore" pos="MD">will</wf>
<wf cmd="tag" pos="RB">sometime</wf>
<wf cmd="done" pos="VB" lemma="pass_away" wnsn="2" lexsn="2:30:01::">pass_away</wf>
<punc>.</punc>
</s>
<s snum="3">
<wf cmd="ignore" pos="DT">The</wf>
<wf cmd="tag" pos="NN">man</wf>
<wf cmd="done" pos="VB" lemma="be" wnsn="9" lexsn="2:42:08::">was</wf>
<wf cmd="tag" pos="NNP">King_Leopold</wf>
<wf cmd="tag" pos="CD">2</wf>
<punc>,</punc>
<wf cmd="ignore" pos="IN">of</wf>
<wf cmd="ignore" pos="DT">the</wf>
<wf cmd="tag" pos="NNPS">Belgians</wf>
<punc>,</punc>
<wf cmd="ignore" pos="WP">who</wf>
<wf cmd="ignore" pos="IN">in</wf>
<wf cmd="tag" pos="CD">1885</wf>
<wf cmd="done" pos="VB" lemma="conclude" wnsn="1" lexsn="2:31:00::">concluded</wf>
<wf cmd="ignore" pos="IN">that</wf>
<wf cmd="ignore" pos="PRP">he</wf>
<wf cmd="done" pos="VB" lemma="had_better" wnsn="0" lexsn="2:42:00::">had_better</wf>
<wf cmd="done" pos="VB" lemma="grab" wnsn="2" lexsn="2:40:00::">grab</wf>
<wf cmd="ignore" pos="DT">a</wf>
<wf cmd="tag" pos="NN">colony</wf>
<wf cmd="ignore" pos="IN">while</wf>
<wf cmd="ignore" pos="DT">the</wf>
<wf cmd="tag" pos="NN">grabbing</wf>
<wf cmd="done" pos="VB" lemma="be" wnsn="1" lexsn="2:42:03::">was</wf>
<wf cmd="tag" pos="RB">still</wf>
<wf cmd="tag" pos="JJ">good</wf>
<punc>.</punc>
</s>
<s snum="4">
<wf cmd="ignore" pos="IN">By</wf>
<wf cmd="tag" pos="NN">force</wf>
<punc>,</punc>
<wf cmd="ignore" pos="PRP">he</wf>
<wf cmd="done" pos="VB" lemma="take" wnsn="21" lexsn="2:40:01::">took</wf>
<wf cmd="ignore" pos="IN">under</wf>
<wf cmd="ignore" pos="PRP$">his</wf>
<wf cmd="tag" pos="NN">protection</wf>
<punc>,</punc>
<wf cmd="ignore" pos="CC">or</wf>
<wf cmd="done" pos="VB" lemma="steal" wnsn="1" lexsn="2:40:00::">stole</wf>
<punc>,</punc>
<wf cmd="tag" pos="CD">900000</wf>
<wf cmd="tag" pos="NN">square_miles</wf>
<wf cmd="ignore" pos="IN">of</wf>
<wf cmd="tag" pos="NN">wilderness</wf>
<wf cmd="ignore" pos="IN">in</wf>
<wf cmd="tag" pos="NN">Central_Africa</wf>
<punc>.</punc>
</s>
<s snum="5">
<wf cmd="ignore" pos="DT">This</wf>
<wf cmd="done" pos="VB" lemma="be" wnsn="1" lexsn="2:42:03::">is</wf>
<wf cmd="ignore" pos="DT">an</wf>
<wf cmd="tag" pos="NN">area</wf>
<wf cmd="tag" pos="RB">nearly</wf>
<wf cmd="tag" pos="RB">as</wf>
<wf cmd="tag" pos="JJ">large</wf>
<wf cmd="ignore" pos="IN">as</wf>
<wf cmd="tag" pos="JJ">Western</wf>
<wf cmd="tag" pos="NNP">Europe</wf>
<punc>;</punc>
<wf cmd="ignore" pos="CC">and</wf>
<wf cmd="ignore" pos="PRP">it</wf>
<wf cmd="done" pos="VB" lemma="be" wnsn="1" lexsn="2:42:03::">was</wf>
<wf cmd="tag" pos="JJ">filled</wf>
<wf cmd="tag" pos="RB">then</wf>
<wf cmd="ignore" pos="IN">as</wf>
<wf cmd="tag" pos="RB">now</wf>
<wf cmd="ignore" pos="IN">by</wf>
<wf cmd="tag" pos="JJ">quarreling</wf>
<wf cmd="tag" pos="NNS">tribes</wf>
<wf cmd="ignore" pos="IN">with</wf>
<wf cmd="ignore" pos="DT">no</wf>
<wf cmd="tag" pos="JJ">political</wf>
<wf cmd="ignore" pos="CC">or</wf>
<wf cmd="tag" pos="JJ">historical</wf>
<wf cmd="tag" pos="NN">unity</wf>
<punc>.</punc>
</s>
<s snum="6">
<wf cmd="ignore" pos="PRP$">Its</wf>
<wf cmd="tag" pos="NNS">boundaries</wf>
<wf cmd="done" pos="VB" lemma="have" wnsn="10" lexsn="2:42:12::">had</wf>
<wf cmd="tag" pos="NN">nothing</wf>
<wf cmd="done" pos="VB" ot="notag">to</wf>
<wf cmd="done" pos="VB" lemma="do" wnsn="4" lexsn="2:42:00::">do</wf>
<wf cmd="done" pos="VB" ot="notag">with</wf>
<wf cmd="tag" pos="NN">geography</wf>
<wf cmd="ignore" pos="CC">or</wf>
<wf cmd="tag" pos="JJ">ethnic</wf>
<wf cmd="tag" pos="NNS">groupings</wf>
<punc>;</punc>
<wf cmd="ignore" pos="PRP">they</wf>
<wf cmd="done" pos="VBD" ot="notag">were</wf>
<wf cmd="done" pos="VB" lemma="determine" wnsn="6" lexsn="2:31:03::">determined</wf>
<wf cmd="ignore" pos="IN">by</wf>
<wf cmd="ignore" pos="DT">the</wf>
<wf cmd="tag" pos="NN">points</wf>
<wf cmd="done" pos="VB" ot="notag">at</wf>
<wf cmd="ignore" pos="WDT">which</wf>
<wf cmd="tag" pos="NNP">Leopold</wf>
<wf cmd="ignore" pos="POS">'s</wf>
<wf cmd="tag" pos="NNS">explorers</wf>
<wf cmd="ignore" pos="CC">and</wf>
<wf cmd="tag" pos="NNS">gunmen</wf>
<wf cmd="done" pos="VB" lemma="get" wnsn="2" lexsn="2:30:00::">got</wf>
<wf cmd="tag" pos="JJ">tired</wf>
<wf cmd="ignore" pos="IN">of</wf>
<wf cmd="done" pos="VB" lemma="walk" wnsn="1" lexsn="2:38:00::">walking</wf>
<punc>.</punc>
</s>
</p>
<p pnum="2">
<s snum="7">
<wf cmd="ignore" pos="DT">The</wf>
<wf cmd="tag" pos="NN">population</wf>
<wf cmd="ignore" pos="IN">of</wf>
<wf cmd="ignore" pos="DT">the</wf>
<wf cmd="tag" pos="NNP">Congo</wf>
<wf cmd="done" pos="VB" lemma="be" wnsn="6" lexsn="2:42:07::">is</wf>
<wf cmd="tag" pos="CD">13.5</wf>
<wf cmd="tag" pos="CD">million</wf>
<punc>,</punc>
<wf cmd="done" pos="VB" lemma="divide" wnsn="1" lexsn="2:41:00::">divided</wf>
<wf cmd="ignore" pos="IN">into</wf>
<wf cmd="tag" pos="RB">at_least</wf>
<wf cmd="tag" pos="CD">seven</wf>
<wf cmd="tag" pos="JJ">major</wf>
<punc>``</punc>
<wf cmd="tag" pos="NN">culture</wf>
<wf cmd="tag" pos="NNS">clusters</wf>
<punc>''</punc>
<wf cmd="ignore" pos="CC">and</wf>
<wf cmd="tag" pos="JJ">innumerable</wf>
<wf cmd="tag" pos="NNS">tribes</wf>
<wf cmd="done" pos="VB" lemma="speak" wnsn="3" lexsn="2:32:02::">speaking</wf>
<wf cmd="tag" pos="CD">400</wf>
<wf cmd="tag" pos="JJ">separate</wf>
<wf cmd="tag" pos="NNS">dialects</wf>
<punc>.</punc>
</s>
<s snum="8">
<wf cmd="ignore" pos="DT">The</wf>
<wf cmd="tag" pos="NNS">religions</wf>
<wf cmd="ignore" pos="IN">of</wf>
<wf cmd="ignore" pos="DT">the</wf>
<wf cmd="tag" pos="NNS">people</wf>
<wf cmd="done" pos="VB" lemma="include" wnsn="1" lexsn="2:42:00::">include</wf>
<wf cmd="tag" pos="NNP">Christianity</wf>
<punc>,</punc>
<wf cmd="tag" pos="NNP">Mohammedanism</wf>
<punc>,</punc>
<wf cmd="tag" pos="NN">paganism</wf>
<punc>,</punc>
<wf cmd="tag" pos="NN">ancestor_worship</wf>
<wf cmd="ignore" pos="CC">and</wf>
<wf cmd="tag" pos="NN">animism</wf>
<punc>.</punc>
</s>
<s snum="9">
<wf cmd="ignore" pos="DT">The</wf>
<wf cmd="tag" pos="NN">climate</wf>
<wf cmd="done" pos="VB" lemma="range" wnsn="1" lexsn="2:42:01::">ranges</wf>
<wf cmd="ignore" pos="IN">from</wf>
<wf cmd="ignore" pos="DT">the</wf>
<wf cmd="tag" pos="RB">steamily</wf>
<wf cmd="tag" pos="JJ">equatorial</wf>
<wf cmd="ignore" pos="TO">to</wf>
<wf cmd="ignore" pos="DT">the</wf>
<wf cmd="tag" pos="JJ">temperate</wf>
<punc>.</punc>
</s>
<s snum="10">
<wf cmd="ignore" pos="DT">The</wf>
<wf cmd="tag" pos="NNS">hospitals</wf>
<wf cmd="done" pos="VB" lemma="contain" wnsn="1" lexsn="2:42:00::">contain</wf>
<wf cmd="tag" pos="NNS">patients</wf>
<wf cmd="done" pos="VB" lemma="trample" wnsn="2" lexsn="2:29:00::">trampled</wf>
<wf cmd="ignore" pos="IN">by</wf>
<wf cmd="tag" pos="NNS">elephants</wf>
<wf cmd="ignore" pos="CC">or</wf>
<wf cmd="done" pos="VB" lemma="run_over" wnsn="1" lexsn="2:29:00::">run_over</wf>
<wf cmd="ignore" pos="IN">by</wf>
<wf cmd="tag" pos="NN">sports_cars</wf>
<punc>.</punc>
</s>
<s snum="11">
<wf cmd="ignore" pos="TO">To</wf>
<wf cmd="done" pos="VB" lemma="make" wnsn="5" lexsn="2:36:08::">make</wf>
<wf cmd="tag" pos="CD">one</wf>
<wf cmd="tag" pos="NN">nation</wf>
<wf cmd="ignore" pos="IN">out</wf>
<wf cmd="ignore" pos="IN">of</wf>
<wf cmd="ignore" pos="DT">these</wf>
<wf cmd="tag" pos="NNS">disparities</wf>
<wf cmd="ignore" pos="MD">would</wf>
<wf cmd="done" pos="VB" lemma="be" wnsn="2" lexsn="2:42:06::">be</wf>
<wf cmd="ignore" pos="DT">a</wf>
<wf cmd="tag" pos="NN">problem</wf>
<wf cmd="tag" pos="JJ">large</wf>
<wf cmd="tag" pos="RB">enough</wf>
<wf cmd="tag" pos="RB">in_any_case</wf>
<punc>;</punc>
<wf cmd="ignore" pos="PRP">it</wf>
<wf cmd="done" pos="VBZ" ot="notag">has</wf>
<wf cmd="done" pos="VBN" ot="notag">been</wf>
<wf cmd="done" pos="VB" lemma="make" wnsn="3" lexsn="2:36:00::">made</wf>
<wf cmd="tag" pos="RB">far</wf>
<wf cmd="tag" pos="RBR">more</wf>
<wf cmd="tag" pos="JJ">difficult</wf>
<wf cmd="ignore" pos="IN">by</wf>
<wf cmd="ignore" pos="WP">what</wf>
<wf cmd="ignore" pos="DT">the</wf>
<wf cmd="tag" pos="NNPS">Belgians</wf>
<wf cmd="done" pos="VBP" ot="notag">have</wf>
<wf cmd="done" pos="VB" lemma="do" wnsn="5" lexsn="2:36:02::">done</wf>
<punc>,</punc>
<wf cmd="ignore" pos="CC">or</wf>
<wf cmd="done" pos="VB" lemma="fail" wnsn="1" lexsn="2:41:02::">failed</wf>
<wf cmd="ignore" pos="TO">to</wf>
<wf cmd="done" pos="VB" lemma="do" wnsn="2" lexsn="2:36:01::">do</wf>
<punc>,</punc>
<wf cmd="ignore" pos="IN">in</wf>
<wf cmd="ignore" pos="DT">the</wf>
<wf cmd="tag" pos="NNP">Congo</wf>
<wf cmd="ignore" pos="IN">since</wf>
<wf cmd="tag" pos="CD">1885</wf>
<punc>.</punc>
</s>
</p>
<p pnum="3">
<s snum="12">
<wf cmd="tag" pos="RB">At_first</wf>
<wf cmd="ignore" pos="DT">the</wf>
<wf cmd="tag" pos="JJ">Belgian</wf>
<wf cmd="tag" pos="NN">royal_family</wf>
<wf cmd="done" pos="VB" lemma="administer" wnsn="1" lexsn="2:41:00::">administered</wf>
<wf cmd="ignore" pos="DT">the</wf>
<wf cmd="tag" pos="NNP">Congo</wf>
<wf cmd="ignore" pos="IN">as</wf>
<wf cmd="ignore" pos="PRP$">its</wf>
<wf cmd="tag" pos="JJ">own</wf>
<wf cmd="tag" pos="NN">private_property</wf>
<punc>.</punc>
</s>
<s snum="13">
<wf cmd="ignore" pos="CC">But</wf>
<wf cmd="ignore" pos="IN">by</wf>
<wf cmd="tag" pos="CD">1908</wf>
<wf cmd="ignore" pos="PRP$">its</wf>
<wf cmd="tag" pos="NN">record</wf>
<wf cmd="ignore" pos="IN">of</wf>
<wf cmd="tag" pos="NN">brutality</wf>
<wf cmd="done" pos="VBD" ot="notag">had</wf>
<wf cmd="done" pos="VB" lemma="touch" wnsn="3" lexsn="2:37:00::">touched</wf>
<wf cmd="ignore" pos="DT">the</wf>
<wf cmd="tag" pos="JJ">national</wf>
<wf cmd="tag" pos="NN">conscience</wf>
<punc>.</punc>
</s>
<s snum="14">
<wf cmd="ignore" pos="DT">The</wf>
<wf cmd="tag" pos="JJ">Belgian</wf>
<wf cmd="tag" pos="NN">government</wf>
<wf cmd="ignore" pos="PRP">itself</wf>
<wf cmd="done" pos="VB" lemma="take_over" wnsn="4" lexsn="2:40:06::">took_over</wf>
<wf cmd="tag" pos="NN">administration</wf>
<punc>,</punc>
<wf cmd="done" pos="VB" lemma="commence" wnsn="2" lexsn="2:30:01::">commencing</wf>
<wf cmd="ignore" pos="DT">a</wf>
<wf cmd="tag" pos="NN">program</wf>
<wf cmd="ignore" pos="IN">of</wf>
<wf cmd="tag" pos="NN">paternalism</wf>
<wf cmd="tag" pos="JJ">unmatched</wf>
<wf cmd="ignore" pos="IN">in</wf>
<wf cmd="ignore" pos="DT">the</wf>
<wf cmd="tag" pos="NN">history</wf>
<wf cmd="ignore" pos="IN">of</wf>
<wf cmd="tag" pos="NN">colonialism</wf>
<punc>.</punc>
</s>
<s snum="15">
<wf cmd="tag" pos="CD">One</wf>
<wf cmd="tag" pos="NN">definition</wf>
<wf cmd="ignore" pos="IN">of</wf>
<wf cmd="tag" pos="NN">paternalism</wf>
<wf cmd="done" pos="VB" lemma="be" wnsn="1" lexsn="2:42:03::">is</wf>
<punc>``</punc>
<wf cmd="ignore" pos="DT">The</wf>
<wf cmd="tag" pos="NN">principle</wf>
<wf cmd="ignore" pos="CC">or</wf>
<wf cmd="tag" pos="NN">practice</wf>
<punc>,</punc>
<wf cmd="ignore" pos="IN">on</wf>
<wf cmd="ignore" pos="DT">the</wf>
<wf cmd="tag" pos="NN">part</wf>
<wf cmd="ignore" pos="IN">of</wf>
<wf cmd="ignore" pos="DT">a</wf>
<wf cmd="tag" pos="NN">government</wf>
<punc>,</punc>
<wf cmd="ignore" pos="IN">of</wf>
<wf cmd="done" pos="VB" lemma="manage" wnsn="4" lexsn="2:41:01::">managing</wf>
<wf cmd="ignore" pos="DT">the</wf>
<wf cmd="tag" pos="NNS">affairs</wf>
<wf cmd="ignore" pos="IN">of</wf>
<wf cmd="ignore" pos="DT">a</wf>
<wf cmd="tag" pos="NN">country</wf>
<wf cmd="ignore" pos="IN">in</wf>
<wf cmd="ignore" pos="DT">the</wf>
<wf cmd="tag" pos="NN">manner</wf>
<wf cmd="ignore" pos="IN">of</wf>
<wf cmd="ignore" pos="DT">a</wf>
<wf cmd="tag" pos="NN">father</wf>
<wf cmd="done" pos="VB" lemma="deal" wnsn="3" lexsn="2:41:09::">dealing</wf>
<wf cmd="done" pos="VB" ot="notag">with</wf>
<wf cmd="ignore" pos="PRP$">his</wf>
<wf cmd="tag" pos="NNS">children</wf>
<punc>''</punc>
<punc>.</punc>
</s>
<s snum="16">
<wf cmd="ignore" pos="DT">The</wf>
<wf cmd="tag" pos="NN">honor</wf>
<wf cmd="ignore" pos="IN">of</wf>
<wf cmd="ignore" pos="DT">the</wf>
<wf cmd="tag" pos="NNPS">Belgians</wf>
<wf cmd="tag" pos="RB">in_this</wf>
<wf cmd="tag" pos="NN">matter</wf>
<wf cmd="done" pos="VB" lemma="be" wnsn="1" lexsn="2:42:03::">is</wf>
<wf cmd="tag" pos="RB">not</wf>
<wf cmd="ignore" pos="TO">to</wf>
<wf cmd="done" pos="VB" ot="notag">be</wf>
<wf cmd="done" pos="VB" lemma="question" wnsn="5" lexsn="2:32:02::">questioned</wf>
<punc>-</punc>
<wf cmd="tag" pos="RB">only</wf>
<wf cmd="ignore" pos="PRP$">their</wf>
<wf cmd="tag" pos="NN">judgment</wf>
<punc>.</punc>
</s>
<s snum="17">
<wf cmd="tag" pos="RB">Ordinarily</wf>
<wf cmd="ignore" pos="DT">a</wf>
<wf cmd="tag" pos="NN">father</wf>
<wf cmd="done" pos="VB" lemma="permit" wnsn="1" lexsn="2:32:00::">permits</wf>
<wf cmd="ignore" pos="PRP$">his</wf>
<wf cmd="tag" pos="NNS">children</wf>
<wf cmd="ignore" pos="TO">to</wf>
<wf cmd="done" pos="VB" lemma="grow_up" wnsn="1" lexsn="2:41:00::">grow_up</wf>
<wf cmd="tag" pos="RB">in_due_time</wf>
<punc>-</punc>
<wf cmd="ignore" pos="CC">but</wf>
<wf cmd="ignore" pos="WRB">when</wf>
<wf cmd="ignore" pos="DT">the</wf>
<wf cmd="tag" pos="NN">colony</wf>
<wf cmd="done" pos="VB" lemma="receive" wnsn="2" lexsn="2:30:01::">received</wf>
<wf cmd="tag" pos="NN">independence</wf>
<wf cmd="ignore" pos="IN">in</wf>
<wf cmd="tag" pos="CD">1960</wf>
<wf cmd="ignore" pos="DT">the</wf>
<wf cmd="tag" pos="NNP">Congolese</wf>
<wf cmd="tag" pos="NN">child</wf>
<punc>,</punc>
<wf cmd="ignore" pos="IN">if</wf>
<wf cmd="tag" pos="CD">one</wf>
<wf cmd="done" pos="VB" lemma="imagine" wnsn="1" lexsn="2:36:00::">imagines</wf>
<wf cmd="ignore" pos="PRP">him</wf>
<wf cmd="ignore" pos="TO">to</wf>
<wf cmd="done" pos="VB" ot="notag">have</wf>
<wf cmd="done" rdf="be_born" pos="VB" lemma="be_born" wnsn="1" lexsn="2:30:00::">been_born</wf>
<wf cmd="ignore" pos="IN">in</wf>
<wf cmd="tag" pos="CD">1908</wf>
<punc>,</punc>
<wf cmd="done" pos="VB" lemma="be" wnsn="1" lexsn="2:42:03::">was</wf>
<wf cmd="tag" pos="CD">52</wf>
<wf cmd="ignore" pos="CC">and</wf>
<wf cmd="done" pos="VBD" ot="notag">had</wf>
<wf cmd="ignore" pos="IN">until</wf>
<wf cmd="tag" pos="RB">then</wf>
<wf cmd="done" pos="VBN" ot="notag">been</wf>
<wf cmd="done" pos="VB" lemma="treat" wnsn="1" lexsn="2:41:00::">treated</wf>
<wf cmd="ignore" pos="IN">as</wf>
<wf cmd="ignore" pos="DT">an</wf>
<wf cmd="tag" pos="NN">infant</wf>
<punc>.</punc>
</s>
</p>
<p pnum="4">
<s snum="18">
<wf cmd="ignore" pos="DT">The</wf>
<wf cmd="tag" pos="NNPS">Belgians</wf>
<wf cmd="done" pos="VB" lemma="be" wnsn="1" lexsn="2:42:03::">were</wf>
<wf cmd="tag" pos="JJ">interested</wf>
<wf cmd="tag" pos="RB">primarily</wf>
<wf cmd="ignore" pos="IN">in</wf>
<wf cmd="ignore" pos="DT">the</wf>
<wf cmd="tag" pos="JJ">economic</wf>
<wf cmd="tag" pos="NN">development</wf>
<wf cmd="ignore" pos="IN">of</wf>
<wf cmd="ignore" pos="DT">the</wf>
<wf cmd="tag" pos="NNP">Congo</wf>
<punc>,</punc>
<wf cmd="ignore" pos="WDT">which</wf>
<wf cmd="done" pos="VB" lemma="be" wnsn="1" lexsn="2:42:03::">is</wf>
<wf cmd="tag" pos="JJ">rich_in</wf>
<wf cmd="tag" pos="NN">copper</wf>
<punc>,</punc>
<wf cmd="tag" pos="NN">tin</wf>
<punc>,</punc>
<wf cmd="tag" pos="NN">cobalt</wf>
<punc>,</punc>
<wf cmd="tag" pos="NN">manganese</wf>
<punc>,</punc>
<wf cmd="tag" pos="NN">zinc</wf>
<punc>,</punc>
<wf cmd="ignore" pos="CC">and</wf>
<wf cmd="tag" pos="NN">uranium</wf>
<punc>,</punc>
<wf cmd="ignore" pos="CC">and</wf>
<wf cmd="tag" pos="NN">cotton</wf>
<wf cmd="ignore" pos="CC">and</wf>
<wf cmd="tag" pos="NN">palm_oil</wf>
<punc>.</punc>
</s>
<s snum="19">
<wf cmd="ignore" pos="DT">The</wf>
<wf cmd="tag" pos="NN">colony</wf>
<wf cmd="done" pos="VBD" ot="notag">was</wf>
<wf cmd="done" pos="VB" lemma="administer" wnsn="1" lexsn="2:41:00::">administered</wf>
<wf cmd="ignore" pos="IN">from</wf>
<wf cmd="tag" pos="NNP">Brussels</wf>
<punc>,</punc>
<wf cmd="ignore" pos="IN">with</wf>
<wf cmd="ignore" pos="DT">neither</wf>
<wf cmd="ignore" pos="DT">the</wf>
<wf cmd="tag" pos="NNP">Congolese</wf>
<wf cmd="ignore" pos="CC">nor</wf>
<wf cmd="ignore" pos="DT">the</wf>
<wf cmd="tag" pos="NN">resident</wf>
<wf cmd="tag" pos="NNPS">Belgians</wf>
<wf cmd="done" pos="VB" lemma="have" wnsn="4" lexsn="2:40:04::">having</wf>
<wf cmd="ignore" pos="DT">any</wf>
<wf cmd="tag" pos="NN">vote</wf>
<punc>.</punc>
</s>
<s snum="20">
<wf cmd="ignore" pos="DT">The</wf>
<wf cmd="tag" pos="NNS">beneficiaries</wf>
<wf cmd="tag" pos="RB">of_this</wf>
<wf cmd="tag" pos="NN">administration</wf>
<wf cmd="done" pos="VB" lemma="be" wnsn="9" lexsn="2:42:08::">were</wf>
<wf cmd="tag" pos="JJ">a_number_of</wf>
<wf cmd="tag" pos="JJ">huge</wf>
<wf cmd="tag" pos="NNS">cartels</wf>
<wf cmd="tag" pos="RB">in_which</wf>
<wf cmd="ignore" pos="DT">both</wf>
<wf cmd="tag" pos="NNS">individuals</wf>
<wf cmd="ignore" pos="CC">and</wf>
<wf cmd="ignore" pos="DT">the</wf>
<wf cmd="tag" pos="JJ">Belgian</wf>
<wf cmd="tag" pos="NN">government</wf>
<wf cmd="ignore" pos="PRP">itself</wf>
<wf cmd="done" pos="VB" lemma="hold" wnsn="4" lexsn="2:40:00::">held</wf>
<wf cmd="tag" pos="NN">stock</wf>
<punc>.</punc>
</s>
<s snum="21">
<wf cmd="ignore" pos="IN">In</wf>
<wf cmd="ignore" pos="IN">Inside</wf>
<wf cmd="tag" pos="NNP">Africa</wf>
<punc>,</punc>
<wf cmd="tag" pos="NNP">John_Gunther</wf>
<wf cmd="done" pos="VB" lemma="describe" wnsn="2" lexsn="2:32:01::">describes</wf>
<wf cmd="tag" pos="CD">one</wf>
<wf cmd="ignore" pos="IN">of</wf>
<wf cmd="ignore" pos="DT">these</wf>
<punc>,</punc>
<wf cmd="ignore" pos="DT">the</wf>
<wf cmd="tag" pos="NNP">Societe_Generale</wf>
<punc>,</punc>
<wf cmd="ignore" pos="IN">as</wf>
<punc>``</punc>
<wf cmd="ignore" pos="DT">the</wf>
<wf cmd="tag" pos="RB">kind_of</wf>
<wf cmd="tag" pos="NN">colossus</wf>
<wf cmd="ignore" pos="WDT">that</wf>
<wf cmd="ignore" pos="MD">might</wf>
<wf cmd="done" pos="VB" ot="notag">be</wf>
<wf cmd="done" pos="VB" lemma="envisage" wnsn="1" lexsn="2:36:00::">envisaged</wf>
<wf cmd="ignore" pos="IN">if</wf>
<punc>,</punc>
<wf cmd="done" pos="VB" ot="notag">let</wf>
<wf cmd="ignore" pos="PRP">us</wf>
<wf cmd="done" pos="VBP" ot="notag">say</wf>
<punc>,</punc>
<wf cmd="ignore" pos="DT">the</wf>
<wf cmd="tag" pos="NNP">House</wf>
<wf cmd="ignore" pos="IN">of</wf>
<wf cmd="tag" pos="NNP">Morgan</wf>
<punc>,</punc>
<wf cmd="tag" pos="NN">Anaconda</wf>
<wf cmd="tag" pos="NN">Copper</wf>
<punc>,</punc>
<wf cmd="ignore" pos="DT">the</wf>
<wf cmd="tag" pos="NNP">Mutual</wf>
<wf cmd="tag" pos="NN">Life_Insurance</wf>
<wf cmd="tag" pos="NNP">Company</wf>
<wf cmd="ignore" pos="IN">of</wf>
<wf cmd="tag" pos="NN">New_York</wf>
<punc>,</punc>
<wf cmd="ignore" pos="DT">the</wf>
<wf cmd="tag" pos="NNP">Pennsylvania_Railroad</wf>
<punc>,</punc>
<wf cmd="ignore" pos="CC">and</wf>
<wf cmd="tag" pos="JJ">various</wf>
<wf cmd="tag" pos="NNS">companies</wf>
<wf cmd="done" pos="VB" lemma="produce" wnsn="2" lexsn="2:36:00::">producing</wf>
<wf cmd="tag" pos="JJ">agricultural</wf>
<wf cmd="tag" pos="NNS">products</wf>
<wf cmd="done" pos="VBD" ot="notag">were</wf>
<wf cmd="done" pos="VB" lemma="lump" wnsn="1" lexsn="2:35:00::">lumped</wf>
<wf cmd="tag" pos="RB">together</wf>
<punc>,</punc>
<wf cmd="ignore" pos="IN">with</wf>
<wf cmd="ignore" pos="DT">the</wf>
<wf cmd="tag" pos="NN">United_States_government</wf>
<wf cmd="ignore" pos="IN">as</wf>
<wf cmd="ignore" pos="DT">a</wf>
<wf cmd="tag" pos="JJ">heavy</wf>
<wf cmd="tag" pos="NN">partner</wf>
<punc>''</punc>
<punc>.</punc>
</s>
</p>
<p pnum="5">
<s snum="22">
<wf cmd="done" pos="VBN" ot="notag">Had</wf>
<wf cmd="ignore" pos="PRP">they</wf>
<wf cmd="done" pos="VB" lemma="be" wnsn="1" lexsn="2:42:03::">been</wf>
<wf cmd="tag" pos="RB">truly</wf>
<wf cmd="tag" pos="JJ">ruthless</wf>
<punc>,</punc>
<wf cmd="ignore" pos="DT">the</wf>
<wf cmd="tag" pos="NNPS">Belgians</wf>
<wf cmd="ignore" pos="MD">might</wf>
<wf cmd="done" pos="VB" ot="notag">have</wf>
<wf cmd="done" pos="VB" lemma="exploit" wnsn="1" lexsn="2:34:00::">exploited</wf>
<wf cmd="ignore" pos="DT">the</wf>
<wf cmd="tag" pos="NNP">Congolese</wf>
<wf cmd="ignore" pos="IN">without</wf>
<wf cmd="tag" pos="NN">compassion</wf>
<punc>.</punc>
</s>
<s snum="23">
<wf cmd="ignore" pos="CC">But</wf>
<wf cmd="ignore" pos="PRP">they</wf>
<wf cmd="done" pos="VB" lemma="be" wnsn="1" lexsn="2:42:03::">were</wf>
<wf cmd="tag" pos="RB">not</wf>
<punc>.</punc>
</s>
<s snum="24">
<wf cmd="ignore" pos="PRP">They</wf>
<wf cmd="done" pos="VB" lemma="provide" wnsn="1" lexsn="2:40:00::">provided</wf>
<wf cmd="ignore" pos="DT">a</wf>
<wf cmd="tag" pos="NN">social_security</wf>
<wf cmd="tag" pos="NN">system</wf>
<wf cmd="ignore" pos="WDT">which</wf>
<wf cmd="done" pos="VB" lemma="cover" wnsn="4" lexsn="2:42:00::">covered</wf>
<wf cmd="ignore" pos="DT">all</wf>
<wf cmd="ignore" pos="PRP$">their</wf>
<wf cmd="tag" pos="JJ">African</wf>
<wf cmd="tag" pos="NNS">employes</wf>
<punc>;</punc>
<wf cmd="ignore" pos="PRP$">their</wf>
<wf cmd="tag" pos="NN">program</wf>
<wf cmd="ignore" pos="IN">of</wf>
<wf cmd="tag" pos="NN">mass</wf>
<wf cmd="tag" pos="NN">medical_care</wf>
<wf cmd="done" pos="VB" lemma="be" wnsn="1" lexsn="2:42:03::">was</wf>
<wf cmd="tag" pos="RB">doubtless</wf>
<wf cmd="ignore" pos="DT">the</wf>
<wf cmd="tag" pos="JJS">best</wf>
<wf cmd="ignore" pos="IN">on</wf>
<wf cmd="ignore" pos="DT">the</wf>
<wf cmd="tag" pos="NN">continent</wf>
<punc>;</punc>
<wf cmd="ignore" pos="PRP">they</wf>
<wf cmd="done" pos="VB" lemma="put" wnsn="2" lexsn="2:35:05::">put</wf>
<wf cmd="tag" pos="JJ">much</wf>
<wf cmd="tag" pos="NN">effort</wf>
<wf cmd="ignore" pos="IN">into</wf>
<wf cmd="tag" pos="JJ">public</wf>
<wf cmd="tag" pos="NN">housing</wf>
<punc>.</punc>
</s>
<s snum="25">
<wf cmd="ignore" pos="PRP">They</wf>
<wf cmd="tag" pos="RB">also</wf>
<wf cmd="done" pos="VB" lemma="institute" wnsn="1" lexsn="2:36:01::">instituted</wf>
<wf cmd="ignore" pos="DT">a</wf>
<wf cmd="tag" pos="NN">ration</wf>
<wf cmd="tag" pos="NN">system</wf>
<wf cmd="ignore" pos="IN">under</wf>
<wf cmd="ignore" pos="WDT">which</wf>
<wf cmd="ignore" pos="DT">all</wf>
<wf cmd="tag" pos="NNS">employers</wf>
<wf cmd="ignore" pos="IN">in</wf>
<wf cmd="ignore" pos="DT">the</wf>
<wf cmd="tag" pos="NNP">Congo</wf>
<wf cmd="done" pos="VBD" ot="notag">were</wf>
<wf cmd="done" pos="VB" lemma="require" wnsn="2" lexsn="2:32:01::">required</wf>
<wf cmd="ignore" pos="TO">to</wf>
<wf cmd="done" pos="VB" lemma="furnish" wnsn="1" lexsn="2:40:00::">furnish</wf>
<wf cmd="ignore" pos="PRP$">their</wf>
<wf cmd="tag" pos="NNS">employes</wf>
<wf cmd="ignore" pos="IN">with</wf>
<wf cmd="tag" pos="NN">clothing</wf>
<wf cmd="ignore" pos="CC">and</wf>
<wf cmd="tag" pos="JJ">adequate</wf>
<wf cmd="tag" pos="NN">food</wf>
<punc>.</punc>
</s>
<s snum="26">
<wf cmd="ignore" pos="CC">But</wf>
<wf cmd="tag" pos="RB">instead</wf>
<wf cmd="ignore" pos="IN">of</wf>
<wf cmd="done" pos="VB" lemma="deliver" wnsn="2" lexsn="2:35:00::">delivering</wf>
<wf cmd="ignore" pos="DT">the</wf>
<wf cmd="tag" pos="NN">ration</wf>
<punc>-</punc>
<wf cmd="ignore" pos="DT">either</wf>
<wf cmd="ignore" pos="IN">in</wf>
<wf cmd="tag" pos="JJ">actual</wf>
<wf cmd="tag" pos="NNS">commodities</wf>
<wf cmd="ignore" pos="CC">or</wf>
<wf cmd="ignore" pos="IN">in</wf>
<wf cmd="tag" pos="NN">cash</wf>
<punc>-</punc>
<wf cmd="ignore" pos="IN">at</wf>
<wf cmd="tag" pos="NNS">intervals</wf>
<wf cmd="ignore" pos="IN">of</wf>
<wf cmd="tag" pos="RB">perhaps</wf>
<wf cmd="tag" pos="NN">two_weeks</wf>
<wf cmd="ignore" pos="CC">or</wf>
<wf cmd="ignore" pos="DT">a</wf>
<wf cmd="tag" pos="NN">month</wf>
<punc>,</punc>
<wf cmd="ignore" pos="DT">the</wf>
<wf cmd="tag" pos="NNPS">Belgians</wf>
<wf cmd="done" pos="VB" lemma="feel" wnsn="1" lexsn="2:37:00::">felt</wf>
<wf cmd="tag" pos="JJ">obliged</wf>
<wf cmd="ignore" pos="TO">to</wf>
<wf cmd="done" rdf="dole_out" pos="VB" lemma="dole_out" wnsn="1" lexsn="2:40:00::">dole</wf>
<wf cmd="ignore" pos="PRP">it</wf>
<wf cmd="ignore" pos="IN">out</wf>
<wf cmd="tag" pos="RB">more_often</wf>
<punc>.</punc>
</s>
<s snum="27">
<wf cmd="ignore" pos="MD">Would</wf>
<wf cmd="tag" pos="RB">not</wf>
<wf cmd="ignore" pos="DT">the</wf>
<wf cmd="tag" pos="NNS">children</wf>
<punc>,</punc>
<wf cmd="ignore" pos="IN">if</wf>
<wf cmd="ignore" pos="PRP">they</wf>
<wf cmd="done" pos="VB" lemma="receive" wnsn="1" lexsn="2:40:00::">received</wf>
<wf cmd="ignore" pos="DT">all</wf>
<wf cmd="ignore" pos="PRP$">their</wf>
<wf cmd="tag" pos="NN">food</wf>
<wf cmd="ignore" pos="IN">on</wf>
<wf cmd="ignore" pos="DT">the</wf>
<wf cmd="tag" pos="JJ">first</wf>
<wf cmd="tag" pos="NN">day_of_the_month</wf>
<punc>,</punc>
<wf cmd="done" pos="VB" lemma="eat" wnsn="1" lexsn="2:34:00::">eat</wf>
<wf cmd="ignore" pos="PRP">it</wf>
<wf cmd="ignore" pos="IN">up</wf>
<wf cmd="tag" pos="RB">immediately</wf>
<punc>,</punc>
<wf cmd="ignore" pos="CC">and</wf>
<wf cmd="tag" pos="RB">later</wf>
<wf cmd="done" pos="VB" ot="idiom">go_hungry</wf>
<punc>?</punc>
</s>
</p>
<p pnum="6">
<s snum="28">
<wf cmd="ignore" pos="DT">The</wf>
<wf cmd="tag" pos="NNPS">Belgians</wf>
<wf cmd="tag" pos="RB">also</wf>
<wf cmd="done" pos="VB" lemma="place" wnsn="1" lexsn="2:35:00::">placed</wf>
<wf cmd="tag" pos="JJ">great</wf>
<wf cmd="tag" pos="NN">emphasis</wf>
<wf cmd="ignore" pos="IN">on</wf>
<wf cmd="tag" pos="NN">education</wf>
<punc>.</punc>
</s>
<s snum="29">
<wf cmd="ignore" pos="IN">During</wf>
<wf cmd="ignore" pos="DT">the</wf>
<wf cmd="tag" pos="CD">1950</wf>
<wf cmd="ignore" pos="PRP">s</wf>
<wf cmd="ignore" pos="EX">there</wf>
<wf cmd="done" pos="VB" lemma="be" wnsn="1" lexsn="2:42:03::">were</wf>
<wf cmd="tag" pos="JJ">as_many</wf>
<wf cmd="ignore" pos="IN">as</wf>
<wf cmd="tag" pos="CD">25000</wf>
<wf cmd="tag" pos="NNS">schools</wf>
<wf cmd="ignore" pos="IN">in</wf>
<wf cmd="ignore" pos="DT">the</wf>
<wf cmd="tag" pos="NNP">Congo</wf>
<punc>.</punc>
</s>
<s snum="30">
<wf cmd="ignore" pos="CC">But</wf>
<wf cmd="tag" pos="RB">almost</wf>
<wf cmd="ignore" pos="PDT">all</wf>
<wf cmd="ignore" pos="DT">the</wf>
<wf cmd="tag" pos="NNS">schools</wf>
<wf cmd="done" pos="VB" lemma="be" wnsn="1" lexsn="2:42:03::">were</wf>
<wf cmd="tag" pos="JJ">primary</wf>
<punc>.</punc>
</s>
<s snum="31">
<wf cmd="ignore" pos="DT">The</wf>
<wf cmd="tag" pos="JJ">average</wf>
<wf cmd="tag" pos="NNP">Congolese</wf>
<wf cmd="ignore" pos="MD">can</wf>
<wf cmd="done" pos="VB" lemma="do" wnsn="1" lexsn="2:41:01::">do</wf>
<wf cmd="tag" pos="JJ">little</wf>
<wf cmd="tag" pos="RB">more_than</wf>
<wf cmd="done" pos="VB" lemma="puzzle_out" wnsn="1" lexsn="2:31:00::">puzzle_out</wf>
<wf cmd="ignore" pos="DT">the</wf>
<wf cmd="tag" pos="NN">meaning</wf>
<wf cmd="ignore" pos="IN">of</wf>
<punc>``</punc>
<wf cmd="ignore" pos="FW">la</wf>
<wf cmd="ignore" pos="FW">chatte</wf>
<punc>''</punc>
<wf cmd="ignore" pos="CC">and</wf>
<punc>``</punc>
<wf cmd="ignore" pos="FW">le</wf>
<wf cmd="ignore" pos="FW">chien</wf>
<punc>''</punc>
<wf cmd="ignore" pos="CC">and</wf>
<wf cmd="done" pos="VB" lemma="write" wnsn="9" lexsn="2:36:03::">write</wf>
<wf cmd="ignore" pos="PRP$">his</wf>
<wf cmd="tag" pos="NN">name</wf>
<punc>.</punc>
</s>
<s snum="32">
<wf cmd="ignore" pos="DT">Some</wf>
<wf cmd="tag" pos="NNS">schools</wf>
<wf cmd="done" pos="VB" lemma="be" wnsn="1" lexsn="2:42:03::">were</wf>
<wf cmd="tag" pos="JJ">technical</wf>
<punc>-</punc>
<wf cmd="ignore" pos="DT">the</wf>
<wf cmd="tag" pos="NNPS">Belgians</wf>
<wf cmd="done" pos="VB" lemma="need" wnsn="1" lexsn="2:42:00::">needed</wf>
<wf cmd="tag" pos="NNS">carpenters</wf>
<wf cmd="ignore" pos="CC">and</wf>
<wf cmd="tag" pos="NNS">mechanics</wf>
<wf cmd="ignore" pos="TO">to</wf>
<wf cmd="done" pos="VB" lemma="help" wnsn="5" lexsn="2:34:00::">help</wf>
<wf cmd="done" pos="VB" lemma="exploit" wnsn="1" lexsn="2:34:00::">exploit</wf>
<wf cmd="ignore" pos="DT">the</wf>
<wf cmd="tag" pos="NN">land</wf>
<punc>,</punc>
<wf cmd="ignore" pos="CC">and</wf>
<wf cmd="done" pos="VB" lemma="train" wnsn="5" lexsn="2:41:01::">trained</wf>
<wf cmd="tag" pos="JJ">many</wf>
<punc>.</punc>
</s>
<s snum="33">
<wf cmd="ignore" pos="CC">But</wf>
<wf cmd="ignore" pos="PRP">they</wf>
<wf cmd="done" pos="VBD" ot="notag">did</wf>
<wf cmd="tag" pos="RB">not</wf>
<wf cmd="done" pos="VB" lemma="believe_in" wnsn="1" lexsn="2:31:01::">believe_in</wf>
<wf cmd="tag" pos="JJ">widespread</wf>
<wf cmd="tag" pos="JJ">secondary</wf>
<wf cmd="tag" pos="NN">education</wf>
<punc>,</punc>
<wf cmd="tag" pos="RB">much</wf>
<wf cmd="tag" pos="JJR">less</wf>
<wf cmd="ignore" pos="IN">in</wf>
<wf cmd="tag" pos="NN">college</wf>
<punc>.</punc>
</s>
<s snum="34">
<wf cmd="ignore" pos="PRP">It</wf>
<wf cmd="done" pos="VB" lemma="be" wnsn="2" lexsn="2:42:06::">was</wf>
<wf cmd="ignore" pos="PRP$">their</wf>
<wf cmd="tag" pos="NN">conviction</wf>
<wf cmd="ignore" pos="IN">that</wf>
<wf cmd="ignore" pos="DT">the</wf>
<wf cmd="tag" pos="NNS">people</wf>
<wf cmd="ignore" pos="MD">should</wf>
<wf cmd="done" pos="VB" ot="notag">be</wf>
<punc>``</punc>
<wf cmd="done" pos="VB" lemma="bring_up" wnsn="2" lexsn="2:41:00::">brought_up</wf>
<wf cmd="tag" pos="RB">together</wf>
<punc>''</punc>
<punc>,</punc>
<wf cmd="ignore" pos="DT">a</wf>
<wf cmd="tag" pos="NN">grade</wf>
<wf cmd="tag" pos="RB">at_a_time</wf>
<punc>,</punc>
<wf cmd="ignore" pos="IN">until</wf>
<wf cmd="ignore" pos="IN">in</wf>
<wf cmd="ignore" pos="DT">some</wf>
<wf cmd="tag" pos="JJ">indefinite</wf>
<wf cmd="tag" pos="NN">future</wf>
<wf cmd="ignore" pos="DT">some</wf>
<wf cmd="ignore" pos="MD">might</wf>
<wf cmd="done" pos="VB" lemma="be" wnsn="1" lexsn="2:42:03::">be</wf>
<wf cmd="tag" pos="JJ">ready</wf>
<wf cmd="ignore" pos="TO">to</wf>
<wf cmd="done" pos="VB" lemma="tackle" wnsn="1" lexsn="2:41:00::">tackle</wf>
<wf cmd="tag" pos="NN">history</wf>
<punc>,</punc>
<wf cmd="tag" pos="NNS">economics</wf>
<wf cmd="ignore" pos="CC">and</wf>
<wf cmd="tag" pos="NN">political_science</wf>
<punc>.</punc>
</s>
<s snum="35">
<wf cmd="tag" pos="RB">Indeed</wf>
<punc>,</punc>
<wf cmd="ignore" pos="DT">the</wf>
<wf cmd="tag" pos="NNPS">Belgians</wf>
<wf cmd="done" pos="VB" lemma="discourage" wnsn="1" lexsn="2:32:01::">discouraged</wf>
<wf cmd="tag" pos="JJR">higher</wf>
<wf cmd="tag" pos="NN">education</wf>
<punc>,</punc>
<wf cmd="done" pos="VB" lemma="fear" wnsn="1" lexsn="2:37:03::">fearing</wf>
<wf cmd="ignore" pos="DT">the</wf>
<wf cmd="tag" pos="NN">creation</wf>
<wf cmd="ignore" pos="IN">of</wf>
<wf cmd="ignore" pos="DT">a</wf>
<wf cmd="tag" pos="JJ">native</wf>
<wf cmd="tag" pos="JJ">intellectual</wf>
<wf cmd="tag" pos="NN">elite</wf>
<wf cmd="ignore" pos="WDT">which</wf>
<wf cmd="ignore" pos="MD">might</wf>
<wf cmd="done" pos="VB" lemma="cause" wnsn="1" lexsn="2:36:00::">cause</wf>
<wf cmd="tag" pos="NN">unrest</wf>
<punc>.</punc>
</s>
<s snum="36">
<wf cmd="ignore" pos="WRB">When</wf>
<wf cmd="ignore" pos="DT">the</wf>
<wf cmd="tag" pos="NNP">Congo</wf>
<wf cmd="done" pos="VB" lemma="receive" wnsn="2" lexsn="2:30:01::">received</wf>
<wf cmd="ignore" pos="PRP$">its</wf>
<wf cmd="tag" pos="NN">independence</wf>
<wf cmd="ignore" pos="IN">in</wf>
<wf cmd="tag" pos="CD">1960</wf>
<wf cmd="ignore" pos="EX">there</wf>
<wf cmd="done" pos="VB" lemma="be" wnsn="6" lexsn="2:42:07::">were</wf>
<punc>,</punc>
<wf cmd="ignore" pos="IN">among</wf>
<wf cmd="ignore" pos="PRP$">its</wf>
<wf cmd="tag" pos="CD">13.5</wf>
<wf cmd="tag" pos="CD">million</wf>
<wf cmd="tag" pos="NNS">people</wf>
<punc>,</punc>
<wf cmd="tag" pos="RB">exactly</wf>
<wf cmd="tag" pos="CD">14</wf>
<wf cmd="tag" pos="NN">university</wf>
<wf cmd="tag" pos="NNS">graduates</wf>
<punc>.</punc>
</s>
</p>
<p pnum="7">
<s snum="37">
<wf cmd="ignore" pos="WRB">Why</wf>
<wf cmd="done" pos="VBD" ot="notag">did</wf>
<wf cmd="ignore" pos="DT">the</wf>
<wf cmd="tag" pos="NNPS">Belgians</wf>
<wf cmd="done" pos="VB" lemma="grant" wnsn="5" lexsn="2:40:05::">grant</wf>
<wf cmd="tag" pos="NN">independence</wf>
<wf cmd="done" pos="VB" ot="notag">to</wf>
<wf cmd="ignore" pos="DT">a</wf>
<wf cmd="tag" pos="NN">colony</wf>
<wf cmd="tag" pos="RB">so</wf>
<wf cmd="tag" pos="RB">manifestly</wf>
<wf cmd="tag" pos="JJ">unprepared</wf>
<wf cmd="ignore" pos="TO">to</wf>
<wf cmd="done" pos="VB" lemma="accept" wnsn="2" lexsn="2:40:00::">accept</wf>
<wf cmd="ignore" pos="PRP">it</wf>
<punc>?</punc>
</s>
<s snum="38">
<wf cmd="ignore" pos="IN">In</wf>
<wf cmd="tag" pos="CD">one</wf>
<wf cmd="tag" pos="JJ">large</wf>
<wf cmd="tag" pos="NN">oversimplification</wf>
<punc>,</punc>
<wf cmd="ignore" pos="PRP">it</wf>
<wf cmd="ignore" pos="MD">might</wf>
<wf cmd="done" pos="VB" ot="notag">be</wf>
<wf cmd="done" pos="VB" lemma="say" wnsn="2" lexsn="2:32:01::">said</wf>
<wf cmd="ignore" pos="IN">that</wf>
<wf cmd="ignore" pos="DT">the</wf>
<wf cmd="tag" pos="NNPS">Belgians</wf>
<wf cmd="done" pos="VB" lemma="feel" wnsn="3" lexsn="2:39:00::">felt</wf>
<punc>,</punc>
<wf cmd="tag" pos="RB">far</wf>
<wf cmd="tag" pos="RB">too</wf>
<wf cmd="tag" pos="JJ">late</wf>
<punc>,</punc>
<wf cmd="ignore" pos="DT">the</wf>
<wf cmd="tag" pos="NN">gale</wf>
<wf cmd="ignore" pos="IN">of</wf>
<wf cmd="tag" pos="NN">nationalism</wf>
<wf cmd="done" pos="VB" lemma="sweep" wnsn="1" lexsn="2:38:01::">sweeping</wf>
<wf cmd="tag" pos="NNP">Africa</wf>
<punc>.</punc>
</s>
<s snum="39">
<wf cmd="ignore" pos="PRP">They</wf>
<wf cmd="done" pos="VB" lemma="lack" wnsn="1" lexsn="2:42:00::">lacked</wf>
<wf cmd="tag" pos="NN">time</wf>
<wf cmd="ignore" pos="TO">to</wf>
<wf cmd="done" pos="VB" lemma="prepare" wnsn="1" lexsn="2:30:00::">prepare</wf>
<wf cmd="ignore" pos="DT">the</wf>
<wf cmd="tag" pos="NNP">Congo</wf>
<punc>,</punc>
<wf cmd="ignore" pos="IN">as</wf>
<wf cmd="tag" pos="NN">the_British</wf>
<wf cmd="ignore" pos="CC">and</wf>
<wf cmd="tag" pos="JJ">French</wf>
<wf cmd="done" pos="VBD" ot="notag">had</wf>
<wf cmd="done" pos="VB" lemma="prepare" wnsn="1" lexsn="2:30:00::">prepared</wf>
<wf cmd="ignore" pos="PRP$">their</wf>
<wf cmd="tag" pos="NNS">colonies</wf>
<punc>.</punc>
</s>
<s snum="40">
<wf cmd="ignore" pos="DT">The</wf>
<wf cmd="tag" pos="NNP">Congolese</wf>
<wf cmd="done" pos="VBD" ot="notag">were</wf>
<wf cmd="done" pos="VB" lemma="clamor" wnsn="1" lexsn="2:32:03::">clamoring</wf>
<wf cmd="ignore" pos="IN">for</wf>
<wf cmd="ignore" pos="PRP$">their</wf>
<wf cmd="tag" pos="NN">independence</wf>
<punc>,</punc>
<wf cmd="tag" pos="RB">even_though</wf>
<wf cmd="tag" pos="RBS">most</wf>
<wf cmd="done" pos="VB" lemma="be" wnsn="1" lexsn="2:42:03::">were</wf>
<wf cmd="tag" pos="JJ">unsure</wf>
<wf cmd="ignore" pos="WP">what</wf>
<wf cmd="ignore" pos="PRP">it</wf>
<wf cmd="done" pos="VB" lemma="mean" wnsn="3" lexsn="2:32:03::">meant</wf>
<punc>;</punc>
<wf cmd="ignore" pos="CC">and</wf>
<wf cmd="ignore" pos="IN">in</wf>
<wf cmd="tag" pos="NNP">Brussels</wf>
<punc>,</punc>
<wf cmd="tag" pos="NN">street</wf>
<wf cmd="tag" pos="NNS">crowds</wf>
<wf cmd="done" pos="VB" lemma="shout" wnsn="2" lexsn="2:32:01::">shouted</wf>
<punc>,</punc>
<punc>``</punc>
<wf cmd="ignore" pos="FW">Pas</wf>
<wf cmd="ignore" pos="FW">une</wf>
<wf cmd="ignore" pos="FW">goutte</wf>
<wf cmd="ignore" pos="FW">de</wf>
<wf cmd="tag" pos="NN">sang</wf>
<punc>!</punc>
<punc>''</punc>
</s>
<s snum="41">
<punc>(</punc>
<wf cmd="tag" pos="JJ">Not_one</wf>
<wf cmd="tag" pos="NN">drop</wf>
<wf cmd="ignore" pos="IN">of</wf>
<wf cmd="tag" pos="NN">blood</wf>
<punc>!</punc>
<punc>)</punc>
</s>
<s snum="42">
<punc>.</punc>
</s>
<s snum="43">
<wf cmd="ignore" pos="DT">The</wf>
<wf cmd="tag" pos="NNPS">Belgians</wf>
<wf cmd="ignore" pos="MD">would</wf>
<wf cmd="tag" pos="RB">not</wf>
<wf cmd="done" pos="VB" lemma="fight" wnsn="1" lexsn="2:33:00::">fight</wf>
<wf cmd="done" pos="VB" ot="notag">for</wf>
<wf cmd="ignore" pos="DT">the</wf>
<wf cmd="tag" pos="NN">privilege</wf>
<wf cmd="ignore" pos="IN">of</wf>
<wf cmd="done" pos="VB" lemma="be" wnsn="2" lexsn="2:42:06::">being</wf>
<wf cmd="ignore" pos="DT">the</wf>
<wf cmd="tag" pos="JJ">detested</wf>
<wf cmd="tag" pos="NN">pedagogue</wf>
<punc>;</punc>
<wf cmd="tag" pos="RB">rather_than</wf>
<wf cmd="done" pos="VB" lemma="teach" wnsn="1" lexsn="2:32:00::">teach</wf>
<wf cmd="ignore" pos="WRB">where</wf>
<wf cmd="tag" pos="NN">teaching</wf>
<wf cmd="done" pos="VBD" ot="notag">was</wf>
<wf cmd="tag" pos="RB">not</wf>
<wf cmd="done" pos="VB" lemma="want" wnsn="1" lexsn="2:37:00::">wanted</wf>
<punc>,</punc>
<wf cmd="ignore" pos="PRP">they</wf>
<wf cmd="ignore" pos="MD">would</wf>
<wf cmd="done" pos="VB" ot="idiom">wash_their_hands</wf>
<wf cmd="ignore" pos="IN">of</wf>
<wf cmd="ignore" pos="DT">the</wf>
<wf cmd="tag" pos="NN">mess</wf>
<punc>.</punc>
</s>
<s snum="44">
<wf cmd="ignore" pos="PRP">It</wf>
<wf cmd="done" pos="VB" lemma="be" wnsn="1" lexsn="2:42:03::">is</wf>
<wf cmd="tag" pos="JJ">hard</wf>
<wf cmd="ignore" pos="TO">to</wf>
<wf cmd="done" pos="VB" lemma="blame" wnsn="1" lexsn="2:32:00::">blame</wf>
<wf cmd="ignore" pos="PRP">them</wf>
<wf cmd="ignore" pos="IN">for</wf>
<wf cmd="ignore" pos="DT">this</wf>
<punc>.</punc>
</s>
<s snum="45">
<wf cmd="tag" pos="RB">Yet</wf>
<wf cmd="ignore" pos="EX">there</wf>
<wf cmd="done" pos="VB" ot="notag">were</wf>
<wf cmd="tag" pos="JJ">other</wf>
<wf cmd="tag" pos="NNS">motivations</wf>
<wf cmd="ignore" pos="CC">and</wf>
<wf cmd="tag" pos="NNS">actions</wf>
<wf cmd="ignore" pos="WDT">which</wf>
<wf cmd="ignore" pos="DT">the</wf>
<wf cmd="tag" pos="NNPS">Belgians</wf>
<wf cmd="done" pos="VB" lemma="take" wnsn="1" lexsn="2:41:04::">took</wf>
<wf cmd="tag" pos="RB">after</wf>
<wf cmd="tag" pos="NN">independence</wf>
<wf cmd="ignore" pos="IN">for</wf>
<wf cmd="ignore" pos="WDT">which</wf>
<wf cmd="tag" pos="NN">history</wf>
<wf cmd="done" pos="VB" ot="notag">may_not</wf>
<wf cmd="done" pos="VB" lemma="find" wnsn="11" lexsn="2:32:01::">find</wf>
<wf cmd="ignore" pos="PRP">them</wf>
<wf cmd="tag" pos="JJ">guiltless</wf>
<punc>.</punc>
</s>
</p>
<p pnum="8">
<s snum="46">
<wf cmd="ignore" pos="IN">As</wf>
<wf cmd="ignore" pos="DT">the</wf>
<wf cmd="tag" pos="NN">time</wf>
<wf cmd="ignore" pos="IN">for</wf>
<wf cmd="tag" pos="NN">independence</wf>
<wf cmd="done" pos="VB" lemma="approach" wnsn="4" lexsn="2:38:01::">approached</wf>
<wf cmd="tag" pos="RB">there</wf>
<wf cmd="done" pos="VB" ot="notag">were</wf>
<wf cmd="ignore" pos="IN">in</wf>
<wf cmd="ignore" pos="DT">the</wf>
<wf cmd="tag" pos="NNP">Congo</wf>
<wf cmd="tag" pos="RB">no_fewer_than</wf>
<wf cmd="tag" pos="CD">120</wf>
<wf cmd="tag" pos="NN">political_parties</wf>
<punc>,</punc>
<wf cmd="ignore" pos="CC">or</wf>
<wf cmd="tag" pos="RB">approximately</wf>
<wf cmd="tag" pos="CD">eight</wf>
<wf cmd="ignore" pos="IN">for</wf>
<wf cmd="ignore" pos="DT">each</wf>
<wf cmd="tag" pos="NN">university</wf>
<wf cmd="tag" pos="NN">graduate</wf>
<punc>.</punc>
</s>
<s snum="47">
<wf cmd="ignore" pos="EX">There</wf>
<wf cmd="done" pos="VB" ot="notag">were</wf>
<wf cmd="tag" pos="CD">four</wf>
<wf cmd="tag" pos="JJ">principal</wf>
<wf cmd="tag" pos="NNS">ones</wf>
<punc>.</punc>
</s>
<s snum="48">
<wf cmd="tag" pos="NNP">First</wf>
<punc>,</punc>
<wf cmd="ignore" pos="EX">there</wf>
<wf cmd="done" pos="VB" ot="notag">were</wf>
<wf cmd="ignore" pos="DT">those</wf>
<wf cmd="tag" pos="NNP">Congolese</wf>
<punc>(</punc>
<wf cmd="ignore" pos="IN">among</wf>
<wf cmd="ignore" pos="PRP">them</wf>
<wf cmd="tag" pos="NNP">Joseph_Kasavubu</wf>
<punc>)</punc>
<wf cmd="ignore" pos="WP">who</wf>
<wf cmd="done" pos="VB" lemma="favor" wnsn="1" lexsn="2:41:00::">favored</wf>
<wf cmd="done" pos="VB" lemma="split" wnsn="1" lexsn="2:41:03::">splitting</wf>
<wf cmd="ignore" pos="DT">the</wf>
<wf cmd="tag" pos="NN">country</wf>
<wf cmd="ignore" pos="IN">into</wf>
<wf cmd="tag" pos="JJ">small</wf>
<wf cmd="tag" pos="JJ">independent</wf>
<wf cmd="tag" pos="NNS">states</wf>
<punc>,</punc>
<wf cmd="done" pos="VB" lemma="balkanize" wnsn="1" lexsn="2:41:00::">Balkanizing</wf>
<wf cmd="ignore" pos="PRP">it</wf>
<punc>.</punc>
</s>
<s snum="49">
<wf cmd="tag" pos="JJ">Second</wf>
<punc>,</punc>
<wf cmd="ignore" pos="EX">there</wf>
<wf cmd="done" pos="VB" ot="notag">were</wf>
<wf cmd="ignore" pos="DT">those</wf>
<punc>(</punc>
<wf cmd="tag" pos="NNP">Moise_Tshombe</wf>
<punc>)</punc>
<wf cmd="ignore" pos="WP">who</wf>
<wf cmd="done" pos="VB" lemma="favor" wnsn="1" lexsn="2:41:00::">favored</wf>
<wf cmd="tag" pos="NN">near-Balkanization</wf>
<punc>,</punc>
<wf cmd="ignore" pos="DT">a</wf>
<wf cmd="tag" pos="JJ">loose</wf>
<wf cmd="tag" pos="NN">federalism</wf>
<wf cmd="done" pos="VB" lemma="have" wnsn="2" lexsn="2:42:00::">having</wf>
<wf cmd="ignore" pos="DT">a</wf>
<wf cmd="tag" pos="JJ">central</wf>
<wf cmd="tag" pos="NN">government</wf>
<wf cmd="ignore" pos="IN">of</wf>
<wf cmd="tag" pos="JJ">limited</wf>
<wf cmd="tag" pos="NN">authority</wf>
<punc>,</punc>
<wf cmd="ignore" pos="IN">with</wf>
<wf cmd="tag" pos="JJ">much</wf>
<wf cmd="tag" pos="NN">power</wf>
<wf cmd="done" pos="VB" lemma="reside" wnsn="2" lexsn="2:42:01::">residing</wf>
<wf cmd="done" pos="VB" ot="notag">in</wf>
<wf cmd="ignore" pos="DT">the</wf>
<wf cmd="tag" pos="NNS">states</wf>
<punc>.</punc>
</s>
<s snum="50">
<wf cmd="tag" pos="NNP">Third</wf>
<punc>,</punc>
<wf cmd="ignore" pos="EX">there</wf>
<wf cmd="done" pos="VB" ot="notag">were</wf>
<wf cmd="ignore" pos="DT">those</wf>
<punc>(</punc>
<wf cmd="tag" pos="RB">notably</wf>
<wf cmd="tag" pos="NNP">Patrice_Lumumba</wf>
<punc>)</punc>
<wf cmd="ignore" pos="WP">who</wf>
<wf cmd="done" pos="VB" lemma="favor" wnsn="1" lexsn="2:41:00::">favored</wf>
<wf cmd="ignore" pos="DT">a</wf>
<wf cmd="tag" pos="JJ">unified</wf>
<wf cmd="tag" pos="NNP">Congo</wf>
<wf cmd="ignore" pos="IN">with</wf>
<wf cmd="ignore" pos="DT">a</wf>
<wf cmd="tag" pos="RB">very</wf>
<wf cmd="tag" pos="JJ">strong</wf>
<wf cmd="tag" pos="JJ">central</wf>
<wf cmd="tag" pos="NN">government</wf>
<punc>.</punc>
</s>
<s snum="51">
<wf cmd="ignore" pos="CC">And</wf>
<wf cmd="tag" pos="JJ">fourth</wf>
<punc>,</punc>
<wf cmd="ignore" pos="EX">there</wf>
<wf cmd="done" pos="VB" ot="notag">were</wf>
<wf cmd="tag" pos="NNS">moderates</wf>
<wf cmd="ignore" pos="WP">who</wf>
<wf cmd="done" pos="VB" lemma="be" wnsn="1" lexsn="2:42:03::">were</wf>
<wf cmd="ignore" pos="IN">in</wf>
<wf cmd="ignore" pos="DT">no</wf>
<wf cmd="tag" pos="NN">hurry</wf>
<wf cmd="ignore" pos="IN">for</wf>
<wf cmd="tag" pos="NN">independence</wf>
<wf cmd="ignore" pos="CC">and</wf>
<wf cmd="done" pos="VB" lemma="wish" wnsn="2" lexsn="2:37:02::">wished</wf>
<wf cmd="done" pos="VB" ot="notag">to</wf>
<wf cmd="done" pos="VB" lemma="wait" wnsn="2" lexsn="2:42:01::">wait</wf>
<wf cmd="ignore" pos="IN">until</wf>
<wf cmd="ignore" pos="DT">the</wf>
<wf cmd="tag" pos="NNP">Congo</wf>
<wf cmd="done" pos="VB" lemma="grow_up" wnsn="1" lexsn="2:41:00::">grew_up</wf>
<punc>.</punc>
</s>
<s snum="52">
<wf cmd="tag" pos="RB">However</wf>
<punc>,</punc>
<wf cmd="ignore" pos="DT">the</wf>
<wf cmd="tag" pos="NNS">positions</wf>
<wf cmd="ignore" pos="IN">of</wf>
<wf cmd="ignore" pos="DT">all</wf>
<wf cmd="tag" pos="NNS">parties</wf>
<wf cmd="ignore" pos="CC">and</wf>
<wf cmd="tag" pos="NNS">leaders</wf>
<wf cmd="done" pos="VBD" ot="notag">were</wf>
<wf cmd="tag" pos="RB">constantly</wf>
<wf cmd="done" pos="VB" lemma="shift" wnsn="1" lexsn="2:30:00::">shifting</wf>
<punc>.</punc>
</s>
</p>
<p pnum="9">
<s snum="53">
<wf cmd="ignore" pos="DT">A</wf>
<wf cmd="tag" pos="JJ">final</wf>
<wf cmd="tag" pos="NN">factor</wf>
<wf cmd="ignore" pos="WDT">which</wf>
<wf cmd="done" pos="VB" lemma="contribute" wnsn="1" lexsn="2:40:01::">contributed</wf>
<wf cmd="tag" pos="RB">greatly</wf>
<wf cmd="ignore" pos="TO">to</wf>
<wf cmd="ignore" pos="DT">the</wf>
<wf cmd="tag" pos="NN">fragmentation</wf>
<wf cmd="ignore" pos="IN">of</wf>
<wf cmd="ignore" pos="DT">the</wf>
<wf cmd="tag" pos="NNP">Congo</wf>
<punc>,</punc>
<wf cmd="tag" pos="RB">immediately</wf>
<wf cmd="ignore" pos="IN">after</wf>
<wf cmd="tag" pos="NN">independence</wf>
<punc>,</punc>
<wf cmd="done" pos="VB" lemma="be" wnsn="2" lexsn="2:42:06::">was</wf>
<wf cmd="ignore" pos="DT">the</wf>
<wf cmd="tag" pos="JJ">provincial</wf>
<wf cmd="tag" pos="NN">structure</wf>
<wf cmd="ignore" pos="WDT">that</wf>
<wf cmd="done" pos="VBD" ot="notag">had</wf>
<wf cmd="done" pos="VBN" ot="notag">been</wf>
<wf cmd="done" pos="VB" lemma="establish" wnsn="4" lexsn="2:31:02::">established</wf>
<wf cmd="ignore" pos="IN">by</wf>
<wf cmd="ignore" pos="DT">the</wf>
<wf cmd="tag" pos="NNPS">Belgians</wf>
<wf cmd="ignore" pos="IN">for</wf>
<wf cmd="tag" pos="NN">convenience</wf>
<wf cmd="ignore" pos="IN">in</wf>
<wf cmd="tag" pos="NN">administration</wf>
<punc>.</punc>
</s>
<s snum="54">
<wf cmd="ignore" pos="PRP">They</wf>
<wf cmd="done" pos="VBD" ot="notag">had</wf>
<wf cmd="done" pos="VB" lemma="divide" wnsn="1" lexsn="2:41:00::">divided</wf>
<wf cmd="ignore" pos="DT">the</wf>
<wf cmd="tag" pos="NNP">Congo</wf>
<wf cmd="ignore" pos="IN">into</wf>
<wf cmd="tag" pos="CD">six</wf>
<wf cmd="tag" pos="NNS">provinces</wf>
<punc>-</punc>
<wf cmd="tag" pos="NNP">Leopoldville</wf>
<punc>,</punc>
<wf cmd="tag" pos="NNP">Kasai</wf>
<punc>,</punc>
<wf cmd="tag" pos="NNP">Kivu</wf>
<punc>,</punc>
<wf cmd="tag" pos="NNP">Katanga</wf>
<punc>,</punc>
<wf cmd="tag" pos="NNP">Equator</wf>
<wf cmd="ignore" pos="CC">and</wf>
<wf cmd="tag" pos="NNP">Eastern</wf>
<punc>-</punc>
<wf cmd="tag" pos="RB">unfortunately</wf>
<wf cmd="ignore" pos="IN">with</wf>
<wf cmd="tag" pos="JJ">little</wf>
<wf cmd="tag" pos="NN">regard</wf>
<wf cmd="ignore" pos="IN">for</wf>
<wf cmd="tag" pos="JJ">ethnic</wf>
<wf cmd="tag" pos="NNS">groupings</wf>
<punc>.</punc>
</s>
<s snum="55">
<wf cmd="tag" pos="RB">Thus</wf>
<wf cmd="ignore" pos="DT">some</wf>
<wf cmd="tag" pos="NNS">provinces</wf>
<wf cmd="done" pos="VB" lemma="contain" wnsn="1" lexsn="2:42:00::">contained</wf>
<wf cmd="tag" pos="NNS">tribes</wf>
<wf cmd="ignore" pos="WDT">which</wf>
<wf cmd="done" pos="VB" lemma="detest" wnsn="1" lexsn="2:37:00::">detested</wf>
<wf cmd="ignore" pos="DT">each</wf>
<wf cmd="tag" pos="JJ">other</wf>
<punc>,</punc>
<wf cmd="ignore" pos="CC">and</wf>
<wf cmd="ignore" pos="TO">to</wf>
<wf cmd="ignore" pos="PRP">them</wf>
<wf cmd="tag" pos="NN">independence</wf>
<wf cmd="done" pos="VB" lemma="mean" wnsn="3" lexsn="2:32:03::">meant</wf>
<wf cmd="ignore" pos="DT">an</wf>
<wf cmd="tag" pos="NN">opportunity</wf>
<wf cmd="ignore" pos="IN">for</wf>
<wf cmd="tag" pos="NN">war</wf>
<punc>.</punc>
</s>
</p>
<p pnum="10">
<s snum="56">
<wf cmd="ignore" pos="DT">The</wf>
<wf cmd="tag" pos="NN">Belgian_Congo</wf>
<wf cmd="done" pos="VBD" ot="notag">was</wf>
<wf cmd="done" pos="VB" lemma="grant" wnsn="4" lexsn="2:40:00::">granted</wf>
<wf cmd="ignore" pos="PRP$">its</wf>
<wf cmd="tag" pos="NN">independence</wf>
<wf cmd="ignore" pos="IN">with</wf>
<wf cmd="ignore" pos="WP">what</wf>
<wf cmd="done" pos="VB" lemma="seem" wnsn="1" lexsn="2:39:00::">seemed</wf>
<wf cmd="ignore" pos="DT">a</wf>
<wf cmd="tag" pos="JJ">workable</wf>
<wf cmd="tag" pos="JJ">Western-style</wf>
<wf cmd="tag" pos="NN">form_of_government</wf>
<punc>:</punc>
</s>
<s snum="57">
<wf cmd="ignore" pos="EX">there</wf>
<wf cmd="done" pos="VBD" ot="notag">were</wf>
<wf cmd="ignore" pos="TO">to</wf>
<wf cmd="done" pos="VB" ot="notag">be</wf>
<wf cmd="ignore" pos="DT">a</wf>
<wf cmd="tag" pos="NN">president</wf>
<wf cmd="ignore" pos="CC">and</wf>
<wf cmd="ignore" pos="DT">a</wf>
<wf cmd="tag" pos="NN">premier</wf>
<punc>,</punc>
<wf cmd="ignore" pos="CC">and</wf>
<wf cmd="ignore" pos="DT">a</wf>
<wf cmd="tag" pos="JJ">bicameral</wf>
<wf cmd="tag" pos="NN">legislature</wf>
<wf cmd="done" pos="VB" lemma="elect" wnsn="1" lexsn="2:41:00::">elected</wf>
<wf cmd="ignore" pos="IN">by</wf>
<wf cmd="tag" pos="JJ">universal</wf>
<wf cmd="tag" pos="NN">suffrage</wf>
<wf cmd="ignore" pos="IN">in</wf>
<wf cmd="ignore" pos="DT">the</wf>
<wf cmd="tag" pos="NNS">provinces</wf>
<punc>.</punc>
</s>
<s snum="58">
<wf cmd="tag" pos="NNS">Well-wishers</wf>
<wf cmd="ignore" pos="IN">around</wf>
<wf cmd="ignore" pos="DT">the</wf>
<wf cmd="tag" pos="NN">world</wf>
<wf cmd="done" pos="VB" lemma="hope" wnsn="2" lexsn="2:37:00::">hoped</wf>
<wf cmd="ignore" pos="IN">that</wf>
<wf cmd="ignore" pos="DT">the</wf>
<wf cmd="tag" pos="NNP">Congo</wf>
<wf cmd="ignore" pos="MD">would</wf>
<wf cmd="tag" pos="RB">quickly</wf>
<wf cmd="done" pos="VB" lemma="assume" wnsn="2" lexsn="2:41:00::">assume</wf>
<wf cmd="ignore" pos="DT">a</wf>
<wf cmd="tag" pos="JJ">respectable</wf>
<wf cmd="tag" pos="NN">position</wf>
<wf cmd="ignore" pos="IN">in</wf>
<wf cmd="ignore" pos="DT">the</wf>
<wf cmd="tag" pos="NN">society</wf>
<wf cmd="ignore" pos="IN">of</wf>
<wf cmd="tag" pos="NNS">nations</wf>
<punc>.</punc>
</s>
<s snum="59">
<wf cmd="ignore" pos="IN">If</wf>
<wf cmd="tag" pos="JJ">internal</wf>
<wf cmd="tag" pos="NNS">frictions</wf>
<wf cmd="done" pos="VB" lemma="arise" wnsn="1" lexsn="2:42:00::">arose</wf>
<punc>,</punc>
<wf cmd="ignore" pos="PRP">they</wf>
<wf cmd="ignore" pos="MD">could</wf>
<wf cmd="done" pos="VB" ot="notag">be</wf>
<wf cmd="done" pos="VB" lemma="handle" wnsn="1" lexsn="2:41:00::">handled</wf>
<wf cmd="ignore" pos="IN">by</wf>
<wf cmd="ignore" pos="DT">the</wf>
<wf cmd="tag" pos="CD">25000</wf>
<punc>-</punc>
<wf cmd="tag" pos="NN">man</wf>
<wf cmd="tag" pos="NNP">Congolese</wf>
<wf cmd="tag" pos="NN">army</wf>
<punc>,</punc>
<wf cmd="ignore" pos="DT">the</wf>
<wf cmd="tag" pos="NNP">Force_Publique</wf>
<punc>,</punc>
<wf cmd="ignore" pos="WDT">which</wf>
<wf cmd="done" pos="VBD" ot="notag">had</wf>
<wf cmd="done" pos="VBN" ot="notag">been</wf>
<wf cmd="done" pos="VB" lemma="train" wnsn="1" lexsn="2:31:01::">trained</wf>
<wf cmd="ignore" pos="CC">and</wf>
<wf cmd="done" pos="VBD" ot="notag">was</wf>
<wf cmd="tag" pos="RB">still</wf>
<wf cmd="done" pos="VB" lemma="officer" wnsn="1" lexsn="2:32:00::">officered</wf>
<wf cmd="ignore" pos="IN">by</wf>
<wf cmd="tag" pos="JJ">white</wf>
<wf cmd="tag" pos="NNPS">Belgians</wf>
<punc>.</punc>
</s>
<s snum="60">
<wf cmd="ignore" pos="DT">The</wf>
<wf cmd="tag" pos="NN">president</wf>
<punc>,</punc>
<wf cmd="tag" pos="NNP">Joseph_Kasavubu</wf>
<punc>,</punc>
<wf cmd="done" pos="VB" lemma="seem" wnsn="1" lexsn="2:39:00::">seemed</wf>
<wf cmd="ignore" pos="DT">an</wf>
<wf cmd="tag" pos="JJ">able</wf>
<wf cmd="tag" pos="NN">administrator</wf>
<wf cmd="ignore" pos="CC">and</wf>
<wf cmd="ignore" pos="DT">the</wf>
<wf cmd="tag" pos="NN">premier</wf>
<punc>,</punc>
<wf cmd="tag" pos="NNP">Patrice_Lumumba</wf>
<punc>,</punc>
<wf cmd="ignore" pos="DT">a</wf>
<wf cmd="tag" pos="JJ">reasonable</wf>
<wf cmd="tag" pos="NN">man</wf>
<punc>.</punc>
</s>
</p>
<p pnum="11">
<s snum="61">
<wf cmd="tag" pos="NN">Twenty-four_hours</wf>
<wf cmd="ignore" pos="IN">after</wf>
<wf cmd="tag" pos="NN">independence</wf>
<wf cmd="ignore" pos="DT">the</wf>
<wf cmd="tag" pos="JJ">wild</wf>
<wf cmd="tag" pos="NNS">tribesmen</wf>
<wf cmd="done" pos="VB" lemma="commence" wnsn="2" lexsn="2:30:01::">commenced</wf>
<wf cmd="done" pos="VB" lemma="fight" wnsn="1" lexsn="2:33:00::">fighting</wf>
<wf cmd="ignore" pos="DT">each</wf>
<wf cmd="tag" pos="NN">other</wf>
<punc>.</punc>
</s>
<s snum="62">
<wf cmd="tag" pos="RB">Presently</wf>
<wf cmd="ignore" pos="DT">the</wf>
<wf cmd="tag" pos="JJ">well-armed</wf>
<wf cmd="tag" pos="NNS">members</wf>
<wf cmd="ignore" pos="IN">of</wf>
<wf cmd="ignore" pos="DT">the</wf>
<wf cmd="tag" pos="NNP">Force_Publique</wf>
<punc>-</punc>
<wf cmd="tag" pos="JJ">many_of</wf>
<wf cmd="ignore" pos="PRP">them</wf>
<wf cmd="done" pos="VB" lemma="draw" wnsn="9" lexsn="2:31:13::">drawn</wf>
<wf cmd="done" pos="VB" ot="notag">from</wf>
<wf cmd="tag" pos="JJ">savage</wf>
<wf cmd="ignore" pos="CC">and</wf>
<wf cmd="tag" pos="RB">even</wf>
<wf cmd="tag" pos="JJ">cannibalistic</wf>
<wf cmd="tag" pos="NNS">tribes</wf>
<punc>,</punc>
<wf cmd="done" pos="VB" lemma="erupt" wnsn="1" lexsn="2:30:01::">erupted</wf>
<wf cmd="ignore" pos="IN">in</wf>
<wf cmd="tag" pos="NN">mutiny</wf>
<punc>,</punc>
<wf cmd="tag" pos="NN">rioting</wf>
<punc>,</punc>
<wf cmd="tag" pos="NN">raping</wf>
<wf cmd="ignore" pos="CC">and</wf>
<wf cmd="tag" pos="NN">looting</wf>
<punc>.</punc>
</s>
<s snum="63">
<wf cmd="tag" pos="NN">Terror</wf>
<wf cmd="done" pos="VB" lemma="engulf" wnsn="1" lexsn="2:31:00::">engulfed</wf>
<wf cmd="ignore" pos="DT">the</wf>
<wf cmd="tag" pos="NNS">thousands</wf>
<wf cmd="ignore" pos="IN">of</wf>
<wf cmd="tag" pos="JJ">Belgian</wf>
<wf cmd="tag" pos="NNS">civilians</wf>
<wf cmd="ignore" pos="WP">who</wf>
<wf cmd="done" pos="VBD" ot="notag">had</wf>
<wf cmd="done" pos="VB" lemma="remain" wnsn="2" lexsn="2:42:03::">remained</wf>
<wf cmd="ignore" pos="IN">in</wf>
<wf cmd="ignore" pos="DT">the</wf>
<wf cmd="tag" pos="NN">country</wf>
<punc>.</punc>
</s>
<s snum="64">
<wf cmd="ignore" pos="DT">The</wf>
<wf cmd="tag" pos="JJ">Belgian</wf>
<wf cmd="tag" pos="NN">government</wf>
<wf cmd="done" pos="VB" lemma="decide" wnsn="1" lexsn="2:31:00::">decided</wf>
<wf cmd="ignore" pos="TO">to</wf>
<wf cmd="done" pos="VB" lemma="act" wnsn="1" lexsn="2:41:00::">act</wf>
<punc>,</punc>
<wf cmd="ignore" pos="CC">and</wf>
<wf cmd="ignore" pos="IN">on</wf>
<wf cmd="tag" pos="NNP">July</wf>
<wf cmd="tag" pos="CD">10</wf>
<wf cmd="done" pos="VB" lemma="dispatch" wnsn="1" lexsn="2:38:00::">dispatched</wf>
<wf cmd="tag" pos="NNS">paratroops</wf>
<wf cmd="ignore" pos="TO">to</wf>
<wf cmd="ignore" pos="DT">the</wf>
<wf cmd="tag" pos="NNP">Congo</wf>
<punc>.</punc>
</s>
<s snum="65">
<wf cmd="ignore" pos="IN">On</wf>
<wf cmd="tag" pos="NNP">July</wf>
<wf cmd="tag" pos="CD">11</wf>
<wf cmd="ignore" pos="DT">the</wf>
<wf cmd="tag" pos="NN">head</wf>
<wf cmd="ignore" pos="IN">of</wf>
<wf cmd="ignore" pos="DT">the</wf>
<wf cmd="tag" pos="JJ">mineral-rich</wf>
<wf cmd="tag" pos="NN">province</wf>
<wf cmd="ignore" pos="IN">of</wf>
<wf cmd="tag" pos="NNP">Katanga</wf>
<punc>,</punc>
<wf cmd="tag" pos="NNP">Moise_Tshombe</wf>
<punc>,</punc>
<wf cmd="done" pos="VB" lemma="announce" wnsn="1" lexsn="2:32:00::">announced</wf>
<wf cmd="ignore" pos="IN">that</wf>
<wf cmd="ignore" pos="PRP$">his</wf>
<wf cmd="tag" pos="NN">province</wf>
<wf cmd="done" pos="VBD" ot="notag">had</wf>
<wf cmd="done" pos="VB" lemma="secede" wnsn="1" lexsn="2:41:00::">seceded</wf>
<wf cmd="ignore" pos="IN">from</wf>
<wf cmd="ignore" pos="DT">the</wf>
<wf cmd="tag" pos="NN">country</wf>
<punc>.</punc>
</s>
<s snum="66">
<wf cmd="tag" pos="NN">Confusion</wf>
<wf cmd="done" pos="VB" lemma="become" wnsn="2" lexsn="2:42:01::">became</wf>
<wf cmd="tag" pos="NN">chaos</wf>
<punc>;</punc>
<wf cmd="ignore" pos="DT">each</wf>
<wf cmd="tag" pos="JJ">succeeding</wf>
<wf cmd="tag" pos="NN">day</wf>
<wf cmd="done" pos="VB" lemma="bring" wnsn="3" lexsn="2:36:00::">brought</wf>
<wf cmd="tag" pos="JJ">new</wf>
<wf cmd="tag" pos="NNS">acts</wf>
<wf cmd="ignore" pos="IN">of</wf>
<wf cmd="tag" pos="NN">violence</wf>
<punc>.</punc>
</s>
<s snum="67">
<wf cmd="tag" pos="NNP">Lumumba</wf>
<wf cmd="ignore" pos="CC">and</wf>
<wf cmd="tag" pos="NNP">Kasavubu</wf>
<wf cmd="done" pos="VB" lemma="blame" wnsn="1" lexsn="2:32:00::">blamed</wf>
<wf cmd="ignore" pos="PRP">it</wf>
<wf cmd="ignore" pos="DT">all</wf>
<wf cmd="ignore" pos="IN">on</wf>
<wf cmd="ignore" pos="DT">the</wf>
<wf cmd="tag" pos="JJ">military</wf>
<wf cmd="tag" pos="NN">intervention</wf>
<wf cmd="ignore" pos="IN">by</wf>
<wf cmd="ignore" pos="DT">the</wf>
<wf cmd="tag" pos="NNPS">Belgians</wf>
<punc>,</punc>
<wf cmd="ignore" pos="CC">and</wf>
<wf cmd="done" pos="VB" lemma="appeal_to" wnsn="0" lexsn="2:32:00::">appealed_to</wf>
<wf cmd="ignore" pos="DT">the</wf>
<wf cmd="tag" pos="NN">United_Nations</wf>
<wf cmd="ignore" pos="TO">to</wf>
<wf cmd="done" pos="VB" lemma="send" wnsn="4" lexsn="2:38:00::">send</wf>
<wf cmd="tag" pos="NNS">troops</wf>
<wf cmd="ignore" pos="TO">to</wf>
<wf cmd="done" pos="VB" lemma="oust" wnsn="1" lexsn="2:41:00::">oust</wf>
<wf cmd="ignore" pos="PRP">them</wf>
<punc>.</punc>
</s>
</p>
<p pnum="12">
<s snum="68">
<wf cmd="ignore" pos="IN">On</wf>
<wf cmd="tag" pos="NN">July_14</wf>
<wf cmd="ignore" pos="DT">the</wf>
<wf cmd="tag" pos="NN">Security_Council</wf>
<punc>-</punc>
<wf cmd="ignore" pos="IN">with</wf>
<wf cmd="tag" pos="NNP">France</wf>
<wf cmd="ignore" pos="CC">and</wf>
<wf cmd="tag" pos="NN">Great_Britain</wf>
<wf cmd="done" pos="VB" lemma="abstain" wnsn="1" lexsn="2:41:00::">abstaining</wf>
<punc>-</punc>
<wf cmd="done" pos="VB" lemma="vote" wnsn="2" lexsn="2:41:10::">voted</wf>
<wf cmd="ignore" pos="DT">the</wf>
<wf cmd="tag" pos="NN">resolution</wf>
<wf cmd="ignore" pos="WDT">which</wf>
<wf cmd="done" pos="VB" lemma="draw" wnsn="1" lexsn="2:35:03::">drew</wf>
<wf cmd="ignore" pos="DT">the</wf>
<wf cmd="tag" pos="NNP">U._N.</wf>
<wf cmd="ignore" pos="IN">into</wf>
<wf cmd="ignore" pos="DT">the</wf>
<wf cmd="tag" pos="NNP">Congo</wf>
<punc>.</punc>
</s>
<s snum="69">
<wf cmd="tag" pos="JJ">Vague</wf>
<wf cmd="ignore" pos="IN">in</wf>
<wf cmd="tag" pos="NN">wording</wf>
<punc>,</punc>
<wf cmd="ignore" pos="PRP">it</wf>
<wf cmd="done" pos="VB" lemma="call_for" wnsn="2" lexsn="2:42:00::">called_for</wf>
<wf cmd="tag" pos="NN">withdrawal</wf>
<wf cmd="ignore" pos="IN">of</wf>
<wf cmd="tag" pos="JJ">Belgian</wf>
<wf cmd="tag" pos="NNS">troops</wf>
<wf cmd="ignore" pos="CC">and</wf>
<wf cmd="done" pos="VB" lemma="authorize" wnsn="1" lexsn="2:32:00::">authorized</wf>
<wf cmd="ignore" pos="DT">the</wf>
<wf cmd="tag" pos="NNP">Secretary-General</wf>
<punc>``</punc>
<wf cmd="ignore" pos="TO">to</wf>
<wf cmd="done" pos="VB" lemma="take" wnsn="1" lexsn="2:41:04::">take</wf>
<wf cmd="ignore" pos="DT">the</wf>
<wf cmd="tag" pos="JJ">necessary</wf>
<wf cmd="tag" pos="NNS">steps</wf>
<wf cmd="ignore" pos="TO">to</wf>
<wf cmd="done" pos="VB" lemma="provide" wnsn="1" lexsn="2:40:00::">provide</wf>
<wf cmd="ignore" pos="DT">the</wf>
<punc>[</punc>
<wf cmd="tag" pos="NNP">Congolese</wf>
<punc>]</punc>
<wf cmd="tag" pos="NNP">Government</wf>
<wf cmd="ignore" pos="IN">with</wf>
<wf cmd="tag" pos="JJ">such</wf>
<wf cmd="tag" pos="JJ">military</wf>
<wf cmd="tag" pos="NN">assistance</wf>
<wf cmd="ignore" pos="IN">as</wf>
<wf cmd="ignore" pos="MD">may</wf>
<wf cmd="done" pos="VB" lemma="be" wnsn="1" lexsn="2:42:03::">be</wf>
<wf cmd="tag" pos="JJ">necessary</wf>
<punc>,</punc>
<wf cmd="ignore" pos="IN">until</wf>
<punc>,</punc>
<wf cmd="ignore" pos="IN">through</wf>
<wf cmd="ignore" pos="DT">the</wf>
<wf cmd="tag" pos="NNS">efforts</wf>
<wf cmd="ignore" pos="IN">of</wf>
<wf cmd="ignore" pos="DT">the</wf>
<wf cmd="tag" pos="NNP">Congolese_Government</wf>
<wf cmd="ignore" pos="IN">with</wf>
<wf cmd="ignore" pos="DT">the</wf>
<wf cmd="tag" pos="JJ">technical</wf>
<wf cmd="tag" pos="NN">assistance</wf>
<wf cmd="ignore" pos="IN">of</wf>
<wf cmd="ignore" pos="DT">the</wf>
<wf cmd="tag" pos="NN">United_Nations</wf>
<punc>,</punc>
<wf cmd="ignore" pos="DT">the</wf>
<wf cmd="tag" pos="JJ">national</wf>
<wf cmd="tag" pos="NN">security_forces</wf>
<wf cmd="ignore" pos="MD">may</wf>
<wf cmd="done" pos="VB" lemma="be" wnsn="1" lexsn="2:42:03::">be</wf>
<wf cmd="tag" pos="JJ">able</wf>
<punc>,</punc>
<wf cmd="ignore" pos="IN">in</wf>
<wf cmd="ignore" pos="DT">the</wf>
<wf cmd="tag" pos="NN">opinion</wf>
<wf cmd="ignore" pos="IN">of</wf>
<wf cmd="ignore" pos="DT">the</wf>
<wf cmd="tag" pos="NNP">Government</wf>
<punc>,</punc>
<wf cmd="ignore" pos="TO">to</wf>
<wf cmd="done" pos="VB" lemma="meet" wnsn="4" lexsn="2:34:00::">meet</wf>
<wf cmd="tag" pos="RB">fully</wf>
<wf cmd="ignore" pos="PRP$">their</wf>
<wf cmd="tag" pos="NNS">tasks</wf>
<punc>''</punc>
<punc>.</punc>
</s>
</p>
<p pnum="13">
<s snum="70">
<wf cmd="tag" pos="NNP">Secretary-General_Hammarskjo</wf>
<wf cmd="tag" pos="NN">^</wf>
<wf cmd="tag" pos="NN">ld</wf>
<wf cmd="done" pos="VB" lemma="decide" wnsn="1" lexsn="2:31:00::">decided</wf>
<wf cmd="ignore" pos="IN">that</wf>
<wf cmd="ignore" pos="PRP">it</wf>
<wf cmd="ignore" pos="MD">would</wf>
<wf cmd="done" pos="VB" lemma="be" wnsn="1" lexsn="2:42:03::">be</wf>
<wf cmd="tag" pos="JJ">preferable</wf>
<wf cmd="ignore" pos="IN">if</wf>
<wf cmd="ignore" pos="DT">the</wf>
<wf cmd="tag" pos="NNP">U._N.</wf>
<wf cmd="tag" pos="NNS">troops</wf>
<wf cmd="done" pos="VB" lemma="send" wnsn="4" lexsn="2:38:00::">sent</wf>
<wf cmd="ignore" pos="IN">into</wf>
<wf cmd="ignore" pos="DT">the</wf>
<wf cmd="tag" pos="NNP">Congo</wf>
<wf cmd="done" pos="VBD" ot="notag">were</wf>
<wf cmd="ignore" pos="TO">to</wf>
<wf cmd="done" pos="VB" lemma="come" wnsn="5" lexsn="2:42:04::">come</wf>
<wf cmd="done" pos="VB" ot="notag">from</wf>
<wf cmd="tag" pos="JJ">African</wf>
<punc>,</punc>
<wf cmd="ignore" pos="CC">or</wf>
<wf cmd="tag" pos="RB">at_least</wf>
<wf cmd="tag" pos="JJ">nonwhite</wf>
<punc>,</punc>
<wf cmd="tag" pos="NNS">nations</wf>
<punc>-</punc>
<wf cmd="tag" pos="RB">certainly</wf>
<wf cmd="tag" pos="RB">not</wf>
<wf cmd="ignore" pos="IN">from</wf>
<wf cmd="ignore" pos="DT">the</wf>
<wf cmd="tag" pos="NNP">U._S.</wf>
<punc>,</punc>
<wf cmd="tag" pos="NNP">Russia</wf>
<punc>,</punc>
<wf cmd="tag" pos="NN">Great_Britain</wf>
<wf cmd="ignore" pos="CC">or</wf>
<wf cmd="tag" pos="NNP">France</wf>
<punc>.</punc>
</s>
<s snum="71">
<wf cmd="ignore" pos="PRP">He</wf>
<wf cmd="tag" pos="RB">quickly</wf>
<wf cmd="done" pos="VB" lemma="call_on" wnsn="1" lexsn="2:32:00::">called_on</wf>
<wf cmd="tag" pos="NNP">Ghana</wf>
<punc>,</punc>
<wf cmd="tag" pos="NNP">Tunisia</wf>
<punc>,</punc>
<wf cmd="tag" pos="NNP">Morocco</wf>
<punc>,</punc>
<wf cmd="tag" pos="NNP">Guinea</wf>
<wf cmd="ignore" pos="CC">and</wf>
<wf cmd="tag" pos="NNP">Mali</wf>
<punc>,</punc>
<wf cmd="ignore" pos="WDT">which</wf>
<wf cmd="done" pos="VB" lemma="dispatch" wnsn="1" lexsn="2:38:00::">dispatched</wf>
<wf cmd="tag" pos="NNS">troops</wf>
<wf cmd="ignore" pos="IN">within</wf>
<wf cmd="tag" pos="NNS">hours</wf>
<punc>.</punc>
</s>
<s snum="72">
<wf cmd="tag" pos="RB">Ultimately</wf>
<wf cmd="ignore" pos="DT">the</wf>
<wf cmd="tag" pos="NNP">U._N.</wf>
<wf cmd="tag" pos="NN">army</wf>
<wf cmd="ignore" pos="IN">in</wf>
<wf cmd="ignore" pos="DT">the</wf>
<wf cmd="tag" pos="NNP">Congo</wf>
<wf cmd="done" pos="VB" lemma="reach" wnsn="5" lexsn="2:41:00::">reached</wf>
<wf cmd="ignore" pos="DT">a</wf>
<wf cmd="tag" pos="JJ">top</wf>
<wf cmd="tag" pos="NN">strength</wf>
<wf cmd="ignore" pos="IN">of</wf>
<wf cmd="tag" pos="CD">19000</wf>
<punc>,</punc>
<wf cmd="done" pos="VB" lemma="include" wnsn="1" lexsn="2:42:00::">including</wf>
<wf cmd="ignore" pos="IN">about</wf>
<wf cmd="tag" pos="CD">5000</wf>
<wf cmd="ignore" pos="IN">from</wf>
<wf cmd="tag" pos="NNP">India</wf>
<wf cmd="ignore" pos="CC">and</wf>
<wf cmd="tag" pos="JJ">a_few</wf>
<wf cmd="tag" pos="NNS">soldiers</wf>
<wf cmd="ignore" pos="IN">from</wf>
<wf cmd="tag" pos="NNP">Eire</wf>
<wf cmd="ignore" pos="CC">and</wf>
<wf cmd="tag" pos="NNP">Sweden</wf>
<punc>,</punc>
<wf cmd="ignore" pos="WP">who</wf>
<wf cmd="done" pos="VB" lemma="be" wnsn="1" lexsn="2:42:03::">were</wf>
<wf cmd="ignore" pos="DT">the</wf>
<wf cmd="tag" pos="JJ">only</wf>
<wf cmd="tag" pos="NNS">whites</wf>
<punc>.</punc>
</s>
</p>
<p pnum="14">
<s snum="73">
<wf cmd="ignore" pos="PRP">It</wf>
<wf cmd="done" pos="VB" lemma="take" wnsn="2" lexsn="2:40:06::">took</wf>
<wf cmd="ignore" pos="DT">the</wf>
<wf cmd="tag" pos="NNP">U._N.</wf>
<wf cmd="tag" pos="CD">three</wf>
<wf cmd="tag" pos="NNS">months</wf>
<wf cmd="ignore" pos="TO">to</wf>
<wf cmd="done" pos="VB" lemma="bring" wnsn="1" lexsn="2:38:00::">bring</wf>
<wf cmd="ignore" pos="DT">a</wf>
<wf cmd="tag" pos="JJ">modest</wf>
<wf cmd="tag" pos="NN">form</wf>
<wf cmd="ignore" pos="IN">of</wf>
<wf cmd="tag" pos="NN">order</wf>
<wf cmd="ignore" pos="TO">to</wf>
<wf cmd="ignore" pos="DT">the</wf>
<wf cmd="tag" pos="NNP">Congo</wf>
<punc>.</punc>
</s>
<s snum="74">
<wf cmd="ignore" pos="DT">The</wf>
<wf cmd="tag" pos="NNPS">Belgians</wf>
<wf cmd="done" pos="VB" lemma="be" wnsn="1" lexsn="2:42:03::">were</wf>
<wf cmd="tag" pos="JJ">reluctant</wf>
<wf cmd="ignore" pos="TO">to</wf>
<wf cmd="done" pos="VB" lemma="withdraw" wnsn="4" lexsn="2:40:01::">withdraw</wf>
<wf cmd="ignore" pos="PRP$">their</wf>
<wf cmd="tag" pos="NNS">troops</wf>
<wf cmd="ignore" pos="CC">and</wf>
<wf cmd="tag" pos="RB">often</wf>
<wf cmd="done" pos="VB" lemma="obstruct" wnsn="1" lexsn="2:41:00::">obstructed</wf>
<wf cmd="tag" pos="NNP">U._N.</wf>
<wf cmd="tag" pos="NNS">efforts</wf>
<punc>.</punc>
</s>
<s snum="75">
<wf cmd="ignore" pos="DT">The</wf>
<wf cmd="tag" pos="RB">wildly</wf>
<wf cmd="tag" pos="JJ">erratic</wf>
<wf cmd="tag" pos="NN">nature</wf>
<wf cmd="ignore" pos="IN">of</wf>
<wf cmd="tag" pos="NNP">Patrice_Lumumba</wf>
<wf cmd="done" pos="VB" lemma="cause" wnsn="1" lexsn="2:36:00::">caused</wf>
<wf cmd="tag" pos="JJ">constant</wf>
<wf cmd="tag" pos="NNS">problems</wf>
<punc>-</punc>
<wf cmd="ignore" pos="PRP">he</wf>
<wf cmd="tag" pos="RB">frequently</wf>
<wf cmd="done" pos="VB" lemma="announce" wnsn="1" lexsn="2:32:00::">announced</wf>
<wf cmd="ignore" pos="IN">that</wf>
<wf cmd="ignore" pos="PRP">he</wf>
<wf cmd="done" pos="VB" lemma="want" wnsn="1" lexsn="2:37:00::">wanted</wf>
<wf cmd="ignore" pos="DT">the</wf>
<wf cmd="tag" pos="NNP">U._N.</wf>
<wf cmd="ignore" pos="TO">to</wf>
<wf cmd="done" pos="VB" lemma="get_out" wnsn="1" lexsn="2:38:01::">get_out</wf>
<wf cmd="ignore" pos="IN">of</wf>
<wf cmd="ignore" pos="DT">the</wf>
<wf cmd="tag" pos="NNP">Congo</wf>
<wf cmd="ignore" pos="IN">along</wf>
<wf cmd="ignore" pos="IN">with</wf>
<wf cmd="ignore" pos="DT">the</wf>
<wf cmd="tag" pos="NNPS">Belgians</wf>
<punc>,</punc>
<wf cmd="ignore" pos="CC">and</wf>
<wf cmd="done" pos="VB" lemma="appeal_to" wnsn="0" lexsn="2:32:00::">appealed_to</wf>
<wf cmd="tag" pos="NNP">Russia</wf>
<wf cmd="ignore" pos="IN">for</wf>
<wf cmd="tag" pos="NN">help</wf>
<punc>.</punc>
</s>
<s snum="76">
<punc>(</punc>
<wf cmd="tag" pos="RB">However</wf>
<punc>,</punc>
<wf cmd="ignore" pos="EX">there</wf>
<wf cmd="done" pos="VB" ot="notag">is</wf>
<wf cmd="tag" pos="JJ">little</wf>
<wf cmd="tag" pos="NN">evidence</wf>
<wf cmd="ignore" pos="IN">that</wf>
<wf cmd="ignore" pos="DT">the</wf>
<wf cmd="tag" pos="JJ">late</wf>
<wf cmd="tag" pos="NNP">Lumumba</wf>
<wf cmd="done" pos="VB" lemma="be" wnsn="2" lexsn="2:42:06::">was</wf>
<wf cmd="ignore" pos="DT">a</wf>
<wf cmd="tag" pos="NNP">Communist</wf>
<punc>.</punc>
</s>
<s snum="77">
<wf cmd="ignore" pos="IN">Before</wf>
<wf cmd="done" pos="VB" lemma="appeal_to" wnsn="0" lexsn="2:32:00::">appealing_to</wf>
<wf cmd="ignore" pos="DT">the</wf>
<wf cmd="tag" pos="NNP">U._N.</wf>
<wf cmd="ignore" pos="CC">or</wf>
<wf cmd="ignore" pos="TO">to</wf>
<wf cmd="tag" pos="NNP">Russia</wf>
<punc>,</punc>
<wf cmd="ignore" pos="PRP">he</wf>
<wf cmd="tag" pos="JJ">first</wf>
<wf cmd="done" pos="VB" lemma="appeal_to" wnsn="0" lexsn="2:32:00::">appealed_to</wf>
<wf cmd="ignore" pos="DT">the</wf>
<wf cmd="tag" pos="NNP">U._S.</wf>
<wf cmd="ignore" pos="IN">for</wf>
<wf cmd="tag" pos="JJ">military</wf>
<wf cmd="tag" pos="NN">help</wf>
<punc>,</punc>
<wf cmd="ignore" pos="CC">and</wf>
<wf cmd="done" pos="VBD" ot="notag">was</wf>
<wf cmd="done" pos="VB" lemma="reject" wnsn="2" lexsn="2:40:00::">rejected</wf>
<punc>.</punc>
<punc>)</punc>
</s>
<s snum="78">
<wf cmd="tag" pos="NNP">Lumumba</wf>
<wf cmd="tag" pos="JJ">further</wf>
<wf cmd="done" pos="VB" lemma="complicate" wnsn="2" lexsn="2:30:01::">complicated</wf>
<wf cmd="ignore" pos="DT">the</wf>
<wf cmd="tag" pos="NNP">U.</wf>
<wf cmd="tag" pos="NN">N</wf>
<punc>.</punc>
<wf cmd="ignore" pos="POS">'s</wf>
<wf cmd="tag" pos="NN">mission</wf>
<wf cmd="ignore" pos="IN">by</wf>
<wf cmd="done" pos="VB" lemma="initiate" wnsn="1" lexsn="2:36:01::">initiating</wf>
<wf cmd="tag" pos="JJ">small</wf>
<punc>``</punc>
<wf cmd="tag" pos="NNS">wars</wf>
<punc>''</punc>
<wf cmd="ignore" pos="IN">with</wf>
<wf cmd="ignore" pos="DT">the</wf>
<wf cmd="tag" pos="NN">secessionist</wf>
<wf cmd="tag" pos="NN">province</wf>
<wf cmd="ignore" pos="IN">of</wf>
<wf cmd="tag" pos="NNP">Katanga</wf>
<wf cmd="ignore" pos="CC">and</wf>
<wf cmd="ignore" pos="IN">with</wf>
<wf cmd="tag" pos="NNP">South_Kasai</wf>
<wf cmd="ignore" pos="WDT">which</wf>
<punc>,</punc>
<wf cmd="ignore" pos="IN">under</wf>
<wf cmd="tag" pos="NNP">Albert_Kalonji</wf>
<punc>,</punc>
<wf cmd="done" pos="VB" lemma="want" wnsn="1" lexsn="2:37:00::">wanted</wf>
<wf cmd="done" pos="VB" ot="notag">to</wf>
<wf cmd="done" pos="VB" lemma="secede" wnsn="1" lexsn="2:41:00::">secede</wf>
<wf cmd="tag" pos="RB">as_well</wf>
<punc>.</punc>
</s>
<s snum="79">
<wf cmd="tag" pos="RB">Meanwhile</wf>
<wf cmd="tag" pos="NNP">Russia</wf>
<wf cmd="done" pos="VB" lemma="take" wnsn="12" lexsn="2:41:00::">took</wf>
<wf cmd="ignore" pos="DT">every</wf>
<wf cmd="tag" pos="NN">opportunity</wf>
<wf cmd="ignore" pos="TO">to</wf>
<wf cmd="done" pos="VB" lemma="meddle" wnsn="1" lexsn="2:41:00::">meddle</wf>
<wf cmd="ignore" pos="IN">in</wf>
<wf cmd="ignore" pos="DT">the</wf>
<wf cmd="tag" pos="NNP">Congo</wf>
<punc>,</punc>
<wf cmd="done" pos="VB" lemma="send" wnsn="4" lexsn="2:38:00::">sending</wf>
<wf cmd="tag" pos="NNP">Lumumba</wf>
<wf cmd="tag" pos="NN">equipment</wf>
<wf cmd="ignore" pos="IN">for</wf>
<wf cmd="ignore" pos="PRP$">his</wf>
<punc>``</punc>
<wf cmd="tag" pos="NNS">wars</wf>
<punc>''</punc>
<punc>,</punc>
<wf cmd="done" pos="VB" lemma="dispatch" wnsn="1" lexsn="2:38:00::">dispatching</wf>
<punc>``</punc>
<wf cmd="tag" pos="NNS">technicians</wf>
<punc>''</punc>
<wf cmd="ignore" pos="CC">and</wf>
<wf cmd="tag" pos="RB">even</wf>
<wf cmd="done" pos="VB" lemma="threaten" wnsn="2" lexsn="2:32:00::">threatening</wf>
<punc>,</punc>
<wf cmd="tag" pos="RB">on_occasion</wf>
<punc>,</punc>
<wf cmd="ignore" pos="TO">to</wf>
<wf cmd="done" pos="VB" lemma="intervene" wnsn="1" lexsn="2:41:00::">intervene</wf>
<wf cmd="tag" pos="RB">openly</wf>
<punc>.</punc>
</s>
</p>
<p pnum="15">
<s snum="80">
<wf cmd="ignore" pos="CC">But</wf>
<wf cmd="ignore" pos="IN">by</wf>
<wf cmd="ignore" pos="DT">the</wf>
<wf cmd="tag" pos="NN">end</wf>
<wf cmd="ignore" pos="IN">of</wf>
<wf cmd="ignore" pos="DT">the</wf>
<wf cmd="tag" pos="JJ">three-month</wf>
<wf cmd="tag" pos="NN">period</wf>
<punc>,</punc>
<wf cmd="ignore" pos="IN">in</wf>
<wf cmd="tag" pos="NNP">October</wf>
<wf cmd="tag" pos="CD">1960</wf>
<punc>,</punc>
<wf cmd="tag" pos="NN">something</wf>
<wf cmd="done" pos="VB" lemma="approach" wnsn="2" lexsn="2:42:00::">approaching</wf>
<wf cmd="tag" pos="JJ">calm</wf>
<wf cmd="done" pos="VB" lemma="settle" wnsn="1" lexsn="2:38:01::">settled</wf>
<wf cmd="done" pos="VB" ot="notag">on</wf>
<wf cmd="ignore" pos="DT">the</wf>
<wf cmd="tag" pos="NNP">Congo</wf>
<punc>.</punc>
</s>
<s snum="81">
<wf cmd="tag" pos="NNP">President_Kasavubu</wf>
<wf cmd="done" pos="VB" lemma="become" wnsn="1" lexsn="2:30:00::">became</wf>
<wf cmd="tag" pos="JJ">exasperated</wf>
<wf cmd="ignore" pos="IN">with</wf>
<wf cmd="tag" pos="NNP">Lumumba</wf>
<wf cmd="ignore" pos="CC">and</wf>
<wf cmd="done" pos="VB" lemma="fire" wnsn="4" lexsn="2:41:00::">fired</wf>
<wf cmd="ignore" pos="PRP">him</wf>
<punc>.</punc>
</s>
<s snum="82">
<wf cmd="tag" pos="NNP">Lumumba</wf>
<wf cmd="done" pos="VB" lemma="fire" wnsn="4" lexsn="2:41:00::">fired</wf>
<wf cmd="tag" pos="NNP">Kasavubu</wf>
<punc>.</punc>
</s>
<s snum="83">
<wf cmd="tag" pos="NNP">Control</wf>
<wf cmd="ignore" pos="IN">of</wf>
<wf cmd="ignore" pos="DT">the</wf>
<wf cmd="tag" pos="NN">government</wf>
<punc>-</punc>
<wf cmd="tag" pos="JJ">such</wf>
<wf cmd="tag" pos="NN">control</wf>
<wf cmd="ignore" pos="IN">as</wf>
<wf cmd="ignore" pos="EX">there</wf>
<wf cmd="done" pos="VB" ot="notag">was</wf>
<wf cmd="ignore" pos="CC">and</wf>
<wf cmd="tag" pos="JJ">such</wf>
<wf cmd="tag" pos="NN">government</wf>
<wf cmd="ignore" pos="IN">as</wf>
<wf cmd="ignore" pos="EX">there</wf>
<wf cmd="done" pos="VB" ot="notag">was</wf>
<punc>-</punc>
<wf cmd="done" pos="VB" lemma="pass" wnsn="5" lexsn="2:40:00::">passed</wf>
<wf cmd="ignore" pos="IN">into</wf>
<wf cmd="ignore" pos="DT">the</wf>
<wf cmd="tag" pos="NNS">hands</wf>
<wf cmd="ignore" pos="IN">of</wf>
<wf cmd="tag" pos="NNP">Joseph_Mobutu</wf>
<punc>,</punc>
<wf cmd="tag" pos="NN">chief_of_staff</wf>
<wf cmd="ignore" pos="IN">of</wf>
<wf cmd="ignore" pos="DT">the</wf>
<wf cmd="tag" pos="NNP">Congolese</wf>
<wf cmd="tag" pos="NN">army</wf>
<punc>.</punc>
</s>
<s snum="84">
<wf cmd="tag" pos="NNP">Mobutu</wf>
<wf cmd="tag" pos="RB">promptly</wf>
<wf cmd="done" rdf="throw_out" pos="VB" lemma="throw_out" wnsn="1" lexsn="2:41:01::">flung_out</wf>
<wf cmd="ignore" pos="DT">the</wf>
<wf cmd="tag" pos="NNPS">Russians</wf>
<punc>,</punc>
<wf cmd="ignore" pos="WP">who</wf>
<wf cmd="done" pos="VBP" ot="notag">have</wf>
<wf cmd="tag" pos="RB">not</wf>
<wf cmd="ignore" pos="IN">since</wf>
<wf cmd="done" pos="VB" lemma="play" wnsn="2" lexsn="2:41:12::">played</wf>
<wf cmd="ignore" pos="DT">any</wf>
<wf cmd="tag" pos="JJ">significant</wf>
<wf cmd="tag" pos="NN">part</wf>
<wf cmd="ignore" pos="IN">on</wf>
<wf cmd="ignore" pos="DT">the</wf>
<wf cmd="tag" pos="JJ">local</wf>
<wf cmd="tag" pos="NN">scene</wf>
<punc>,</punc>
<wf cmd="ignore" pos="IN">although</wf>
<wf cmd="ignore" pos="PRP">they</wf>
<wf cmd="done" pos="VBP" ot="notag">have</wf>
<wf cmd="done" pos="VB" lemma="redouble" wnsn="1" lexsn="2:30:00::">redoubled</wf>
<wf cmd="ignore" pos="PRP$">their</wf>
<wf cmd="tag" pos="NN">obstructionist</wf>
<wf cmd="tag" pos="NNS">efforts</wf>
<wf cmd="ignore" pos="IN">at</wf>
<wf cmd="tag" pos="NNP">U._N.</wf>
<wf cmd="tag" pos="NN">headquarters</wf>
<wf cmd="ignore" pos="IN">in</wf>
<wf cmd="tag" pos="NN">New_York</wf>
<punc>.</punc>
</s>
<s snum="85">
<wf cmd="ignore" pos="DT">The</wf>
<wf cmd="tag" pos="NNPS">Belgians</wf>
<punc>-</punc>
<wf cmd="tag" pos="RB">at_least</wf>
<wf cmd="tag" pos="RB">officially</wf>
<punc>-</punc>
<wf cmd="done" pos="VB" lemma="depart" wnsn="1" lexsn="2:38:04::">departed</wf>
<wf cmd="ignore" pos="IN">from</wf>
<wf cmd="ignore" pos="DT">the</wf>
<wf cmd="tag" pos="NNP">Congo</wf>
<wf cmd="tag" pos="RB">as_well</wf>
<punc>,</punc>
<wf cmd="done" pos="VB" lemma="withdraw" wnsn="1" lexsn="2:38:00::">withdrawing</wf>
<wf cmd="tag" pos="JJ">all_of</wf>
<wf cmd="ignore" pos="PRP$">their</wf>
<wf cmd="tag" pos="JJ">uniformed</wf>
<wf cmd="tag" pos="NNS">troops</wf>
<punc>.</punc>
</s>
<s snum="86">
<wf cmd="ignore" pos="CC">But</wf>
<wf cmd="ignore" pos="PRP">they</wf>
<wf cmd="done" pos="VB" lemma="leave" wnsn="2" lexsn="2:31:05::">left</wf>
<wf cmd="tag" pos="RB">behind</wf>
<wf cmd="ignore" pos="PRP">them</wf>
<wf cmd="tag" pos="NN">large_numbers</wf>
<wf cmd="ignore" pos="IN">of</wf>
<wf cmd="tag" pos="NNS">officers</wf>
<punc>,</punc>
<wf cmd="tag" pos="RB">variously</wf>
<wf cmd="tag" pos="JJ">called</wf>
<punc>``</punc>
<wf cmd="tag" pos="NNS">volunteers</wf>
<punc>''</punc>
<wf cmd="ignore" pos="CC">or</wf>
<punc>``</punc>
<wf cmd="tag" pos="NNS">mercenaries</wf>
<punc>''</punc>
<punc>,</punc>
<wf cmd="ignore" pos="WP">who</wf>
<wf cmd="tag" pos="RB">now</wf>
<wf cmd="done" pos="VB" lemma="staff" wnsn="1" lexsn="2:33:00::">staff</wf>
<wf cmd="ignore" pos="DT">the</wf>
<wf cmd="tag" pos="NN">army</wf>
<wf cmd="ignore" pos="IN">of</wf>
<wf cmd="tag" pos="NNP">Moise_Tshombe</wf>
<wf cmd="ignore" pos="IN">in</wf>
<wf cmd="tag" pos="NNP">Katanga</wf>
<punc>,</punc>
<wf cmd="ignore" pos="DT">the</wf>
<wf cmd="tag" pos="JJ">seceded</wf>
<wf cmd="tag" pos="NN">province</wf>
<wf cmd="ignore" pos="WDT">which</wf>
<punc>,</punc>
<wf cmd="done" pos="VBG" ot="notag">according</wf>
<wf cmd="ignore" pos="TO">to</wf>
<wf cmd="tag" pos="NNP">Tshombe</wf>
<punc>,</punc>
<wf cmd="done" pos="VB" lemma="hold" wnsn="4" lexsn="2:40:00::">holds</wf>
<wf cmd="tag" pos="CD">65</wf>
<punc>%</punc>
<wf cmd="ignore" pos="IN">of</wf>
<wf cmd="ignore" pos="DT">the</wf>
<wf cmd="tag" pos="NN">mineral</wf>
<wf cmd="tag" pos="NN">wealth</wf>
<wf cmd="ignore" pos="IN">of</wf>
<wf cmd="ignore" pos="DT">the</wf>
<wf cmd="tag" pos="JJ">entire</wf>
<wf cmd="tag" pos="NN">country</wf>
<punc>.</punc>
</s>
</p>
<p pnum="16">
<s snum="87">
<wf cmd="ignore" pos="IN">From</wf>
<wf cmd="tag" pos="NNP">October</wf>
<wf cmd="tag" pos="CD">1960</wf>
<wf cmd="ignore" pos="TO">to</wf>
<wf cmd="tag" pos="NNP">February</wf>
<wf cmd="tag" pos="CD">1961</wf>
<punc>,</punc>
<wf cmd="ignore" pos="DT">the</wf>
<wf cmd="tag" pos="NNP">U._N.</wf>
<wf cmd="tag" pos="NNS">forces</wf>
<wf cmd="ignore" pos="IN">in</wf>
<wf cmd="ignore" pos="DT">the</wf>
<wf cmd="tag" pos="NNP">Congo</wf>
<wf cmd="done" pos="VB" lemma="take" wnsn="1" lexsn="2:41:04::">took</wf>
<wf cmd="tag" pos="JJ">little</wf>
<wf cmd="tag" pos="NN">action</wf>
<punc>.</punc>
</s>
<s snum="88">
<wf cmd="ignore" pos="EX">There</wf>
<wf cmd="done" pos="VB" ot="notag">was</wf>
<wf cmd="ignore" pos="DT">no</wf>
<wf cmd="tag" pos="NN">directive</wf>
<wf cmd="ignore" pos="IN">for</wf>
<wf cmd="ignore" pos="PRP">it</wf>
<punc>-</punc>
<wf cmd="ignore" pos="DT">the</wf>
<wf cmd="tag" pos="NN">Security_Council</wf>
<wf cmd="ignore" pos="POS">'s</wf>
<wf cmd="tag" pos="NN">resolution</wf>
<wf cmd="done" pos="VBD" ot="notag">had</wf>
<wf cmd="tag" pos="RB">not</wf>
<wf cmd="done" pos="VB" lemma="mention" wnsn="1" lexsn="2:32:02::">mentioned</wf>
<wf cmd="tag" pos="JJ">political</wf>
<wf cmd="tag" pos="NNS">matters</wf>
<punc>,</punc>
<wf cmd="ignore" pos="CC">and</wf>
<wf cmd="tag" pos="RB">in_any_case</wf>
<wf cmd="ignore" pos="DT">the</wf>
<wf cmd="tag" pos="NN">United_Nations</wf>
<wf cmd="ignore" pos="IN">by</wf>
<wf cmd="ignore" pos="DT">the</wf>
<wf cmd="tag" pos="NNS">terms</wf>
<wf cmd="ignore" pos="IN">of</wf>
<wf cmd="ignore" pos="PRP$">its</wf>
<wf cmd="tag" pos="NN">charter</wf>
<wf cmd="done" pos="VB" ot="notag">may_not</wf>
<wf cmd="done" pos="VB" lemma="interfere" wnsn="2" lexsn="2:41:00::">interfere</wf>
<wf cmd="ignore" pos="IN">in</wf>
<wf cmd="ignore" pos="DT">the</wf>
<wf cmd="tag" pos="JJ">political</wf>
<wf cmd="tag" pos="NNS">affairs</wf>
<wf cmd="ignore" pos="IN">of</wf>
<wf cmd="ignore" pos="DT">any</wf>
<wf cmd="tag" pos="NN">nation</wf>
<punc>,</punc>
<wf cmd="ignore" pos="IN">whether</wf>
<wf cmd="ignore" pos="TO">to</wf>
<wf cmd="done" pos="VB" lemma="unify" wnsn="2" lexsn="2:35:00::">unify</wf>
<wf cmd="ignore" pos="PRP">it</wf>
<punc>,</punc>
<wf cmd="done" pos="VB" lemma="federalize" wnsn="1" lexsn="2:30:00::">federalize</wf>
<wf cmd="ignore" pos="PRP">it</wf>
<wf cmd="ignore" pos="CC">or</wf>
<wf cmd="done" pos="VB" lemma="balkanize" wnsn="1" lexsn="2:41:00::">Balkanize</wf>
<wf cmd="ignore" pos="PRP">it</wf>
<punc>.</punc>
</s>
</p>
<p pnum="17">
<s snum="89">
<wf cmd="ignore" pos="IN">During</wf>
<wf cmd="ignore" pos="DT">the</wf>
<wf cmd="tag" pos="JJ">five-month</wf>
<wf cmd="tag" pos="NN">lull</wf>
<punc>,</punc>
<wf cmd="tag" pos="NN">civil_war</wf>
<wf cmd="done" pos="VB" lemma="smolder" wnsn="1" lexsn="2:30:00::">smoldered</wf>
<wf cmd="ignore" pos="CC">and</wf>
<wf cmd="done" pos="VB" lemma="flicker" wnsn="1" lexsn="2:38:00::">flickered</wf>
<wf cmd="ignore" pos="IN">throughout</wf>
<wf cmd="ignore" pos="DT">the</wf>
<wf cmd="tag" pos="NNP">Congo</wf>
<punc>.</punc>
</s>
<s snum="90">
<wf cmd="ignore" pos="IN">In</wf>
<wf cmd="tag" pos="NNP">February</wf>
<wf cmd="ignore" pos="DT">the</wf>
<wf cmd="tag" pos="NN">murder</wf>
<wf cmd="ignore" pos="IN">of</wf>
<wf cmd="tag" pos="NNP">Patrice_Lumumba</wf>
<punc>,</punc>
<wf cmd="ignore" pos="WP">who</wf>
<wf cmd="done" pos="VBD" ot="notag">had</wf>
<wf cmd="done" pos="VBN" ot="notag">been</wf>
<wf cmd="done" pos="VB" lemma="kidnap" wnsn="1" lexsn="2:35:00::">kidnaped</wf>
<wf cmd="ignore" pos="IN">into</wf>
<wf cmd="tag" pos="NNP">Katanga</wf>
<wf cmd="ignore" pos="CC">and</wf>
<wf cmd="done" pos="VB" lemma="execute" wnsn="1" lexsn="2:41:00::">executed</wf>
<wf cmd="ignore" pos="IN">on</wf>
<wf cmd="tag" pos="NN">order</wf>
<wf cmd="ignore" pos="IN">of</wf>
<wf cmd="tag" pos="NNP">Tshombe</wf>
<punc>,</punc>
<wf cmd="tag" pos="RB">again</wf>
<wf cmd="done" pos="VB" lemma="stir" wnsn="3" lexsn="2:39:00::">stirred</wf>
<wf cmd="ignore" pos="DT">the</wf>
<wf cmd="tag" pos="NNP">U._N.</wf>
<wf cmd="ignore" pos="TO">to</wf>
<wf cmd="tag" pos="NN">action</wf>
<punc>.</punc>
</s>
<s snum="91">
<wf cmd="ignore" pos="IN">On</wf>
<wf cmd="tag" pos="NNP">Feb.</wf>
<wf cmd="tag" pos="CD">21</wf>
<wf cmd="ignore" pos="DT">the</wf>
<wf cmd="tag" pos="NN">council</wf>
<wf cmd="done" pos="VB" lemma="pass" wnsn="16" lexsn="2:41:07::">passed</wf>
<wf cmd="ignore" pos="DT">another</wf>
<wf cmd="tag" pos="NN">resolution</wf>
<wf cmd="done" pos="VB" lemma="urge" wnsn="1" lexsn="2:32:00::">urging</wf>
<wf cmd="ignore" pos="DT">the</wf>
<wf cmd="tag" pos="NN">taking</wf>
<wf cmd="ignore" pos="IN">of</wf>
<punc>``</punc>
<wf cmd="ignore" pos="DT">all</wf>
<wf cmd="tag" pos="JJ">appropriate</wf>
<wf cmd="tag" pos="NNS">measures</wf>
<wf cmd="ignore" pos="TO">to</wf>
<wf cmd="done" pos="VB" lemma="prevent" wnsn="1" lexsn="2:41:01::">prevent</wf>
<wf cmd="ignore" pos="DT">the</wf>
<wf cmd="tag" pos="NN">occurrence</wf>
<wf cmd="ignore" pos="IN">of</wf>
<wf cmd="tag" pos="NN">civil_war</wf>
<wf cmd="ignore" pos="IN">in</wf>
<wf cmd="ignore" pos="DT">the</wf>
<wf cmd="tag" pos="NNP">Congo</wf>
<punc>,</punc>
<wf cmd="done" pos="VB" lemma="include" wnsn="1" lexsn="2:42:00::">including</wf>
<wf cmd="ignore" pos="DT">the</wf>
<wf cmd="tag" pos="NN">use</wf>
<wf cmd="ignore" pos="IN">of</wf>
<wf cmd="tag" pos="NN">force</wf>
<punc>,</punc>
<wf cmd="ignore" pos="IN">if</wf>
<wf cmd="tag" pos="JJ">necessary</wf>
<punc>,</punc>
<wf cmd="ignore" pos="IN">in</wf>
<wf cmd="ignore" pos="DT">the</wf>
<wf cmd="tag" pos="NN">last_resort</wf>
<punc>''</punc>
<punc>.</punc>
</s>
<s snum="92">
<wf cmd="ignore" pos="IN">Although</wf>
<wf cmd="ignore" pos="DT">the</wf>
<wf cmd="tag" pos="NN">resolution</wf>
<wf cmd="ignore" pos="MD">might</wf>
<wf cmd="done" pos="VB" ot="notag">have</wf>
<wf cmd="done" pos="VB" lemma="be" wnsn="1" lexsn="2:42:03::">been</wf>
<wf cmd="tag" pos="RB">far</wf>
<wf cmd="tag" pos="RBR">more</wf>
<wf cmd="tag" pos="JJ">specific</wf>
<punc>,</punc>
<wf cmd="ignore" pos="PRP">it</wf>
<wf cmd="done" pos="VB" lemma="be" wnsn="1" lexsn="2:42:03::">was</wf>
<wf cmd="tag" pos="RB">considerably</wf>
<wf cmd="tag" pos="JJR">tougher</wf>
<wf cmd="ignore" pos="IN">than</wf>
<wf cmd="ignore" pos="DT">the</wf>
<wf cmd="tag" pos="RBR">earlier</wf>
<wf cmd="tag" pos="CD">one</wf>
<punc>.</punc>
</s>
<s snum="93">
<wf cmd="ignore" pos="PRP">It</wf>
<wf cmd="tag" pos="RB">also</wf>
<wf cmd="done" pos="VB" lemma="urge" wnsn="1" lexsn="2:32:00::">urged</wf>
<wf cmd="ignore" pos="IN">that</wf>
<wf cmd="ignore" pos="DT">the</wf>
<wf cmd="tag" pos="NNP">U._N.</wf>
<wf cmd="done" pos="VB" lemma="eject" wnsn="1" lexsn="2:35:01::">eject</wf>
<punc>,</punc>
<wf cmd="ignore" pos="CC">and</wf>
<wf cmd="done" pos="VB" lemma="prevent" wnsn="1" lexsn="2:41:01::">prevent</wf>
<wf cmd="ignore" pos="DT">the</wf>
<wf cmd="tag" pos="NN">return</wf>
<wf cmd="tag" pos="RB">of</wf>
<punc>,</punc>
<wf cmd="ignore" pos="DT">all</wf>
<wf cmd="tag" pos="JJ">Belgian</wf>
<wf cmd="ignore" pos="CC">and</wf>
<wf cmd="tag" pos="JJ">other</wf>
<wf cmd="tag" pos="JJ">foreign</wf>
<wf cmd="tag" pos="JJ">military</wf>
<wf cmd="ignore" pos="CC">and</wf>
<wf cmd="tag" pos="JJ">political</wf>
<wf cmd="tag" pos="NNS">advisers</wf>
<punc>;</punc>
<wf cmd="done" pos="VB" lemma="order" wnsn="1" lexsn="2:32:01::">ordered</wf>
<wf cmd="ignore" pos="DT">an</wf>
<wf cmd="tag" pos="NN">investigation</wf>
<wf cmd="ignore" pos="IN">of</wf>
<wf cmd="tag" pos="NNP">Lumumba</wf>
<wf cmd="ignore" pos="POS">'s</wf>
<wf cmd="tag" pos="NN">death</wf>
<punc>;</punc>
<wf cmd="done" pos="VB" lemma="urge" wnsn="1" lexsn="2:32:00::">urged</wf>
<wf cmd="ignore" pos="DT">the</wf>
<wf cmd="tag" pos="NN">reconvention</wf>
<wf cmd="ignore" pos="IN">of</wf>
<wf cmd="ignore" pos="DT">the</wf>
<wf cmd="tag" pos="NNP">Congolese_Parliament</wf>
<wf cmd="ignore" pos="CC">and</wf>
<wf cmd="ignore" pos="DT">the</wf>
<wf cmd="tag" pos="NN">reorganization</wf>
<wf cmd="ignore" pos="IN">of</wf>
<wf cmd="ignore" pos="DT">the</wf>
<wf cmd="tag" pos="NN">army</wf>
<punc>.</punc>
</s>
</p>
</context>
</contextfile>
