<contextfile concordance="brown">
<context filename="br-a37" paras="yes">
<p pnum="1">
<s snum="1">
<wf cmd="ignore" pos="IN">At</wf>
<wf cmd="ignore" pos="DT">a</wf>
<wf cmd="tag" pos="JJ">closed-door</wf>
<wf cmd="tag" pos="NN">session</wf>
<wf cmd="ignore" pos="IN">on</wf>
<wf cmd="tag" pos="NN">Capitol_Hill</wf>
<wf cmd="tag" pos="JJ">last</wf>
<wf cmd="tag" pos="NN">week</wf>
<punc>,</punc>
<wf cmd="tag" pos="NN">Secretary_of_State</wf>
<wf cmd="tag" pos="NNP">Christian_Herter</wf>
<wf cmd="done" pos="VB" lemma="make" wnsn="1" lexsn="2:41:00::">made</wf>
<wf cmd="ignore" pos="PRP$">his</wf>
<wf cmd="tag" pos="JJ">final</wf>
<wf cmd="tag" pos="NN">report</wf>
<wf cmd="ignore" pos="TO">to</wf>
<wf cmd="ignore" pos="DT">the</wf>
<wf cmd="tag" pos="NNP">Senate_Foreign</wf>
<wf cmd="tag" pos="NNPS">Relations</wf>
<wf cmd="tag" pos="NNP">Committee</wf>
<wf cmd="ignore" pos="IN">on</wf>
<wf cmd="tag" pos="NNP">U._S.</wf>
<wf cmd="tag" pos="NNS">affairs</wf>
<wf cmd="tag" pos="RB">abroad</wf>
<punc>.</punc>
</s>
<s snum="2">
<wf cmd="tag" pos="RB">Afterward</wf>
<punc>,</punc>
<wf cmd="tag" pos="NNP">Tennessee</wf>
<wf cmd="ignore" pos="POS">'s</wf>
<wf cmd="tag" pos="JJ">Democratic</wf>
<wf cmd="tag" pos="NNP">Senator_Albert_Gore</wf>
<wf cmd="done" rdf="summed_up" pos="VB" lemma="sum_up" wnsn="1" lexsn="2:32:00::">summed</wf>
<wf cmd="ignore" pos="PRP">it</wf>
<wf cmd="ignore" pos="IN">up</wf>
<wf cmd="ignore" pos="IN">for</wf>
<wf cmd="tag" pos="NNS">newsmen</wf>
<punc>.</punc>
</s>
<s snum="3">
<wf cmd="ignore" pos="WP">What</wf>
<wf cmd="tag" pos="NNP">Herter</wf>
<wf cmd="done" pos="VB" lemma="present" wnsn="8" lexsn="2:32:02::">presented</wf>
<punc>,</punc>
<wf cmd="done" pos="VB" lemma="say" wnsn="1" lexsn="2:32:00::">said</wf>
<wf cmd="tag" pos="NNP">Gore</wf>
<punc>,</punc>
<wf cmd="done" pos="VB" lemma="be" wnsn="1" lexsn="2:42:03::">was</wf>
<punc>``</punc>
<wf cmd="tag" pos="RB">not</wf>
<wf cmd="ignore" pos="DT">a</wf>
<wf cmd="tag" pos="RB">very</wf>
<wf cmd="tag" pos="JJ">encouraging</wf>
<wf cmd="tag" pos="NN">review</wf>
<punc>''</punc>
<punc>.</punc>
</s>
<s snum="4">
<wf cmd="ignore" pos="DT">That</wf>
<wf cmd="done" pos="VB" lemma="be" wnsn="1" lexsn="2:42:03::">was</wf>
<wf cmd="tag" pos="NN">something</wf>
<wf cmd="ignore" pos="IN">of</wf>
<wf cmd="ignore" pos="DT">an</wf>
<wf cmd="tag" pos="NN">understatement</wf>
<wf cmd="ignore" pos="IN">in</wf>
<wf cmd="ignore" pos="DT">a</wf>
<wf cmd="tag" pos="NN">week</wf>
<wf cmd="ignore" pos="WRB">when</wf>
<wf cmd="ignore" pos="DT">the</wf>
<wf cmd="tag" pos="JJ">underlying</wf>
<wf cmd="tag" pos="NN">conflict</wf>
<wf cmd="ignore" pos="IN">between</wf>
<wf cmd="ignore" pos="DT">the</wf>
<wf cmd="tag" pos="NNP">West</wf>
<wf cmd="ignore" pos="CC">and</wf>
<wf cmd="tag" pos="NNP">Communism</wf>
<wf cmd="done" pos="VB" lemma="erupt" wnsn="1" lexsn="2:30:01::">erupted</wf>
<wf cmd="ignore" pos="IN">on</wf>
<wf cmd="tag" pos="CD">three</wf>
<wf cmd="tag" pos="NNS">fronts</wf>
<punc>.</punc>
</s>
<s snum="5">
<wf cmd="ignore" pos="IN">While</wf>
<wf cmd="tag" pos="NNPS">Communists</wf>
<wf cmd="done" pos="VBD" ot="notag">were</wf>
<wf cmd="done" pos="VB" lemma="undermine" wnsn="1" lexsn="2:41:00::">undermining</wf>
<wf cmd="tag" pos="NN">United_Nations</wf>
<wf cmd="tag" pos="NNS">efforts</wf>
<wf cmd="ignore" pos="TO">to</wf>
<wf cmd="done" pos="VB" lemma="rescue" wnsn="1" lexsn="2:41:00::">rescue</wf>
<wf cmd="ignore" pos="DT">the</wf>
<wf cmd="tag" pos="NNP">Congo</wf>
<wf cmd="ignore" pos="IN">from</wf>
<wf cmd="tag" pos="NN">chaos</wf>
<punc>,</punc>
<wf cmd="tag" pos="CD">two</wf>
<wf cmd="tag" pos="JJ">other</wf>
<wf cmd="tag" pos="NNP">Communist</wf>
<wf cmd="tag" pos="NNS">offensives</wf>
<wf cmd="done" pos="VB" lemma="stir" wnsn="3" lexsn="2:39:00::">stirred</wf>
<wf cmd="ignore" pos="DT">the</wf>
<wf cmd="tag" pos="NNP">Eisenhower_Administration</wf>
<wf cmd="ignore" pos="IN">into</wf>
<wf cmd="tag" pos="NN">emergency</wf>
<wf cmd="tag" pos="NNS">conferences</wf>
<wf cmd="ignore" pos="CC">and</wf>
<wf cmd="tag" pos="JJ">serious</wf>
<wf cmd="tag" pos="NNS">decisions</wf>
<punc>.</punc>
</s>
</p>
<p pnum="2">
<s snum="6">
<wf cmd="tag" pos="NNS">Hours</wf>
<wf cmd="ignore" pos="IN">after</wf>
<wf cmd="ignore" pos="DT">a</wf>
<wf cmd="tag" pos="NN">parade</wf>
<wf cmd="ignore" pos="IN">of</wf>
<wf cmd="ignore" pos="PRP$">his</wf>
<wf cmd="tag" pos="JJ">new</wf>
<wf cmd="tag" pos="JJ">Soviet</wf>
<wf cmd="tag" pos="NNS">tanks</wf>
<wf cmd="ignore" pos="CC">and</wf>
<wf cmd="tag" pos="NN">artillery</wf>
<punc>,</punc>
<wf cmd="tag" pos="NNP">Dictator_Fidel_Castro</wf>
<wf cmd="tag" pos="RB">suddenly</wf>
<wf cmd="done" pos="VB" lemma="confront" wnsn="1" lexsn="2:33:00::">confronted</wf>
<wf cmd="ignore" pos="DT">the</wf>
<wf cmd="tag" pos="NNP">U._S.</wf>
<wf cmd="ignore" pos="IN">with</wf>
<wf cmd="ignore" pos="DT">a</wf>
<wf cmd="tag" pos="JJ">blunt</wf>
<wf cmd="ignore" pos="CC">and</wf>
<wf cmd="tag" pos="JJ">drastic</wf>
<wf cmd="tag" pos="NN">demand</wf>
<punc>:</punc>
<wf cmd="ignore" pos="IN">within</wf>
<wf cmd="tag" pos="CD">48</wf>
<wf cmd="tag" pos="NNS">hours</wf>
<punc>,</punc>
<wf cmd="ignore" pos="DT">the</wf>
<wf cmd="tag" pos="NNP">U._S.</wf>
<wf cmd="done" pos="VB" ot="notag">had</wf>
<wf cmd="done" pos="VB" ot="notag">to</wf>
<wf cmd="done" pos="VB" lemma="reduce" wnsn="1" lexsn="2:30:00::">reduce</wf>
<wf cmd="ignore" pos="PRP$">its</wf>
<wf cmd="tag" pos="NN">embassy</wf>
<wf cmd="ignore" pos="CC">and</wf>
<wf cmd="tag" pos="NN">consulate</wf>
<wf cmd="tag" pos="NNS">staffs</wf>
<wf cmd="ignore" pos="IN">in</wf>
<wf cmd="tag" pos="NNP">Cuba</wf>
<wf cmd="ignore" pos="TO">to</wf>
<wf cmd="ignore" pos="DT">a</wf>
<wf cmd="tag" pos="NN">total</wf>
<wf cmd="ignore" pos="IN">of</wf>
<wf cmd="tag" pos="CD">eleven</wf>
<wf cmd="tag" pos="NNS">persons</wf>
<punc>(</punc>
<wf cmd="ignore" pos="DT">the</wf>
<wf cmd="tag" pos="NN">embassy</wf>
<wf cmd="tag" pos="NN">staff</wf>
<wf cmd="tag" pos="RB">alone</wf>
<wf cmd="done" pos="VB" lemma="total" wnsn="1" lexsn="2:42:00::">totaled</wf>
<wf cmd="tag" pos="CD">87</wf>
<wf cmd="tag" pos="NNP">U._S.</wf>
<wf cmd="tag" pos="NNS">citizens</wf>
<punc>,</punc>
<wf cmd="ignore" pos="CC">plus</wf>
<wf cmd="tag" pos="CD">120</wf>
<wf cmd="tag" pos="JJ">Cuban</wf>
<wf cmd="tag" pos="NNS">employees</wf>
<punc>)</punc>
<punc>.</punc>
</s>
<s snum="7">
<wf cmd="tag" pos="NNP">President_Eisenhower</wf>
<wf cmd="done" pos="VB" lemma="hold" wnsn="3" lexsn="2:36:00::">held</wf>
<wf cmd="ignore" pos="DT">an</wf>
<wf cmd="tag" pos="CD">8</wf>
<punc>:</punc>
<wf cmd="tag" pos="CD">30</wf>
<wf cmd="tag" pos="NN">a.</wf>
<wf cmd="tag" pos="NNP">m.</wf>
<wf cmd="tag" pos="NN">meeting</wf>
<wf cmd="done" pos="VB" ot="notag">with</wf>
<wf cmd="tag" pos="JJ">top</wf>
<wf cmd="tag" pos="JJ">military</wf>
<wf cmd="ignore" pos="CC">and</wf>
<wf cmd="tag" pos="NN">foreign-policy</wf>
<wf cmd="tag" pos="NNS">advisers</wf>
<punc>,</punc>
<wf cmd="done" pos="VB" lemma="decide" wnsn="1" lexsn="2:31:00::">decided</wf>
<wf cmd="ignore" pos="TO">to</wf>
<wf cmd="done" pos="VB" lemma="break_off" wnsn="2" lexsn="2:30:00::">break_off</wf>
<wf cmd="tag" pos="JJ">diplomatic</wf>
<wf cmd="tag" pos="NNS">relations</wf>
<wf cmd="tag" pos="RB">immediately</wf>
<punc>.</punc>
</s>
<s snum="8">
<punc>``</punc>
<wf cmd="ignore" pos="EX">There</wf>
<wf cmd="done" pos="VB" lemma="be" wnsn="4" lexsn="2:42:00::">is</wf>
<wf cmd="ignore" pos="DT">a</wf>
<wf cmd="tag" pos="NN">limit</wf>
<wf cmd="ignore" pos="TO">to</wf>
<wf cmd="ignore" pos="WP">what</wf>
<wf cmd="ignore" pos="DT">the</wf>
<wf cmd="tag" pos="NN">United_States</wf>
<wf cmd="ignore" pos="IN">in</wf>
<wf cmd="tag" pos="NN">self-respect</wf>
<wf cmd="ignore" pos="MD">can</wf>
<wf cmd="done" pos="VB" lemma="endure" wnsn="1" lexsn="2:31:00::">endure</wf>
<punc>''</punc>
<punc>,</punc>
<wf cmd="done" pos="VB" lemma="say" wnsn="1" lexsn="2:32:00::">said</wf>
<wf cmd="ignore" pos="DT">the</wf>
<wf cmd="tag" pos="NNP">President</wf>
<punc>.</punc>
</s>
<s snum="9">
<punc>``</punc>
<wf cmd="ignore" pos="DT">That</wf>
<wf cmd="tag" pos="NN">limit</wf>
<wf cmd="done" pos="VBZ" ot="notag">has</wf>
<wf cmd="tag" pos="RB">now</wf>
<wf cmd="done" pos="VBN" ot="metaphor">been</wf>
<wf cmd="done" pos="VB" lemma="reach" wnsn="6" lexsn="2:42:00::">reached</wf>
<punc>''</punc>
<punc>.</punc>
</s>
</p>
<p pnum="3">
<s snum="10">
<wf cmd="ignore" pos="IN">Through</wf>
<wf cmd="tag" pos="NNP">Secretary_Herter</wf>
<punc>,</punc>
<wf cmd="tag" pos="NNP">Ike</wf>
<wf cmd="done" pos="VB" lemma="offer" wnsn="2" lexsn="2:40:00::">offered</wf>
<wf cmd="tag" pos="NNP">President-elect_Kennedy</wf>
<wf cmd="ignore" pos="DT">an</wf>
<wf cmd="tag" pos="NN">opportunity</wf>
<wf cmd="ignore" pos="TO">to</wf>
<wf cmd="done" pos="VB" lemma="associate" wnsn="1" lexsn="2:31:00::">associate</wf>
<wf cmd="ignore" pos="PRP$">his</wf>
<wf cmd="tag" pos="JJ">new</wf>
<wf cmd="tag" pos="NNP">Administration</wf>
<wf cmd="ignore" pos="IN">with</wf>
<wf cmd="ignore" pos="DT">the</wf>
<wf cmd="tag" pos="JJ">breakoff</wf>
<wf cmd="tag" pos="NN">decision</wf>
<punc>.</punc>
</s>
<s snum="11">
<wf cmd="tag" pos="NNP">Kennedy</wf>
<punc>,</punc>
<wf cmd="ignore" pos="IN">through</wf>
<wf cmd="tag" pos="NNP">Secretary-designate</wf>
<wf cmd="ignore" pos="IN">of</wf>
<wf cmd="tag" pos="NNP">State_Dean_Rusk</wf>
<punc>,</punc>
<wf cmd="done" pos="VB" lemma="decline" wnsn="3" lexsn="2:32:00::">declined</wf>
<punc>.</punc>
</s>
<s snum="12">
<wf cmd="ignore" pos="PRP">He</wf>
<wf cmd="tag" pos="RB">thus</wf>
<wf cmd="done" pos="VB" lemma="keep" wnsn="1" lexsn="2:42:00::">kept</wf>
<wf cmd="ignore" pos="PRP$">his</wf>
<wf cmd="tag" pos="NNS">hands</wf>
<wf cmd="tag" pos="JJ">free</wf>
<wf cmd="ignore" pos="IN">for</wf>
<wf cmd="ignore" pos="DT">any</wf>
<wf cmd="tag" pos="NN">action</wf>
<wf cmd="ignore" pos="IN">after</wf>
<wf cmd="tag" pos="NNP">Jan.</wf>
<wf cmd="tag" pos="CD">20</wf>
<punc>,</punc>
<wf cmd="ignore" pos="IN">although</wf>
<wf cmd="tag" pos="NN">reaction</wf>
<wf cmd="ignore" pos="TO">to</wf>
<wf cmd="ignore" pos="DT">the</wf>
<wf cmd="tag" pos="NN">break</wf>
<wf cmd="done" pos="VB" lemma="be" wnsn="1" lexsn="2:42:03::">was</wf>
<wf cmd="tag" pos="RB">generally</wf>
<wf cmd="tag" pos="JJ">favorable</wf>
<wf cmd="ignore" pos="IN">in</wf>
<wf cmd="ignore" pos="DT">the</wf>
<wf cmd="tag" pos="NNP">U._S.</wf>
<wf cmd="ignore" pos="CC">and</wf>
<wf cmd="tag" pos="NN">Latin_America</wf>
<punc>(</punc>
<wf cmd="done" pos="VB" lemma="see" wnsn="1" lexsn="2:39:00::">see</wf>
<wf cmd="ignore" pos="DT">The</wf>
<wf cmd="tag" pos="NNP">Hemisphere</wf>
<punc>)</punc>
<punc>.</punc>
</s>
</p>
<p pnum="4">
<s snum="13">
<wf cmd="ignore" pos="IN">After</wf>
<wf cmd="ignore" pos="DT">a</wf>
<wf cmd="tag" pos="NN">White_House</wf>
<wf cmd="tag" pos="NN">huddle</wf>
<wf cmd="ignore" pos="IN">between</wf>
<wf cmd="ignore" pos="DT">the</wf>
<wf cmd="tag" pos="NNP">President</wf>
<wf cmd="ignore" pos="CC">and</wf>
<wf cmd="tag" pos="JJ">top</wf>
<wf cmd="tag" pos="NNS">lieutenants</wf>
<punc>,</punc>
<wf cmd="ignore" pos="DT">the</wf>
<wf cmd="tag" pos="NN">Defense_Department</wf>
<wf cmd="done" pos="VB" lemma="react" wnsn="1" lexsn="2:31:00::">reacted</wf>
<wf cmd="tag" pos="RB">sharply</wf>
<wf cmd="ignore" pos="TO">to</wf>
<wf cmd="ignore" pos="DT">a</wf>
<wf cmd="tag" pos="NN">cry</wf>
<wf cmd="ignore" pos="IN">from</wf>
<wf cmd="ignore" pos="DT">the</wf>
<wf cmd="tag" pos="JJ">pro-Western</wf>
<wf cmd="tag" pos="NN">government</wf>
<wf cmd="ignore" pos="IN">of</wf>
<wf cmd="tag" pos="NNP">Laos</wf>
<wf cmd="ignore" pos="IN">that</wf>
<wf cmd="tag" pos="JJ">several</wf>
<wf cmd="tag" pos="NNS">battalions</wf>
<wf cmd="ignore" pos="IN">of</wf>
<wf cmd="tag" pos="NNP">Communist</wf>
<wf cmd="tag" pos="NNS">troops</wf>
<wf cmd="done" pos="VBD" ot="notag">had</wf>
<wf cmd="done" pos="VB" lemma="invade" wnsn="1" lexsn="2:33:00::">invaded</wf>
<wf cmd="tag" pos="NNP">Laos</wf>
<wf cmd="ignore" pos="IN">from</wf>
<wf cmd="tag" pos="NNP">North</wf>
<wf cmd="tag" pos="NN">Viet_Nam</wf>
<punc>.</punc>
</s>
<s snum="14">
<punc>``</punc>
<wf cmd="tag" pos="JJ">In_view</wf>
<wf cmd="ignore" pos="IN">of</wf>
<wf cmd="ignore" pos="DT">the</wf>
<wf cmd="tag" pos="JJ">present</wf>
<wf cmd="tag" pos="NN">situation</wf>
<wf cmd="ignore" pos="IN">in</wf>
<wf cmd="tag" pos="NNP">Laos</wf>
<punc>''</punc>
<punc>,</punc>
<wf cmd="done" pos="VB" lemma="say" wnsn="1" lexsn="2:32:00::">said</wf>
<wf cmd="ignore" pos="DT">the</wf>
<wf cmd="tag" pos="NNP">Pentagon</wf>
<wf cmd="ignore" pos="POS">'s</wf>
<wf cmd="tag" pos="NN">announcement</wf>
<punc>,</punc>
<punc>``</punc>
<wf cmd="ignore" pos="PRP">we</wf>
<wf cmd="done" pos="VBP" ot="notag">are</wf>
<wf cmd="done" pos="VBG" ot="notag">taking</wf>
<wf cmd="tag" pos="JJ">normal</wf>
<wf cmd="tag" pos="JJ">precautionary</wf>
<wf cmd="tag" pos="NNS">actions</wf>
<wf cmd="ignore" pos="TO">to</wf>
<wf cmd="done" pos="VB" lemma="increase" wnsn="2" lexsn="2:30:02::">increase</wf>
<wf cmd="ignore" pos="DT">the</wf>
<wf cmd="tag" pos="NN">readiness</wf>
<wf cmd="ignore" pos="IN">of</wf>
<wf cmd="ignore" pos="PRP$">our</wf>
<wf cmd="tag" pos="NNS">forces</wf>
<wf cmd="ignore" pos="IN">in</wf>
<wf cmd="ignore" pos="DT">the</wf>
<wf cmd="tag" pos="NNP">Pacific</wf>
<punc>''</punc>
<punc>.</punc>
</s>
<s snum="15">
<wf cmd="done" pos="VB" lemma="cut_short" wnsn="1" lexsn="2:30:02::">Cutting_short</wf>
<wf cmd="ignore" pos="DT">a</wf>
<wf cmd="tag" pos="NN">holiday</wf>
<wf cmd="ignore" pos="IN">at</wf>
<wf cmd="tag" pos="NNP">Hong_Kong</wf>
<punc>,</punc>
<wf cmd="ignore" pos="DT">the</wf>
<wf cmd="tag" pos="NN">aircraft_carriers</wf>
<wf cmd="tag" pos="NNP">Lexington</wf>
<wf cmd="ignore" pos="CC">and</wf>
<wf cmd="tag" pos="NNP">Bennington</wf>
<wf cmd="done" pos="VB" lemma="steam" wnsn="1" lexsn="2:38:02::">steamed</wf>
<wf cmd="ignore" pos="IN">off</wf>
<wf cmd="ignore" pos="IN">into</wf>
<wf cmd="ignore" pos="DT">the</wf>
<wf cmd="tag" pos="NN">South_China_Sea</wf>
<punc>,</punc>
<wf cmd="done" pos="VB" lemma="accompany" wnsn="2" lexsn="2:38:00::">accompanied</wf>
<wf cmd="ignore" pos="IN">by</wf>
<wf cmd="ignore" pos="DT">a</wf>
<wf cmd="tag" pos="NN">swarm</wf>
<wf cmd="ignore" pos="IN">of</wf>
<wf cmd="tag" pos="NNS">destroyers</wf>
<punc>,</punc>
<wf cmd="ignore" pos="CC">plus</wf>
<wf cmd="tag" pos="NNS">troopships</wf>
<wf cmd="done" pos="VB" lemma="load" wnsn="1" lexsn="2:35:01::">loaded</wf>
<wf cmd="ignore" pos="IN">with</wf>
<wf cmd="tag" pos="NNS">marines</wf>
<punc>.</punc>
</s>
<s snum="16">
<wf cmd="ignore" pos="IN">On</wf>
<wf cmd="ignore" pos="DT">the</wf>
<wf cmd="tag" pos="NNP">U._S</wf>
<punc>.</punc>
<wf cmd="ignore" pos="POS">'s</wf>
<wf cmd="tag" pos="NN">island</wf>
<wf cmd="tag" pos="NN">base</wf>
<wf cmd="ignore" pos="IN">of</wf>
<wf cmd="tag" pos="NNP">Okinawa</wf>
<punc>,</punc>
<wf cmd="tag" pos="NN">Task_Force</wf>
<wf cmd="tag" pos="CD">116</wf>
<punc>,</punc>
<wf cmd="done" pos="VB" lemma="make_up" wnsn="1" lexsn="2:42:00::">made_up</wf>
<wf cmd="ignore" pos="IN">of</wf>
<wf cmd="tag" pos="NNP">Army</wf>
<punc>,</punc>
<wf cmd="tag" pos="NNP">Navy</wf>
<punc>,</punc>
<wf cmd="tag" pos="NNP">Marine</wf>
<wf cmd="ignore" pos="CC">and</wf>
<wf cmd="tag" pos="NN">Air_Force</wf>
<wf cmd="tag" pos="NNS">units</wf>
<punc>,</punc>
<wf cmd="done" pos="VB" lemma="get" wnsn="2" lexsn="2:30:00::">got</wf>
<wf cmd="tag" pos="JJ">braced</wf>
<wf cmd="ignore" pos="TO">to</wf>
<wf cmd="done" pos="VB" lemma="move" wnsn="1" lexsn="2:38:03::">move</wf>
<wf cmd="tag" pos="RB">southward</wf>
<wf cmd="ignore" pos="IN">on</wf>
<wf cmd="tag" pos="NN">signal</wf>
<punc>.</punc>
</s>
</p>
<p pnum="5">
<s snum="17">
<wf cmd="ignore" pos="CC">But</wf>
<wf cmd="ignore" pos="IN">by</wf>
<wf cmd="tag" pos="NN">week</wf>
<wf cmd="ignore" pos="POS">'s</wf>
<wf cmd="tag" pos="NN">end</wf>
<wf cmd="ignore" pos="DT">the</wf>
<wf cmd="tag" pos="JJ">Laotian</wf>
<wf cmd="tag" pos="NN">cry</wf>
<wf cmd="ignore" pos="IN">of</wf>
<wf cmd="tag" pos="NN">invasion</wf>
<wf cmd="done" pos="VBD" ot="notag">was</wf>
<wf cmd="done" pos="VB" lemma="read" wnsn="6" lexsn="2:31:09::">read</wf>
<wf cmd="ignore" pos="IN">as</wf>
<wf cmd="ignore" pos="DT">an</wf>
<wf cmd="tag" pos="NN">exaggeration</wf>
<punc>(</punc>
<wf cmd="done" pos="VB" lemma="see" wnsn="1" lexsn="2:39:00::">see</wf>
<wf cmd="tag" pos="NNP">Foreign_News</wf>
<punc>)</punc>
<punc>,</punc>
<wf cmd="ignore" pos="CC">and</wf>
<wf cmd="ignore" pos="DT">the</wf>
<wf cmd="tag" pos="NNP">U._S.</wf>
<wf cmd="done" pos="VBD" ot="notag">was</wf>
<wf cmd="done" pos="VB" lemma="agree" wnsn="1" lexsn="2:32:00::">agreeing</wf>
<wf cmd="done" pos="VB" ot="notag">with</wf>
<wf cmd="ignore" pos="PRP$">its</wf>
<wf cmd="tag" pos="JJ">cautious</wf>
<wf cmd="tag" pos="JJ">British</wf>
<wf cmd="ignore" pos="CC">and</wf>
<wf cmd="tag" pos="JJ">French</wf>
<wf cmd="tag" pos="NNS">allies</wf>
<wf cmd="ignore" pos="IN">that</wf>
<wf cmd="ignore" pos="DT">a</wf>
<wf cmd="tag" pos="JJ">neutralist</wf>
<punc>-</punc>
<wf cmd="tag" pos="RB">rather_than</wf>
<wf cmd="ignore" pos="DT">a</wf>
<wf cmd="tag" pos="JJ">pro-Western</wf>
<punc>-</punc>
<wf cmd="tag" pos="NN">government</wf>
<wf cmd="ignore" pos="MD">might</wf>
<wf cmd="done" pos="VB" lemma="be" wnsn="1" lexsn="2:42:03::">be</wf>
<wf cmd="tag" pos="JJS">best</wf>
<wf cmd="ignore" pos="IN">for</wf>
<wf cmd="tag" pos="NNP">Laos</wf>
<punc>.</punc>
</s>
</p>
<p pnum="6">
<s snum="18">
<wf cmd="ignore" pos="EX">There</wf>
<wf cmd="done" pos="VB" lemma="be" wnsn="4" lexsn="2:42:00::">was</wf>
<wf cmd="ignore" pos="DT">a</wf>
<wf cmd="tag" pos="NN">moral</wf>
<wf cmd="ignore" pos="IN">of</wf>
<wf cmd="tag" pos="NNS">sorts</wf>
<wf cmd="ignore" pos="IN">in</wf>
<wf cmd="ignore" pos="DT">the</wf>
<wf cmd="tag" pos="JJ">Laotian</wf>
<wf cmd="tag" pos="NN">situation</wf>
<wf cmd="ignore" pos="WDT">that</wf>
<wf cmd="done" pos="VB" lemma="say" wnsn="7" lexsn="2:32:07::">said</wf>
<wf cmd="tag" pos="JJ">much</wf>
<wf cmd="ignore" pos="IN">about</wf>
<wf cmd="ignore" pos="DT">all</wf>
<wf cmd="tag" pos="JJ">other</wf>
<wf cmd="tag" pos="JJ">cold-war</wf>
<wf cmd="tag" pos="NNS">fronts</wf>
<punc>.</punc>
</s>
<s snum="19">
<wf cmd="tag" pos="JJ">Political</wf>
<punc>,</punc>
<wf cmd="tag" pos="JJ">economic</wf>
<wf cmd="ignore" pos="CC">and</wf>
<wf cmd="tag" pos="JJ">military</wf>
<wf cmd="tag" pos="NNS">experts</wf>
<wf cmd="done" pos="VB" lemma="be" wnsn="1" lexsn="2:42:03::">were</wf>
<wf cmd="ignore" pos="DT">all</wf>
<wf cmd="tag" pos="JJ">agreed</wf>
<wf cmd="ignore" pos="IN">that</wf>
<wf cmd="tag" pos="JJ">chaotic</wf>
<punc>,</punc>
<wf cmd="tag" pos="JJ">mountainous</wf>
<wf cmd="tag" pos="JJ">little</wf>
<wf cmd="tag" pos="NNP">Laos</wf>
<wf cmd="done" pos="VB" lemma="be" wnsn="1" lexsn="2:42:03::">was</wf>
<wf cmd="ignore" pos="DT">the</wf>
<wf cmd="tag" pos="JJ">last</wf>
<wf cmd="tag" pos="NN">place</wf>
<wf cmd="ignore" pos="IN">in</wf>
<wf cmd="ignore" pos="DT">the</wf>
<wf cmd="tag" pos="NN">world</wf>
<wf cmd="ignore" pos="TO">to</wf>
<wf cmd="done" pos="VB" lemma="fight" wnsn="1" lexsn="2:33:00::">fight</wf>
<wf cmd="ignore" pos="DT">a</wf>
<wf cmd="tag" pos="NN">war</wf>
<punc>-</punc>
<wf cmd="ignore" pos="CC">and</wf>
<wf cmd="ignore" pos="PRP">they</wf>
<wf cmd="done" pos="VB" lemma="be" wnsn="1" lexsn="2:42:03::">were</wf>
<wf cmd="tag" pos="RB">probably</wf>
<wf cmd="tag" pos="NN">right</wf>
<punc>.</punc>
</s>
<s snum="20">
<punc>``</punc>
<wf cmd="ignore" pos="PRP">It</wf>
<wf cmd="ignore" pos="MD">would</wf>
<wf cmd="done" pos="VB" lemma="be" wnsn="1" lexsn="2:42:03::">be</wf>
<wf cmd="ignore" pos="IN">like</wf>
<wf cmd="done" pos="VB" lemma="fight" wnsn="1" lexsn="2:33:00::">fighting</wf>
<wf cmd="tag" pos="NN">the_French</wf>
<wf cmd="ignore" pos="CC">and</wf>
<wf cmd="tag" pos="NNP">Indian_War</wf>
<wf cmd="tag" pos="RB">all_over</wf>
<wf cmd="tag" pos="RB">again</wf>
<punc>''</punc>
<punc>,</punc>
<wf cmd="done" pos="VB" lemma="say" wnsn="1" lexsn="2:32:00::">said</wf>
<wf cmd="tag" pos="CD">one</wf>
<wf cmd="tag" pos="NN">military_man</wf>
<punc>.</punc>
</s>
<s snum="21">
<wf cmd="ignore" pos="CC">But</wf>
<wf cmd="ignore" pos="WRB">why</wf>
<wf cmd="done" pos="VB" lemma="be" wnsn="1" lexsn="2:42:03::">was</wf>
<wf cmd="tag" pos="NNP">Laos</wf>
<wf cmd="ignore" pos="DT">the</wf>
<wf cmd="tag" pos="JJ">new</wf>
<wf cmd="tag" pos="NNP">Southeast</wf>
<wf cmd="tag" pos="JJ">Asian</wf>
<wf cmd="tag" pos="NN">battleground</wf>
<punc>?</punc>
</s>
</p>
<p pnum="7">
<s snum="22">
<wf cmd="ignore" pos="IN">At</wf>
<wf cmd="tag" pos="NNP">Geneva</wf>
<wf cmd="ignore" pos="IN">in</wf>
<wf cmd="tag" pos="CD">1954</wf>
<punc>,</punc>
<wf cmd="ignore" pos="TO">to</wf>
<wf cmd="done" pos="VB" lemma="get" wnsn="2" lexsn="2:30:00::">get</wf>
<wf cmd="ignore" pos="DT">the</wf>
<wf cmd="tag" pos="NN">war</wf>
<wf cmd="ignore" pos="IN">in</wf>
<wf cmd="tag" pos="NNP">Indo-China</wf>
<wf cmd="tag" pos="JJ">settled</wf>
<punc>,</punc>
<wf cmd="tag" pos="NN">the_British</wf>
<wf cmd="ignore" pos="CC">and</wf>
<wf cmd="tag" pos="JJ">French</wf>
<wf cmd="done" pos="VB" lemma="give_in" wnsn="1" lexsn="2:32:02::">gave_in</wf>
<wf cmd="ignore" pos="TO">to</wf>
<wf cmd="tag" pos="NNP">Russian</wf>
<wf cmd="ignore" pos="CC">and</wf>
<wf cmd="tag" pos="NNP">Communist</wf>
<wf cmd="tag" pos="JJ">Chinese</wf>
<wf cmd="tag" pos="NNS">demands</wf>
<wf cmd="ignore" pos="CC">and</wf>
<wf cmd="done" pos="VB" lemma="agree" wnsn="2" lexsn="2:32:01::">agreed</wf>
<wf cmd="ignore" pos="TO">to</wf>
<wf cmd="ignore" pos="DT">the</wf>
<wf cmd="done" pos="VB" lemma="set_up" wnsn="1" lexsn="2:41:02::">setting_up</wf>
<wf cmd="ignore" pos="IN">of</wf>
<wf cmd="ignore" pos="DT">a</wf>
<wf cmd="tag" pos="NNP">Communist</wf>
<wf cmd="tag" pos="NN">state</wf>
<punc>,</punc>
<wf cmd="tag" pos="NNP">North</wf>
<wf cmd="tag" pos="NN">Viet_Nam</wf>
<punc>-</punc>
<wf cmd="ignore" pos="WDT">which</wf>
<wf cmd="tag" pos="RB">then</wf>
<punc>,</punc>
<wf cmd="tag" pos="RB">predictably</wf>
<punc>,</punc>
<wf cmd="done" pos="VB" lemma="become" wnsn="2" lexsn="2:42:01::">became</wf>
<wf cmd="ignore" pos="DT">a</wf>
<wf cmd="tag" pos="NN">base</wf>
<wf cmd="ignore" pos="IN">for</wf>
<wf cmd="tag" pos="NNP">Communist</wf>
<wf cmd="tag" pos="NNS">operations</wf>
<wf cmd="ignore" pos="IN">against</wf>
<wf cmd="tag" pos="JJ">neighboring</wf>
<wf cmd="tag" pos="NNP">South</wf>
<wf cmd="tag" pos="NN">Viet_Nam</wf>
<wf cmd="ignore" pos="CC">and</wf>
<wf cmd="tag" pos="NNP">Laos</wf>
<punc>.</punc>
</s>
<s snum="23">
<wf cmd="ignore" pos="DT">The</wf>
<wf cmd="tag" pos="JJ">late</wf>
<wf cmd="tag" pos="NN">Secretary_of_State</wf>
<wf cmd="tag" pos="NNP">John_Foster_Dulles</wf>
<wf cmd="done" pos="VB" lemma="consider" wnsn="1" lexsn="2:31:00::">considered</wf>
<wf cmd="ignore" pos="DT">the</wf>
<wf cmd="tag" pos="CD">1954</wf>
<wf cmd="tag" pos="NNP">Geneva</wf>
<wf cmd="tag" pos="NN">agreement</wf>
<wf cmd="ignore" pos="DT">a</wf>
<wf cmd="tag" pos="NN">specimen</wf>
<wf cmd="ignore" pos="IN">of</wf>
<wf cmd="tag" pos="NN">appeasement</wf>
<punc>,</punc>
<wf cmd="done" pos="VB" lemma="see" wnsn="2" lexsn="2:31:01::">saw</wf>
<wf cmd="ignore" pos="IN">that</wf>
<wf cmd="tag" pos="NN">resolution</wf>
<wf cmd="ignore" pos="MD">would</wf>
<wf cmd="done" pos="VB" ot="notag">be</wf>
<wf cmd="tag" pos="JJ">needed</wf>
<wf cmd="done" pos="VB" ot="notag">to</wf>
<wf cmd="done" pos="VB" lemma="keep" wnsn="4" lexsn="2:41:01::">keep</wf>
<wf cmd="ignore" pos="PRP">it</wf>
<wf cmd="ignore" pos="IN">from</wf>
<wf cmd="done" pos="VB" lemma="become" wnsn="2" lexsn="2:42:01::">becoming</wf>
<wf cmd="ignore" pos="DT">a</wf>
<wf cmd="tag" pos="NN">calamity</wf>
<wf cmd="ignore" pos="IN">for</wf>
<wf cmd="ignore" pos="DT">the</wf>
<wf cmd="tag" pos="NNP">West</wf>
<punc>.</punc>
</s>
<s snum="24">
<wf cmd="ignore" pos="PRP">He</wf>
<wf cmd="done" pos="VB" lemma="begin" wnsn="3" lexsn="2:30:01::">began</wf>
<wf cmd="ignore" pos="DT">the</wf>
<wf cmd="tag" pos="JJ">diplomatic</wf>
<wf cmd="tag" pos="NNS">discussions</wf>
<wf cmd="ignore" pos="IN">that</wf>
<wf cmd="done" pos="VB" lemma="result" wnsn="2" lexsn="2:42:02::">resulted</wf>
<wf cmd="done" pos="VB" ot="notag">in</wf>
<wf cmd="ignore" pos="DT">the</wf>
<wf cmd="tag" pos="NN">establishment</wf>
<wf cmd="ignore" pos="IN">of</wf>
<wf cmd="tag" pos="NNP">SEATO</wf>
<punc>.</punc>
</s>
<s snum="25">
<punc>``</punc>
<wf cmd="ignore" pos="DT">The</wf>
<wf cmd="tag" pos="JJ">important</wf>
<wf cmd="tag" pos="NN">thing</wf>
<wf cmd="tag" pos="RB">from_now_on</wf>
<punc>''</punc>
<punc>,</punc>
<wf cmd="ignore" pos="PRP">he</wf>
<wf cmd="done" pos="VB" lemma="say" wnsn="1" lexsn="2:32:00::">said</wf>
<punc>,</punc>
<punc>``</punc>
<wf cmd="done" pos="VB" lemma="be" wnsn="2" lexsn="2:42:06::">is</wf>
<wf cmd="tag" pos="RB">not</wf>
<wf cmd="ignore" pos="TO">to</wf>
<wf cmd="done" pos="VB" lemma="mourn" wnsn="1" lexsn="2:37:00::">mourn</wf>
<wf cmd="ignore" pos="DT">the</wf>
<wf cmd="tag" pos="JJ">past</wf>
<wf cmd="ignore" pos="CC">but</wf>
<wf cmd="ignore" pos="TO">to</wf>
<wf cmd="done" pos="VB" lemma="seize" wnsn="1" lexsn="2:35:00::">seize</wf>
<wf cmd="ignore" pos="DT">the</wf>
<wf cmd="tag" pos="NN">future</wf>
<wf cmd="tag" pos="NN">opportunity</wf>
<wf cmd="ignore" pos="TO">to</wf>
<wf cmd="done" pos="VB" lemma="prevent" wnsn="1" lexsn="2:41:01::">prevent</wf>
<wf cmd="ignore" pos="DT">the</wf>
<wf cmd="tag" pos="NN">loss</wf>
<wf cmd="ignore" pos="IN">in</wf>
<wf cmd="tag" pos="JJ">northern</wf>
<wf cmd="tag" pos="NN">Viet_Nam</wf>
<wf cmd="ignore" pos="IN">from</wf>
<wf cmd="done" pos="VB" lemma="lead" wnsn="9;3" lexsn="2:41:12::;2:42:12::">leading</wf>
<wf cmd="done" pos="VB" ot="notag">to</wf>
<wf cmd="ignore" pos="DT">the</wf>
<wf cmd="tag" pos="NN">extension</wf>
<wf cmd="ignore" pos="IN">of</wf>
<wf cmd="tag" pos="NNP">Communism</wf>
<wf cmd="ignore" pos="IN">throughout</wf>
<wf cmd="tag" pos="NNP">Southeast_Asia</wf>
<punc>''</punc>
<punc>.</punc>
</s>
</p>
<p pnum="8">
<s snum="26">
<wf cmd="tag" pos="NNP">Russian</wf>
<wf cmd="tag" pos="NNS">tanks</wf>
<wf cmd="ignore" pos="CC">and</wf>
<wf cmd="tag" pos="NN">artillery</wf>
<wf cmd="done" pos="VB" lemma="parade" wnsn="2" lexsn="2:38:00::">parading</wf>
<wf cmd="ignore" pos="IN">through</wf>
<wf cmd="ignore" pos="DT">the</wf>
<wf cmd="tag" pos="NNS">streets</wf>
<wf cmd="ignore" pos="IN">of</wf>
<wf cmd="tag" pos="NNP">Havana</wf>
<punc>,</punc>
<wf cmd="tag" pos="NNP">Russian</wf>
<wf cmd="tag" pos="NN">intrigue</wf>
<wf cmd="ignore" pos="IN">in</wf>
<wf cmd="ignore" pos="DT">the</wf>
<wf cmd="tag" pos="NNP">Congo</wf>
<punc>,</punc>
<wf cmd="ignore" pos="CC">and</wf>
<wf cmd="tag" pos="NNP">Russian</wf>
<wf cmd="tag" pos="NNS">arms</wf>
<wf cmd="tag" pos="NN">drops</wf>
<wf cmd="done" pos="VB" ot="notag">in</wf>
<wf cmd="tag" pos="NNP">Laos</wf>
<punc>(</punc>
<wf cmd="done" pos="VB" lemma="use" wnsn="1" lexsn="2:34:01::">using</wf>
<wf cmd="ignore" pos="DT">the</wf>
<wf cmd="tag" pos="JJ">same</wf>
<wf cmd="tag" pos="NN">Ilyushin</wf>
<wf cmd="tag" pos="NNS">transports</wf>
<wf cmd="ignore" pos="WDT">that</wf>
<wf cmd="done" pos="VBD" ot="notag">were</wf>
<wf cmd="done" pos="VB" lemma="use" wnsn="1" lexsn="2:34:01::">used</wf>
<wf cmd="ignore" pos="TO">to</wf>
<wf cmd="done" pos="VB" lemma="carry" wnsn="1" lexsn="2:35:02::">carry</wf>
<wf cmd="tag" pos="NNP">Communist</wf>
<wf cmd="tag" pos="NNS">agents</wf>
<wf cmd="ignore" pos="TO">to</wf>
<wf cmd="ignore" pos="DT">the</wf>
<wf cmd="tag" pos="NNP">Congo</wf>
<punc>)</punc>
<wf cmd="done" pos="VB" lemma="make" wnsn="2" lexsn="2:30:00::">made</wf>
<wf cmd="done" pos="VB" ot="notag">it</wf>
<wf cmd="tag" pos="JJ">plain</wf>
<wf cmd="tag" pos="RB">once_more</wf>
<wf cmd="ignore" pos="IN">that</wf>
<wf cmd="ignore" pos="DT">the</wf>
<wf cmd="tag" pos="NN">cold_war</wf>
<wf cmd="done" pos="VB" lemma="be" wnsn="1" lexsn="2:42:03::">was</wf>
<wf cmd="tag" pos="JJ">all_of</wf>
<wf cmd="tag" pos="RB">a_piece</wf>
<wf cmd="ignore" pos="IN">in</wf>
<wf cmd="tag" pos="NN">space</wf>
<wf cmd="ignore" pos="CC">and</wf>
<wf cmd="tag" pos="NN">time</wf>
<punc>.</punc>
</s>
<s snum="27">
<wf cmd="tag" pos="JJ">Soviet</wf>
<wf cmd="tag" pos="NNP">Premier_Khrushchev</wf>
<wf cmd="done" pos="VB" lemma="send" wnsn="2" lexsn="2:35:00::">sent</wf>
<wf cmd="tag" pos="NN">New_Year</wf>
<wf cmd="ignore" pos="POS">'s</wf>
<wf cmd="tag" pos="NN">hopes</wf>
<wf cmd="ignore" pos="IN">for</wf>
<wf cmd="tag" pos="NN">peace</wf>
<wf cmd="ignore" pos="TO">to</wf>
<wf cmd="tag" pos="NNP">President-elect_Kennedy</wf>
<punc>,</punc>
<wf cmd="ignore" pos="CC">and</wf>
<wf cmd="done" pos="VB" lemma="get" wnsn="4" lexsn="2:30:03::">got</wf>
<wf cmd="ignore" pos="DT">a</wf>
<wf cmd="tag" pos="JJ">cool</wf>
<wf cmd="tag" pos="NN">acknowledgment</wf>
<wf cmd="tag" pos="RB">in_reply</wf>
<punc>.</punc>
</s>
<s snum="28">
<wf cmd="done" pos="VBG" ot="notag">Considering</wf>
<wf cmd="ignore" pos="DT">the</wf>
<wf cmd="tag" pos="NN">state</wf>
<wf cmd="ignore" pos="IN">of</wf>
<wf cmd="ignore" pos="DT">the</wf>
<wf cmd="tag" pos="JJ">whole</wf>
<wf cmd="tag" pos="NN">world</wf>
<punc>,</punc>
<wf cmd="ignore" pos="DT">the</wf>
<wf cmd="tag" pos="NN">cold_war</wf>
<wf cmd="ignore" pos="POS">'s</wf>
<wf cmd="tag" pos="CD">three</wf>
<wf cmd="tag" pos="JJ">exposed</wf>
<wf cmd="tag" pos="NNS">fronts</wf>
<wf cmd="done" pos="VBD" ot="notag">did</wf>
<wf cmd="tag" pos="RB">not</wf>
<wf cmd="done" pos="VB" lemma="seem" wnsn="1" lexsn="2:39:00::">seem</wf>
<wf cmd="tag" pos="RB">terribly</wf>
<wf cmd="tag" pos="JJ">ominous</wf>
<punc>;</punc>
<wf cmd="ignore" pos="CC">but</wf>
<punc>,</punc>
<wf cmd="ignore" pos="IN">in</wf>
<wf cmd="tag" pos="NNP">Senator_Gore</wf>
<wf cmd="ignore" pos="POS">'s</wf>
<wf cmd="tag" pos="NNS">words</wf>
<punc>,</punc>
<wf cmd="ignore" pos="PRP">it</wf>
<wf cmd="done" pos="VB" lemma="be" wnsn="1" lexsn="2:42:03::">was</wf>
<punc>``</punc>
<wf cmd="tag" pos="RB">not</wf>
<wf cmd="ignore" pos="DT">a</wf>
<wf cmd="tag" pos="RB">very</wf>
<wf cmd="tag" pos="JJ">encouraging</wf>
<punc>''</punc>
<wf cmd="tag" pos="NN">situation</wf>
<wf cmd="ignore" pos="WDT">that</wf>
<wf cmd="ignore" pos="MD">would</wf>
<wf cmd="done" pos="VB" lemma="confront" wnsn="1" lexsn="2:33:00::">confront</wf>
<wf cmd="tag" pos="NNP">John_F._Kennedy</wf>
<wf cmd="ignore" pos="IN">on</wf>
<wf cmd="tag" pos="NN">Inauguration_Day</wf>
<punc>.</punc>
</s>
</p>
<p pnum="9">
<s snum="29">
<wf cmd="ignore" pos="IN">As</wf>
<wf cmd="ignore" pos="DT">the</wf>
<wf cmd="tag" pos="CD">87</wf>
<wf cmd="ignore" pos="DT">th</wf>
<wf cmd="tag" pos="NNP">Congress</wf>
<wf cmd="done" pos="VB" lemma="begin" wnsn="3" lexsn="2:30:01::">began</wf>
<wf cmd="ignore" pos="PRP$">its</wf>
<wf cmd="tag" pos="NNS">sessions</wf>
<wf cmd="tag" pos="JJ">last</wf>
<wf cmd="tag" pos="NN">week</wf>
<punc>,</punc>
<wf cmd="tag" pos="JJ">liberal</wf>
<wf cmd="tag" pos="NNPS">Democrats</wf>
<wf cmd="done" pos="VB" lemma="be" wnsn="1" lexsn="2:42:03::">were</wf>
<wf cmd="tag" pos="JJ">ready</wf>
<wf cmd="ignore" pos="IN">for</wf>
<wf cmd="ignore" pos="DT">a</wf>
<wf cmd="tag" pos="NN">finish</wf>
<wf cmd="tag" pos="NN">fight</wf>
<wf cmd="ignore" pos="TO">to</wf>
<wf cmd="done" pos="VB" lemma="open" wnsn="1" lexsn="2:35:00::">open</wf>
<wf cmd="ignore" pos="DT">the</wf>
<wf cmd="tag" pos="NN">sluice</wf>
<wf cmd="tag" pos="NNS">gates</wf>
<wf cmd="done" pos="VB" lemma="control" wnsn="1" lexsn="2:41:00::">controlled</wf>
<wf cmd="ignore" pos="IN">by</wf>
<wf cmd="ignore" pos="DT">the</wf>
<wf cmd="tag" pos="NNP">House_Rules_Committee</wf>
<wf cmd="ignore" pos="CC">and</wf>
<wf cmd="done" pos="VB" lemma="permit" wnsn="2" lexsn="2:41:00::">permit</wf>
<wf cmd="ignore" pos="DT">the</wf>
<wf cmd="tag" pos="JJ">free</wf>
<wf cmd="tag" pos="NN">flow</wf>
<wf cmd="ignore" pos="IN">of</wf>
<wf cmd="tag" pos="JJ">liberal</wf>
<wf cmd="tag" pos="NN">legislation</wf>
<wf cmd="ignore" pos="TO">to</wf>
<wf cmd="ignore" pos="DT">the</wf>
<wf cmd="tag" pos="NN">floor</wf>
<punc>.</punc>
</s>
<s snum="30">
<wf cmd="ignore" pos="DT">The</wf>
<wf cmd="tag" pos="JJ">liberal</wf>
<wf cmd="tag" pos="NN">pressure</wf>
<wf cmd="tag" pos="NN">bloc</wf>
<punc>(</punc>
<wf cmd="ignore" pos="WDT">which</wf>
<wf cmd="tag" pos="RB">coyly</wf>
<wf cmd="done" pos="VB" lemma="masquerade" wnsn="1" lexsn="2:39:00::">masquerades</wf>
<wf cmd="ignore" pos="IN">under</wf>
<wf cmd="ignore" pos="DT">the</wf>
<wf cmd="tag" pos="NN">name</wf>
<wf cmd="tag" pos="JJ">Democratic</wf>
<wf cmd="tag" pos="NNP">Study_Group</wf>
<punc>)</punc>
<wf cmd="done" pos="VBD" ot="notag">had</wf>
<wf cmd="done" pos="VB" lemma="fight" wnsn="2" lexsn="2:33:01::">fought</wf>
<wf cmd="ignore" pos="DT">the</wf>
<wf cmd="tag" pos="NN">committee</wf>
<wf cmd="tag" pos="RB">before</wf>
<punc>,</punc>
<wf cmd="ignore" pos="CC">and</wf>
<wf cmd="done" pos="VBD" ot="notag">had</wf>
<wf cmd="tag" pos="RB">always</wf>
<wf cmd="done" pos="VB" lemma="lose" wnsn="2" lexsn="2:33:00::">lost</wf>
<punc>.</punc>
</s>
<s snum="31">
<wf cmd="ignore" pos="DT">This</wf>
<wf cmd="tag" pos="NN">time</wf>
<punc>,</punc>
<wf cmd="ignore" pos="PRP">they</wf>
<wf cmd="done" pos="VB" lemma="be" wnsn="1" lexsn="2:42:03::">were</wf>
<wf cmd="tag" pos="RB">much</wf>
<wf cmd="tag" pos="RBR">better</wf>
<wf cmd="tag" pos="JJ">prepared</wf>
<wf cmd="ignore" pos="CC">and</wf>
<wf cmd="tag" pos="JJ">organized</wf>
<punc>,</punc>
<wf cmd="ignore" pos="CC">and</wf>
<wf cmd="ignore" pos="DT">the</wf>
<wf cmd="tag" pos="JJ">political</wf>
<wf cmd="tag" pos="NN">climate</wf>
<wf cmd="done" pos="VB" lemma="be" wnsn="1" lexsn="2:42:03::">was</wf>
<wf cmd="tag" pos="JJ">favorable</wf>
<punc>.</punc>
</s>
<s snum="32">
<wf cmd="ignore" pos="PRP">They</wf>
<wf cmd="done" pos="VB" lemma="have" wnsn="1" lexsn="2:40:00::">had</wf>
<wf cmd="ignore" pos="DT">the</wf>
<wf cmd="tag" pos="JJ">unspoken</wf>
<wf cmd="tag" pos="NN">support</wf>
<wf cmd="ignore" pos="IN">of</wf>
<wf cmd="tag" pos="NNP">President-elect_Kennedy</wf>
<punc>,</punc>
<wf cmd="ignore" pos="WP$">whose</wf>
<wf cmd="tag" pos="JJ">own</wf>
<wf cmd="tag" pos="JJ">legislative</wf>
<wf cmd="tag" pos="NN">program</wf>
<wf cmd="done" pos="VBD" ot="notag">was</wf>
<wf cmd="done" pos="VB" lemma="menace" wnsn="1" lexsn="2:42:00::">menaced</wf>
<wf cmd="ignore" pos="IN">by</wf>
<wf cmd="ignore" pos="DT">the</wf>
<wf cmd="tag" pos="NNP">Rules_Committee</wf>
<wf cmd="tag" pos="NN">bottleneck</wf>
<punc>.</punc>
</s>
<s snum="33">
<wf cmd="ignore" pos="CC">And</wf>
<wf cmd="done" pos="VB" lemma="count" wnsn="1" lexsn="2:32:00::">counting</wf>
<wf cmd="tag" pos="NNS">noses</wf>
<punc>,</punc>
<wf cmd="ignore" pos="PRP">they</wf>
<wf cmd="done" pos="VB" lemma="seem" wnsn="1" lexsn="2:39:00::">seemed</wf>
<wf cmd="ignore" pos="TO">to</wf>
<wf cmd="done" pos="VB" lemma="have" wnsn="1" lexsn="2:40:00::">have</wf>
<wf cmd="ignore" pos="DT">the</wf>
<wf cmd="tag" pos="NNS">votes</wf>
<wf cmd="ignore" pos="TO">to</wf>
<wf cmd="done" pos="VB" lemma="work" wnsn="12" lexsn="2:41:01::">work</wf>
<wf cmd="ignore" pos="PRP$">their</wf>
<wf cmd="ignore" pos="MD">will</wf>
<punc>.</punc>
</s>
</p>
<p pnum="10">
<s snum="34">
<wf cmd="ignore" pos="EX">There</wf>
<wf cmd="done" pos="VB" lemma="be" wnsn="4" lexsn="2:42:00::">were</wf>
<wf cmd="tag" pos="CD">two</wf>
<wf cmd="tag" pos="JJ">possible</wf>
<wf cmd="tag" pos="NNS">methods</wf>
<wf cmd="ignore" pos="IN">of</wf>
<wf cmd="done" pos="VB" lemma="breach" wnsn="2" lexsn="2:35:00::">breaching</wf>
<wf cmd="ignore" pos="DT">the</wf>
<wf cmd="tag" pos="JJ">conservative</wf>
<wf cmd="tag" pos="NNS">barriers</wf>
<wf cmd="ignore" pos="IN">around</wf>
<wf cmd="ignore" pos="DT">the</wf>
<wf cmd="tag" pos="NNP">Rules_Committee</wf>
<punc>:</punc>
<wf cmd="tag" pos="CD">1</wf>
<punc>)</punc>
<wf cmd="ignore" pos="TO">to</wf>
<wf cmd="done" pos="VB" lemma="pack" wnsn="2" lexsn="2:38:02::">pack</wf>
<wf cmd="ignore" pos="PRP">it</wf>
<wf cmd="ignore" pos="IN">with</wf>
<wf cmd="tag" pos="JJ">additional</wf>
<wf cmd="tag" pos="NNS">liberals</wf>
<wf cmd="ignore" pos="CC">and</wf>
<wf cmd="done" pos="VB" lemma="break" wnsn="10" lexsn="2:30:02::">break</wf>
<wf cmd="ignore" pos="DT">the</wf>
<wf cmd="tag" pos="JJ">conservative-liberal</wf>
<wf cmd="tag" pos="NN">deadlock</wf>
<punc>,</punc>
<wf cmd="ignore" pos="CC">or</wf>
<wf cmd="tag" pos="CD">2</wf>
<punc>)</punc>
<wf cmd="ignore" pos="TO">to</wf>
<wf cmd="done" pos="VB" lemma="remove" wnsn="2" lexsn="2:41:00::">remove</wf>
<wf cmd="tag" pos="CD">one</wf>
<wf cmd="ignore" pos="IN">of</wf>
<wf cmd="ignore" pos="DT">the</wf>
<wf cmd="tag" pos="NNS">conservatives</wf>
<punc>-</punc>
<wf cmd="tag" pos="RB">namely</wf>
<wf cmd="tag" pos="NNP">Mississippi</wf>
<wf cmd="ignore" pos="POS">'s</wf>
<wf cmd="tag" pos="CD">14</wf>
<punc>-</punc>
<wf cmd="tag" pos="NN">term</wf>
<wf cmd="tag" pos="NNP">William_Meyers_Colmer</wf>
<punc>(</punc>
<wf cmd="done" pos="VB" lemma="pronounce" wnsn="1" lexsn="2:32:01::">pronounced</wf>
<wf cmd="tag" pos="JJR">Calmer</wf>
<punc>)</punc>
<punc>.</punc>
</s>
<s snum="35">
<wf cmd="done" pos="VB" lemma="caucus" wnsn="1" lexsn="2:41:00::">Caucusing</wf>
<punc>,</punc>
<wf cmd="ignore" pos="DT">the</wf>
<wf cmd="tag" pos="NNS">liberals</wf>
<wf cmd="done" pos="VB" lemma="decide" wnsn="1" lexsn="2:31:00::">decided</wf>
<wf cmd="ignore" pos="TO">to</wf>
<wf cmd="done" pos="VB" lemma="go_after" wnsn="1" lexsn="2:38:01::">go_after</wf>
<wf cmd="tag" pos="NNP">Colmer</wf>
<punc>,</punc>
<wf cmd="ignore" pos="WDT">which</wf>
<wf cmd="tag" pos="RB">actually</wf>
<wf cmd="done" pos="VB" lemma="be" wnsn="1" lexsn="2:42:03::">was</wf>
<wf cmd="ignore" pos="DT">the</wf>
<wf cmd="tag" pos="RBR">more</wf>
<wf cmd="tag" pos="JJ">drastic</wf>
<wf cmd="tag" pos="NN">course</wf>
<punc>,</punc>
<wf cmd="ignore" pos="IN">since</wf>
<wf cmd="tag" pos="NN">seniority</wf>
<wf cmd="ignore" pos="IN">in</wf>
<wf cmd="ignore" pos="DT">the</wf>
<wf cmd="tag" pos="NNP">House</wf>
<wf cmd="done" pos="VB" lemma="be" wnsn="1" lexsn="2:42:03::">is</wf>
<wf cmd="tag" pos="JJ">next</wf>
<wf cmd="ignore" pos="TO">to</wf>
<wf cmd="tag" pos="NN">godliness</wf>
<punc>.</punc>
</s>
</p>
<p pnum="11">
<s snum="36">
<wf cmd="ignore" pos="DT">A</wf>
<wf cmd="tag" pos="JJ">dour</wf>
<punc>,</punc>
<wf cmd="tag" pos="JJ">gangling</wf>
<wf cmd="tag" pos="NN">man</wf>
<wf cmd="ignore" pos="IN">with</wf>
<wf cmd="ignore" pos="DT">a</wf>
<wf cmd="tag" pos="JJ">choppy</wf>
<wf cmd="tag" pos="NN">gait</wf>
<punc>,</punc>
<wf cmd="tag" pos="NNP">Colmer</wf>
<wf cmd="done" pos="VB" lemma="look" wnsn="2" lexsn="2:39:01::">looks</wf>
<wf cmd="tag" pos="JJR">younger</wf>
<wf cmd="ignore" pos="IN">than</wf>
<wf cmd="ignore" pos="PRP$">his</wf>
<wf cmd="tag" pos="CD">70</wf>
<wf cmd="tag" pos="NNS">years</wf>
<punc>,</punc>
<wf cmd="done" pos="VBZ" ot="notag">has</wf>
<wf cmd="tag" pos="RB">gradually</wf>
<wf cmd="done" pos="VB" lemma="swing" wnsn="4" lexsn="2:41:01::">swung</wf>
<wf cmd="ignore" pos="IN">from</wf>
<wf cmd="ignore" pos="DT">a</wf>
<wf cmd="tag" pos="JJ">moderate</wf>
<punc>,</punc>
<wf cmd="tag" pos="JJ">internationalist</wf>
<wf cmd="tag" pos="NN">position</wf>
<wf cmd="tag" pos="RB">to_that</wf>
<wf cmd="ignore" pos="IN">of</wf>
<wf cmd="ignore" pos="DT">a</wf>
<wf cmd="tag" pos="JJ">diehard</wf>
<wf cmd="tag" pos="NN">conservative</wf>
<punc>.</punc>
</s>
<s snum="37">
<wf cmd="ignore" pos="PRP">He</wf>
<wf cmd="done" pos="VB" lemma="be" wnsn="1" lexsn="2:42:03::">is</wf>
<wf cmd="tag" pos="RB">generally</wf>
<wf cmd="ignore" pos="CC">and</wf>
<wf cmd="tag" pos="RB">initially</wf>
<wf cmd="tag" pos="JJ">suspicious</wf>
<wf cmd="ignore" pos="IN">of</wf>
<wf cmd="ignore" pos="DT">any</wf>
<wf cmd="tag" pos="JJ">federal</wf>
<wf cmd="tag" pos="NN">project</wf>
<punc>,</punc>
<wf cmd="ignore" pos="IN">unless</wf>
<wf cmd="ignore" pos="PRP">it</wf>
<wf cmd="done" pos="VB" lemma="happen" wnsn="3" lexsn="2:41:00::">happens</wf>
<wf cmd="done" pos="VB" ot="notag">to</wf>
<wf cmd="done" pos="VB" lemma="benefit" wnsn="2" lexsn="2:40:01::">benefit</wf>
<wf cmd="ignore" pos="PRP$">his</wf>
<wf cmd="tag" pos="NNP">Gulf_Coast</wf>
<wf cmd="tag" pos="NNS">constituents</wf>
<punc>.</punc>
</s>
<s snum="38">
<wf cmd="ignore" pos="PRP">He</wf>
<wf cmd="done" pos="VB" lemma="be" wnsn="2" lexsn="2:42:06::">is</wf>
<punc>,</punc>
<wf cmd="tag" pos="RB">of_course</wf>
<punc>,</punc>
<wf cmd="ignore" pos="DT">a</wf>
<wf cmd="tag" pos="NN">segregationist</wf>
<punc>,</punc>
<wf cmd="ignore" pos="CC">but</wf>
<wf cmd="ignore" pos="PRP">he</wf>
<wf cmd="done" pos="VB" lemma="say" wnsn="2" lexsn="2:32:01::">says</wf>
<wf cmd="ignore" pos="PRP">he</wf>
<wf cmd="done" pos="VBZ" ot="notag">has</wf>
<wf cmd="tag" pos="RB">never</wf>
<wf cmd="done" pos="VB" lemma="make" wnsn="1" lexsn="2:41:00::">made</wf>
<wf cmd="ignore" pos="DT">an</wf>
<punc>``</punc>
<wf cmd="tag" pos="JJ">anti-Negro</wf>
<punc>''</punc>
<wf cmd="tag" pos="NN">speech</wf>
<punc>.</punc>
</s>
<s snum="39">
<wf cmd="ignore" pos="IN">For</wf>
<wf cmd="tag" pos="CD">20</wf>
<wf cmd="tag" pos="NNS">years</wf>
<wf cmd="ignore" pos="PRP">he</wf>
<wf cmd="done" pos="VBZ" ot="notag">has</wf>
<wf cmd="done" pos="VB" lemma="enjoy" wnsn="2" lexsn="2:34:01::">enjoyed</wf>
<wf cmd="ignore" pos="PRP$">his</wf>
<wf cmd="tag" pos="NN">power</wf>
<wf cmd="ignore" pos="IN">on</wf>
<wf cmd="ignore" pos="DT">the</wf>
<wf cmd="tag" pos="NNP">Rules_Committee</wf>
<punc>.</punc>
</s>
<s snum="40">
<wf cmd="ignore" pos="EX">There</wf>
<wf cmd="ignore" pos="PRP$">his</wf>
<wf cmd="tag" pos="NN">vote</wf>
<punc>,</punc>
<wf cmd="ignore" pos="IN">along</wf>
<wf cmd="ignore" pos="IN">with</wf>
<wf cmd="ignore" pos="DT">those</wf>
<wf cmd="ignore" pos="IN">of</wf>
<wf cmd="tag" pos="NNP">Chairman_Howard_Smith</wf>
<punc>,</punc>
<wf cmd="ignore" pos="DT">the</wf>
<wf cmd="tag" pos="JJ">courtly</wf>
<wf cmd="tag" pos="NNP">Virginia</wf>
<wf cmd="tag" pos="NN">judge</wf>
<punc>,</punc>
<wf cmd="ignore" pos="CC">and</wf>
<wf cmd="ignore" pos="DT">the</wf>
<wf cmd="tag" pos="CD">four</wf>
<wf cmd="tag" pos="NNP">Republican</wf>
<wf cmd="tag" pos="NNS">members</wf>
<punc>,</punc>
<wf cmd="ignore" pos="MD">could</wf>
<wf cmd="ignore" pos="CC">and</wf>
<wf cmd="tag" pos="RB">often</wf>
<wf cmd="done" pos="VBD" ot="notag">did</wf>
<wf cmd="done" pos="VB" lemma="produce" wnsn="3" lexsn="2:36:03::">produce</wf>
<wf cmd="ignore" pos="DT">a</wf>
<wf cmd="tag" pos="CD">6</wf>
<punc>-</punc>
<wf cmd="tag" pos="CD">6</wf>
<wf cmd="tag" pos="NN">deadlock</wf>
<wf cmd="ignore" pos="WDT">that</wf>
<wf cmd="done" pos="VB" lemma="block" wnsn="2" lexsn="2:41:00::">blocked</wf>
<wf cmd="tag" pos="JJ">far-out</wf>
<punc>,</punc>
<wf cmd="tag" pos="JJ">Democratic-sponsored</wf>
<wf cmd="tag" pos="NN">welfare</wf>
<wf cmd="tag" pos="NN">legislation</wf>
<punc>(</punc>
<wf cmd="ignore" pos="DT">a</wf>
<wf cmd="tag" pos="NN">tactic</wf>
<wf cmd="tag" pos="RB">often</wf>
<wf cmd="tag" pos="JJ">acceptable</wf>
<wf cmd="ignore" pos="TO">to</wf>
<wf cmd="ignore" pos="DT">the</wf>
<wf cmd="tag" pos="NNP">Rayburn-Johnson</wf>
<wf cmd="tag" pos="JJ">congressional</wf>
<wf cmd="tag" pos="NN">leadership</wf>
<wf cmd="ignore" pos="TO">to</wf>
<wf cmd="done" pos="VB" lemma="avoid" wnsn="2" lexsn="2:41:01::">avoid</wf>
<wf cmd="tag" pos="JJ">embarrassing</wf>
<wf cmd="tag" pos="NNS">votes</wf>
<punc>)</punc>
<punc>.</punc>
</s>
</p>
<p pnum="12">
<s snum="41">
<wf cmd="ignore" pos="EX">There</wf>
<wf cmd="done" pos="VB" lemma="be" wnsn="4" lexsn="2:42:00::">was</wf>
<wf cmd="tag" pos="JJ">sufficient</wf>
<wf cmd="tag" pos="NN">pretext</wf>
<wf cmd="ignore" pos="TO">to</wf>
<wf cmd="done" pos="VB" lemma="demand" wnsn="1" lexsn="2:32:00::">demand</wf>
<wf cmd="tag" pos="NNP">Colmer</wf>
<wf cmd="ignore" pos="POS">'s</wf>
<wf cmd="tag" pos="NN">ouster</wf>
<punc>:</punc>
<wf cmd="ignore" pos="PRP">he</wf>
<wf cmd="done" pos="VBD" ot="notag">had</wf>
<wf cmd="done" pos="VB" lemma="give" wnsn="1" lexsn="2:40:03::">given</wf>
<wf cmd="ignore" pos="PRP$">his</wf>
<wf cmd="tag" pos="JJ">lukewarm</wf>
<wf cmd="tag" pos="NN">support</wf>
<wf cmd="ignore" pos="TO">to</wf>
<wf cmd="ignore" pos="DT">the</wf>
<wf cmd="tag" pos="JJ">anti-Kennedy</wf>
<wf cmd="tag" pos="NNS">electors</wf>
<wf cmd="ignore" pos="IN">in</wf>
<wf cmd="tag" pos="NNP">Mississippi</wf>
<punc>.</punc>
</s>
<s snum="42">
<wf cmd="tag" pos="NNS">Reprisals</wf>
<wf cmd="done" pos="VB" lemma="be" wnsn="1" lexsn="2:42:03::">are</wf>
<wf cmd="tag" pos="RB">not</wf>
<wf cmd="tag" pos="JJ">unheard</wf>
<wf cmd="ignore" pos="IN">of</wf>
<wf cmd="ignore" pos="IN">in</wf>
<wf cmd="tag" pos="JJ">such</wf>
<wf cmd="tag" pos="NNS">situations</wf>
<punc>,</punc>
<wf cmd="ignore" pos="CC">but</wf>
<wf cmd="ignore" pos="DT">the</wf>
<wf cmd="tag" pos="JJ">recent</wf>
<wf cmd="tag" pos="NN">tendency</wf>
<wf cmd="done" pos="VBZ" ot="notag">has</wf>
<wf cmd="done" pos="VB" lemma="be" wnsn="2" lexsn="2:42:06::">been</wf>
<wf cmd="ignore" pos="IN">for</wf>
<wf cmd="ignore" pos="DT">the</wf>
<wf cmd="tag" pos="NNP">Congress</wf>
<wf cmd="ignore" pos="TO">to</wf>
<wf cmd="done" pos="VB" lemma="forgive" wnsn="1" lexsn="2:32:00::">forgive</wf>
<wf cmd="ignore" pos="PRP$">its</wf>
<wf cmd="tag" pos="JJ">prodigal</wf>
<wf cmd="tag" pos="NNS">sons</wf>
<punc>.</punc>
</s>
<s snum="43">
<wf cmd="ignore" pos="IN">In</wf>
<wf cmd="tag" pos="CD">1949</wf>
<wf cmd="ignore" pos="DT">the</wf>
<wf cmd="tag" pos="NNS">Dixiecrats</wf>
<wf cmd="done" pos="VB" lemma="escape" wnsn="3" lexsn="2:32:04::">escaped</wf>
<wf cmd="tag" pos="JJ">unscathed</wf>
<wf cmd="ignore" pos="IN">after</wf>
<wf cmd="ignore" pos="PRP$">their</wf>
<wf cmd="tag" pos="CD">1948</wf>
<wf cmd="tag" pos="NN">rebellion</wf>
<wf cmd="ignore" pos="IN">against</wf>
<wf cmd="tag" pos="NNP">Harry_Truman</wf>
<punc>,</punc>
<wf cmd="ignore" pos="CC">and</wf>
<wf cmd="ignore" pos="IN">in</wf>
<wf cmd="tag" pos="CD">1957</wf>
<punc>,</punc>
<wf cmd="ignore" pos="IN">after</wf>
<wf cmd="tag" pos="NNP">Congressman_Adam_Clayton_Powell</wf>
<wf cmd="done" pos="VB" lemma="campaign" wnsn="2" lexsn="2:41:10::">campaigned</wf>
<wf cmd="done" pos="VB" ot="notag">for</wf>
<wf cmd="tag" pos="NNP">Dwight_Eisenhower</wf>
<wf cmd="ignore" pos="IN">in</wf>
<wf cmd="tag" pos="CD">1956</wf>
<punc>,</punc>
<wf cmd="ignore" pos="PRP$">his</wf>
<wf cmd="tag" pos="NN">fellow</wf>
<wf cmd="tag" pos="NNPS">Democrats</wf>
<wf cmd="done" pos="VBD" ot="notag">did</wf>
<wf cmd="tag" pos="RB">not</wf>
<wf cmd="done" pos="VB" lemma="touch" wnsn="11" lexsn="2:35:03::">touch</wf>
<wf cmd="ignore" pos="PRP$">his</wf>
<wf cmd="tag" pos="NN">committee</wf>
<wf cmd="tag" pos="NNS">assignments</wf>
<punc>,</punc>
<wf cmd="ignore" pos="IN">although</wf>
<wf cmd="ignore" pos="PRP">they</wf>
<wf cmd="done" pos="VBD" ot="notag">did</wf>
<wf cmd="done" pos="VB" lemma="strip" wnsn="1" lexsn="2:40:03::">strip</wf>
<wf cmd="ignore" pos="PRP">him</wf>
<wf cmd="tag" pos="RB">temporarily</wf>
<wf cmd="ignore" pos="IN">of</wf>
<wf cmd="ignore" pos="PRP$">his</wf>
<wf cmd="tag" pos="NN">patronage</wf>
<punc>.</punc>
</s>
<s snum="44">
<punc>(</punc>
<wf cmd="ignore" pos="IN">In</wf>
<wf cmd="ignore" pos="DT">the</wf>
<wf cmd="tag" pos="NN">heat</wf>
<wf cmd="ignore" pos="IN">of</wf>
<wf cmd="ignore" pos="DT">the</wf>
<wf cmd="tag" pos="JJ">anti-Colmer</wf>
<wf cmd="tag" pos="NN">drive</wf>
<wf cmd="tag" pos="JJ">last</wf>
<wf cmd="tag" pos="NN">week</wf>
<punc>,</punc>
<wf cmd="tag" pos="NNP">Judge_Smith</wf>
<wf cmd="done" pos="VB" lemma="threaten" wnsn="2" lexsn="2:32:00::">threatened</wf>
<wf cmd="tag" pos="NN">reprisal</wf>
<wf cmd="ignore" pos="IN">against</wf>
<wf cmd="tag" pos="NNP">Powell</wf>
<punc>.</punc>
</s>
<s snum="45">
<wf cmd="done" pos="VB" lemma="say" wnsn="1" lexsn="2:32:00::">Said</wf>
<wf cmd="ignore" pos="PRP">he</wf>
<punc>:</punc>
<punc>``</punc>
<wf cmd="ignore" pos="PRP">We</wf>
<wf cmd="ignore" pos="MD">will</wf>
<wf cmd="done" pos="VB" lemma="see" wnsn="6" lexsn="2:31:02::">see</wf>
<wf cmd="ignore" pos="IN">whether</wf>
<wf cmd="tag" pos="NNS">whites</wf>
<wf cmd="ignore" pos="CC">and</wf>
<wf cmd="tag" pos="NNPS">Negroes</wf>
<wf cmd="done" pos="VBP" ot="notag">are</wf>
<wf cmd="done" pos="VB" lemma="treat" wnsn="1" lexsn="2:41:00::">treated</wf>
<wf cmd="ignore" pos="DT">the</wf>
<wf cmd="tag" pos="JJ">same</wf>
<wf cmd="ignore" pos="IN">around</wf>
<wf cmd="tag" pos="RB">here</wf>
<punc>''</punc>
<punc>.</punc>
<punc>)</punc>
</s>
<s snum="46">
<wf cmd="ignore" pos="CC">But</wf>
<wf cmd="tag" pos="NNP">Speaker_Sam_Rayburn</wf>
<punc>,</punc>
<wf cmd="ignore" pos="IN">after</wf>
<wf cmd="done" pos="VB" lemma="huddle" wnsn="1" lexsn="2:38:01::">huddling</wf>
<wf cmd="ignore" pos="IN">in</wf>
<wf cmd="tag" pos="NNP">Palm_Beach</wf>
<wf cmd="ignore" pos="IN">with</wf>
<wf cmd="tag" pos="NNP">President-elect_Kennedy</wf>
<punc>,</punc>
<wf cmd="done" pos="VB" lemma="decide" wnsn="1" lexsn="2:31:00::">decided</wf>
<wf cmd="ignore" pos="IN">that</wf>
<wf cmd="ignore" pos="DT">this</wf>
<wf cmd="tag" pos="NN">year</wf>
<wf cmd="tag" pos="NN">something</wf>
<wf cmd="done" pos="VB" ot="notag">had</wf>
<wf cmd="done" pos="VB" ot="notag">to</wf>
<wf cmd="done" pos="VB" ot="notag">be</wf>
<wf cmd="done" pos="VB" lemma="do" wnsn="1" lexsn="2:41:01::">done</wf>
<wf cmd="ignore" pos="IN">about</wf>
<wf cmd="ignore" pos="DT">the</wf>
<wf cmd="tag" pos="NNP">Rules_Committee</wf>
<punc>-</punc>
<wf cmd="ignore" pos="CC">and</wf>
<wf cmd="ignore" pos="IN">that</wf>
<wf cmd="ignore" pos="PRP">he</wf>
<wf cmd="done" pos="VB" lemma="be" wnsn="2" lexsn="2:42:06::">was</wf>
<wf cmd="ignore" pos="DT">the</wf>
<wf cmd="tag" pos="JJ">only</wf>
<wf cmd="tag" pos="NN">man</wf>
<wf cmd="ignore" pos="WP">who</wf>
<wf cmd="ignore" pos="MD">could</wf>
<wf cmd="done" pos="VB" lemma="do" wnsn="1" lexsn="2:41:01::">do</wf>
<wf cmd="tag" pos="NN">anything</wf>
<wf cmd="tag" pos="JJ">effective</wf>
<punc>.</punc>
</s>
</p>
<p pnum="13">
<s snum="47">
<wf cmd="ignore" pos="IN">In</wf>
<wf cmd="ignore" pos="DT">a</wf>
<wf cmd="tag" pos="JJ">tense</wf>
<punc>,</punc>
<wf cmd="tag" pos="JJ">closed-door</wf>
<wf cmd="tag" pos="NN">session</wf>
<wf cmd="ignore" pos="IN">with</wf>
<wf cmd="tag" pos="NNP">Judge_Smith</wf>
<punc>,</punc>
<wf cmd="tag" pos="NNP">Rayburn</wf>
<wf cmd="done" pos="VB" lemma="attempt" wnsn="1" lexsn="2:41:00::">attempted</wf>
<wf cmd="ignore" pos="TO">to</wf>
<wf cmd="done" pos="VB" lemma="work_out" wnsn="1" lexsn="2:30:00::">work_out</wf>
<wf cmd="ignore" pos="DT">a</wf>
<wf cmd="tag" pos="NN">compromise</wf>
<punc>:</punc>
<wf cmd="ignore" pos="TO">to</wf>
<wf cmd="done" pos="VB" lemma="add" wnsn="1" lexsn="2:30:00::">add</wf>
<wf cmd="tag" pos="CD">three</wf>
<wf cmd="tag" pos="JJ">new</wf>
<wf cmd="tag" pos="NNS">members</wf>
<wf cmd="ignore" pos="TO">to</wf>
<wf cmd="ignore" pos="DT">the</wf>
<wf cmd="tag" pos="NNP">Rules_Committee</wf>
<punc>(</punc>
<wf cmd="tag" pos="CD">two</wf>
<wf cmd="tag" pos="NNPS">Democrats</wf>
<punc>,</punc>
<wf cmd="done" pos="VB" lemma="include" wnsn="1" lexsn="2:42:00::">including</wf>
<wf cmd="tag" pos="CD">one</wf>
<wf cmd="tag" pos="NNP">Southerner</wf>
<punc>,</punc>
<wf cmd="ignore" pos="CC">and</wf>
<wf cmd="tag" pos="CD">one</wf>
<wf cmd="tag" pos="NNP">Republican</wf>
<punc>)</punc>
<punc>.</punc>
</s>
<s snum="48">
<wf cmd="tag" pos="NNP">Smith</wf>
<wf cmd="tag" pos="RB">flatly</wf>
<wf cmd="done" pos="VB" lemma="reject" wnsn="2" lexsn="2:40:00::">rejected</wf>
<wf cmd="ignore" pos="DT">the</wf>
<wf cmd="tag" pos="NN">offer</wf>
<punc>,</punc>
<wf cmd="ignore" pos="CC">and</wf>
<wf cmd="tag" pos="NNP">Mister_Sam</wf>
<wf cmd="tag" pos="RB">thereupon</wf>
<wf cmd="done" pos="VB" lemma="decide" wnsn="1" lexsn="2:31:00::">decided</wf>
<wf cmd="ignore" pos="TO">to</wf>
<wf cmd="done" pos="VB" lemma="join" wnsn="1" lexsn="2:41:00::">join</wf>
<wf cmd="ignore" pos="DT">the</wf>
<wf cmd="tag" pos="NNS">rebels</wf>
<punc>.</punc>
</s>
<s snum="49">
<wf cmd="ignore" pos="DT">The</wf>
<wf cmd="tag" pos="JJ">next</wf>
<wf cmd="tag" pos="NN">morning</wf>
<wf cmd="ignore" pos="PRP">he</wf>
<wf cmd="done" pos="VB" lemma="summon" wnsn="1" lexsn="2:32:00::">summoned</wf>
<wf cmd="ignore" pos="DT">a</wf>
<wf cmd="tag" pos="NN">group</wf>
<wf cmd="ignore" pos="IN">of</wf>
<wf cmd="tag" pos="JJ">top</wf>
<wf cmd="tag" pos="NNPS">Democrats</wf>
<wf cmd="ignore" pos="TO">to</wf>
<wf cmd="ignore" pos="PRP$">his</wf>
<wf cmd="tag" pos="JJ">private</wf>
<wf cmd="tag" pos="NN">office</wf>
<wf cmd="ignore" pos="CC">and</wf>
<wf cmd="done" pos="VB" lemma="break" wnsn="15" lexsn="2:32:00::">broke</wf>
<wf cmd="ignore" pos="DT">the</wf>
<wf cmd="tag" pos="NN">news</wf>
<punc>:</punc>
<wf cmd="ignore" pos="PRP">he</wf>
<wf cmd="ignore" pos="MD">would</wf>
<wf cmd="done" pos="VB" lemma="lead" wnsn="7" lexsn="2:41:00::">lead</wf>
<wf cmd="ignore" pos="DT">the</wf>
<wf cmd="tag" pos="NN">fight</wf>
<wf cmd="ignore" pos="TO">to</wf>
<wf cmd="done" pos="VB" lemma="oust" wnsn="1" lexsn="2:41:00::">oust</wf>
<wf cmd="tag" pos="NNP">Colmer</wf>
<punc>,</punc>
<wf cmd="ignore" pos="WP">whom</wf>
<wf cmd="ignore" pos="PRP">he</wf>
<wf cmd="done" pos="VBZ" ot="notag">is</wf>
<wf cmd="done" pos="VB" lemma="say" wnsn="2" lexsn="2:32:01::">said</wf>
<wf cmd="ignore" pos="TO">to</wf>
<wf cmd="done" pos="VB" lemma="regard_as" wnsn="1" lexsn="2:31:00::">regard_as</wf>
<punc>``</punc>
<wf cmd="ignore" pos="DT">an</wf>
<wf cmd="tag" pos="JJ">inferior</wf>
<wf cmd="tag" pos="NN">man</wf>
<punc>''</punc>
<punc>.</punc>
</s>
</p>
<p pnum="14">
<s snum="50">
<wf cmd="tag" pos="NNP">News</wf>
<wf cmd="ignore" pos="IN">of</wf>
<wf cmd="tag" pos="NNP">Rayburn</wf>
<wf cmd="ignore" pos="POS">'s</wf>
<wf cmd="tag" pos="NN">commitment</wf>
<wf cmd="tag" pos="RB">soon</wf>
<wf cmd="done" pos="VB" lemma="leak_out" wnsn="1" lexsn="2:32:00::">leaked_out</wf>
<punc>.</punc>
</s>
<s snum="51">
<wf cmd="ignore" pos="WRB">When</wf>
<wf cmd="tag" pos="NNP">Missouri</wf>
<wf cmd="ignore" pos="POS">'s</wf>
<wf cmd="tag" pos="NNP">Clarence_Cannon</wf>
<wf cmd="done" pos="VB" lemma="get" wnsn="4" lexsn="2:30:03::">got</wf>
<wf cmd="ignore" pos="DT">the</wf>
<wf cmd="tag" pos="NN">word</wf>
<punc>,</punc>
<wf cmd="ignore" pos="PRP">he</wf>
<wf cmd="done" pos="VB" lemma="turn" wnsn="7" lexsn="2:30:03::">turned</wf>
<wf cmd="tag" pos="JJ">purple</wf>
<punc>.</punc>
</s>
<s snum="52">
<punc>``</punc>
<wf cmd="tag" pos="JJ">Unconscionable</wf>
<punc>''</punc>
<punc>!</punc>
<wf cmd="ignore" pos="PRP">he</wf>
<wf cmd="done" pos="VB" lemma="shout" wnsn="1" lexsn="2:32:00::">shouted</wf>
<punc>,</punc>
<wf cmd="ignore" pos="CC">and</wf>
<wf cmd="done" pos="VB" lemma="rush_off" wnsn="1" lexsn="2:38:00::">rushed_off</wf>
<wf cmd="ignore" pos="TO">to</wf>
<wf cmd="ignore" pos="DT">the</wf>
<wf cmd="tag" pos="NNP">Speaker</wf>
<wf cmd="ignore" pos="POS">'s</wf>
<wf cmd="tag" pos="NNP">Room</wf>
<wf cmd="ignore" pos="TO">to</wf>
<wf cmd="done" pos="VB" lemma="object" wnsn="1" lexsn="2:32:00::">object</wf>
<punc>:</punc>
<punc>``</punc>
<wf cmd="ignore" pos="DT">A</wf>
<wf cmd="tag" pos="JJ">dangerous</wf>
<wf cmd="tag" pos="NN">precedent</wf>
<punc>''</punc>
<punc>!</punc>
</s>
<s snum="53">
<wf cmd="tag" pos="NNP">Cannon</wf>
<punc>,</punc>
<wf cmd="ignore" pos="DT">a</wf>
<wf cmd="tag" pos="JJ">powerful</wf>
<punc>,</punc>
<wf cmd="tag" pos="JJ">conservative</wf>
<wf cmd="tag" pos="NN">man</wf>
<punc>,</punc>
<wf cmd="done" pos="VB" lemma="bring" wnsn="2" lexsn="2:35:04::">brought</wf>
<wf cmd="tag" pos="JJ">welcome</wf>
<wf cmd="tag" pos="NN">support</wf>
<wf cmd="ignore" pos="TO">to</wf>
<wf cmd="ignore" pos="DT">the</wf>
<wf cmd="tag" pos="NNP">Smith-Colmer</wf>
<wf cmd="tag" pos="NNS">forces</wf>
<punc>:</punc>
<wf cmd="ignore" pos="IN">as</wf>
<wf cmd="tag" pos="NN">chairman</wf>
<wf cmd="ignore" pos="IN">of</wf>
<wf cmd="ignore" pos="DT">the</wf>
<wf cmd="tag" pos="NNP">Appropriations_Committee</wf>
<punc>,</punc>
<wf cmd="ignore" pos="PRP">he</wf>
<wf cmd="done" pos="VB" lemma="hold_over" wnsn="1" lexsn="2:37:00::">holds_over</wf>
<wf cmd="ignore" pos="DT">each</wf>
<wf cmd="tag" pos="NN">member</wf>
<wf cmd="ignore" pos="DT">the</wf>
<wf cmd="tag" pos="JJ">dreadful</wf>
<wf cmd="tag" pos="NN">threat</wf>
<wf cmd="ignore" pos="IN">of</wf>
<wf cmd="done" pos="VB" lemma="exclude" wnsn="2" lexsn="2:41:00::">excluding</wf>
<wf cmd="ignore" pos="DT">this</wf>
<wf cmd="ignore" pos="CC">or</wf>
<wf cmd="ignore" pos="IN">that</wf>
<wf cmd="tag" pos="NN">congressional_district</wf>
<wf cmd="ignore" pos="IN">from</wf>
<wf cmd="tag" pos="JJ">federal</wf>
<wf cmd="tag" pos="JJ">pork-barrel</wf>
<wf cmd="tag" pos="NNS">projects</wf>
<punc>.</punc>
</s>
<s snum="54">
<wf cmd="done" pos="VB" lemma="sit" wnsn="1" lexsn="2:35:00::">Sitting</wf>
<wf cmd="tag" pos="RB">quietly</wf>
<wf cmd="ignore" pos="IN">on</wf>
<wf cmd="ignore" pos="DT">an</wf>
<wf cmd="tag" pos="RB">equally</wf>
<wf cmd="tag" pos="JJ">big</wf>
<wf cmd="tag" pos="NN">pork_barrel</wf>
<wf cmd="done" pos="VBD" ot="notag">was</wf>
<wf cmd="ignore" pos="DT">another</wf>
<wf cmd="tag" pos="NNP">Judge_Smith</wf>
<wf cmd="tag" pos="NN">ally</wf>
<punc>,</punc>
<wf cmd="tag" pos="NNP">Georgia</wf>
<wf cmd="ignore" pos="POS">'s</wf>
<wf cmd="tag" pos="NNP">Carl_Vinson</wf>
<punc>,</punc>
<wf cmd="tag" pos="NN">chairman</wf>
<wf cmd="ignore" pos="IN">of</wf>
<wf cmd="ignore" pos="DT">the</wf>
<wf cmd="tag" pos="NN">Armed_Services</wf>
<wf cmd="tag" pos="NNP">Committee</wf>
<punc>.</punc>
</s>
</p>
<p pnum="15">
<s snum="55">
<wf cmd="ignore" pos="IN">As</wf>
<wf cmd="ignore" pos="DT">the</wf>
<wf cmd="tag" pos="NN">battle</wf>
<wf cmd="done" pos="VB" lemma="rage" wnsn="2" lexsn="2:42:00::">raged</wf>
<wf cmd="ignore" pos="IN">in</wf>
<wf cmd="ignore" pos="DT">the</wf>
<wf cmd="tag" pos="NNS">cloakrooms</wf>
<wf cmd="ignore" pos="CC">and</wf>
<wf cmd="tag" pos="NNS">caucuses</wf>
<punc>,</punc>
<wf cmd="ignore" pos="PRP">it</wf>
<wf cmd="done" pos="VBD" ot="notag">became</wf>
<wf cmd="tag" pos="JJ">clear</wf>
<wf cmd="ignore" pos="IN">that</wf>
<wf cmd="tag" pos="NNP">Judge_Smith</wf>
<wf cmd="ignore" pos="MD">could</wf>
<wf cmd="done" pos="VB" lemma="lose" wnsn="2" lexsn="2:33:00::">lose</wf>
<punc>.</punc>
</s>
<s snum="56">
<wf cmd="ignore" pos="PRP$">His</wf>
<wf cmd="tag" pos="JJS">highest</wf>
<wf cmd="tag" pos="NN">count</wf>
<wf cmd="ignore" pos="IN">of</wf>
<wf cmd="tag" pos="NNS">supporters</wf>
<wf cmd="done" pos="VB" lemma="number" wnsn="1" lexsn="2:42:00::">numbered</wf>
<wf cmd="tag" pos="CD">72</wf>
<punc>-</punc>
<wf cmd="ignore" pos="CC">and</wf>
<wf cmd="ignore" pos="PRP">he</wf>
<wf cmd="done" pos="VB" lemma="need" wnsn="1" lexsn="2:42:00::">needed</wf>
<wf cmd="tag" pos="RB">nearly</wf>
<wf cmd="tag" pos="RB">twice</wf>
<wf cmd="ignore" pos="IN">that</wf>
<wf cmd="tag" pos="NN">number</wf>
<wf cmd="ignore" pos="TO">to</wf>
<wf cmd="done" pos="VB" lemma="control" wnsn="1" lexsn="2:41:00::">control</wf>
<wf cmd="ignore" pos="DT">the</wf>
<wf cmd="tag" pos="CD">260</wf>
<punc>-</punc>
<wf cmd="tag" pos="NN">member</wf>
<wf cmd="tag" pos="JJ">Democratic</wf>
<wf cmd="tag" pos="NN">caucus</wf>
<punc>.</punc>
</s>
<s snum="57">
<wf cmd="ignore" pos="DT">The</wf>
<wf cmd="tag" pos="NNS">liberals</wf>
<punc>,</punc>
<wf cmd="done" pos="VB" lemma="smell" wnsn="1" lexsn="2:39:01::">smelling</wf>
<wf cmd="tag" pos="NN">blood</wf>
<punc>,</punc>
<wf cmd="done" pos="VBD" ot="notag">were</wf>
<wf cmd="done" pos="VB" lemma="face" wnsn="2" lexsn="2:33:00::">faced</wf>
<wf cmd="ignore" pos="IN">with</wf>
<wf cmd="ignore" pos="DT">the</wf>
<wf cmd="tag" pos="NN">necessity</wf>
<wf cmd="ignore" pos="IN">of</wf>
<wf cmd="done" pos="VB" lemma="win" wnsn="1" lexsn="2:33:00::">winning</wf>
<wf cmd="tag" pos="CD">three</wf>
<wf cmd="tag" pos="JJ">big</wf>
<wf cmd="tag" pos="NNS">votes</wf>
<punc>-</punc>
<wf cmd="ignore" pos="IN">in</wf>
<wf cmd="ignore" pos="DT">the</wf>
<wf cmd="tag" pos="JJ">Democratic</wf>
<wf cmd="tag" pos="NNP">Committee</wf>
<wf cmd="ignore" pos="IN">on</wf>
<wf cmd="tag" pos="NNS">Committees</wf>
<punc>,</punc>
<wf cmd="ignore" pos="IN">in</wf>
<wf cmd="ignore" pos="DT">the</wf>
<wf cmd="tag" pos="JJ">full</wf>
<wf cmd="tag" pos="NN">party</wf>
<wf cmd="tag" pos="NN">caucus</wf>
<punc>,</punc>
<wf cmd="ignore" pos="CC">and</wf>
<wf cmd="ignore" pos="IN">on</wf>
<wf cmd="ignore" pos="DT">the</wf>
<wf cmd="tag" pos="NN">floor</wf>
<wf cmd="ignore" pos="IN">of</wf>
<wf cmd="ignore" pos="DT">the</wf>
<wf cmd="tag" pos="NNP">House</wf>
<punc>-</punc>
<wf cmd="ignore" pos="IN">before</wf>
<wf cmd="ignore" pos="PRP">they</wf>
<wf cmd="ignore" pos="MD">could</wf>
<wf cmd="done" pos="VB" lemma="oust" wnsn="1" lexsn="2:41:00::">oust</wf>
<wf cmd="tag" pos="NNP">Colmer</wf>
<punc>.</punc>
</s>
<s snum="58">
<punc>(</punc>
<wf cmd="tag" pos="CD">One</wf>
<wf cmd="tag" pos="JJ">big</wf>
<wf cmd="tag" pos="NN">question</wf>
<punc>:</punc>
<wf cmd="ignore" pos="IN">If</wf>
<wf cmd="tag" pos="NNP">Colmer</wf>
<wf cmd="done" pos="VBD" ot="notag">was</wf>
<wf cmd="ignore" pos="TO">to</wf>
<wf cmd="done" pos="VB" ot="notag">be</wf>
<wf cmd="done" pos="VB" lemma="purge" wnsn="1" lexsn="2:41:00::">purged</wf>
<punc>,</punc>
<wf cmd="ignore" pos="WP">what</wf>
<wf cmd="ignore" pos="MD">should</wf>
<wf cmd="ignore" pos="DT">the</wf>
<wf cmd="tag" pos="NNP">House</wf>
<wf cmd="done" pos="VB" lemma="do" wnsn="1" lexsn="2:41:01::">do</wf>
<wf cmd="ignore" pos="IN">about</wf>
<wf cmd="ignore" pos="DT">the</wf>
<wf cmd="tag" pos="JJ">other</wf>
<wf cmd="tag" pos="CD">three</wf>
<wf cmd="tag" pos="JJ">senior</wf>
<wf cmd="tag" pos="NNS">Mississippians</wf>
<wf cmd="ignore" pos="WP">who</wf>
<wf cmd="done" pos="VB" lemma="support" wnsn="3" lexsn="2:41:01::">supported</wf>
<wf cmd="ignore" pos="DT">the</wf>
<wf cmd="tag" pos="NN">maverick</wf>
<wf cmd="tag" pos="NNS">electors</wf>
<punc>?</punc>
<punc>)</punc>
</s>
<s snum="59">
<wf cmd="tag" pos="RB">In_all</wf>
<wf cmd="tag" pos="CD">three</wf>
<wf cmd="tag" pos="NNS">arenas</wf>
<punc>,</punc>
<wf cmd="ignore" pos="PRP">they</wf>
<wf cmd="done" pos="VB" lemma="seem" wnsn="1" lexsn="2:39:00::">seemed</wf>
<wf cmd="tag" pos="JJ">certain</wf>
<wf cmd="ignore" pos="IN">of</wf>
<wf cmd="tag" pos="NN">victory</wf>
<punc>-</punc>
<wf cmd="tag" pos="RB">especially</wf>
<wf cmd="ignore" pos="IN">with</wf>
<wf cmd="tag" pos="NNP">Sam_Rayburn</wf>
<wf cmd="done" pos="VB" lemma="apply" wnsn="0" lexsn="2:41:05::">applying</wf>
<wf cmd="ignore" pos="PRP$">his</wf>
<wf cmd="tag" pos="NN">whiplash</wf>
<punc>.</punc>
</s>
</p>
<p pnum="16">
<s snum="60">
<wf cmd="ignore" pos="CC">But</wf>
<wf cmd="ignore" pos="IN">in</wf>
<wf cmd="ignore" pos="DT">the</wf>
<wf cmd="tag" pos="NN">prospect</wf>
<wf cmd="ignore" pos="IN">of</wf>
<wf cmd="done" pos="VB" lemma="win" wnsn="1" lexsn="2:33:00::">winning</wf>
<wf cmd="ignore" pos="DT">the</wf>
<wf cmd="tag" pos="NN">battle</wf>
<wf cmd="done" pos="VB" lemma="loom" wnsn="3" lexsn="2:42:06::">loomed</wf>
<wf cmd="ignore" pos="DT">the</wf>
<wf cmd="tag" pos="NN">specter</wf>
<wf cmd="ignore" pos="IN">of</wf>
<wf cmd="done" pos="VB" lemma="lose" wnsn="2" lexsn="2:33:00::">losing</wf>
<wf cmd="ignore" pos="DT">a</wf>
<wf cmd="tag" pos="JJR">costlier</wf>
<wf cmd="tag" pos="NN">war</wf>
<punc>.</punc>
</s>
<s snum="61">
<wf cmd="ignore" pos="IN">If</wf>
<wf cmd="ignore" pos="DT">the</wf>
<wf cmd="tag" pos="NNPS">Southerners</wf>
<wf cmd="done" pos="VB" lemma="be" wnsn="1" lexsn="2:42:03::">were</wf>
<wf cmd="tag" pos="RB">sufficiently</wf>
<wf cmd="tag" pos="JJ">aroused</wf>
<punc>,</punc>
<wf cmd="ignore" pos="PRP">they</wf>
<wf cmd="ignore" pos="MD">could</wf>
<wf cmd="tag" pos="RB">very_well</wf>
<wf cmd="done" pos="VB" lemma="cut" wnsn="1" lexsn="2:35:00::">cut</wf>
<wf cmd="ignore" pos="DT">the</wf>
<wf cmd="tag" pos="NNP">Kennedy</wf>
<wf cmd="tag" pos="JJ">legislative</wf>
<wf cmd="tag" pos="NN">program</wf>
<wf cmd="ignore" pos="TO">to</wf>
<wf cmd="tag" pos="NNS">ribbons</wf>
<wf cmd="ignore" pos="IN">from</wf>
<wf cmd="ignore" pos="PRP$">their</wf>
<wf cmd="tag" pos="NN">vantage_point</wf>
<wf cmd="ignore" pos="IN">of</wf>
<wf cmd="tag" pos="NN">committee</wf>
<wf cmd="tag" pos="NNS">chairmanships</wf>
<punc>,</punc>
<wf cmd="done" pos="VB" lemma="leave" wnsn="7" lexsn="2:42:00::">leaving</wf>
<wf cmd="tag" pos="NNP">Sam_Rayburn</wf>
<wf cmd="done" pos="VB" lemma="lead" wnsn="7" lexsn="2:41:00::">leading</wf>
<wf cmd="ignore" pos="DT">a</wf>
<wf cmd="tag" pos="JJ">truncated</wf>
<punc>,</punc>
<wf cmd="tag" pos="JJ">unworkable</wf>
<wf cmd="tag" pos="NN">party</wf>
<punc>.</punc>
</s>
<s snum="62">
<wf cmd="tag" pos="RB">With_that</wf>
<wf cmd="tag" pos="NN">possibility</wf>
<wf cmd="ignore" pos="IN">in</wf>
<wf cmd="tag" pos="NN">mind</wf>
<punc>,</punc>
<wf cmd="tag" pos="NNP">Arkansas</wf>
<punc>'</punc>
<wf cmd="tag" pos="NNP">Wilbur_Mills</wf>
<wf cmd="tag" pos="RB">deliberately</wf>
<wf cmd="done" pos="VB" lemma="delay" wnsn="2" lexsn="2:42:00::">delayed</wf>
<wf cmd="done" pos="VB" lemma="call" wnsn="7" lexsn="2:41:04::">calling</wf>
<wf cmd="ignore" pos="DT">a</wf>
<wf cmd="tag" pos="NN">meeting</wf>
<wf cmd="ignore" pos="IN">of</wf>
<wf cmd="ignore" pos="DT">the</wf>
<wf cmd="tag" pos="NNP">Committee</wf>
<wf cmd="ignore" pos="IN">on</wf>
<wf cmd="tag" pos="NNS">Committees</wf>
<punc>,</punc>
<wf cmd="ignore" pos="CC">and</wf>
<wf cmd="tag" pos="JJ">coolheaded</wf>
<wf cmd="tag" pos="NNPS">Democrats</wf>
<wf cmd="done" pos="VB" lemma="seek" wnsn="3" lexsn="2:41:00::">sought</wf>
<wf cmd="ignore" pos="TO">to</wf>
<wf cmd="done" rdf="bring_together" pos="VB" lemma="bring_together" wnsn="2" lexsn="2:35:02::">bring</wf>
<wf cmd="tag" pos="NNP">Rayburn</wf>
<wf cmd="ignore" pos="CC">and</wf>
<wf cmd="tag" pos="NNP">Smith</wf>
<wf cmd="tag" pos="RB">together</wf>
<wf cmd="tag" pos="RB">again</wf>
<wf cmd="ignore" pos="TO">to</wf>
<wf cmd="done" pos="VB" lemma="work_out" wnsn="1" lexsn="2:30:00::">work_out</wf>
<wf cmd="ignore" pos="DT">some</wf>
<wf cmd="tag" pos="RB">sort_of</wf>
<wf cmd="tag" pos="JJ">face-saving</wf>
<wf cmd="tag" pos="NN">compromise</wf>
<punc>.</punc>
</s>
<s snum="63">
<punc>``</punc>
<wf cmd="tag" pos="RB">Here</wf>
<wf cmd="done" pos="VB" lemma="be" wnsn="5" lexsn="2:42:04::">are</wf>
<wf cmd="tag" pos="CD">two</wf>
<wf cmd="tag" pos="NN">old_men</wf>
<punc>,</punc>
<wf cmd="tag" pos="JJ">mad</wf>
<wf cmd="ignore" pos="IN">at</wf>
<wf cmd="ignore" pos="DT">each</wf>
<wf cmd="tag" pos="JJ">other</wf>
<wf cmd="ignore" pos="CC">and</wf>
<wf cmd="tag" pos="RB">too</wf>
<wf cmd="tag" pos="JJ">proud</wf>
<wf cmd="ignore" pos="TO">to</wf>
<wf cmd="done" pos="VB" lemma="pick_up" wnsn="2" lexsn="2:35:01::">pick_up</wf>
<wf cmd="ignore" pos="DT">the</wf>
<wf cmd="tag" pos="NN">phone</wf>
<punc>''</punc>
<punc>,</punc>
<wf cmd="done" pos="VB" lemma="say" wnsn="1" lexsn="2:32:00::">said</wf>
<wf cmd="ignore" pos="DT">a</wf>
<wf cmd="tag" pos="NNP">House</wf>
<wf cmd="tag" pos="JJ">Democratic</wf>
<wf cmd="tag" pos="NN">leader</wf>
<punc>.</punc>
</s>
<s snum="64">
<punc>``</punc>
<wf cmd="tag" pos="CD">One</wf>
<wf cmd="done" pos="VB" lemma="want" wnsn="1" lexsn="2:37:00::">wants</wf>
<wf cmd="tag" pos="RB">a_little</wf>
<wf cmd="tag" pos="JJR">more</wf>
<wf cmd="tag" pos="NN">power</wf>
<punc>,</punc>
<wf cmd="ignore" pos="CC">and</wf>
<wf cmd="ignore" pos="DT">the</wf>
<wf cmd="tag" pos="JJ">other</wf>
<wf cmd="done" pos="VBZ" ot="notag">does</wf>
<wf cmd="tag" pos="RB">n't</wf>
<wf cmd="done" pos="VB" lemma="want" wnsn="1" lexsn="2:37:00::">want</wf>
<wf cmd="done" pos="VB" ot="notag">to</wf>
<wf cmd="done" pos="VB" lemma="give_up" wnsn="6" lexsn="2:40:03::">give_up</wf>
<wf cmd="ignore" pos="DT">any</wf>
<punc>''</punc>
<punc>.</punc>
</s>
</p>
<p pnum="17">
<s snum="65">
<wf cmd="ignore" pos="DT">The</wf>
<wf cmd="tag" pos="NNP">Senate</wf>
<wf cmd="done" pos="VB" lemma="launch" wnsn="1" lexsn="2:41:01::">launched</wf>
<wf cmd="ignore" pos="DT">the</wf>
<wf cmd="tag" pos="CD">87</wf>
<wf cmd="ignore" pos="DT">th</wf>
<wf cmd="tag" pos="NNP">Congress</wf>
<wf cmd="ignore" pos="IN">with</wf>
<wf cmd="ignore" pos="PRP$">its</wf>
<wf cmd="tag" pos="JJ">own</wf>
<wf cmd="tag" pos="NN">version</wf>
<wf cmd="ignore" pos="IN">of</wf>
<wf cmd="ignore" pos="DT">an</wf>
<wf cmd="tag" pos="JJ">ancient</wf>
<wf cmd="tag" pos="JJ">liberal-conservative</wf>
<wf cmd="tag" pos="NN">battle</wf>
<punc>,</punc>
<wf cmd="ignore" pos="CC">but</wf>
<wf cmd="ignore" pos="IN">in</wf>
<wf cmd="tag" pos="NN">contrast</wf>
<wf cmd="ignore" pos="IN">with</wf>
<wf cmd="ignore" pos="DT">the</wf>
<wf cmd="tag" pos="NNP">House</wf>
<wf cmd="ignore" pos="POS">'s</wf>
<wf cmd="tag" pos="NN">guerrilla</wf>
<wf cmd="tag" pos="NN">war</wf>
<wf cmd="ignore" pos="PRP">it</wf>
<wf cmd="done" pos="VB" lemma="seem" wnsn="1" lexsn="2:39:00::">seemed</wf>
<wf cmd="tag" pos="RB">as</wf>
<wf cmd="tag" pos="RB">pro_forma</wf>
<wf cmd="ignore" pos="IN">as</wf>
<wf cmd="ignore" pos="DT">a</wf>
<wf cmd="tag" pos="NNP">Capitol</wf>
<wf cmd="tag" pos="NN">guide</wf>
<wf cmd="ignore" pos="POS">'s</wf>
<wf cmd="tag" pos="NN">speech</wf>
<punc>.</punc>
</s>
<s snum="66">
<wf cmd="tag" pos="NN">Question</wf>
<wf cmd="tag" pos="JJ">at_issue</wf>
<punc>:</punc>
<wf cmd="ignore" pos="WRB">How</wf>
<wf cmd="tag" pos="JJ">big</wf>
<wf cmd="ignore" pos="DT">a</wf>
<wf cmd="tag" pos="NN">vote</wf>
<wf cmd="ignore" pos="MD">should</wf>
<wf cmd="done" pos="VB" lemma="be" wnsn="1" lexsn="2:42:03::">be</wf>
<wf cmd="tag" pos="JJ">necessary</wf>
<wf cmd="ignore" pos="TO">to</wf>
<wf cmd="done" pos="VB" lemma="restrict" wnsn="3" lexsn="2:30:00::">restrict</wf>
<wf cmd="tag" pos="NNP">Senate</wf>
<wf cmd="tag" pos="NN">debate</wf>
<punc>-</punc>
<wf cmd="ignore" pos="CC">and</wf>
<wf cmd="tag" pos="RB">thereby</wf>
<wf cmd="done" pos="VB" lemma="cut_off" wnsn="2" lexsn="2:30:00::">cut_off</wf>
<wf cmd="tag" pos="JJ">legislation-delaying</wf>
<wf cmd="tag" pos="NNS">filibusters</wf>
<punc>?</punc>
</s>
</p>
<p pnum="18">
<s snum="67">
<wf cmd="ignore" pos="DT">A</wf>
<wf cmd="tag" pos="JJ">wide-ranging</wf>
<punc>,</punc>
<wf cmd="tag" pos="JJ">bipartisan</wf>
<wf cmd="tag" pos="NN">force</wf>
<punc>-</punc>
<wf cmd="ignore" pos="IN">from</wf>
<wf cmd="tag" pos="NNP">Minnesota</wf>
<wf cmd="ignore" pos="POS">'s</wf>
<wf cmd="tag" pos="JJ">Democratic</wf>
<wf cmd="tag" pos="NNP">Hubert_Humphrey</wf>
<wf cmd="ignore" pos="TO">to</wf>
<wf cmd="tag" pos="NNP">Massachusetts</wf>
<punc>'</punc>
<wf cmd="tag" pos="NNP">Republican_Leverett_Saltonstall</wf>
<punc>-</punc>
<wf cmd="done" pos="VBD" ot="notag">was</wf>
<wf cmd="done" pos="VB" lemma="draw_up" wnsn="1" lexsn="2:41:00::">drawn_up</wf>
<wf cmd="ignore" pos="IN">against</wf>
<wf cmd="ignore" pos="DT">a</wf>
<wf cmd="tag" pos="JJ">solid</wf>
<wf cmd="tag" pos="NN">phalanx</wf>
<wf cmd="ignore" pos="IN">of</wf>
<wf cmd="tag" pos="NNP">Southern</wf>
<wf cmd="tag" pos="NNPS">Democrats</wf>
<punc>,</punc>
<wf cmd="ignore" pos="WP">who</wf>
<wf cmd="done" pos="VBP" ot="notag">have</wf>
<wf cmd="tag" pos="RB">traditionally</wf>
<wf cmd="done" pos="VB" lemma="use" wnsn="1" lexsn="2:34:01::">used</wf>
<wf cmd="ignore" pos="DT">the</wf>
<wf cmd="tag" pos="NN">filibuster</wf>
<wf cmd="ignore" pos="TO">to</wf>
<wf cmd="done" pos="VB" lemma="stop" wnsn="6" lexsn="2:30:05::">stop</wf>
<wf cmd="tag" pos="NN">civil_rights</wf>
<wf cmd="tag" pos="NNS">bills</wf>
<punc>.</punc>
</s>
<s snum="68">
<wf cmd="tag" pos="NN">New_Mexico</wf>
<wf cmd="ignore" pos="POS">'s</wf>
<wf cmd="tag" pos="NNP">Clint_Anderson</wf>
<wf cmd="done" pos="VB" lemma="offer" wnsn="2" lexsn="2:40:00::">offered</wf>
<wf cmd="ignore" pos="DT">a</wf>
<wf cmd="tag" pos="NN">resolution</wf>
<wf cmd="ignore" pos="TO">to</wf>
<wf cmd="done" pos="VB" lemma="change" wnsn="1" lexsn="2:30:01::">change</wf>
<wf cmd="ignore" pos="DT">the</wf>
<wf cmd="tag" pos="NNP">Senate</wf>
<wf cmd="ignore" pos="POS">'s</wf>
<wf cmd="tag" pos="JJ">notorious</wf>
<wf cmd="tag" pos="NNP">Rule</wf>
<wf cmd="tag" pos="CD">22</wf>
<wf cmd="ignore" pos="TO">to</wf>
<wf cmd="done" pos="VB" lemma="allow" wnsn="1" lexsn="2:41:00::">allow</wf>
<wf cmd="tag" pos="JJ">three-fifths</wf>
<wf cmd="ignore" pos="IN">of</wf>
<wf cmd="ignore" pos="DT">the</wf>
<wf cmd="tag" pos="NNS">Senators</wf>
<wf cmd="tag" pos="JJ">present</wf>
<wf cmd="ignore" pos="CC">and</wf>
<wf cmd="done" pos="VB" lemma="vote" wnsn="1" lexsn="2:41:13::">voting</wf>
<wf cmd="ignore" pos="TO">to</wf>
<wf cmd="done" pos="VB" lemma="cut_off" wnsn="2" lexsn="2:30:00::">cut_off</wf>
<wf cmd="tag" pos="NN">debate</wf>
<punc>,</punc>
<wf cmd="tag" pos="RB">instead</wf>
<wf cmd="ignore" pos="IN">of</wf>
<wf cmd="ignore" pos="DT">the</wf>
<wf cmd="tag" pos="JJ">current</wf>
<wf cmd="tag" pos="JJ">hard-to-get</wf>
<wf cmd="tag" pos="NNS">two-thirds</wf>
<punc>.</punc>
</s>
<s snum="69">
<wf cmd="tag" pos="NNP">Fair_Dealer_Humphrey</wf>
<wf cmd="done" pos="VB" lemma="up" wnsn="1" lexsn="2:30:00::">upped</wf>
<wf cmd="ignore" pos="DT">the</wf>
<wf cmd="tag" pos="NN">ante</wf>
<punc>,</punc>
<wf cmd="done" pos="VB" lemma="ask" wnsn="2" lexsn="2:32:01::">asked</wf>
<wf cmd="tag" pos="NN">cloture</wf>
<wf cmd="tag" pos="NN">power</wf>
<wf cmd="ignore" pos="IN">for</wf>
<wf cmd="ignore" pos="DT">a</wf>
<wf cmd="tag" pos="JJ">mere</wf>
<wf cmd="tag" pos="NN">majority</wf>
<wf cmd="ignore" pos="IN">of</wf>
<wf cmd="tag" pos="NNS">Senators</wf>
<punc>.</punc>
</s>
<s snum="70">
<wf cmd="tag" pos="NNP">Georgia</wf>
<wf cmd="ignore" pos="POS">'s</wf>
<wf cmd="tag" pos="NNP">Dick_Russell</wf>
<wf cmd="done" pos="VB" lemma="object" wnsn="1" lexsn="2:32:00::">objected</wf>
<wf cmd="tag" pos="RB">politely</wf>
<punc>,</punc>
<wf cmd="ignore" pos="CC">and</wf>
<wf cmd="ignore" pos="DT">the</wf>
<wf cmd="tag" pos="NN">battle</wf>
<wf cmd="done" pos="VBD" ot="notag">was</wf>
<wf cmd="done" pos="VB" lemma="join" wnsn="1" lexsn="2:41:00::">joined</wf>
<punc>.</punc>
</s>
</p>
<p pnum="19">
<s snum="71">
<wf cmd="tag" pos="RB">Privately</wf>
<punc>,</punc>
<wf cmd="ignore" pos="DT">the</wf>
<wf cmd="tag" pos="NNS">liberals</wf>
<wf cmd="done" pos="VB" lemma="admit" wnsn="1" lexsn="2:32:00::">admitted</wf>
<wf cmd="ignore" pos="IN">that</wf>
<wf cmd="ignore" pos="DT">the</wf>
<wf cmd="tag" pos="NNP">Humphrey</wf>
<wf cmd="tag" pos="NN">amendment</wf>
<wf cmd="done" pos="VB" lemma="have" wnsn="1" lexsn="2:40:00::">had</wf>
<wf cmd="ignore" pos="DT">no</wf>
<wf cmd="tag" pos="NN">chance</wf>
<wf cmd="ignore" pos="IN">of</wf>
<wf cmd="tag" pos="NN">passage</wf>
<punc>.</punc>
</s>
<s snum="72">
<wf cmd="tag" pos="RB">Privately</wf>
<punc>,</punc>
<wf cmd="ignore" pos="PRP">they</wf>
<wf cmd="tag" pos="RB">also</wf>
<wf cmd="done" pos="VB" lemma="admit" wnsn="1" lexsn="2:32:00::">admitted</wf>
<wf cmd="ignore" pos="IN">that</wf>
<wf cmd="ignore" pos="PRP$">their</wf>
<wf cmd="tag" pos="NNS">hopes</wf>
<wf cmd="ignore" pos="IN">for</wf>
<wf cmd="tag" pos="NNP">Clint_Anderson</wf>
<wf cmd="ignore" pos="POS">'s</wf>
<wf cmd="tag" pos="JJ">three-fifths</wf>
<wf cmd="tag" pos="NN">modification</wf>
<wf cmd="done" pos="VB" lemma="depend_on" wnsn="1" lexsn="2:42:00::">depended_on</wf>
<wf cmd="tag" pos="NN">none</wf>
<wf cmd="tag" pos="JJ">other_than</wf>
<wf cmd="tag" pos="NNP">Republican_Richard_Nixon</wf>
<punc>.</punc>
</s>
<s snum="73">
<wf cmd="ignore" pos="IN">In</wf>
<wf cmd="tag" pos="CD">1957</wf>
<wf cmd="tag" pos="NNP">Nixon</wf>
<wf cmd="done" pos="VB" lemma="deliver" wnsn="1" lexsn="2:32:00::">delivered</wf>
<wf cmd="ignore" pos="DT">a</wf>
<wf cmd="tag" pos="JJ">significant</wf>
<wf cmd="tag" pos="NN">opinion</wf>
<wf cmd="ignore" pos="IN">that</wf>
<wf cmd="ignore" pos="DT">a</wf>
<wf cmd="tag" pos="NN">majority</wf>
<wf cmd="ignore" pos="IN">of</wf>
<wf cmd="tag" pos="NNS">Senators</wf>
<wf cmd="done" pos="VB" lemma="have" wnsn="1" lexsn="2:40:00::">had</wf>
<wf cmd="ignore" pos="DT">the</wf>
<wf cmd="tag" pos="NN">power</wf>
<wf cmd="ignore" pos="TO">to</wf>
<wf cmd="done" pos="VB" lemma="adopt" wnsn="1" lexsn="2:40:02::">adopt</wf>
<wf cmd="tag" pos="JJ">new</wf>
<wf cmd="tag" pos="NNS">rules</wf>
<wf cmd="ignore" pos="IN">at</wf>
<wf cmd="ignore" pos="DT">the</wf>
<wf cmd="tag" pos="NN">beginning</wf>
<wf cmd="ignore" pos="IN">of</wf>
<wf cmd="ignore" pos="DT">each</wf>
<wf cmd="tag" pos="JJ">new</wf>
<wf cmd="tag" pos="NNP">Congress</wf>
<punc>,</punc>
<wf cmd="ignore" pos="CC">and</wf>
<wf cmd="ignore" pos="IN">that</wf>
<wf cmd="ignore" pos="DT">any</wf>
<wf cmd="tag" pos="NNS">rules</wf>
<wf cmd="done" pos="VB" lemma="lay_down" wnsn="1" lexsn="2:31:00::">laid_down</wf>
<wf cmd="ignore" pos="IN">by</wf>
<wf cmd="tag" pos="JJ">previous</wf>
<wf cmd="tag" pos="NNS">Congresses</wf>
<wf cmd="done" pos="VB" lemma="be" wnsn="1" lexsn="2:42:03::">were</wf>
<wf cmd="tag" pos="RB">not</wf>
<wf cmd="tag" pos="NN">binding</wf>
<punc>.</punc>
</s>
</p>
<p pnum="20">
<s snum="74">
<wf cmd="done" pos="VB" lemma="arm" wnsn="1" lexsn="2:33:00::">Armed</wf>
<wf cmd="ignore" pos="IN">with</wf>
<wf cmd="ignore" pos="DT">the</wf>
<wf cmd="tag" pos="NNP">Nixon</wf>
<wf cmd="tag" pos="NN">opinion</wf>
<punc>,</punc>
<wf cmd="ignore" pos="DT">the</wf>
<wf cmd="tag" pos="NNP">Senate</wf>
<wf cmd="tag" pos="NNS">liberals</wf>
<wf cmd="done" pos="VB" lemma="round_up" wnsn="1" lexsn="2:35:00::">rounded_up</wf>
<wf cmd="ignore" pos="PRP$">their</wf>
<wf cmd="tag" pos="JJ">slim</wf>
<wf cmd="tag" pos="NN">majority</wf>
<wf cmd="ignore" pos="CC">and</wf>
<wf cmd="done" pos="VB" lemma="prepare" wnsn="1" lexsn="2:30:00::">prepared</wf>
<wf cmd="ignore" pos="TO">to</wf>
<wf cmd="done" pos="VB" lemma="choke_off" wnsn="1" lexsn="2:30:00::">choke_off</wf>
<wf cmd="tag" pos="NN">debate</wf>
<wf cmd="ignore" pos="IN">on</wf>
<wf cmd="ignore" pos="DT">the</wf>
<wf cmd="tag" pos="NN">filibuster</wf>
<wf cmd="tag" pos="NN">battle</wf>
<wf cmd="ignore" pos="DT">this</wf>
<wf cmd="tag" pos="NN">week</wf>
<punc>.</punc>
</s>
<s snum="75">
<wf cmd="tag" pos="RB">Hopefully</wf>
<punc>,</punc>
<wf cmd="ignore" pos="DT">the</wf>
<wf cmd="tag" pos="JJ">perennial</wf>
<wf cmd="tag" pos="NN">battle</wf>
<wf cmd="ignore" pos="IN">of</wf>
<wf cmd="tag" pos="NNP">Rule</wf>
<wf cmd="tag" pos="CD">22</wf>
<wf cmd="tag" pos="RB">then</wf>
<wf cmd="ignore" pos="MD">would</wf>
<wf cmd="done" pos="VB" ot="notag">be</wf>
<wf cmd="done" pos="VB" lemma="fight" wnsn="2" lexsn="2:33:01::">fought</wf>
<wf cmd="ignore" pos="TO">to</wf>
<wf cmd="ignore" pos="DT">a</wf>
<wf cmd="tag" pos="NN">settlement</wf>
<wf cmd="tag" pos="RB">once_and_for_all</wf>
<punc>.</punc>
</s>
</p>
<p pnum="21">
<s snum="76">
<wf cmd="ignore" pos="IN">Since</wf>
<wf cmd="tag" pos="NN">Election_Day</wf>
<punc>,</punc>
<wf cmd="tag" pos="NN">Vice_President</wf>
<wf cmd="tag" pos="NNP">Richard_Nixon</wf>
<wf cmd="done" pos="VBD" ot="notag">had</wf>
<wf cmd="tag" pos="RB">virtually</wf>
<wf cmd="done" pos="VB" lemma="retire" wnsn="2" lexsn="2:41:02::">retired</wf>
<punc>-</punc>
<wf cmd="ignore" pos="IN">by</wf>
<wf cmd="ignore" pos="PRP$">his</wf>
<wf cmd="tag" pos="JJ">own</wf>
<wf cmd="tag" pos="NN">wish</wf>
<punc>-</punc>
<wf cmd="ignore" pos="IN">from</wf>
<wf cmd="tag" pos="JJ">public</wf>
<wf cmd="tag" pos="NN">view</wf>
<punc>.</punc>
</s>
<s snum="77">
<wf cmd="ignore" pos="CC">But</wf>
<wf cmd="ignore" pos="IN">with</wf>
<wf cmd="ignore" pos="DT">the</wf>
<wf cmd="tag" pos="NN">convening</wf>
<wf cmd="ignore" pos="IN">of</wf>
<wf cmd="ignore" pos="DT">the</wf>
<wf cmd="tag" pos="JJ">new</wf>
<wf cmd="tag" pos="NNP">Congress</wf>
<punc>,</punc>
<wf cmd="ignore" pos="PRP">he</wf>
<wf cmd="done" pos="VB" lemma="be" wnsn="1" lexsn="2:42:03::">was</wf>
<wf cmd="ignore" pos="DT">the</wf>
<wf cmd="tag" pos="JJ">public</wf>
<wf cmd="tag" pos="NN">man</wf>
<wf cmd="tag" pos="RB">again</wf>
<punc>,</punc>
<wf cmd="done" pos="VB" lemma="preside" wnsn="0" lexsn="2:41:01::">presiding</wf>
<wf cmd="ignore" pos="IN">over</wf>
<wf cmd="ignore" pos="DT">the</wf>
<wf cmd="tag" pos="NNP">Senate</wf>
<wf cmd="ignore" pos="IN">until</wf>
<wf cmd="tag" pos="NNP">John_Kennedy</wf>
<wf cmd="ignore" pos="POS">'s</wf>
<wf cmd="tag" pos="NNP">Inauguration</wf>
<punc>.</punc>
</s>
<s snum="78">
<wf cmd="tag" pos="RB">One_day</wf>
<wf cmd="tag" pos="JJ">last</wf>
<wf cmd="tag" pos="NN">week</wf>
<punc>,</punc>
<wf cmd="tag" pos="NNP">Nixon</wf>
<wf cmd="done" pos="VB" lemma="face" wnsn="2" lexsn="2:33:00::">faced</wf>
<wf cmd="ignore" pos="DT">a</wf>
<wf cmd="tag" pos="JJ">painful</wf>
<wf cmd="tag" pos="JJ">constitutional</wf>
<wf cmd="tag" pos="NN">chore</wf>
<wf cmd="ignore" pos="WDT">that</wf>
<wf cmd="done" pos="VB" lemma="require" wnsn="1" lexsn="2:42:00::">required</wf>
<wf cmd="ignore" pos="PRP">him</wf>
<wf cmd="ignore" pos="TO">to</wf>
<wf cmd="done" pos="VB" lemma="officiate" wnsn="2" lexsn="2:33:00::">officiate</wf>
<wf cmd="ignore" pos="IN">at</wf>
<wf cmd="ignore" pos="DT">a</wf>
<wf cmd="tag" pos="JJ">joint</wf>
<wf cmd="tag" pos="NN">session</wf>
<wf cmd="ignore" pos="IN">of</wf>
<wf cmd="tag" pos="NNP">Congress</wf>
<wf cmd="ignore" pos="TO">to</wf>
<wf cmd="done" pos="VB" lemma="hear" wnsn="2" lexsn="2:31:00::">hear</wf>
<wf cmd="ignore" pos="DT">the</wf>
<wf cmd="tag" pos="NN">official</wf>
<wf cmd="tag" pos="NN">tally</wf>
<wf cmd="ignore" pos="IN">of</wf>
<wf cmd="ignore" pos="DT">the</wf>
<wf cmd="tag" pos="NN">Electoral_College</wf>
<wf cmd="tag" pos="NN">vote</wf>
<punc>,</punc>
<wf cmd="tag" pos="RB">and_then</wf>
<wf cmd="ignore" pos="TO">to</wf>
<wf cmd="done" pos="VB" lemma="make" wnsn="1" lexsn="2:41:00::">make</wf>
<punc>``</punc>
<wf cmd="tag" pos="JJ">sufficient</wf>
<wf cmd="tag" pos="NN">declaration</wf>
<punc>''</punc>
<wf cmd="ignore" pos="IN">of</wf>
<wf cmd="ignore" pos="DT">the</wf>
<wf cmd="tag" pos="NN">election</wf>
<wf cmd="ignore" pos="IN">of</wf>
<wf cmd="ignore" pos="DT">the</wf>
<wf cmd="tag" pos="NN">man</wf>
<wf cmd="ignore" pos="WP">who</wf>
<wf cmd="done" pos="VB" lemma="defeat" wnsn="1" lexsn="2:33:00::">defeated</wf>
<wf cmd="ignore" pos="PRP">him</wf>
<wf cmd="ignore" pos="IN">in</wf>
<wf cmd="ignore" pos="DT">the</wf>
<wf cmd="tag" pos="JJ">tight</wf>
<wf cmd="tag" pos="CD">1960</wf>
<wf cmd="tag" pos="JJ">presidential</wf>
<wf cmd="tag" pos="NN">election</wf>
<punc>.</punc>
</s>
<s snum="79">
<wf cmd="tag" pos="NNP">Nixon</wf>
<wf cmd="done" pos="VB" lemma="fulfil" wnsn="1" lexsn="2:36:00::">fulfilled</wf>
<wf cmd="ignore" pos="PRP$">his</wf>
<wf cmd="tag" pos="NN">assignment</wf>
<wf cmd="ignore" pos="IN">with</wf>
<wf cmd="tag" pos="NN">grace</wf>
<punc>,</punc>
<wf cmd="tag" pos="RB">then</wf>
<wf cmd="done" pos="VB" lemma="go" wnsn="2" lexsn="2:41:00::">went</wf>
<wf cmd="tag" pos="RB">beyond</wf>
<wf cmd="ignore" pos="DT">the</wf>
<wf cmd="tag" pos="JJ">required</wf>
<punc>``</punc>
<wf cmd="tag" pos="JJ">sufficient</wf>
<wf cmd="tag" pos="NN">declaration</wf>
<punc>''</punc>
<punc>.</punc>
</s>
</p>
<p pnum="22">
<s snum="80">
<punc>``</punc>
<wf cmd="ignore" pos="DT">This</wf>
<wf cmd="done" pos="VB" lemma="be" wnsn="1" lexsn="2:42:03::">is</wf>
<wf cmd="done" pos="VB" ot="notag">the</wf>
<wf cmd="tag" pos="JJ">first</wf>
<wf cmd="tag" pos="NN">time</wf>
<wf cmd="ignore" pos="IN">in</wf>
<wf cmd="tag" pos="CD">100</wf>
<wf cmd="tag" pos="NNS">years</wf>
<wf cmd="ignore" pos="IN">that</wf>
<wf cmd="ignore" pos="DT">a</wf>
<wf cmd="tag" pos="NN">candidate</wf>
<wf cmd="ignore" pos="IN">for</wf>
<wf cmd="ignore" pos="DT">the</wf>
<wf cmd="tag" pos="NN">presidency</wf>
<wf cmd="done" pos="VB" lemma="announce" wnsn="2" lexsn="2:32:02::">announced</wf>
<wf cmd="ignore" pos="DT">the</wf>
<wf cmd="tag" pos="NN">result</wf>
<wf cmd="ignore" pos="IN">of</wf>
<wf cmd="ignore" pos="DT">an</wf>
<wf cmd="tag" pos="NN">election</wf>
<wf cmd="tag" pos="RB">in_which</wf>
<wf cmd="ignore" pos="PRP">he</wf>
<wf cmd="done" pos="VBD" ot="notag">was</wf>
<wf cmd="done" pos="VB" lemma="defeat" wnsn="1" lexsn="2:33:00::">defeated</wf>
<punc>''</punc>
<punc>,</punc>
<wf cmd="ignore" pos="PRP">he</wf>
<wf cmd="done" pos="VB" lemma="say" wnsn="1" lexsn="2:32:00::">said</wf>
<punc>.</punc>
</s>
</p>
</context>
</contextfile>
