<contextfile concordance="brown">
<context filename="br-a24" paras="yes">
<p pnum="1">
<s snum="1">
<wf cmd="ignore" pos="IN">About</wf>
<wf cmd="tag" pos="CD">70</wf>
<wf cmd="tag" pos="NNP">North_Providence</wf>
<wf cmd="tag" pos="NNS">taxpayers</wf>
<wf cmd="done" pos="VBD" ot="notag">made</wf>
<wf cmd="tag" pos="NN">appeals</wf>
<wf cmd="done" pos="VB" ot="notag">to</wf>
<wf cmd="ignore" pos="DT">the</wf>
<wf cmd="tag" pos="NN">board</wf>
<wf cmd="ignore" pos="IN">of</wf>
<wf cmd="tag" pos="NN">tax</wf>
<wf cmd="tag" pos="NNS">accessors</wf>
<wf cmd="ignore" pos="IN">for</wf>
<wf cmd="ignore" pos="DT">a</wf>
<wf cmd="tag" pos="NN">review</wf>
<wf cmd="ignore" pos="IN">of</wf>
<wf cmd="ignore" pos="PRP$">their</wf>
<wf cmd="tag" pos="CD">1961</wf>
<wf cmd="tag" pos="NN">tax_assessments</wf>
<wf cmd="ignore" pos="IN">during</wf>
<wf cmd="ignore" pos="DT">the</wf>
<wf cmd="tag" pos="JJ">last</wf>
<wf cmd="tag" pos="CD">two</wf>
<wf cmd="tag" pos="NNS">days</wf>
<wf cmd="ignore" pos="IN">at</wf>
<wf cmd="ignore" pos="DT">the</wf>
<wf cmd="tag" pos="NN">town_hall</wf>
<wf cmd="ignore" pos="IN">in</wf>
<wf cmd="tag" pos="NNP">Centredale</wf>
<punc>.</punc>
</s>
</p>
<p pnum="2">
<s snum="2">
<wf cmd="ignore" pos="DT">These</wf>
<wf cmd="done" pos="VB" lemma="be" wnsn="1" lexsn="2:42:03::">were</wf>
<wf cmd="ignore" pos="DT">the</wf>
<wf cmd="tag" pos="JJ">last</wf>
<wf cmd="tag" pos="CD">two</wf>
<wf cmd="tag" pos="NNS">days</wf>
<wf cmd="done" pos="VB" lemma="set_aside" wnsn="1" lexsn="2:31:00::">set_aside</wf>
<wf cmd="ignore" pos="IN">by</wf>
<wf cmd="ignore" pos="DT">the</wf>
<wf cmd="tag" pos="NN">board</wf>
<wf cmd="ignore" pos="IN">for</wf>
<wf cmd="done" pos="VB" lemma="hear" wnsn="3" lexsn="2:41:00::">hearing</wf>
<wf cmd="tag" pos="NNS">appeals</wf>
<punc>.</punc>
</s>
<s snum="3">
<wf cmd="tag" pos="NNPS">Appeals</wf>
<wf cmd="done" pos="VBD" ot="notag">were</wf>
<wf cmd="done" pos="VB" lemma="hear" wnsn="3" lexsn="2:41:00::">heard</wf>
<wf cmd="ignore" pos="IN">for</wf>
<wf cmd="tag" pos="CD">two</wf>
<wf cmd="tag" pos="NNS">days</wf>
<wf cmd="tag" pos="NN">two_weeks</wf>
<wf cmd="tag" pos="RB">ago</wf>
<punc>.</punc>
</s>
<s snum="4">
<wf cmd="ignore" pos="IN">About</wf>
<wf cmd="tag" pos="CD">75</wf>
<wf cmd="tag" pos="NNS">persons</wf>
<wf cmd="done" pos="VB" lemma="appear" wnsn="2" lexsn="2:30:00::">appeared</wf>
<wf cmd="tag" pos="RB">at_that_time</wf>
<punc>.</punc>
</s>
</p>
<p pnum="3">
<s snum="5">
<wf cmd="tag" pos="NNP">Louis_H._Grenier</wf>
<punc>,</punc>
<wf cmd="tag" pos="NN">clerk</wf>
<wf cmd="ignore" pos="IN">of</wf>
<wf cmd="ignore" pos="DT">the</wf>
<wf cmd="tag" pos="NN">board</wf>
<punc>,</punc>
<wf cmd="done" pos="VB" lemma="say" wnsn="1" lexsn="2:32:00::">said</wf>
<wf cmd="ignore" pos="IN">that</wf>
<wf cmd="ignore" pos="DT">the</wf>
<wf cmd="tag" pos="NNS">appeals</wf>
<wf cmd="ignore" pos="MD">will</wf>
<wf cmd="done" pos="VB" ot="notag">be</wf>
<wf cmd="done" pos="VB" lemma="review" wnsn="2" lexsn="2:32:00::">reviewed</wf>
<wf cmd="ignore" pos="IN">in</wf>
<wf cmd="tag" pos="NNP">December</wf>
<wf cmd="tag" pos="RB">at_the_time</wf>
<wf cmd="ignore" pos="DT">the</wf>
<wf cmd="tag" pos="NN">board</wf>
<wf cmd="done" pos="VBZ" ot="notag">is</wf>
<wf cmd="done" pos="VB" lemma="visit" wnsn="4" lexsn="2:38:01::">visiting</wf>
<wf cmd="tag" pos="JJ">new</wf>
<wf cmd="tag" pos="NN">construction</wf>
<wf cmd="tag" pos="NNS">sites</wf>
<wf cmd="ignore" pos="IN">in</wf>
<wf cmd="ignore" pos="DT">the</wf>
<wf cmd="tag" pos="NN">town</wf>
<wf cmd="ignore" pos="IN">for</wf>
<wf cmd="tag" pos="NN">assessment</wf>
<wf cmd="tag" pos="NNS">purposes</wf>
<punc>.</punc>
</s>
<s snum="6">
<wf cmd="ignore" pos="PRP">They</wf>
<wf cmd="tag" pos="RB">also</wf>
<wf cmd="ignore" pos="MD">will</wf>
<wf cmd="done" pos="VB" lemma="visit" wnsn="4" lexsn="2:38:01::">visit</wf>
<wf cmd="tag" pos="NNS">properties</wf>
<wf cmd="tag" pos="RB">on_which</wf>
<wf cmd="tag" pos="NNS">appeals</wf>
<wf cmd="done" pos="VBP" ot="notag">have</wf>
<wf cmd="done" pos="VBN" ot="notag">been</wf>
<wf cmd="done" pos="VB" lemma="make" wnsn="5" lexsn="2:36:08::">made</wf>
<punc>.</punc>
</s>
</p>
<p pnum="4">
<s snum="7">
<wf cmd="ignore" pos="DT">Any</wf>
<wf cmd="tag" pos="NNS">adjustments</wf>
<wf cmd="ignore" pos="WDT">which</wf>
<wf cmd="done" pos="VBP" ot="notag">are</wf>
<wf cmd="done" pos="VB" lemma="make" wnsn="5" lexsn="2:36:08::">made</wf>
<punc>,</punc>
<wf cmd="tag" pos="NNP">Mr._Grenier</wf>
<wf cmd="done" pos="VB" lemma="say" wnsn="1" lexsn="2:32:00::">said</wf>
<wf cmd="tag" pos="RBR">earlier</wf>
<wf cmd="ignore" pos="DT">this</wf>
<wf cmd="tag" pos="NN">month</wf>
<punc>,</punc>
<wf cmd="ignore" pos="MD">will</wf>
<wf cmd="done" pos="VB" lemma="appear" wnsn="3" lexsn="2:30:01::">appear</wf>
<wf cmd="ignore" pos="IN">on</wf>
<wf cmd="ignore" pos="DT">the</wf>
<wf cmd="tag" pos="NN">balance</wf>
<wf cmd="ignore" pos="IN">of</wf>
<wf cmd="ignore" pos="DT">the</wf>
<wf cmd="tag" pos="NN">tax_bill</wf>
<wf cmd="ignore" pos="IN">since</wf>
<wf cmd="tag" pos="JJ">most_of</wf>
<wf cmd="ignore" pos="DT">the</wf>
<wf cmd="tag" pos="NN">town</wf>
<wf cmd="ignore" pos="POS">'s</wf>
<wf cmd="tag" pos="NNS">taxpayers</wf>
<wf cmd="done" pos="VB" lemma="take" wnsn="10" lexsn="2:31:01::">take</wf>
<wf cmd="ignore" pos="DT">the</wf>
<wf cmd="tag" pos="NN">option</wf>
<wf cmd="ignore" pos="IN">of</wf>
<wf cmd="done" pos="VB" lemma="pay" wnsn="3" lexsn="2:40:04::">paying</wf>
<wf cmd="tag" pos="JJ">quarterly</wf>
<wf cmd="ignore" pos="IN">with</wf>
<wf cmd="ignore" pos="DT">the</wf>
<wf cmd="tag" pos="NN">balance</wf>
<wf cmd="tag" pos="JJ">due</wf>
<wf cmd="tag" pos="JJ">next</wf>
<wf cmd="tag" pos="NN">year</wf>
<punc>.</punc>
</s>
</p>
<p pnum="5">
<s snum="8">
<wf cmd="tag" pos="NNP">John_Pezza</wf>
<punc>,</punc>
<wf cmd="tag" pos="CD">69</wf>
<punc>,</punc>
<wf cmd="ignore" pos="IN">of</wf>
<wf cmd="tag" pos="CD">734</wf>
<wf cmd="tag" pos="NNP">Hartford_Avenue</wf>
<punc>,</punc>
<wf cmd="tag" pos="NNP">Providence</wf>
<punc>,</punc>
<wf cmd="done" pos="VB" lemma="complain" wnsn="1" lexsn="2:32:00::">complained</wf>
<wf cmd="ignore" pos="IN">of</wf>
<wf cmd="tag" pos="NN">shoulder</wf>
<wf cmd="tag" pos="NNS">pains</wf>
<wf cmd="ignore" pos="IN">after</wf>
<wf cmd="ignore" pos="DT">an</wf>
<wf cmd="tag" pos="NN">accident</wf>
<wf cmd="tag" pos="RB">in_which</wf>
<wf cmd="ignore" pos="DT">a</wf>
<wf cmd="tag" pos="NN">car</wf>
<wf cmd="ignore" pos="PRP">he</wf>
<wf cmd="done" pos="VBD" ot="notag">was</wf>
<wf cmd="done" pos="VB" lemma="drive" wnsn="1" lexsn="2:38:01::">driving</wf>
<wf cmd="done" pos="VB" lemma="collide_with" wnsn="1" lexsn="2:35:00::">collided_with</wf>
<wf cmd="ignore" pos="DT">a</wf>
<wf cmd="tag" pos="NN">car</wf>
<wf cmd="done" pos="VB" lemma="drive" wnsn="1" lexsn="2:38:01::">driven</wf>
<wf cmd="ignore" pos="IN">by</wf>
<wf cmd="tag" pos="NNP">Antonio_Giorgio</wf>
<punc>,</punc>
<wf cmd="tag" pos="CD">25</wf>
<punc>,</punc>
<wf cmd="ignore" pos="IN">of</wf>
<wf cmd="tag" pos="CD">12</wf>
<wf cmd="tag" pos="NNP">DeSoto_St.</wf>
<punc>,</punc>
<wf cmd="tag" pos="NNP">Providence</wf>
<punc>,</punc>
<wf cmd="ignore" pos="IN">on</wf>
<wf cmd="tag" pos="NNP">Greenville_Avenue</wf>
<wf cmd="ignore" pos="CC">and</wf>
<wf cmd="tag" pos="NNP">Cherry_Hill_Road</wf>
<wf cmd="ignore" pos="IN">in</wf>
<wf cmd="tag" pos="NNP">Johnston</wf>
<wf cmd="tag" pos="NN">yesterday</wf>
<punc>.</punc>
</s>
</p>
<p pnum="6">
<s snum="9">
<wf cmd="tag" pos="NNP">Mr._Giorgio</wf>
<wf cmd="done" pos="VBD" ot="notag">had</wf>
<wf cmd="done" pos="VB" lemma="start" wnsn="8" lexsn="2:38:01::">started</wf>
<wf cmd="ignore" pos="TO">to</wf>
<wf cmd="done" pos="VB" lemma="turn" wnsn="6" lexsn="2:38:03::">turn</wf>
<wf cmd="tag" pos="JJ">left</wf>
<wf cmd="done" pos="VB" ot="notag">off</wf>
<wf cmd="tag" pos="NNP">Greenville_Avenue</wf>
<wf cmd="ignore" pos="IN">onto</wf>
<wf cmd="tag" pos="NNP">Cherry_Hill_Road</wf>
<wf cmd="ignore" pos="WRB">when</wf>
<wf cmd="ignore" pos="PRP$">his</wf>
<wf cmd="tag" pos="NN">car</wf>
<wf cmd="done" pos="VB" ot="notag">was_struck_by</wf>
<wf cmd="ignore" pos="DT">the</wf>
<wf cmd="tag" pos="NNP">Pezza</wf>
<wf cmd="tag" pos="NN">car</wf>
<punc>,</punc>
<wf cmd="tag" pos="NN">police</wf>
<wf cmd="done" pos="VB" lemma="say" wnsn="1" lexsn="2:32:00::">said</wf>
<punc>.</punc>
</s>
<s snum="10">
<wf cmd="ignore" pos="DT">Both</wf>
<wf cmd="tag" pos="NNS">cars</wf>
<wf cmd="done" pos="VBD" ot="notag">were</wf>
<wf cmd="tag" pos="RB">slightly</wf>
<wf cmd="done" pos="VB" lemma="damage" wnsn="1" lexsn="2:30:00::">damaged</wf>
<punc>.</punc>
</s>
</p>
<p pnum="7">
<s snum="11">
<wf cmd="tag" pos="NNP">Mr._Pezza</wf>
<wf cmd="done" pos="VBD" ot="notag">was</wf>
<wf cmd="done" pos="VB" lemma="take" wnsn="3" lexsn="2:38:09::">taken</wf>
<wf cmd="done" pos="VB" ot="notag">to</wf>
<wf cmd="ignore" pos="DT">a</wf>
<wf cmd="tag" pos="JJ">nearby</wf>
<wf cmd="tag" pos="NNP">Johnston</wf>
<wf cmd="tag" pos="NN">physician</wf>
<punc>,</punc>
<wf cmd="tag" pos="NNP">Dr._Allan_A._DiSimone</wf>
<punc>,</punc>
<wf cmd="ignore" pos="WP">who</wf>
<wf cmd="done" pos="VB" lemma="treat" wnsn="3" lexsn="2:29:00::">treated</wf>
<wf cmd="ignore" pos="PRP">him</wf>
<punc>.</punc>
</s>
<s snum="12">
<wf cmd="tag" pos="NNP">Mr._Giorgio</wf>
<wf cmd="done" pos="VB" lemma="be" wnsn="1" lexsn="2:42:03::">was</wf>
<wf cmd="tag" pos="JJ">uninjured</wf>
<punc>.</punc>
</s>
</p>
<p pnum="8">
<s snum="13">
<wf cmd="tag" pos="NNS">Thieves</wf>
<wf cmd="tag" pos="NN">yesterday</wf>
<wf cmd="done" pos="VB" lemma="ransack" wnsn="1" lexsn="2:40:00::">ransacked</wf>
<wf cmd="ignore" pos="DT">a</wf>
<wf cmd="tag" pos="NN">home</wf>
<wf cmd="ignore" pos="IN">in</wf>
<wf cmd="ignore" pos="DT">the</wf>
<wf cmd="tag" pos="NNP">Garden_Hills</wf>
<wf cmd="tag" pos="NN">section</wf>
<wf cmd="ignore" pos="IN">of</wf>
<wf cmd="tag" pos="NNP">Cranston</wf>
<wf cmd="ignore" pos="CC">and</wf>
<wf cmd="done" pos="VB" lemma="steal" wnsn="1" lexsn="2:40:00::">stole</wf>
<wf cmd="ignore" pos="DT">an</wf>
<wf cmd="tag" pos="JJ">estimated</wf>
<punc>$</punc>
<wf cmd="tag" pos="CD">3675</wf>
<wf cmd="tag" pos="JJ">worth</wf>
<wf cmd="ignore" pos="IN">of</wf>
<wf cmd="tag" pos="NNS">furs</wf>
<punc>,</punc>
<wf cmd="tag" pos="NNS">jewels</wf>
<punc>,</punc>
<wf cmd="tag" pos="JJ">foreign</wf>
<wf cmd="tag" pos="NNS">coins</wf>
<wf cmd="ignore" pos="CC">and</wf>
<wf cmd="tag" pos="NNP">American</wf>
<wf cmd="tag" pos="NNS">dollars</wf>
<punc>.</punc>
</s>
</p>
<p pnum="9">
<s snum="14">
<wf cmd="tag" pos="NNP">Mr.</wf>
<wf cmd="ignore" pos="CC">and</wf>
<wf cmd="tag" pos="NNP">Mrs._Stephen_M._Kochanek</wf>
<wf cmd="done" pos="VB" lemma="report" wnsn="1" lexsn="2:32:00::">reported</wf>
<wf cmd="ignore" pos="DT">the</wf>
<wf cmd="tag" pos="NN">theft</wf>
<wf cmd="ignore" pos="IN">at</wf>
<wf cmd="ignore" pos="PRP$">their</wf>
<wf cmd="tag" pos="NN">home</wf>
<wf cmd="ignore" pos="IN">on</wf>
<wf cmd="tag" pos="CD">41</wf>
<wf cmd="tag" pos="NN">Garden_HillsDrive</wf>
<wf cmd="done" pos="VB" ot="notag">at</wf>
<wf cmd="ignore" pos="IN">about</wf>
<wf cmd="tag" pos="CD">6</wf>
<wf cmd="tag" pos="JJ">last</wf>
<wf cmd="tag" pos="NN">night</wf>
<punc>.</punc>
</s>
<s snum="15">
<wf cmd="ignore" pos="PRP">They</wf>
<wf cmd="done" pos="VB" lemma="tell" wnsn="2" lexsn="2:32:00::">told</wf>
<wf cmd="tag" pos="NN">police</wf>
<wf cmd="ignore" pos="DT">the</wf>
<wf cmd="tag" pos="NNS">intruders</wf>
<wf cmd="done" pos="VB" lemma="take" wnsn="21" lexsn="2:40:01::">took</wf>
<wf cmd="ignore" pos="DT">a</wf>
<wf cmd="tag" pos="NN">mink_coat</wf>
<wf cmd="tag" pos="JJ">worth</wf>
<punc>$</punc>
<wf cmd="tag" pos="CD">700</wf>
<punc>,</punc>
<wf cmd="ignore" pos="DT">a</wf>
<wf cmd="tag" pos="JJ">black</wf>
<wf cmd="tag" pos="NN">Persian_lamb</wf>
<wf cmd="tag" pos="NN">jacket</wf>
<wf cmd="tag" pos="JJ">worth</wf>
<punc>$</punc>
<wf cmd="tag" pos="CD">450</wf>
<punc>;</punc>
<wf cmd="ignore" pos="DT">a</wf>
<wf cmd="tag" pos="NN">wallet</wf>
<wf cmd="ignore" pos="IN">with</wf>
<punc>$</punc>
<wf cmd="tag" pos="CD">450</wf>
<wf cmd="ignore" pos="IN">in</wf>
<wf cmd="ignore" pos="PRP">it</wf>
<punc>;</punc>
<wf cmd="ignore" pos="DT">a</wf>
<wf cmd="tag" pos="NN">collection</wf>
<wf cmd="ignore" pos="IN">of</wf>
<wf cmd="tag" pos="NNP">English</wf>
<punc>,</punc>
<wf cmd="tag" pos="JJ">French</wf>
<wf cmd="ignore" pos="CC">and</wf>
<wf cmd="tag" pos="JJ">German</wf>
<wf cmd="tag" pos="NNS">coins</wf>
<punc>,</punc>
<wf cmd="tag" pos="JJ">valued_at</wf>
<punc>$</punc>
<wf cmd="tag" pos="CD">500</wf>
<punc>;</punc>
<wf cmd="tag" pos="CD">four</wf>
<wf cmd="tag" pos="NNS">rings</wf>
<punc>,</punc>
<wf cmd="ignore" pos="DT">a</wf>
<wf cmd="tag" pos="NN">watch</wf>
<wf cmd="ignore" pos="CC">and</wf>
<wf cmd="ignore" pos="DT">a</wf>
<wf cmd="tag" pos="NN">set</wf>
<wf cmd="ignore" pos="IN">of</wf>
<wf cmd="tag" pos="NN">pearl</wf>
<wf cmd="tag" pos="NNS">earrings</wf>
<punc>.</punc>
</s>
</p>
<p pnum="10">
<s snum="16">
<wf cmd="tag" pos="CD">One</wf>
<wf cmd="ignore" pos="IN">of</wf>
<wf cmd="ignore" pos="DT">the</wf>
<wf cmd="tag" pos="NNS">rings</wf>
<wf cmd="done" pos="VB" lemma="be" wnsn="1" lexsn="2:42:03::">was</wf>
<wf cmd="ignore" pos="DT">a</wf>
<wf cmd="tag" pos="NN">white_gold</wf>
<wf cmd="tag" pos="NN">band</wf>
<wf cmd="ignore" pos="IN">with</wf>
<wf cmd="ignore" pos="DT">a</wf>
<wf cmd="tag" pos="NN">diamond</wf>
<wf cmd="tag" pos="NN">setting</wf>
<punc>,</punc>
<wf cmd="tag" pos="JJ">valued_at</wf>
<punc>$</punc>
<wf cmd="tag" pos="CD">900</wf>
<punc>.</punc>
</s>
<s snum="17">
<wf cmd="ignore" pos="DT">The</wf>
<wf cmd="tag" pos="NNS">others</wf>
<wf cmd="done" pos="VB" lemma="be" wnsn="1" lexsn="2:42:03::">were</wf>
<wf cmd="tag" pos="JJ">valued_at</wf>
<punc>$</punc>
<wf cmd="tag" pos="CD">325</wf>
<punc>,</punc>
<punc>$</punc>
<wf cmd="tag" pos="CD">75</wf>
<wf cmd="ignore" pos="CC">and</wf>
<punc>$</punc>
<wf cmd="tag" pos="CD">65</wf>
<punc>.</punc>
</s>
<s snum="18">
<wf cmd="ignore" pos="DT">The</wf>
<wf cmd="tag" pos="NN">watch</wf>
<wf cmd="done" pos="VB" lemma="be" wnsn="1" lexsn="2:42:03::">was</wf>
<wf cmd="tag" pos="JJ">valued_at</wf>
<punc>$</punc>
<wf cmd="tag" pos="CD">125</wf>
<wf cmd="ignore" pos="CC">and</wf>
<wf cmd="ignore" pos="DT">the</wf>
<wf cmd="tag" pos="NNS">earrings</wf>
<wf cmd="ignore" pos="IN">at</wf>
<punc>$</punc>
<wf cmd="tag" pos="CD">85</wf>
<punc>.</punc>
</s>
</p>
<p pnum="11">
<s snum="19">
<wf cmd="ignore" pos="DT">The</wf>
<wf cmd="tag" pos="NNPS">Kochaneks</wf>
<wf cmd="done" pos="VB" lemma="tell" wnsn="2" lexsn="2:32:00::">told</wf>
<wf cmd="tag" pos="NN">police</wf>
<wf cmd="ignore" pos="PRP">they</wf>
<wf cmd="done" pos="VB" lemma="leave" wnsn="1" lexsn="2:38:01::">left</wf>
<wf cmd="tag" pos="NN">home</wf>
<wf cmd="ignore" pos="IN">at</wf>
<wf cmd="tag" pos="CD">8</wf>
<wf cmd="tag" pos="NN">a.</wf>
<wf cmd="tag" pos="NNP">m.</wf>
<wf cmd="ignore" pos="CC">and</wf>
<wf cmd="done" pos="VB" lemma="return" wnsn="1" lexsn="2:38:00::">returned</wf>
<wf cmd="ignore" pos="IN">about</wf>
<wf cmd="tag" pos="CD">5</wf>
<punc>:</punc>
<wf cmd="tag" pos="CD">45</wf>
<wf cmd="tag" pos="NN">p.</wf>
<wf cmd="tag" pos="NNP">m.</wf>
<wf cmd="ignore" pos="CC">and</wf>
<wf cmd="done" pos="VB" lemma="find" wnsn="2" lexsn="2:39:02::">found</wf>
<wf cmd="ignore" pos="DT">the</wf>
<wf cmd="tag" pos="NN">house</wf>
<wf cmd="done" pos="VBD" ot="notag">had</wf>
<wf cmd="done" pos="VBN" ot="notag">been</wf>
<wf cmd="done" pos="VB" lemma="enter" wnsn="1" lexsn="2:38:00::">entered</wf>
<punc>.</punc>
</s>
<s snum="20">
<wf cmd="tag" pos="NNP">Patrolman_Robert_J._Nunes</wf>
<punc>,</punc>
<wf cmd="ignore" pos="WP">who</wf>
<wf cmd="done" pos="VB" lemma="investigate" wnsn="2" lexsn="2:32:01::">investigated</wf>
<punc>,</punc>
<wf cmd="done" pos="VB" lemma="say" wnsn="1" lexsn="2:32:00::">said</wf>
<wf cmd="ignore" pos="DT">the</wf>
<wf cmd="tag" pos="NNS">thieves</wf>
<wf cmd="done" pos="VB" lemma="break_in" wnsn="1" lexsn="2:41:00::">broke_in</wf>
<wf cmd="ignore" pos="IN">through</wf>
<wf cmd="ignore" pos="DT">the</wf>
<wf cmd="tag" pos="JJ">back</wf>
<wf cmd="tag" pos="NN">door</wf>
<punc>.</punc>
</s>
<s snum="21">
<wf cmd="tag" pos="NNS">Drawers</wf>
<wf cmd="ignore" pos="CC">and</wf>
<wf cmd="tag" pos="NNS">cabinets</wf>
<wf cmd="ignore" pos="IN">in</wf>
<wf cmd="tag" pos="CD">two</wf>
<wf cmd="tag" pos="NNS">bedrooms</wf>
<wf cmd="ignore" pos="CC">and</wf>
<wf cmd="ignore" pos="DT">a</wf>
<wf cmd="tag" pos="NN">sewing_room</wf>
<wf cmd="done" pos="VBD" ot="notag">were</wf>
<wf cmd="done" pos="VB" lemma="ransack" wnsn="1" lexsn="2:40:00::">ransacked</wf>
<punc>.</punc>
</s>
</p>
<p pnum="12">
<s snum="22">
<wf cmd="ignore" pos="DT">The</wf>
<wf cmd="tag" pos="NN">city</wf>
<wf cmd="tag" pos="NN">sewer</wf>
<wf cmd="tag" pos="NN">maintenance</wf>
<wf cmd="tag" pos="NN">division</wf>
<wf cmd="done" pos="VB" lemma="say" wnsn="1" lexsn="2:32:00::">said</wf>
<wf cmd="tag" pos="NNS">efforts</wf>
<wf cmd="ignore" pos="MD">will</wf>
<wf cmd="done" pos="VB" ot="notag">be</wf>
<wf cmd="done" pos="VB" lemma="make" wnsn="1" lexsn="2:41:00::">made</wf>
<wf cmd="tag" pos="NNP">Sunday</wf>
<wf cmd="ignore" pos="TO">to</wf>
<wf cmd="done" pos="VB" lemma="clear" wnsn="1" lexsn="2:30:02::">clear</wf>
<wf cmd="ignore" pos="DT">a</wf>
<wf cmd="tag" pos="NN">stoppage</wf>
<wf cmd="ignore" pos="IN">in</wf>
<wf cmd="ignore" pos="DT">a</wf>
<wf cmd="tag" pos="NN">sewer</wf>
<wf cmd="tag" pos="NN">connection</wf>
<wf cmd="ignore" pos="IN">at</wf>
<wf cmd="tag" pos="NNP">Eddy</wf>
<wf cmd="ignore" pos="CC">and</wf>
<wf cmd="tag" pos="NNP">Elm_Streets</wf>
<wf cmd="tag" pos="JJ">responsible_for</wf>
<wf cmd="done" pos="VB" lemma="dump" wnsn="1" lexsn="2:40:00::">dumping</wf>
<wf cmd="tag" pos="JJ">raw</wf>
<wf cmd="tag" pos="NN">sewage</wf>
<wf cmd="ignore" pos="IN">into</wf>
<wf cmd="ignore" pos="DT">the</wf>
<wf cmd="tag" pos="NNP">Providence_River</wf>
<punc>.</punc>
</s>
</p>
<p pnum="13">
<s snum="23">
<wf cmd="ignore" pos="DT">The</wf>
<wf cmd="tag" pos="NN">division</wf>
<wf cmd="done" pos="VB" lemma="say" wnsn="1" lexsn="2:32:00::">said</wf>
<wf cmd="ignore" pos="PRP">it</wf>
<wf cmd="ignore" pos="MD">would</wf>
<wf cmd="done" pos="VB" lemma="be" wnsn="1" lexsn="2:42:03::">be</wf>
<wf cmd="tag" pos="JJ">impossible</wf>
<wf cmd="ignore" pos="TO">to</wf>
<wf cmd="done" pos="VB" lemma="work_on" wnsn="1" lexsn="2:41:00::">work_on</wf>
<wf cmd="ignore" pos="DT">the</wf>
<wf cmd="tag" pos="NN">line</wf>
<wf cmd="ignore" pos="IN">until</wf>
<wf cmd="tag" pos="RB">then</wf>
<wf cmd="ignore" pos="IN">because</wf>
<wf cmd="ignore" pos="IN">of</wf>
<wf cmd="ignore" pos="DT">the</wf>
<wf cmd="tag" pos="JJ">large</wf>
<wf cmd="tag" pos="NN">amount</wf>
<wf cmd="ignore" pos="IN">of</wf>
<wf cmd="tag" pos="NN">acid</wf>
<wf cmd="tag" pos="NN">sewage</wf>
<wf cmd="ignore" pos="IN">from</wf>
<wf cmd="tag" pos="NN">jewelry</wf>
<wf cmd="tag" pos="NNS">plants</wf>
<wf cmd="ignore" pos="IN">in</wf>
<wf cmd="ignore" pos="DT">the</wf>
<wf cmd="tag" pos="NN">area</wf>
<wf cmd="done" pos="VB" lemma="flow" wnsn="2" lexsn="2:38:00::">flowing</wf>
<wf cmd="ignore" pos="IN">through</wf>
<wf cmd="ignore" pos="DT">the</wf>
<wf cmd="tag" pos="NN">line</wf>
<punc>,</punc>
<wf cmd="tag" pos="JJ">heavy</wf>
<wf cmd="tag" pos="NN">vehicle_traffic</wf>
<wf cmd="ignore" pos="IN">on</wf>
<wf cmd="tag" pos="NNP">Eddy_Street</wf>
<wf cmd="ignore" pos="CC">and</wf>
<wf cmd="tag" pos="NN">tide</wf>
<wf cmd="tag" pos="NNS">conditions</wf>
<punc>.</punc>
</s>
</p>
<p pnum="14">
<s snum="24">
<wf cmd="ignore" pos="DT">A</wf>
<wf cmd="tag" pos="JJ">two-family</wf>
<wf cmd="tag" pos="NN">house</wf>
<wf cmd="ignore" pos="IN">at</wf>
<wf cmd="tag" pos="CD">255</wf>
<wf cmd="tag" pos="NNP">Brook_Street</wf>
<wf cmd="done" pos="VBZ" ot="notag">has</wf>
<wf cmd="done" pos="VBN" ot="notag">been</wf>
<wf cmd="done" pos="VB" lemma="purchase" wnsn="1" lexsn="2:40:00::">purchased</wf>
<wf cmd="ignore" pos="IN">by</wf>
<wf cmd="tag" pos="NNP">Brown_University</wf>
<wf cmd="ignore" pos="IN">from</wf>
<wf cmd="tag" pos="NNP">Lawrence_J._Sullivan</wf>
<punc>,</punc>
<wf cmd="done" pos="VB" lemma="accord" wnsn="1" lexsn="2:42:00::">according</wf>
<wf cmd="ignore" pos="TO">to</wf>
<wf cmd="ignore" pos="DT">a</wf>
<wf cmd="tag" pos="NN">deed</wf>
<wf cmd="done" pos="VB" lemma="file" wnsn="1" lexsn="2:32:02::">filed</wf>
<wf cmd="tag" pos="NNP">Monday</wf>
<wf cmd="ignore" pos="IN">at</wf>
<wf cmd="tag" pos="NN">City_Hall</wf>
<punc>.</punc>
</s>
<s snum="25">
<wf cmd="tag" pos="NNP">F._Morris_Cochran</wf>
<punc>,</punc>
<wf cmd="tag" pos="NN">university</wf>
<wf cmd="tag" pos="NN">vice_president</wf>
<wf cmd="ignore" pos="CC">and</wf>
<wf cmd="tag" pos="NN">business</wf>
<wf cmd="tag" pos="NN">manager</wf>
<punc>,</punc>
<wf cmd="done" pos="VB" lemma="say" wnsn="1" lexsn="2:32:00::">said</wf>
<wf cmd="ignore" pos="DT">the</wf>
<wf cmd="tag" pos="NN">house</wf>
<wf cmd="done" pos="VBZ" ot="notag">has</wf>
<wf cmd="done" pos="VBN" ot="notag">been</wf>
<wf cmd="done" pos="VB" lemma="buy" wnsn="1" lexsn="2:40:00::">bought</wf>
<wf cmd="ignore" pos="TO">to</wf>
<wf cmd="done" pos="VB" lemma="provide" wnsn="1" lexsn="2:40:00::">provide</wf>
<wf cmd="tag" pos="JJ">rental</wf>
<wf cmd="tag" pos="NN">housing</wf>
<wf cmd="ignore" pos="IN">for</wf>
<wf cmd="tag" pos="NN">faculty</wf>
<wf cmd="tag" pos="NNS">families</wf>
<punc>,</punc>
<wf cmd="tag" pos="RB">particularly</wf>
<wf cmd="ignore" pos="IN">for</wf>
<wf cmd="ignore" pos="DT">those</wf>
<wf cmd="tag" pos="RB">here</wf>
<wf cmd="ignore" pos="IN">for</wf>
<wf cmd="ignore" pos="DT">a</wf>
<wf cmd="tag" pos="JJ">limited</wf>
<wf cmd="tag" pos="NN">time</wf>
<punc>.</punc>
</s>
</p>
<p pnum="15">
<s snum="26">
<wf cmd="tag" pos="NNS">Employes</wf>
<wf cmd="ignore" pos="IN">of</wf>
<wf cmd="tag" pos="NNP">Pawtucket</wf>
<wf cmd="ignore" pos="POS">'s</wf>
<wf cmd="tag" pos="NN">garbage</wf>
<wf cmd="ignore" pos="CC">and</wf>
<wf cmd="tag" pos="NN">rubbish</wf>
<wf cmd="tag" pos="NN">collection</wf>
<wf cmd="tag" pos="NN">contractor</wf>
<wf cmd="done" pos="VB" lemma="picket" wnsn="1" lexsn="2:41:00::">picketed</wf>
<wf cmd="ignore" pos="DT">the</wf>
<wf cmd="tag" pos="NN">firm</wf>
<wf cmd="ignore" pos="POS">'s</wf>
<wf cmd="tag" pos="NN">incinerator</wf>
<wf cmd="tag" pos="NN">site</wf>
<wf cmd="tag" pos="NN">yesterday</wf>
<wf cmd="ignore" pos="IN">in</wf>
<wf cmd="ignore" pos="DT">the</wf>
<wf cmd="tag" pos="JJ">second</wf>
<wf cmd="tag" pos="NN">day</wf>
<wf cmd="ignore" pos="IN">of</wf>
<wf cmd="ignore" pos="DT">a</wf>
<wf cmd="tag" pos="NN">strike</wf>
<wf cmd="ignore" pos="IN">for</wf>
<wf cmd="tag" pos="JJ">improved</wf>
<wf cmd="tag" pos="NNS">wages</wf>
<wf cmd="ignore" pos="CC">and</wf>
<wf cmd="done" pos="VB" lemma="work" wnsn="1" lexsn="2:41:02::">working</wf>
<wf cmd="tag" pos="NNS">conditions</wf>
<punc>.</punc>
</s>
</p>
<p pnum="16">
<s snum="27">
<wf cmd="tag" pos="NNP">Thomas_Rotelli</wf>
<punc>,</punc>
<wf cmd="tag" pos="NN">head</wf>
<wf cmd="ignore" pos="IN">of</wf>
<wf cmd="tag" pos="NN">Rhode_Island</wf>
<wf cmd="tag" pos="NNP">Incinerator_Service</wf>
<punc>,</punc>
<wf cmd="tag" pos="NNP">Inc.</wf>
<punc>,</punc>
<wf cmd="done" pos="VB" lemma="say" wnsn="1" lexsn="2:32:00::">said</wf>
<wf cmd="tag" pos="CD">four</wf>
<wf cmd="ignore" pos="IN">of</wf>
<wf cmd="ignore" pos="DT">the</wf>
<wf cmd="tag" pos="NN">company</wf>
<wf cmd="ignore" pos="POS">'s</wf>
<wf cmd="tag" pos="CD">eight</wf>
<wf cmd="tag" pos="NNS">trucks</wf>
<wf cmd="done" pos="VBD" ot="notag">were</wf>
<wf cmd="done" pos="VB" lemma="make" wnsn="1" lexsn="2:41:00::">making</wf>
<wf cmd="tag" pos="NNS">collections</wf>
<wf cmd="ignore" pos="IN">with</wf>
<wf cmd="ignore" pos="DT">both</wf>
<wf cmd="tag" pos="RB">newly</wf>
<wf cmd="done" pos="VB" lemma="hire" wnsn="1" lexsn="2:41:00::">hired</wf>
<wf cmd="ignore" pos="CC">and</wf>
<wf cmd="tag" pos="JJ">regular</wf>
<wf cmd="tag" pos="NNS">workers</wf>
<punc>.</punc>
</s>
</p>
<p pnum="17">
<s snum="28">
<wf cmd="tag" pos="NNP">Sydney_Larson</wf>
<punc>,</punc>
<wf cmd="ignore" pos="DT">a</wf>
<wf cmd="tag" pos="NN">staff</wf>
<wf cmd="tag" pos="NN">representative</wf>
<wf cmd="ignore" pos="IN">for</wf>
<wf cmd="ignore" pos="DT">the</wf>
<wf cmd="tag" pos="NNP">United_Steel</wf>
<wf cmd="tag" pos="NNPS">Workers</wf>
<punc>,</punc>
<wf cmd="ignore" pos="WDT">which</wf>
<wf cmd="ignore" pos="DT">the</wf>
<wf cmd="tag" pos="NN">firm</wf>
<wf cmd="ignore" pos="POS">'s</wf>
<wf cmd="tag" pos="CD">25</wf>
<wf cmd="tag" pos="NNS">workers</wf>
<wf cmd="done" pos="VB" lemma="join" wnsn="1" lexsn="2:41:00::">joined</wf>
<wf cmd="ignore" pos="IN">before</wf>
<wf cmd="done" pos="VB" lemma="strike" wnsn="7" lexsn="2:41:00::">striking</wf>
<punc>,</punc>
<wf cmd="done" pos="VB" lemma="say" wnsn="1" lexsn="2:32:00::">said</wf>
<wf cmd="ignore" pos="DT">the</wf>
<wf cmd="tag" pos="NN">state</wf>
<wf cmd="tag" pos="NNP">Labor</wf>
<wf cmd="tag" pos="NNPS">Relations</wf>
<wf cmd="tag" pos="NNP">Board</wf>
<wf cmd="done" pos="VBZ" ot="notag">has</wf>
<wf cmd="done" pos="VBN" ot="notag">been</wf>
<wf cmd="done" pos="VB" lemma="ask" wnsn="2" lexsn="2:32:01::">asked</wf>
<wf cmd="ignore" pos="TO">to</wf>
<wf cmd="done" pos="VB" lemma="set_up" wnsn="6" lexsn="2:36:02::">set_up</wf>
<wf cmd="ignore" pos="DT">an</wf>
<wf cmd="tag" pos="NN">election</wf>
<wf cmd="ignore" pos="TO">to</wf>
<wf cmd="done" pos="VB" lemma="pick" wnsn="1" lexsn="2:31:00::">pick</wf>
<wf cmd="ignore" pos="DT">a</wf>
<wf cmd="tag" pos="NN">bargaining</wf>
<wf cmd="tag" pos="NN">agent</wf>
<punc>.</punc>
</s>
</p>
<p pnum="18">
<s snum="29">
<wf cmd="ignore" pos="DT">A</wf>
<wf cmd="tag" pos="CD">62</wf>
<punc>-</punc>
<wf cmd="tag" pos="JJ">year-old</wf>
<wf cmd="tag" pos="NNP">Smithfield</wf>
<wf cmd="tag" pos="NN">man</wf>
<punc>,</punc>
<wf cmd="tag" pos="NNP">Lester_E._Stone</wf>
<wf cmd="ignore" pos="IN">of</wf>
<wf cmd="tag" pos="CD">19</wf>
<wf cmd="tag" pos="NNP">Beverly_Circle</wf>
<punc>,</punc>
<wf cmd="done" pos="VB" lemma="be" wnsn="1" lexsn="2:42:03::">was</wf>
<wf cmd="ignore" pos="IN">in</wf>
<wf cmd="tag" pos="JJ">satisfactory</wf>
<wf cmd="tag" pos="NN">condition</wf>
<wf cmd="tag" pos="JJ">last</wf>
<wf cmd="tag" pos="NN">night</wf>
<wf cmd="ignore" pos="IN">at</wf>
<wf cmd="ignore" pos="PRP$">Our</wf>
<wf cmd="tag" pos="NNP">Lady</wf>
<wf cmd="ignore" pos="IN">of</wf>
<wf cmd="tag" pos="NNP">Fatima_Hospital</wf>
<punc>,</punc>
<wf cmd="tag" pos="NNP">North_Providence</wf>
<punc>,</punc>
<wf cmd="ignore" pos="IN">with</wf>
<wf cmd="tag" pos="NNS">injuries</wf>
<wf cmd="done" pos="VB" lemma="suffer" wnsn="2" lexsn="2:29:01::">suffered</wf>
<wf cmd="ignore" pos="WRB">when</wf>
<wf cmd="ignore" pos="DT">a</wf>
<wf cmd="tag" pos="NN">car</wf>
<wf cmd="ignore" pos="PRP">he</wf>
<wf cmd="done" pos="VBD" ot="notag">was</wf>
<wf cmd="done" pos="VB" lemma="drive" wnsn="1" lexsn="2:38:01::">driving</wf>
<wf cmd="done" pos="VB" lemma="strike" wnsn="3" lexsn="2:35:01::">struck</wf>
<wf cmd="ignore" pos="DT">a</wf>
<wf cmd="tag" pos="NN">utility</wf>
<wf cmd="tag" pos="NN">pole</wf>
<wf cmd="ignore" pos="IN">on</wf>
<wf cmd="tag" pos="NNP">Woonasquatucket_Avenue</wf>
<wf cmd="ignore" pos="IN">in</wf>
<wf cmd="tag" pos="NNP">North_Providence</wf>
<wf cmd="ignore" pos="IN">near</wf>
<wf cmd="tag" pos="NNP">Stevens_Street</wf>
<punc>.</punc>
</s>
</p>
<p pnum="19">
<s snum="30">
<wf cmd="tag" pos="NNP">Mr._Stone</wf>
<wf cmd="done" pos="VB" lemma="suffer" wnsn="2" lexsn="2:29:01::">suffered</wf>
<wf cmd="tag" pos="JJ">fractured</wf>
<wf cmd="tag" pos="NNS">ribs</wf>
<wf cmd="ignore" pos="CC">and</wf>
<wf cmd="tag" pos="NN">chest</wf>
<wf cmd="tag" pos="NNS">cuts</wf>
<punc>,</punc>
<wf cmd="tag" pos="NN">hospital</wf>
<wf cmd="tag" pos="NNS">authorities</wf>
<wf cmd="done" pos="VB" lemma="say" wnsn="1" lexsn="2:32:00::">said</wf>
<punc>.</punc>
</s>
<s snum="31">
<wf cmd="ignore" pos="PRP">He</wf>
<wf cmd="done" pos="VBD" ot="notag">was</wf>
<wf cmd="done" pos="VB" lemma="take" wnsn="3" lexsn="2:38:09::">taken</wf>
<wf cmd="done" pos="VB" ot="notag">to</wf>
<wf cmd="ignore" pos="DT">the</wf>
<wf cmd="tag" pos="NN">hospital</wf>
<wf cmd="ignore" pos="IN">by</wf>
<wf cmd="ignore" pos="DT">the</wf>
<wf cmd="tag" pos="NNP">North_Providence</wf>
<wf cmd="tag" pos="NN">ambulance</wf>
<punc>.</punc>
</s>
</p>
<p pnum="20">
<s snum="32">
<wf cmd="ignore" pos="IN">Before</wf>
<wf cmd="done" pos="VB" lemma="hit" wnsn="2" lexsn="2:35:01::">hitting</wf>
<wf cmd="ignore" pos="DT">the</wf>
<wf cmd="tag" pos="NN">pole</wf>
<punc>,</punc>
<wf cmd="tag" pos="NNP">Mr._Stone</wf>
<wf cmd="ignore" pos="POS">'s</wf>
<wf cmd="tag" pos="NN">car</wf>
<wf cmd="done" pos="VB" lemma="brush" wnsn="2" lexsn="2:35:00::">brushed</wf>
<wf cmd="ignore" pos="IN">against</wf>
<wf cmd="ignore" pos="DT">a</wf>
<wf cmd="tag" pos="NN">car</wf>
<wf cmd="done" pos="VB" lemma="drive" wnsn="1" lexsn="2:38:01::">driven</wf>
<wf cmd="ignore" pos="IN">by</wf>
<wf cmd="tag" pos="NNP">Alva_W._Vernava</wf>
<punc>,</punc>
<wf cmd="tag" pos="CD">21</wf>
<punc>,</punc>
<wf cmd="ignore" pos="IN">of</wf>
<wf cmd="tag" pos="CD">23</wf>
<wf cmd="tag" pos="NNP">Maple_Ave.</wf>
<punc>,</punc>
<wf cmd="tag" pos="NNP">North_Providence</wf>
<punc>,</punc>
<wf cmd="done" pos="VB" lemma="tear_away" wnsn="1" lexsn="2:30:00::">tearing_away</wf>
<wf cmd="ignore" pos="DT">the</wf>
<wf cmd="tag" pos="JJ">rear</wf>
<wf cmd="tag" pos="NN">bumper</wf>
<wf cmd="ignore" pos="CC">and</wf>
<wf cmd="done" pos="VB" lemma="dent" wnsn="1" lexsn="2:35:00::">denting</wf>
<wf cmd="ignore" pos="DT">the</wf>
<wf cmd="tag" pos="JJ">left</wf>
<wf cmd="tag" pos="JJ">rear</wf>
<wf cmd="tag" pos="NN">fender</wf>
<wf cmd="ignore" pos="IN">of</wf>
<wf cmd="ignore" pos="DT">the</wf>
<wf cmd="tag" pos="NNP">Vernava</wf>
<wf cmd="tag" pos="NN">car</wf>
<punc>,</punc>
<wf cmd="tag" pos="NN">police</wf>
<wf cmd="done" pos="VB" lemma="say" wnsn="1" lexsn="2:32:00::">said</wf>
<punc>.</punc>
</s>
<s snum="33">
<wf cmd="tag" pos="NNP">Mr._Vernava</wf>
<wf cmd="done" pos="VB" lemma="be" wnsn="1" lexsn="2:42:03::">was</wf>
<wf cmd="tag" pos="JJ">uninjured</wf>
<punc>.</punc>
</s>
</p>
<p pnum="21">
<s snum="34">
<wf cmd="ignore" pos="DT">The</wf>
<wf cmd="tag" pos="NN">impact</wf>
<wf cmd="ignore" pos="IN">with</wf>
<wf cmd="ignore" pos="DT">the</wf>
<wf cmd="tag" pos="NN">utility</wf>
<wf cmd="tag" pos="NN">pole</wf>
<wf cmd="done" pos="VB" lemma="cause" wnsn="1" lexsn="2:36:00::">caused</wf>
<wf cmd="ignore" pos="DT">a</wf>
<wf cmd="tag" pos="JJ">brief</wf>
<wf cmd="tag" pos="NN">power_failure</wf>
<wf cmd="ignore" pos="IN">in</wf>
<wf cmd="ignore" pos="DT">the</wf>
<wf cmd="tag" pos="JJ">immediate</wf>
<wf cmd="tag" pos="NN">area</wf>
<wf cmd="ignore" pos="IN">of</wf>
<wf cmd="ignore" pos="DT">the</wf>
<wf cmd="tag" pos="NN">accident</wf>
<punc>.</punc>
</s>
<s snum="35">
<wf cmd="tag" pos="CD">One</wf>
<wf cmd="tag" pos="NN">house</wf>
<wf cmd="done" pos="VB" lemma="be" wnsn="1" lexsn="2:42:03::">was</wf>
<wf cmd="tag" pos="JJ">without</wf>
<wf cmd="tag" pos="NN">power</wf>
<wf cmd="ignore" pos="IN">for</wf>
<wf cmd="ignore" pos="IN">about</wf>
<wf cmd="tag" pos="NN">half</wf>
<wf cmd="ignore" pos="DT">an</wf>
<wf cmd="tag" pos="NN">hour</wf>
<punc>,</punc>
<wf cmd="ignore" pos="DT">a</wf>
<wf cmd="tag" pos="NNP">Narragansett_Electric_Co.</wf>
<wf cmd="tag" pos="NN">spokesman</wf>
<wf cmd="done" pos="VB" lemma="say" wnsn="1" lexsn="2:32:00::">said</wf>
<punc>.</punc>
</s>
<s snum="36">
<wf cmd="ignore" pos="DT">The</wf>
<wf cmd="tag" pos="NN">power</wf>
<wf cmd="done" pos="VB" lemma="be" wnsn="1" lexsn="2:42:03::">was</wf>
<wf cmd="ignore" pos="IN">off</wf>
<wf cmd="ignore" pos="IN">for</wf>
<wf cmd="ignore" pos="IN">about</wf>
<wf cmd="tag" pos="CD">five</wf>
<wf cmd="tag" pos="NNS">minutes</wf>
<wf cmd="ignore" pos="IN">in</wf>
<wf cmd="tag" pos="NNS">houses</wf>
<wf cmd="ignore" pos="IN">along</wf>
<wf cmd="tag" pos="NNP">Smith_Street</wf>
<wf cmd="tag" pos="RB">as</wf>
<wf cmd="tag" pos="RB">far</wf>
<wf cmd="tag" pos="RB">away</wf>
<wf cmd="ignore" pos="IN">as</wf>
<wf cmd="tag" pos="NNP">Fruit_Hill_Avenue</wf>
<wf cmd="tag" pos="RB">shortly</wf>
<wf cmd="ignore" pos="IN">before</wf>
<wf cmd="tag" pos="CD">5</wf>
<wf cmd="tag" pos="NN">p.</wf>
<wf cmd="tag" pos="NNP">m.</wf>
<wf cmd="ignore" pos="WRB">when</wf>
<wf cmd="ignore" pos="DT">the</wf>
<wf cmd="tag" pos="NN">accident</wf>
<wf cmd="done" pos="VB" lemma="occur" wnsn="1" lexsn="2:30:00::">occurred</wf>
<punc>.</punc>
</s>
</p>
<p pnum="22">
<s snum="37">
<wf cmd="ignore" pos="DT">The</wf>
<wf cmd="tag" pos="NN">fight</wf>
<wf cmd="ignore" pos="IN">over</wf>
<wf cmd="ignore" pos="DT">the</wf>
<wf cmd="tag" pos="NNP">Warwick_School_Committee</wf>
<wf cmd="ignore" pos="POS">'s</wf>
<wf cmd="tag" pos="NN">appointment</wf>
<wf cmd="ignore" pos="IN">of</wf>
<wf cmd="ignore" pos="DT">a</wf>
<wf cmd="tag" pos="NN">coordinator</wf>
<wf cmd="ignore" pos="IN">of</wf>
<wf cmd="tag" pos="JJ">audio-visual</wf>
<wf cmd="tag" pos="NN">education</wf>
<wf cmd="ignore" pos="MD">may</wf>
<wf cmd="done" pos="VB" lemma="go" wnsn="2" lexsn="2:41:00::">go</wf>
<wf cmd="done" pos="VB" ot="notag">to</wf>
<wf cmd="ignore" pos="DT">the</wf>
<wf cmd="tag" pos="NN">state_Supreme_Court</wf>
<punc>,</punc>
<wf cmd="ignore" pos="PRP">it</wf>
<wf cmd="done" pos="VB" lemma="appear" wnsn="4" lexsn="2:39:01::">appeared</wf>
<wf cmd="tag" pos="JJ">last</wf>
<wf cmd="tag" pos="NN">night</wf>
<punc>.</punc>
</s>
</p>
<p pnum="23">
<s snum="38">
<wf cmd="tag" pos="CD">Two</wf>
<wf cmd="tag" pos="NNS">members</wf>
<wf cmd="ignore" pos="IN">of</wf>
<wf cmd="ignore" pos="DT">the</wf>
<wf cmd="tag" pos="JJ">Democratic-endorsed</wf>
<wf cmd="tag" pos="NN">majority</wf>
<wf cmd="ignore" pos="IN">on</wf>
<wf cmd="ignore" pos="DT">the</wf>
<wf cmd="tag" pos="NN">school_board</wf>
<wf cmd="done" pos="VB" lemma="say" wnsn="1" lexsn="2:32:00::">said</wf>
<wf cmd="ignore" pos="PRP">they</wf>
<wf cmd="tag" pos="RB">probably</wf>
<wf cmd="ignore" pos="MD">would</wf>
<wf cmd="done" pos="VB" lemma="vote" wnsn="1" lexsn="2:41:13::">vote</wf>
<wf cmd="ignore" pos="TO">to</wf>
<wf cmd="done" pos="VB" lemma="appeal" wnsn="1" lexsn="2:41:00::">appeal</wf>
<wf cmd="ignore" pos="DT">a</wf>
<wf cmd="tag" pos="NN">ruling</wf>
<wf cmd="ignore" pos="IN">by</wf>
<wf cmd="ignore" pos="DT">the</wf>
<wf cmd="tag" pos="NN">state</wf>
<wf cmd="tag" pos="NN">Board_of_Education</wf>
<punc>,</punc>
<wf cmd="ignore" pos="WDT">which</wf>
<wf cmd="done" pos="VB" lemma="say" wnsn="1" lexsn="2:32:00::">said</wf>
<wf cmd="tag" pos="NN">yesterday</wf>
<wf cmd="ignore" pos="IN">that</wf>
<wf cmd="ignore" pos="DT">the</wf>
<wf cmd="tag" pos="NN">school</wf>
<wf cmd="tag" pos="NN">committee</wf>
<wf cmd="done" pos="VB" lemma="act" wnsn="1" lexsn="2:41:00::">acted</wf>
<wf cmd="tag" pos="RB">improperly</wf>
<wf cmd="ignore" pos="IN">in</wf>
<wf cmd="ignore" pos="PRP$">its</wf>
<wf cmd="tag" pos="NN">appointment</wf>
<wf cmd="ignore" pos="IN">of</wf>
<wf cmd="ignore" pos="DT">the</wf>
<wf cmd="tag" pos="NN">coordinator</wf>
<punc>,</punc>
<wf cmd="tag" pos="NNP">Francis_P._Nolan</wf>
<wf cmd="tag" pos="CD">3</wf>
<wf cmd="tag" pos="NN">rd</wf>
<punc>,</punc>
<wf cmd="ignore" pos="DT">the</wf>
<wf cmd="tag" pos="JJ">Democratic-endorsed</wf>
<wf cmd="tag" pos="NN">committee</wf>
<wf cmd="tag" pos="NN">chairman</wf>
<punc>,</punc>
<wf cmd="ignore" pos="MD">could</wf>
<wf cmd="tag" pos="RB">not</wf>
<wf cmd="done" pos="VB" ot="notag">be</wf>
<wf cmd="done" pos="VB" lemma="reach" wnsn="4" lexsn="2:32:00::">reached</wf>
<wf cmd="ignore" pos="IN">for</wf>
<wf cmd="tag" pos="NN">comment</wf>
<punc>.</punc>
</s>
</p>
<p pnum="24">
<s snum="39">
<wf cmd="ignore" pos="IN">In</wf>
<wf cmd="ignore" pos="PRP$">its</wf>
<wf cmd="tag" pos="NN">ruling</wf>
<punc>,</punc>
<wf cmd="ignore" pos="DT">the</wf>
<wf cmd="tag" pos="NN">state</wf>
<wf cmd="tag" pos="NN">Board_of_Education</wf>
<wf cmd="done" pos="VB" lemma="uphold" wnsn="3" lexsn="2:32:02::">upheld</wf>
<wf cmd="tag" pos="NNP">Dr._Michael_F._Walsh</wf>
<punc>,</punc>
<wf cmd="tag" pos="NN">state</wf>
<wf cmd="tag" pos="NN">commissioner</wf>
<wf cmd="ignore" pos="IN">of</wf>
<wf cmd="tag" pos="NN">education</wf>
<punc>,</punc>
<wf cmd="ignore" pos="WP">who</wf>
<wf cmd="done" pos="VBD" ot="notag">had</wf>
<wf cmd="done" pos="VB" lemma="rule" wnsn="2" lexsn="2:31:00::">ruled</wf>
<wf cmd="tag" pos="RB">previously</wf>
<wf cmd="ignore" pos="IN">that</wf>
<wf cmd="ignore" pos="DT">the</wf>
<wf cmd="tag" pos="NNP">Warwick</wf>
<wf cmd="tag" pos="NN">board</wf>
<wf cmd="done" pos="VB" lemma="err" wnsn="1" lexsn="2:31:00::">erred</wf>
<wf cmd="ignore" pos="WRB">when</wf>
<wf cmd="ignore" pos="PRP">it</wf>
<wf cmd="done" pos="VB" lemma="name" wnsn="4" lexsn="2:41:00::">named</wf>
<wf cmd="tag" pos="NNP">Maurice_F._Tougas</wf>
<wf cmd="ignore" pos="IN">as</wf>
<wf cmd="tag" pos="NN">coordinator</wf>
<wf cmd="ignore" pos="IN">of</wf>
<wf cmd="tag" pos="JJ">audio-visual</wf>
<wf cmd="tag" pos="NN">education</wf>
<wf cmd="ignore" pos="IN">without</wf>
<wf cmd="tag" pos="JJ">first</wf>
<wf cmd="done" pos="VB" lemma="find" wnsn="9" lexsn="2:31:09::">finding</wf>
<wf cmd="ignore" pos="IN">that</wf>
<wf cmd="ignore" pos="DT">the</wf>
<wf cmd="tag" pos="NN">school_superintendent</wf>
<wf cmd="ignore" pos="POS">'s</wf>
<wf cmd="tag" pos="NN">candidate</wf>
<wf cmd="done" pos="VB" lemma="be" wnsn="1" lexsn="2:42:03::">was</wf>
<wf cmd="tag" pos="RB">not</wf>
<wf cmd="tag" pos="JJ">suitable</wf>
<punc>.</punc>
</s>
</p>
<p pnum="25">
<s snum="40">
<wf cmd="tag" pos="NNP">Supt._Clarence_S._Taylor</wf>
<wf cmd="done" pos="VBD" ot="notag">had</wf>
<wf cmd="done" pos="VB" lemma="recommend" wnsn="2" lexsn="2:32:00::">recommended</wf>
<wf cmd="tag" pos="NNP">Roger_I._Vermeersch</wf>
<wf cmd="ignore" pos="IN">for</wf>
<wf cmd="ignore" pos="DT">the</wf>
<wf cmd="tag" pos="NN">post</wf>
<punc>.</punc>
</s>
</p>
<p pnum="26">
<s snum="41">
<wf cmd="tag" pos="NNP">Milton</wf>
<wf cmd="ignore" pos="CC">and</wf>
<wf cmd="tag" pos="NNP">Rosella_Lovett</wf>
<wf cmd="ignore" pos="IN">of</wf>
<wf cmd="tag" pos="NNP">Cranston</wf>
<wf cmd="done" pos="VB" ot="notag">were_awarded</wf>
<punc>$</punc>
<wf cmd="tag" pos="CD">55000</wf>
<wf cmd="tag" pos="NNS">damages</wf>
<wf cmd="ignore" pos="IN">from</wf>
<wf cmd="ignore" pos="DT">the</wf>
<wf cmd="tag" pos="NN">state</wf>
<wf cmd="ignore" pos="IN">in</wf>
<wf cmd="tag" pos="NN">Superior_Court</wf>
<wf cmd="tag" pos="NN">yesterday</wf>
<wf cmd="ignore" pos="IN">for</wf>
<wf cmd="tag" pos="JJ">industrial</wf>
<wf cmd="tag" pos="NN">property</wf>
<wf cmd="ignore" pos="WDT">which</wf>
<wf cmd="ignore" pos="PRP">they</wf>
<wf cmd="done" pos="VB" lemma="own" wnsn="1" lexsn="2:40:00::">owned</wf>
<wf cmd="ignore" pos="IN">at</wf>
<wf cmd="tag" pos="CD">83</wf>
<wf cmd="tag" pos="NNP">Atwells_Ave.</wf>
<punc>,</punc>
<wf cmd="tag" pos="NNP">Providence</wf>
<punc>,</punc>
<wf cmd="ignore" pos="CC">and</wf>
<wf cmd="ignore" pos="WDT">which</wf>
<wf cmd="done" pos="VBD" ot="notag">was</wf>
<wf cmd="done" pos="VB" lemma="condemn" wnsn="2" lexsn="2:32:02::">condemned</wf>
<wf cmd="ignore" pos="IN">for</wf>
<wf cmd="tag" pos="NN">use</wf>
<wf cmd="ignore" pos="IN">in</wf>
<wf cmd="tag" pos="NN">construction</wf>
<wf cmd="ignore" pos="IN">of</wf>
<wf cmd="tag" pos="NNP">Interstate_Route</wf>
<wf cmd="tag" pos="CD">95</wf>
<punc>.</punc>
</s>
</p>
<p pnum="27">
<s snum="42">
<wf cmd="ignore" pos="DT">The</wf>
<wf cmd="tag" pos="NN">award</wf>
<wf cmd="done" pos="VBD" ot="notag">was</wf>
<wf cmd="done" pos="VB" lemma="make" wnsn="1" lexsn="2:41:00::">made</wf>
<wf cmd="ignore" pos="IN">by</wf>
<wf cmd="tag" pos="NNP">Judge_Fred_B._Perkins</wf>
<wf cmd="ignore" pos="WP">who</wf>
<wf cmd="done" pos="VB" lemma="hear" wnsn="3" lexsn="2:41:00::">heard</wf>
<wf cmd="ignore" pos="PRP$">their</wf>
<wf cmd="tag" pos="NN">petition</wf>
<wf cmd="ignore" pos="IN">without</wf>
<wf cmd="ignore" pos="DT">a</wf>
<wf cmd="tag" pos="NN">jury</wf>
<wf cmd="ignore" pos="IN">by</wf>
<wf cmd="tag" pos="NN">agreement</wf>
<wf cmd="ignore" pos="IN">of</wf>
<wf cmd="ignore" pos="DT">the</wf>
<wf cmd="tag" pos="NNS">parties</wf>
<punc>.</punc>
</s>
</p>
<p pnum="28">
<s snum="43">
<wf cmd="ignore" pos="DT">The</wf>
<wf cmd="tag" pos="NN">award</wf>
<punc>,</punc>
<wf cmd="ignore" pos="IN">without</wf>
<wf cmd="tag" pos="NN">interest</wf>
<punc>,</punc>
<wf cmd="done" pos="VB" lemma="compare" wnsn="2" lexsn="2:42:00::">compared</wf>
<wf cmd="ignore" pos="IN">with</wf>
<wf cmd="ignore" pos="DT">a</wf>
<wf cmd="tag" pos="NN">valuation</wf>
<wf cmd="ignore" pos="IN">of</wf>
<punc>$</punc>
<wf cmd="tag" pos="CD">57500</wf>
<wf cmd="done" pos="VB" lemma="place" wnsn="1" lexsn="2:35:00::">placed</wf>
<wf cmd="ignore" pos="IN">on</wf>
<wf cmd="ignore" pos="DT">the</wf>
<wf cmd="tag" pos="NN">property</wf>
<wf cmd="ignore" pos="IN">by</wf>
<wf cmd="ignore" pos="DT">the</wf>
<wf cmd="tag" pos="NN">property_owners</wf>
<punc>'</punc>
<wf cmd="tag" pos="NN">real_estate</wf>
<wf cmd="tag" pos="NN">expert</wf>
<punc>,</punc>
<wf cmd="ignore" pos="CC">and</wf>
<wf cmd="ignore" pos="DT">a</wf>
<wf cmd="tag" pos="NN">valuation</wf>
<wf cmd="ignore" pos="IN">of</wf>
<punc>$</punc>
<wf cmd="tag" pos="CD">52500</wf>
<wf cmd="done" pos="VB" lemma="place" wnsn="1" lexsn="2:35:00::">placed</wf>
<wf cmd="tag" pos="RB">on_it</wf>
<wf cmd="ignore" pos="IN">by</wf>
<wf cmd="ignore" pos="DT">the</wf>
<wf cmd="tag" pos="NN">state</wf>
<wf cmd="ignore" pos="POS">'s</wf>
<wf cmd="tag" pos="NN">expert</wf>
<punc>.</punc>
</s>
</p>
<p pnum="29">
<s snum="44">
<wf cmd="ignore" pos="DT">The</wf>
<wf cmd="tag" pos="NN">property</wf>
<wf cmd="done" pos="VB" lemma="include" wnsn="1" lexsn="2:42:00::">included</wf>
<wf cmd="ignore" pos="DT">a</wf>
<wf cmd="tag" pos="JJ">one-story</wf>
<wf cmd="tag" pos="NN">brick</wf>
<wf cmd="tag" pos="NN">manufacturing</wf>
<wf cmd="tag" pos="NN">building</wf>
<wf cmd="done" pos="VB" ot="notag">on</wf>
<wf cmd="tag" pos="CD">8293</wf>
<wf cmd="tag" pos="NN">square_feet</wf>
<wf cmd="ignore" pos="IN">of</wf>
<wf cmd="tag" pos="NN">land</wf>
<punc>.</punc>
</s>
</p>
<p pnum="30">
<s snum="45">
<wf cmd="tag" pos="NNP">Saul_Hodosh</wf>
<wf cmd="done" pos="VB" lemma="represent" wnsn="4" lexsn="2:41:00::">represented</wf>
<wf cmd="ignore" pos="DT">the</wf>
<wf cmd="tag" pos="NNS">owners</wf>
<punc>.</punc>
</s>
<s snum="46">
<wf cmd="tag" pos="NNP">Atty._Gen._J._Joseph_Nugent</wf>
<wf cmd="done" pos="VB" lemma="appear" wnsn="2" lexsn="2:30:00::">appeared</wf>
<wf cmd="ignore" pos="IN">for</wf>
<wf cmd="ignore" pos="DT">the</wf>
<wf cmd="tag" pos="NN">state</wf>
<punc>.</punc>
</s>
</p>
<p pnum="31">
<s snum="47">
<wf cmd="tag" pos="NNP">Santa</wf>
<wf cmd="ignore" pos="POS">'s</wf>
<wf cmd="tag" pos="NNS">lieutenants</wf>
<wf cmd="ignore" pos="IN">in</wf>
<wf cmd="tag" pos="NN">charge</wf>
<wf cmd="ignore" pos="IN">of</wf>
<wf cmd="ignore" pos="DT">the</wf>
<wf cmd="tag" pos="NNP">Journal-Bulletin</wf>
<wf cmd="tag" pos="NN">Santa_Claus</wf>
<wf cmd="tag" pos="NNP">Fund</wf>
<wf cmd="done" pos="VBP" ot="notag">are</wf>
<wf cmd="done" pos="VB" lemma="look_for" wnsn="1" lexsn="2:35:00::">looking_for</wf>
<wf cmd="ignore" pos="DT">the</wf>
<wf cmd="tag" pos="JJ">usual</wf>
<wf cmd="tag" pos="JJ">generous</wf>
<wf cmd="tag" pos="NN">response</wf>
<wf cmd="ignore" pos="DT">this</wf>
<wf cmd="tag" pos="NN">year</wf>
<wf cmd="ignore" pos="IN">from</wf>
<wf cmd="tag" pos="NNP">Cranston</wf>
<wf cmd="tag" pos="NNS">residents</wf>
<punc>.</punc>
</s>
</p>
<p pnum="32">
<s snum="48">
<wf cmd="tag" pos="NNS">Persons</wf>
<wf cmd="ignore" pos="WP">who</wf>
<wf cmd="done" pos="VB" lemma="find" wnsn="5" lexsn="2:31:10::">find</wf>
<wf cmd="ignore" pos="PRP">it</wf>
<wf cmd="tag" pos="JJ">convenient</wf>
<wf cmd="ignore" pos="MD">may</wf>
<wf cmd="done" pos="VB" lemma="send" wnsn="1" lexsn="2:38:01::">send</wf>
<wf cmd="ignore" pos="PRP$">their</wf>
<wf cmd="tag" pos="NNS">contributions</wf>
<wf cmd="ignore" pos="TO">to</wf>
<wf cmd="ignore" pos="DT">the</wf>
<wf cmd="tag" pos="NNP">Journal-Bulletin</wf>
<wf cmd="ignore" pos="POS">'s</wf>
<wf cmd="tag" pos="NNP">Cranston</wf>
<wf cmd="tag" pos="NN">office</wf>
<wf cmd="ignore" pos="IN">at</wf>
<wf cmd="tag" pos="CD">823</wf>
<wf cmd="tag" pos="NNP">Park_Avenue</wf>
<punc>.</punc>
</s>
<s snum="49">
<wf cmd="ignore" pos="DT">All</wf>
<wf cmd="done" pos="VB" lemma="contribute" wnsn="2" lexsn="2:40:00::">contributed</wf>
<wf cmd="ignore" pos="MD">will</wf>
<wf cmd="done" pos="VB" ot="notag">be</wf>
<wf cmd="done" pos="VB" lemma="acknowledge" wnsn="2" lexsn="2:32:04::">acknowledged</wf>
<punc>.</punc>
</s>
</p>
<p pnum="33">
<s snum="50">
<wf cmd="ignore" pos="DT">The</wf>
<wf cmd="tag" pos="NN">fund</wf>
<wf cmd="ignore" pos="POS">'s</wf>
<wf cmd="tag" pos="JJ">statewide</wf>
<wf cmd="tag" pos="NN">quota</wf>
<wf cmd="ignore" pos="DT">this</wf>
<wf cmd="tag" pos="NN">year</wf>
<wf cmd="done" pos="VB" lemma="be" wnsn="2" lexsn="2:42:06::">is</wf>
<punc>$</punc>
<wf cmd="tag" pos="CD">8250</wf>
<wf cmd="ignore" pos="TO">to</wf>
<wf cmd="done" pos="VB" lemma="provide" wnsn="1" lexsn="2:40:00::">provide</wf>
<wf cmd="tag" pos="NN">Christmas_gifts</wf>
<wf cmd="ignore" pos="IN">for</wf>
<wf cmd="tag" pos="JJ">needy</wf>
<wf cmd="tag" pos="NNS">youngsters</wf>
<punc>.</punc>
</s>
<s snum="51">
<wf cmd="tag" pos="NNS">Scores</wf>
<wf cmd="ignore" pos="IN">of</wf>
<wf cmd="tag" pos="NNP">Cranston</wf>
<wf cmd="tag" pos="NNS">children</wf>
<wf cmd="ignore" pos="MD">will</wf>
<wf cmd="done" pos="VB" ot="notag">be</wf>
<wf cmd="done" pos="VB" lemma="remember" wnsn="4" lexsn="2:40:00::">remembered</wf>
<punc>.</punc>
</s>
</p>
<p pnum="34">
<s snum="52">
<wf cmd="tag" pos="NNP">Cranston</wf>
<wf cmd="tag" pos="NNS">residents</wf>
<wf cmd="done" pos="VBP" ot="notag">have</wf>
<wf cmd="done" pos="VB" lemma="be" wnsn="1" lexsn="2:42:03::">been</wf>
<wf cmd="tag" pos="JJ">generous</wf>
<wf cmd="tag" pos="NNS">contributors</wf>
<wf cmd="ignore" pos="TO">to</wf>
<wf cmd="ignore" pos="DT">the</wf>
<wf cmd="tag" pos="NN">fund</wf>
<wf cmd="ignore" pos="IN">over</wf>
<wf cmd="ignore" pos="DT">the</wf>
<wf cmd="tag" pos="NNS">years</wf>
<punc>.</punc>
</s>
<s snum="53">
<wf cmd="tag" pos="NN">Public_school</wf>
<wf cmd="tag" pos="NNS">children</wf>
<wf cmd="done" pos="VBP" ot="notag">have</wf>
<wf cmd="done" pos="VB" lemma="adopt" wnsn="2" lexsn="2:40:00::">adopted</wf>
<wf cmd="ignore" pos="DT">the</wf>
<wf cmd="tag" pos="NN">fund</wf>
<wf cmd="ignore" pos="IN">as</wf>
<wf cmd="tag" pos="CD">one</wf>
<wf cmd="ignore" pos="IN">of</wf>
<wf cmd="ignore" pos="PRP$">their</wf>
<wf cmd="tag" pos="JJ">favorite</wf>
<wf cmd="tag" pos="NNP">Christmas</wf>
<wf cmd="tag" pos="NNS">charities</wf>
<wf cmd="ignore" pos="CC">and</wf>
<wf cmd="ignore" pos="PRP$">their</wf>
<wf cmd="tag" pos="NNS">pennies</wf>
<punc>,</punc>
<wf cmd="tag" pos="NNS">nickels</wf>
<punc>,</punc>
<wf cmd="tag" pos="NNS">dimes</wf>
<wf cmd="ignore" pos="CC">and</wf>
<wf cmd="tag" pos="NNS">quarters</wf>
<wf cmd="done" pos="VB" lemma="aid" wnsn="1" lexsn="2:41:00::">aid</wf>
<wf cmd="tag" pos="RB">greatly</wf>
<wf cmd="ignore" pos="IN">in</wf>
<wf cmd="done" pos="VB" lemma="help" wnsn="1" lexsn="2:41:00::">helping</wf>
<wf cmd="tag" pos="NNP">Santa</wf>
<wf cmd="ignore" pos="TO">to</wf>
<wf cmd="done" pos="VB" lemma="reach" wnsn="7" lexsn="2:38:06::">reach</wf>
<wf cmd="ignore" pos="DT">the</wf>
<wf cmd="tag" pos="NN">fund</wf>
<wf cmd="ignore" pos="POS">'s</wf>
<wf cmd="tag" pos="NN">goal</wf>
<punc>.</punc>
</s>
</p>
<p pnum="35">
<s snum="54">
<wf cmd="tag" pos="NNP">Bernard_Parrillo</wf>
<punc>,</punc>
<wf cmd="tag" pos="CD">20</wf>
<punc>,</punc>
<wf cmd="ignore" pos="IN">of</wf>
<wf cmd="tag" pos="CD">19</wf>
<wf cmd="tag" pos="NNP">Fletcher_Ave.</wf>
<punc>,</punc>
<wf cmd="tag" pos="NNP">Cranston</wf>
<punc>,</punc>
<wf cmd="done" pos="VBD" ot="notag">was</wf>
<wf cmd="done" pos="VB" lemma="admit" wnsn="2" lexsn="2:41:01::">admitted</wf>
<wf cmd="ignore" pos="TO">to</wf>
<wf cmd="tag" pos="NNP">Roger_Williams_Hospital</wf>
<wf cmd="tag" pos="RB">shortly</wf>
<wf cmd="ignore" pos="IN">before</wf>
<wf cmd="tag" pos="CD">11</wf>
<punc>:</punc>
<wf cmd="tag" pos="CD">30</wf>
<wf cmd="tag" pos="NN">a.</wf>
<wf cmd="tag" pos="NNP">m.</wf>
<wf cmd="tag" pos="NN">yesterday</wf>
<wf cmd="ignore" pos="IN">after</wf>
<wf cmd="ignore" pos="DT">a</wf>
<wf cmd="tag" pos="NN">hunting</wf>
<wf cmd="tag" pos="NN">accident</wf>
<wf cmd="tag" pos="RB">in_which</wf>
<wf cmd="ignore" pos="DT">a</wf>
<wf cmd="tag" pos="NN">shotgun</wf>
<wf cmd="ignore" pos="PRP">he</wf>
<wf cmd="done" pos="VBD" ot="notag">was</wf>
<wf cmd="done" pos="VB" lemma="carry" wnsn="2" lexsn="2:42:01::">carrying</wf>
<wf cmd="done" pos="VB" lemma="discharge" wnsn="5" lexsn="2:33:02::">discharged</wf>
<wf cmd="ignore" pos="IN">against</wf>
<wf cmd="ignore" pos="PRP$">his</wf>
<wf cmd="tag" pos="NN">heel</wf>
<punc>.</punc>
</s>
</p>
<p pnum="36">
<s snum="55">
<wf cmd="tag" pos="NNP">Mr._Parrillo</wf>
<wf cmd="done" pos="VBD" ot="notag">was</wf>
<wf cmd="done" pos="VB" lemma="give" wnsn="20" lexsn="2:40:14::">given</wf>
<wf cmd="tag" pos="NN">first_aid</wf>
<wf cmd="ignore" pos="IN">at</wf>
<wf cmd="tag" pos="NNP">Johnston_Hose</wf>
<wf cmd="tag" pos="CD">1</wf>
<punc>.</punc>
</s>
<s snum="56">
<punc>(</punc>
<wf cmd="tag" pos="NNP">Thornton</wf>
<punc>)</punc>
<wf cmd="ignore" pos="WRB">where</wf>
<wf cmd="ignore" pos="PRP">he</wf>
<wf cmd="done" pos="VBD" ot="notag">had</wf>
<wf cmd="done" pos="VB" ot="notag">been</wf>
<wf cmd="done" pos="VB" lemma="drive" wnsn="2" lexsn="2:38:00::">driven</wf>
<wf cmd="ignore" pos="IN">by</wf>
<wf cmd="ignore" pos="DT">a</wf>
<wf cmd="tag" pos="NN">companion</wf>
<punc>.</punc>
</s>
<s snum="57">
<wf cmd="ignore" pos="DT">The</wf>
<wf cmd="tag" pos="CD">two</wf>
<wf cmd="done" pos="VBD" ot="notag">had</wf>
<wf cmd="done" pos="VBN" ot="notag">been</wf>
<wf cmd="done" pos="VB" lemma="hunt" wnsn="1" lexsn="2:33:00::">hunting</wf>
<wf cmd="ignore" pos="IN">in</wf>
<wf cmd="ignore" pos="DT">the</wf>
<wf cmd="tag" pos="NNP">Simmonsville</wf>
<wf cmd="tag" pos="NN">area</wf>
<wf cmd="ignore" pos="IN">of</wf>
<wf cmd="tag" pos="NN">town</wf>
<wf cmd="ignore" pos="CC">and</wf>
<wf cmd="tag" pos="NNP">Mr._Parrillo</wf>
<wf cmd="done" pos="VB" lemma="drop" wnsn="1" lexsn="2:38:01::">dropped</wf>
<wf cmd="ignore" pos="DT">the</wf>
<wf cmd="tag" pos="NN">gun</wf>
<wf cmd="ignore" pos="WDT">which</wf>
<wf cmd="done" pos="VB" lemma="fire" wnsn="5" lexsn="2:33:02::">fired</wf>
<wf cmd="ignore" pos="IN">as</wf>
<wf cmd="ignore" pos="PRP">it</wf>
<wf cmd="done" pos="VB" lemma="strike" wnsn="3" lexsn="2:35:01::">struck</wf>
<wf cmd="ignore" pos="DT">the</wf>
<wf cmd="tag" pos="NN">ground</wf>
<punc>.</punc>
</s>
</p>
<p pnum="37">
<s snum="58">
<wf cmd="tag" pos="NN">Hospital</wf>
<wf cmd="tag" pos="NNS">officials</wf>
<wf cmd="done" pos="VB" lemma="say" wnsn="1" lexsn="2:32:00::">said</wf>
<wf cmd="ignore" pos="DT">the</wf>
<wf cmd="tag" pos="NN">injury</wf>
<wf cmd="done" pos="VB" lemma="be" wnsn="1" lexsn="2:42:03::">was</wf>
<wf cmd="tag" pos="JJ">severe</wf>
<wf cmd="ignore" pos="CC">but</wf>
<wf cmd="ignore" pos="DT">the</wf>
<wf cmd="tag" pos="NN">youth</wf>
<wf cmd="done" pos="VB" lemma="be" wnsn="1" lexsn="2:42:03::">was</wf>
<wf cmd="ignore" pos="IN">in</wf>
<wf cmd="tag" pos="NN">good_condition</wf>
<wf cmd="tag" pos="JJ">last</wf>
<wf cmd="tag" pos="NN">night</wf>
<punc>.</punc>
</s>
</p>
<p pnum="38">
<s snum="59">
<wf cmd="ignore" pos="DT">A</wf>
<wf cmd="tag" pos="NN">check</wf>
<wf cmd="done" pos="VB" ot="notag">for</wf>
<punc>$</punc>
<wf cmd="tag" pos="CD">4177.37</wf>
<wf cmd="done" pos="VB" lemma="represent" wnsn="1" lexsn="2:42:02::">representing</wf>
<wf cmd="ignore" pos="DT">the</wf>
<wf cmd="tag" pos="JJ">last</wf>
<wf cmd="tag" pos="NN">payment</wf>
<wf cmd="ignore" pos="IN">of</wf>
<wf cmd="ignore" pos="DT">a</wf>
<punc>$</punc>
<wf cmd="tag" pos="CD">50000</wf>
<wf cmd="tag" pos="JJ">federal</wf>
<wf cmd="tag" pos="NN">grant</wf>
<wf cmd="ignore" pos="TO">to</wf>
<wf cmd="tag" pos="NN">Rhode_Island</wf>
<wf cmd="tag" pos="NNP">Hospital</wf>
<wf cmd="done" pos="VB" ot="notag">was</wf>
<wf cmd="done" pos="VB" lemma="present" wnsn="4" lexsn="2:40:01::">presented</wf>
<wf cmd="ignore" pos="TO">to</wf>
<wf cmd="ignore" pos="DT">the</wf>
<wf cmd="tag" pos="NN">hospital</wf>
<wf cmd="tag" pos="NN">administrator</wf>
<punc>,</punc>
<wf cmd="tag" pos="NNP">Oliver_G._Pratt</wf>
<punc>,</punc>
<wf cmd="tag" pos="NN">yesterday</wf>
<wf cmd="ignore" pos="IN">by</wf>
<wf cmd="tag" pos="NNP">Governor_Notte</wf>
<punc>.</punc>
</s>
</p>
<p pnum="39">
<s snum="60">
<wf cmd="ignore" pos="DT">The</wf>
<wf cmd="tag" pos="NN">hospital</wf>
<wf cmd="done" pos="VBZ" ot="notag">has</wf>
<wf cmd="done" pos="VB" lemma="use" wnsn="1" lexsn="2:34:01::">used</wf>
<wf cmd="ignore" pos="DT">the</wf>
<wf cmd="tag" pos="NN">money</wf>
<wf cmd="ignore" pos="TO">to</wf>
<wf cmd="done" pos="VB" lemma="assist" wnsn="1" lexsn="2:41:02::">assist</wf>
<wf cmd="ignore" pos="IN">in</wf>
<wf cmd="tag" pos="NNS">alterations</wf>
<wf cmd="ignore" pos="IN">on</wf>
<wf cmd="ignore" pos="DT">the</wf>
<wf cmd="tag" pos="JJ">fifth</wf>
<wf cmd="tag" pos="NN">floor</wf>
<wf cmd="ignore" pos="IN">of</wf>
<wf cmd="ignore" pos="DT">the</wf>
<wf cmd="tag" pos="NNP">Jane_Brown_Hospital</wf>
<punc>,</punc>
<wf cmd="tag" pos="NN">part</wf>
<wf cmd="ignore" pos="IN">of</wf>
<wf cmd="tag" pos="NN">Rhode_Island</wf>
<wf cmd="tag" pos="NNP">Hospital</wf>
<punc>.</punc>
</s>
<s snum="61">
<wf cmd="ignore" pos="DT">The</wf>
<wf cmd="tag" pos="NN">work</wf>
<wf cmd="done" pos="VB" lemma="add" wnsn="1" lexsn="2:30:00::">added</wf>
<wf cmd="tag" pos="CD">eight</wf>
<wf cmd="tag" pos="NNS">beds</wf>
<wf cmd="ignore" pos="TO">to</wf>
<wf cmd="ignore" pos="DT">the</wf>
<wf cmd="tag" pos="NN">hospital</wf>
<punc>,</punc>
<wf cmd="done" pos="VB" lemma="give" wnsn="2" lexsn="2:40:05::">giving</wf>
<wf cmd="ignore" pos="PRP">it</wf>
<wf cmd="ignore" pos="DT">a</wf>
<wf cmd="tag" pos="JJ">total</wf>
<wf cmd="tag" pos="NN">capacity</wf>
<wf cmd="ignore" pos="IN">of</wf>
<wf cmd="tag" pos="CD">646</wf>
<wf cmd="tag" pos="JJ">general</wf>
<wf cmd="tag" pos="NNS">beds</wf>
<punc>.</punc>
</s>
</p>
<p pnum="40">
<s snum="62">
<wf cmd="tag" pos="NNP">Vincent_Sorrentino</wf>
<punc>,</punc>
<wf cmd="tag" pos="NN">founder</wf>
<wf cmd="ignore" pos="CC">and</wf>
<wf cmd="tag" pos="NN">board</wf>
<wf cmd="tag" pos="NN">chairman</wf>
<wf cmd="ignore" pos="IN">of</wf>
<wf cmd="ignore" pos="DT">the</wf>
<wf cmd="tag" pos="NNP">Uncas_Mfg._Co.</wf>
<punc>,</punc>
<wf cmd="done" pos="VBZ" ot="notag">has</wf>
<wf cmd="done" pos="VBN" ot="notag">been</wf>
<wf cmd="done" pos="VB" lemma="designate" wnsn="1" lexsn="2:32:00::">designated</wf>
<wf cmd="ignore" pos="DT">a</wf>
<wf cmd="tag" pos="NNP">Cavaliere</wf>
<wf cmd="ignore" pos="IN">of</wf>
<wf cmd="ignore" pos="DT">the</wf>
<wf cmd="tag" pos="NNP">Order</wf>
<wf cmd="ignore" pos="IN">of</wf>
<wf cmd="tag" pos="NNP">Merit</wf>
<wf cmd="ignore" pos="IN">of</wf>
<wf cmd="ignore" pos="DT">the</wf>
<wf cmd="tag" pos="NNP">Republic</wf>
<wf cmd="ignore" pos="IN">of</wf>
<wf cmd="tag" pos="NNP">Italy</wf>
<punc>.</punc>
</s>
</p>
<p pnum="41">
<s snum="63">
<wf cmd="ignore" pos="DT">The</wf>
<wf cmd="tag" pos="NN">decoration</wf>
<wf cmd="ignore" pos="MD">will</wf>
<wf cmd="done" pos="VB" ot="notag">be</wf>
<wf cmd="done" pos="VB" lemma="present" wnsn="4" lexsn="2:40:01::">presented</wf>
<wf cmd="ignore" pos="IN">by</wf>
<wf cmd="tag" pos="NNP">A._Trichieri</wf>
<punc>,</punc>
<wf cmd="tag" pos="JJ">Italian</wf>
<wf cmd="tag" pos="NN">consul</wf>
<wf cmd="tag" pos="JJ">general</wf>
<wf cmd="ignore" pos="IN">in</wf>
<wf cmd="tag" pos="NNP">Boston</wf>
<punc>,</punc>
<wf cmd="ignore" pos="IN">at</wf>
<wf cmd="ignore" pos="DT">a</wf>
<wf cmd="tag" pos="NN">ceremony</wf>
<wf cmd="ignore" pos="IN">at</wf>
<wf cmd="tag" pos="CD">2</wf>
<punc>:</punc>
<wf cmd="tag" pos="CD">30</wf>
<wf cmd="tag" pos="NN">p.</wf>
<wf cmd="tag" pos="NNP">m.</wf>
<wf cmd="ignore" pos="IN">on</wf>
<wf cmd="tag" pos="NNP">Dec.</wf>
<wf cmd="tag" pos="CD">7</wf>
<wf cmd="ignore" pos="IN">at</wf>
<wf cmd="ignore" pos="DT">the</wf>
<wf cmd="tag" pos="NN">plant</wf>
<punc>,</punc>
<wf cmd="ignore" pos="WDT">which</wf>
<wf cmd="ignore" pos="DT">this</wf>
<wf cmd="tag" pos="NN">year</wf>
<wf cmd="done" pos="VBZ" ot="notag">is</wf>
<wf cmd="done" pos="VB" lemma="celebrate" wnsn="1" lexsn="2:41:01::">celebrating</wf>
<wf cmd="ignore" pos="PRP$">its</wf>
<wf cmd="tag" pos="JJ">golden</wf>
<wf cmd="tag" pos="NN">anniversary</wf>
<punc>.</punc>
</s>
<s snum="64">
<wf cmd="ignore" pos="IN">About</wf>
<wf cmd="tag" pos="CD">500</wf>
<wf cmd="tag" pos="NNS">employes</wf>
<wf cmd="ignore" pos="IN">of</wf>
<wf cmd="ignore" pos="DT">the</wf>
<wf cmd="tag" pos="NN">firm</wf>
<wf cmd="ignore" pos="MD">will</wf>
<wf cmd="done" pos="VB" lemma="be" wnsn="1" lexsn="2:42:03::">be</wf>
<wf cmd="tag" pos="JJ">on_hand</wf>
<wf cmd="ignore" pos="TO">to</wf>
<wf cmd="done" pos="VB" lemma="witness" wnsn="1" lexsn="2:39:00::">witness</wf>
<wf cmd="tag" pos="NN">bestowal</wf>
<wf cmd="ignore" pos="IN">of</wf>
<wf cmd="ignore" pos="DT">the</wf>
<wf cmd="tag" pos="NN">honor</wf>
<wf cmd="ignore" pos="IN">upon</wf>
<wf cmd="tag" pos="NNP">Mr._Sorrentino</wf>
<punc>.</punc>
</s>
</p>
<p pnum="42">
<s snum="65">
<wf cmd="tag" pos="NNP">Mr._Sorrentino</wf>
<wf cmd="ignore" pos="MD">will</wf>
<wf cmd="done" pos="VB" ot="notag">be</wf>
<wf cmd="done" pos="VB" lemma="honor" wnsn="1" lexsn="2:41:00::">honored</wf>
<wf cmd="ignore" pos="IN">on</wf>
<wf cmd="ignore" pos="DT">the</wf>
<wf cmd="tag" pos="NN">evening</wf>
<wf cmd="ignore" pos="IN">of</wf>
<wf cmd="tag" pos="NNP">Dec.</wf>
<wf cmd="tag" pos="CD">7</wf>
<wf cmd="ignore" pos="IN">at</wf>
<wf cmd="ignore" pos="DT">a</wf>
<wf cmd="tag" pos="NN">dinner</wf>
<wf cmd="ignore" pos="TO">to</wf>
<wf cmd="done" pos="VB" ot="notag">be</wf>
<wf cmd="done" pos="VB" lemma="give" wnsn="6" lexsn="2:36:02::">given</wf>
<wf cmd="ignore" pos="IN">by</wf>
<wf cmd="ignore" pos="DT">the</wf>
<wf cmd="tag" pos="NNP">Aurora_Club</wf>
<wf cmd="ignore" pos="IN">at</wf>
<wf cmd="ignore" pos="DT">the</wf>
<wf cmd="tag" pos="NNP">Sheraton-Biltmore_Hotel</wf>
<punc>.</punc>
</s>
</p>
<p pnum="43">
<s snum="66">
<wf cmd="ignore" pos="DT">The</wf>
<wf cmd="tag" pos="JJ">Newport-based</wf>
<wf cmd="tag" pos="NN">destroyer</wf>
<wf cmd="tag" pos="NN">picket</wf>
<wf cmd="tag" pos="NN">escort</wf>
<wf cmd="tag" pos="NNP">Kretchmer</wf>
<wf cmd="done" pos="VBZ" ot="notag">has</wf>
<wf cmd="done" pos="VB" lemma="arrive" wnsn="1" lexsn="2:38:00::">arrived</wf>
<wf cmd="tag" pos="RB">back</wf>
<wf cmd="ignore" pos="IN">at</wf>
<wf cmd="tag" pos="NNP">Newport</wf>
<wf cmd="ignore" pos="IN">after</wf>
<wf cmd="tag" pos="CD">three</wf>
<wf cmd="tag" pos="NNS">months</wf>
<punc>'</punc>
<wf cmd="tag" pos="NN">patrol</wf>
<wf cmd="ignore" pos="IN">in</wf>
<wf cmd="tag" pos="NNP">North_Atlantic</wf>
<wf cmd="tag" pos="NNS">waters</wf>
<wf cmd="done" pos="VB" lemma="mark" wnsn="3" lexsn="2:31:09::">marked</wf>
<wf cmd="ignore" pos="IN">by</wf>
<wf cmd="tag" pos="NN">mercy</wf>
<wf cmd="tag" pos="NNS">jobs</wf>
<wf cmd="tag" pos="RB">afloat</wf>
<wf cmd="ignore" pos="CC">and</wf>
<wf cmd="tag" pos="RB">ashore</wf>
<punc>.</punc>
</s>
</p>
<p pnum="44">
<s snum="67">
<wf cmd="ignore" pos="IN">On</wf>
<wf cmd="tag" pos="NNP">Sept.</wf>
<wf cmd="tag" pos="CD">6</wf>
<punc>,</punc>
<wf cmd="ignore" pos="DT">the</wf>
<wf cmd="tag" pos="NNP">Kretchmer</wf>
<wf cmd="done" pos="VB" lemma="rescue" wnsn="1" lexsn="2:41:00::">rescued</wf>
<wf cmd="ignore" pos="DT">the</wf>
<wf cmd="tag" pos="NN">crew</wf>
<wf cmd="ignore" pos="IN">of</wf>
<wf cmd="ignore" pos="DT">a</wf>
<wf cmd="tag" pos="NN">trawler</wf>
<wf cmd="ignore" pos="PRP">they</wf>
<wf cmd="done" pos="VB" lemma="find" wnsn="2" lexsn="2:39:02::">found</wf>
<wf cmd="done" pos="VB" lemma="drift" wnsn="1" lexsn="2:38:02::">drifting</wf>
<wf cmd="ignore" pos="IN">on</wf>
<wf cmd="ignore" pos="DT">a</wf>
<wf cmd="tag" pos="NN">life_raft</wf>
<wf cmd="ignore" pos="IN">after</wf>
<wf cmd="ignore" pos="PRP">they</wf>
<wf cmd="done" pos="VBD" ot="notag">had</wf>
<wf cmd="done" pos="VB" lemma="abandon" wnsn="3" lexsn="2:38:00::">abandoned</wf>
<wf cmd="ignore" pos="DT">a</wf>
<wf cmd="done" pos="VB" lemma="sink" wnsn="5" lexsn="2:38:06::">sinking</wf>
<wf cmd="tag" pos="NN">ship</wf>
<punc>.</punc>
</s>
<s snum="68">
<wf cmd="ignore" pos="IN">In</wf>
<wf cmd="tag" pos="NNP">August</wf>
<wf cmd="ignore" pos="IN">while</wf>
<wf cmd="done" pos="VB" lemma="stop" wnsn="4" lexsn="2:38:02::">stopping</wf>
<wf cmd="ignore" pos="IN">in</wf>
<wf cmd="tag" pos="NNP">Greenock</wf>
<punc>,</punc>
<wf cmd="tag" pos="NNP">Scotland</wf>
<punc>,</punc>
<wf cmd="tag" pos="CD">three</wf>
<wf cmd="tag" pos="NNS">members</wf>
<wf cmd="ignore" pos="IN">of</wf>
<wf cmd="ignore" pos="DT">the</wf>
<wf cmd="tag" pos="NN">crew</wf>
<wf cmd="ignore" pos="IN">on</wf>
<wf cmd="tag" pos="NN">liberty</wf>
<wf cmd="done" pos="VB" lemma="render" wnsn="2" lexsn="2:40:02::">rendered</wf>
<wf cmd="tag" pos="NN">first_aid</wf>
<wf cmd="ignore" pos="TO">to</wf>
<wf cmd="ignore" pos="DT">a</wf>
<wf cmd="tag" pos="NN">girl</wf>
<wf cmd="ignore" pos="WP">who</wf>
<wf cmd="done" pos="VB" lemma="fall" wnsn="1" lexsn="2:38:03::">fell</wf>
<wf cmd="ignore" pos="IN">from</wf>
<wf cmd="ignore" pos="DT">a</wf>
<wf cmd="tag" pos="NN">train</wf>
<punc>.</punc>
</s>
<s snum="69">
<wf cmd="tag" pos="JJ">Local</wf>
<wf cmd="tag" pos="NNS">authorities</wf>
<wf cmd="done" pos="VB" lemma="credit" wnsn="1" lexsn="2:31:01::">credited</wf>
<wf cmd="ignore" pos="DT">the</wf>
<wf cmd="tag" pos="NNS">men</wf>
<wf cmd="ignore" pos="IN">with</wf>
<wf cmd="done" pos="VB" lemma="save" wnsn="3" lexsn="2:41:00::">saving</wf>
<wf cmd="ignore" pos="DT">the</wf>
<wf cmd="tag" pos="NN">girl</wf>
<wf cmd="ignore" pos="POS">'s</wf>
<wf cmd="tag" pos="NN">life</wf>
<punc>.</punc>
</s>
</p>
<p pnum="45">
<s snum="70">
<wf cmd="ignore" pos="DT">The</wf>
<wf cmd="tag" pos="NNP">FBI</wf>
<wf cmd="tag" pos="NN">yesterday</wf>
<wf cmd="done" pos="VB" lemma="arrest" wnsn="1" lexsn="2:35:00::">arrested</wf>
<wf cmd="ignore" pos="IN">on</wf>
<wf cmd="ignore" pos="DT">a</wf>
<wf cmd="tag" pos="NN">perjury</wf>
<wf cmd="tag" pos="NN">charge</wf>
<wf cmd="tag" pos="CD">one</wf>
<wf cmd="ignore" pos="IN">of</wf>
<wf cmd="ignore" pos="DT">the</wf>
<wf cmd="tag" pos="NNS">members</wf>
<wf cmd="ignore" pos="IN">of</wf>
<wf cmd="ignore" pos="DT">the</wf>
<wf cmd="tag" pos="NN">jury</wf>
<wf cmd="ignore" pos="WDT">that</wf>
<wf cmd="done" pos="VB" lemma="fail" wnsn="1" lexsn="2:41:02::">failed</wf>
<wf cmd="ignore" pos="TO">to</wf>
<wf cmd="done" pos="VB" lemma="reach" wnsn="5" lexsn="2:41:00::">reach</wf>
<wf cmd="ignore" pos="DT">a</wf>
<wf cmd="tag" pos="NN">verdict</wf>
<wf cmd="ignore" pos="IN">in</wf>
<wf cmd="ignore" pos="DT">the</wf>
<punc>``</punc>
<wf cmd="tag" pos="NNP">Freedom_Rider</wf>
<punc>''</punc>
<wf cmd="tag" pos="NN">bus</wf>
<wf cmd="done" pos="VB" lemma="burn" wnsn="1" lexsn="2:30:02::">burning</wf>
<wf cmd="tag" pos="NN">trial</wf>
<wf cmd="tag" pos="CD">four</wf>
<wf cmd="tag" pos="NNS">weeks</wf>
<wf cmd="tag" pos="RB">ago</wf>
<punc>.</punc>
</s>
</p>
<p pnum="46">
<s snum="71">
<wf cmd="tag" pos="NNP">U._S._Attorney_Macon_Weaver</wf>
<wf cmd="done" pos="VB" lemma="say" wnsn="1" lexsn="2:32:00::">said</wf>
<wf cmd="ignore" pos="DT">the</wf>
<wf cmd="tag" pos="JJ">federal</wf>
<wf cmd="tag" pos="NN">complaint</wf>
<punc>,</punc>
<wf cmd="done" pos="VB" lemma="charge" wnsn="7" lexsn="2:32:03::">charged</wf>
<wf cmd="ignore" pos="IN">that</wf>
<wf cmd="ignore" pos="DT">the</wf>
<wf cmd="tag" pos="NN">juror</wf>
<wf cmd="done" pos="VB" lemma="give" wnsn="4" lexsn="2:40:07::">gave</wf>
<wf cmd="tag" pos="JJ">false</wf>
<wf cmd="tag" pos="NN">information</wf>
<wf cmd="ignore" pos="WRB">when</wf>
<wf cmd="done" pos="VB" lemma="ask" wnsn="1" lexsn="2:32:00::">asked</wf>
<wf cmd="ignore" pos="IN">about</wf>
<wf cmd="tag" pos="NN">Ku_Klux_Klan</wf>
<wf cmd="tag" pos="NN">membership</wf>
<wf cmd="ignore" pos="IN">during</wf>
<wf cmd="tag" pos="NN">selection</wf>
<wf cmd="ignore" pos="IN">of</wf>
<wf cmd="tag" pos="NN">jury</wf>
<punc>.</punc>
</s>
</p>
<p pnum="47">
<s snum="72">
<wf cmd="ignore" pos="PRP">He</wf>
<wf cmd="done" pos="VB" lemma="identify" wnsn="1" lexsn="2:31:00::">identified</wf>
<wf cmd="ignore" pos="DT">the</wf>
<wf cmd="tag" pos="NN">man</wf>
<wf cmd="ignore" pos="IN">as</wf>
<wf cmd="tag" pos="NNP">Lewis_Martin_Parker</wf>
<punc>,</punc>
<wf cmd="tag" pos="CD">59</wf>
<punc>,</punc>
<wf cmd="ignore" pos="DT">a</wf>
<wf cmd="tag" pos="NN">farmer</wf>
<wf cmd="ignore" pos="IN">of</wf>
<wf cmd="tag" pos="NNP">Hartselle</wf>
<punc>,</punc>
<wf cmd="tag" pos="NNP">Ala.</wf>
<punc>.</punc>
</s>
</p>
<p pnum="48">
<s snum="73">
<wf cmd="tag" pos="CD">Eight</wf>
<wf cmd="tag" pos="NNS">men</wf>
<wf cmd="done" pos="VBD" ot="notag">were</wf>
<wf cmd="done" pos="VB" lemma="try" wnsn="3" lexsn="2:41:06::">tried</wf>
<wf cmd="tag" pos="RB">together</wf>
<wf cmd="ignore" pos="IN">in</wf>
<wf cmd="tag" pos="NNP">U._S._District_Court</wf>
<wf cmd="ignore" pos="IN">in</wf>
<wf cmd="tag" pos="NNP">Anniston</wf>
<punc>,</punc>
<wf cmd="tag" pos="NNP">Ala.</wf>
<punc>,</punc>
<wf cmd="ignore" pos="IN">on</wf>
<wf cmd="tag" pos="NNS">charges</wf>
<wf cmd="ignore" pos="IN">of</wf>
<wf cmd="done" pos="VB" lemma="interfere" wnsn="1" lexsn="2:41:01::">interfering</wf>
<wf cmd="done" pos="VB" ot="notag">with</wf>
<wf cmd="tag" pos="JJ">interstate</wf>
<wf cmd="tag" pos="NN">transportation</wf>
<wf cmd="ignore" pos="CC">and</wf>
<wf cmd="tag" pos="NN">conspiracy</wf>
<wf cmd="done" pos="VB" lemma="grow" wnsn="6" lexsn="2:42:00::">growing</wf>
<wf cmd="tag" pos="RB">out</wf>
<wf cmd="done" pos="VB" ot="notag">of</wf>
<wf cmd="ignore" pos="DT">a</wf>
<wf cmd="tag" pos="JJ">white</wf>
<wf cmd="tag" pos="NN">mob</wf>
<wf cmd="ignore" pos="POS">'s</wf>
<wf cmd="tag" pos="NN">attack</wf>
<wf cmd="ignore" pos="IN">on</wf>
<wf cmd="ignore" pos="DT">a</wf>
<wf cmd="tag" pos="NNP">Greyhound</wf>
<wf cmd="tag" pos="NN">bus</wf>
<wf cmd="done" pos="VB" lemma="carry" wnsn="1" lexsn="2:35:02::">carrying</wf>
<wf cmd="ignore" pos="DT">the</wf>
<wf cmd="tag" pos="NN">first</wf>
<wf cmd="ignore" pos="IN">of</wf>
<wf cmd="ignore" pos="DT">the</wf>
<wf cmd="tag" pos="NNP">Freedom</wf>
<wf cmd="tag" pos="NNPS">Riders</wf>
<punc>.</punc>
</s>
<s snum="74">
<wf cmd="ignore" pos="DT">The</wf>
<wf cmd="tag" pos="NN">bus</wf>
<wf cmd="done" pos="VBD" ot="notag">was</wf>
<wf cmd="done" pos="VB" lemma="burn" wnsn="5" lexsn="2:43:02::">burned</wf>
<wf cmd="ignore" pos="IN">outside</wf>
<wf cmd="tag" pos="NNP">Anniston</wf>
<punc>.</punc>
</s>
</p>
<p pnum="49">
<s snum="75">
<wf cmd="tag" pos="CD">One</wf>
<wf cmd="ignore" pos="IN">of</wf>
<wf cmd="ignore" pos="DT">the</wf>
<wf cmd="tag" pos="CD">eight</wf>
<wf cmd="tag" pos="NNS">defendants</wf>
<wf cmd="done" pos="VBD" ot="notag">was</wf>
<wf cmd="done" pos="VB" lemma="free" wnsn="1" lexsn="2:41:00::">freed</wf>
<wf cmd="ignore" pos="IN">on</wf>
<wf cmd="ignore" pos="DT">a</wf>
<wf cmd="tag" pos="NN">directed_verdict</wf>
<wf cmd="ignore" pos="IN">of</wf>
<wf cmd="tag" pos="NN">acquittal</wf>
<punc>.</punc>
</s>
<s snum="76">
<wf cmd="ignore" pos="DT">A</wf>
<wf cmd="tag" pos="NN">mistrial</wf>
<wf cmd="done" pos="VBD" ot="notag">was</wf>
<wf cmd="done" pos="VB" lemma="declare" wnsn="4" lexsn="2:32:04::">declared</wf>
<wf cmd="ignore" pos="IN">in</wf>
<wf cmd="ignore" pos="DT">the</wf>
<wf cmd="tag" pos="NN">case</wf>
<wf cmd="ignore" pos="IN">against</wf>
<wf cmd="ignore" pos="DT">the</wf>
<wf cmd="tag" pos="JJ">other</wf>
<wf cmd="tag" pos="CD">seven</wf>
<wf cmd="ignore" pos="WRB">when</wf>
<wf cmd="ignore" pos="DT">the</wf>
<wf cmd="tag" pos="NN">jury</wf>
<wf cmd="done" pos="VB" lemma="be" wnsn="1" lexsn="2:42:03::">was</wf>
<wf cmd="tag" pos="JJ">unable</wf>
<wf cmd="ignore" pos="TO">to</wf>
<wf cmd="done" pos="VB" lemma="agree" wnsn="1" lexsn="2:32:00::">agree</wf>
<wf cmd="ignore" pos="IN">on</wf>
<wf cmd="ignore" pos="DT">a</wf>
<wf cmd="tag" pos="NN">verdict</wf>
<punc>.</punc>
</s>
</p>
<p pnum="50">
<s snum="77">
<wf cmd="ignore" pos="DT">The</wf>
<wf cmd="tag" pos="NN">arrest</wf>
<wf cmd="ignore" pos="IN">of</wf>
<wf cmd="tag" pos="NNP">Mr._Parker</wf>
<wf cmd="done" pos="VB" lemma="mark" wnsn="2" lexsn="2:32:02::">marks</wf>
<wf cmd="ignore" pos="DT">the</wf>
<wf cmd="tag" pos="JJ">third</wf>
<wf cmd="tag" pos="NN">charge</wf>
<wf cmd="ignore" pos="IN">of</wf>
<wf cmd="tag" pos="NN">wrongdoing</wf>
<wf cmd="done" pos="VB" lemma="involve" wnsn="1" lexsn="2:42:01::">involving</wf>
<wf cmd="ignore" pos="DT">the</wf>
<wf cmd="tag" pos="NN">jury</wf>
<wf cmd="ignore" pos="WDT">that</wf>
<wf cmd="done" pos="VB" lemma="hear" wnsn="3" lexsn="2:41:00::">heard</wf>
<wf cmd="ignore" pos="DT">the</wf>
<wf cmd="tag" pos="NN">case</wf>
<punc>.</punc>
</s>
</p>
<p pnum="51">
<s snum="78">
<wf cmd="ignore" pos="DT">The</wf>
<wf cmd="tag" pos="JJ">first</wf>
<wf cmd="tag" pos="NN">incident</wf>
<wf cmd="done" pos="VB" lemma="occur" wnsn="1" lexsn="2:30:00::">occurred</wf>
<wf cmd="ignore" pos="IN">before</wf>
<wf cmd="ignore" pos="DT">the</wf>
<wf cmd="tag" pos="NN">trial</wf>
<wf cmd="done" pos="VB" lemma="get" wnsn="2" lexsn="2:30:00::">got</wf>
<wf cmd="tag" pos="JJ">under_way</wf>
<wf cmd="ignore" pos="WRB">when</wf>
<wf cmd="tag" pos="NNP">Judge_H._Hobart_Grooms</wf>
<wf cmd="done" pos="VB" lemma="tell" wnsn="2" lexsn="2:32:00::">told</wf>
<wf cmd="ignore" pos="DT">the</wf>
<wf cmd="tag" pos="NN">jury</wf>
<wf cmd="tag" pos="NN">panel</wf>
<wf cmd="ignore" pos="PRP">he</wf>
<wf cmd="done" pos="VBD" ot="notag">had</wf>
<wf cmd="done" pos="VB" lemma="hear" wnsn="2" lexsn="2:31:00::">heard</wf>
<wf cmd="tag" pos="NNS">reports</wf>
<wf cmd="ignore" pos="IN">of</wf>
<wf cmd="tag" pos="JJ">jury-tampering</wf>
<wf cmd="tag" pos="NNS">efforts</wf>
<punc>.</punc>
</s>
</p>
<p pnum="52">
<s snum="79">
<wf cmd="ignore" pos="PRP">He</wf>
<wf cmd="done" pos="VB" lemma="ask" wnsn="2" lexsn="2:32:01::">asked</wf>
<wf cmd="tag" pos="NNS">members</wf>
<wf cmd="ignore" pos="IN">of</wf>
<wf cmd="ignore" pos="DT">the</wf>
<wf cmd="tag" pos="NN">panel</wf>
<wf cmd="ignore" pos="TO">to</wf>
<wf cmd="done" pos="VB" lemma="tell" wnsn="2" lexsn="2:32:00::">tell</wf>
<wf cmd="ignore" pos="PRP">him</wf>
<wf cmd="ignore" pos="IN">if</wf>
<wf cmd="tag" pos="NN">anyone</wf>
<wf cmd="ignore" pos="IN">outside</wf>
<wf cmd="ignore" pos="DT">the</wf>
<wf cmd="tag" pos="NN">court</wf>
<wf cmd="done" pos="VBD" ot="notag">had</wf>
<wf cmd="done" pos="VB" lemma="speak_to" wnsn="0" lexsn="2:32:00::">spoken_to</wf>
<wf cmd="ignore" pos="PRP">them</wf>
<wf cmd="ignore" pos="IN">about</wf>
<wf cmd="ignore" pos="DT">the</wf>
<wf cmd="tag" pos="NN">case</wf>
<punc>.</punc>
</s>
<s snum="80">
<wf cmd="tag" pos="CD">Two</wf>
<wf cmd="tag" pos="NNS">members</wf>
<wf cmd="ignore" pos="IN">of</wf>
<wf cmd="ignore" pos="DT">the</wf>
<wf cmd="tag" pos="NN">panel</wf>
<wf cmd="tag" pos="RB">later</wf>
<wf cmd="done" pos="VB" lemma="tell" wnsn="1" lexsn="2:32:04::">told</wf>
<wf cmd="ignore" pos="IN">in</wf>
<wf cmd="tag" pos="NN">court</wf>
<wf cmd="ignore" pos="IN">about</wf>
<wf cmd="done" pos="VB" lemma="receive" wnsn="1" lexsn="2:40:00::">receiving</wf>
<wf cmd="tag" pos="NN">telephone_calls</wf>
<wf cmd="ignore" pos="IN">at</wf>
<wf cmd="ignore" pos="PRP$">their</wf>
<wf cmd="tag" pos="NNS">homes</wf>
<wf cmd="ignore" pos="IN">from</wf>
<wf cmd="tag" pos="JJ">anonymous</wf>
<wf cmd="tag" pos="NNS">persons</wf>
<wf cmd="done" pos="VB" lemma="express" wnsn="1" lexsn="2:32:01::">expressing</wf>
<wf cmd="tag" pos="NN">interest</wf>
<wf cmd="ignore" pos="IN">in</wf>
<wf cmd="ignore" pos="DT">the</wf>
<wf cmd="tag" pos="NN">trial</wf>
<punc>.</punc>
</s>
<s snum="81">
<wf cmd="ignore" pos="CC">Neither</wf>
<wf cmd="done" pos="VB" ot="notag">was</wf>
<wf cmd="done" pos="VB" lemma="seat" wnsn="3" lexsn="2:41:00::">seated</wf>
<wf cmd="ignore" pos="IN">on</wf>
<wf cmd="ignore" pos="DT">the</wf>
<wf cmd="tag" pos="NN">jury</wf>
<punc>.</punc>
</s>
</p>
<p pnum="53">
<s snum="82">
<wf cmd="tag" pos="RB">Then</wf>
<punc>,</punc>
<wf cmd="ignore" pos="WRB">when</wf>
<wf cmd="ignore" pos="DT">the</wf>
<wf cmd="tag" pos="NN">case</wf>
<wf cmd="done" pos="VB" lemma="go" wnsn="2" lexsn="2:41:00::">went</wf>
<wf cmd="done" pos="VB" ot="notag">to</wf>
<wf cmd="ignore" pos="DT">the</wf>
<wf cmd="tag" pos="NN">jury</wf>
<punc>,</punc>
<wf cmd="ignore" pos="DT">the</wf>
<wf cmd="tag" pos="NN">judge</wf>
<wf cmd="done" pos="VB" lemma="excuse" wnsn="2" lexsn="2:32:04::">excused</wf>
<wf cmd="tag" pos="CD">one</wf>
<wf cmd="ignore" pos="IN">of</wf>
<wf cmd="ignore" pos="DT">the</wf>
<wf cmd="tag" pos="NNS">jurors</wf>
<punc>,</punc>
<wf cmd="done" pos="VB" lemma="say" wnsn="1" lexsn="2:32:00::">saying</wf>
<wf cmd="ignore" pos="DT">the</wf>
<wf cmd="tag" pos="NN">juror</wf>
<wf cmd="done" pos="VBD" ot="notag">had</wf>
<wf cmd="done" pos="VB" lemma="tell" wnsn="2" lexsn="2:32:00::">told</wf>
<wf cmd="ignore" pos="PRP">him</wf>
<wf cmd="ignore" pos="PRP">he</wf>
<wf cmd="done" pos="VBD" ot="notag">had</wf>
<wf cmd="done" pos="VBN" ot="notag">been</wf>
<wf cmd="done" pos="VB" lemma="accost" wnsn="1" lexsn="2:32:01::">accosted</wf>
<wf cmd="ignore" pos="IN">by</wf>
<wf cmd="tag" pos="JJ">masked</wf>
<wf cmd="tag" pos="NNS">men</wf>
<wf cmd="ignore" pos="IN">at</wf>
<wf cmd="ignore" pos="PRP$">his</wf>
<wf cmd="tag" pos="NN">motel</wf>
<wf cmd="ignore" pos="DT">the</wf>
<wf cmd="tag" pos="NN">night</wf>
<wf cmd="ignore" pos="IN">before</wf>
<wf cmd="ignore" pos="DT">the</wf>
<wf cmd="tag" pos="NN">trial</wf>
<wf cmd="done" pos="VB" lemma="open" wnsn="2" lexsn="2:41:00::">opened</wf>
<punc>.</punc>
</s>
<s snum="83">
<wf cmd="ignore" pos="DT">The</wf>
<wf cmd="tag" pos="NN">juror</wf>
<wf cmd="done" pos="VB" lemma="say" wnsn="1" lexsn="2:32:00::">said</wf>
<wf cmd="ignore" pos="DT">the</wf>
<wf cmd="tag" pos="JJ">masked</wf>
<wf cmd="tag" pos="NNS">men</wf>
<wf cmd="done" pos="VBD" ot="notag">had</wf>
<wf cmd="done" pos="VB" lemma="advise" wnsn="1" lexsn="2:32:00::">advised</wf>
<wf cmd="ignore" pos="PRP">him</wf>
<wf cmd="ignore" pos="TO">to</wf>
<wf cmd="done" pos="VB" lemma="be" wnsn="1" lexsn="2:42:03::">be</wf>
<wf cmd="tag" pos="JJ">lenient</wf>
<punc>.</punc>
</s>
<s snum="84">
<wf cmd="ignore" pos="DT">The</wf>
<wf cmd="tag" pos="NN">judge</wf>
<wf cmd="done" pos="VB" lemma="replace" wnsn="1" lexsn="2:30:00::">replaced</wf>
<wf cmd="ignore" pos="DT">the</wf>
<wf cmd="tag" pos="NN">juror</wf>
<wf cmd="ignore" pos="IN">with</wf>
<wf cmd="ignore" pos="DT">an</wf>
<wf cmd="tag" pos="NN">alternate</wf>
<punc>.</punc>
</s>
</p>
<p pnum="54">
<s snum="85">
<wf cmd="ignore" pos="DT">No</wf>
<wf cmd="tag" pos="JJ">formal</wf>
<wf cmd="tag" pos="NNS">charges</wf>
<wf cmd="done" pos="VBP" ot="notag">have</wf>
<wf cmd="done" pos="VBN" ot="notag">been</wf>
<wf cmd="done" pos="VB" lemma="file" wnsn="1" lexsn="2:32:02::">filed</wf>
<wf cmd="ignore" pos="IN">as</wf>
<wf cmd="ignore" pos="DT">a</wf>
<wf cmd="tag" pos="NN">result</wf>
<wf cmd="ignore" pos="IN">of</wf>
<wf cmd="ignore" pos="DT">either</wf>
<wf cmd="ignore" pos="IN">of</wf>
<wf cmd="ignore" pos="DT">the</wf>
<wf cmd="tag" pos="CD">two</wf>
<wf cmd="tag" pos="JJ">reported</wf>
<wf cmd="tag" pos="NNS">incidents</wf>
<punc>.</punc>
</s>
</p>
<p pnum="55">
<s snum="86">
<wf cmd="ignore" pos="IN">At</wf>
<wf cmd="ignore" pos="DT">the</wf>
<wf cmd="tag" pos="NN">opening</wf>
<wf cmd="ignore" pos="IN">of</wf>
<wf cmd="ignore" pos="DT">the</wf>
<wf cmd="tag" pos="NN">trial</wf>
<punc>,</punc>
<wf cmd="ignore" pos="DT">the</wf>
<wf cmd="tag" pos="NN">jury</wf>
<wf cmd="tag" pos="NN">panel</wf>
<wf cmd="done" pos="VBD" ot="notag">was</wf>
<wf cmd="done" pos="VB" lemma="question" wnsn="2" lexsn="2:32:03::">questioned</wf>
<wf cmd="tag" pos="RB">as_a_group</wf>
<wf cmd="ignore" pos="IN">by</wf>
<wf cmd="tag" pos="NNP">Mr._Weaver</wf>
<wf cmd="ignore" pos="IN">about</wf>
<wf cmd="tag" pos="NN">Ku_Klux_Klan</wf>
<wf cmd="tag" pos="NNS">connections</wf>
<punc>.</punc>
</s>
</p>
<p pnum="56">
<s snum="87">
<wf cmd="tag" pos="CD">One</wf>
<wf cmd="tag" pos="NN">member</wf>
<wf cmd="ignore" pos="IN">of</wf>
<wf cmd="ignore" pos="DT">the</wf>
<wf cmd="tag" pos="NN">panel</wf>
<punc>-</punc>
<wf cmd="tag" pos="RB">not</wf>
<wf cmd="tag" pos="NNP">Mr._Parker</wf>
<punc>-</punc>
<wf cmd="done" pos="VB" lemma="indicate" wnsn="3" lexsn="2:32:00::">indicated</wf>
<wf cmd="ignore" pos="PRP">he</wf>
<wf cmd="done" pos="VBD" ot="notag">had</wf>
<wf cmd="done" pos="VB" lemma="be" wnsn="2" lexsn="2:42:06::">been</wf>
<wf cmd="ignore" pos="DT">a</wf>
<wf cmd="tag" pos="NN">member</wf>
<wf cmd="ignore" pos="IN">of</wf>
<wf cmd="ignore" pos="DT">the</wf>
<wf cmd="tag" pos="NNP">KKK</wf>
<wf cmd="tag" pos="RB">at_one_time</wf>
<punc>.</punc>
</s>
<s snum="88">
<wf cmd="ignore" pos="PRP">He</wf>
<wf cmd="done" pos="VBD" ot="notag">was</wf>
<wf cmd="tag" pos="RB">not</wf>
<wf cmd="done" pos="VB" lemma="seat" wnsn="3" lexsn="2:41:00::">seated</wf>
<wf cmd="ignore" pos="IN">on</wf>
<wf cmd="ignore" pos="DT">the</wf>
<wf cmd="tag" pos="NN">jury</wf>
<punc>.</punc>
</s>
</p>
<p pnum="57">
<s snum="89">
<wf cmd="ignore" pos="DT">The</wf>
<wf cmd="tag" pos="NN">perjury</wf>
<wf cmd="tag" pos="NN">charge</wf>
<wf cmd="ignore" pos="IN">against</wf>
<wf cmd="tag" pos="NNP">Mr._Parker</wf>
<wf cmd="done" pos="VB" lemma="carry" wnsn="10" lexsn="2:42:02::">carries</wf>
<wf cmd="ignore" pos="DT">a</wf>
<wf cmd="tag" pos="JJ">maximum</wf>
<wf cmd="tag" pos="NN">penalty</wf>
<wf cmd="ignore" pos="IN">of</wf>
<punc>$</punc>
<wf cmd="tag" pos="CD">2000</wf>
<wf cmd="tag" pos="JJ">fine</wf>
<wf cmd="ignore" pos="CC">and</wf>
<wf cmd="tag" pos="CD">five</wf>
<wf cmd="tag" pos="NNS">years</wf>
<wf cmd="tag" pos="NN">imprisonment</wf>
<wf cmd="ignore" pos="IN">on</wf>
<wf cmd="tag" pos="NN">conviction</wf>
<punc>.</punc>
</s>
</p>
<p pnum="58">
<s snum="90">
<wf cmd="ignore" pos="DT">The</wf>
<wf cmd="tag" pos="NN">New_York</wf>
<wf cmd="tag" pos="NNP">University</wf>
<wf cmd="tag" pos="NN">Board_of_Trustees</wf>
<wf cmd="done" pos="VBZ" ot="notag">has</wf>
<wf cmd="done" pos="VB" lemma="elect" wnsn="1" lexsn="2:41:00::">elected</wf>
<wf cmd="ignore" pos="DT">the</wf>
<wf cmd="tag" pos="JJS">youngest</wf>
<wf cmd="tag" pos="NN">president</wf>
<wf cmd="ignore" pos="IN">in</wf>
<wf cmd="ignore" pos="DT">the</wf>
<wf cmd="tag" pos="CD">130</wf>
<punc>-</punc>
<wf cmd="tag" pos="NN">year</wf>
<wf cmd="tag" pos="NN">history</wf>
<wf cmd="ignore" pos="IN">of</wf>
<wf cmd="tag" pos="NNP">NYU</wf>
<punc>,</punc>
<wf cmd="ignore" pos="PRP">it</wf>
<wf cmd="done" pos="VBD" ot="notag">was</wf>
<wf cmd="done" pos="VB" lemma="announce" wnsn="1" lexsn="2:32:00::">announced</wf>
<wf cmd="tag" pos="NN">yesterday</wf>
<punc>.</punc>
</s>
</p>
<p pnum="59">
<s snum="91">
<wf cmd="ignore" pos="DT">The</wf>
<wf cmd="tag" pos="JJ">new</wf>
<wf cmd="tag" pos="NN">president</wf>
<wf cmd="done" pos="VB" lemma="be" wnsn="2" lexsn="2:42:06::">is</wf>
<wf cmd="tag" pos="CD">37</wf>
<punc>-</punc>
<wf cmd="tag" pos="JJ">year-old</wf>
<wf cmd="tag" pos="NNP">Dr._James_McN._Hester</wf>
<punc>,</punc>
<wf cmd="tag" pos="RB">currently</wf>
<wf cmd="tag" pos="NN">dean</wf>
<wf cmd="ignore" pos="IN">of</wf>
<wf cmd="ignore" pos="DT">the</wf>
<wf cmd="tag" pos="NNP">NYU</wf>
<wf cmd="tag" pos="NN">Graduate_School</wf>
<wf cmd="ignore" pos="IN">of</wf>
<wf cmd="tag" pos="NNP">Arts</wf>
<wf cmd="ignore" pos="CC">and</wf>
<wf cmd="tag" pos="NNPS">Sciences</wf>
<punc>.</punc>
</s>
<s snum="92">
<wf cmd="ignore" pos="PRP">He</wf>
<wf cmd="ignore" pos="MD">will</wf>
<wf cmd="done" pos="VB" lemma="take_over" wnsn="2" lexsn="2:41:01::">take_over</wf>
<wf cmd="ignore" pos="PRP$">his</wf>
<wf cmd="tag" pos="JJ">new</wf>
<wf cmd="tag" pos="NN">post</wf>
<wf cmd="tag" pos="NNP">Jan.</wf>
<wf cmd="tag" pos="CD">1</wf>
<punc>.</punc>
</s>
</p>
<p pnum="60">
<s snum="93">
<wf cmd="tag" pos="NNP">Dr._Hester</wf>
<punc>,</punc>
<wf cmd="tag" pos="RB">also</wf>
<wf cmd="tag" pos="CD">one</wf>
<wf cmd="ignore" pos="IN">of</wf>
<wf cmd="ignore" pos="DT">the</wf>
<wf cmd="tag" pos="JJS">youngest</wf>
<wf cmd="tag" pos="NNS">men</wf>
<wf cmd="tag" pos="RB">ever</wf>
<wf cmd="ignore" pos="TO">to</wf>
<wf cmd="done" pos="VB" lemma="head" wnsn="2" lexsn="2:41:00::">head</wf>
<wf cmd="ignore" pos="DT">a</wf>
<wf cmd="tag" pos="JJ">major</wf>
<wf cmd="tag" pos="NNP">American</wf>
<wf cmd="tag" pos="NN">university</wf>
<punc>,</punc>
<wf cmd="done" pos="VB" lemma="succeed" wnsn="2" lexsn="2:41:01::">succeeds</wf>
<wf cmd="tag" pos="NNP">Dr._Carroll_V._Newsom</wf>
<wf cmd="ignore" pos="WP">who</wf>
<wf cmd="done" pos="VB" lemma="resign" wnsn="1" lexsn="2:41:00::">resigned</wf>
<wf cmd="tag" pos="JJ">last</wf>
<wf cmd="tag" pos="NNP">September</wf>
<wf cmd="ignore" pos="TO">to</wf>
<wf cmd="done" pos="VB" lemma="join" wnsn="1" lexsn="2:41:00::">join</wf>
<wf cmd="tag" pos="NNP">Prentice-Hall_Inc.</wf>
<wf cmd="tag" pos="NN">publishing_firm</wf>
<punc>.</punc>
</s>
</p>
<p pnum="61">
<s snum="94">
<wf cmd="tag" pos="NNP">Dr._Hester</wf>
<punc>,</punc>
<wf cmd="ignore" pos="IN">of</wf>
<wf cmd="tag" pos="NNP">Princeton</wf>
<punc>,</punc>
<wf cmd="tag" pos="NNP">N._J.</wf>
<punc>,</punc>
<wf cmd="done" pos="VB" lemma="be" wnsn="1" lexsn="2:42:03::">is</wf>
<wf cmd="ignore" pos="DT">a</wf>
<wf cmd="tag" pos="NN">native</wf>
<wf cmd="ignore" pos="IN">of</wf>
<wf cmd="tag" pos="NNP">Chester</wf>
<punc>,</punc>
<wf cmd="tag" pos="NNP">Pa.</wf>
<wf cmd="ignore" pos="PRP">He</wf>
<wf cmd="done" pos="VB" lemma="join" wnsn="1" lexsn="2:41:00::">joined</wf>
<wf cmd="tag" pos="NNP">NYU</wf>
<wf cmd="ignore" pos="IN">in</wf>
<wf cmd="tag" pos="NNP">September</wf>
<punc>,</punc>
<wf cmd="tag" pos="CD">1960</wf>
<punc>.</punc>
</s>
<s snum="95">
<wf cmd="tag" pos="RB">Prior</wf>
<wf cmd="tag" pos="RB">to_that</wf>
<wf cmd="ignore" pos="PRP">he</wf>
<wf cmd="done" pos="VBD" ot="notag">was</wf>
<wf cmd="tag" pos="JJ">associated</wf>
<wf cmd="done" pos="VB" ot="notag">with</wf>
<wf cmd="tag" pos="NN">Long_Island</wf>
<wf cmd="tag" pos="NNP">University</wf>
<wf cmd="ignore" pos="IN">in</wf>
<wf cmd="tag" pos="NNP">Brooklyn</wf>
<punc>.</punc>
</s>
</p>
</context>
</contextfile>
