<contextfile concordance="brown">
<context filename="br-a17" paras="yes">
<p pnum="1">
<s snum="1">
<wf cmd="tag" pos="IN">After</wf>
<wf cmd="done" pos="VB" lemma="be" wnsn="1" lexsn="2:42:03::">being</wf>
<wf cmd="tag" pos="JJ">closed</wf>
<wf cmd="ignore" pos="IN">for</wf>
<wf cmd="tag" pos="CD">seven</wf>
<wf cmd="tag" pos="NNS">months</wf>
<punc>,</punc>
<wf cmd="ignore" pos="DT">the</wf>
<wf cmd="tag" pos="NNP">Garden</wf>
<wf cmd="ignore" pos="IN">of</wf>
<wf cmd="ignore" pos="DT">the</wf>
<wf cmd="tag" pos="NNP">Gods_Club</wf>
<wf cmd="ignore" pos="MD">will</wf>
<wf cmd="done" pos="VB" lemma="have" wnsn="8" lexsn="2:36:00::">have</wf>
<wf cmd="ignore" pos="PRP$">its</wf>
<wf cmd="tag" pos="JJ">gala</wf>
<wf cmd="tag" pos="NN">summer</wf>
<wf cmd="tag" pos="NN">opening</wf>
<wf cmd="tag" pos="NNP">Saturday</wf>
<punc>,</punc>
<wf cmd="tag" pos="NNP">June</wf>
<wf cmd="tag" pos="CD">3</wf>
<punc>.</punc>
</s>
</p>
<p pnum="2">
<s snum="2">
<wf cmd="tag" pos="NNP">Music</wf>
<wf cmd="ignore" pos="IN">for</wf>
<wf cmd="tag" pos="NN">dancing</wf>
<wf cmd="ignore" pos="MD">will</wf>
<wf cmd="done" pos="VB" ot="notag">be</wf>
<wf cmd="done" pos="VB" lemma="furnish" wnsn="1" lexsn="2:40:00::">furnished</wf>
<wf cmd="ignore" pos="IN">by</wf>
<wf cmd="tag" pos="NNP">Allen_Uhles</wf>
<wf cmd="ignore" pos="CC">and</wf>
<wf cmd="ignore" pos="PRP$">his</wf>
<wf cmd="tag" pos="NN">orchestra</wf>
<punc>,</punc>
<wf cmd="ignore" pos="WP">who</wf>
<wf cmd="ignore" pos="MD">will</wf>
<wf cmd="done" pos="VB" lemma="play" wnsn="3" lexsn="2:36:12::">play</wf>
<wf cmd="ignore" pos="DT">each</wf>
<wf cmd="tag" pos="NNP">Saturday</wf>
<wf cmd="ignore" pos="IN">during</wf>
<wf cmd="tag" pos="NNP">June</wf>
<punc>.</punc>
</s>
</p>
<p pnum="3">
<s snum="3">
<wf cmd="tag" pos="NNS">Members</wf>
<wf cmd="ignore" pos="CC">and</wf>
<wf cmd="tag" pos="NNS">guests</wf>
<wf cmd="ignore" pos="MD">will</wf>
<wf cmd="done" pos="VB" lemma="be" wnsn="1" lexsn="2:42:03::">be</wf>
<wf cmd="tag" pos="JJ">in_for</wf>
<wf cmd="ignore" pos="DT">an</wf>
<wf cmd="tag" pos="JJ">added</wf>
<wf cmd="tag" pos="NN">surprise</wf>
<wf cmd="ignore" pos="IN">with</wf>
<wf cmd="ignore" pos="DT">the</wf>
<wf cmd="tag" pos="JJ">new</wf>
<wf cmd="tag" pos="NN">wing</wf>
<wf cmd="done" pos="VB" lemma="contain" wnsn="1" lexsn="2:42:00::">containing</wf>
<wf cmd="tag" pos="CD">40</wf>
<wf cmd="tag" pos="NNS">rooms</wf>
<wf cmd="ignore" pos="CC">and</wf>
<wf cmd="tag" pos="NNS">suites</wf>
<punc>,</punc>
<wf cmd="ignore" pos="DT">each</wf>
<wf cmd="ignore" pos="IN">with</wf>
<wf cmd="ignore" pos="PRP$">its</wf>
<wf cmd="tag" pos="JJ">own</wf>
<wf cmd="tag" pos="JJ">private</wf>
<wf cmd="tag" pos="NN">patio</wf>
<punc>.</punc>
</s>
</p>
<p pnum="4">
<s snum="4">
<wf cmd="tag" pos="NNP">Gene_Marshall</wf>
<punc>,</punc>
<wf cmd="tag" pos="JJ">genial</wf>
<wf cmd="tag" pos="NN">manager</wf>
<wf cmd="ignore" pos="IN">of</wf>
<wf cmd="ignore" pos="DT">the</wf>
<wf cmd="tag" pos="NN">club</wf>
<punc>,</punc>
<wf cmd="done" pos="VBZ" ot="notag">has</wf>
<wf cmd="done" pos="VB" lemma="announce" wnsn="1" lexsn="2:32:00::">announced</wf>
<wf cmd="ignore" pos="IN">that</wf>
<wf cmd="ignore" pos="DT">the</wf>
<wf cmd="tag" pos="NNP">Garden</wf>
<wf cmd="ignore" pos="IN">of</wf>
<wf cmd="ignore" pos="DT">the</wf>
<wf cmd="tag" pos="NNP">Gods</wf>
<wf cmd="ignore" pos="MD">will</wf>
<wf cmd="done" pos="VB" lemma="open" wnsn="2" lexsn="2:41:00::">open</wf>
<wf cmd="ignore" pos="TO">to</wf>
<wf cmd="tag" pos="NNS">members</wf>
<wf cmd="tag" pos="NNP">Thursday</wf>
<punc>,</punc>
<wf cmd="tag" pos="NNP">June</wf>
<wf cmd="tag" pos="CD">1</wf>
<punc>.</punc>
</s>
</p>
<p pnum="5">
<s snum="5">
<wf cmd="done" pos="VB" lemma="begin" wnsn="2" lexsn="2:42:00::">Beginning</wf>
<wf cmd="tag" pos="NNP">July</wf>
<wf cmd="tag" pos="CD">4</wf>
<punc>,</punc>
<wf cmd="ignore" pos="EX">there</wf>
<wf cmd="ignore" pos="MD">will</wf>
<wf cmd="done" pos="VB" lemma="be" wnsn="4" lexsn="2:42:00::">be</wf>
<wf cmd="ignore" pos="DT">an</wf>
<wf cmd="tag" pos="NN">orchestra</wf>
<wf cmd="done" pos="VB" lemma="play" wnsn="3" lexsn="2:36:12::">playing</wf>
<wf cmd="tag" pos="JJ">nightly</wf>
<wf cmd="ignore" pos="IN">except</wf>
<wf cmd="tag" pos="NNP">Sunday</wf>
<wf cmd="ignore" pos="CC">and</wf>
<wf cmd="tag" pos="NNP">Monday</wf>
<wf cmd="ignore" pos="IN">for</wf>
<wf cmd="ignore" pos="DT">the</wf>
<wf cmd="tag" pos="NN">summer</wf>
<wf cmd="tag" pos="NN">season</wf>
<punc>.</punc>
</s>
</p>
<p pnum="6">
<s snum="6">
<wf cmd="tag" pos="NNP">Mrs._J._Edward_Hackstaff</wf>
<wf cmd="ignore" pos="CC">and</wf>
<wf cmd="tag" pos="NNP">Mrs._Paul_Luette</wf>
<wf cmd="done" pos="VBP" ot="notag">are</wf>
<wf cmd="done" pos="VB" lemma="plan" wnsn="2" lexsn="2:31:00::">planning</wf>
<wf cmd="ignore" pos="DT">a</wf>
<wf cmd="tag" pos="NN">luncheon</wf>
<wf cmd="tag" pos="JJ">next</wf>
<wf cmd="tag" pos="NN">week</wf>
<wf cmd="ignore" pos="IN">in</wf>
<wf cmd="tag" pos="NN">honor</wf>
<wf cmd="ignore" pos="IN">of</wf>
<wf cmd="tag" pos="NNP">Mrs._J._Clinton_Bowman</wf>
<punc>,</punc>
<wf cmd="ignore" pos="WP">who</wf>
<wf cmd="done" pos="VB" lemma="celebrate" wnsn="1" lexsn="2:41:01::">celebrates</wf>
<wf cmd="ignore" pos="PRP$">her</wf>
<wf cmd="tag" pos="NN">birthday</wf>
<wf cmd="ignore" pos="IN">on</wf>
<wf cmd="tag" pos="NNP">Tuesday</wf>
<punc>.</punc>
</s>
</p>
<p pnum="7">
<s snum="7">
<wf cmd="tag" pos="NNP">Mr.</wf>
<wf cmd="ignore" pos="CC">and</wf>
<wf cmd="tag" pos="NNP">Mrs._Jerry_Chase</wf>
<wf cmd="done" pos="VB" lemma="announce" wnsn="2" lexsn="2:32:02::">announce</wf>
<wf cmd="ignore" pos="DT">the</wf>
<wf cmd="tag" pos="NN">birth</wf>
<wf cmd="ignore" pos="IN">of</wf>
<wf cmd="ignore" pos="DT">a</wf>
<wf cmd="tag" pos="NN">daughter</wf>
<punc>,</punc>
<wf cmd="tag" pos="NNP">Sheila</wf>
<punc>,</punc>
<wf cmd="ignore" pos="IN">on</wf>
<wf cmd="tag" pos="NNP">Wednesday</wf>
<wf cmd="ignore" pos="IN">in</wf>
<wf cmd="tag" pos="NNP">Mercy_Hospital</wf>
<punc>.</punc>
</s>
</p>
<p pnum="8">
<s snum="8">
<wf cmd="tag" pos="NNS">Grandparents</wf>
<wf cmd="done" pos="VB" lemma="be" wnsn="2" lexsn="2:42:06::">are</wf>
<wf cmd="tag" pos="NNP">Mr.</wf>
<wf cmd="ignore" pos="CC">and</wf>
<wf cmd="tag" pos="NNP">Mrs._Robert_L._Chase</wf>
<wf cmd="ignore" pos="CC">and</wf>
<wf cmd="tag" pos="NNP">Mr.</wf>
<wf cmd="ignore" pos="CC">and</wf>
<wf cmd="tag" pos="NNP">Mrs._Guy_Mullenax</wf>
<wf cmd="ignore" pos="IN">of</wf>
<wf cmd="tag" pos="NNP">Kittredge</wf>
<punc>.</punc>
</s>
</p>
<p pnum="9">
<s snum="9">
<wf cmd="tag" pos="NNP">Mrs._Chase</wf>
<wf cmd="done" pos="VB" lemma="be" wnsn="2" lexsn="2:42:06::">is</wf>
<wf cmd="ignore" pos="DT">the</wf>
<wf cmd="tag" pos="JJ">former</wf>
<wf cmd="tag" pos="NNP">Miss_Mary_Mullenax</wf>
<punc>.</punc>
</s>
</p>
<p pnum="10">
<s snum="10">
<wf cmd="tag" pos="NNP">Mrs._McIntosh_Buell</wf>
<wf cmd="ignore" pos="MD">will</wf>
<wf cmd="done" pos="VB" lemma="leave" wnsn="1" lexsn="2:38:01::">leave</wf>
<wf cmd="tag" pos="NNP">Sunday</wf>
<wf cmd="ignore" pos="TO">to</wf>
<wf cmd="done" pos="VB" lemma="return" wnsn="1" lexsn="2:38:00::">return</wf>
<wf cmd="done" pos="VB" ot="notag">to</wf>
<wf cmd="ignore" pos="PRP$">her</wf>
<wf cmd="tag" pos="NN">home</wf>
<wf cmd="ignore" pos="IN">in</wf>
<wf cmd="tag" pos="NNP">Santa_Barbara</wf>
<punc>,</punc>
<wf cmd="tag" pos="NNP">Calif.</wf>
<punc>,</punc>
<wf cmd="ignore" pos="IN">after</wf>
<wf cmd="done" pos="VB" lemma="spend" wnsn="1" lexsn="2:42:00::">spending</wf>
<wf cmd="ignore" pos="DT">a</wf>
<wf cmd="tag" pos="NN">week</wf>
<wf cmd="ignore" pos="IN">in</wf>
<wf cmd="ignore" pos="PRP$">her</wf>
<wf cmd="tag" pos="NNP">Polo</wf>
<wf cmd="tag" pos="NNPS">Grounds</wf>
<wf cmd="tag" pos="NN">home</wf>
<punc>.</punc>
</s>
</p>
<p pnum="11">
<s snum="11">
<wf cmd="tag" pos="NNP">Mrs._John_C._Vroman_Jr.</wf>
<wf cmd="ignore" pos="IN">of</wf>
<wf cmd="tag" pos="NNP">Manzanola</wf>
<wf cmd="done" pos="VBZ" ot="notag">is</wf>
<wf cmd="done" pos="VB" lemma="spend" wnsn="1" lexsn="2:42:00::">spending</wf>
<wf cmd="tag" pos="JJ">several</wf>
<wf cmd="tag" pos="NNS">days</wf>
<wf cmd="ignore" pos="IN">in</wf>
<wf cmd="ignore" pos="PRP$">her</wf>
<wf cmd="tag" pos="NNP">Sherman_Plaza</wf>
<wf cmd="tag" pos="NN">apartment</wf>
<punc>.</punc>
</s>
</p>
<p pnum="12">
<s snum="12">
<wf cmd="tag" pos="NNP">Mr.</wf>
<wf cmd="ignore" pos="CC">and</wf>
<wf cmd="tag" pos="NNP">Mrs._Merrill_Shoup</wf>
<wf cmd="done" pos="VBP" ot="notag">have</wf>
<wf cmd="done" pos="VB" lemma="return" wnsn="1" lexsn="2:38:00::">returned</wf>
<wf cmd="done" pos="VB" ot="notag">to</wf>
<wf cmd="ignore" pos="PRP$">their</wf>
<wf cmd="tag" pos="NN">home</wf>
<wf cmd="ignore" pos="IN">in</wf>
<wf cmd="tag" pos="NN">Colorado_Springs</wf>
<wf cmd="ignore" pos="IN">after</wf>
<wf cmd="done" pos="VB" lemma="spend" wnsn="1" lexsn="2:42:00::">spending</wf>
<wf cmd="tag" pos="JJ">a_few</wf>
<wf cmd="tag" pos="NNS">days</wf>
<wf cmd="ignore" pos="IN">at</wf>
<wf cmd="ignore" pos="DT">the</wf>
<wf cmd="tag" pos="NNP">Brown_Palace_Hotel</wf>
<punc>.</punc>
</s>
</p>
<p pnum="13">
<s snum="13">
<wf cmd="tag" pos="NNP">Brig._Gen.</wf>
<wf cmd="ignore" pos="CC">and</wf>
<wf cmd="tag" pos="NNP">Mrs._Robert_F._McDermott</wf>
<wf cmd="ignore" pos="MD">will</wf>
<wf cmd="done" pos="VB" lemma="entertain" wnsn="1" lexsn="2:41:00::">entertain</wf>
<wf cmd="ignore" pos="IN">at</wf>
<wf cmd="ignore" pos="DT">a</wf>
<wf cmd="tag" pos="NN">black_tie</wf>
<wf cmd="tag" pos="NN">dinner</wf>
<wf cmd="tag" pos="NNP">Wednesday</wf>
<punc>,</punc>
<wf cmd="tag" pos="NNP">May</wf>
<wf cmd="tag" pos="CD">3</wf>
<punc>,</punc>
<wf cmd="ignore" pos="IN">in</wf>
<wf cmd="ignore" pos="DT">the</wf>
<wf cmd="tag" pos="NNS">Officers</wf>
<punc>'</punc>
<wf cmd="tag" pos="NNP">Club</wf>
<wf cmd="ignore" pos="IN">at</wf>
<wf cmd="ignore" pos="DT">the</wf>
<wf cmd="tag" pos="NN">Air_Force_Academy</wf>
<punc>.</punc>
</s>
</p>
<p pnum="14">
<s snum="14">
<wf cmd="tag" pos="NNP">Mr.</wf>
<wf cmd="ignore" pos="CC">and</wf>
<wf cmd="tag" pos="NNP">Mrs._Piero</wf>
<wf cmd="ignore" pos="FW">de</wf>
<wf cmd="tag" pos="NNP">Luise</wf>
<wf cmd="ignore" pos="MD">will</wf>
<wf cmd="done" pos="VB" lemma="honor" wnsn="1" lexsn="2:41:00::">honor</wf>
<wf cmd="tag" pos="JJ">Italian</wf>
<wf cmd="tag" pos="NNP">Consul</wf>
<wf cmd="ignore" pos="CC">and</wf>
<wf cmd="tag" pos="NNP">Mrs._Emilio_Bassi</wf>
<wf cmd="ignore" pos="IN">at</wf>
<wf cmd="ignore" pos="DT">a</wf>
<wf cmd="tag" pos="NN">cocktail_party</wf>
<wf cmd="tag" pos="NNP">Tuesday</wf>
<punc>,</punc>
<wf cmd="tag" pos="NNP">May</wf>
<wf cmd="tag" pos="CD">2</wf>
<punc>,</punc>
<wf cmd="ignore" pos="IN">from</wf>
<wf cmd="tag" pos="CD">6</wf>
<wf cmd="ignore" pos="TO">to</wf>
<wf cmd="tag" pos="CD">8</wf>
<wf cmd="tag" pos="NN">p.</wf>
<wf cmd="tag" pos="NNP">m.</wf>
<wf cmd="ignore" pos="IN">in</wf>
<wf cmd="ignore" pos="PRP$">their</wf>
<wf cmd="tag" pos="NN">home</wf>
<punc>.</punc>
</s>
<s snum="15">
<wf cmd="ignore" pos="DT">The</wf>
<wf cmd="tag" pos="NNPS">Bassis</wf>
<wf cmd="done" pos="VBP" ot="notag">are</wf>
<wf cmd="done" pos="VB" lemma="leave" wnsn="1" lexsn="2:38:01::">leaving</wf>
<wf cmd="tag" pos="RB">soon</wf>
<wf cmd="ignore" pos="IN">for</wf>
<wf cmd="ignore" pos="PRP$">their</wf>
<wf cmd="tag" pos="JJ">new</wf>
<wf cmd="tag" pos="NN">post</wf>
<punc>.</punc>
</s>
</p>
<p pnum="15">
<s snum="16">
<wf cmd="ignore" pos="EX">There</wf>
<wf cmd="ignore" pos="MD">will</wf>
<wf cmd="done" pos="VB" lemma="be" wnsn="4" lexsn="2:42:00::">be</wf>
<wf cmd="ignore" pos="DT">a</wf>
<wf cmd="tag" pos="NN">stag</wf>
<wf cmd="tag" pos="NN">dinner</wf>
<wf cmd="tag" pos="NNP">Friday</wf>
<wf cmd="tag" pos="NN">evening</wf>
<wf cmd="ignore" pos="IN">at</wf>
<wf cmd="ignore" pos="DT">the</wf>
<wf cmd="tag" pos="NNP">Denver</wf>
<wf cmd="tag" pos="NN">Country_Club</wf>
<wf cmd="ignore" pos="WDT">which</wf>
<wf cmd="ignore" pos="MD">will</wf>
<wf cmd="done" pos="VB" lemma="precede" wnsn="2" lexsn="2:42:01::">precede</wf>
<wf cmd="ignore" pos="DT">the</wf>
<wf cmd="tag" pos="NN">opening</wf>
<wf cmd="ignore" pos="IN">of</wf>
<wf cmd="ignore" pos="DT">the</wf>
<wf cmd="tag" pos="CD">1961</wf>
<wf cmd="tag" pos="NN">golf</wf>
<wf cmd="tag" pos="NN">season</wf>
<punc>.</punc>
</s>
</p>
<p pnum="16">
<s snum="17">
<wf cmd="tag" pos="NNS">Cocktails</wf>
<wf cmd="ignore" pos="MD">will</wf>
<wf cmd="done" pos="VB" ot="notag">be</wf>
<wf cmd="done" pos="VB" lemma="serve" wnsn="5" lexsn="2:34:01::">served</wf>
<wf cmd="ignore" pos="IN">from</wf>
<wf cmd="tag" pos="CD">6</wf>
<wf cmd="ignore" pos="TO">to</wf>
<wf cmd="tag" pos="CD">7</wf>
<wf cmd="tag" pos="NN">p.</wf>
<wf cmd="tag" pos="NNP">m.</wf>
<punc>,</punc>
<wf cmd="ignore" pos="IN">with</wf>
<wf cmd="tag" pos="NN">dinner</wf>
<wf cmd="ignore" pos="IN">at</wf>
<wf cmd="tag" pos="CD">7</wf>
<wf cmd="ignore" pos="CC">and</wf>
<wf cmd="tag" pos="NN">entertainment</wf>
<wf cmd="tag" pos="RB">in_the_main</wf>
<wf cmd="tag" pos="NN">dining_room</wf>
<wf cmd="tag" pos="RB">immediately</wf>
<wf cmd="tag" pos="JJ">following</wf>
<punc>.</punc>
</s>
</p>
<p pnum="17">
<s snum="18">
<wf cmd="tag" pos="NNP">Miss_Betsy_Parker</wf>
<wf cmd="done" pos="VB" lemma="be" wnsn="2" lexsn="2:42:06::">was</wf>
<wf cmd="tag" pos="CD">one</wf>
<wf cmd="ignore" pos="IN">of</wf>
<wf cmd="ignore" pos="DT">the</wf>
<wf cmd="tag" pos="NNS">speakers</wf>
<wf cmd="ignore" pos="IN">on</wf>
<wf cmd="ignore" pos="DT">the</wf>
<wf cmd="tag" pos="NN">panel</wf>
<wf cmd="ignore" pos="IN">of</wf>
<wf cmd="ignore" pos="DT">the</wf>
<wf cmd="tag" pos="NNP">Eastern_Women</wf>
<wf cmd="ignore" pos="POS">'s</wf>
<wf cmd="tag" pos="NN">Liberal_Arts</wf>
<wf cmd="tag" pos="NNP">College</wf>
<wf cmd="tag" pos="NN">panel</wf>
<wf cmd="ignore" pos="IN">on</wf>
<wf cmd="tag" pos="NNP">Wednesday</wf>
<wf cmd="tag" pos="NN">evening</wf>
<wf cmd="ignore" pos="IN">in</wf>
<wf cmd="ignore" pos="DT">the</wf>
<wf cmd="tag" pos="NNP">Security_Life_Bldg.</wf>
<punc>.</punc>
</s>
</p>
<p pnum="18">
<s snum="19">
<wf cmd="tag" pos="NNS">Guests</wf>
<wf cmd="done" pos="VB" lemma="be" wnsn="1" lexsn="2:42:03::">were</wf>
<wf cmd="tag" pos="NNS">juniors</wf>
<wf cmd="ignore" pos="IN">in</wf>
<wf cmd="ignore" pos="DT">the</wf>
<wf cmd="tag" pos="JJ">public</wf>
<wf cmd="tag" pos="NN">high_schools</wf>
<punc>.</punc>
</s>
</p>
<p pnum="19">
<s snum="20">
<wf cmd="ignore" pos="DT">The</wf>
<wf cmd="tag" pos="NN">committee</wf>
<wf cmd="ignore" pos="IN">for</wf>
<wf cmd="ignore" pos="DT">the</wf>
<wf cmd="tag" pos="JJ">annual</wf>
<wf cmd="tag" pos="NN">Central_City</wf>
<wf cmd="tag" pos="NN">fashion</wf>
<wf cmd="tag" pos="NN">show</wf>
<wf cmd="done" pos="VBZ" ot="notag">has</wf>
<wf cmd="done" pos="VBN" ot="notag">been</wf>
<wf cmd="done" pos="VB" lemma="announce" wnsn="1" lexsn="2:32:00::">announced</wf>
<wf cmd="ignore" pos="IN">by</wf>
<wf cmd="tag" pos="NNP">Mrs._D._W._Moore</wf>
<punc>,</punc>
<wf cmd="tag" pos="NN">chairman</wf>
<punc>.</punc>
</s>
</p>
<p pnum="20">
<s snum="21">
<wf cmd="ignore" pos="DT">The</wf>
<wf cmd="tag" pos="NN">event</wf>
<punc>,</punc>
<wf cmd="done" pos="VB" lemma="stage" wnsn="1" lexsn="2:36:00::">staged</wf>
<wf cmd="tag" pos="JJ">yearly</wf>
<wf cmd="ignore" pos="IN">by</wf>
<wf cmd="tag" pos="NNP">Neusteters</wf>
<punc>,</punc>
<wf cmd="ignore" pos="MD">will</wf>
<wf cmd="done" pos="VB" ot="notag">be</wf>
<wf cmd="done" pos="VB" lemma="hold" wnsn="3" lexsn="2:36:00::">held</wf>
<wf cmd="done" pos="VB" ot="notag">in</wf>
<wf cmd="ignore" pos="DT">the</wf>
<wf cmd="tag" pos="NN">Opera_House</wf>
<wf cmd="tag" pos="NNP">Wednesday</wf>
<punc>,</punc>
<wf cmd="tag" pos="NNP">Aug.</wf>
<wf cmd="tag" pos="CD">16</wf>
<punc>.</punc>
</s>
<s snum="22">
<wf cmd="ignore" pos="PRP">It</wf>
<wf cmd="ignore" pos="MD">will</wf>
<wf cmd="done" pos="VB" ot="notag">be</wf>
<wf cmd="done" pos="VB" lemma="precede" wnsn="2" lexsn="2:42:01::">preceded</wf>
<wf cmd="ignore" pos="IN">by</wf>
<wf cmd="tag" pos="NN">luncheon</wf>
<wf cmd="ignore" pos="IN">in</wf>
<wf cmd="ignore" pos="DT">the</wf>
<wf cmd="tag" pos="NNP">Teter_House</wf>
<punc>.</punc>
</s>
</p>
<p pnum="21">
<s snum="23">
<wf cmd="tag" pos="NNP">Mrs._Roger_Mead</wf>
<wf cmd="done" pos="VB" lemma="be" wnsn="2" lexsn="2:42:06::">is</wf>
<wf cmd="tag" pos="NN">head</wf>
<wf cmd="ignore" pos="IN">of</wf>
<wf cmd="ignore" pos="DT">the</wf>
<wf cmd="tag" pos="NN">luncheon</wf>
<wf cmd="tag" pos="NN">table</wf>
<wf cmd="tag" pos="NNS">decorations</wf>
<wf cmd="tag" pos="NNP">Mrs._Stanley_Wright</wf>
<wf cmd="done" pos="VB" lemma="be" wnsn="2" lexsn="2:42:06::">is</wf>
<wf cmd="tag" pos="NN">ticket</wf>
<wf cmd="tag" pos="NN">chairman</wf>
<wf cmd="ignore" pos="CC">and</wf>
<wf cmd="tag" pos="NNP">Mrs._Theodore_Pate</wf>
<wf cmd="done" pos="VB" lemma="be" wnsn="1" lexsn="2:42:03::">is</wf>
<wf cmd="ignore" pos="IN">in</wf>
<wf cmd="tag" pos="NN">charge</wf>
<wf cmd="ignore" pos="IN">of</wf>
<wf cmd="tag" pos="NN">publicity</wf>
<punc>.</punc>
</s>
</p>
<p pnum="22">
<s snum="24">
<wf cmd="tag" pos="NNS">Members</wf>
<wf cmd="ignore" pos="IN">of</wf>
<wf cmd="ignore" pos="DT">the</wf>
<wf cmd="tag" pos="NN">committee</wf>
<wf cmd="done" pos="VB" lemma="include" wnsn="1" lexsn="2:42:00::">include</wf>
<wf cmd="tag" pos="NNP">Mrs._Milton_Bernet</wf>
<punc>,</punc>
<wf cmd="tag" pos="NNP">Mrs._J._Clinton_Bowman</wf>
<punc>,</punc>
<wf cmd="tag" pos="NNP">Mrs._Rollie_W._Bradford</wf>
<punc>,</punc>
<wf cmd="tag" pos="NNP">Mrs._Samuel_Butler_Jr.</wf>
<punc>,</punc>
<wf cmd="tag" pos="NNP">Mrs._Donald_Carr_Campbell</wf>
<punc>,</punc>
<wf cmd="tag" pos="NNP">Mrs._Douglas_Carruthers</wf>
<punc>,</punc>
<wf cmd="tag" pos="NNP">Mrs._John_C._Davis</wf>
<wf cmd="tag" pos="CD">3</wf>
<punc>,</punc>
<punc>,</punc>
<wf cmd="tag" pos="NNP">Mrs._Cris_Dobbins</wf>
<punc>,</punc>
<wf cmd="tag" pos="NNP">Mrs._William_E._Glass</wf>
<punc>,</punc>
<wf cmd="tag" pos="NNP">Mrs._Alfred_Hicks</wf>
<wf cmd="tag" pos="CD">2</wf>
<punc>,</punc>
<punc>,</punc>
<wf cmd="tag" pos="NNP">Mrs._Donald_Magarrell</wf>
<punc>,</punc>
<wf cmd="tag" pos="NNP">Mrs._Willett_Moore</wf>
<punc>,</punc>
<wf cmd="tag" pos="NNP">Mrs._Myron_Neusteter</wf>
<punc>,</punc>
<wf cmd="tag" pos="NNP">Mrs._Richard_Gibson_Smith</wf>
<punc>,</punc>
<wf cmd="tag" pos="NNP">Mrs._James_S._Sudier</wf>
<wf cmd="tag" pos="CD">2</wf>
<punc>,</punc>
<wf cmd="ignore" pos="CC">and</wf>
<wf cmd="tag" pos="NNP">Mrs._Thomas_Welborn</wf>
<punc>.</punc>
</s>
</p>
<p pnum="23">
<s snum="25">
<wf cmd="ignore" pos="DT">The</wf>
<wf cmd="tag" pos="JJ">first</wf>
<wf cmd="tag" pos="NN">committee_meeting</wf>
<wf cmd="ignore" pos="MD">will</wf>
<wf cmd="done" pos="VB" ot="notag">be</wf>
<wf cmd="done" pos="VB" lemma="hold" wnsn="3" lexsn="2:36:00::">held</wf>
<wf cmd="ignore" pos="IN">on</wf>
<wf cmd="tag" pos="NNP">May</wf>
<wf cmd="tag" pos="CD">19</wf>
<punc>.</punc>
</s>
</p>
<p pnum="24">
<s snum="26">
<wf cmd="tag" pos="NNP">Mr.</wf>
<wf cmd="ignore" pos="CC">and</wf>
<wf cmd="tag" pos="NNP">Mrs._Andrew_S._Kelsey</wf>
<wf cmd="ignore" pos="IN">of</wf>
<wf cmd="tag" pos="NNP">Washington</wf>
<punc>,</punc>
<wf cmd="tag" pos="NNP">D._C.</wf>
<punc>,</punc>
<wf cmd="done" pos="VB" lemma="announce" wnsn="2" lexsn="2:32:02::">announce</wf>
<wf cmd="ignore" pos="DT">the</wf>
<wf cmd="tag" pos="NN">birth</wf>
<wf cmd="ignore" pos="IN">of</wf>
<wf cmd="ignore" pos="DT">a</wf>
<wf cmd="tag" pos="NN">daughter</wf>
<punc>,</punc>
<wf cmd="tag" pos="NNP">Kira_Ann_Kelsey</wf>
<punc>,</punc>
<wf cmd="ignore" pos="IN">on</wf>
<wf cmd="tag" pos="NNP">Monday</wf>
<wf cmd="ignore" pos="IN">in</wf>
<wf cmd="tag" pos="NNP">Washington</wf>
<punc>,</punc>
<wf cmd="tag" pos="NNP">D._C.</wf>
<punc>.</punc>
</s>
</p>
<p pnum="25">
<s snum="27">
<wf cmd="tag" pos="NNS">Grandparents</wf>
<wf cmd="done" pos="VB" lemma="be" wnsn="2" lexsn="2:42:06::">are</wf>
<wf cmd="tag" pos="NNP">Mr.</wf>
<wf cmd="ignore" pos="CC">and</wf>
<wf cmd="tag" pos="NNP">Mrs._R._L._Rickenbaugh</wf>
<wf cmd="ignore" pos="CC">and</wf>
<wf cmd="tag" pos="NNP">Mr.</wf>
<wf cmd="ignore" pos="CC">and</wf>
<wf cmd="tag" pos="NNP">Mrs._E._O._Kelsey</wf>
<wf cmd="ignore" pos="IN">of</wf>
<wf cmd="tag" pos="NNP">Scarsdale</wf>
<punc>,</punc>
<wf cmd="tag" pos="NNP">N._Y.</wf>
<punc>.</punc>
</s>
</p>
<p pnum="26">
<s snum="28">
<wf cmd="tag" pos="NNP">Mrs._Kelsey</wf>
<wf cmd="done" pos="VB" lemma="be" wnsn="2" lexsn="2:42:06::">is</wf>
<wf cmd="ignore" pos="DT">the</wf>
<wf cmd="tag" pos="JJ">former</wf>
<wf cmd="tag" pos="NNP">Miss_Ann_Rickenbaugh</wf>
<punc>.</punc>
</s>
</p>
<p pnum="27">
<s snum="29">
<wf cmd="ignore" pos="DT">A</wf>
<wf cmd="tag" pos="JJ">cheery</wf>
<wf cmd="tag" pos="NN">smile</wf>
<punc>,</punc>
<wf cmd="ignore" pos="DT">a</wf>
<wf cmd="tag" pos="JJ">compassionate</wf>
<wf cmd="tag" pos="NN">interest</wf>
<wf cmd="ignore" pos="IN">in</wf>
<wf cmd="tag" pos="NNS">others</wf>
<wf cmd="ignore" pos="CC">and</wf>
<wf cmd="ignore" pos="DT">a</wf>
<wf cmd="tag" pos="JJ">practical</wf>
<wf cmd="tag" pos="JJ">down-to-earth</wf>
<wf cmd="tag" pos="NN">approach</wf>
<punc>.</punc>
</s>
</p>
<p pnum="28">
<s snum="30">
<wf cmd="ignore" pos="DT">Those</wf>
<wf cmd="tag" pos="NNS">qualities</wf>
<wf cmd="done" pos="VB" lemma="make" wnsn="11" lexsn="2:36:05::">make</wf>
<wf cmd="tag" pos="NNP">Esther_Marr</wf>
<wf cmd="ignore" pos="DT">a</wf>
<wf cmd="tag" pos="JJ">popular</wf>
<wf cmd="tag" pos="NN">asset</wf>
<wf cmd="ignore" pos="IN">at</wf>
<wf cmd="ignore" pos="DT">the</wf>
<wf cmd="tag" pos="NN">Salvation_Army</wf>
<wf cmd="ignore" pos="POS">'s</wf>
<wf cmd="tag" pos="NNP">Social_Center</wf>
<wf cmd="ignore" pos="IN">at</wf>
<wf cmd="tag" pos="CD">1200</wf>
<wf cmd="tag" pos="NNP">Larimer_st.</wf>
<punc>.</punc>
</s>
</p>
<p pnum="29">
<s snum="31">
<wf cmd="ignore" pos="DT">The</wf>
<wf cmd="tag" pos="JJ">pert</wf>
<punc>,</punc>
<wf cmd="tag" pos="JJ">gray-haired</wf>
<wf cmd="tag" pos="NN">woman</wf>
<wf cmd="ignore" pos="WP">who</wf>
<wf cmd="done" pos="VB" lemma="come" wnsn="2" lexsn="2:38:04::">came</wf>
<wf cmd="done" pos="VB" ot="notag">to</wf>
<wf cmd="tag" pos="NNP">Denver</wf>
<wf cmd="tag" pos="CD">three</wf>
<wf cmd="tag" pos="NNS">years</wf>
<wf cmd="tag" pos="RB">ago</wf>
<wf cmd="ignore" pos="IN">from</wf>
<wf cmd="tag" pos="NNP">Buffalo</wf>
<punc>,</punc>
<wf cmd="tag" pos="NNP">N._Y.</wf>
<punc>,</punc>
<wf cmd="done" pos="VB" lemma="be" wnsn="8" lexsn="2:41:00::">is</wf>
<wf cmd="ignore" pos="DT">a</wf>
<punc>``</punc>
<wf cmd="tag" pos="JJ">civilian</wf>
<punc>''</punc>
<wf cmd="ignore" pos="IN">with</wf>
<wf cmd="ignore" pos="DT">the</wf>
<wf cmd="tag" pos="NNP">Army</wf>
<punc>.</punc>
</s>
</p>
<p pnum="30">
<s snum="32">
<wf cmd="ignore" pos="PRP$">Her</wf>
<wf cmd="tag" pos="NN">position</wf>
<wf cmd="done" pos="VB" lemma="cover" wnsn="6" lexsn="2:42:02::">covers</wf>
<wf cmd="tag" pos="JJ">a_number_of</wf>
<wf cmd="tag" pos="JJ">daily</wf>
<wf cmd="tag" pos="NNS">tasks</wf>
<wf cmd="tag" pos="JJ">common</wf>
<wf cmd="ignore" pos="TO">to</wf>
<wf cmd="ignore" pos="DT">any</wf>
<wf cmd="tag" pos="JJ">social</wf>
<wf cmd="tag" pos="NN">director</wf>
<punc>.</punc>
</s>
<s snum="33">
<wf cmd="ignore" pos="DT">The</wf>
<wf cmd="tag" pos="NN">job</wf>
<wf cmd="tag" pos="RB">also</wf>
<wf cmd="done" pos="VB" lemma="cover" wnsn="6" lexsn="2:42:02::">covers</wf>
<wf cmd="tag" pos="JJ">a_number_of</wf>
<wf cmd="tag" pos="JJ">other</wf>
<wf cmd="tag" pos="NNS">items</wf>
<punc>.</punc>
</s>
</p>
<p pnum="31">
<s snum="34">
<punc>``</punc>
<wf cmd="tag" pos="NN">Mom</wf>
<punc>''</punc>
<wf cmd="tag" pos="NNP">Marr</wf>
<punc>,</punc>
<wf cmd="ignore" pos="IN">as</wf>
<wf cmd="ignore" pos="DT">the</wf>
<wf cmd="tag" pos="RB">more_than</wf>
<wf cmd="tag" pos="CD">80</wf>
<wf cmd="tag" pos="NNS">men</wf>
<wf cmd="ignore" pos="IN">at</wf>
<wf cmd="ignore" pos="DT">the</wf>
<wf cmd="tag" pos="NN">center</wf>
<wf cmd="done" pos="VB" lemma="call" wnsn="1" lexsn="2:32:02::">call</wf>
<wf cmd="ignore" pos="PRP$">her</wf>
<punc>,</punc>
<wf cmd="done" pos="VB" lemma="be" wnsn="2" lexsn="2:42:06::">is</wf>
<wf cmd="ignore" pos="DT">the</wf>
<wf cmd="tag" pos="NN">link</wf>
<wf cmd="ignore" pos="WDT">that</wf>
<wf cmd="done" pos="VB" lemma="help" wnsn="1" lexsn="2:41:00::">helps</wf>
<wf cmd="ignore" pos="TO">to</wf>
<wf cmd="done" pos="VB" lemma="bridge" wnsn="1" lexsn="2:42:00::">bridge</wf>
<wf cmd="ignore" pos="DT">the</wf>
<wf cmd="tag" pos="NN">gulf</wf>
<wf cmd="ignore" pos="IN">between</wf>
<wf cmd="tag" pos="NNS">alcoholics</wf>
<wf cmd="ignore" pos="CC">and</wf>
<wf cmd="ignore" pos="DT">the</wf>
<wf cmd="tag" pos="JJ">outside</wf>
<wf cmd="tag" pos="NN">world</wf>
<wf cmd="ignore" pos="CC">and</wf>
<wf cmd="ignore" pos="IN">between</wf>
<wf cmd="tag" pos="NNS">parolees</wf>
<wf cmd="ignore" pos="CC">and</wf>
<wf cmd="tag" pos="NN">society</wf>
<punc>.</punc>
</s>
</p>
<p pnum="32">
<s snum="35">
<wf cmd="ignore" pos="PRP$">Her</wf>
<wf cmd="tag" pos="NN">day</wf>
<wf cmd="done" pos="VB" lemma="start" wnsn="1" lexsn="2:30:00::">starts</wf>
<wf cmd="tag" pos="JJ">early</wf>
<punc>,</punc>
<wf cmd="ignore" pos="CC">but</wf>
<wf cmd="tag" pos="RB">no_matter_how</wf>
<wf cmd="tag" pos="JJ">many</wf>
<wf cmd="tag" pos="JJ">pressing</wf>
<wf cmd="tag" pos="NNS">letters</wf>
<wf cmd="ignore" pos="EX">there</wf>
<wf cmd="done" pos="VB" lemma="be" wnsn="4" lexsn="2:42:00::">are</wf>
<wf cmd="ignore" pos="TO">to</wf>
<wf cmd="done" pos="VB" ot="notag">be</wf>
<wf cmd="done" pos="VB" lemma="write" wnsn="1" lexsn="2:36:00::">written</wf>
<punc>(</punc>
<wf cmd="ignore" pos="CC">and</wf>
<wf cmd="ignore" pos="IN">during</wf>
<wf cmd="tag" pos="NNP">May</wf>
<punc>,</punc>
<wf cmd="ignore" pos="WDT">which</wf>
<wf cmd="done" pos="VB" lemma="be" wnsn="1" lexsn="2:42:03::">is</wf>
<wf cmd="tag" pos="NNP">National</wf>
<wf cmd="tag" pos="NN">Salvation_Army</wf>
<wf cmd="tag" pos="NNP">Week</wf>
<punc>,</punc>
<wf cmd="ignore" pos="EX">there</wf>
<wf cmd="done" pos="VB" lemma="be" wnsn="4" lexsn="2:42:00::">are</wf>
<wf cmd="tag" pos="NN">plenty</wf>
<punc>)</punc>
<punc>,</punc>
<wf cmd="tag" pos="NNS">schedules</wf>
<wf cmd="ignore" pos="TO">to</wf>
<wf cmd="done" pos="VB" ot="notag">be</wf>
<wf cmd="done" pos="VB" lemma="make" wnsn="3" lexsn="2:36:00::">made</wf>
<wf cmd="ignore" pos="CC">or</wf>
<wf cmd="tag" pos="NNS">problems</wf>
<wf cmd="ignore" pos="TO">to</wf>
<wf cmd="done" pos="VB" ot="notag">be</wf>
<wf cmd="done" pos="VB" lemma="solve" wnsn="1" lexsn="2:31:00::">solved</wf>
<punc>,</punc>
<wf cmd="tag" pos="NNP">Mrs._Marr</wf>
<wf cmd="ignore" pos="POS">'s</wf>
<wf cmd="tag" pos="NN">office</wf>
<wf cmd="done" pos="VB" lemma="be" wnsn="1" lexsn="2:42:03::">is</wf>
<wf cmd="tag" pos="RB">always</wf>
<wf cmd="tag" pos="JJ">open</wf>
<wf cmd="ignore" pos="CC">and</wf>
<wf cmd="ignore" pos="DT">the</wf>
<wf cmd="tag" pos="NN">welcome_mat</wf>
<wf cmd="done" pos="VB" lemma="be" wnsn="1" lexsn="2:42:03::">is</wf>
<wf cmd="tag" pos="RB">out</wf>
<punc>.</punc>
</s>
</p>
<p pnum="33">
<s snum="36">
<wf cmd="tag" pos="NNP">MRS._Marr</wf>
<wf cmd="done" pos="VB" lemma="be" wnsn="2" lexsn="2:42:06::">is</wf>
<wf cmd="done" pos="VB" ot="notag">the</wf>
<wf cmd="tag" pos="JJ">first</wf>
<wf cmd="tag" pos="NN">contact</wf>
<wf cmd="ignore" pos="DT">a</wf>
<wf cmd="tag" pos="NN">Skid_Row</wf>
<wf cmd="tag" pos="NN">figure</wf>
<wf cmd="done" pos="VB" lemma="talk" wnsn="1" lexsn="2:32:01::">talks</wf>
<wf cmd="ignore" pos="TO">to</wf>
<wf cmd="ignore" pos="IN">after</wf>
<wf cmd="ignore" pos="PRP">he</wf>
<wf cmd="done" pos="VB" lemma="decide" wnsn="1" lexsn="2:31:00::">decides</wf>
<wf cmd="ignore" pos="PRP">he</wf>
<wf cmd="done" pos="VB" lemma="want" wnsn="1" lexsn="2:37:00::">wants</wf>
<wf cmd="done" pos="VB" ot="notag">to</wf>
<wf cmd="done" rdf="pick_up" pos="VB" lemma="pick_up" wnsn="12" lexsn="2:37:00::">pick</wf>
<wf cmd="ignore" pos="PRP">himself</wf>
<wf cmd="tag" pos="RB">up</wf>
<punc>.</punc>
</s>
</p>
<p pnum="34">
<s snum="37">
<wf cmd="ignore" pos="PRP">She</wf>
<wf cmd="done" pos="VB" lemma="see" wnsn="10" lexsn="2:31:03::">sees</wf>
<wf cmd="ignore" pos="IN">that</wf>
<wf cmd="ignore" pos="EX">there</wf>
<wf cmd="done" pos="VB" lemma="be" wnsn="4" lexsn="2:42:00::">is</wf>
<wf cmd="ignore" pos="DT">a</wf>
<wf cmd="tag" pos="NN">cup</wf>
<wf cmd="ignore" pos="IN">of</wf>
<wf cmd="tag" pos="JJ">steaming</wf>
<wf cmd="tag" pos="JJ">hot</wf>
<wf cmd="tag" pos="NN">coffee</wf>
<wf cmd="done" pos="VB" lemma="await" wnsn="1" lexsn="2:31:00::">awaiting</wf>
<wf cmd="ignore" pos="PRP">him</wf>
<wf cmd="ignore" pos="CC">and</wf>
<wf cmd="ignore" pos="DT">the</wf>
<wf cmd="tag" pos="CD">two</wf>
<wf cmd="done" pos="VB" lemma="chat" wnsn="1" lexsn="2:32:00::">chat</wf>
<wf cmd="tag" pos="RB">informally</wf>
<wf cmd="ignore" pos="IN">as</wf>
<wf cmd="ignore" pos="PRP">she</wf>
<wf cmd="done" pos="VB" lemma="present" wnsn="2" lexsn="2:32:00::">presents</wf>
<wf cmd="ignore" pos="DT">the</wf>
<wf cmd="tag" pos="NNS">rules</wf>
<wf cmd="ignore" pos="IN">of</wf>
<wf cmd="ignore" pos="DT">the</wf>
<wf cmd="tag" pos="NN">center</wf>
<wf cmd="ignore" pos="CC">and</wf>
<wf cmd="done" pos="VB" lemma="explain" wnsn="1" lexsn="2:32:00::">explains</wf>
<wf cmd="tag" pos="NNS">procedures</wf>
<punc>.</punc>
</s>
</p>
<p pnum="35">
<s snum="38">
<punc>``</punc>
<wf cmd="tag" pos="RB">Usually</wf>
<wf cmd="ignore" pos="IN">at</wf>
<wf cmd="ignore" pos="DT">this</wf>
<wf cmd="tag" pos="NN">point</wf>
<wf cmd="ignore" pos="DT">a</wf>
<wf cmd="tag" pos="NN">man</wf>
<wf cmd="done" pos="VB" lemma="be" wnsn="1" lexsn="2:42:03::">is</wf>
<wf cmd="tag" pos="JJ">withdrawn</wf>
<wf cmd="ignore" pos="IN">from</wf>
<wf cmd="tag" pos="NN">society</wf>
<wf cmd="ignore" pos="CC">and</wf>
<wf cmd="tag" pos="CD">one</wf>
<wf cmd="ignore" pos="IN">of</wf>
<wf cmd="ignore" pos="PRP$">my</wf>
<wf cmd="tag" pos="NNS">jobs</wf>
<wf cmd="done" pos="VB" lemma="be" wnsn="6" lexsn="2:42:07::">is</wf>
<wf cmd="ignore" pos="TO">to</wf>
<wf cmd="done" pos="VB" lemma="see" wnsn="10" lexsn="2:31:03::">see</wf>
<wf cmd="ignore" pos="IN">that</wf>
<wf cmd="ignore" pos="PRP">he</wf>
<wf cmd="done" pos="VB" lemma="relearn" wnsn="1" lexsn="2:31:00::">relearns</wf>
<wf cmd="ignore" pos="TO">to</wf>
<wf cmd="done" pos="VB" lemma="mingle" wnsn="1" lexsn="2:35:00::">mingle</wf>
<wf cmd="ignore" pos="IN">with</wf>
<wf cmd="ignore" pos="PRP$">his</wf>
<wf cmd="tag" pos="NN">fellow</wf>
<wf cmd="tag" pos="NNS">men</wf>
<punc>''</punc>
<punc>,</punc>
<wf cmd="tag" pos="NNP">Mrs._Marr</wf>
<wf cmd="done" pos="VB" lemma="explain" wnsn="1" lexsn="2:32:00::">explained</wf>
<punc>.</punc>
</s>
</p>
<p pnum="36">
<s snum="39">
<wf cmd="ignore" pos="DT">The</wf>
<wf cmd="tag" pos="NNP">Denverite</wf>
<wf cmd="done" pos="VBZ" ot="notag">has</wf>
<wf cmd="done" pos="VB" lemma="work_out" wnsn="3" lexsn="2:30:01::">worked_out</wf>
<wf cmd="ignore" pos="DT">an</wf>
<wf cmd="tag" pos="JJ">entire</wf>
<wf cmd="tag" pos="NN">program</wf>
<wf cmd="ignore" pos="TO">to</wf>
<wf cmd="done" pos="VB" lemma="achieve" wnsn="1" lexsn="2:41:00::">achieve</wf>
<wf cmd="ignore" pos="DT">this</wf>
<wf cmd="done" pos="VB" lemma="use" wnsn="1" lexsn="2:34:01::">using</wf>
<wf cmd="ignore" pos="DT">the</wf>
<wf cmd="tag" pos="NNS">facilities</wf>
<wf cmd="ignore" pos="IN">of</wf>
<wf cmd="ignore" pos="DT">the</wf>
<wf cmd="tag" pos="NN">center</wf>
<punc>.</punc>
</s>
</p>
<p pnum="37">
<s snum="40">
<punc>``</punc>
<wf cmd="ignore" pos="CC">And</wf>
<wf cmd="ignore" pos="PRP">I</wf>
<wf cmd="done" pos="VB" lemma="bum" wnsn="1" lexsn="2:40:00::">bum</wf>
<wf cmd="tag" pos="NNS">tickets</wf>
<wf cmd="ignore" pos="TO">to</wf>
<wf cmd="tag" pos="NN">everything</wf>
<wf cmd="ignore" pos="PRP">I</wf>
<wf cmd="ignore" pos="MD">can</wf>
<punc>''</punc>
<punc>,</punc>
<wf cmd="ignore" pos="PRP">she</wf>
<wf cmd="done" pos="VB" lemma="say" wnsn="1" lexsn="2:32:00::">said</wf>
<punc>.</punc>
</s>
<s snum="41">
<punc>``</punc>
<wf cmd="ignore" pos="PRP">I</wf>
<wf cmd="done" rdf="have" pos="VBP" ot="notag">'ve</wf>
<wf cmd="done" pos="VB" lemma="become" wnsn="2" lexsn="2:42:01::">become</wf>
<wf cmd="ignore" pos="DT">the</wf>
<wf cmd="tag" pos="JJS">greatest</wf>
<wf cmd="tag" pos="NN">beggar</wf>
<wf cmd="ignore" pos="IN">in</wf>
<wf cmd="ignore" pos="DT">the</wf>
<wf cmd="tag" pos="NN">world</wf>
<punc>''</punc>
<punc>.</punc>
</s>
</p>
<p pnum="38">
<s snum="42">
<wf cmd="tag" pos="RB">In_addition</wf>
<wf cmd="ignore" pos="TO">to</wf>
<wf cmd="ignore" pos="DT">the</wf>
<wf cmd="tag" pos="NNS">tickets</wf>
<wf cmd="ignore" pos="TO">to</wf>
<wf cmd="ignore" pos="DT">the</wf>
<wf cmd="tag" pos="NNS">movies</wf>
<punc>,</punc>
<wf cmd="tag" pos="NN">sporting</wf>
<wf cmd="tag" pos="NNS">events</wf>
<wf cmd="ignore" pos="CC">and</wf>
<wf cmd="tag" pos="NNS">concerts</wf>
<punc>,</punc>
<wf cmd="tag" pos="NNP">Mrs._Marr</wf>
<wf cmd="done" pos="VB" lemma="line_up" wnsn="2" lexsn="2:40:00::">lines_up</wf>
<wf cmd="tag" pos="NN">candy</wf>
<wf cmd="ignore" pos="CC">and</wf>
<wf cmd="tag" pos="NNS">cookies</wf>
<wf cmd="ignore" pos="IN">because</wf>
<wf cmd="tag" pos="NNS">alcoholics</wf>
<wf cmd="done" pos="VB" lemma="require" wnsn="1" lexsn="2:42:00::">require</wf>
<wf cmd="tag" pos="JJ">a_lot_of</wf>
<wf cmd="tag" pos="NNS">sweets</wf>
<wf cmd="ignore" pos="TO">to</wf>
<wf cmd="done" pos="VB" lemma="replace" wnsn="2" lexsn="2:41:00::">replace</wf>
<wf cmd="ignore" pos="DT">the</wf>
<wf cmd="tag" pos="NN">sugar</wf>
<wf cmd="ignore" pos="IN">in</wf>
<wf cmd="ignore" pos="PRP$">their</wf>
<wf cmd="tag" pos="NN">system</wf>
<punc>.</punc>
</s>
</p>
<p pnum="39">
<s snum="43">
<wf cmd="tag" pos="NNP">Mrs._Marr</wf>
<wf cmd="tag" pos="RB">also</wf>
<wf cmd="done" pos="VB" lemma="have" wnsn="1" lexsn="2:40:00::">has</wf>
<wf cmd="tag" pos="JJ">a_number_of</wf>
<wf cmd="tag" pos="NNS">parolees</wf>
<wf cmd="ignore" pos="TO">to</wf>
<punc>``</punc>
<wf cmd="done" pos="VB" lemma="mother" wnsn="1" lexsn="2:41:00::">mother</wf>
<punc>''</punc>
<punc>,</punc>
<wf cmd="done" pos="VB" lemma="watch" wnsn="2" lexsn="2:41:00::">watching</wf>
<wf cmd="ignore" pos="TO">to</wf>
<wf cmd="done" pos="VB" lemma="see" wnsn="10" lexsn="2:31:03::">see</wf>
<wf cmd="ignore" pos="IN">that</wf>
<wf cmd="ignore" pos="PRP">they</wf>
<wf cmd="done" pos="VBP" ot="notag">do</wf>
<wf cmd="tag" pos="RB">not</wf>
<wf cmd="done" pos="VB" lemma="break" wnsn="13" lexsn="2:42:00::">break</wf>
<wf cmd="ignore" pos="PRP$">their</wf>
<wf cmd="tag" pos="NN">parole</wf>
<wf cmd="ignore" pos="CC">and</wf>
<wf cmd="ignore" pos="IN">that</wf>
<wf cmd="ignore" pos="PRP">they</wf>
<wf cmd="tag" pos="RB">also</wf>
<wf cmd="done" pos="VB" lemma="learn" wnsn="1" lexsn="2:31:00::">learn</wf>
<wf cmd="ignore" pos="TO">to</wf>
<wf cmd="done" pos="VB" lemma="readjust" wnsn="1" lexsn="2:30:00::">readjust</wf>
<wf cmd="ignore" pos="TO">to</wf>
<wf cmd="tag" pos="NN">society</wf>
<punc>.</punc>
</s>
</p>
<p pnum="40">
<s snum="44">
<wf cmd="ignore" pos="IN">By</wf>
<wf cmd="tag" pos="NNP">mid-June</wf>
<punc>,</punc>
<wf cmd="tag" pos="NNS">millions</wf>
<wf cmd="ignore" pos="IN">of</wf>
<wf cmd="tag" pos="NNPS">Americans</wf>
<wf cmd="ignore" pos="MD">will</wf>
<wf cmd="done" pos="VB" lemma="take" wnsn="27" lexsn="2:38:05::">take</wf>
<wf cmd="ignore" pos="IN">to</wf>
<wf cmd="ignore" pos="DT">the</wf>
<wf cmd="tag" pos="NN">road</wf>
<wf cmd="ignore" pos="IN">on</wf>
<wf cmd="tag" pos="NN">vacation</wf>
<wf cmd="tag" pos="NN">trips</wf>
<wf cmd="tag" pos="JJ">up</wf>
<wf cmd="ignore" pos="CC">and</wf>
<wf cmd="tag" pos="RB">down</wf>
<wf cmd="ignore" pos="CC">and</wf>
<wf cmd="tag" pos="RB">back_and_forth</wf>
<wf cmd="ignore" pos="IN">across</wf>
<wf cmd="ignore" pos="DT">this</wf>
<wf cmd="tag" pos="JJ">vast</wf>
<wf cmd="ignore" pos="CC">and</wf>
<wf cmd="tag" pos="JJ">lovely</wf>
<wf cmd="tag" pos="NN">land</wf>
<punc>.</punc>
</s>
</p>
<p pnum="41">
<s snum="45">
<wf cmd="ignore" pos="IN">In</wf>
<wf cmd="ignore" pos="DT">another</wf>
<wf cmd="tag" pos="CD">four</wf>
<wf cmd="tag" pos="NNS">weeks</wf>
<punc>,</punc>
<wf cmd="ignore" pos="IN">with</wf>
<wf cmd="tag" pos="NNS">schools</wf>
<wf cmd="tag" pos="JJ">closed</wf>
<wf cmd="tag" pos="RB">across_the_nation</wf>
<punc>,</punc>
<wf cmd="ignore" pos="DT">the</wf>
<wf cmd="tag" pos="JJ">great</wf>
<wf cmd="tag" pos="JJ">all-American</wf>
<wf cmd="tag" pos="NN">summer</wf>
<wf cmd="tag" pos="NN">safari</wf>
<wf cmd="ignore" pos="MD">will</wf>
<wf cmd="done" pos="VB" lemma="be" wnsn="1" lexsn="2:42:03::">be</wf>
<wf cmd="tag" pos="JJ">under_way</wf>
<punc>.</punc>
</s>
<s snum="46">
<wf cmd="ignore" pos="IN">By</wf>
<wf cmd="tag" pos="NN">July_1</wf>
<punc>,</punc>
<wf cmd="tag" pos="CD">six</wf>
<wf cmd="tag" pos="NNS">weeks</wf>
<wf cmd="ignore" pos="IN">from</wf>
<wf cmd="tag" pos="RB">now</wf>
<punc>,</punc>
<wf cmd="tag" pos="NNS">motel-keepers</wf>
<wf cmd="tag" pos="RB">all_over</wf>
<wf cmd="ignore" pos="DT">the</wf>
<wf cmd="tag" pos="NN">nation</wf>
<wf cmd="ignore" pos="MD">will</wf>
<punc>,</punc>
<wf cmd="ignore" pos="IN">by</wf>
<wf cmd="tag" pos="CD">6</wf>
<wf cmd="tag" pos="NN">p.</wf>
<wf cmd="tag" pos="NNP">m.</wf>
<punc>,</punc>
<wf cmd="done" pos="VB" ot="notag">be</wf>
<wf cmd="done" pos="VB" lemma="switch_on" wnsn="1" lexsn="2:35:00::">switching_on</wf>
<wf cmd="ignore" pos="IN">that</wf>
<wf cmd="tag" pos="JJ">bleak</wf>
<punc>-</punc>
<wf cmd="ignore" pos="TO">to</wf>
<wf cmd="tag" pos="NNS">motorists</wf>
<punc>-</punc>
<wf cmd="tag" pos="NN">sign</wf>
<punc>,</punc>
<punc>``</punc>
<wf cmd="ignore" pos="DT">No</wf>
<wf cmd="tag" pos="NN">Vacancy</wf>
<punc>''</punc>
<punc>.</punc>
</s>
</p>
<p pnum="42">
<s snum="47">
<wf cmd="tag" pos="RB">No_matter_how</wf>
<wf cmd="tag" pos="JJ">many</wf>
<wf cmd="tag" pos="NNPS">Americans</wf>
<wf cmd="done" pos="VB" lemma="go" wnsn="1" lexsn="2:38:00::">go</wf>
<wf cmd="tag" pos="RB">abroad</wf>
<wf cmd="ignore" pos="IN">in</wf>
<wf cmd="tag" pos="NN">summer</wf>
<punc>,</punc>
<wf cmd="tag" pos="RB">probably</wf>
<wf cmd="tag" pos="RB">a_hundred_times</wf>
<wf cmd="tag" pos="JJ">as_many</wf>
<wf cmd="done" pos="VB" lemma="gas_up" wnsn="1" lexsn="2:40:00::">gas_up</wf>
<wf cmd="ignore" pos="DT">the</wf>
<wf cmd="tag" pos="NN">family</wf>
<wf cmd="tag" pos="NN">car</wf>
<punc>,</punc>
<wf cmd="done" pos="VB" lemma="throw" wnsn="1" lexsn="2:35:00::">throw</wf>
<wf cmd="tag" pos="NNS">suitcases</wf>
<punc>,</punc>
<wf cmd="tag" pos="NNS">kids</wf>
<wf cmd="ignore" pos="CC">and</wf>
<wf cmd="tag" pos="NN">comic_books</wf>
<wf cmd="tag" pos="RB">in_the_back</wf>
<wf cmd="tag" pos="NN">seat</wf>
<punc>,</punc>
<wf cmd="ignore" pos="CC">and</wf>
<wf cmd="done" pos="VB" lemma="head" wnsn="1" lexsn="2:38:00::">head</wf>
<wf cmd="done" pos="VB" ot="notag">for</wf>
<wf cmd="tag" pos="RB">home</wf>
<punc>.</punc>
</s>
<s snum="48">
<wf cmd="ignore" pos="CC">And</wf>
<wf cmd="ignore" pos="WRB">where</wf>
<wf cmd="done" pos="VB" lemma="be" wnsn="4" lexsn="2:42:00::">is</wf>
<punc>``</punc>
<wf cmd="tag" pos="NN">home</wf>
<punc>''</punc>
<punc>,</punc>
<wf cmd="ignore" pos="IN">that</wf>
<wf cmd="tag" pos="NN">magic</wf>
<wf cmd="tag" pos="NN">place</wf>
<wf cmd="ignore" pos="IN">of</wf>
<wf cmd="ignore" pos="DT">the</wf>
<wf cmd="tag" pos="NN">heart</wf>
<punc>?</punc>
</s>
</p>
<p pnum="43">
<s snum="49">
<wf cmd="ignore" pos="UH">Ah</wf>
<punc>,</punc>
<wf cmd="tag" pos="RB">that</wf>
<wf cmd="done" pos="VB" lemma="be" wnsn="1" lexsn="2:42:03::">is</wf>
<wf cmd="tag" pos="JJ">simple</wf>
<punc>.</punc>
</s>
<s snum="50">
<wf cmd="tag" pos="NNP">Home</wf>
<wf cmd="done" pos="VB" lemma="be" wnsn="2" lexsn="2:42:06::">is</wf>
<wf cmd="ignore" pos="WRB">where</wf>
<wf cmd="ignore" pos="DT">a</wf>
<wf cmd="tag" pos="NN">man</wf>
<wf cmd="done" rdf="be_born" pos="VB" lemma="be_born" wnsn="1" lexsn="2:30:00::">was_born</wf>
<punc>,</punc>
<wf cmd="done" pos="VB" lemma="rear" wnsn="2" lexsn="2:41:00::">reared</wf>
<punc>,</punc>
<wf cmd="done" pos="VB" lemma="go_to" wnsn="1" lexsn="2:42:00::">went_to</wf>
<wf cmd="tag" pos="NN">school</wf>
<wf cmd="ignore" pos="CC">and</wf>
<punc>,</punc>
<wf cmd="tag" pos="RBS">most</wf>
<wf cmd="tag" pos="RB">particularly</wf>
<punc>,</punc>
<wf cmd="ignore" pos="WRB">where</wf>
<wf cmd="tag" pos="NN">grandma</wf>
<wf cmd="done" pos="VB" lemma="be" wnsn="4" lexsn="2:42:00::">is</wf>
<punc>.</punc>
</s>
<s snum="51">
<wf cmd="tag" pos="RB">That</wf>
<wf cmd="done" pos="VB" lemma="be" wnsn="2" lexsn="2:42:06::">is</wf>
<wf cmd="ignore" pos="WRB">where</wf>
<wf cmd="ignore" pos="PRP">we</wf>
<wf cmd="done" rdf="turn_to" pos="VB" lemma="turn_to" wnsn="2" lexsn="2:30:00::">turn</wf>
<wf cmd="done" pos="VB" ot="notag">in</wf>
<wf cmd="ignore" pos="DT">the</wf>
<wf cmd="tag" pos="JJ">good</wf>
<wf cmd="tag" pos="JJ">old</wf>
<wf cmd="tag" pos="NN">summertime</wf>
<punc>.</punc>
</s>
</p>
<p pnum="44">
<s snum="52">
<wf cmd="ignore" pos="DT">The</wf>
<wf cmd="tag" pos="NN">land</wf>
<wf cmd="done" pos="VB" lemma="lie" wnsn="2" lexsn="2:35:00::">lies</wf>
<wf cmd="tag" pos="JJ">ready</wf>
<wf cmd="ignore" pos="IN">for</wf>
<wf cmd="ignore" pos="DT">the</wf>
<wf cmd="tag" pos="JJ">coming</wf>
<wf cmd="tag" pos="NN">onslaught</wf>
<punc>.</punc>
</s>
<s snum="53">
<wf cmd="ignore" pos="PRP$">My</wf>
<wf cmd="tag" pos="NN">husband</wf>
<wf cmd="ignore" pos="CC">and</wf>
<wf cmd="ignore" pos="PRP">I</wf>
<punc>,</punc>
<wf cmd="ignore" pos="DT">a</wf>
<wf cmd="tag" pos="NN">month</wf>
<wf cmd="tag" pos="RB">ahead</wf>
<wf cmd="ignore" pos="IN">of</wf>
<wf cmd="ignore" pos="DT">the</wf>
<wf cmd="tag" pos="NN">rush</wf>
<punc>,</punc>
<wf cmd="done" pos="VBP" ot="notag">have</wf>
<wf cmd="tag" pos="RB">just</wf>
<wf cmd="done" pos="VB" lemma="finish" wnsn="1" lexsn="2:30:02::">finished</wf>
<wf cmd="ignore" pos="DT">a</wf>
<wf cmd="tag" pos="CD">7</wf>
<punc>-</punc>
<wf cmd="tag" pos="NN">day</wf>
<wf cmd="tag" pos="NN">motor</wf>
<wf cmd="tag" pos="NN">journey</wf>
<wf cmd="ignore" pos="IN">of</wf>
<wf cmd="tag" pos="CD">2809</wf>
<wf cmd="tag" pos="NNS">miles</wf>
<wf cmd="ignore" pos="IN">from</wf>
<wf cmd="tag" pos="NNP">Tucson</wf>
<punc>,</punc>
<wf cmd="tag" pos="NNP">Ariz.</wf>
<punc>,</punc>
<wf cmd="ignore" pos="TO">to</wf>
<wf cmd="tag" pos="NN">New_York_City</wf>
<punc>.</punc>
</s>
</p>
<p pnum="45">
<s snum="54">
<wf cmd="ignore" pos="PRP">I</wf>
<wf cmd="ignore" pos="MD">can</wf>
<wf cmd="done" pos="VB" lemma="testify" wnsn="1" lexsn="2:32:01::">testify</wf>
<wf cmd="ignore" pos="IN">that</wf>
<wf cmd="tag" pos="NNS">motels</wf>
<punc>,</punc>
<wf cmd="tag" pos="NN">service</wf>
<wf cmd="ignore" pos="CC">and</wf>
<wf cmd="tag" pos="NN">comfort_stations</wf>
<punc>(</punc>
<wf cmd="ignore" pos="PRP">they</wf>
<wf cmd="done" pos="VB" lemma="go" wnsn="10" lexsn="2:42:07::">go</wf>
<wf cmd="tag" pos="RB">together</wf>
<wf cmd="ignore" pos="IN">like</wf>
<wf cmd="tag" pos="NNS">Scots</wf>
<wf cmd="ignore" pos="CC">and</wf>
<wf cmd="tag" pos="NN">heather</wf>
<punc>)</punc>
<punc>,</punc>
<wf cmd="tag" pos="NN">dog</wf>
<wf cmd="tag" pos="NNS">wagons</wf>
<punc>,</punc>
<wf cmd="tag" pos="NN">roadside</wf>
<wf cmd="tag" pos="NNS">restaurants</wf>
<punc>,</punc>
<wf cmd="tag" pos="NN">souvenir</wf>
<wf cmd="tag" pos="NNS">stands</wf>
<wf cmd="ignore" pos="CC">and</wf>
<wf cmd="tag" pos="NN">snake</wf>
<wf cmd="tag" pos="NNS">farms</wf>
<wf cmd="done" pos="VB" lemma="be" wnsn="1" lexsn="2:42:03::">are</wf>
<wf cmd="tag" pos="JJ">braced</wf>
<wf cmd="ignore" pos="CC">and</wf>
<wf cmd="tag" pos="JJ">waiting</wf>
<punc>.</punc>
</s>
</p>
<p pnum="46">
<s snum="55">
<wf cmd="ignore" pos="PRP">I</wf>
<wf cmd="done" pos="VB" lemma="hope" wnsn="1" lexsn="2:37:01::">hope</wf>
<wf cmd="ignore" pos="PRP">it</wf>
<wf cmd="ignore" pos="MD">can</wf>
<wf cmd="done" pos="VB" ot="notag">be</wf>
<wf cmd="done" pos="VB" lemma="say" wnsn="2" lexsn="2:32:01::">said</wf>
<wf cmd="ignore" pos="IN">without</wf>
<wf cmd="tag" pos="NN">boasting</wf>
<wf cmd="ignore" pos="IN">that</wf>
<wf cmd="ignore" pos="DT">no</wf>
<wf cmd="tag" pos="JJ">other</wf>
<wf cmd="tag" pos="NN">nation</wf>
<wf cmd="done" pos="VB" lemma="offer" wnsn="1" lexsn="2:40:02::">offers</wf>
<wf cmd="ignore" pos="PRP$">its</wf>
<wf cmd="tag" pos="NN">vacationing</wf>
<wf cmd="tag" pos="NNS">motorists</wf>
<wf cmd="tag" pos="JJ">such</wf>
<wf cmd="tag" pos="NN">variety</wf>
<wf cmd="ignore" pos="CC">and</wf>
<wf cmd="tag" pos="NN">beauty</wf>
<wf cmd="ignore" pos="IN">of</wf>
<wf cmd="tag" pos="NN">scene</wf>
<punc>,</punc>
<wf cmd="tag" pos="JJ">such</wf>
<wf cmd="ignore" pos="DT">an</wf>
<wf cmd="tag" pos="JJ">excellent</wf>
<wf cmd="tag" pos="NN">network</wf>
<wf cmd="ignore" pos="IN">of</wf>
<wf cmd="tag" pos="NNS">roads</wf>
<wf cmd="tag" pos="RB">on_which</wf>
<wf cmd="ignore" pos="TO">to</wf>
<wf cmd="done" pos="VB" lemma="enjoy" wnsn="5" lexsn="2:34:00::">enjoy</wf>
<wf cmd="ignore" pos="PRP">it</wf>
<wf cmd="ignore" pos="CC">and</wf>
<wf cmd="tag" pos="JJ">such</wf>
<wf cmd="tag" pos="JJ">decent</wf>
<punc>,</punc>
<wf cmd="tag" pos="JJ">far-flung</wf>
<wf cmd="tag" pos="JJ">over-night</wf>
<wf cmd="tag" pos="NNS">accommodations</wf>
<punc>.</punc>
</s>
</p>
<p pnum="47">
<s snum="56">
<wf cmd="tag" pos="RB">Maybe</wf>
<wf cmd="tag" pos="NN">motel-keeping</wf>
<wf cmd="done" pos="VB" lemma="be" wnsn="6" lexsn="2:42:07::">is</wf>
<wf cmd="tag" pos="RB">n't</wf>
<wf cmd="ignore" pos="DT">the</wf>
<wf cmd="tag" pos="NN">nation</wf>
<wf cmd="ignore" pos="POS">'s</wf>
<wf cmd="tag" pos="JJS">biggest</wf>
<wf cmd="tag" pos="NN">industry</wf>
<punc>,</punc>
<wf cmd="ignore" pos="CC">but</wf>
<wf cmd="ignore" pos="PRP">it</wf>
<wf cmd="tag" pos="RB">certainly</wf>
<wf cmd="done" pos="VB" lemma="look" wnsn="2" lexsn="2:39:01::">looks</wf>
<wf cmd="ignore" pos="IN">that</wf>
<wf cmd="tag" pos="NN">way</wf>
<wf cmd="ignore" pos="IN">from</wf>
<wf cmd="ignore" pos="DT">the</wf>
<wf cmd="tag" pos="NN">highway</wf>
<punc>.</punc>
</s>
</p>
<p pnum="48">
<s snum="57">
<wf cmd="ignore" pos="EX">There</wf>
<wf cmd="done" pos="VB" lemma="be" wnsn="4" lexsn="2:42:00::">are</wf>
<wf cmd="tag" pos="NNS">motels</wf>
<wf cmd="ignore" pos="IN">for</wf>
<wf cmd="ignore" pos="DT">all</wf>
<wf cmd="tag" pos="NNS">purposes</wf>
<wf cmd="ignore" pos="CC">and</wf>
<wf cmd="ignore" pos="DT">all</wf>
<wf cmd="tag" pos="NNS">tastes</wf>
<punc>.</punc>
</s>
<s snum="58">
<wf cmd="ignore" pos="EX">There</wf>
<wf cmd="done" pos="VB" lemma="be" wnsn="4" lexsn="2:42:00::">are</wf>
<wf cmd="tag" pos="RB">even</wf>
<wf cmd="tag" pos="NNS">motels</wf>
<wf cmd="ignore" pos="IN">for</wf>
<wf cmd="tag" pos="JJ">local</wf>
<wf cmd="tag" pos="NN">weather</wf>
<wf cmd="tag" pos="NNS">peculiarities</wf>
<punc>,</punc>
<wf cmd="ignore" pos="IN">as</wf>
<wf cmd="ignore" pos="PRP">I</wf>
<wf cmd="done" pos="VB" lemma="discover" wnsn="5" lexsn="2:40:00::">discovered</wf>
<wf cmd="ignore" pos="IN">in</wf>
<wf cmd="tag" pos="NNP">Shamrock</wf>
<punc>,</punc>
<wf cmd="tag" pos="NNP">Tex.</wf>
<punc>.</punc>
</s>
<s snum="59">
<wf cmd="ignore" pos="EX">There</wf>
<wf cmd="ignore" pos="DT">the</wf>
<wf cmd="tag" pos="NNP">Royal_Motel</wf>
<wf cmd="done" pos="VB" lemma="advertise" wnsn="1" lexsn="2:32:01::">advertises</wf>
<punc>``</punc>
<wf cmd="ignore" pos="DT">all</wf>
<wf cmd="tag" pos="NNS">facilities</wf>
<punc>,</punc>
<wf cmd="tag" pos="JJ">vented</wf>
<wf cmd="tag" pos="NN">heat</wf>
<punc>,</punc>
<wf cmd="tag" pos="NN">air</wf>
<wf cmd="tag" pos="NN">conditioned</wf>
<punc>,</punc>
<wf cmd="tag" pos="JJ">carpeted</wf>
<punc>,</punc>
<wf cmd="tag" pos="JJ">free</wf>
<wf cmd="tag" pos="NN">TV</wf>
<punc>,</punc>
<wf cmd="tag" pos="NN">storm_cellar</wf>
<punc>''</punc>
<punc>.</punc>
</s>
</p>
<p pnum="49">
<s snum="60">
<wf cmd="tag" pos="JJ">Innumerable</wf>
<wf cmd="tag" pos="NNS">motels</wf>
<wf cmd="ignore" pos="IN">from</wf>
<wf cmd="tag" pos="NNP">Tucson</wf>
<wf cmd="ignore" pos="TO">to</wf>
<wf cmd="tag" pos="NN">New_York</wf>
<wf cmd="done" pos="VB" lemma="boast" wnsn="2" lexsn="2:42:00::">boast</wf>
<wf cmd="tag" pos="NN">swimming_pools</wf>
<punc>(</punc>
<punc>``</punc>
<wf cmd="done" pos="VB" lemma="swim" wnsn="1" lexsn="2:38:00::">swim</wf>
<wf cmd="ignore" pos="IN">at</wf>
<wf cmd="ignore" pos="PRP$">your</wf>
<wf cmd="tag" pos="JJ">own</wf>
<wf cmd="tag" pos="NN">risk</wf>
<punc>''</punc>
<wf cmd="done" pos="VB" lemma="be" wnsn="1" lexsn="2:42:03::">is</wf>
<wf cmd="ignore" pos="DT">the</wf>
<wf cmd="tag" pos="JJ">hospitable</wf>
<wf cmd="tag" pos="NN">sign</wf>
<wf cmd="done" pos="VB" lemma="poise" wnsn="1" lexsn="2:38:00::">poised</wf>
<wf cmd="ignore" pos="IN">at</wf>
<wf cmd="ignore" pos="DT">the</wf>
<wf cmd="tag" pos="NN">brink</wf>
<wf cmd="ignore" pos="IN">of</wf>
<wf cmd="tag" pos="RBS">most</wf>
<wf cmd="tag" pos="NNS">pools</wf>
<punc>)</punc>
<punc>.</punc>
</s>
<s snum="61">
<wf cmd="ignore" pos="DT">Some</wf>
<wf cmd="tag" pos="RB">even</wf>
<wf cmd="done" pos="VB" lemma="boast" wnsn="2" lexsn="2:42:00::">boast</wf>
<wf cmd="tag" pos="CD">two</wf>
<wf cmd="tag" pos="NNS">pools</wf>
<punc>,</punc>
<wf cmd="tag" pos="CD">one</wf>
<wf cmd="ignore" pos="IN">for</wf>
<wf cmd="tag" pos="NNS">adults</wf>
<wf cmd="ignore" pos="CC">and</wf>
<wf cmd="tag" pos="CD">one</wf>
<wf cmd="ignore" pos="IN">for</wf>
<wf cmd="tag" pos="NNS">children</wf>
<punc>.</punc>
</s>
<s snum="62">
<wf cmd="ignore" pos="CC">But</wf>
<wf cmd="ignore" pos="DT">the</wf>
<wf cmd="tag" pos="NNP">Royal_Motel</wf>
<wf cmd="ignore" pos="IN">in</wf>
<wf cmd="tag" pos="NNP">Shamrock</wf>
<wf cmd="done" pos="VB" lemma="be" wnsn="6" lexsn="2:42:07::">was</wf>
<wf cmd="ignore" pos="DT">the</wf>
<wf cmd="tag" pos="RB">only</wf>
<wf cmd="tag" pos="CD">one</wf>
<wf cmd="ignore" pos="WDT">that</wf>
<wf cmd="done" pos="VB" lemma="offer" wnsn="1" lexsn="2:40:02::">offered</wf>
<wf cmd="ignore" pos="DT">the</wf>
<wf cmd="tag" pos="NN">comfort</wf>
<wf cmd="ignore" pos="CC">and</wf>
<wf cmd="tag" pos="NN">security</wf>
<wf cmd="ignore" pos="IN">of</wf>
<wf cmd="ignore" pos="DT">a</wf>
<wf cmd="tag" pos="NN">storm_cellar</wf>
<punc>.</punc>
</s>
</p>
<p pnum="50">
<s snum="63">
<wf cmd="tag" pos="NNS">Motorists</wf>
<wf cmd="ignore" pos="IN">like</wf>
<wf cmd="ignore" pos="PRP">myself</wf>
<wf cmd="ignore" pos="WP">who</wf>
<wf cmd="ignore" pos="MD">can</wf>
<wf cmd="done" pos="VB" lemma="remember" wnsn="2" lexsn="2:31:01::">remember</wf>
<wf cmd="ignore" pos="DT">the</wf>
<wf cmd="tag" pos="JJ">old</wf>
<punc>``</punc>
<wf cmd="tag" pos="NNS">tourists</wf>
<wf cmd="done" pos="VB" lemma="accommodate" wnsn="3" lexsn="2:34:00::">accommodated</wf>
<punc>''</punc>
<wf cmd="tag" pos="NN">signs</wf>
<wf cmd="done" pos="VB" ot="notag">on</wf>
<wf cmd="tag" pos="NN">farm</wf>
<wf cmd="tag" pos="NNS">houses</wf>
<wf cmd="ignore" pos="CC">and</wf>
<wf cmd="tag" pos="NN">village</wf>
<wf cmd="tag" pos="NNS">homes</wf>
<wf cmd="ignore" pos="IN">before</wf>
<wf cmd="tag" pos="NN">World_War</wf>
<wf cmd="tag" pos="CD">2</wf>
<punc>,</punc>
<wf cmd="ignore" pos="MD">can</wf>
<wf cmd="tag" pos="RB">only</wf>
<wf cmd="done" pos="VB" lemma="marvel" wnsn="1" lexsn="2:32:12::">marvel</wf>
<wf cmd="done" pos="VB" ot="notag">at</wf>
<wf cmd="ignore" pos="DT">the</wf>
<wf cmd="tag" pos="JJ">great</wf>
<wf cmd="tag" pos="NN">size</wf>
<wf cmd="ignore" pos="CC">and</wf>
<wf cmd="ignore" pos="DT">the</wf>
<wf cmd="tag" pos="NN">luxury</wf>
<wf cmd="ignore" pos="IN">of</wf>
<wf cmd="ignore" pos="DT">the</wf>
<wf cmd="tag" pos="RB">relatively</wf>
<wf cmd="tag" pos="JJ">new</wf>
<wf cmd="ignore" pos="CC">and</wf>
<wf cmd="tag" pos="JJ">fast-grossing</wf>
<wf cmd="tag" pos="NN">motel</wf>
<wf cmd="tag" pos="NN">business</wf>
<punc>.</punc>
</s>
</p>
<p pnum="51">
<s snum="64">
<wf cmd="ignore" pos="IN">At</wf>
<wf cmd="ignore" pos="DT">the</wf>
<wf cmd="tag" pos="NNP">Boxwood_Motel</wf>
<wf cmd="ignore" pos="IN">in</wf>
<wf cmd="tag" pos="NNP">Winchester</wf>
<punc>,</punc>
<wf cmd="tag" pos="NNP">Va.</wf>
<punc>,</punc>
<wf cmd="ignore" pos="PRP">we</wf>
<wf cmd="tag" pos="RB">accidentally</wf>
<wf cmd="done" pos="VB" lemma="draw" wnsn="14" lexsn="2:33:01::">drew</wf>
<wf cmd="ignore" pos="DT">the</wf>
<wf cmd="tag" pos="NN">honeymoon</wf>
<wf cmd="tag" pos="NN">suite</wf>
<punc>,</punc>
<wf cmd="ignore" pos="DT">an</wf>
<wf cmd="tag" pos="JJ">elegant</wf>
<wf cmd="tag" pos="NN">affair</wf>
<wf cmd="ignore" pos="IN">with</wf>
<wf cmd="tag" pos="JJ">wall-to-wall</wf>
<wf cmd="tag" pos="NN">carpeting</wf>
<punc>,</punc>
<wf cmd="tag" pos="NN">gold</wf>
<wf cmd="ignore" pos="CC">and</wf>
<wf cmd="tag" pos="JJ">white</wf>
<wf cmd="tag" pos="NN">furniture</wf>
<punc>,</punc>
<wf cmd="tag" pos="JJ">pink</wf>
<wf cmd="tag" pos="NN">satin</wf>
<wf cmd="tag" pos="NN">brocade</wf>
<wf cmd="tag" pos="NNS">chairs</wf>
<punc>,</punc>
<wf cmd="tag" pos="CD">24</wf>
<punc>-</punc>
<wf cmd="tag" pos="NN">inch</wf>
<wf cmd="tag" pos="NN">TV</wf>
<wf cmd="ignore" pos="CC">and</wf>
<wf cmd="ignore" pos="DT">a</wf>
<wf cmd="tag" pos="JJ">pink</wf>
<wf cmd="tag" pos="NN">tile</wf>
<wf cmd="tag" pos="NN">bath</wf>
<wf cmd="ignore" pos="IN">with</wf>
<wf cmd="tag" pos="NNS">masses</wf>
<wf cmd="ignore" pos="IN">of</wf>
<wf cmd="tag" pos="JJ">pink</wf>
<wf cmd="tag" pos="NNS">towels</wf>
<punc>.</punc>
</s>
<s snum="65">
<wf cmd="ignore" pos="DT">All</wf>
<wf cmd="ignore" pos="IN">for</wf>
<punc>$</punc>
<wf cmd="tag" pos="CD">14</wf>
<punc>.</punc>
</s>
</p>
<p pnum="52">
<s snum="66">
<wf cmd="ignore" pos="DT">That</wf>
<wf cmd="done" pos="VB" lemma="make_up" wnsn="3" lexsn="2:40:00::">made_up</wf>
<wf cmd="ignore" pos="IN">for</wf>
<wf cmd="ignore" pos="DT">the</wf>
<punc>``</punc>
<wf cmd="tag" pos="JJS">best</wf>
<punc>''</punc>
<wf cmd="tag" pos="NN">motel</wf>
<wf cmd="ignore" pos="IN">in</wf>
<wf cmd="tag" pos="NNP">Norman</wf>
<punc>,</punc>
<wf cmd="tag" pos="NNP">Okla.</wf>
<punc>,</punc>
<wf cmd="ignore" pos="WRB">where</wf>
<wf cmd="ignore" pos="DT">the</wf>
<wf cmd="tag" pos="NN">proprietor</wf>
<wf cmd="done" rdf="knock_off" pos="VB" lemma="knock_off" wnsn="2" lexsn="2:40:03::">knocked</wf>
<punc>$</punc>
<wf cmd="tag" pos="CD">2</wf>
<wf cmd="ignore" pos="IN">off</wf>
<wf cmd="ignore" pos="DT">the</wf>
<punc>$</punc>
<wf cmd="tag" pos="CD">8.50</wf>
<wf cmd="tag" pos="NN">tab</wf>
<wf cmd="ignore" pos="WRB">when</wf>
<wf cmd="ignore" pos="PRP">we</wf>
<wf cmd="done" pos="VB" lemma="find" wnsn="2" lexsn="2:39:02::">found</wf>
<wf cmd="tag" pos="NNS">ants</wf>
<wf cmd="ignore" pos="IN">in</wf>
<wf cmd="ignore" pos="DT">the</wf>
<wf cmd="tag" pos="JJ">pressed-paper</wf>
<wf cmd="tag" pos="NN">furniture</wf>
<punc>.</punc>
</s>
</p>
<p pnum="53">
<s snum="67">
<wf cmd="tag" pos="NNP">Oxnard</wf>
<punc>,</punc>
<wf cmd="tag" pos="NNP">Calif.</wf>
<punc>,</punc>
<wf cmd="ignore" pos="MD">will</wf>
<wf cmd="done" pos="VB" lemma="be" wnsn="6" lexsn="2:42:07::">be</wf>
<wf cmd="ignore" pos="DT">the</wf>
<wf cmd="tag" pos="NN">home</wf>
<wf cmd="ignore" pos="IN">of</wf>
<wf cmd="ignore" pos="DT">the</wf>
<wf cmd="tag" pos="NNP">Rev._Robert_D._Howard</wf>
<wf cmd="ignore" pos="CC">and</wf>
<wf cmd="ignore" pos="PRP$">his</wf>
<wf cmd="tag" pos="NN">bride</wf>
<punc>,</punc>
<wf cmd="ignore" pos="DT">the</wf>
<wf cmd="tag" pos="JJ">former</wf>
<wf cmd="tag" pos="NNP">Miss_Judith_Ellen_Gay</wf>
<punc>,</punc>
<wf cmd="ignore" pos="WP">who</wf>
<wf cmd="done" pos="VBD" ot="notag">were</wf>
<wf cmd="done" pos="VB" lemma="marry" wnsn="1" lexsn="2:41:00::">married</wf>
<wf cmd="tag" pos="NNP">Saturday</wf>
<wf cmd="ignore" pos="IN">at</wf>
<wf cmd="ignore" pos="DT">the</wf>
<wf cmd="tag" pos="NNP">Munger_Place</wf>
<wf cmd="tag" pos="NN">Methodist_Church</wf>
<punc>.</punc>
</s>
</p>
<p pnum="54">
<s snum="68">
<wf cmd="tag" pos="NNS">Parents</wf>
<wf cmd="ignore" pos="IN">of</wf>
<wf cmd="ignore" pos="DT">the</wf>
<wf cmd="tag" pos="NN">bride</wf>
<wf cmd="done" pos="VB" lemma="be" wnsn="2" lexsn="2:42:06::">are</wf>
<wf cmd="tag" pos="NNP">Mr.</wf>
<wf cmd="ignore" pos="CC">and</wf>
<wf cmd="tag" pos="NNP">Mrs._Ferris_M._Gay</wf>
<punc>,</punc>
<wf cmd="tag" pos="CD">7034</wf>
<wf cmd="tag" pos="NNP">Coronado</wf>
<punc>.</punc>
</s>
<s snum="69">
<wf cmd="ignore" pos="DT">The</wf>
<wf cmd="tag" pos="NN">bridegroom</wf>
<wf cmd="done" pos="VB" lemma="be" wnsn="2" lexsn="2:42:06::">is</wf>
<wf cmd="ignore" pos="DT">the</wf>
<wf cmd="tag" pos="NN">son</wf>
<wf cmd="ignore" pos="IN">of</wf>
<wf cmd="tag" pos="NNP">Mrs._James_Baines</wf>
<wf cmd="ignore" pos="IN">of</wf>
<wf cmd="tag" pos="NN">Los_Angeles</wf>
<punc>,</punc>
<wf cmd="tag" pos="NNP">Calif.</wf>
<punc>,</punc>
<wf cmd="ignore" pos="CC">and</wf>
<wf cmd="tag" pos="NNP">Carl_E._Howard</wf>
<wf cmd="ignore" pos="IN">of</wf>
<wf cmd="tag" pos="NNP">Santa_Monica</wf>
<punc>,</punc>
<wf cmd="tag" pos="NNP">Calif.</wf>
<punc>.</punc>
</s>
<s snum="70">
<wf cmd="ignore" pos="PRP">He</wf>
<wf cmd="done" pos="VB" lemma="be" wnsn="6" lexsn="2:42:07::">is</wf>
<wf cmd="ignore" pos="DT">a</wf>
<wf cmd="tag" pos="NN">graduate</wf>
<wf cmd="ignore" pos="IN">of</wf>
<wf cmd="tag" pos="NNP">UCLA</wf>
<wf cmd="ignore" pos="CC">and</wf>
<wf cmd="tag" pos="NNP">Perkins_School</wf>
<wf cmd="ignore" pos="IN">of</wf>
<wf cmd="tag" pos="NNP">Theology</wf>
<punc>,</punc>
<wf cmd="tag" pos="NNP">SMU</wf>
<punc>.</punc>
</s>
</p>
<p pnum="55">
<s snum="71">
<wf cmd="tag" pos="NNP">Dr._W._B._I._Martin</wf>
<wf cmd="done" pos="VB" lemma="officiate" wnsn="1" lexsn="2:41:01::">officiated</wf>
<punc>,</punc>
<wf cmd="ignore" pos="CC">and</wf>
<wf cmd="ignore" pos="DT">the</wf>
<wf cmd="tag" pos="NN">bride</wf>
<wf cmd="done" pos="VBD" ot="notag">was</wf>
<wf cmd="done" pos="VB" lemma="give" wnsn="17" lexsn="2:40:06::">given</wf>
<wf cmd="done" pos="VB" ot="notag">in</wf>
<wf cmd="tag" pos="NN">marriage</wf>
<wf cmd="ignore" pos="IN">by</wf>
<wf cmd="ignore" pos="PRP$">her</wf>
<wf cmd="tag" pos="NN">father</wf>
<punc>.</punc>
</s>
<s snum="72">
<wf cmd="tag" pos="NN">Honor</wf>
<wf cmd="tag" pos="NNS">attendants</wf>
<wf cmd="ignore" pos="IN">for</wf>
<wf cmd="ignore" pos="DT">the</wf>
<wf cmd="tag" pos="NN">couple</wf>
<wf cmd="done" pos="VB" lemma="be" wnsn="2" lexsn="2:42:06::">were</wf>
<wf cmd="tag" pos="NNP">Miss_Sandra_Branum</wf>
<wf cmd="ignore" pos="CC">and</wf>
<wf cmd="tag" pos="NNP">Warren_V._McRoberts</wf>
<punc>.</punc>
</s>
</p>
<p pnum="56">
<s snum="73">
<wf cmd="ignore" pos="DT">The</wf>
<wf cmd="tag" pos="NN">couple</wf>
<wf cmd="ignore" pos="MD">will</wf>
<wf cmd="done" pos="VB" lemma="honeymoon" wnsn="1" lexsn="2:42:00::">honeymoon</wf>
<wf cmd="ignore" pos="IN">in</wf>
<wf cmd="tag" pos="NNP">Sequoia</wf>
<wf cmd="tag" pos="NN">National_Park</wf>
<punc>,</punc>
<wf cmd="tag" pos="NNP">Calif.</wf>
<punc>.</punc>
</s>
</p>
<p pnum="57">
<s snum="74">
<wf cmd="tag" pos="NNP">Miss_Joan_Frances_Baker</wf>
<punc>,</punc>
<wf cmd="ignore" pos="DT">a</wf>
<wf cmd="tag" pos="NN">graduate</wf>
<wf cmd="ignore" pos="IN">of</wf>
<wf cmd="tag" pos="NNP">SMU</wf>
<punc>,</punc>
<wf cmd="done" pos="VBD" ot="notag">was</wf>
<wf cmd="done" pos="VB" lemma="marry" wnsn="1" lexsn="2:41:00::">married</wf>
<wf cmd="tag" pos="NNP">Saturday</wf>
<wf cmd="ignore" pos="TO">to</wf>
<wf cmd="tag" pos="NNP">Elvis_Leonard_Mason</wf>
<punc>,</punc>
<wf cmd="ignore" pos="DT">an</wf>
<wf cmd="tag" pos="NN">honor</wf>
<wf cmd="tag" pos="NN">graduate</wf>
<wf cmd="ignore" pos="IN">of</wf>
<wf cmd="tag" pos="NNP">Lamar_State_College</wf>
<wf cmd="ignore" pos="IN">of</wf>
<wf cmd="tag" pos="NNP">Technology</wf>
<punc>,</punc>
<wf cmd="ignore" pos="IN">in</wf>
<wf cmd="ignore" pos="DT">the</wf>
<wf cmd="tag" pos="NN">chapel</wf>
<wf cmd="ignore" pos="IN">of</wf>
<wf cmd="ignore" pos="DT">the</wf>
<wf cmd="tag" pos="NNP">First</wf>
<wf cmd="tag" pos="NN">Presbyterian_Church</wf>
<wf cmd="ignore" pos="IN">of</wf>
<wf cmd="tag" pos="NNP">Houston</wf>
<punc>.</punc>
</s>
</p>
<p pnum="58">
<s snum="75">
<wf cmd="ignore" pos="DT">The</wf>
<wf cmd="tag" pos="NN">bride</wf>
<punc>,</punc>
<wf cmd="tag" pos="NN">daughter</wf>
<wf cmd="ignore" pos="IN">of</wf>
<wf cmd="tag" pos="NNP">Rhodes_Semmes_Baker_Jr.</wf>
<wf cmd="ignore" pos="IN">of</wf>
<wf cmd="tag" pos="NNP">Houston</wf>
<wf cmd="ignore" pos="CC">and</wf>
<wf cmd="ignore" pos="DT">the</wf>
<wf cmd="tag" pos="JJ">late</wf>
<wf cmd="tag" pos="NNP">Mrs._Baker</wf>
<punc>,</punc>
<wf cmd="done" pos="VB" lemma="be" wnsn="6" lexsn="2:42:07::">was</wf>
<wf cmd="tag" pos="NN">president</wf>
<wf cmd="ignore" pos="IN">of</wf>
<wf cmd="tag" pos="NNP">Kappa_Kappa_Gamma</wf>
<wf cmd="ignore" pos="CC">and</wf>
<wf cmd="ignore" pos="DT">a</wf>
<wf cmd="tag" pos="NN">member</wf>
<wf cmd="ignore" pos="IN">of</wf>
<wf cmd="tag" pos="NNP">Mortar_Board</wf>
<wf cmd="ignore" pos="IN">at</wf>
<wf cmd="tag" pos="NNP">SMU</wf>
<punc>.</punc>
</s>
<s snum="76">
<wf cmd="ignore" pos="PRP$">Her</wf>
<wf cmd="tag" pos="NN">husband</wf>
<punc>,</punc>
<wf cmd="ignore" pos="WP">who</wf>
<wf cmd="done" pos="VB" lemma="be" wnsn="2" lexsn="2:42:06::">is</wf>
<wf cmd="ignore" pos="DT">the</wf>
<wf cmd="tag" pos="NN">son</wf>
<wf cmd="ignore" pos="IN">of</wf>
<wf cmd="tag" pos="NNP">Alton_John_Mason</wf>
<wf cmd="ignore" pos="IN">of</wf>
<wf cmd="tag" pos="NNP">Shreveport</wf>
<punc>,</punc>
<wf cmd="tag" pos="NNP">La.</wf>
<punc>,</punc>
<wf cmd="ignore" pos="CC">and</wf>
<wf cmd="ignore" pos="DT">the</wf>
<wf cmd="tag" pos="JJ">late</wf>
<wf cmd="tag" pos="NNP">Mrs._Henry_Cater_Parmer</wf>
<punc>,</punc>
<wf cmd="done" pos="VB" lemma="be" wnsn="6" lexsn="2:42:07::">was</wf>
<wf cmd="tag" pos="NN">president</wf>
<wf cmd="ignore" pos="IN">of</wf>
<wf cmd="tag" pos="NNP">Alpha_Tau_Omega</wf>
<wf cmd="ignore" pos="CC">and</wf>
<wf cmd="ignore" pos="DT">a</wf>
<wf cmd="tag" pos="NN">member</wf>
<wf cmd="ignore" pos="IN">of</wf>
<wf cmd="tag" pos="NNP">Delta_Sigma</wf>
<wf cmd="tag" pos="NN">Pi</wf>
<wf cmd="ignore" pos="IN">at</wf>
<wf cmd="tag" pos="NNP">Lamar_Tech</wf>
<punc>,</punc>
<wf cmd="ignore" pos="CC">and</wf>
<wf cmd="done" pos="VB" lemma="do" wnsn="1" lexsn="2:41:01::">did</wf>
<wf cmd="tag" pos="NN">graduate</wf>
<wf cmd="tag" pos="NN">work</wf>
<wf cmd="done" pos="VB" ot="notag">at</wf>
<wf cmd="tag" pos="NNP">Rhodes_University</wf>
<wf cmd="ignore" pos="IN">in</wf>
<wf cmd="tag" pos="NNP">Grahamstown</wf>
<punc>,</punc>
<wf cmd="tag" pos="NN">South_Africa</wf>
<punc>,</punc>
<wf cmd="ignore" pos="IN">on</wf>
<wf cmd="ignore" pos="DT">a</wf>
<wf cmd="tag" pos="NNP">Rotary_Fellowship</wf>
<punc>.</punc>
</s>
</p>
<p pnum="59">
<s snum="77">
<wf cmd="ignore" pos="DT">The</wf>
<wf cmd="tag" pos="NNP">Rev._Richard_Freeman</wf>
<wf cmd="ignore" pos="IN">of</wf>
<wf cmd="tag" pos="NNP">Texas_City</wf>
<wf cmd="done" pos="VB" lemma="officiate" wnsn="1" lexsn="2:41:01::">officiated</wf>
<wf cmd="ignore" pos="CC">and</wf>
<wf cmd="tag" pos="NNP">Charles_Pabor</wf>
<wf cmd="ignore" pos="CC">and</wf>
<wf cmd="tag" pos="NNP">Mrs._Marvin</wf>
<wf cmd="tag" pos="NN">Hand</wf>
<wf cmd="done" pos="VB" lemma="present" wnsn="3" lexsn="2:36:00::">presented</wf>
<wf cmd="tag" pos="NN">music</wf>
<punc>.</punc>
</s>
<s snum="78">
<wf cmd="ignore" pos="DT">The</wf>
<wf cmd="tag" pos="NN">bride</wf>
<wf cmd="done" pos="VBD" ot="notag">was</wf>
<wf cmd="done" pos="VB" lemma="give" wnsn="17" lexsn="2:40:06::">given</wf>
<wf cmd="done" pos="VB" ot="notag">in</wf>
<wf cmd="tag" pos="NN">marriage</wf>
<wf cmd="ignore" pos="IN">by</wf>
<wf cmd="ignore" pos="PRP$">her</wf>
<wf cmd="tag" pos="NN">father</wf>
<punc>.</punc>
</s>
</p>
<p pnum="60">
<s snum="79">
<wf cmd="ignore" pos="PRP">She</wf>
<wf cmd="done" pos="VB" lemma="wear" wnsn="2" lexsn="2:29:04::">wore</wf>
<wf cmd="ignore" pos="DT">a</wf>
<wf cmd="tag" pos="JJ">court-length</wf>
<wf cmd="tag" pos="NN">gown</wf>
<wf cmd="ignore" pos="IN">of</wf>
<wf cmd="tag" pos="NN">organdy</wf>
<wf cmd="done" pos="VB" lemma="design" wnsn="3" lexsn="2:36:01::">designed</wf>
<wf cmd="ignore" pos="IN">with</wf>
<wf cmd="tag" pos="JJ">bateau</wf>
<wf cmd="tag" pos="NN">neckline</wf>
<wf cmd="ignore" pos="CC">and</wf>
<wf cmd="tag" pos="JJ">princesse</wf>
<wf cmd="tag" pos="NN">skirt</wf>
<wf cmd="tag" pos="JJ">accented</wf>
<wf cmd="ignore" pos="IN">by</wf>
<wf cmd="tag" pos="NN">lace</wf>
<wf cmd="tag" pos="NNS">appliques</wf>
<punc>.</punc>
</s>
<s snum="80">
<wf cmd="ignore" pos="PRP$">Her</wf>
<wf cmd="tag" pos="NN">veil</wf>
<wf cmd="done" pos="VBD" ot="notag">was</wf>
<wf cmd="done" pos="VB" lemma="catch" wnsn="6" lexsn="2:35:06::">caught</wf>
<wf cmd="ignore" pos="TO">to</wf>
<wf cmd="ignore" pos="DT">a</wf>
<wf cmd="tag" pos="NN">crown</wf>
<punc>,</punc>
<wf cmd="ignore" pos="CC">and</wf>
<wf cmd="ignore" pos="PRP">she</wf>
<wf cmd="done" pos="VB" lemma="carry" wnsn="2" lexsn="2:42:01::">carried</wf>
<wf cmd="tag" pos="NNS">gardenias</wf>
<wf cmd="ignore" pos="CC">and</wf>
<wf cmd="tag" pos="NN">stephanotis</wf>
<punc>.</punc>
</s>
</p>
<p pnum="61">
<s snum="81">
<wf cmd="tag" pos="NNP">Miss_Mary_Ross</wf>
<wf cmd="ignore" pos="IN">of</wf>
<wf cmd="tag" pos="NNP">Baird</wf>
<wf cmd="done" pos="VB" lemma="be" wnsn="6" lexsn="2:42:07::">was</wf>
<wf cmd="tag" pos="NN">maid</wf>
<wf cmd="ignore" pos="IN">of</wf>
<wf cmd="tag" pos="NN">honor</wf>
<punc>,</punc>
<wf cmd="ignore" pos="CC">and</wf>
<wf cmd="tag" pos="NNS">bridesmaids</wf>
<wf cmd="done" pos="VB" lemma="be" wnsn="6" lexsn="2:42:07::">were</wf>
<wf cmd="tag" pos="NNP">Miss_Pat_Dawson</wf>
<wf cmd="ignore" pos="IN">of</wf>
<wf cmd="tag" pos="NNP">Austin</wf>
<punc>,</punc>
<wf cmd="tag" pos="NNP">Mrs._Howard_M._Dean</wf>
<wf cmd="ignore" pos="IN">of</wf>
<wf cmd="tag" pos="NNP">Hinsdale</wf>
<punc>,</punc>
<wf cmd="tag" pos="NNP">Ill.</wf>
<punc>,</punc>
<wf cmd="ignore" pos="CC">and</wf>
<wf cmd="tag" pos="NNP">Mrs._James_A._Reeder</wf>
<wf cmd="ignore" pos="IN">of</wf>
<wf cmd="tag" pos="NNP">Shreveport</wf>
<punc>,</punc>
<wf cmd="tag" pos="NNP">La.</wf>
<punc>.</punc>
</s>
</p>
<p pnum="62">
<s snum="82">
<wf cmd="tag" pos="NNP">Cecil_Mason</wf>
<wf cmd="ignore" pos="IN">of</wf>
<wf cmd="tag" pos="NNP">Hartford</wf>
<punc>,</punc>
<wf cmd="tag" pos="NNP">Conn.</wf>
<punc>,</punc>
<wf cmd="done" pos="VB" lemma="be" wnsn="6" lexsn="2:42:07::">was</wf>
<wf cmd="tag" pos="NN">best_man</wf>
<wf cmd="ignore" pos="IN">for</wf>
<wf cmd="ignore" pos="PRP$">his</wf>
<wf cmd="tag" pos="NN">brother</wf>
<punc>,</punc>
<wf cmd="ignore" pos="CC">and</wf>
<wf cmd="tag" pos="NNS">groomsmen</wf>
<wf cmd="done" pos="VB" lemma="be" wnsn="6" lexsn="2:42:07::">were</wf>
<wf cmd="tag" pos="NNP">Rhodes_S._Baker</wf>
<wf cmd="tag" pos="CD">3</wf>
<punc>,</punc>
<wf cmd="ignore" pos="IN">of</wf>
<wf cmd="tag" pos="NNP">Houston</wf>
<punc>,</punc>
<wf cmd="tag" pos="NNP">Dr._James_Carter</wf>
<wf cmd="ignore" pos="IN">of</wf>
<wf cmd="tag" pos="NNP">Houston</wf>
<wf cmd="ignore" pos="CC">and</wf>
<wf cmd="tag" pos="NNP">Conrad_McEachern</wf>
<wf cmd="ignore" pos="IN">of</wf>
<wf cmd="tag" pos="NN">New_Orleans</wf>
<punc>,</punc>
<wf cmd="tag" pos="NNP">La.</wf>
<punc>.</punc>
</s>
<s snum="83">
<wf cmd="tag" pos="NNP">Lee_Jackson</wf>
<wf cmd="ignore" pos="CC">and</wf>
<wf cmd="tag" pos="NNP">Ken_Smith</wf>
<punc>,</punc>
<wf cmd="ignore" pos="DT">both</wf>
<wf cmd="ignore" pos="IN">of</wf>
<wf cmd="tag" pos="NNP">Houston</wf>
<punc>,</punc>
<wf cmd="ignore" pos="CC">and</wf>
<wf cmd="tag" pos="NNP">Alfred_Neumann</wf>
<wf cmd="ignore" pos="IN">of</wf>
<wf cmd="tag" pos="NNP">Beaumont</wf>
<wf cmd="done" pos="VB" lemma="seat" wnsn="2" lexsn="2:42:00::">seated</wf>
<wf cmd="tag" pos="NNS">guests</wf>
<punc>.</punc>
</s>
</p>
<p pnum="63">
<s snum="84">
<wf cmd="ignore" pos="IN">After</wf>
<wf cmd="ignore" pos="DT">a</wf>
<wf cmd="tag" pos="NN">reception</wf>
<wf cmd="ignore" pos="IN">at</wf>
<wf cmd="ignore" pos="DT">The</wf>
<wf cmd="tag" pos="NNP">Mayfair</wf>
<punc>,</punc>
<wf cmd="ignore" pos="DT">the</wf>
<wf cmd="tag" pos="NNS">newlyweds</wf>
<wf cmd="done" pos="VB" lemma="leave" wnsn="1" lexsn="2:38:01::">left</wf>
<wf cmd="ignore" pos="IN">for</wf>
<wf cmd="ignore" pos="DT">a</wf>
<wf cmd="tag" pos="NN">wedding</wf>
<wf cmd="tag" pos="NN">trip</wf>
<wf cmd="ignore" pos="TO">to</wf>
<wf cmd="tag" pos="NN">New_Orleans</wf>
<punc>,</punc>
<wf cmd="tag" pos="NNP">La.</wf>
<punc>.</punc>
</s>
<s snum="85">
<wf cmd="ignore" pos="PRP">They</wf>
<wf cmd="ignore" pos="MD">will</wf>
<wf cmd="done" pos="VB" lemma="live" wnsn="1" lexsn="2:42:08::">live</wf>
<wf cmd="done" pos="VB" ot="notag">in</wf>
<wf cmd="tag" pos="NN">Corpus_Christi</wf>
<punc>.</punc>
</s>
</p>
<p pnum="64">
<s snum="86">
<wf cmd="tag" pos="NNP">Miss_Shirley_Joan_Meredith</wf>
<punc>,</punc>
<wf cmd="ignore" pos="DT">a</wf>
<wf cmd="tag" pos="JJ">former</wf>
<wf cmd="tag" pos="NN">student</wf>
<wf cmd="ignore" pos="IN">of</wf>
<wf cmd="tag" pos="NNP">North_Texas_State_University</wf>
<punc>,</punc>
<wf cmd="done" pos="VBD" ot="notag">was</wf>
<wf cmd="done" pos="VB" lemma="marry" wnsn="1" lexsn="2:41:00::">married</wf>
<wf cmd="tag" pos="NNP">Saturday</wf>
<wf cmd="ignore" pos="TO">to</wf>
<wf cmd="tag" pos="NNP">Larry_W._Mills</wf>
<punc>,</punc>
<wf cmd="ignore" pos="WP">who</wf>
<wf cmd="done" pos="VBZ" ot="notag">has</wf>
<wf cmd="done" pos="VB" lemma="attend" wnsn="1" lexsn="2:42:00::">attended</wf>
<wf cmd="tag" pos="NNP">Arlington_State_College</wf>
<punc>.</punc>
</s>
<s snum="87">
<wf cmd="ignore" pos="PRP">They</wf>
<wf cmd="ignore" pos="MD">will</wf>
<wf cmd="done" pos="VB" lemma="live" wnsn="1" lexsn="2:42:08::">live</wf>
<wf cmd="ignore" pos="IN">at</wf>
<wf cmd="tag" pos="CD">2705</wf>
<wf cmd="tag" pos="NNP">Fitzhugh</wf>
<wf cmd="ignore" pos="IN">after</wf>
<wf cmd="ignore" pos="DT">a</wf>
<wf cmd="tag" pos="NN">wedding</wf>
<wf cmd="tag" pos="NN">trip</wf>
<wf cmd="ignore" pos="TO">to</wf>
<wf cmd="tag" pos="NN">Corpus_Christi</wf>
<punc>.</punc>
</s>
</p>
<p pnum="65">
<s snum="88">
<wf cmd="tag" pos="NNS">Parents</wf>
<wf cmd="ignore" pos="IN">of</wf>
<wf cmd="ignore" pos="DT">the</wf>
<wf cmd="tag" pos="NN">couple</wf>
<wf cmd="done" pos="VB" lemma="be" wnsn="2" lexsn="2:42:06::">are</wf>
<wf cmd="tag" pos="NNP">Ray_Meredith</wf>
<wf cmd="ignore" pos="IN">of</wf>
<wf cmd="tag" pos="NNP">Denton</wf>
<wf cmd="ignore" pos="CC">and</wf>
<wf cmd="ignore" pos="DT">the</wf>
<wf cmd="tag" pos="JJ">late</wf>
<wf cmd="tag" pos="NNP">Mrs._Meredith</wf>
<wf cmd="ignore" pos="CC">and</wf>
<wf cmd="tag" pos="NNP">Mrs._Hardy_P._Mills</wf>
<wf cmd="ignore" pos="IN">of</wf>
<wf cmd="tag" pos="NNP">Floresville</wf>
<wf cmd="ignore" pos="CC">and</wf>
<wf cmd="ignore" pos="DT">the</wf>
<wf cmd="tag" pos="JJ">late</wf>
<wf cmd="tag" pos="NNP">Mr._Mills</wf>
<punc>.</punc>
</s>
</p>
<p pnum="66">
<s snum="89">
<wf cmd="ignore" pos="DT">The</wf>
<wf cmd="tag" pos="NNP">Rev._Melvin_Carter</wf>
<wf cmd="done" pos="VB" lemma="officiate" wnsn="1" lexsn="2:41:01::">officiated</wf>
<wf cmd="ignore" pos="IN">at</wf>
<wf cmd="ignore" pos="DT">the</wf>
<wf cmd="tag" pos="NN">ceremony</wf>
<wf cmd="ignore" pos="IN">in</wf>
<wf cmd="tag" pos="NNP">Slaughter_Chapel</wf>
<wf cmd="ignore" pos="IN">of</wf>
<wf cmd="ignore" pos="DT">the</wf>
<wf cmd="tag" pos="NNP">First_Baptist_Church</wf>
<punc>.</punc>
</s>
<s snum="90">
<wf cmd="tag" pos="NNP">Dan_Beam</wf>
<wf cmd="done" pos="VB" lemma="present" wnsn="3" lexsn="2:36:00::">presented</wf>
<wf cmd="tag" pos="NN">music</wf>
<wf cmd="ignore" pos="CC">and</wf>
<wf cmd="ignore" pos="DT">the</wf>
<wf cmd="tag" pos="NN">bride</wf>
<wf cmd="done" pos="VBD" ot="notag">was</wf>
<wf cmd="done" pos="VB" lemma="give" wnsn="17" lexsn="2:40:06::">given</wf>
<wf cmd="done" pos="VB" ot="notag">in</wf>
<wf cmd="tag" pos="NN">marriage</wf>
<wf cmd="ignore" pos="IN">by</wf>
<wf cmd="ignore" pos="PRP$">her</wf>
<wf cmd="tag" pos="NN">father</wf>
<punc>.</punc>
</s>
</p>
<p pnum="67">
<s snum="91">
<wf cmd="ignore" pos="PRP">She</wf>
<wf cmd="done" pos="VB" lemma="wear" wnsn="1" lexsn="2:29:00::">wore</wf>
<wf cmd="ignore" pos="DT">a</wf>
<wf cmd="tag" pos="NN">gown</wf>
<wf cmd="ignore" pos="IN">of</wf>
<wf cmd="tag" pos="NN">satin</wf>
<wf cmd="tag" pos="JJ">designed</wf>
<wf cmd="ignore" pos="IN">along</wf>
<wf cmd="tag" pos="JJ">princesse</wf>
<wf cmd="tag" pos="NNS">lines</wf>
<wf cmd="ignore" pos="CC">and</wf>
<wf cmd="tag" pos="JJ">featuring</wf>
<wf cmd="ignore" pos="DT">a</wf>
<wf cmd="tag" pos="JJ">flared</wf>
<wf cmd="tag" pos="NN">skirt</wf>
<wf cmd="ignore" pos="CC">and</wf>
<wf cmd="tag" pos="NN">lace</wf>
<wf cmd="tag" pos="NN">jacket</wf>
<wf cmd="ignore" pos="IN">with</wf>
<wf cmd="tag" pos="JJ">bateau</wf>
<wf cmd="tag" pos="NN">neckline</wf>
<punc>.</punc>
</s>
<s snum="92">
<wf cmd="ignore" pos="PRP$">Her</wf>
<wf cmd="tag" pos="NN">veil</wf>
<wf cmd="done" pos="VBD" ot="notag">was</wf>
<wf cmd="done" pos="VB" lemma="catch" wnsn="6" lexsn="2:35:06::">caught</wf>
<wf cmd="ignore" pos="TO">to</wf>
<wf cmd="ignore" pos="DT">a</wf>
<wf cmd="tag" pos="NN">pearl</wf>
<wf cmd="tag" pos="NN">headdress</wf>
<punc>,</punc>
<wf cmd="ignore" pos="CC">and</wf>
<wf cmd="ignore" pos="PRP">she</wf>
<wf cmd="done" pos="VB" lemma="carry" wnsn="2" lexsn="2:42:01::">carried</wf>
<wf cmd="tag" pos="NN">stephanotis</wf>
<wf cmd="ignore" pos="CC">and</wf>
<wf cmd="tag" pos="NNS">orchids</wf>
<punc>.</punc>
</s>
</p>
<p pnum="68">
<s snum="93">
<wf cmd="tag" pos="NNP">Miss_Glenda_Kay_Meredith</wf>
<wf cmd="ignore" pos="IN">of</wf>
<wf cmd="tag" pos="NNP">Denton</wf>
<wf cmd="done" pos="VB" lemma="be" wnsn="6" lexsn="2:42:07::">was</wf>
<wf cmd="ignore" pos="PRP$">her</wf>
<wf cmd="tag" pos="NN">sister</wf>
<wf cmd="ignore" pos="POS">'s</wf>
<wf cmd="tag" pos="NN">maid</wf>
<wf cmd="ignore" pos="CC">of</wf>
<wf cmd="tag" pos="NN">honor</wf>
<punc>,</punc>
<wf cmd="ignore" pos="CC">and</wf>
<wf cmd="tag" pos="NNP">Vernon_Lewelleyn</wf>
<wf cmd="ignore" pos="IN">of</wf>
<wf cmd="tag" pos="NNP">San_Angelo</wf>
<wf cmd="done" pos="VB" lemma="be" wnsn="6" lexsn="2:42:07::">was</wf>
<wf cmd="tag" pos="NN">best_man</wf>
<punc>.</punc>
</s>
<s snum="94">
<wf cmd="tag" pos="NNP">Robert_Lovelace</wf>
<wf cmd="ignore" pos="CC">and</wf>
<wf cmd="tag" pos="NNP">Cedric_Burgher_Jr.</wf>
<wf cmd="done" pos="VB" lemma="seat" wnsn="2" lexsn="2:42:00::">seated</wf>
<wf cmd="tag" pos="NNS">guests</wf>
<punc>.</punc>
</s>
<s snum="95">
<wf cmd="ignore" pos="DT">A</wf>
<wf cmd="tag" pos="NN">reception</wf>
<wf cmd="done" pos="VBD" ot="notag">was</wf>
<wf cmd="done" pos="VB" lemma="hold" wnsn="3" lexsn="2:36:00::">held</wf>
<wf cmd="ignore" pos="IN">at</wf>
<wf cmd="ignore" pos="DT">the</wf>
<wf cmd="tag" pos="NN">church</wf>
<punc>.</punc>
</s>
</p>
<p pnum="69">
<s snum="96">
<wf cmd="ignore" pos="DT">The</wf>
<wf cmd="tag" pos="NNP">First</wf>
<wf cmd="tag" pos="NN">Christian_Church</wf>
<wf cmd="ignore" pos="IN">of</wf>
<wf cmd="tag" pos="NNP">Pampa</wf>
<wf cmd="done" pos="VB" lemma="be" wnsn="6" lexsn="2:42:07::">was</wf>
<wf cmd="ignore" pos="DT">the</wf>
<wf cmd="tag" pos="NN">setting</wf>
<wf cmd="ignore" pos="IN">for</wf>
<wf cmd="ignore" pos="DT">the</wf>
<wf cmd="tag" pos="NN">wedding</wf>
<wf cmd="tag" pos="JJ">last</wf>
<wf cmd="tag" pos="NNP">Sunday</wf>
<wf cmd="ignore" pos="IN">of</wf>
<wf cmd="tag" pos="NNP">Miss_Marcile_Marie_Glison</wf>
<wf cmd="ignore" pos="CC">and</wf>
<wf cmd="tag" pos="NNP">Thomas_Earl_Loving_Jr.</wf>
<punc>,</punc>
<wf cmd="ignore" pos="WP">who</wf>
<wf cmd="ignore" pos="MD">will</wf>
<wf cmd="done" pos="VB" lemma="live" wnsn="1" lexsn="2:42:08::">live</wf>
<wf cmd="ignore" pos="IN">at</wf>
<wf cmd="tag" pos="CD">8861</wf>
<wf cmd="tag" pos="NNP">Gaston</wf>
<wf cmd="ignore" pos="IN">after</wf>
<wf cmd="ignore" pos="DT">a</wf>
<wf cmd="tag" pos="NN">wedding</wf>
<wf cmd="tag" pos="NN">trip</wf>
<wf cmd="ignore" pos="TO">to</wf>
<wf cmd="tag" pos="NN">New_Orleans</wf>
<punc>,</punc>
<wf cmd="tag" pos="NNP">La</wf>
<punc>.</punc>
</s>
</p>
<p pnum="70">
<s snum="97">
<wf cmd="ignore" pos="DT">The</wf>
<wf cmd="tag" pos="NN">bride</wf>
<punc>,</punc>
<wf cmd="tag" pos="NN">daughter</wf>
<wf cmd="ignore" pos="IN">of</wf>
<wf cmd="tag" pos="NNP">Mr.</wf>
<wf cmd="ignore" pos="CC">and</wf>
<wf cmd="tag" pos="NNP">Mrs._Charles_Ervin_Glison</wf>
<wf cmd="ignore" pos="IN">of</wf>
<wf cmd="tag" pos="NNP">Pampa</wf>
<punc>,</punc>
<wf cmd="done" pos="VBZ" ot="notag">has</wf>
<wf cmd="done" pos="VB" lemma="attend" wnsn="1" lexsn="2:42:00::">attended</wf>
<wf cmd="tag" pos="NNP">Texas_Woman</wf>
<wf cmd="ignore" pos="POS">'s</wf>
<wf cmd="tag" pos="NNP">University</wf>
<wf cmd="ignore" pos="CC">and</wf>
<wf cmd="ignore" pos="MD">will</wf>
<wf cmd="done" pos="VB" lemma="continue" wnsn="1" lexsn="2:42:01::">continue</wf>
<wf cmd="ignore" pos="PRP$">her</wf>
<wf cmd="tag" pos="NNS">studies</wf>
<wf cmd="ignore" pos="IN">at</wf>
<wf cmd="tag" pos="NNP">SMU</wf>
<punc>.</punc>
</s>
</p>
</context>
</contextfile>
