<contextfile concordance="brown">
<context filename="br-a33" paras="yes">
<p pnum="1">
<s snum="1">
<wf cmd="tag" pos="RB">At_last</wf>
<wf cmd="tag" pos="DT">the</wf>
<wf cmd="tag" pos="NN">White_House</wf>
<wf cmd="done" pos="VBZ" ot="notag">is</wf>
<wf cmd="done" pos="VB" lemma="go" wnsn="2" lexsn="2:41:00::">going</wf>
<wf cmd="done" pos="VB" ot="notag">to</wf>
<wf cmd="done" pos="VB" lemma="get" wnsn="1" lexsn="2:40:00::">get</wf>
<wf cmd="ignore" pos="DT">some</wf>
<wf cmd="tag" pos="JJ">much-copied</wf>
<wf cmd="tag" pos="NN">furniture</wf>
<wf cmd="ignore" pos="IN">by</wf>
<wf cmd="ignore" pos="IN">that</wf>
<wf cmd="tag" pos="NN">master</wf>
<wf cmd="tag" pos="NNP">American</wf>
<wf cmd="tag" pos="NN">craftsman</wf>
<punc>,</punc>
<wf cmd="tag" pos="NNP">Duncan_Phyfe</wf>
<punc>,</punc>
<wf cmd="ignore" pos="WP$">whose</wf>
<wf cmd="tag" pos="NNS">designs</wf>
<wf cmd="done" pos="VBD" ot="notag">were</wf>
<wf cmd="done" pos="VB" lemma="snub" wnsn="1" lexsn="2:32:01::">snubbed</wf>
<wf cmd="ignore" pos="IN">in</wf>
<wf cmd="ignore" pos="PRP$">his</wf>
<wf cmd="tag" pos="NN">lifetime</wf>
<wf cmd="ignore" pos="WRB">when</wf>
<wf cmd="ignore" pos="DT">the</wf>
<wf cmd="tag" pos="NNP">U._S.</wf>
<wf cmd="tag" pos="NNS">Presidents</wf>
<wf cmd="ignore" pos="IN">of</wf>
<wf cmd="ignore" pos="DT">the</wf>
<wf cmd="tag" pos="CD">19</wf>
<wf cmd="ignore" pos="DT">th</wf>
<wf cmd="tag" pos="NNP">Century</wf>
<wf cmd="done" pos="VB" lemma="send" wnsn="2" lexsn="2:35:00::">sent</wf>
<wf cmd="tag" pos="RB">abroad</wf>
<wf cmd="ignore" pos="IN">for</wf>
<wf cmd="ignore" pos="PRP$">their</wf>
<wf cmd="tag" pos="NNS">furnishings</wf>
<punc>.</punc>
</s>
</p>
<p pnum="2">
<s snum="2">
<wf cmd="ignore" pos="DT">The</wf>
<wf cmd="tag" pos="NNP">American_Institute</wf>
<wf cmd="ignore" pos="IN">of</wf>
<wf cmd="tag" pos="NNP">Decorators</wf>
<wf cmd="done" pos="VBZ" ot="notag">has</wf>
<wf cmd="done" pos="VB" lemma="acquire" wnsn="1" lexsn="2:40:00::">acquired</wf>
<wf cmd="ignore" pos="DT">a</wf>
<wf cmd="tag" pos="JJ">rare</wf>
<wf cmd="tag" pos="JJ">complete</wf>
<wf cmd="tag" pos="NN">set</wf>
<wf cmd="ignore" pos="IN">of</wf>
<wf cmd="tag" pos="NNS">sofas</wf>
<wf cmd="ignore" pos="CC">and</wf>
<wf cmd="tag" pos="NNS">chairs</wf>
<wf cmd="ignore" pos="WDT">which</wf>
<wf cmd="done" pos="VBP" ot="notag">are</wf>
<wf cmd="ignore" pos="TO">to</wf>
<wf cmd="done" pos="VB" ot="notag">be</wf>
<wf cmd="done" pos="VB" lemma="place" wnsn="1" lexsn="2:35:00::">placed</wf>
<wf cmd="ignore" pos="IN">in</wf>
<wf cmd="ignore" pos="DT">the</wf>
<wf cmd="tag" pos="NNP">Executive_Mansion</wf>
<wf cmd="ignore" pos="POS">'s</wf>
<wf cmd="tag" pos="NN">library</wf>
<punc>.</punc>
</s>
<s snum="3">
<wf cmd="ignore" pos="DT">The</wf>
<wf cmd="tag" pos="NN">suite</wf>
<wf cmd="done" pos="VBZ" ot="notag">has</wf>
<wf cmd="done" pos="VB" lemma="be" wnsn="4" lexsn="2:42:00::">been</wf>
<wf cmd="ignore" pos="IN">in</wf>
<wf cmd="ignore" pos="DT">the</wf>
<wf cmd="tag" pos="JJ">same</wf>
<wf cmd="tag" pos="NN">family</wf>
<wf cmd="ignore" pos="IN">since</wf>
<wf cmd="ignore" pos="DT">the</wf>
<wf cmd="tag" pos="JJ">early</wf>
<wf cmd="tag" pos="CD">1800</wf>
<wf cmd="ignore" pos="POS">'s</wf>
<punc>.</punc>
</s>
<s snum="4">
<wf cmd="ignore" pos="DT">The</wf>
<wf cmd="tag" pos="NN">gift</wf>
<wf cmd="done" pos="VBZ" ot="notag">is</wf>
<wf cmd="done" pos="VB" ot="notag">being</wf>
<wf cmd="done" pos="VB" lemma="present" wnsn="4" lexsn="2:40:01::">presented</wf>
<wf cmd="ignore" pos="IN">by</wf>
<punc>``</punc>
<wf cmd="tag" pos="NNS">heirs</wf>
<wf cmd="ignore" pos="CC">and</wf>
<wf cmd="tag" pos="NNS">descendants</wf>
<wf cmd="ignore" pos="IN">of</wf>
<wf cmd="ignore" pos="DT">the</wf>
<wf cmd="tag" pos="NNP">Rutherford</wf>
<wf cmd="tag" pos="NN">family</wf>
<wf cmd="ignore" pos="IN">of</wf>
<wf cmd="tag" pos="NN">New_Jersey</wf>
<punc>,</punc>
<wf cmd="ignore" pos="WP$">whose</wf>
<wf cmd="tag" pos="JJ">famous</wf>
<wf cmd="tag" pos="NN">estate</wf>
<punc>,</punc>
<punc>''</punc>
<wf cmd="tag" pos="NN">Tranquility</wf>
<punc>``</punc>
<punc>,</punc>
<wf cmd="done" pos="VB" lemma="be" wnsn="3" lexsn="2:42:05::">was</wf>
<wf cmd="tag" pos="JJ">located</wf>
<wf cmd="ignore" pos="IN">near</wf>
<wf cmd="ignore" pos="DT">the</wf>
<wf cmd="tag" pos="NNP">Duncan_Phyfe</wf>
<wf cmd="tag" pos="NN">workshop</wf>
<wf cmd="ignore" pos="IN">at</wf>
<wf cmd="tag" pos="NNP">Andover</wf>
<punc>,</punc>
<wf cmd="tag" pos="NNP">N._J.</wf>
<punc>.</punc>
</s>
</p>
<p pnum="3">
<s snum="5">
<wf cmd="tag" pos="JJ">Authenticated</wf>
<wf cmd="tag" pos="NNS">pieces</wf>
<wf cmd="ignore" pos="IN">of</wf>
<wf cmd="tag" pos="NNP">Duncan_Phyfe</wf>
<wf cmd="tag" pos="NN">furniture</wf>
<wf cmd="done" pos="VB" lemma="be" wnsn="1" lexsn="2:42:03::">are</wf>
<wf cmd="tag" pos="JJ">uncommon</wf>
<punc>,</punc>
<wf cmd="ignore" pos="IN">although</wf>
<wf cmd="tag" pos="NNS">millions</wf>
<wf cmd="ignore" pos="IN">of</wf>
<wf cmd="tag" pos="NNP">American</wf>
<wf cmd="tag" pos="NNS">homes</wf>
<wf cmd="tag" pos="NN">today</wf>
<wf cmd="done" pos="VB" lemma="display" wnsn="1" lexsn="2:39:00::">display</wf>
<wf cmd="tag" pos="NNS">pieces</wf>
<wf cmd="done" pos="VB" lemma="pattern" wnsn="1" lexsn="2:36:00::">patterned</wf>
<wf cmd="ignore" pos="IN">after</wf>
<wf cmd="ignore" pos="DT">the</wf>
<wf cmd="tag" pos="NN">style</wf>
<wf cmd="tag" pos="NNS">trends</wf>
<wf cmd="ignore" pos="PRP">he</wf>
<wf cmd="done" pos="VB" lemma="set" wnsn="2" lexsn="2:31:04::">set</wf>
<wf cmd="tag" pos="CD">150</wf>
<wf cmd="tag" pos="NNS">years</wf>
<wf cmd="tag" pos="RB">ago</wf>
<punc>.</punc>
</s>
<s snum="6">
<wf cmd="ignore" pos="DT">This</wf>
<wf cmd="tag" pos="NN">acquisition</wf>
<wf cmd="done" pos="VB" lemma="be" wnsn="1" lexsn="2:42:03::">is</wf>
<wf cmd="ignore" pos="DT">a</wf>
<wf cmd="tag" pos="JJ">matched</wf>
<punc>,</punc>
<wf cmd="tag" pos="JJ">perfect</wf>
<wf cmd="tag" pos="NN">set</wf>
<punc>-</punc>
<wf cmd="done" pos="VB" lemma="consist_of" wnsn="0" lexsn="2:42:00::">consisting_of</wf>
<wf cmd="tag" pos="CD">two</wf>
<wf cmd="tag" pos="NNS">sofas</wf>
<wf cmd="tag" pos="CD">six</wf>
<wf cmd="tag" pos="NNS">feet</wf>
<wf cmd="tag" pos="JJ">long</wf>
<punc>,</punc>
<wf cmd="ignore" pos="CC">plus</wf>
<wf cmd="tag" pos="CD">six</wf>
<wf cmd="tag" pos="NNS">sidechairs</wf>
<wf cmd="ignore" pos="CC">and</wf>
<wf cmd="tag" pos="CD">two</wf>
<wf cmd="tag" pos="NNS">armchairs</wf>
<punc>.</punc>
</s>
</p>
<p pnum="4">
<s snum="7">
<wf cmd="ignore" pos="DT">The</wf>
<wf cmd="tag" pos="NNP">AID</wf>
<wf cmd="done" pos="VBZ" ot="notag">has</wf>
<wf cmd="done" pos="VB" lemma="undertake" wnsn="1" lexsn="2:36:00::">undertaken</wf>
<wf cmd="ignore" pos="DT">the</wf>
<wf cmd="tag" pos="NN">redecoration</wf>
<wf cmd="ignore" pos="IN">of</wf>
<wf cmd="ignore" pos="DT">the</wf>
<punc>*</punc>
<wf cmd="tag" pos="NN">White_House</wf>
<wf cmd="tag" pos="NN">library</wf>
<wf cmd="ignore" pos="IN">as</wf>
<wf cmd="ignore" pos="DT">a</wf>
<wf cmd="tag" pos="NN">project</wf>
<wf cmd="ignore" pos="IN">in</wf>
<wf cmd="tag" pos="NN">connection</wf>
<wf cmd="ignore" pos="IN">with</wf>
<wf cmd="ignore" pos="DT">the</wf>
<wf cmd="tag" pos="NN">work</wf>
<wf cmd="done" pos="VBG" ot="notag">being</wf>
<wf cmd="done" pos="VB" lemma="do" wnsn="2" lexsn="2:36:01::">done</wf>
<wf cmd="ignore" pos="IN">by</wf>
<wf cmd="tag" pos="NN">First_Lady</wf>
<wf cmd="tag" pos="NNP">Jacqueline_Kennedy</wf>
<wf cmd="ignore" pos="POS">'s</wf>
<wf cmd="tag" pos="NN">Fine_Arts</wf>
<wf cmd="tag" pos="NNP">Advisory_Committee</wf>
<wf cmd="ignore" pos="TO">to</wf>
<wf cmd="done" pos="VB" lemma="secure" wnsn="1" lexsn="2:40:00::">secure</wf>
<wf cmd="tag" pos="NNS">antiques</wf>
<wf cmd="ignore" pos="IN">for</wf>
<wf cmd="ignore" pos="DT">the</wf>
<wf cmd="tag" pos="JJ">presidential</wf>
<wf cmd="tag" pos="NN">home</wf>
<punc>.</punc>
</s>
<s snum="8">
<wf cmd="ignore" pos="PRP">It</wf>
<wf cmd="done" pos="VB" lemma="be" wnsn="7" lexsn="2:42:02::">is</wf>
<wf cmd="ignore" pos="DT">the</wf>
<wf cmd="tag" pos="NNP">AID</wf>
<wf cmd="ignore" pos="POS">'s</wf>
<wf cmd="tag" pos="NN">intention</wf>
<wf cmd="ignore" pos="TO">to</wf>
<wf cmd="done" pos="VB" lemma="create" wnsn="1" lexsn="2:36:00::">create</wf>
<wf cmd="ignore" pos="IN">in</wf>
<wf cmd="ignore" pos="DT">the</wf>
<wf cmd="tag" pos="NN">library</wf>
<punc>``</punc>
<wf cmd="ignore" pos="DT">a</wf>
<wf cmd="tag" pos="JJ">miniature</wf>
<wf cmd="tag" pos="NN">museum</wf>
<wf cmd="ignore" pos="IN">of</wf>
<wf cmd="tag" pos="NNS">Americana</wf>
<punc>''</punc>
<wf cmd="ignore" pos="IN">before</wf>
<wf cmd="tag" pos="JJ">completed</wf>
<wf cmd="tag" pos="NN">refurbishing</wf>
<wf cmd="done" pos="VBZ" ot="notag">is</wf>
<wf cmd="done" pos="VB" lemma="unveil" wnsn="1" lexsn="2:35:00::">unveiled</wf>
<wf cmd="tag" pos="RB">early</wf>
<wf cmd="ignore" pos="DT">this</wf>
<wf cmd="tag" pos="NN">fall</wf>
<punc>.</punc>
</s>
</p>
<p pnum="5">
<s snum="9">
<wf cmd="ignore" pos="DT">The</wf>
<wf cmd="tag" pos="NN">room</wf>
<wf cmd="ignore" pos="MD">will</wf>
<wf cmd="tag" pos="RB">also</wf>
<wf cmd="done" pos="VB" lemma="feature" wnsn="1" lexsn="2:42:00::">feature</wf>
<wf cmd="ignore" pos="DT">another</wf>
<wf cmd="tag" pos="NN">rarity</wf>
<wf cmd="tag" pos="JJ">many</wf>
<wf cmd="tag" pos="NNS">antiquarians</wf>
<wf cmd="ignore" pos="MD">would</wf>
<wf cmd="done" pos="VB" lemma="consider" wnsn="1" lexsn="2:31:00::">consider</wf>
<wf cmd="tag" pos="RBR">more</wf>
<wf cmd="tag" pos="JJ">important</wf>
<wf cmd="ignore" pos="IN">than</wf>
<wf cmd="ignore" pos="DT">the</wf>
<wf cmd="tag" pos="NNP">Duncan_Phyfe</wf>
<wf cmd="tag" pos="NN">furniture</wf>
<punc>.</punc>
</s>
<s snum="10">
<wf cmd="ignore" pos="DT">The</wf>
<wf cmd="tag" pos="NNP">AID</wf>
<wf cmd="done" pos="VBZ" ot="notag">has</wf>
<wf cmd="done" pos="VB" lemma="find" wnsn="7" lexsn="2:40:01::">found</wf>
<wf cmd="ignore" pos="DT">a</wf>
<wf cmd="tag" pos="NN">mantlepiece</wf>
<wf cmd="done" pos="VB" lemma="attribute" wnsn="1" lexsn="2:31:00::">attributed</wf>
<wf cmd="ignore" pos="TO">to</wf>
<wf cmd="tag" pos="NNP">Samuel_McIntyre</wf>
<wf cmd="ignore" pos="IN">of</wf>
<wf cmd="tag" pos="NNP">Salem</wf>
<punc>,</punc>
<wf cmd="tag" pos="NNP">Mass.</wf>
<punc>,</punc>
<wf cmd="ignore" pos="DT">an</wf>
<wf cmd="tag" pos="NN">architect</wf>
<wf cmd="ignore" pos="CC">and</wf>
<wf cmd="tag" pos="NN">woodcarver</wf>
<wf cmd="ignore" pos="WP">who</wf>
<wf cmd="done" pos="VB" lemma="compete" wnsn="1" lexsn="2:33:00::">competed</wf>
<wf cmd="done" pos="VB" ot="notag">for</wf>
<wf cmd="ignore" pos="DT">the</wf>
<wf cmd="tag" pos="NN">designing</wf>
<wf cmd="ignore" pos="IN">of</wf>
<wf cmd="ignore" pos="DT">the</wf>
<wf cmd="tag" pos="NNP">Capitol</wf>
<wf cmd="tag" pos="RB">here</wf>
<wf cmd="ignore" pos="IN">in</wf>
<wf cmd="tag" pos="CD">1792</wf>
<punc>.</punc>
</s>
</p>
<p pnum="6">
<s snum="11">
<wf cmd="ignore" pos="DT">The</wf>
<wf cmd="tag" pos="NN">mantel</wf>
<wf cmd="done" pos="VB" ot="notag">was</wf>
<wf cmd="done" pos="VB" lemma="find" wnsn="1" lexsn="2:40:02::">found</wf>
<wf cmd="ignore" pos="IN">in</wf>
<wf cmd="ignore" pos="DT">a</wf>
<wf cmd="tag" pos="RB">recently</wf>
<wf cmd="tag" pos="JJ">demolished</wf>
<wf cmd="tag" pos="NNP">Salem</wf>
<wf cmd="tag" pos="NN">house</wf>
<wf cmd="ignore" pos="CC">and</wf>
<wf cmd="done" pos="VBZ" ot="notag">is</wf>
<wf cmd="done" pos="VBG" ot="notag">being</wf>
<wf cmd="done" pos="VB" lemma="fit" wnsn="2" lexsn="2:42:02::">fitted</wf>
<wf cmd="ignore" pos="IN">over</wf>
<wf cmd="ignore" pos="DT">the</wf>
<wf cmd="tag" pos="NN">White_House</wf>
<wf cmd="tag" pos="NN">library</wf>
<wf cmd="tag" pos="NN">fireplace</wf>
<punc>.</punc>
</s>
<s snum="12">
<wf cmd="ignore" pos="PRP">It</wf>
<wf cmd="ignore" pos="MD">will</wf>
<wf cmd="done" pos="VB" ot="notag">be</wf>
<wf cmd="done" pos="VB" lemma="paint" wnsn="2" lexsn="2:35:00::">painted</wf>
<wf cmd="ignore" pos="TO">to</wf>
<wf cmd="done" pos="VB" lemma="match" wnsn="1" lexsn="2:42:00::">match</wf>
<wf cmd="ignore" pos="DT">the</wf>
<wf cmd="tag" pos="NN">paneling</wf>
<wf cmd="ignore" pos="IN">in</wf>
<wf cmd="ignore" pos="DT">the</wf>
<wf cmd="tag" pos="NN">room</wf>
<punc>.</punc>
</s>
</p>
<p pnum="7">
<s snum="13">
<wf cmd="ignore" pos="DT">The</wf>
<wf cmd="tag" pos="NNP">AID</wf>
<wf cmd="tag" pos="NN">committee</wf>
<wf cmd="ignore" pos="POS">'s</wf>
<wf cmd="tag" pos="NN">chairman</wf>
<wf cmd="ignore" pos="IN">in</wf>
<wf cmd="tag" pos="NN">charge</wf>
<wf cmd="ignore" pos="IN">of</wf>
<wf cmd="ignore" pos="DT">the</wf>
<wf cmd="tag" pos="NN">redecoration</wf>
<punc>,</punc>
<wf cmd="tag" pos="NNP">Mrs._Henry_Francis_Lenygon</wf>
<punc>,</punc>
<wf cmd="done" pos="VB" lemma="be" wnsn="3" lexsn="2:42:05::">was</wf>
<wf cmd="ignore" pos="IN">in</wf>
<wf cmd="tag" pos="NN">town</wf>
<wf cmd="tag" pos="NN">yesterday</wf>
<wf cmd="ignore" pos="TO">to</wf>
<wf cmd="done" pos="VB" lemma="consult" wnsn="3" lexsn="2:32:05::">consult</wf>
<wf cmd="ignore" pos="IN">with</wf>
<wf cmd="tag" pos="NN">White_House</wf>
<wf cmd="tag" pos="NN">staff_members</wf>
<wf cmd="ignore" pos="IN">on</wf>
<wf cmd="ignore" pos="DT">the</wf>
<wf cmd="tag" pos="NN">project</wf>
<punc>.</punc>
</s>
<s snum="14">
<wf cmd="tag" pos="NNP">Mrs._Lenygon</wf>
<wf cmd="ignore" pos="POS">'s</wf>
<wf cmd="tag" pos="NN">committee</wf>
<wf cmd="tag" pos="NNS">associates</wf>
<punc>,</punc>
<wf cmd="done" pos="VB" lemma="announce" wnsn="1" lexsn="2:32:00::">announced</wf>
<wf cmd="tag" pos="RB">formally</wf>
<wf cmd="tag" pos="NN">yesterday</wf>
<wf cmd="ignore" pos="IN">by</wf>
<wf cmd="ignore" pos="DT">the</wf>
<wf cmd="tag" pos="NNP">AID</wf>
<wf cmd="ignore" pos="IN">in</wf>
<wf cmd="tag" pos="NN">New_York</wf>
<punc>,</punc>
<wf cmd="done" pos="VB" lemma="include" wnsn="1" lexsn="2:42:00::">include</wf>
<wf cmd="tag" pos="NNP">Mrs._Allen_Lehman_McCluskey</wf>
<wf cmd="ignore" pos="CC">and</wf>
<wf cmd="tag" pos="NNP">Stephen_J._Jussel</wf>
<punc>,</punc>
<wf cmd="ignore" pos="DT">both</wf>
<wf cmd="tag" pos="JJ">wellknown</wf>
<wf cmd="tag" pos="NNP">Manhattan</wf>
<wf cmd="tag" pos="NNS">decorators</wf>
<punc>.</punc>
</s>
<s snum="15">
<wf cmd="tag" pos="NNP">Regional</wf>
<wf cmd="tag" pos="NNS">representatives</wf>
<wf cmd="done" pos="VB" lemma="appoint" wnsn="1" lexsn="2:41:01::">appointed</wf>
<wf cmd="ignore" pos="TO">to</wf>
<wf cmd="done" pos="VB" lemma="serve" wnsn="1" lexsn="2:42:03::">serve</wf>
<wf cmd="ignore" pos="IN">from</wf>
<wf cmd="ignore" pos="DT">each</wf>
<wf cmd="tag" pos="NN">section</wf>
<wf cmd="ignore" pos="IN">of</wf>
<wf cmd="ignore" pos="DT">the</wf>
<wf cmd="tag" pos="NN">country</wf>
<wf cmd="done" pos="VB" lemma="include" wnsn="1" lexsn="2:42:00::">include</wf>
<wf cmd="tag" pos="NNP">Frank_E._Barnes</wf>
<wf cmd="ignore" pos="IN">of</wf>
<wf cmd="tag" pos="NNP">Boston</wf>
<punc>.</punc>
</s>
</p>
<p pnum="8">
<s snum="16">
<wf cmd="tag" pos="NNP">President_Kennedy</wf>
<wf cmd="ignore" pos="MD">could</wf>
<wf cmd="tag" pos="RB">n't</wf>
<wf cmd="done" pos="VB" lemma="stay_away_from" wnsn="0" lexsn="2:42:00::">stay_away_from</wf>
<wf cmd="ignore" pos="PRP$">his</wf>
<wf cmd="tag" pos="NN">desk</wf>
<wf cmd="ignore" pos="IN">for</wf>
<wf cmd="ignore" pos="DT">the</wf>
<wf cmd="tag" pos="CD">75</wf>
<punc>-</punc>
<wf cmd="tag" pos="NN">minute</wf>
<wf cmd="tag" pos="JJ">young</wf>
<wf cmd="tag" pos="NNS">people</wf>
<wf cmd="ignore" pos="POS">'s</wf>
<wf cmd="tag" pos="NN">concert</wf>
<wf cmd="done" pos="VB" lemma="play" wnsn="6" lexsn="2:36:00::">played</wf>
<wf cmd="done" pos="VB" ot="notag">on</wf>
<wf cmd="ignore" pos="DT">the</wf>
<wf cmd="tag" pos="NN">White_House</wf>
<wf cmd="tag" pos="NN">lawn</wf>
<wf cmd="tag" pos="NN">yesterday</wf>
<wf cmd="ignore" pos="IN">by</wf>
<wf cmd="ignore" pos="DT">the</wf>
<wf cmd="tag" pos="CD">85</wf>
<punc>-</punc>
<wf cmd="tag" pos="NN">piece</wf>
<wf cmd="tag" pos="NNP">Transylvania</wf>
<wf cmd="tag" pos="NN">Symphony_Orchestra</wf>
<wf cmd="ignore" pos="IN">from</wf>
<wf cmd="tag" pos="NNP">Brevard</wf>
<punc>,</punc>
<wf cmd="tag" pos="NNP">N._C.</wf>
<punc>.</punc>
</s>
<s snum="17">
<wf cmd="ignore" pos="CC">But</wf>
<wf cmd="ignore" pos="PRP">he</wf>
<wf cmd="done" pos="VB" lemma="leave" wnsn="4" lexsn="2:30:02::">left</wf>
<wf cmd="ignore" pos="DT">the</wf>
<wf cmd="tag" pos="NNS">doors</wf>
<wf cmd="ignore" pos="TO">to</wf>
<wf cmd="ignore" pos="PRP$">his</wf>
<wf cmd="tag" pos="NN">office</wf>
<wf cmd="tag" pos="JJ">open</wf>
<wf cmd="tag" pos="RB">so</wf>
<wf cmd="ignore" pos="PRP">he</wf>
<wf cmd="ignore" pos="MD">could</wf>
<wf cmd="done" pos="VB" lemma="hear" wnsn="1" lexsn="2:39:00::">hear</wf>
<wf cmd="ignore" pos="DT">the</wf>
<wf cmd="tag" pos="NN">music</wf>
<punc>.</punc>
</s>
</p>
<p pnum="9">
<s snum="18">
<wf cmd="ignore" pos="IN">At</wf>
<wf cmd="tag" pos="CD">4</wf>
<wf cmd="tag" pos="NN">p.</wf>
<wf cmd="tag" pos="NNP">m.</wf>
<wf cmd="ignore" pos="DT">the</wf>
<wf cmd="tag" pos="NNP">President</wf>
<wf cmd="done" pos="VB" lemma="leave" wnsn="1" lexsn="2:38:01::">left</wf>
<wf cmd="ignore" pos="DT">the</wf>
<wf cmd="tag" pos="NN">White_House</wf>
<wf cmd="ignore" pos="TO">to</wf>
<wf cmd="done" pos="VB" lemma="welcome" wnsn="2" lexsn="2:32:00::">welcome</wf>
<wf cmd="ignore" pos="DT">the</wf>
<wf cmd="tag" pos="JJ">young</wf>
<wf cmd="tag" pos="NNS">musicians</wf>
<punc>,</punc>
<wf cmd="tag" pos="NNS">students</wf>
<wf cmd="ignore" pos="IN">from</wf>
<wf cmd="ignore" pos="DT">the</wf>
<wf cmd="tag" pos="NNS">ages</wf>
<wf cmd="ignore" pos="IN">of</wf>
<wf cmd="tag" pos="CD">12</wf>
<wf cmd="ignore" pos="TO">to</wf>
<wf cmd="tag" pos="CD">18</wf>
<wf cmd="ignore" pos="WP">who</wf>
<wf cmd="done" pos="VB" lemma="spend" wnsn="1" lexsn="2:42:00::">spend</wf>
<wf cmd="tag" pos="CD">six</wf>
<wf cmd="tag" pos="NNS">weeks</wf>
<wf cmd="ignore" pos="IN">at</wf>
<wf cmd="ignore" pos="DT">the</wf>
<wf cmd="tag" pos="NNP">Brevard_Music_Center</wf>
<wf cmd="tag" pos="NN">summer_camp</wf>
<punc>,</punc>
<wf cmd="ignore" pos="CC">and</wf>
<wf cmd="ignore" pos="TO">to</wf>
<wf cmd="done" pos="VB" lemma="greet" wnsn="2" lexsn="2:32:01::">greet</wf>
<wf cmd="ignore" pos="DT">the</wf>
<wf cmd="tag" pos="CD">325</wf>
<wf cmd="tag" pos="JJ">crippled</wf>
<punc>,</punc>
<wf cmd="tag" pos="JJ">cardiac</wf>
<wf cmd="ignore" pos="CC">and</wf>
<wf cmd="tag" pos="JJ">blind</wf>
<wf cmd="tag" pos="NNS">children</wf>
<wf cmd="ignore" pos="IN">from</wf>
<wf cmd="ignore" pos="DT">the</wf>
<wf cmd="tag" pos="NNP">District</wf>
<wf cmd="tag" pos="NN">area</wf>
<wf cmd="ignore" pos="WP">who</wf>
<wf cmd="done" pos="VB" lemma="be" wnsn="1" lexsn="2:42:03::">were</wf>
<wf cmd="tag" pos="JJ">special</wf>
<wf cmd="tag" pos="NNS">guests</wf>
<wf cmd="ignore" pos="IN">at</wf>
<wf cmd="ignore" pos="DT">the</wf>
<wf cmd="tag" pos="NN">concert</wf>
<punc>.</punc>
</s>
</p>
<p pnum="10">
<s snum="19">
<wf cmd="ignore" pos="PRP">It</wf>
<wf cmd="done" pos="VB" lemma="be" wnsn="1" lexsn="2:42:03::">was</wf>
<wf cmd="done" pos="VB" ot="notag">the</wf>
<wf cmd="tag" pos="NN">first</wf>
<wf cmd="ignore" pos="IN">in</wf>
<wf cmd="ignore" pos="DT">the</wf>
<wf cmd="tag" pos="NN">series</wf>
<wf cmd="ignore" pos="IN">of</wf>
<punc>``</punc>
<wf cmd="tag" pos="NNPS">Concerts</wf>
<wf cmd="ignore" pos="IN">for</wf>
<wf cmd="tag" pos="NNP">Young</wf>
<wf cmd="tag" pos="NNS">People</wf>
<wf cmd="ignore" pos="IN">by</wf>
<wf cmd="tag" pos="NNP">Young</wf>
<wf cmd="tag" pos="NNS">People</wf>
<punc>''</punc>
<wf cmd="ignore" pos="TO">to</wf>
<wf cmd="done" pos="VB" ot="notag">be</wf>
<wf cmd="done" pos="VB" lemma="sponsor" wnsn="2" lexsn="2:40:01::">sponsored</wf>
<wf cmd="ignore" pos="IN">by</wf>
<wf cmd="tag" pos="NN">First_Lady</wf>
<wf cmd="tag" pos="NNP">Jacqueline_Kennedy</wf>
<wf cmd="ignore" pos="IN">at</wf>
<wf cmd="ignore" pos="DT">the</wf>
<wf cmd="tag" pos="NN">White_House</wf>
<punc>.</punc>
</s>
<s snum="20">
<wf cmd="ignore" pos="PRP">She</wf>
<wf cmd="done" pos="VBD" ot="notag">was</wf>
<wf cmd="tag" pos="RB">not</wf>
<wf cmd="tag" pos="JJ">present</wf>
<wf cmd="tag" pos="NN">yesterday</wf>
<punc>,</punc>
<wf cmd="tag" pos="RB">however</wf>
<punc>,</punc>
<wf cmd="ignore" pos="TO">to</wf>
<wf cmd="done" pos="VB" lemma="enjoy" wnsn="1" lexsn="2:37:00::">enjoy</wf>
<wf cmd="ignore" pos="DT">the</wf>
<wf cmd="tag" pos="NN">music</wf>
<wf cmd="ignore" pos="CC">or</wf>
<wf cmd="done" pos="VB" lemma="watch" wnsn="3" lexsn="2:39:05::">watch</wf>
<wf cmd="ignore" pos="DT">the</wf>
<wf cmd="tag" pos="NN">faces</wf>
<wf cmd="ignore" pos="IN">of</wf>
<wf cmd="ignore" pos="DT">the</wf>
<wf cmd="tag" pos="JJ">delighted</wf>
<wf cmd="tag" pos="NN">audience</wf>
<punc>.</punc>
</s>
</p>
<p pnum="11">
<s snum="21">
<wf cmd="ignore" pos="PRP">She</wf>
<wf cmd="done" pos="VBZ" ot="notag">is</wf>
<wf cmd="done" pos="VB" lemma="vacation" wnsn="1" lexsn="2:42:00::">vacationing</wf>
<wf cmd="ignore" pos="IN">at</wf>
<wf cmd="ignore" pos="DT">the</wf>
<wf cmd="tag" pos="NNP">Kennedy</wf>
<wf cmd="tag" pos="NN">summer</wf>
<wf cmd="tag" pos="NN">home</wf>
<wf cmd="ignore" pos="IN">in</wf>
<wf cmd="tag" pos="NNP">Hyannis_Port</wf>
<punc>,</punc>
<wf cmd="tag" pos="NNP">Mass.</wf>
<punc>,</punc>
<wf cmd="ignore" pos="CC">and</wf>
<wf cmd="ignore" pos="IN">in</wf>
<wf cmd="ignore" pos="PRP$">his</wf>
<wf cmd="tag" pos="JJ">welcoming</wf>
<wf cmd="tag" pos="NNS">remarks</wf>
<punc>,</punc>
<wf cmd="ignore" pos="DT">the</wf>
<wf cmd="tag" pos="NNP">President</wf>
<wf cmd="done" pos="VB" lemma="say" wnsn="1" lexsn="2:32:00::">said</wf>
<wf cmd="ignore" pos="PRP">he</wf>
<wf cmd="done" pos="VBD" ot="notag">was</wf>
<wf cmd="done" pos="VB" lemma="represent" wnsn="4" lexsn="2:41:00::">representing</wf>
<wf cmd="ignore" pos="PRP$">her</wf>
<punc>.</punc>
</s>
</p>
<p pnum="12">
<s snum="22">
<wf cmd="ignore" pos="IN">As</wf>
<wf cmd="ignore" pos="PRP">he</wf>
<wf cmd="done" pos="VB" lemma="approach" wnsn="1" lexsn="2:38:00::">approached</wf>
<wf cmd="ignore" pos="DT">the</wf>
<wf cmd="tag" pos="JJ">open</wf>
<wf cmd="tag" pos="NN">bandstand</wf>
<punc>,</punc>
<wf cmd="done" pos="VB" lemma="erect" wnsn="1" lexsn="2:36:00::">erected</wf>
<wf cmd="done" pos="VB" lemma="face" wnsn="0" lexsn="2:42:01::">facing</wf>
<wf cmd="ignore" pos="DT">the</wf>
<wf cmd="tag" pos="NNP">South</wf>
<wf cmd="tag" pos="NN">entrance</wf>
<wf cmd="ignore" pos="TO">to</wf>
<wf cmd="ignore" pos="DT">the</wf>
<wf cmd="tag" pos="NNP">Executive_Mansion</wf>
<punc>,</punc>
<wf cmd="ignore" pos="DT">the</wf>
<wf cmd="tag" pos="NN">band</wf>
<wf cmd="done" pos="VB" lemma="strike_up" wnsn="1" lexsn="2:36:01::">struck_up</wf>
<wf cmd="ignore" pos="DT">the</wf>
<punc>``</punc>
<wf cmd="tag" pos="NNP">Star_Spangled_Banner</wf>
<punc>''</punc>
<wf cmd="ignore" pos="CC">and</wf>
<wf cmd="done" pos="VB" lemma="follow" wnsn="1" lexsn="2:38:00::">followed</wf>
<wf cmd="ignore" pos="PRP">it</wf>
<wf cmd="ignore" pos="IN">with</wf>
<punc>``</punc>
<wf cmd="tag" pos="NNP">Hail</wf>
<wf cmd="ignore" pos="TO">to</wf>
<wf cmd="ignore" pos="DT">the</wf>
<wf cmd="tag" pos="NN">Chief</wf>
<punc>''</punc>
<punc>.</punc>
</s>
</p>
<p pnum="13">
<s snum="23">
<punc>``</punc>
<wf cmd="ignore" pos="PRP">I</wf>
<wf cmd="done" pos="VB" lemma="think" wnsn="1" lexsn="2:31:01::">think</wf>
<wf cmd="ignore" pos="PRP">they</wf>
<wf cmd="done" pos="VB" lemma="play" wnsn="6" lexsn="2:36:00::">played</wf>
<wf cmd="tag" pos="NNP">Hail</wf>
<wf cmd="ignore" pos="TO">to</wf>
<wf cmd="ignore" pos="DT">the</wf>
<wf cmd="tag" pos="NNP">Chief</wf>
<wf cmd="tag" pos="JJR">better</wf>
<wf cmd="ignore" pos="IN">than</wf>
<wf cmd="ignore" pos="DT">the</wf>
<wf cmd="tag" pos="NN">Marine_Corps</wf>
<wf cmd="tag" pos="NNP">Band</wf>
<punc>,</punc>
<wf cmd="ignore" pos="CC">and</wf>
<wf cmd="ignore" pos="PRP">we</wf>
<wf cmd="done" pos="VB" lemma="be" wnsn="1" lexsn="2:42:03::">are</wf>
<wf cmd="tag" pos="JJ">grateful</wf>
<wf cmd="ignore" pos="TO">to</wf>
<wf cmd="ignore" pos="PRP">them</wf>
<punc>''</punc>
<punc>,</punc>
<wf cmd="tag" pos="NNP">President_Kennedy</wf>
<wf cmd="done" pos="VB" lemma="remark" wnsn="1" lexsn="2:32:00::">remarked</wf>
<wf cmd="ignore" pos="IN">after</wf>
<wf cmd="done" pos="VB" lemma="mount" wnsn="6" lexsn="2:38:00::">mounting</wf>
<wf cmd="ignore" pos="DT">the</wf>
<wf cmd="tag" pos="NN">bandstand</wf>
<wf cmd="ignore" pos="CC">and</wf>
<wf cmd="done" pos="VB" lemma="shake_hands" wnsn="1" lexsn="2:32:00::">shaking_hands</wf>
<wf cmd="ignore" pos="IN">with</wf>
<wf cmd="tag" pos="NN">conductor</wf>
<wf cmd="tag" pos="NNP">James_Christian_Pfohl</wf>
<punc>.</punc>
</s>
</p>
<p pnum="14">
<s snum="24">
<wf cmd="ignore" pos="IN">After</wf>
<wf cmd="done" pos="VB" lemma="pay" wnsn="2" lexsn="2:32:00::">paying</wf>
<wf cmd="tag" pos="NN">tribute</wf>
<wf cmd="ignore" pos="TO">to</wf>
<wf cmd="ignore" pos="DT">the</wf>
<wf cmd="tag" pos="NN">conductor</wf>
<wf cmd="ignore" pos="CC">and</wf>
<wf cmd="ignore" pos="PRP$">his</wf>
<wf cmd="tag" pos="JJ">white-clad</wf>
<wf cmd="tag" pos="JJ">youthful</wf>
<wf cmd="tag" pos="NNS">students</wf>
<punc>,</punc>
<wf cmd="tag" pos="NNP">President_Kennedy</wf>
<wf cmd="done" pos="VB" lemma="say" wnsn="1" lexsn="2:32:00::">said</wf>
<punc>,</punc>
<punc>``</punc>
<wf cmd="ignore" pos="IN">As</wf>
<wf cmd="ignore" pos="DT">an</wf>
<wf cmd="tag" pos="NNP">American</wf>
<wf cmd="ignore" pos="PRP">I</wf>
<wf cmd="done" pos="VB" lemma="have" wnsn="4" lexsn="2:40:04::">have</wf>
<wf cmd="ignore" pos="DT">the</wf>
<wf cmd="tag" pos="JJS">greatest</wf>
<wf cmd="tag" pos="JJ">possible</wf>
<wf cmd="tag" pos="NN">pride</wf>
<wf cmd="ignore" pos="IN">in</wf>
<wf cmd="ignore" pos="DT">the</wf>
<wf cmd="tag" pos="NN">work</wf>
<wf cmd="tag" pos="RB">that_is</wf>
<wf cmd="done" pos="VBG" ot="notag">being</wf>
<wf cmd="done" pos="VB" lemma="do" wnsn="2" lexsn="2:36:01::">done</wf>
<wf cmd="done" pos="VB" ot="notag">in</wf>
<wf cmd="tag" pos="NNS">dozens</wf>
<wf cmd="ignore" pos="IN">of</wf>
<wf cmd="tag" pos="NNS">schools</wf>
<wf cmd="done" pos="VB" lemma="stretch" wnsn="1" lexsn="2:42:00::">stretching</wf>
<wf cmd="tag" pos="RB">across</wf>
<wf cmd="ignore" pos="DT">the</wf>
<wf cmd="tag" pos="NN">United_States</wf>
<punc>-</punc>
<wf cmd="tag" pos="NNS">schools</wf>
<wf cmd="ignore" pos="WRB">where</wf>
<wf cmd="tag" pos="JJ">devoted</wf>
<wf cmd="tag" pos="NNS">teachers</wf>
<wf cmd="done" pos="VBP" ot="notag">are</wf>
<wf cmd="done" pos="VB" lemma="study" wnsn="5" lexsn="2:31:01::">studying</wf>
<wf cmd="ignore" pos="IN">with</wf>
<wf cmd="tag" pos="JJ">interested</wf>
<wf cmd="tag" pos="NN">young_men</wf>
<wf cmd="ignore" pos="CC">and</wf>
<wf cmd="tag" pos="NNS">women</wf>
<wf cmd="ignore" pos="CC">and</wf>
<wf cmd="done" pos="VB" lemma="open_up" wnsn="4" lexsn="2:36:00::">opening_up</wf>
<wf cmd="ignore" pos="DT">the</wf>
<wf cmd="tag" pos="JJ">whole</wf>
<wf cmd="tag" pos="JJ">wide</wf>
<wf cmd="tag" pos="NN">horizon</wf>
<wf cmd="ignore" pos="IN">of</wf>
<wf cmd="tag" pos="NN">serious_music</wf>
<punc>''</punc>
<punc>.</punc>
</s>
</p>
<p pnum="15">
<s snum="25">
<wf cmd="ignore" pos="PRP">He</wf>
<wf cmd="done" pos="VB" lemma="add" wnsn="2" lexsn="2:32:01::">added</wf>
<punc>``</punc>
<wf cmd="ignore" pos="PRP">I</wf>
<wf cmd="done" pos="VB" lemma="think" wnsn="1" lexsn="2:31:01::">think</wf>
<wf cmd="ignore" pos="IN">that</wf>
<wf cmd="tag" pos="RB">sometimes</wf>
<wf cmd="tag" pos="RB">in_this</wf>
<wf cmd="tag" pos="NN">country</wf>
<wf cmd="ignore" pos="PRP">we</wf>
<wf cmd="done" pos="VB" lemma="be" wnsn="1" lexsn="2:42:03::">are</wf>
<wf cmd="tag" pos="RB">not</wf>
<wf cmd="tag" pos="JJ">aware</wf>
<wf cmd="ignore" pos="IN">as</wf>
<wf cmd="ignore" pos="PRP">we</wf>
<wf cmd="ignore" pos="MD">should</wf>
<wf cmd="done" pos="VB" lemma="be" wnsn="1" lexsn="2:42:03::">be</wf>
<wf cmd="ignore" pos="IN">of</wf>
<wf cmd="ignore" pos="DT">the</wf>
<wf cmd="tag" pos="JJ">extraordinary</wf>
<wf cmd="tag" pos="NN">work</wf>
<wf cmd="tag" pos="RB">that_is</wf>
<wf cmd="done" pos="VBG" ot="notag">being</wf>
<wf cmd="done" pos="VB" lemma="do" wnsn="1" lexsn="2:41:01::">done</wf>
<wf cmd="done" pos="VB" ot="notag">in</wf>
<wf cmd="ignore" pos="DT">this</wf>
<wf cmd="tag" pos="NN">field</wf>
<punc>''</punc>
<punc>.</punc>
</s>
</p>
<p pnum="16">
<s snum="26">
<wf cmd="done" pos="VB" lemma="display" wnsn="1" lexsn="2:39:00::">Displaying</wf>
<wf cmd="ignore" pos="PRP$">his</wf>
<wf cmd="tag" pos="NN">knowledge</wf>
<wf cmd="ignore" pos="IN">of</wf>
<wf cmd="tag" pos="NN">music</wf>
<punc>,</punc>
<wf cmd="ignore" pos="DT">the</wf>
<wf cmd="tag" pos="NNP">New</wf>
<wf cmd="tag" pos="NNP|VBN">England-born</wf>
<wf cmd="tag" pos="NNP">President</wf>
<wf cmd="done" pos="VB" lemma="remark" wnsn="1" lexsn="2:32:00::">remarked</wf>
<wf cmd="ignore" pos="IN">that</wf>
<punc>``</punc>
<wf cmd="tag" pos="RB">probably</wf>
<wf cmd="ignore" pos="DT">the</wf>
<wf cmd="tag" pos="JJS">best</wf>
<wf cmd="tag" pos="NN">chamber_music</wf>
<wf cmd="ignore" pos="IN">in</wf>
<wf cmd="ignore" pos="DT">the</wf>
<wf cmd="tag" pos="NN">world</wf>
<wf cmd="done" pos="VBZ" ot="notag">is</wf>
<wf cmd="done" pos="VB" lemma="play" wnsn="3" lexsn="2:36:12::">played</wf>
<wf cmd="ignore" pos="IN">in</wf>
<wf cmd="tag" pos="NNP">Vermont</wf>
<punc>,</punc>
<wf cmd="ignore" pos="IN">by</wf>
<wf cmd="tag" pos="JJ">young</wf>
<wf cmd="tag" pos="NNPS">Americans</wf>
<punc>-</punc>
<wf cmd="ignore" pos="CC">and</wf>
<wf cmd="tag" pos="RB">here</wf>
<wf cmd="tag" pos="RB">in_this</wf>
<wf cmd="tag" pos="NN">school</wf>
<wf cmd="ignore" pos="WRB">where</wf>
<wf cmd="ignore" pos="PRP">they</wf>
<wf cmd="done" pos="VBP" ot="notag">have</wf>
<wf cmd="done" pos="VB" lemma="produce" wnsn="1" lexsn="2:36:02::">produced</wf>
<wf cmd="tag" pos="JJ">extraordinary</wf>
<wf cmd="tag" pos="NNS">musicians</wf>
<wf cmd="ignore" pos="CC">and</wf>
<wf cmd="tag" pos="NNS">teachers</wf>
<punc>,</punc>
<wf cmd="ignore" pos="CC">and</wf>
<wf cmd="ignore" pos="PRP$">their</wf>
<wf cmd="tag" pos="NN">work</wf>
<wf cmd="done" pos="VBZ" ot="notag">is</wf>
<wf cmd="done" pos="VBG" ot="notag">being</wf>
<wf cmd="done" pos="VB" lemma="duplicate" wnsn="1" lexsn="2:36:00::">duplicated</wf>
<wf cmd="ignore" pos="DT">all</wf>
<wf cmd="ignore" pos="IN">across</wf>
<wf cmd="ignore" pos="DT">the</wf>
<wf cmd="tag" pos="NN">United_States</wf>
<punc>.</punc>
</s>
</p>
<p pnum="17">
<s snum="27">
<punc>``</punc>
<wf cmd="ignore" pos="DT">This</wf>
<wf cmd="done" pos="VB" lemma="be" wnsn="1" lexsn="2:42:03::">is</wf>
<wf cmd="ignore" pos="DT">a</wf>
<wf cmd="tag" pos="JJ">great</wf>
<wf cmd="tag" pos="JJ">national</wf>
<wf cmd="tag" pos="JJ">cultural</wf>
<wf cmd="tag" pos="NN">asset</wf>
<punc>,</punc>
<wf cmd="ignore" pos="CC">and</wf>
<wf cmd="tag" pos="RB">therefore</wf>
<wf cmd="ignore" pos="PRP">it</wf>
<wf cmd="done" pos="VB" lemma="be" wnsn="1" lexsn="2:42:03::">is</wf>
<wf cmd="ignore" pos="DT">a</wf>
<wf cmd="tag" pos="JJ">great</wf>
<wf cmd="tag" pos="NN">source</wf>
<wf cmd="ignore" pos="IN">of</wf>
<wf cmd="tag" pos="NN">satisfaction</wf>
<wf cmd="ignore" pos="TO">to</wf>
<wf cmd="ignore" pos="PRP">me</wf>
<punc>,</punc>
<wf cmd="done" pos="VB" lemma="represent" wnsn="4" lexsn="2:41:00::">representing</wf>
<wf cmd="ignore" pos="IN">as</wf>
<wf cmd="ignore" pos="PRP">I</wf>
<wf cmd="done" pos="VB" lemma="do" wnsn="4" lexsn="2:42:00::">do</wf>
<wf cmd="tag" pos="NN">today</wf>
<wf cmd="ignore" pos="PRP$">my</wf>
<wf cmd="tag" pos="NN">wife</wf>
<punc>,</punc>
<wf cmd="ignore" pos="TO">to</wf>
<wf cmd="done" pos="VB" lemma="welcome" wnsn="2" lexsn="2:32:00::">welcome</wf>
<wf cmd="tag" pos="JJ">all_of</wf>
<wf cmd="ignore" pos="PRP">you</wf>
<wf cmd="tag" pos="RB">here</wf>
<wf cmd="tag" pos="NN">today</wf>
<wf cmd="ignore" pos="IN">at</wf>
<wf cmd="ignore" pos="DT">the</wf>
<wf cmd="tag" pos="NN">White_House</wf>
<punc>''</punc>
<punc>.</punc>
</s>
</p>
<p pnum="18">
<s snum="28">
<wf cmd="ignore" pos="IN">As</wf>
<wf cmd="ignore" pos="PRP">he</wf>
<wf cmd="done" pos="VB" lemma="leave" wnsn="1" lexsn="2:38:01::">left</wf>
<wf cmd="ignore" pos="DT">the</wf>
<wf cmd="tag" pos="NN">bandstand</wf>
<wf cmd="ignore" pos="TO">to</wf>
<wf cmd="done" pos="VB" lemma="return" wnsn="1" lexsn="2:38:00::">return</wf>
<wf cmd="done" pos="VB" ot="notag">to</wf>
<wf cmd="ignore" pos="PRP$">his</wf>
<wf cmd="tag" pos="NN">office</wf>
<punc>,</punc>
<wf cmd="ignore" pos="DT">the</wf>
<wf cmd="tag" pos="JJ">slender</wf>
<punc>,</punc>
<wf cmd="tag" pos="JJ">sun-tanned</wf>
<wf cmd="tag" pos="NN">Chief_Executive</wf>
<wf cmd="done" pos="VB" lemma="pause" wnsn="1" lexsn="2:42:00::">paused</wf>
<wf cmd="ignore" pos="IN">along</wf>
<wf cmd="ignore" pos="DT">the</wf>
<wf cmd="tag" pos="NN">way</wf>
<wf cmd="ignore" pos="TO">to</wf>
<wf cmd="done" pos="VB" lemma="shake_hands" wnsn="1" lexsn="2:32:00::">shake_hands</wf>
<wf cmd="ignore" pos="IN">with</wf>
<wf cmd="ignore" pos="DT">the</wf>
<wf cmd="tag" pos="NNS">members</wf>
<wf cmd="ignore" pos="IN">of</wf>
<wf cmd="ignore" pos="DT">the</wf>
<wf cmd="tag" pos="NN">audience</wf>
<wf cmd="ignore" pos="IN">in</wf>
<wf cmd="tag" pos="NN">wheel</wf>
<wf cmd="tag" pos="NNS">chairs</wf>
<wf cmd="done" pos="VB" lemma="form" wnsn="2" lexsn="2:42:00::">forming</wf>
<wf cmd="ignore" pos="DT">the</wf>
<wf cmd="tag" pos="JJ">first</wf>
<wf cmd="tag" pos="NN">row</wf>
<wf cmd="ignore" pos="IN">under</wf>
<wf cmd="ignore" pos="DT">the</wf>
<wf cmd="tag" pos="NN">field_tent</wf>
<wf cmd="done" pos="VB" lemma="set_up" wnsn="3" lexsn="2:36:01::">set_up</wf>
<wf cmd="ignore" pos="IN">for</wf>
<wf cmd="ignore" pos="DT">the</wf>
<wf cmd="tag" pos="NNS">guests</wf>
<punc>.</punc>
</s>
</p>
<p pnum="19">
<s snum="29">
<wf cmd="ignore" pos="PRP">He</wf>
<wf cmd="done" pos="VB" lemma="express" wnsn="1" lexsn="2:32:01::">expressed</wf>
<wf cmd="tag" pos="NN">surprise</wf>
<wf cmd="ignore" pos="TO">to</wf>
<wf cmd="done" pos="VB" lemma="learn" wnsn="5" lexsn="2:32:00::">learn</wf>
<wf cmd="ignore" pos="IN">that</wf>
<wf cmd="tag" pos="RB">pretty</wf>
<punc>,</punc>
<wf cmd="tag" pos="JJ">blonde</wf>
<wf cmd="tag" pos="NNP">Patricia_Holbrook</wf>
<punc>,</punc>
<wf cmd="tag" pos="CD">16</wf>
<punc>,</punc>
<wf cmd="ignore" pos="IN">of</wf>
<wf cmd="tag" pos="NNP">Mount_Rainier</wf>
<punc>,</punc>
<wf cmd="done" pos="VBD" ot="notag">had</wf>
<wf cmd="done" pos="VB" lemma="attend" wnsn="1" lexsn="2:42:00::">attended</wf>
<wf cmd="ignore" pos="DT">the</wf>
<wf cmd="tag" pos="NNP">Joseph_P._Kennedy_School</wf>
<wf cmd="ignore" pos="IN">for</wf>
<wf cmd="ignore" pos="DT">the</wf>
<wf cmd="tag" pos="NNP">Handicapped</wf>
<wf cmd="ignore" pos="IN">in</wf>
<wf cmd="tag" pos="NNP">Boston</wf>
<punc>.</punc>
</s>
<s snum="30">
<punc>``</punc>
<wf cmd="ignore" pos="DT">The</wf>
<wf cmd="tag" pos="NNS">nuns</wf>
<wf cmd="ignore" pos="EX">there</wf>
<wf cmd="done" rdf="do_work" pos="VB" lemma="do_work" wnsn="1" lexsn="2:41:00::">do</wf>
<wf cmd="ignore" pos="DT">a</wf>
<wf cmd="tag" pos="JJ">wonderful</wf>
<wf cmd="tag" pos="NN">work</wf>
<punc>''</punc>
<punc>,</punc>
<wf cmd="ignore" pos="DT">the</wf>
<wf cmd="tag" pos="NNP">President</wf>
<wf cmd="done" pos="VB" lemma="comment" wnsn="1" lexsn="2:32:00::">commented</wf>
<punc>.</punc>
</s>
<s snum="31">
<wf cmd="tag" pos="NNP">Patricia</wf>
<wf cmd="tag" pos="RB">now</wf>
<wf cmd="done" pos="VB" lemma="attend" wnsn="1" lexsn="2:42:00::">attends</wf>
<wf cmd="ignore" pos="DT">the</wf>
<wf cmd="tag" pos="NNP">C._Melvin_Sharpe_Health_School</wf>
<wf cmd="ignore" pos="IN">in</wf>
<wf cmd="ignore" pos="DT">the</wf>
<wf cmd="tag" pos="NNP">District</wf>
<punc>.</punc>
</s>
</p>
<p pnum="20">
<s snum="32">
<wf cmd="ignore" pos="DT">Each</wf>
<wf cmd="ignore" pos="IN">of</wf>
<wf cmd="ignore" pos="DT">the</wf>
<wf cmd="tag" pos="NNS">children</wf>
<wf cmd="done" pos="VB" lemma="invite" wnsn="5" lexsn="2:41:01::">invited</wf>
<wf cmd="ignore" pos="TO">to</wf>
<wf cmd="ignore" pos="DT">the</wf>
<wf cmd="tag" pos="NN">concert</wf>
<wf cmd="done" pos="VB" lemma="wear" wnsn="1" lexsn="2:29:00::">wore</wf>
<wf cmd="ignore" pos="DT">a</wf>
<wf cmd="tag" pos="NN">name_tag</wf>
<wf cmd="tag" pos="JJ">marked</wf>
<wf cmd="ignore" pos="IN">with</wf>
<wf cmd="ignore" pos="DT">a</wf>
<wf cmd="tag" pos="JJ">red</wf>
<punc>,</punc>
<wf cmd="tag" pos="JJ">white</wf>
<wf cmd="ignore" pos="CC">and</wf>
<wf cmd="tag" pos="JJ">blue_ribbon</wf>
<punc>.</punc>
</s>
<s snum="33">
<wf cmd="ignore" pos="PRP">They</wf>
<wf cmd="done" pos="VB" lemma="enjoy" wnsn="3" lexsn="2:37:01::">enjoyed</wf>
<wf cmd="tag" pos="NN">lemonade</wf>
<wf cmd="ignore" pos="CC">and</wf>
<wf cmd="tag" pos="NNS">cookies</wf>
<wf cmd="done" pos="VB" lemma="serve" wnsn="6" lexsn="2:34:00::">served</wf>
<wf cmd="tag" pos="RB">before</wf>
<wf cmd="ignore" pos="CC">and</wf>
<wf cmd="ignore" pos="IN">during</wf>
<wf cmd="ignore" pos="DT">the</wf>
<wf cmd="tag" pos="NN">concert</wf>
<wf cmd="ignore" pos="IN">by</wf>
<wf cmd="tag" pos="JJ">teenage</wf>
<wf cmd="tag" pos="NNS">sons</wf>
<wf cmd="ignore" pos="CC">and</wf>
<wf cmd="tag" pos="NNS">daughters</wf>
<wf cmd="ignore" pos="IN">of</wf>
<wf cmd="tag" pos="NNS">members</wf>
<wf cmd="ignore" pos="IN">of</wf>
<wf cmd="ignore" pos="DT">the</wf>
<wf cmd="tag" pos="NN">White_House</wf>
<wf cmd="tag" pos="NN">staff</wf>
<punc>.</punc>
</s>
</p>
<p pnum="21">
<s snum="34">
<wf cmd="tag" pos="JJ">Many_of</wf>
<wf cmd="ignore" pos="DT">the</wf>
<wf cmd="tag" pos="JJ">music-loving</wf>
<wf cmd="tag" pos="NNS">members</wf>
<wf cmd="ignore" pos="IN">of</wf>
<wf cmd="ignore" pos="DT">the</wf>
<wf cmd="tag" pos="NNP">President</wf>
<wf cmd="ignore" pos="POS">'s</wf>
<wf cmd="tag" pos="NN">staff</wf>
<wf cmd="done" pos="VB" lemma="gather" wnsn="2" lexsn="2:41:00::">gathered</wf>
<wf cmd="ignore" pos="IN">around</wf>
<wf cmd="ignore" pos="DT">the</wf>
<wf cmd="tag" pos="NN">tent</wf>
<wf cmd="done" pos="VB" lemma="listen" wnsn="2" lexsn="2:39:01::">listening</wf>
<wf cmd="ignore" pos="CC">and</wf>
<wf cmd="done" pos="VB" lemma="watch" wnsn="3" lexsn="2:39:05::">watching</wf>
<wf cmd="ignore" pos="DT">the</wf>
<wf cmd="tag" pos="JJ">rapt</wf>
<wf cmd="tag" pos="NN">attention</wf>
<wf cmd="done" pos="VB" lemma="give" wnsn="1" lexsn="2:40:03::">given</wf>
<wf cmd="ignore" pos="IN">by</wf>
<wf cmd="ignore" pos="DT">the</wf>
<wf cmd="tag" pos="JJ">young</wf>
<wf cmd="tag" pos="JJ">seated</wf>
<wf cmd="tag" pos="NN">audience</wf>
<punc>.</punc>
</s>
<s snum="35">
<wf cmd="ignore" pos="CC">And</wf>
<wf cmd="ignore" pos="PRP">it</wf>
<wf cmd="done" pos="VB" lemma="turn_out" wnsn="1" lexsn="2:42:00::">turned_out</wf>
<wf cmd="ignore" pos="TO">to</wf>
<wf cmd="done" pos="VB" lemma="be" wnsn="1" lexsn="2:42:03::">be</wf>
<wf cmd="tag" pos="JJR">more</wf>
<wf cmd="ignore" pos="IN">of</wf>
<wf cmd="ignore" pos="DT">a</wf>
<wf cmd="tag" pos="NN">family</wf>
<wf cmd="tag" pos="NN">affair</wf>
<wf cmd="ignore" pos="IN">than</wf>
<wf cmd="done" pos="VB" lemma="expect" wnsn="3" lexsn="2:31:01::">expected</wf>
<punc>.</punc>
</s>
<s snum="36">
<wf cmd="tag" pos="NNP">Henry_Hall_Wilson</wf>
<punc>,</punc>
<wf cmd="ignore" pos="DT">a</wf>
<wf cmd="tag" pos="NN">student</wf>
<wf cmd="ignore" pos="IN">at</wf>
<wf cmd="ignore" pos="DT">the</wf>
<wf cmd="tag" pos="NN">music</wf>
<wf cmd="tag" pos="NN">camp</wf>
<wf cmd="tag" pos="CD">25</wf>
<wf cmd="tag" pos="NNS">years</wf>
<wf cmd="tag" pos="RB">ago</wf>
<wf cmd="ignore" pos="CC">and</wf>
<wf cmd="tag" pos="RB">now</wf>
<wf cmd="ignore" pos="IN">on</wf>
<wf cmd="ignore" pos="DT">the</wf>
<wf cmd="tag" pos="NNP">President</wf>
<wf cmd="ignore" pos="POS">'s</wf>
<wf cmd="tag" pos="NN">staff</wf>
<wf cmd="ignore" pos="IN">as</wf>
<wf cmd="tag" pos="NN">liaison</wf>
<wf cmd="tag" pos="NN">representative</wf>
<wf cmd="ignore" pos="IN">with</wf>
<wf cmd="ignore" pos="DT">the</wf>
<wf cmd="tag" pos="NN">House_of_Representatives</wf>
<punc>,</punc>
<wf cmd="done" pos="VB" lemma="turn" wnsn="3" lexsn="2:42:00::">turned</wf>
<wf cmd="tag" pos="NN">guest</wf>
<wf cmd="tag" pos="NN">conductor</wf>
<wf cmd="ignore" pos="IN">for</wf>
<wf cmd="ignore" pos="DT">a</wf>
<wf cmd="tag" pos="NNP">Sousa</wf>
<wf cmd="tag" pos="NN">march</wf>
<punc>,</punc>
<wf cmd="ignore" pos="DT">the</wf>
<punc>``</punc>
<wf cmd="tag" pos="NN">Stars_and_Stripes</wf>
<wf cmd="tag" pos="NNP">Forever</wf>
<punc>''</punc>
<punc>.</punc>
</s>
</p>
<p pnum="22">
<s snum="37">
<wf cmd="tag" pos="NNP">Transylvania_Symphony</wf>
<wf cmd="tag" pos="NN">Conductor</wf>
<wf cmd="tag" pos="NNP">Pfohl</wf>
<wf cmd="done" pos="VB" lemma="say" wnsn="1" lexsn="2:32:00::">said</wf>
<wf cmd="tag" pos="NN">yesterday</wf>
<wf cmd="ignore" pos="IN">that</wf>
<wf cmd="tag" pos="NNP">Mrs._Kennedy</wf>
<wf cmd="ignore" pos="POS">'s</wf>
<wf cmd="tag" pos="NN">Social_Secretary</wf>
<punc>,</punc>
<wf cmd="tag" pos="NNP">Letitia_Baldrige</wf>
<punc>,</punc>
<wf cmd="done" pos="VB" lemma="tell" wnsn="1" lexsn="2:32:04::">told</wf>
<wf cmd="ignore" pos="IN">about</wf>
<wf cmd="tag" pos="NNS">plans</wf>
<wf cmd="ignore" pos="IN">for</wf>
<wf cmd="tag" pos="NN">White_House</wf>
<wf cmd="tag" pos="NN">youth</wf>
<wf cmd="tag" pos="NNS">concerts</wf>
<wf cmd="ignore" pos="IN">before</wf>
<wf cmd="ignore" pos="DT">the</wf>
<wf cmd="tag" pos="NNP">National</wf>
<wf cmd="tag" pos="NN">Symphony_Orchestra</wf>
<wf cmd="tag" pos="NNP">League</wf>
<wf cmd="ignore" pos="IN">in</wf>
<wf cmd="tag" pos="NNP">Philadelphia</wf>
<wf cmd="tag" pos="JJ">last</wf>
<wf cmd="tag" pos="NN">spring</wf>
<punc>.</punc>
</s>
</p>
<p pnum="23">
<s snum="38">
<wf cmd="ignore" pos="PRP">He</wf>
<wf cmd="done" pos="VB" lemma="say" wnsn="1" lexsn="2:32:00::">said</wf>
<wf cmd="ignore" pos="PRP">he</wf>
<wf cmd="done" pos="VB" lemma="contact" wnsn="1" lexsn="2:32:00::">contacted</wf>
<wf cmd="ignore" pos="DT">a</wf>
<wf cmd="tag" pos="NN">friend</wf>
<punc>,</punc>
<wf cmd="tag" pos="NNP">Henry_Hall_Wilson</wf>
<punc>,</punc>
<wf cmd="ignore" pos="IN">on</wf>
<wf cmd="ignore" pos="DT">the</wf>
<wf cmd="tag" pos="NNP">President</wf>
<wf cmd="ignore" pos="POS">'s</wf>
<wf cmd="tag" pos="NN">staff</wf>
<wf cmd="ignore" pos="CC">and</wf>
<wf cmd="done" pos="VB" lemma="ask" wnsn="1" lexsn="2:32:00::">asked</wf>
<wf cmd="ignore" pos="IN">whether</wf>
<wf cmd="ignore" pos="PRP$">his</wf>
<wf cmd="tag" pos="NN">orchestra</wf>
<wf cmd="ignore" pos="MD">could</wf>
<wf cmd="done" pos="VB" lemma="play" wnsn="3" lexsn="2:36:12::">play</wf>
<punc>,</punc>
<wf cmd="ignore" pos="IN">in</wf>
<wf cmd="ignore" pos="DT">the</wf>
<wf cmd="tag" pos="NN">series</wf>
<punc>.</punc>
</s>
<s snum="39">
<wf cmd="ignore" pos="DT">A</wf>
<wf cmd="tag" pos="NN">flow</wf>
<wf cmd="ignore" pos="IN">of</wf>
<wf cmd="tag" pos="NN">correspondence</wf>
<wf cmd="ignore" pos="IN">between</wf>
<wf cmd="tag" pos="NNP">Pfohl</wf>
<wf cmd="ignore" pos="CC">and</wf>
<wf cmd="tag" pos="NNP">Miss_Baldrige</wf>
<wf cmd="done" pos="VB" lemma="result" wnsn="2" lexsn="2:42:02::">resulted</wf>
<wf cmd="done" pos="VB" ot="notag">in</wf>
<wf cmd="ignore" pos="DT">an</wf>
<wf cmd="tag" pos="NN">invitation</wf>
<wf cmd="ignore" pos="TO">to</wf>
<wf cmd="ignore" pos="DT">the</wf>
<wf cmd="tag" pos="CD">85</wf>
<punc>-</punc>
<wf cmd="tag" pos="NN">student</wf>
<wf cmd="tag" pos="NN">North_Carolina</wf>
<wf cmd="tag" pos="NN">group</wf>
<wf cmd="ignore" pos="TO">to</wf>
<wf cmd="done" pos="VB" lemma="play" wnsn="3" lexsn="2:36:12::">play</wf>
<wf cmd="ignore" pos="DT">the</wf>
<wf cmd="tag" pos="JJ">first</wf>
<wf cmd="tag" pos="NN">concert</wf>
<punc>.</punc>
</s>
</p>
<p pnum="24">
<s snum="40">
<wf cmd="tag" pos="CD">One</wf>
<wf cmd="ignore" pos="IN">of</wf>
<wf cmd="tag" pos="RB">the_most</wf>
<wf cmd="tag" pos="JJ">interested</wf>
<punc>``</punc>
<wf cmd="tag" pos="NNS">students</wf>
<punc>''</punc>
<wf cmd="ignore" pos="IN">on</wf>
<wf cmd="ignore" pos="DT">the</wf>
<wf cmd="tag" pos="NN">tour</wf>
<wf cmd="ignore" pos="WDT">which</wf>
<wf cmd="ignore" pos="DT">the</wf>
<wf cmd="tag" pos="NNP">Brevard</wf>
<wf cmd="tag" pos="NN">group</wf>
<wf cmd="done" pos="VB" lemma="take" wnsn="9" lexsn="2:38:02::">took</wf>
<wf cmd="ignore" pos="IN">at</wf>
<wf cmd="ignore" pos="DT">the</wf>
<wf cmd="tag" pos="NNP">National_Gallery</wf>
<wf cmd="tag" pos="NN">yesterday</wf>
<wf cmd="done" pos="VB" lemma="follow" wnsn="10" lexsn="2:42:03::">following</wf>
<wf cmd="ignore" pos="PRP$">their</wf>
<wf cmd="tag" pos="NN">concert</wf>
<wf cmd="ignore" pos="IN">at</wf>
<wf cmd="ignore" pos="DT">the</wf>
<wf cmd="tag" pos="NN">White_House</wf>
<punc>,</punc>
<wf cmd="done" pos="VB" lemma="be" wnsn="9" lexsn="2:42:08::">was</wf>
<wf cmd="tag" pos="NNP">Letitia_Baldrige</wf>
<punc>,</punc>
<wf cmd="tag" pos="NN">social_secretary</wf>
<wf cmd="ignore" pos="TO">to</wf>
<wf cmd="tag" pos="NN">First_Lady</wf>
<wf cmd="tag" pos="NNP">Jacqueline_Kennedy</wf>
<punc>.</punc>
</s>
</p>
<p pnum="25">
<s snum="41">
<punc>``</punc>
<wf cmd="ignore" pos="PRP">I</wf>
<wf cmd="done" pos="VB" lemma="be" wnsn="9" lexsn="2:42:08::">was</wf>
<wf cmd="ignore" pos="DT">an</wf>
<wf cmd="tag" pos="NN">art</wf>
<wf cmd="tag" pos="NN">major</wf>
<wf cmd="done" pos="VB" ot="notag">in</wf>
<wf cmd="tag" pos="NN">college</wf>
<punc>''</punc>
<punc>,</punc>
<wf cmd="tag" pos="NNP">Miss_Baldrige</wf>
<wf cmd="done" pos="VB" lemma="explain" wnsn="1" lexsn="2:32:00::">explained</wf>
<punc>.</punc>
</s>
<s snum="42">
<punc>``</punc>
<wf cmd="ignore" pos="PRP">I</wf>
<wf cmd="done" pos="VBP" ot="notag">'ve</wf>
<wf cmd="done" pos="VB" lemma="be" wnsn="3" lexsn="2:42:05::">been</wf>
<wf cmd="tag" pos="RB">here</wf>
<wf cmd="tag" pos="RB">so</wf>
<wf cmd="tag" pos="RB">many_times</wf>
<wf cmd="ignore" pos="PRP">I</wf>
<wf cmd="ignore" pos="MD">could</wf>
<wf cmd="tag" pos="RB">n't</wf>
<wf cmd="done" pos="VB" lemma="count" wnsn="1" lexsn="2:32:00::">count</wf>
<wf cmd="ignore" pos="PRP">them</wf>
<punc>''</punc>
<punc>.</punc>
</s>
<s snum="43">
<wf cmd="ignore" pos="PRP">She</wf>
<wf cmd="done" pos="VB" lemma="turn_out" wnsn="1" lexsn="2:42:00::">turned_out</wf>
<wf cmd="ignore" pos="TO">to</wf>
<wf cmd="done" pos="VB" lemma="be" wnsn="9" lexsn="2:42:08::">be</wf>
<wf cmd="ignore" pos="DT">a</wf>
<wf cmd="tag" pos="NN">fan</wf>
<punc>,</punc>
<wf cmd="tag" pos="RB">too</wf>
<punc>,</punc>
<wf cmd="ignore" pos="IN">of</wf>
<wf cmd="tag" pos="NNP">Margaret_Bouton</wf>
<punc>,</punc>
<wf cmd="ignore" pos="DT">the</wf>
<wf cmd="tag" pos="NNP">Gallery</wf>
<wf cmd="ignore" pos="POS">'s</wf>
<wf cmd="tag" pos="JJ">associate</wf>
<wf cmd="tag" pos="NN">curator</wf>
<wf cmd="ignore" pos="IN">of</wf>
<wf cmd="tag" pos="NN">education</wf>
<punc>.</punc>
</s>
</p>
<p pnum="26">
<s snum="44">
<wf cmd="tag" pos="NNP">Miss_Bouton</wf>
<wf cmd="done" pos="VB" lemma="head_up" wnsn="1" lexsn="2:42:00::">headed_up</wf>
<wf cmd="tag" pos="CD">one</wf>
<wf cmd="ignore" pos="IN">of</wf>
<wf cmd="ignore" pos="DT">the</wf>
<wf cmd="tag" pos="CD">four</wf>
<wf cmd="tag" pos="NNS">groups</wf>
<wf cmd="ignore" pos="IN">that</wf>
<wf cmd="done" pos="VB" lemma="go" wnsn="3" lexsn="2:38:01::">went</wf>
<wf cmd="done" pos="VB" ot="notag">on</wf>
<wf cmd="tag" pos="JJ">simultaneous</wf>
<wf cmd="tag" pos="NNS">tours</wf>
<wf cmd="ignore" pos="IN">after</wf>
<wf cmd="ignore" pos="DT">the</wf>
<wf cmd="tag" pos="NNP">Gallery</wf>
<wf cmd="done" pos="VBD" ot="notag">had</wf>
<wf cmd="done" pos="VB" lemma="close" wnsn="2" lexsn="2:35:06::">closed</wf>
<wf cmd="ignore" pos="IN">at</wf>
<wf cmd="tag" pos="CD">5</wf>
<wf cmd="tag" pos="NN">p.</wf>
<wf cmd="tag" pos="NNP">m.</wf>
<punc>.</punc>
</s>
<s snum="45">
<wf cmd="ignore" pos="DT">The</wf>
<wf cmd="tag" pos="NNP">Brevard</wf>
<wf cmd="tag" pos="NN">group</wf>
<wf cmd="ignore" pos="IN">of</wf>
<wf cmd="tag" pos="CD">85</wf>
<wf cmd="done" pos="VB" lemma="arrive" wnsn="1" lexsn="2:38:00::">arrived</wf>
<wf cmd="done" pos="VB" ot="notag">at</wf>
<wf cmd="ignore" pos="DT">the</wf>
<wf cmd="tag" pos="NNP">Gallery</wf>
<wf cmd="ignore" pos="IN">at</wf>
<wf cmd="tag" pos="CD">6</wf>
<wf cmd="tag" pos="NN">p.</wf>
<wf cmd="tag" pos="NNP">m.</wf>
<punc>,</punc>
<wf cmd="done" pos="VB" lemma="remain" wnsn="2" lexsn="2:42:03::">remaining</wf>
<wf cmd="ignore" pos="IN">for</wf>
<wf cmd="ignore" pos="IN">about</wf>
<wf cmd="tag" pos="CD">45</wf>
<wf cmd="tag" pos="NNS">minutes</wf>
<punc>.</punc>
</s>
</p>
<p pnum="27">
<s snum="46">
<wf cmd="ignore" pos="DT">The</wf>
<wf cmd="tag" pos="NNP">Brevard</wf>
<wf cmd="tag" pos="NNS">visitors</wf>
<wf cmd="done" pos="VB" lemma="have" wnsn="4" lexsn="2:40:04::">had</wf>
<wf cmd="tag" pos="RB">very</wf>
<wf cmd="tag" pos="JJ">little</wf>
<wf cmd="ignore" pos="TO">to</wf>
<wf cmd="done" pos="VB" lemma="say" wnsn="1" lexsn="2:32:00::">say</wf>
<wf cmd="ignore" pos="IN">at</wf>
<wf cmd="ignore" pos="DT">the</wf>
<wf cmd="tag" pos="NN">beginning</wf>
<wf cmd="ignore" pos="IN">of</wf>
<wf cmd="ignore" pos="DT">the</wf>
<wf cmd="tag" pos="NN">tour</wf>
<wf cmd="ignore" pos="CC">but</wf>
<wf cmd="done" pos="VB" lemma="warm_up" wnsn="2" lexsn="2:30:01::">warmed_up</wf>
<wf cmd="tag" pos="RB">later</wf>
<punc>.</punc>
</s>
<s snum="47">
<wf cmd="ignore" pos="PRP">They</wf>
<wf cmd="done" pos="VB" lemma="decide" wnsn="1" lexsn="2:31:00::">decided</wf>
<wf cmd="ignore" pos="IN">that</wf>
<wf cmd="ignore" pos="PRP">they</wf>
<wf cmd="done" pos="VB" lemma="think" wnsn="1" lexsn="2:31:01::">thought</wf>
<wf cmd="tag" pos="NNP">Rembrandt</wf>
<wf cmd="ignore" pos="POS">'s</wf>
<wf cmd="tag" pos="NN">self-portrait</wf>
<wf cmd="done" pos="VB" lemma="make" wnsn="11" lexsn="2:36:05::">made</wf>
<wf cmd="ignore" pos="PRP">him</wf>
<wf cmd="done" pos="VB" lemma="look" wnsn="3" lexsn="2:29:00::">look</wf>
<punc>``</punc>
<wf cmd="tag" pos="JJ">sad</wf>
<punc>''</punc>
<punc>.</punc>
</s>
<s snum="48">
<wf cmd="ignore" pos="PRP">They</wf>
<wf cmd="done" pos="VB" lemma="notice" wnsn="2" lexsn="2:39:00::">noticed</wf>
<wf cmd="tag" pos="NN">Roman_buildings</wf>
<wf cmd="ignore" pos="IN">in</wf>
<wf cmd="ignore" pos="DT">the</wf>
<wf cmd="tag" pos="NN">background</wf>
<wf cmd="ignore" pos="IN">of</wf>
<wf cmd="tag" pos="NNP">Raphael</wf>
<wf cmd="ignore" pos="POS">'s</wf>
<punc>``</punc>
<wf cmd="tag" pos="NNP">Alba_Madonna</wf>
<punc>''</punc>
<wf cmd="ignore" pos="CC">and</wf>
<punc>``</punc>
<wf cmd="tag" pos="NN">texture</wf>
<punc>''</punc>
<wf cmd="ignore" pos="IN">in</wf>
<wf cmd="ignore" pos="DT">a</wf>
<wf cmd="tag" pos="NNP">Monet</wf>
<wf cmd="tag" pos="NN">painting</wf>
<wf cmd="ignore" pos="IN">of</wf>
<wf cmd="tag" pos="NNP">Rheims_Cathedral</wf>
<punc>.</punc>
</s>
<s snum="49">
<wf cmd="tag" pos="NN">Everybody</wf>
<wf cmd="done" pos="VBD" ot="notag">had</wf>
<wf cmd="done" pos="VB" lemma="hear" wnsn="2" lexsn="2:31:00::">heard</wf>
<wf cmd="done" pos="VB" ot="notag">of</wf>
<wf cmd="tag" pos="NN">Van_Gogh</wf>
<punc>,</punc>
<wf cmd="tag" pos="NN">the_French</wf>
<wf cmd="tag" pos="NN">impressionist</wf>
<punc>.</punc>
</s>
</p>
<p pnum="28">
<s snum="50">
<wf cmd="tag" pos="NNP">Gallery_Director_John_Walker</wf>
<wf cmd="done" pos="VB" lemma="greet" wnsn="2" lexsn="2:32:01::">greeted</wf>
<wf cmd="ignore" pos="DT">the</wf>
<wf cmd="tag" pos="NN">group</wf>
<punc>,</punc>
<wf cmd="done" pos="VB" lemma="stand" wnsn="1" lexsn="2:35:00::">standing</wf>
<wf cmd="ignore" pos="IN">on</wf>
<wf cmd="tag" pos="CD">one</wf>
<wf cmd="ignore" pos="IN">of</wf>
<wf cmd="ignore" pos="DT">the</wf>
<wf cmd="tag" pos="NNS">benches</wf>
<wf cmd="ignore" pos="IN">in</wf>
<wf cmd="ignore" pos="DT">the</wf>
<wf cmd="tag" pos="NN">downstairs</wf>
<wf cmd="tag" pos="NN">lobby</wf>
<wf cmd="ignore" pos="TO">to</wf>
<wf cmd="done" pos="VB" lemma="speak_to" wnsn="0" lexsn="2:32:00::">speak_to</wf>
<wf cmd="ignore" pos="PRP">them</wf>
<punc>.</punc>
</s>
<s snum="51">
<wf cmd="ignore" pos="PRP">He</wf>
<wf cmd="done" pos="VB" lemma="point_out" wnsn="3" lexsn="2:32:02::">pointed_out</wf>
<wf cmd="ignore" pos="TO">to</wf>
<wf cmd="ignore" pos="DT">the</wf>
<wf cmd="tag" pos="JJ">young</wf>
<wf cmd="tag" pos="NNS">musicians</wf>
<wf cmd="ignore" pos="IN">that</wf>
<wf cmd="ignore" pos="DT">the</wf>
<wf cmd="tag" pos="NNP">National_Gallery</wf>
<punc>``</punc>
<wf cmd="done" pos="VB" lemma="be" wnsn="1" lexsn="2:42:03::">is</wf>
<wf cmd="ignore" pos="DT">the</wf>
<wf cmd="tag" pos="JJ">only</wf>
<wf cmd="tag" pos="NN">museum</wf>
<wf cmd="ignore" pos="IN">in</wf>
<wf cmd="ignore" pos="DT">the</wf>
<wf cmd="tag" pos="NN">country</wf>
<wf cmd="ignore" pos="TO">to</wf>
<wf cmd="done" pos="VB" lemma="have" wnsn="4" lexsn="2:40:04::">have</wf>
<wf cmd="ignore" pos="DT">a</wf>
<wf cmd="tag" pos="JJ">full-time</wf>
<wf cmd="tag" pos="NN">music_director</wf>
<punc>,</punc>
<wf cmd="tag" pos="NNP">Richard_Bales</wf>
<punc>,</punc>
<wf cmd="ignore" pos="PRP">I</wf>
<wf cmd="done" rdf="am" pos="VB" lemma="be" wnsn="1" lexsn="2:42:03::">'m</wf>
<wf cmd="tag" pos="JJ">sure</wf>
<wf cmd="ignore" pos="PRP">you</wf>
<wf cmd="done" pos="VBP" ot="notag">'ve</wf>
<wf cmd="done" pos="VB" lemma="hear" wnsn="2" lexsn="2:31:00::">heard</wf>
<wf cmd="done" pos="VB" ot="notag">af</wf>
<wf cmd="ignore" pos="PRP">him</wf>
<wf cmd="ignore" pos="CC">and</wf>
<wf cmd="ignore" pos="PRP$">his</wf>
<wf cmd="tag" pos="NN">record</wf>
<punc>,</punc>
<punc>'</punc>
<wf cmd="ignore" pos="DT">The</wf>
<wf cmd="tag" pos="NN">Confederacy</wf>
<punc>''</punc>
<punc>'</punc>
<punc>.</punc>
</s>
</p>
<p pnum="29">
<s snum="52">
<wf cmd="ignore" pos="IN">Along</wf>
<wf cmd="ignore" pos="IN">with</wf>
<wf cmd="ignore" pos="DT">the</wf>
<wf cmd="tag" pos="NN">gallery</wf>
<wf cmd="tag" pos="NN">aide</wf>
<wf cmd="ignore" pos="WP">who</wf>
<wf cmd="done" pos="VB" lemma="explain" wnsn="1" lexsn="2:32:00::">explained</wf>
<wf cmd="ignore" pos="DT">the</wf>
<wf cmd="tag" pos="JJ">various</wf>
<wf cmd="tag" pos="NNS">paintings</wf>
<wf cmd="ignore" pos="CC">and</wf>
<wf cmd="tag" pos="NNS">sculptures</wf>
<wf cmd="ignore" pos="TO">to</wf>
<wf cmd="ignore" pos="DT">each</wf>
<wf cmd="tag" pos="NN">group</wf>
<punc>,</punc>
<wf cmd="done" pos="VB" lemma="go" wnsn="1" lexsn="2:38:00::">went</wf>
<wf cmd="tag" pos="CD">one</wf>
<wf cmd="ignore" pos="IN">of</wf>
<wf cmd="ignore" pos="DT">the</wf>
<wf cmd="tag" pos="NNP">Gallery</wf>
<wf cmd="ignore" pos="POS">'s</wf>
<wf cmd="tag" pos="JJ">blue-uniformed</wf>
<wf cmd="tag" pos="NNS">guards</wf>
<punc>.</punc>
</s>
</p>
<p pnum="30">
<s snum="53">
<wf cmd="ignore" pos="IN">In</wf>
<wf cmd="tag" pos="CD">45</wf>
<wf cmd="tag" pos="NNS">minutes</wf>
<punc>,</punc>
<wf cmd="ignore" pos="DT">the</wf>
<wf cmd="tag" pos="NNP">Gallery</wf>
<wf cmd="tag" pos="NNS">leaders</wf>
<wf cmd="done" pos="VBD" ot="notag">had</wf>
<wf cmd="done" pos="VB" lemma="give" wnsn="2" lexsn="2:40:05::">given</wf>
<wf cmd="ignore" pos="DT">the</wf>
<wf cmd="tag" pos="NNS">students</wf>
<wf cmd="ignore" pos="DT">a</wf>
<wf cmd="tag" pos="JJ">quick</wf>
<wf cmd="tag" pos="NN">rundown</wf>
<wf cmd="ignore" pos="IN">on</wf>
<wf cmd="tag" pos="NN">art</wf>
<wf cmd="ignore" pos="IN">from</wf>
<wf cmd="ignore" pos="DT">the</wf>
<wf cmd="tag" pos="NNP">Renaissance</wf>
<wf cmd="ignore" pos="TO">to</wf>
<wf cmd="ignore" pos="DT">the</wf>
<wf cmd="tag" pos="JJ">late</wf>
<wf cmd="tag" pos="CD">19</wf>
<wf cmd="ignore" pos="DT">th</wf>
<wf cmd="tag" pos="NNP">Century</wf>
<punc>.</punc>
</s>
</p>
<p pnum="31">
<s snum="54">
<wf cmd="tag" pos="JJ">A_few</wf>
<wf cmd="ignore" pos="IN">of</wf>
<wf cmd="ignore" pos="PRP">them</wf>
<wf cmd="done" pos="VB" lemma="say" wnsn="1" lexsn="2:32:00::">said</wf>
<wf cmd="ignore" pos="PRP">they</wf>
<punc>``</punc>
<wf cmd="done" pos="VB" lemma="prefer" wnsn="3" lexsn="2:41:00::">preferred</wf>
<wf cmd="tag" pos="JJ">contemporary</wf>
<wf cmd="tag" pos="NN">art</wf>
<punc>''</punc>
<punc>.</punc>
</s>
</p>
<p pnum="32">
<s snum="55">
<wf cmd="ignore" pos="IN">Among</wf>
<wf cmd="ignore" pos="DT">the</wf>
<wf cmd="tag" pos="JJ">other</wf>
<wf cmd="tag" pos="NNS">artists</wf>
<punc>,</punc>
<wf cmd="ignore" pos="WP$">whose</wf>
<wf cmd="tag" pos="NNS">paintings</wf>
<wf cmd="done" pos="VBD" ot="notag">were</wf>
<wf cmd="done" pos="VB" lemma="discuss" wnsn="1" lexsn="2:32:01::">discussed</wf>
<wf cmd="done" pos="VB" lemma="be" wnsn="9" lexsn="2:42:08::">were</wf>
<wf cmd="tag" pos="NNP">Boucher</wf>
<punc>,</punc>
<wf cmd="tag" pos="NNP">Courbet</wf>
<punc>,</punc>
<wf cmd="tag" pos="NNP">Fra_Angelico</wf>
<punc>.</punc>
</s>
</p>
<p pnum="33">
<s snum="56">
<wf cmd="ignore" pos="DT">The</wf>
<wf cmd="tag" pos="NN">thing</wf>
<wf cmd="ignore" pos="WDT">that</wf>
<wf cmd="done" pos="VB" lemma="impress" wnsn="2" lexsn="2:37:00::">impressed</wf>
<wf cmd="tag" pos="CD">one</wf>
<wf cmd="ignore" pos="IN">of</wf>
<wf cmd="ignore" pos="DT">the</wf>
<wf cmd="tag" pos="NNS">visitors</wf>
<wf cmd="tag" pos="RB">the_most</wf>
<wf cmd="done" pos="VB" lemma="be" wnsn="9" lexsn="2:42:08::">was</wf>
<wf cmd="ignore" pos="DT">the</wf>
<wf cmd="tag" pos="NNP">Gallery</wf>
<wf cmd="ignore" pos="POS">'s</wf>
<wf cmd="tag" pos="NN">rotunda</wf>
<wf cmd="tag" pos="NN">fountain</wf>
<punc>``</punc>
<wf cmd="ignore" pos="IN">because</wf>
<wf cmd="ignore" pos="PRP">it</wf>
<wf cmd="done" rdf="is" pos="VB" lemma="be" wnsn="3" lexsn="2:42:05::">'s</wf>
<wf cmd="ignore" pos="IN">on</wf>
<wf cmd="ignore" pos="DT">the</wf>
<wf cmd="tag" pos="JJ">second</wf>
<wf cmd="tag" pos="NN">floor</wf>
<punc>''</punc>
<punc>.</punc>
</s>
</p>
<p pnum="34">
<s snum="57">
<wf cmd="ignore" pos="DT">That</wf>
<wf cmd="tag" pos="JJ">imposing</wf>
<punc>,</punc>
<wf cmd="tag" pos="RB">somewhat</wf>
<wf cmd="tag" pos="JJ">austere</wf>
<punc>,</punc>
<wf cmd="ignore" pos="CC">and</wf>
<wf cmd="tag" pos="RB">seemingly</wf>
<wf cmd="tag" pos="JJ">remote</wf>
<wf cmd="tag" pos="JJ">collonaded</wf>
<wf cmd="tag" pos="NN">building</wf>
<wf cmd="ignore" pos="IN">with</wf>
<wf cmd="ignore" pos="DT">the</wf>
<wf cmd="tag" pos="NNS">sphynxes</wf>
<wf cmd="done" pos="VB" lemma="perch" wnsn="1" lexsn="2:35:00::">perched</wf>
<wf cmd="ignore" pos="IN">on</wf>
<wf cmd="ignore" pos="PRP$">its</wf>
<wf cmd="tag" pos="NN">threshold</wf>
<wf cmd="ignore" pos="IN">at</wf>
<wf cmd="tag" pos="CD">1733</wf>
<wf cmd="tag" pos="CD">16</wf>
<wf cmd="ignore" pos="DT">th</wf>
<wf cmd="tag" pos="NNP">st.</wf>
<wf cmd="tag" pos="NN">nw.</wf>
<wf cmd="done" pos="VB" lemma="take_on" wnsn="5" lexsn="2:33:01::">took_on</wf>
<wf cmd="tag" pos="JJ">bustling</wf>
<wf cmd="tag" pos="NN">life</wf>
<wf cmd="tag" pos="NN">yesterday</wf>
<punc>.</punc>
</s>
</p>
<p pnum="35">
<s snum="58">
<wf cmd="tag" pos="RB">More_than</wf>
<wf cmd="tag" pos="CD">250</wf>
<wf cmd="tag" pos="NNP">Scottish_Rite</wf>
<wf cmd="tag" pos="NNPS">Masons</wf>
<wf cmd="ignore" pos="CC">and</wf>
<wf cmd="tag" pos="NNS">guests</wf>
<wf cmd="done" pos="VB" lemma="gather" wnsn="2" lexsn="2:41:00::">gathered</wf>
<wf cmd="done" pos="VB" ot="notag">in</wf>
<wf cmd="ignore" pos="PRP$">their</wf>
<wf cmd="tag" pos="NNP">House</wf>
<wf cmd="ignore" pos="IN">of</wf>
<wf cmd="ignore" pos="DT">the</wf>
<wf cmd="tag" pos="NNP">Temple</wf>
<wf cmd="ignore" pos="TO">to</wf>
<wf cmd="done" pos="VB" lemma="pay" wnsn="2" lexsn="2:32:00::">pay</wf>
<wf cmd="tag" pos="NN">tribute</wf>
<wf cmd="ignore" pos="TO">to</wf>
<wf cmd="ignore" pos="PRP$">their</wf>
<wf cmd="tag" pos="RBS">most</wf>
<wf cmd="tag" pos="JJ">prominent</wf>
<wf cmd="tag" pos="NN">leader</wf>
<punc>,</punc>
<wf cmd="tag" pos="NNP">Albert_Pike</wf>
<punc>,</punc>
<wf cmd="ignore" pos="WP">who</wf>
<wf cmd="done" pos="VB" lemma="head" wnsn="2" lexsn="2:41:00::">headed</wf>
<wf cmd="ignore" pos="DT">the</wf>
<wf cmd="tag" pos="NNP">Scottish_Rite</wf>
<wf cmd="ignore" pos="IN">from</wf>
<wf cmd="tag" pos="CD">1859</wf>
<wf cmd="ignore" pos="TO">to</wf>
<wf cmd="tag" pos="CD">1891</wf>
<punc>.</punc>
</s>
</p>
<p pnum="36">
<s snum="59">
<wf cmd="ignore" pos="PRP">They</wf>
<wf cmd="done" pos="VB" lemma="come" wnsn="0" lexsn="2:42:01::">came</wf>
<wf cmd="tag" pos="RB">together</wf>
<wf cmd="ignore" pos="IN">in</wf>
<wf cmd="ignore" pos="DT">the</wf>
<wf cmd="tag" pos="JJ">huge</wf>
<punc>,</punc>
<wf cmd="tag" pos="JJ">high-ceilinged</wf>
<wf cmd="tag" pos="NN">Council_Chamber</wf>
<wf cmd="ignore" pos="TO">to</wf>
<wf cmd="done" pos="VB" lemma="hear" wnsn="1" lexsn="2:39:00::">hear</wf>
<wf cmd="ignore" pos="DT">the</wf>
<wf cmd="tag" pos="JJ">late</wf>
<wf cmd="tag" pos="NN">leader</wf>
<wf cmd="done" pos="VB" lemma="eulogize" wnsn="1" lexsn="2:32:00::">eulogized</wf>
<punc>.</punc>
</s>
<s snum="60">
<wf cmd="tag" pos="NNP">C._Wheeler_Barnes</wf>
<wf cmd="ignore" pos="IN">of</wf>
<wf cmd="tag" pos="NNP">Denver</wf>
<punc>,</punc>
<wf cmd="tag" pos="NN">head</wf>
<wf cmd="ignore" pos="IN">of</wf>
<wf cmd="ignore" pos="DT">the</wf>
<wf cmd="tag" pos="NNP">Scottish_Rite</wf>
<wf cmd="ignore" pos="IN">in</wf>
<wf cmd="tag" pos="NNP">Colorado</wf>
<punc>,</punc>
<wf cmd="done" pos="VB" lemma="praise" wnsn="1" lexsn="2:32:00::">praised</wf>
<wf cmd="tag" pos="NNP">Pike</wf>
<wf cmd="ignore" pos="IN">as</wf>
<wf cmd="ignore" pos="DT">a</wf>
<wf cmd="tag" pos="NN">historian</wf>
<punc>,</punc>
<wf cmd="tag" pos="NN">author</wf>
<punc>,</punc>
<wf cmd="tag" pos="NN">poet</wf>
<punc>,</punc>
<wf cmd="tag" pos="NN">journalist</wf>
<punc>,</punc>
<wf cmd="tag" pos="NN">lawyer</wf>
<punc>,</punc>
<wf cmd="tag" pos="NN">jurist</wf>
<punc>,</punc>
<wf cmd="tag" pos="NN">soldier</wf>
<wf cmd="ignore" pos="CC">and</wf>
<wf cmd="tag" pos="NN">musician</wf>
<punc>,</punc>
<wf cmd="ignore" pos="WP">who</wf>
<wf cmd="done" pos="VB" lemma="devote" wnsn="1" lexsn="2:32:00::">devoted</wf>
<wf cmd="tag" pos="JJ">most_of</wf>
<wf cmd="ignore" pos="PRP$">his</wf>
<wf cmd="tag" pos="JJ">mature</wf>
<wf cmd="tag" pos="NNS">years</wf>
<wf cmd="ignore" pos="TO">to</wf>
<wf cmd="ignore" pos="DT">the</wf>
<wf cmd="tag" pos="NN">strengthening</wf>
<wf cmd="ignore" pos="IN">of</wf>
<wf cmd="ignore" pos="DT">the</wf>
<wf cmd="tag" pos="NNP">Masonic_Order</wf>
<punc>.</punc>
</s>
</p>
<p pnum="37">
<s snum="61">
<wf cmd="ignore" pos="DT">The</wf>
<wf cmd="tag" pos="NN">ceremony</wf>
<wf cmd="done" pos="VB" lemma="end" wnsn="1" lexsn="2:42:00::">ended</wf>
<wf cmd="ignore" pos="IN">with</wf>
<wf cmd="ignore" pos="DT">the</wf>
<wf cmd="tag" pos="NN">laying</wf>
<wf cmd="ignore" pos="IN">of</wf>
<wf cmd="ignore" pos="DT">a</wf>
<wf cmd="tag" pos="NN">wreath</wf>
<wf cmd="ignore" pos="IN">at</wf>
<wf cmd="ignore" pos="DT">the</wf>
<wf cmd="tag" pos="NN">crypt</wf>
<wf cmd="ignore" pos="IN">of</wf>
<wf cmd="tag" pos="NNP">Pike</wf>
<wf cmd="ignore" pos="IN">in</wf>
<wf cmd="ignore" pos="DT">the</wf>
<wf cmd="tag" pos="NNP">House</wf>
<wf cmd="ignore" pos="IN">of</wf>
<wf cmd="ignore" pos="DT">the</wf>
<wf cmd="tag" pos="NNP">Temple</wf>
<punc>.</punc>
</s>
<s snum="62">
<wf cmd="ignore" pos="DT">A</wf>
<wf cmd="tag" pos="NN">reception</wf>
<wf cmd="ignore" pos="CC">and</wf>
<wf cmd="tag" pos="NN">tea</wf>
<wf cmd="done" pos="VB" lemma="follow" wnsn="10" lexsn="2:42:03::">followed</wf>
<punc>.</punc>
</s>
</p>
<p pnum="38">
<s snum="63">
<wf cmd="ignore" pos="IN">About</wf>
<wf cmd="tag" pos="CD">1500</wf>
<wf cmd="tag" pos="NNS">delegates</wf>
<wf cmd="done" pos="VBP" ot="notag">are</wf>
<wf cmd="done" pos="VB" lemma="expect" wnsn="1" lexsn="2:31:00::">expected</wf>
<wf cmd="ignore" pos="TO">to</wf>
<wf cmd="done" pos="VB" lemma="register" wnsn="6" lexsn="2:41:05::">register</wf>
<wf cmd="tag" pos="NN">today</wf>
<wf cmd="ignore" pos="IN">for</wf>
<wf cmd="ignore" pos="DT">the</wf>
<wf cmd="tag" pos="JJ">biennial</wf>
<wf cmd="tag" pos="NN">session</wf>
<wf cmd="ignore" pos="IN">of</wf>
<wf cmd="ignore" pos="DT">the</wf>
<wf cmd="tag" pos="NNP">Ancient</wf>
<wf cmd="ignore" pos="CC">and</wf>
<wf cmd="tag" pos="JJ">Accepted</wf>
<wf cmd="tag" pos="NNP">Scottish_Rite</wf>
<wf cmd="ignore" pos="IN">for</wf>
<wf cmd="ignore" pos="DT">the</wf>
<wf cmd="tag" pos="NNP">Southern_Jurisdiction</wf>
<wf cmd="ignore" pos="IN">of</wf>
<wf cmd="ignore" pos="DT">the</wf>
<wf cmd="tag" pos="NN">United_States</wf>
<punc>.</punc>
</s>
</p>
<p pnum="39">
<s snum="64">
<wf cmd="ignore" pos="DT">The</wf>
<wf cmd="tag" pos="NN">opening</wf>
<wf cmd="tag" pos="NN">session</wf>
<wf cmd="ignore" pos="IN">of</wf>
<wf cmd="ignore" pos="DT">the</wf>
<wf cmd="tag" pos="CD">5</wf>
<punc>-</punc>
<wf cmd="tag" pos="NN">day</wf>
<wf cmd="tag" pos="NN">session</wf>
<wf cmd="ignore" pos="MD">will</wf>
<wf cmd="done" pos="VB" lemma="begin" wnsn="0" lexsn="2:36:00::">begin</wf>
<wf cmd="ignore" pos="IN">at</wf>
<wf cmd="tag" pos="CD">10</wf>
<wf cmd="tag" pos="NN">a.</wf>
<wf cmd="tag" pos="NNP">m.</wf>
<wf cmd="tag" pos="NN">today</wf>
<punc>.</punc>
</s>
<s snum="65">
<wf cmd="ignore" pos="EX">There</wf>
<wf cmd="ignore" pos="MD">will</wf>
<wf cmd="done" pos="VB" lemma="be" wnsn="4" lexsn="2:42:00::">be</wf>
<wf cmd="ignore" pos="DT">a</wf>
<wf cmd="tag" pos="NN">pilgrimage</wf>
<wf cmd="ignore" pos="TO">to</wf>
<wf cmd="tag" pos="NNP">Mount_Vernon</wf>
<wf cmd="ignore" pos="IN">at</wf>
<wf cmd="tag" pos="CD">2</wf>
<punc>:</punc>
<wf cmd="tag" pos="CD">30</wf>
<wf cmd="tag" pos="NN">p.</wf>
<wf cmd="tag" pos="NNP">m.</wf>
<punc>.</punc>
</s>
<s snum="66">
<wf cmd="ignore" pos="DT">A</wf>
<wf cmd="tag" pos="NN">wreath</wf>
<wf cmd="ignore" pos="MD">will</wf>
<wf cmd="done" pos="VB" ot="notag">be</wf>
<wf cmd="done" pos="VB" lemma="place" wnsn="1" lexsn="2:35:00::">placed</wf>
<wf cmd="done" pos="VB" ot="notag">at</wf>
<wf cmd="ignore" pos="DT">the</wf>
<wf cmd="tag" pos="NN">tomb</wf>
<wf cmd="ignore" pos="IN">of</wf>
<wf cmd="tag" pos="NN">George_Washington</wf>
<punc>,</punc>
<wf cmd="tag" pos="CD">one</wf>
<wf cmd="tag" pos="RB">of_this</wf>
<wf cmd="tag" pos="NN">Nation</wf>
<wf cmd="ignore" pos="POS">'s</wf>
<wf cmd="tag" pos="JJ">first</wf>
<wf cmd="tag" pos="NNPS">Masons</wf>
<punc>-</punc>
<wf cmd="ignore" pos="DT">a</wf>
<wf cmd="tag" pos="NN">past_master</wf>
<wf cmd="ignore" pos="IN">of</wf>
<wf cmd="tag" pos="NNP">Washington-Alexandria_Lodge</wf>
<wf cmd="tag" pos="CD">22</wf>
<wf cmd="ignore" pos="IN">in</wf>
<wf cmd="tag" pos="NNP">Alexandria</wf>
<punc>.</punc>
</s>
</p>
<p pnum="40">
<s snum="67">
<wf cmd="ignore" pos="DT">The</wf>
<wf cmd="tag" pos="NN">marriage</wf>
<wf cmd="ignore" pos="IN">of</wf>
<wf cmd="tag" pos="NNP">John</wf>
<wf cmd="ignore" pos="CC">and</wf>
<wf cmd="tag" pos="NNP">Mary_Black</wf>
<wf cmd="done" pos="VBD" ot="notag">had</wf>
<wf cmd="tag" pos="RB">clearly</wf>
<wf cmd="done" pos="VB" lemma="reach" wnsn="7" lexsn="2:38:06::">reached</wf>
<wf cmd="ignore" pos="DT">the</wf>
<wf cmd="tag" pos="NN">breaking_point</wf>
<wf cmd="ignore" pos="IN">after</wf>
<wf cmd="tag" pos="CD">eight</wf>
<wf cmd="tag" pos="NNS">years</wf>
<punc>.</punc>
</s>
</p>
<p pnum="41">
<s snum="68">
<wf cmd="tag" pos="NNP">John</wf>
<wf cmd="done" pos="VB" lemma="have" wnsn="4" lexsn="2:40:04::">had</wf>
<wf cmd="ignore" pos="DT">a</wf>
<wf cmd="tag" pos="NN">job</wf>
<wf cmd="ignore" pos="IN">in</wf>
<wf cmd="ignore" pos="DT">a</wf>
<wf cmd="tag" pos="JJ">small</wf>
<wf cmd="tag" pos="NN">firm</wf>
<wf cmd="ignore" pos="WRB">where</wf>
<wf cmd="ignore" pos="DT">the</wf>
<wf cmd="tag" pos="NN">work</wf>
<wf cmd="done" pos="VB" lemma="be" wnsn="1" lexsn="2:42:03::">was</wf>
<wf cmd="tag" pos="JJ">dull</wf>
<wf cmd="ignore" pos="CC">and</wf>
<wf cmd="tag" pos="JJ">monotonous</wf>
<punc>.</punc>
</s>
<s snum="69">
<wf cmd="ignore" pos="PRP">He</wf>
<wf cmd="ignore" pos="MD">would</wf>
<wf cmd="done" pos="VB" lemma="come" wnsn="2" lexsn="2:38:04::">come</wf>
<wf cmd="tag" pos="RB">home</wf>
<wf cmd="ignore" pos="IN">in</wf>
<wf cmd="ignore" pos="DT">the</wf>
<wf cmd="tag" pos="NN">evening</wf>
<wf cmd="tag" pos="JJ">tired</wf>
<wf cmd="ignore" pos="CC">and</wf>
<wf cmd="tag" pos="JJ">discouraged</wf>
<punc>-</punc>
<wf cmd="ignore" pos="IN">in</wf>
<wf cmd="ignore" pos="DT">no</wf>
<wf cmd="tag" pos="NN">frame_of_mind</wf>
<wf cmd="ignore" pos="TO">to</wf>
<wf cmd="done" pos="VB" lemma="play" wnsn="5" lexsn="2:41:03::">play</wf>
<wf cmd="done" pos="VB" ot="notag">with</wf>
<wf cmd="ignore" pos="PRP$">their</wf>
<wf cmd="tag" pos="CD">three</wf>
<wf cmd="tag" pos="NNS">children</wf>
<punc>,</punc>
<wf cmd="ignore" pos="CC">or</wf>
<wf cmd="done" pos="VB" lemma="spend" wnsn="1" lexsn="2:42:00::">spend</wf>
<wf cmd="tag" pos="JJ">much</wf>
<wf cmd="tag" pos="NN">time</wf>
<wf cmd="done" pos="VB" lemma="chat" wnsn="1" lexsn="2:32:00::">chatting</wf>
<wf cmd="ignore" pos="IN">with</wf>
<wf cmd="ignore" pos="PRP$">his</wf>
<wf cmd="tag" pos="NN">wife</wf>
<punc>.</punc>
</s>
</p>
<p pnum="42">
<s snum="70">
<wf cmd="tag" pos="NNP">Hurt</wf>
<wf cmd="ignore" pos="IN">by</wf>
<wf cmd="ignore" pos="PRP$">his</wf>
<wf cmd="tag" pos="NN">lack</wf>
<wf cmd="ignore" pos="IN">of</wf>
<wf cmd="tag" pos="NN">interest</wf>
<wf cmd="ignore" pos="CC">and</wf>
<wf cmd="tag" pos="NN">attention</wf>
<punc>,</punc>
<wf cmd="tag" pos="NNP">Mary</wf>
<wf cmd="done" pos="VB" lemma="complain" wnsn="1" lexsn="2:32:00::">complained</wf>
<wf cmd="tag" pos="RB">often</wf>
<wf cmd="ignore" pos="IN">that</wf>
<wf cmd="ignore" pos="PRP">he</wf>
<wf cmd="done" pos="VB" lemma="do" wnsn="3" lexsn="2:41:04::">did</wf>
<wf cmd="tag" pos="RB">n't</wf>
<wf cmd="done" pos="VB" lemma="help" wnsn="1" lexsn="2:41:00::">help</wf>
<wf cmd="ignore" pos="IN">around</wf>
<wf cmd="ignore" pos="DT">the</wf>
<wf cmd="tag" pos="NN">house</wf>
<punc>,</punc>
<wf cmd="ignore" pos="CC">and</wf>
<wf cmd="ignore" pos="IN">that</wf>
<wf cmd="ignore" pos="PRP">he</wf>
<wf cmd="done" pos="VB" lemma="do" wnsn="3" lexsn="2:41:04::">did</wf>
<wf cmd="tag" pos="RB">n't</wf>
<wf cmd="tag" pos="RB">really</wf>
<wf cmd="done" pos="VB" lemma="care" wnsn="1" lexsn="2:37:02::">care</wf>
<wf cmd="done" pos="VB" ot="notag">about</wf>
<wf cmd="ignore" pos="DT">the</wf>
<wf cmd="tag" pos="NN">family</wf>
<punc>.</punc>
</s>
<s snum="71">
<wf cmd="ignore" pos="PRP">She</wf>
<wf cmd="done" pos="VB" lemma="accuse" wnsn="1" lexsn="2:32:00::">accused</wf>
<wf cmd="ignore" pos="PRP">him</wf>
<wf cmd="ignore" pos="IN">of</wf>
<wf cmd="done" pos="VB" lemma="ignore" wnsn="4" lexsn="2:31:03::">ignoring</wf>
<wf cmd="ignore" pos="PRP$">her</wf>
<punc>.</punc>
</s>
<s snum="72">
<wf cmd="ignore" pos="PRP">He</wf>
<wf cmd="tag" pos="RB">in_turn</wf>
<wf cmd="done" pos="VB" lemma="tell" wnsn="1" lexsn="2:32:04::">told</wf>
<wf cmd="ignore" pos="PRP$">her</wf>
<wf cmd="ignore" pos="PRP">she</wf>
<wf cmd="done" pos="VB" lemma="demand" wnsn="1" lexsn="2:32:00::">demanded</wf>
<wf cmd="tag" pos="RB">too_much</wf>
<punc>.</punc>
</s>
<s snum="73">
<wf cmd="ignore" pos="PRP">They</wf>
<wf cmd="done" pos="VB" lemma="be" wnsn="1" lexsn="2:42:03::">were</wf>
<wf cmd="ignore" pos="DT">both</wf>
<wf cmd="tag" pos="JJ">discouraged</wf>
<punc>,</punc>
<wf cmd="tag" pos="JJ">disgusted</wf>
<wf cmd="ignore" pos="CC">and</wf>
<wf cmd="tag" pos="JJ">miserable</wf>
<punc>.</punc>
</s>
</p>
<p pnum="43">
<s snum="74">
<wf cmd="tag" pos="NNP">Mary</wf>
<wf cmd="done" pos="VB" lemma="decide" wnsn="1" lexsn="2:31:00::">decided</wf>
<wf cmd="ignore" pos="PRP">she</wf>
<wf cmd="done" pos="VBD" ot="notag">had</wf>
<wf cmd="done" pos="VB" lemma="have" wnsn="3" lexsn="2:39:06::">had</wf>
<wf cmd="tag" pos="RB">enough</wf>
<punc>.</punc>
</s>
<s snum="75">
<wf cmd="ignore" pos="IN">Without</wf>
<wf cmd="ignore" pos="DT">any</wf>
<wf cmd="tag" pos="JJ">definite</wf>
<wf cmd="tag" pos="NN">plan</wf>
<wf cmd="ignore" pos="IN">in</wf>
<wf cmd="tag" pos="NN">mind</wf>
<punc>,</punc>
<wf cmd="ignore" pos="PRP">she</wf>
<wf cmd="done" pos="VB" lemma="go" wnsn="1" lexsn="2:38:00::">went</wf>
<wf cmd="done" pos="VB" ot="notag">to</wf>
<wf cmd="ignore" pos="DT">a</wf>
<wf cmd="tag" pos="NN">judge</wf>
<wf cmd="ignore" pos="TO">to</wf>
<wf cmd="done" pos="VB" lemma="see" wnsn="6" lexsn="2:31:02::">see</wf>
<wf cmd="ignore" pos="WP">what</wf>
<wf cmd="ignore" pos="MD">could</wf>
<wf cmd="done" pos="VB" ot="notag">be</wf>
<wf cmd="done" pos="VB" lemma="do" wnsn="3" lexsn="2:41:04::">done</wf>
<punc>.</punc>
</s>
<s snum="76">
<wf cmd="ignore" pos="DT">The</wf>
<wf cmd="tag" pos="NN">judge</wf>
<wf cmd="done" pos="VB" lemma="listen" wnsn="2" lexsn="2:39:01::">listened</wf>
<wf cmd="tag" pos="RB">quietly</wf>
<wf cmd="ignore" pos="IN">as</wf>
<wf cmd="ignore" pos="DT">the</wf>
<wf cmd="tag" pos="NN">young_woman</wf>
<wf cmd="done" pos="VB" lemma="pour_out" wnsn="1" lexsn="2:32:00::">poured_out</wf>
<wf cmd="ignore" pos="PRP$">her</wf>
<wf cmd="tag" pos="NNS">frustrations</wf>
<punc>-</punc>
<wf cmd="tag" pos="RB">then</wf>
<wf cmd="done" pos="VB" lemma="discuss" wnsn="2" lexsn="2:32:00::">discussing</wf>
<wf cmd="ignore" pos="IN">with</wf>
<wf cmd="ignore" pos="PRP$">her</wf>
<wf cmd="ignore" pos="DT">the</wf>
<wf cmd="tag" pos="NN">possibility</wf>
<wf cmd="ignore" pos="IN">of</wf>
<wf cmd="done" pos="VB" lemma="seek" wnsn="1" lexsn="2:40:00::">seeking</wf>
<wf cmd="tag" pos="NN">aid</wf>
<wf cmd="ignore" pos="IN">from</wf>
<wf cmd="tag" pos="NNP">Family_Service</wf>
<wf cmd="ignore" pos="IN">before</wf>
<wf cmd="done" pos="VB" lemma="go_to" wnsn="0" lexsn="2:38:00::">going_to</wf>
<wf cmd="ignore" pos="DT">a</wf>
<wf cmd="tag" pos="NN">lawyer</wf>
<punc>.</punc>
</s>
</p>
<p pnum="44">
<s snum="77">
<wf cmd="tag" pos="NNP">Family_Service</wf>
<punc>,</punc>
<wf cmd="done" pos="VB" lemma="share_in" wnsn="0" lexsn="2:41:00::">sharing_in</wf>
<wf cmd="tag" pos="NNP">UGF</wf>
<punc>,</punc>
<wf cmd="done" pos="VB" lemma="have" wnsn="4" lexsn="2:40:04::">has</wf>
<wf cmd="tag" pos="CD">five</wf>
<wf cmd="tag" pos="NNS">agencies</wf>
<wf cmd="ignore" pos="IN">in</wf>
<wf cmd="ignore" pos="DT">the</wf>
<wf cmd="tag" pos="NNP">Washington</wf>
<wf cmd="tag" pos="NN">area</wf>
<punc>.</punc>
</s>
<s snum="78">
<wf cmd="ignore" pos="PRP">They</wf>
<wf cmd="done" pos="VB" lemma="offer" wnsn="1" lexsn="2:40:02::">offer</wf>
<wf cmd="ignore" pos="TO">to</wf>
<wf cmd="ignore" pos="DT">the</wf>
<wf cmd="tag" pos="NNS">people</wf>
<wf cmd="tag" pos="RB">of_this</wf>
<wf cmd="tag" pos="NN">community</wf>
<wf cmd="tag" pos="NN">case</wf>
<wf cmd="tag" pos="NN">work</wf>
<wf cmd="tag" pos="NN">service</wf>
<wf cmd="ignore" pos="CC">and</wf>
<wf cmd="tag" pos="NN">counseling</wf>
<wf cmd="ignore" pos="IN">on</wf>
<wf cmd="ignore" pos="DT">a</wf>
<wf cmd="tag" pos="JJ">wide</wf>
<wf cmd="tag" pos="NN">variety</wf>
<wf cmd="ignore" pos="IN">of</wf>
<wf cmd="tag" pos="NN">family</wf>
<wf cmd="tag" pos="NNS">problems</wf>
<punc>.</punc>
</s>
</p>
<p pnum="45">
<s snum="79">
<wf cmd="ignore" pos="IN">Because</wf>
<wf cmd="ignore" pos="DT">neither</wf>
<wf cmd="ignore" pos="IN">of</wf>
<wf cmd="ignore" pos="PRP">them</wf>
<wf cmd="tag" pos="RB">really</wf>
<wf cmd="done" pos="VB" lemma="want" wnsn="1" lexsn="2:37:00::">wanted</wf>
<wf cmd="ignore" pos="PRP$">their</wf>
<wf cmd="tag" pos="NN">marriage</wf>
<wf cmd="ignore" pos="TO">to</wf>
<wf cmd="done" pos="VB" lemma="break_up" wnsn="3" lexsn="2:38:00::">break_up</wf>
<punc>,</punc>
<wf cmd="tag" pos="NNP">Mr.</wf>
<wf cmd="ignore" pos="CC">and</wf>
<wf cmd="tag" pos="NNP">Mrs._Black</wf>
<wf cmd="done" pos="VB" lemma="agree" wnsn="2" lexsn="2:32:01::">agreed</wf>
<wf cmd="ignore" pos="TO">to</wf>
<wf cmd="ignore" pos="DT">a</wf>
<wf cmd="tag" pos="NN">series</wf>
<wf cmd="ignore" pos="IN">of</wf>
<wf cmd="tag" pos="NNS">interviews</wf>
<wf cmd="ignore" pos="IN">at</wf>
<wf cmd="tag" pos="NNP">Family_Service</wf>
<wf cmd="ignore" pos="IN">of</wf>
<wf cmd="tag" pos="NNP">Northern_Virginia</wf>
<punc>,</punc>
<wf cmd="ignore" pos="DT">the</wf>
<wf cmd="tag" pos="NN">agency</wf>
<wf cmd="tag" pos="JJS">nearest</wf>
<wf cmd="ignore" pos="PRP">them</wf>
<punc>.</punc>
</s>
<s snum="80">
<wf cmd="ignore" pos="IN">For</wf>
<wf cmd="tag" pos="RB">nearly</wf>
<wf cmd="ignore" pos="DT">a</wf>
<wf cmd="tag" pos="NN">year</wf>
<punc>,</punc>
<wf cmd="ignore" pos="PRP">they</wf>
<wf cmd="done" pos="VBP" ot="notag">have</wf>
<wf cmd="done" pos="VBN" ot="notag">been</wf>
<wf cmd="done" pos="VB" lemma="receive" wnsn="4" lexsn="2:39:03::">receiving</wf>
<wf cmd="tag" pos="NN">counseling</wf>
<punc>,</punc>
<wf cmd="tag" pos="RB">separately</wf>
<wf cmd="ignore" pos="CC">and</wf>
<wf cmd="tag" pos="RB">together</wf>
<punc>,</punc>
<wf cmd="ignore" pos="IN">in</wf>
<wf cmd="ignore" pos="DT">an</wf>
<wf cmd="tag" pos="NN">effort</wf>
<wf cmd="ignore" pos="TO">to</wf>
<wf cmd="done" pos="VB" lemma="understand" wnsn="1" lexsn="2:31:00::">understand</wf>
<wf cmd="ignore" pos="CC">and</wf>
<wf cmd="done" pos="VB" lemma="overcome" wnsn="3" lexsn="2:37:00::">overcome</wf>
<wf cmd="ignore" pos="DT">the</wf>
<wf cmd="tag" pos="NNS">antagonisms</wf>
<wf cmd="ignore" pos="WDT">which</wf>
<wf cmd="done" pos="VBD" ot="notag">had</wf>
<wf cmd="done" pos="VB" lemma="give_rise" wnsn="1" lexsn="2:36:01::">given_rise</wf>
<wf cmd="done" pos="VB" ot="notag">to</wf>
<wf cmd="ignore" pos="DT">the</wf>
<wf cmd="tag" pos="NN">possibility</wf>
<wf cmd="ignore" pos="IN">of</wf>
<wf cmd="tag" pos="NN">divorce</wf>
<punc>.</punc>
</s>
<s snum="81">
<wf cmd="ignore" pos="DT">The</wf>
<wf cmd="tag" pos="NNS">interviews</wf>
<wf cmd="done" pos="VBP" ot="notag">have</wf>
<wf cmd="done" pos="VB" lemma="lead" wnsn="1" lexsn="2:38:01::">led</wf>
<wf cmd="ignore" pos="DT">each</wf>
<wf cmd="ignore" pos="IN">of</wf>
<wf cmd="ignore" pos="PRP">them</wf>
<wf cmd="ignore" pos="TO">to</wf>
<wf cmd="ignore" pos="DT">a</wf>
<wf cmd="tag" pos="JJ">new</wf>
<wf cmd="tag" pos="NN">appreciation</wf>
<wf cmd="ignore" pos="IN">of</wf>
<wf cmd="ignore" pos="DT">the</wf>
<wf cmd="tag" pos="NNS">problems</wf>
<wf cmd="done" pos="VB" lemma="confront" wnsn="1" lexsn="2:33:00::">confronting</wf>
<wf cmd="ignore" pos="DT">the</wf>
<wf cmd="tag" pos="NN">other</wf>
<punc>.</punc>
</s>
<s snum="82">
<wf cmd="ignore" pos="PRP">They</wf>
<wf cmd="done" pos="VBP" ot="notag">are</wf>
<wf cmd="tag" pos="RB">now</wf>
<wf cmd="done" pos="VB" lemma="work" wnsn="1" lexsn="2:41:02::">working</wf>
<wf cmd="tag" pos="RB">together</wf>
<wf cmd="ignore" pos="IN">toward</wf>
<wf cmd="done" pos="VB" lemma="solve" wnsn="2" lexsn="2:31:01::">solving</wf>
<wf cmd="ignore" pos="PRP$">their</wf>
<wf cmd="tag" pos="NNS">difficulties</wf>
<punc>.</punc>
</s>
</p>
<p pnum="46">
<s snum="83">
<wf cmd="tag" pos="NNP">John</wf>
<wf cmd="done" pos="VB" lemma="receive" wnsn="1" lexsn="2:40:00::">received</wf>
<wf cmd="ignore" pos="DT">a</wf>
<wf cmd="tag" pos="NN">promotion</wf>
<wf cmd="ignore" pos="IN">in</wf>
<wf cmd="ignore" pos="PRP$">his</wf>
<wf cmd="tag" pos="NN">firm</wf>
<punc>.</punc>
</s>
<s snum="84">
<wf cmd="ignore" pos="PRP">He</wf>
<wf cmd="done" pos="VB" lemma="give" wnsn="21" lexsn="2:32:02::">gives</wf>
<wf cmd="tag" pos="NN">credit</wf>
<wf cmd="ignore" pos="IN">for</wf>
<wf cmd="ignore" pos="DT">the</wf>
<wf cmd="tag" pos="NN">promotion</wf>
<wf cmd="ignore" pos="TO">to</wf>
<wf cmd="ignore" pos="PRP$">his</wf>
<wf cmd="tag" pos="JJ">new</wf>
<wf cmd="tag" pos="NN">outlook</wf>
<wf cmd="ignore" pos="IN">on</wf>
<wf cmd="tag" pos="NN">life</wf>
<punc>.</punc>
</s>
<s snum="85">
<wf cmd="tag" pos="NNP">Mary</wf>
<wf cmd="done" pos="VB" lemma="be" wnsn="1" lexsn="2:42:03::">is</wf>
<wf cmd="tag" pos="JJ">cheery</wf>
<wf cmd="ignore" pos="CC">and</wf>
<wf cmd="tag" pos="JJ">gay</wf>
<wf cmd="ignore" pos="WRB">when</wf>
<wf cmd="ignore" pos="PRP$">her</wf>
<wf cmd="tag" pos="NN">husband</wf>
<wf cmd="done" pos="VB" lemma="come" wnsn="2" lexsn="2:38:04::">comes</wf>
<wf cmd="tag" pos="RB">home</wf>
<wf cmd="ignore" pos="IN">in</wf>
<wf cmd="ignore" pos="DT">the</wf>
<wf cmd="tag" pos="NNS">evenings</wf>
<punc>,</punc>
<wf cmd="ignore" pos="CC">and</wf>
<wf cmd="ignore" pos="DT">the</wf>
<wf cmd="tag" pos="NNS">children</wf>
<wf cmd="ignore" pos="POS">'s</wf>
<wf cmd="tag" pos="NN">bed-time</wf>
<wf cmd="done" pos="VBZ" ot="notag">is</wf>
<wf cmd="tag" pos="RB">frequently</wf>
<wf cmd="done" rdf="preceded" pos="VB" lemma="precede" wnsn="1" lexsn="2:42:00::">preceeded</wf>
<wf cmd="ignore" pos="IN">by</wf>
<wf cmd="ignore" pos="DT">a</wf>
<wf cmd="tag" pos="NN">session</wf>
<wf cmd="ignore" pos="IN">of</wf>
<wf cmd="tag" pos="JJ">happy</wf>
<punc>,</punc>
<wf cmd="tag" pos="NN">family</wf>
<wf cmd="tag" pos="NN">rough-housing</wf>
<punc>.</punc>
</s>
</p>
<p pnum="47">
<s snum="86">
<wf cmd="ignore" pos="TO">To</wf>
<wf cmd="tag" pos="NNS">outsiders</wf>
<punc>,</punc>
<wf cmd="ignore" pos="DT">the</wf>
<wf cmd="tag" pos="NNS">Blacks</wf>
<wf cmd="done" pos="VB" lemma="seem" wnsn="1" lexsn="2:39:00::">seem</wf>
<wf cmd="ignore" pos="TO">to</wf>
<wf cmd="done" pos="VB" lemma="be" wnsn="1" lexsn="2:42:03::">be</wf>
<wf cmd="ignore" pos="DT">an</wf>
<wf cmd="tag" pos="JJ">ordinary</wf>
<punc>,</punc>
<wf cmd="tag" pos="JJ">happy</wf>
<wf cmd="tag" pos="NN">family</wf>
<punc>,</punc>
<wf cmd="ignore" pos="CC">and</wf>
<wf cmd="ignore" pos="PRP">they</wf>
<wf cmd="done" pos="VB" lemma="be" wnsn="1" lexsn="2:42:03::">are</wf>
<punc>-</punc>
<wf cmd="ignore" pos="CC">but</wf>
<wf cmd="ignore" pos="IN">with</wf>
<wf cmd="ignore" pos="DT">a</wf>
<wf cmd="tag" pos="NN">difference</wf>
<punc>.</punc>
</s>
<s snum="87">
<wf cmd="ignore" pos="PRP">They</wf>
<wf cmd="done" pos="VB" lemma="know" wnsn="1" lexsn="2:31:01::">know</wf>
<wf cmd="ignore" pos="DT">the</wf>
<wf cmd="tag" pos="NN">value</wf>
<wf cmd="ignore" pos="IN">of</wf>
<wf cmd="done" pos="VB" lemma="be" wnsn="1" lexsn="2:42:03::">being</wf>
<wf cmd="tag" pos="RB">just</wf>
<wf cmd="ignore" pos="IN">that</wf>
<punc>-</punc>
<wf cmd="ignore" pos="DT">an</wf>
<wf cmd="tag" pos="JJ">ordinary</wf>
<punc>,</punc>
<wf cmd="tag" pos="JJ">happy</wf>
<wf cmd="tag" pos="NN">family</wf>
<punc>.</punc>
</s>
</p>
<p pnum="48">
<s snum="88">
<wf cmd="tag" pos="NNP">Family_Service</wf>
<wf cmd="done" pos="VBZ" ot="notag">has</wf>
<wf cmd="done" pos="VB" lemma="help" wnsn="1" lexsn="2:41:00::">helped</wf>
<wf cmd="tag" pos="NNS">hundreds</wf>
<wf cmd="ignore" pos="IN">of</wf>
<wf cmd="tag" pos="NNS">families</wf>
<wf cmd="tag" pos="RB">in_this</wf>
<wf cmd="tag" pos="NN">area</wf>
<punc>.</punc>
</s>
<s snum="89">
<wf cmd="tag" pos="RB">Perhaps</wf>
<wf cmd="ignore" pos="TO">to</wf>
<wf cmd="ignore" pos="DT">some</wf>
<wf cmd="ignore" pos="PRP$">their</wf>
<wf cmd="tag" pos="NN">work</wf>
<wf cmd="done" pos="VBZ" ot="notag">does</wf>
<wf cmd="tag" pos="RB">not</wf>
<wf cmd="done" pos="VB" lemma="seem" wnsn="1" lexsn="2:39:00::">seem</wf>
<wf cmd="tag" pos="RB">particularly</wf>
<wf cmd="tag" pos="JJ">vital</wf>
<punc>.</punc>
</s>
<s snum="90">
<wf cmd="ignore" pos="CC">But</wf>
<wf cmd="ignore" pos="TO">to</wf>
<wf cmd="ignore" pos="DT">the</wf>
<wf cmd="tag" pos="NNS">families</wf>
<wf cmd="ignore" pos="PRP">it</wf>
<wf cmd="done" pos="VB" lemma="serve" wnsn="7" lexsn="2:41:02::">serves</wf>
<punc>,</punc>
<wf cmd="ignore" pos="PRP$">their</wf>
<wf cmd="tag" pos="NN">help</wf>
<wf cmd="ignore" pos="MD">cannot</wf>
<wf cmd="done" pos="VB" ot="notag">be</wf>
<wf cmd="done" pos="VB" lemma="measure" wnsn="2" lexsn="2:30:00::">measured</wf>
<punc>.</punc>
</s>
<s snum="91">
<wf cmd="tag" pos="NNP">Family_Service</wf>
<wf cmd="ignore" pos="MD">could</wf>
<wf cmd="tag" pos="RB">not</wf>
<wf cmd="done" pos="VB" lemma="open" wnsn="2" lexsn="2:41:00::">open</wf>
<wf cmd="ignore" pos="PRP$">its</wf>
<wf cmd="tag" pos="NNS">doors</wf>
<wf cmd="ignore" pos="TO">to</wf>
<wf cmd="ignore" pos="DT">a</wf>
<wf cmd="tag" pos="JJ">single</wf>
<wf cmd="tag" pos="NN">family</wf>
<wf cmd="ignore" pos="IN">without</wf>
<wf cmd="ignore" pos="DT">the</wf>
<wf cmd="tag" pos="JJ">financial</wf>
<wf cmd="tag" pos="NN">support</wf>
<wf cmd="ignore" pos="IN">of</wf>
<wf cmd="ignore" pos="DT">the</wf>
<wf cmd="tag" pos="NNP">United_Givers_Fund</wf>
<punc>.</punc>
</s>
</p>
<p pnum="49">
<s snum="92">
<wf cmd="tag" pos="JJ">Anticipated</wf>
<wf cmd="tag" pos="JJ">heavy</wf>
<wf cmd="tag" pos="NN">traffic</wf>
<wf cmd="ignore" pos="IN">along</wf>
<wf cmd="ignore" pos="DT">the</wf>
<wf cmd="tag" pos="NNP">Skyline_Drive</wf>
<wf cmd="done" pos="VB" lemma="fail" wnsn="1" lexsn="2:41:02::">failed</wf>
<wf cmd="ignore" pos="TO">to</wf>
<wf cmd="done" pos="VB" lemma="materialize" wnsn="1" lexsn="2:30:00::">materialize</wf>
<wf cmd="tag" pos="NN">yesterday</wf>
<punc>,</punc>
<wf cmd="tag" pos="NN">park</wf>
<wf cmd="tag" pos="NNS">rangers</wf>
<wf cmd="done" pos="VB" lemma="say" wnsn="1" lexsn="2:32:00::">said</wf>
<punc>,</punc>
<wf cmd="ignore" pos="CC">and</wf>
<wf cmd="ignore" pos="DT">those</wf>
<wf cmd="ignore" pos="WP">who</wf>
<wf cmd="done" pos="VB" lemma="make" wnsn="1" lexsn="2:41:00::">made</wf>
<wf cmd="ignore" pos="DT">the</wf>
<wf cmd="tag" pos="NN">trip</wf>
<wf cmd="done" pos="VB" lemma="get" wnsn="7" lexsn="2:39:00::">got</wf>
<wf cmd="ignore" pos="DT">a</wf>
<wf cmd="tag" pos="JJ">leisurely</wf>
<wf cmd="tag" pos="NN">view</wf>
<wf cmd="ignore" pos="IN">of</wf>
<wf cmd="ignore" pos="DT">the</wf>
<wf cmd="tag" pos="NN">fall</wf>
<wf cmd="tag" pos="NNS">colors</wf>
<wf cmd="ignore" pos="IN">through</wf>
<wf cmd="tag" pos="NNS">skies</wf>
<wf cmd="done" pos="VB" lemma="sweep" wnsn="6" lexsn="2:35:01::">swept</wf>
<wf cmd="tag" pos="JJ">clear</wf>
<wf cmd="ignore" pos="IN">of</wf>
<wf cmd="tag" pos="NN">haze</wf>
<punc>.</punc>
</s>
</p>
</context>
</contextfile>
