<contextfile concordance="brown">
<context filename="br-b07" paras="yes">
<p pnum="1">
<s snum="1">
<wf cmd="tag" pos="NNP">Ambassador_Stevenson</wf>
<wf cmd="tag" pos="NN">yesterday</wf>
<wf cmd="done" pos="VB" lemma="describe" wnsn="2" lexsn="2:32:01::">described</wf>
<wf cmd="ignore" pos="DT">the</wf>
<wf cmd="tag" pos="NNP">U.</wf>
<wf cmd="tag" pos="NN">N</wf>
<punc>.</punc>
<wf cmd="ignore" pos="POS">'s</wf>
<wf cmd="tag" pos="NN">problem</wf>
<wf cmd="ignore" pos="IN">of</wf>
<wf cmd="done" pos="VB" lemma="elect" wnsn="1" lexsn="2:41:00::">electing</wf>
<wf cmd="ignore" pos="DT">a</wf>
<wf cmd="tag" pos="JJ">temporary</wf>
<wf cmd="tag" pos="NN">successor</wf>
<wf cmd="ignore" pos="TO">to</wf>
<wf cmd="ignore" pos="DT">the</wf>
<wf cmd="tag" pos="JJ">late</wf>
<wf cmd="tag" pos="NNP">Dag_Hammarskjold</wf>
<wf cmd="ignore" pos="IN">as</wf>
<punc>``</punc>
<wf cmd="ignore" pos="DT">the</wf>
<wf cmd="tag" pos="JJS">gravest</wf>
<wf cmd="tag" pos="NN">crisis</wf>
<wf cmd="ignore" pos="DT">the</wf>
<wf cmd="tag" pos="NN">institution</wf>
<wf cmd="done" pos="VBZ" ot="notag">has</wf>
<wf cmd="done" pos="VB" lemma="face" wnsn="1" lexsn="2:32:00::">faced</wf>
<punc>''</punc>
<punc>.</punc>
</s>
<s snum="2">
<wf cmd="tag" pos="RB">Of_course</wf>
<wf cmd="ignore" pos="PRP">it</wf>
<wf cmd="done" pos="VB" lemma="be" wnsn="1" lexsn="2:42:03::">is</wf>
<punc>.</punc>
</s>
<s snum="3">
<wf cmd="ignore" pos="IN">If</wf>
<wf cmd="ignore" pos="DT">the</wf>
<wf cmd="tag" pos="NN">decision</wf>
<wf cmd="done" pos="VB" lemma="go_wrong" wnsn="1" lexsn="2:41:00::">goes_wrong</wf>
<punc>,</punc>
<wf cmd="ignore" pos="PRP">it</wf>
<wf cmd="ignore" pos="MD">may</wf>
<wf cmd="done" pos="VB" lemma="be" wnsn="1" lexsn="2:42:03::">be</wf>
<punc>-</punc>
<wf cmd="ignore" pos="IN">as</wf>
<wf cmd="tag" pos="NNP">Mr._Stevenson</wf>
<wf cmd="done" pos="VB" lemma="fear" wnsn="1" lexsn="2:37:03::">fears</wf>
<punc>-</punc>
<punc>``</punc>
<wf cmd="ignore" pos="DT">the</wf>
<wf cmd="tag" pos="NN">first_step</wf>
<wf cmd="ignore" pos="IN">on</wf>
<wf cmd="ignore" pos="DT">the</wf>
<wf cmd="tag" pos="JJ">slippery</wf>
<wf cmd="tag" pos="NN">path</wf>
<wf cmd="tag" pos="RB">downhill</wf>
<punc>''</punc>
<wf cmd="ignore" pos="TO">to</wf>
<wf cmd="ignore" pos="DT">a</wf>
<wf cmd="tag" pos="NNP">U._N.</wf>
<wf cmd="ignore" pos="IN">without</wf>
<wf cmd="tag" pos="JJ">operational</wf>
<wf cmd="tag" pos="NNS">responsibilities</wf>
<wf cmd="ignore" pos="CC">and</wf>
<wf cmd="ignore" pos="IN">without</wf>
<wf cmd="tag" pos="JJ">effective</wf>
<wf cmd="tag" pos="NN">meaning</wf>
<punc>.</punc>
</s>
</p>
<p pnum="2">
<s snum="4">
<wf cmd="ignore" pos="DT">The</wf>
<wf cmd="tag" pos="NN">integrity</wf>
<wf cmd="ignore" pos="IN">of</wf>
<wf cmd="ignore" pos="DT">the</wf>
<wf cmd="tag" pos="NN">office</wf>
<wf cmd="tag" pos="RB">not</wf>
<wf cmd="tag" pos="RB">merely</wf>
<wf cmd="done" pos="VB" lemma="require" wnsn="1" lexsn="2:42:00::">requires</wf>
<wf cmd="ignore" pos="IN">that</wf>
<wf cmd="ignore" pos="DT">the</wf>
<wf cmd="tag" pos="NN">Secretary_General</wf>
<wf cmd="ignore" pos="MD">shall</wf>
<wf cmd="done" pos="VB" lemma="be" wnsn="1" lexsn="2:42:03::">be</wf>
<punc>,</punc>
<wf cmd="ignore" pos="IN">as</wf>
<wf cmd="ignore" pos="DT">the</wf>
<wf cmd="tag" pos="NNP">Charter</wf>
<wf cmd="done" pos="VB" lemma="put" wnsn="3" lexsn="2:32:00::">puts</wf>
<wf cmd="ignore" pos="PRP">it</wf>
<punc>,</punc>
<punc>``</punc>
<wf cmd="ignore" pos="DT">the</wf>
<wf cmd="tag" pos="JJ">chief</wf>
<wf cmd="tag" pos="JJ">administrative</wf>
<wf cmd="tag" pos="NN">officer</wf>
<wf cmd="ignore" pos="IN">of</wf>
<wf cmd="ignore" pos="DT">the</wf>
<wf cmd="tag" pos="NN">Organization</wf>
<punc>''</punc>
<punc>,</punc>
<wf cmd="ignore" pos="CC">but</wf>
<wf cmd="ignore" pos="IN">that</wf>
<wf cmd="ignore" pos="DT">neither</wf>
<wf cmd="ignore" pos="PRP">he</wf>
<wf cmd="ignore" pos="CC">nor</wf>
<wf cmd="ignore" pos="PRP$">his</wf>
<wf cmd="tag" pos="NN">staff</wf>
<wf cmd="ignore" pos="MD">shall</wf>
<wf cmd="done" pos="VB" lemma="seek" wnsn="1" lexsn="2:40:00::">seek</wf>
<wf cmd="ignore" pos="CC">or</wf>
<wf cmd="done" pos="VB" lemma="receive" wnsn="1" lexsn="2:40:00::">receive</wf>
<wf cmd="tag" pos="NNS">instructions</wf>
<wf cmd="ignore" pos="IN">from</wf>
<wf cmd="ignore" pos="DT">any</wf>
<wf cmd="tag" pos="NN">government</wf>
<wf cmd="ignore" pos="CC">or</wf>
<wf cmd="ignore" pos="DT">any</wf>
<wf cmd="tag" pos="JJ">other</wf>
<wf cmd="tag" pos="NN">authority</wf>
<punc>``</punc>
<wf cmd="tag" pos="JJ">external</wf>
<wf cmd="ignore" pos="TO">to</wf>
<wf cmd="ignore" pos="DT">the</wf>
<wf cmd="tag" pos="NN">Organization</wf>
<punc>''</punc>
<punc>.</punc>
</s>
<s snum="5">
<wf cmd="tag" pos="RB">In_other_words</wf>
<punc>,</punc>
<wf cmd="ignore" pos="DT">the</wf>
<wf cmd="tag" pos="NN">Secretary_General</wf>
<wf cmd="done" pos="VBZ" ot="notag">is</wf>
<wf cmd="ignore" pos="TO">to</wf>
<wf cmd="done" pos="VB" lemma="be" wnsn="1" lexsn="2:42:03::">be</wf>
<wf cmd="ignore" pos="DT">a</wf>
<wf cmd="tag" pos="JJ">nonpartisan</wf>
<punc>,</punc>
<wf cmd="tag" pos="JJ">international</wf>
<wf cmd="tag" pos="NN">servant</wf>
<punc>,</punc>
<wf cmd="tag" pos="RB">not</wf>
<wf cmd="ignore" pos="DT">a</wf>
<wf cmd="tag" pos="JJ">political</wf>
<punc>,</punc>
<wf cmd="tag" pos="JJ">national</wf>
<wf cmd="tag" pos="CD">one</wf>
<punc>.</punc>
</s>
<s snum="6">
<wf cmd="ignore" pos="PRP">He</wf>
<wf cmd="ignore" pos="MD">should</wf>
<wf cmd="done" pos="VB" lemma="be" wnsn="1" lexsn="2:42:03::">be</wf>
<punc>,</punc>
<wf cmd="ignore" pos="IN">as</wf>
<wf cmd="tag" pos="NNP">Dag_Hammarskjold</wf>
<wf cmd="tag" pos="RB">certainly</wf>
<wf cmd="done" pos="VB" lemma="be" wnsn="1" lexsn="2:42:03::">was</wf>
<punc>,</punc>
<wf cmd="ignore" pos="DT">a</wf>
<wf cmd="tag" pos="NN">citizen</wf>
<wf cmd="ignore" pos="IN">of</wf>
<wf cmd="ignore" pos="DT">the</wf>
<wf cmd="tag" pos="NN">world</wf>
<punc>.</punc>
</s>
</p>
<p pnum="3">
<s snum="7">
<wf cmd="ignore" pos="DT">The</wf>
<wf cmd="tag" pos="NNP">Charter</wf>
<wf cmd="done" pos="VBZ" ot="notag">does</wf>
<wf cmd="done" pos="VB" lemma="stipulate" wnsn="1" lexsn="2:32:00::">stipulate</wf>
<wf cmd="ignore" pos="IN">that</wf>
<punc>``</punc>
<wf cmd="tag" pos="JJ">due</wf>
<wf cmd="tag" pos="NN">regard</wf>
<punc>''</punc>
<wf cmd="ignore" pos="MD">shall</wf>
<wf cmd="done" pos="VB" ot="notag">be</wf>
<wf cmd="done" pos="VB" lemma="pay" wnsn="6" lexsn="2:31:00::">paid</wf>
<wf cmd="ignore" pos="TO">to</wf>
<wf cmd="ignore" pos="DT">the</wf>
<wf cmd="tag" pos="NN">importance</wf>
<wf cmd="ignore" pos="IN">of</wf>
<wf cmd="done" pos="VB" lemma="recruit" wnsn="1" lexsn="2:41:01::">recruiting</wf>
<wf cmd="ignore" pos="DT">the</wf>
<wf cmd="tag" pos="NN">staff</wf>
<wf cmd="tag" pos="RB">on</wf>
<punc>``</punc>
<wf cmd="ignore" pos="IN">as</wf>
<wf cmd="tag" pos="JJ">wide</wf>
<wf cmd="ignore" pos="DT">a</wf>
<wf cmd="tag" pos="JJ">geographical</wf>
<wf cmd="tag" pos="NN">basis</wf>
<wf cmd="ignore" pos="IN">as</wf>
<wf cmd="tag" pos="JJ">possible</wf>
<punc>''</punc>
<punc>.</punc>
</s>
<s snum="8">
<wf cmd="ignore" pos="DT">The</wf>
<wf cmd="tag" pos="NN">United_States</wf>
<wf cmd="ignore" pos="CC">and</wf>
<wf cmd="ignore" pos="PRP$">its</wf>
<wf cmd="tag" pos="NNS">allies</wf>
<wf cmd="done" pos="VBP" ot="notag">have</wf>
<wf cmd="done" pos="VB" lemma="have" wnsn="1" lexsn="2:40:00::">had</wf>
<wf cmd="ignore" pos="DT">no</wf>
<wf cmd="tag" pos="NN">objection</wf>
<wf cmd="ignore" pos="TO">to</wf>
<wf cmd="ignore" pos="DT">this</wf>
<punc>.</punc>
</s>
<s snum="9">
<wf cmd="ignore" pos="WP">What</wf>
<wf cmd="ignore" pos="PRP">they</wf>
<wf cmd="done" pos="VBP" ot="notag">have</wf>
<wf cmd="done" pos="VB" lemma="object" wnsn="1" lexsn="2:32:00::">objected</wf>
<wf cmd="ignore" pos="TO">to</wf>
<wf cmd="done" pos="VB" lemma="be" wnsn="1" lexsn="2:42:03::">is</wf>
<wf cmd="ignore" pos="DT">the</wf>
<wf cmd="tag" pos="NN">attempt</wf>
<wf cmd="ignore" pos="IN">of</wf>
<wf cmd="ignore" pos="DT">the</wf>
<wf cmd="tag" pos="NNPS">Russians</wf>
<wf cmd="ignore" pos="TO">to</wf>
<wf cmd="done" pos="VB" lemma="make" wnsn="1" lexsn="2:41:00::">make</wf>
<wf cmd="tag" pos="NN">use</wf>
<wf cmd="done" pos="VB" ot="notag">of</wf>
<wf cmd="ignore" pos="DT">the</wf>
<wf cmd="tag" pos="NN">tragedy</wf>
<wf cmd="ignore" pos="IN">of</wf>
<wf cmd="tag" pos="NNP">Dag_Hammarskjold</wf>
<wf cmd="ignore" pos="POS">'s</wf>
<wf cmd="tag" pos="NN">death</wf>
<wf cmd="ignore" pos="TO">to</wf>
<wf cmd="done" rdf="turn_into" pos="VB" lemma="turn_into" wnsn="0" lexsn="2:42:00::">turn</wf>
<wf cmd="ignore" pos="DT">the</wf>
<wf cmd="tag" pos="JJ">entire</wf>
<wf cmd="tag" pos="NNP">U._N.</wf>
<wf cmd="tag" pos="NN">staff</wf>
<wf cmd="ignore" pos="IN">from</wf>
<wf cmd="ignore" pos="DT">the</wf>
<wf cmd="tag" pos="NNP">Secretary</wf>
<wf cmd="tag" pos="RB">down</wf>
<wf cmd="ignore" pos="IN">into</wf>
<wf cmd="tag" pos="JJ">political</wf>
<wf cmd="tag" pos="NNS">agents</wf>
<wf cmd="ignore" pos="IN">of</wf>
<wf cmd="ignore" pos="DT">the</wf>
<wf cmd="tag" pos="JJ">respective</wf>
<wf cmd="tag" pos="NNS">countries</wf>
<wf cmd="ignore" pos="IN">from</wf>
<wf cmd="ignore" pos="WDT">which</wf>
<wf cmd="ignore" pos="PRP">they</wf>
<wf cmd="done" pos="VB" lemma="come" wnsn="8" lexsn="2:42:09::">come</wf>
<punc>.</punc>
</s>
</p>
<p pnum="4">
<s snum="10">
<wf cmd="ignore" pos="DT">The</wf>
<wf cmd="tag" pos="NN">controversy</wf>
<wf cmd="tag" pos="RB">now</wf>
<wf cmd="done" rdf="revolve_around" pos="VB" lemma="revolve_around" wnsn="1" lexsn="2:42:00::">revolves</wf>
<wf cmd="tag" pos="RB">mainly</wf>
<wf cmd="ignore" pos="IN">around</wf>
<wf cmd="ignore" pos="DT">the</wf>
<wf cmd="tag" pos="NN">number</wf>
<wf cmd="ignore" pos="CC">and</wf>
<wf cmd="tag" pos="JJ">geographic</wf>
<wf cmd="tag" pos="NN">origin</wf>
<wf cmd="ignore" pos="IN">of</wf>
<wf cmd="ignore" pos="DT">the</wf>
<wf cmd="tag" pos="NNS">deputies</wf>
<wf cmd="ignore" pos="IN">of</wf>
<wf cmd="ignore" pos="DT">the</wf>
<wf cmd="tag" pos="NN">Secretary_General</wf>
<wf cmd="ignore" pos="CC">and</wf>
<punc>,</punc>
<wf cmd="tag" pos="RBR">more</wf>
<wf cmd="tag" pos="RB">particularly</wf>
<punc>,</punc>
<wf cmd="ignore" pos="IN">around</wf>
<wf cmd="ignore" pos="DT">the</wf>
<wf cmd="tag" pos="NN">nature</wf>
<wf cmd="ignore" pos="IN">of</wf>
<wf cmd="ignore" pos="PRP$">his</wf>
<wf cmd="tag" pos="NN">relationship</wf>
<wf cmd="ignore" pos="IN">with</wf>
<wf cmd="ignore" pos="PRP">them</wf>
<punc>.</punc>
</s>
<s snum="11">
<wf cmd="ignore" pos="IN">Although</wf>
<wf cmd="ignore" pos="DT">the</wf>
<wf cmd="tag" pos="NN">United_States</wf>
<wf cmd="ignore" pos="CC">and</wf>
<wf cmd="ignore" pos="DT">the</wf>
<wf cmd="tag" pos="NNP">U._S._S._R.</wf>
<wf cmd="done" pos="VBP" ot="notag">have</wf>
<wf cmd="done" pos="VBN" ot="notag">been</wf>
<wf cmd="done" pos="VB" lemma="argue" wnsn="2" lexsn="2:32:00::">arguing</wf>
<wf cmd="ignore" pos="IN">whether</wf>
<wf cmd="ignore" pos="EX">there</wf>
<wf cmd="ignore" pos="MD">shall</wf>
<wf cmd="done" pos="VB" lemma="be" wnsn="5" lexsn="2:42:04::">be</wf>
<wf cmd="tag" pos="CD">four</wf>
<punc>,</punc>
<wf cmd="tag" pos="CD">five</wf>
<wf cmd="ignore" pos="CC">or</wf>
<wf cmd="tag" pos="CD">six</wf>
<wf cmd="tag" pos="JJ">top</wf>
<wf cmd="tag" pos="NNS">assistants</wf>
<punc>,</punc>
<wf cmd="tag" pos="RB">the_most</wf>
<wf cmd="tag" pos="JJ">important</wf>
<wf cmd="tag" pos="NN">element</wf>
<wf cmd="ignore" pos="IN">in</wf>
<wf cmd="ignore" pos="DT">the</wf>
<wf cmd="tag" pos="NN">situation</wf>
<wf cmd="done" pos="VB" lemma="be" wnsn="1" lexsn="2:42:03::">is</wf>
<wf cmd="tag" pos="RB">not</wf>
<wf cmd="ignore" pos="DT">the</wf>
<wf cmd="tag" pos="NN">number</wf>
<wf cmd="ignore" pos="IN">of</wf>
<wf cmd="tag" pos="NNS">deputies</wf>
<wf cmd="ignore" pos="CC">but</wf>
<wf cmd="ignore" pos="DT">the</wf>
<wf cmd="tag" pos="NN">manner</wf>
<wf cmd="tag" pos="RB">in_which</wf>
<wf cmd="ignore" pos="DT">these</wf>
<wf cmd="tag" pos="NNS">deputies</wf>
<wf cmd="done" pos="VBP" ot="notag">are</wf>
<wf cmd="ignore" pos="TO">to</wf>
<wf cmd="done" pos="VB" lemma="do" wnsn="3" lexsn="2:41:04::">do</wf>
<wf cmd="ignore" pos="PRP$">their</wf>
<wf cmd="tag" pos="NN">work</wf>
<punc>.</punc>
</s>
</p>
<p pnum="5">
<s snum="12">
<wf cmd="ignore" pos="IN">If</wf>
<wf cmd="ignore" pos="DT">any</wf>
<wf cmd="tag" pos="CD">one</wf>
<wf cmd="ignore" pos="IN">of</wf>
<wf cmd="ignore" pos="PRP">them</wf>
<wf cmd="done" pos="VB" lemma="have" wnsn="1" lexsn="2:40:00::">has</wf>
<wf cmd="ignore" pos="DT">any</wf>
<wf cmd="tag" pos="NN">power</wf>
<wf cmd="ignore" pos="TO">to</wf>
<wf cmd="done" pos="VB" lemma="veto" wnsn="2" lexsn="2:32:00::">veto</wf>
<wf cmd="ignore" pos="DT">the</wf>
<wf cmd="tag" pos="NN">Secretary_General</wf>
<wf cmd="ignore" pos="POS">'s</wf>
<wf cmd="tag" pos="NNS">decisions</wf>
<wf cmd="ignore" pos="DT">the</wf>
<wf cmd="tag" pos="NN">nature</wf>
<wf cmd="ignore" pos="IN">of</wf>
<wf cmd="ignore" pos="DT">the</wf>
<wf cmd="tag" pos="NN">organization</wf>
<wf cmd="ignore" pos="MD">will</wf>
<wf cmd="done" pos="VB" ot="notag">have</wf>
<wf cmd="done" pos="VB" lemma="change" wnsn="2" lexsn="2:30:00::">changed</wf>
<punc>.</punc>
</s>
<s snum="13">
<wf cmd="ignore" pos="IN">If</wf>
<wf cmd="ignore" pos="PRP">they</wf>
<wf cmd="done" pos="VB" lemma="give" wnsn="1" lexsn="2:40:03::">give</wf>
<wf cmd="ignore" pos="PRP">him</wf>
<wf cmd="tag" pos="NN">advice</wf>
<wf cmd="ignore" pos="WRB">when</wf>
<wf cmd="ignore" pos="PRP">he</wf>
<wf cmd="done" pos="VB" lemma="ask" wnsn="2" lexsn="2:32:01::">asks</wf>
<wf cmd="ignore" pos="PRP">it</wf>
<punc>,</punc>
<wf cmd="ignore" pos="CC">or</wf>
<wf cmd="ignore" pos="IN">if</wf>
<wf cmd="ignore" pos="PRP">they</wf>
<wf cmd="done" pos="VB" lemma="perform" wnsn="2" lexsn="2:41:02::">perform</wf>
<wf cmd="tag" pos="JJ">specified</wf>
<wf cmd="tag" pos="NNS">duties</wf>
<wf cmd="ignore" pos="IN">under</wf>
<wf cmd="ignore" pos="PRP$">his</wf>
<wf cmd="tag" pos="NN">direction</wf>
<punc>,</punc>
<wf cmd="ignore" pos="DT">the</wf>
<wf cmd="tag" pos="NN">nature</wf>
<wf cmd="ignore" pos="IN">of</wf>
<wf cmd="ignore" pos="DT">the</wf>
<wf cmd="tag" pos="NNP">U._N.</wf>
<wf cmd="ignore" pos="MD">will</wf>
<wf cmd="tag" pos="RB">not</wf>
<wf cmd="tag" pos="RB">of_necessity</wf>
<wf cmd="done" pos="VB" lemma="change" wnsn="2" lexsn="2:30:00::">change</wf>
<punc>.</punc>
</s>
<s snum="14">
<wf cmd="ignore" pos="DT">The</wf>
<wf cmd="tag" pos="NN">Secretary_General</wf>
<wf cmd="ignore" pos="MD">must</wf>
<wf cmd="done" pos="VB" lemma="have" wnsn="1" lexsn="2:40:00::">have</wf>
<punc>,</punc>
<wf cmd="tag" pos="JJ">subject_to</wf>
<wf cmd="ignore" pos="DT">the</wf>
<wf cmd="tag" pos="JJ">constitutional</wf>
<wf cmd="tag" pos="NN">direction</wf>
<wf cmd="ignore" pos="IN">of</wf>
<wf cmd="ignore" pos="DT">the</wf>
<wf cmd="tag" pos="NN">Security_Council</wf>
<wf cmd="ignore" pos="CC">and</wf>
<wf cmd="ignore" pos="DT">the</wf>
<wf cmd="tag" pos="NN">General_Assembly</wf>
<punc>,</punc>
<wf cmd="ignore" pos="DT">the</wf>
<wf cmd="tag" pos="NN">power</wf>
<wf cmd="ignore" pos="TO">to</wf>
<wf cmd="done" pos="VB" lemma="act" wnsn="1" lexsn="2:41:00::">act</wf>
<punc>,</punc>
<wf cmd="ignore" pos="TO">to</wf>
<wf cmd="done" pos="VB" lemma="propose" wnsn="1" lexsn="2:32:00::">propose</wf>
<wf cmd="tag" pos="NN">action</wf>
<wf cmd="ignore" pos="CC">and</wf>
<wf cmd="ignore" pos="TO">to</wf>
<wf cmd="done" pos="VB" lemma="organize" wnsn="3" lexsn="2:31:00::">organize</wf>
<wf cmd="tag" pos="NN">action</wf>
<wf cmd="ignore" pos="IN">without</wf>
<wf cmd="done" pos="VBG" ot="notag">being</wf>
<wf cmd="done" pos="VB" lemma="hobble" wnsn="2" lexsn="2:41:00::">hobbled</wf>
<wf cmd="ignore" pos="IN">by</wf>
<wf cmd="tag" pos="NNS">advisers</wf>
<wf cmd="ignore" pos="CC">and</wf>
<wf cmd="tag" pos="NNS">assistants</wf>
<wf cmd="done" pos="VB" lemma="act_on" wnsn="1" lexsn="2:41:00::">acting_on</wf>
<wf cmd="tag" pos="NN">someone</wf>
<wf cmd="tag" pos="RB">else</wf>
<wf cmd="ignore" pos="POS">'s</wf>
<wf cmd="tag" pos="NNS">instructions</wf>
<punc>.</punc>
</s>
</p>
<p pnum="6">
<s snum="15">
<wf cmd="ignore" pos="DT">This</wf>
<wf cmd="done" pos="VB" lemma="be" wnsn="1" lexsn="2:42:03::">is</wf>
<wf cmd="ignore" pos="DT">the</wf>
<wf cmd="tag" pos="NN">root</wf>
<wf cmd="tag" pos="NN">issue</wf>
<wf cmd="ignore" pos="IN">for</wf>
<wf cmd="ignore" pos="WDT">which</wf>
<wf cmd="ignore" pos="DT">the</wf>
<wf cmd="tag" pos="NN">United_States</wf>
<wf cmd="ignore" pos="MD">should</wf>
<wf cmd="done" pos="VB" lemma="stand" wnsn="4" lexsn="2:42:00::">stand</wf>
<punc>.</punc>
</s>
<s snum="16">
<wf cmd="ignore" pos="PRP">We</wf>
<wf cmd="ignore" pos="MD">should</wf>
<wf cmd="tag" pos="RB">not</wf>
<wf cmd="done" pos="VB" lemma="become" wnsn="1" lexsn="2:30:00::">become</wf>
<wf cmd="tag" pos="JJ">confused</wf>
<wf cmd="ignore" pos="CC">or</wf>
<wf cmd="done" pos="VB" lemma="let" wnsn="1" lexsn="2:41:00::">let</wf>
<wf cmd="ignore" pos="PRP$">our</wf>
<wf cmd="tag" pos="JJ">public</wf>
<wf cmd="done" pos="VB" lemma="become" wnsn="1" lexsn="2:30:00::">become</wf>
<wf cmd="tag" pos="JJ">confused</wf>
<wf cmd="ignore" pos="IN">over</wf>
<wf cmd="tag" pos="JJ">irrelevant</wf>
<wf cmd="tag" pos="NNS">questions</wf>
<wf cmd="ignore" pos="IN">of</wf>
<wf cmd="tag" pos="NN">number</wf>
<wf cmd="ignore" pos="CC">or</wf>
<wf cmd="tag" pos="RB">even</wf>
<wf cmd="ignore" pos="IN">of</wf>
<wf cmd="tag" pos="NN">geography</wf>
<punc>.</punc>
</s>
<s snum="17">
<wf cmd="ignore" pos="WP">What</wf>
<wf cmd="ignore" pos="PRP">we</wf>
<wf cmd="ignore" pos="MD">must</wf>
<wf cmd="done" pos="VB" lemma="have" wnsn="1" lexsn="2:40:00::">have</wf>
<punc>,</punc>
<wf cmd="ignore" pos="IN">if</wf>
<wf cmd="ignore" pos="DT">the</wf>
<wf cmd="tag" pos="NN">United_Nations</wf>
<wf cmd="done" pos="VBZ" ot="notag">is</wf>
<wf cmd="ignore" pos="TO">to</wf>
<wf cmd="done" pos="VB" lemma="survive" wnsn="1" lexsn="2:42:01::">survive</wf>
<punc>,</punc>
<wf cmd="done" pos="VB" lemma="be" wnsn="1" lexsn="2:42:03::">is</wf>
<wf cmd="ignore" pos="IN">as</wf>
<wf cmd="tag" pos="JJ">nonpolitical</wf>
<punc>,</punc>
<wf cmd="tag" pos="JJ">nonpartisan</wf>
<wf cmd="ignore" pos="DT">an</wf>
<wf cmd="tag" pos="NN">organization</wf>
<wf cmd="ignore" pos="IN">at</wf>
<wf cmd="ignore" pos="DT">the</wf>
<wf cmd="tag" pos="NN">top</wf>
<wf cmd="ignore" pos="IN">as</wf>
<wf cmd="tag" pos="NN">human_beings</wf>
<wf cmd="ignore" pos="MD">can</wf>
<wf cmd="done" pos="VB" lemma="make" wnsn="2" lexsn="2:30:00::">make</wf>
<wf cmd="done" pos="VB" ot="notag">it</wf>
<punc>,</punc>
<wf cmd="tag" pos="JJ">subject_to</wf>
<wf cmd="ignore" pos="DT">no</wf>
<wf cmd="tag" pos="JJ">single</wf>
<wf cmd="tag" pos="NN">nation</wf>
<wf cmd="ignore" pos="POS">'s</wf>
<wf cmd="tag" pos="NN">direction</wf>
<wf cmd="ignore" pos="CC">and</wf>
<wf cmd="tag" pos="JJ">subservient</wf>
<wf cmd="ignore" pos="TO">to</wf>
<wf cmd="ignore" pos="DT">no</wf>
<wf cmd="tag" pos="JJ">single</wf>
<wf cmd="tag" pos="NN">nation</wf>
<wf cmd="ignore" pos="POS">'s</wf>
<wf cmd="tag" pos="NN">ambition</wf>
<punc>.</punc>
</s>
</p>
<p pnum="7">
<s snum="18">
<wf cmd="ignore" pos="DT">The</wf>
<wf cmd="tag" pos="JJ">new</wf>
<wf cmd="tag" pos="NNP">City_Charter</wf>
<punc>,</punc>
<wf cmd="ignore" pos="WDT">which</wf>
<wf cmd="ignore" pos="MD">should</wf>
<wf cmd="done" pos="VB" lemma="get" wnsn="4" lexsn="2:30:03::">get</wf>
<wf cmd="ignore" pos="DT">a</wf>
<wf cmd="ignore" pos="UH">Yes</wf>
<wf cmd="tag" pos="NN">vote</wf>
<wf cmd="ignore" pos="IN">as</wf>
<wf cmd="tag" pos="NN">Question</wf>
<wf cmd="tag" pos="NN">No.</wf>
<wf cmd="tag" pos="CD">1</wf>
<wf cmd="ignore" pos="IN">on</wf>
<wf cmd="tag" pos="NNP">Nov.</wf>
<wf cmd="tag" pos="CD">7</wf>
<punc>,</punc>
<wf cmd="ignore" pos="MD">would</wf>
<wf cmd="tag" pos="RB">not</wf>
<wf cmd="done" pos="VB" lemma="make" wnsn="3" lexsn="2:36:00::">make</wf>
<wf cmd="ignore" pos="DT">a</wf>
<wf cmd="tag" pos="JJ">good</wf>
<wf cmd="tag" pos="NNP">Mayor</wf>
<wf cmd="ignore" pos="IN">out</wf>
<wf cmd="ignore" pos="IN">of</wf>
<wf cmd="ignore" pos="DT">a</wf>
<wf cmd="tag" pos="JJ">bad</wf>
<wf cmd="tag" pos="CD">one</wf>
<punc>.</punc>
</s>
<s snum="19">
<wf cmd="ignore" pos="EX">There</wf>
<wf cmd="done" pos="VB" lemma="be" wnsn="5" lexsn="2:42:04::">is</wf>
<wf cmd="ignore" pos="DT">no</wf>
<wf cmd="tag" pos="JJ">such</wf>
<wf cmd="tag" pos="NN">magic</wf>
<wf cmd="ignore" pos="IN">in</wf>
<wf cmd="tag" pos="JJ">man-made</wf>
<wf cmd="tag" pos="NNS">laws</wf>
<punc>.</punc>
</s>
<s snum="20">
<wf cmd="ignore" pos="CC">But</wf>
<wf cmd="ignore" pos="PRP">it</wf>
<wf cmd="ignore" pos="MD">would</wf>
<wf cmd="tag" pos="RB">greatly</wf>
<wf cmd="done" pos="VB" lemma="strengthen" wnsn="1" lexsn="2:30:01::">strengthen</wf>
<wf cmd="ignore" pos="DT">any</wf>
<wf cmd="tag" pos="NNP">Mayor</wf>
<wf cmd="ignore" pos="POS">'s</wf>
<wf cmd="tag" pos="NN">executive</wf>
<wf cmd="tag" pos="NNS">powers</wf>
<punc>,</punc>
<wf cmd="done" pos="VB" lemma="remove" wnsn="1" lexsn="2:30:00::">remove</wf>
<wf cmd="ignore" pos="DT">the</wf>
<wf cmd="tag" pos="NN">excuse</wf>
<wf cmd="ignore" pos="IN">in</wf>
<wf cmd="tag" pos="JJ">large</wf>
<wf cmd="tag" pos="NN">degree</wf>
<wf cmd="ignore" pos="IN">that</wf>
<wf cmd="ignore" pos="PRP">he</wf>
<wf cmd="done" pos="VB" lemma="be" wnsn="1" lexsn="2:42:03::">is</wf>
<wf cmd="ignore" pos="DT">a</wf>
<wf cmd="tag" pos="NN">captive</wf>
<wf cmd="ignore" pos="IN">of</wf>
<wf cmd="tag" pos="NN">inaction</wf>
<wf cmd="ignore" pos="IN">in</wf>
<wf cmd="ignore" pos="DT">the</wf>
<wf cmd="tag" pos="NNP">Board</wf>
<wf cmd="ignore" pos="IN">of</wf>
<wf cmd="tag" pos="NNP">Estimate</wf>
<punc>,</punc>
<wf cmd="done" pos="VB" lemma="increase" wnsn="2" lexsn="2:30:02::">increase</wf>
<wf cmd="ignore" pos="PRP$">his</wf>
<wf cmd="tag" pos="JJ">budget-making</wf>
<wf cmd="tag" pos="NN">authority</wf>
<wf cmd="ignore" pos="DT">both</wf>
<wf cmd="tag" pos="RB">as</wf>
<wf cmd="ignore" pos="TO">to</wf>
<wf cmd="tag" pos="NN">expense</wf>
<wf cmd="ignore" pos="CC">and</wf>
<wf cmd="tag" pos="NN">capital</wf>
<wf cmd="tag" pos="NNS">budgets</wf>
<punc>,</punc>
<wf cmd="ignore" pos="CC">and</wf>
<wf cmd="done" pos="VB" lemma="vest" wnsn="1" lexsn="2:41:00::">vest</wf>
<wf cmd="ignore" pos="IN">in</wf>
<wf cmd="ignore" pos="PRP">him</wf>
<wf cmd="ignore" pos="DT">the</wf>
<wf cmd="tag" pos="NN">right</wf>
<wf cmd="ignore" pos="TO">to</wf>
<wf cmd="done" pos="VB" lemma="reorganize" wnsn="1" lexsn="2:41:00::">reorganize</wf>
<wf cmd="tag" pos="NN">city</wf>
<wf cmd="tag" pos="NNS">departments</wf>
<wf cmd="ignore" pos="IN">in</wf>
<wf cmd="ignore" pos="DT">the</wf>
<wf cmd="tag" pos="NN">interest</wf>
<wf cmd="ignore" pos="IN">of</wf>
<wf cmd="tag" pos="NN">efficiency</wf>
<wf cmd="ignore" pos="CC">and</wf>
<wf cmd="tag" pos="NN">economy</wf>
<punc>.</punc>
</s>
</p>
<p pnum="8">
<s snum="21">
<wf cmd="tag" pos="JJ">Lawmaking</wf>
<wf cmd="tag" pos="NN">power</wf>
<wf cmd="done" pos="VBZ" ot="notag">is</wf>
<wf cmd="done" pos="VB" lemma="remove" wnsn="1" lexsn="2:30:00::">removed</wf>
<wf cmd="ignore" pos="IN">from</wf>
<wf cmd="ignore" pos="DT">the</wf>
<wf cmd="tag" pos="NNP">Board</wf>
<wf cmd="ignore" pos="IN">of</wf>
<wf cmd="tag" pos="NNP">Estimate</wf>
<wf cmd="ignore" pos="CC">and</wf>
<wf cmd="done" pos="VB" lemma="make" wnsn="2" lexsn="2:30:00::">made</wf>
<wf cmd="ignore" pos="DT">a</wf>
<wf cmd="tag" pos="NN">partnership</wf>
<wf cmd="tag" pos="NN">responsibility</wf>
<wf cmd="ignore" pos="IN">of</wf>
<wf cmd="ignore" pos="DT">the</wf>
<wf cmd="tag" pos="NN">City_Council</wf>
<wf cmd="ignore" pos="CC">and</wf>
<wf cmd="ignore" pos="DT">the</wf>
<wf cmd="tag" pos="NNP">Mayor</wf>
<punc>.</punc>
</s>
<s snum="22">
<wf cmd="tag" pos="RB">Thus</wf>
<wf cmd="ignore" pos="EX">there</wf>
<wf cmd="done" pos="VB" lemma="be" wnsn="5" lexsn="2:42:04::">is</wf>
<wf cmd="ignore" pos="DT">a</wf>
<wf cmd="tag" pos="JJR">clearer</wf>
<wf cmd="tag" pos="NN">division</wf>
<wf cmd="ignore" pos="IN">of</wf>
<wf cmd="tag" pos="NN">authority</wf>
<punc>,</punc>
<wf cmd="tag" pos="JJ">administrative</wf>
<wf cmd="ignore" pos="CC">and</wf>
<wf cmd="tag" pos="JJ">legislative</wf>
<punc>.</punc>
</s>
<s snum="23">
<wf cmd="ignore" pos="DT">The</wf>
<wf cmd="tag" pos="NN">board</wf>
<wf cmd="done" pos="VBZ" ot="notag">is</wf>
<wf cmd="done" pos="VB" lemma="diminish" wnsn="2" lexsn="2:30:04::">diminished</wf>
<wf cmd="ignore" pos="IN">in</wf>
<wf cmd="ignore" pos="DT">both</wf>
<wf cmd="tag" pos="NNS">respects</wf>
<punc>,</punc>
<wf cmd="ignore" pos="IN">while</wf>
<wf cmd="ignore" pos="PRP">it</wf>
<wf cmd="done" pos="VB" lemma="retain" wnsn="0" lexsn="2:40:01::">retains</wf>
<wf cmd="tag" pos="NN">control</wf>
<wf cmd="ignore" pos="IN">over</wf>
<wf cmd="tag" pos="NN">zoning</wf>
<punc>,</punc>
<wf cmd="tag" pos="NNS">franchises</wf>
<punc>,</punc>
<wf cmd="tag" pos="NN">pier</wf>
<wf cmd="tag" pos="NNS">leases</wf>
<punc>,</punc>
<wf cmd="tag" pos="NN">sale</wf>
<punc>,</punc>
<wf cmd="tag" pos="NN">leasing</wf>
<wf cmd="ignore" pos="CC">and</wf>
<wf cmd="tag" pos="NN">assignment</wf>
<wf cmd="ignore" pos="IN">of</wf>
<wf cmd="tag" pos="NN">property</wf>
<punc>,</punc>
<wf cmd="ignore" pos="CC">and</wf>
<wf cmd="tag" pos="JJ">other</wf>
<wf cmd="tag" pos="NN">trusteeship</wf>
<wf cmd="tag" pos="NNS">functions</wf>
<punc>.</punc>
</s>
<s snum="24">
<wf cmd="ignore" pos="DT">The</wf>
<wf cmd="tag" pos="NN">board</wf>
<wf cmd="ignore" pos="MD">will</wf>
<wf cmd="done" pos="VB" lemma="be" wnsn="1" lexsn="2:42:03::">be</wf>
<wf cmd="tag" pos="JJ">able</wf>
<wf cmd="done" pos="VB" ot="notag">to</wf>
<wf cmd="done" pos="VB" lemma="increase" wnsn="2" lexsn="2:30:02::">increase</wf>
<punc>,</punc>
<wf cmd="done" pos="VB" lemma="decrease" wnsn="2" lexsn="2:30:01::">decrease</wf>
<punc>,</punc>
<wf cmd="done" pos="VB" lemma="add" wnsn="1" lexsn="2:30:00::">add</wf>
<wf cmd="ignore" pos="CC">or</wf>
<wf cmd="done" pos="VB" lemma="eliminate" wnsn="1" lexsn="2:30:01::">eliminate</wf>
<wf cmd="tag" pos="NN">budget_items</wf>
<punc>,</punc>
<wf cmd="tag" pos="JJ">subject_to</wf>
<wf cmd="ignore" pos="DT">the</wf>
<wf cmd="tag" pos="NNP">Mayor</wf>
<wf cmd="ignore" pos="POS">'s</wf>
<wf cmd="tag" pos="NN">veto</wf>
<punc>;</punc>
<wf cmd="ignore" pos="CC">but</wf>
<wf cmd="ignore" pos="DT">the</wf>
<wf cmd="tag" pos="NN">City_Council</wf>
<wf cmd="ignore" pos="MD">will</wf>
<wf cmd="tag" pos="RB">now</wf>
<wf cmd="done" pos="VB" lemma="share" wnsn="2" lexsn="2:40:02::">share</wf>
<wf cmd="tag" pos="RB">fully</wf>
<wf cmd="ignore" pos="DT">this</wf>
<wf cmd="tag" pos="JJ">budget-altering</wf>
<wf cmd="tag" pos="NN">power</wf>
<punc>.</punc>
</s>
<s snum="25">
<wf cmd="tag" pos="NN">Overriding</wf>
<wf cmd="ignore" pos="IN">of</wf>
<wf cmd="tag" pos="JJ">mayoral</wf>
<wf cmd="tag" pos="NN">veto</wf>
<wf cmd="ignore" pos="IN">on</wf>
<wf cmd="tag" pos="NN">budget</wf>
<wf cmd="tag" pos="NNS">changes</wf>
<wf cmd="ignore" pos="MD">will</wf>
<wf cmd="done" pos="VB" lemma="require" wnsn="1" lexsn="2:42:00::">require</wf>
<wf cmd="tag" pos="NN">concurrence</wf>
<wf cmd="ignore" pos="IN">by</wf>
<wf cmd="tag" pos="NN">board</wf>
<wf cmd="ignore" pos="CC">and</wf>
<wf cmd="tag" pos="NNP">Council</wf>
<punc>,</punc>
<wf cmd="ignore" pos="CC">and</wf>
<wf cmd="ignore" pos="DT">a</wf>
<wf cmd="tag" pos="NNS">two-thirds</wf>
<wf cmd="tag" pos="NN">vote</wf>
<punc>.</punc>
</s>
</p>
<p pnum="9">
<s snum="26">
<wf cmd="ignore" pos="DT">The</wf>
<wf cmd="tag" pos="NNP">Controller</wf>
<wf cmd="done" pos="VB" lemma="retain" wnsn="0" lexsn="2:40:01::">retains</wf>
<wf cmd="ignore" pos="PRP$">his</wf>
<wf cmd="tag" pos="JJ">essential</wf>
<punc>``</punc>
<wf cmd="tag" pos="JJ">fiscal</wf>
<wf cmd="tag" pos="NN">watchdog</wf>
<punc>''</punc>
<wf cmd="tag" pos="NNS">functions</wf>
<punc>;</punc>
<wf cmd="ignore" pos="PRP$">his</wf>
<wf cmd="tag" pos="JJ">broad</wf>
<wf cmd="ignore" pos="CC">but</wf>
<wf cmd="tag" pos="JJ">little</wf>
<wf cmd="done" pos="VB" lemma="use" wnsn="1" lexsn="2:34:01::">used</wf>
<wf cmd="tag" pos="JJ">investigative</wf>
<wf cmd="tag" pos="NNS">powers</wf>
<wf cmd="done" pos="VBP" ot="notag">are</wf>
<wf cmd="done" pos="VB" lemma="confirm" wnsn="1" lexsn="2:31:00::">confirmed</wf>
<punc>.</punc>
</s>
<s snum="27">
<wf cmd="ignore" pos="PRP">He</wf>
<wf cmd="done" pos="VB" lemma="lose" wnsn="1" lexsn="2:40:02::">loses</wf>
<wf cmd="tag" pos="JJ">now-misplaced</wf>
<wf cmd="tag" pos="NN">tax_collection</wf>
<wf cmd="tag" pos="NNS">duties</wf>
<punc>,</punc>
<wf cmd="ignore" pos="WDT">which</wf>
<wf cmd="done" pos="VB" lemma="go" wnsn="2" lexsn="2:41:00::">go</wf>
<wf cmd="done" pos="VB" ot="notag">to</wf>
<wf cmd="ignore" pos="DT">the</wf>
<wf cmd="tag" pos="NNP">Finance_Department</wf>
<punc>.</punc>
</s>
<s snum="28">
<wf cmd="ignore" pos="IN">On</wf>
<wf cmd="tag" pos="JJ">net</wf>
<wf cmd="tag" pos="NN">balance</wf>
<punc>,</punc>
<wf cmd="tag" pos="RB">in_spite_of</wf>
<wf cmd="tag" pos="NNP">Controller_Gerosa</wf>
<wf cmd="ignore" pos="POS">'s</wf>
<wf cmd="tag" pos="NN">opposition</wf>
<wf cmd="ignore" pos="TO">to</wf>
<wf cmd="ignore" pos="DT">the</wf>
<wf cmd="tag" pos="JJ">new</wf>
<wf cmd="tag" pos="NNP">Charter</wf>
<wf cmd="ignore" pos="IN">as</wf>
<wf cmd="ignore" pos="DT">an</wf>
<wf cmd="tag" pos="NN">invasion</wf>
<wf cmd="ignore" pos="IN">of</wf>
<wf cmd="ignore" pos="PRP$">his</wf>
<wf cmd="tag" pos="NN">office</wf>
<punc>,</punc>
<wf cmd="ignore" pos="DT">the</wf>
<wf cmd="tag" pos="NNP">Controller</wf>
<wf cmd="ignore" pos="MD">will</wf>
<wf cmd="done" pos="VB" lemma="have" wnsn="1" lexsn="2:40:00::">have</wf>
<wf cmd="ignore" pos="DT">the</wf>
<wf cmd="tag" pos="NN">opportunity</wf>
<wf cmd="ignore" pos="IN">for</wf>
<wf cmd="tag" pos="JJR">greater</wf>
<wf cmd="tag" pos="NN">usefulness</wf>
<wf cmd="ignore" pos="TO">to</wf>
<wf cmd="tag" pos="JJ">good</wf>
<wf cmd="tag" pos="NN">government</wf>
<wf cmd="ignore" pos="IN">than</wf>
<wf cmd="ignore" pos="PRP">he</wf>
<wf cmd="done" pos="VB" lemma="have" wnsn="1" lexsn="2:40:00::">has</wf>
<wf cmd="tag" pos="RB">now</wf>
<punc>.</punc>
</s>
</p>
<p pnum="10">
<s snum="29">
<wf cmd="tag" pos="NNP">Borough</wf>
<wf cmd="tag" pos="NNS">Presidents</wf>
<punc>,</punc>
<wf cmd="ignore" pos="IN">while</wf>
<wf cmd="done" pos="VB" lemma="retain" wnsn="0" lexsn="2:40:01::">retaining</wf>
<wf cmd="tag" pos="NN">membership</wf>
<wf cmd="ignore" pos="IN">in</wf>
<wf cmd="ignore" pos="DT">the</wf>
<wf cmd="tag" pos="NNP">Board</wf>
<wf cmd="ignore" pos="IN">of</wf>
<wf cmd="tag" pos="NNP">Estimate</wf>
<punc>,</punc>
<wf cmd="done" pos="VB" lemma="lose" wnsn="1" lexsn="2:40:02::">lose</wf>
<wf cmd="ignore" pos="PRP$">their</wf>
<wf cmd="tag" pos="NN">housekeeping</wf>
<wf cmd="tag" pos="NNS">functions</wf>
<punc>.</punc>
</s>
<s snum="30">
<wf cmd="tag" pos="NNS">Highways</wf>
<wf cmd="done" pos="VB" lemma="go" wnsn="2" lexsn="2:41:00::">go</wf>
<wf cmd="done" pos="VB" ot="notag">to</wf>
<wf cmd="ignore" pos="DT">a</wf>
<wf cmd="tag" pos="JJ">new</wf>
<wf cmd="tag" pos="NNP">Department</wf>
<wf cmd="ignore" pos="IN">of</wf>
<wf cmd="tag" pos="NNS">Highways</wf>
<punc>,</punc>
<wf cmd="tag" pos="NNS">sewers</wf>
<wf cmd="ignore" pos="TO">to</wf>
<wf cmd="ignore" pos="DT">the</wf>
<wf cmd="tag" pos="NNP">Department</wf>
<wf cmd="ignore" pos="IN">of</wf>
<wf cmd="tag" pos="NN">Public_Works</wf>
<punc>,</punc>
<wf cmd="tag" pos="JJ">such</wf>
<wf cmd="tag" pos="NN">street</wf>
<wf cmd="tag" pos="NN">cleaning</wf>
<wf cmd="ignore" pos="IN">as</wf>
<wf cmd="tag" pos="NNP">Borough</wf>
<wf cmd="tag" pos="NNS">Presidents</wf>
<wf cmd="tag" pos="RB">now</wf>
<wf cmd="done" pos="VB" lemma="do" wnsn="6" lexsn="2:41:02::">do</wf>
<punc>(</punc>
<wf cmd="ignore" pos="IN">in</wf>
<wf cmd="tag" pos="NNP">Queens</wf>
<wf cmd="ignore" pos="CC">and</wf>
<wf cmd="tag" pos="NNP">Richmond</wf>
<punc>)</punc>
<wf cmd="ignore" pos="TO">to</wf>
<wf cmd="ignore" pos="DT">the</wf>
<wf cmd="tag" pos="NNP">Sanitation_Department</wf>
<punc>.</punc>
</s>
</p>
<p pnum="11">
<s snum="31">
<wf cmd="ignore" pos="DT">Some</wf>
<wf cmd="tag" pos="JJ">fiscal</wf>
<wf cmd="tag" pos="NNS">changes</wf>
<wf cmd="done" pos="VB" lemma="be" wnsn="1" lexsn="2:42:03::">are</wf>
<wf cmd="tag" pos="JJ">important</wf>
<punc>.</punc>
</s>
<s snum="32">
<wf cmd="ignore" pos="DT">The</wf>
<wf cmd="tag" pos="NN">expense</wf>
<punc>(</punc>
<wf cmd="tag" pos="JJ">operating</wf>
<punc>)</punc>
<wf cmd="tag" pos="NN">budget</wf>
<wf cmd="done" pos="VBZ" ot="notag">is</wf>
<wf cmd="ignore" pos="TO">to</wf>
<wf cmd="done" pos="VB" lemma="be" wnsn="1" lexsn="2:42:03::">be</wf>
<wf cmd="ignore" pos="DT">a</wf>
<wf cmd="tag" pos="NN">program</wf>
<wf cmd="tag" pos="NN">budget</wf>
<punc>,</punc>
<wf cmd="ignore" pos="CC">and</wf>
<wf cmd="tag" pos="NN">red_tape</wf>
<wf cmd="done" pos="VBZ" ot="notag">is</wf>
<wf cmd="done" pos="VB" lemma="cut" wnsn="2" lexsn="2:30:06::">cut</wf>
<wf cmd="done" pos="VB" ot="notag">to</wf>
<wf cmd="done" pos="VB" lemma="allow" wnsn="2" lexsn="2:32:00::">allow</wf>
<wf cmd="tag" pos="JJR">greater</wf>
<wf cmd="tag" pos="NN">autonomy</wf>
<punc>(</punc>
<wf cmd="ignore" pos="IN">with</wf>
<wf cmd="ignore" pos="DT">the</wf>
<wf cmd="tag" pos="NNP">Mayor</wf>
<wf cmd="done" pos="VB" lemma="approve" wnsn="1" lexsn="2:32:00::">approving</wf>
<punc>)</punc>
<wf cmd="ignore" pos="IN">in</wf>
<wf cmd="tag" pos="NN">fund</wf>
<wf cmd="tag" pos="NNS">transfers</wf>
<wf cmd="ignore" pos="IN">within</wf>
<wf cmd="ignore" pos="DT">a</wf>
<wf cmd="tag" pos="NN">department</wf>
<punc>.</punc>
</s>
<s snum="33">
<wf cmd="ignore" pos="DT">The</wf>
<wf cmd="tag" pos="NN">capital</wf>
<wf cmd="tag" pos="NN">budget</wf>
<punc>,</punc>
<wf cmd="ignore" pos="IN">for</wf>
<wf cmd="tag" pos="NN">construction</wf>
<wf cmd="ignore" pos="IN">of</wf>
<wf cmd="tag" pos="JJ">permanent</wf>
<wf cmd="tag" pos="NNS">improvements</wf>
<punc>,</punc>
<wf cmd="done" pos="VB" lemma="become" wnsn="1" lexsn="2:30:00::">becomes</wf>
<wf cmd="ignore" pos="DT">an</wf>
<wf cmd="tag" pos="JJ">appropriating</wf>
<wf cmd="tag" pos="NN">document</wf>
<wf cmd="tag" pos="RB">instead</wf>
<wf cmd="ignore" pos="IN">of</wf>
<wf cmd="tag" pos="RB">just</wf>
<wf cmd="ignore" pos="DT">a</wf>
<wf cmd="tag" pos="NN">calendar</wf>
<wf cmd="ignore" pos="IN">of</wf>
<wf cmd="tag" pos="JJ">pious</wf>
<wf cmd="tag" pos="NN">promises</wf>
<punc>;</punc>
<wf cmd="ignore" pos="CC">but</wf>
<punc>,</punc>
<wf cmd="ignore" pos="IN">as</wf>
<wf cmd="ignore" pos="DT">a</wf>
<wf cmd="tag" pos="JJ">second-look</wf>
<wf cmd="tag" pos="NN">safeguard</wf>
<punc>,</punc>
<wf cmd="ignore" pos="DT">each</wf>
<wf cmd="tag" pos="JJ">new</wf>
<wf cmd="tag" pos="NN">project</wf>
<wf cmd="ignore" pos="MD">must</wf>
<wf cmd="done" pos="VB" lemma="undergo" wnsn="0" lexsn="2:39:02::">undergo</wf>
<wf cmd="ignore" pos="DT">a</wf>
<wf cmd="tag" pos="NNP">Board</wf>
<wf cmd="ignore" pos="IN">of</wf>
<wf cmd="tag" pos="NNP">Estimate</wf>
<wf cmd="tag" pos="JJ">public</wf>
<wf cmd="tag" pos="NN">hearing</wf>
<wf cmd="ignore" pos="IN">before</wf>
<wf cmd="tag" pos="NN">construction</wf>
<wf cmd="done" pos="VB" lemma="proceed" wnsn="4" lexsn="2:30:00::">proceeds</wf>
<punc>.</punc>
</s>
</p>
<p pnum="12">
<s snum="34">
<wf cmd="ignore" pos="DT">A</wf>
<wf cmd="tag" pos="NN">road</wf>
<wf cmd="tag" pos="NN">block</wf>
<wf cmd="ignore" pos="TO">to</wf>
<wf cmd="tag" pos="JJ">desirable</wf>
<wf cmd="tag" pos="JJ">local</wf>
<wf cmd="ignore" pos="CC">or</wf>
<wf cmd="tag" pos="NN">borough</wf>
<wf cmd="tag" pos="NNS">improvements</wf>
<punc>,</punc>
<wf cmd="tag" pos="RB">heretofore</wf>
<wf cmd="tag" pos="JJ">dependent_on</wf>
<wf cmd="ignore" pos="DT">the</wf>
<wf cmd="tag" pos="NN">pocketbook</wf>
<wf cmd="tag" pos="NN">vote</wf>
<wf cmd="ignore" pos="IN">of</wf>
<wf cmd="tag" pos="NNS">taxpayers</wf>
<wf cmd="ignore" pos="CC">and</wf>
<wf cmd="tag" pos="RB">hence</wf>
<wf cmd="ignore" pos="DT">a</wf>
<wf cmd="tag" pos="NN">drag</wf>
<wf cmd="done" pos="VB" ot="notag">on</wf>
<wf cmd="tag" pos="NN">progress</wf>
<punc>,</punc>
<wf cmd="done" pos="VBZ" ot="notag">is</wf>
<wf cmd="done" pos="VB" lemma="remove" wnsn="1" lexsn="2:30:00::">removed</wf>
<wf cmd="ignore" pos="IN">by</wf>
<wf cmd="done" pos="VB" lemma="make" wnsn="2" lexsn="2:30:00::">making</wf>
<wf cmd="ignore" pos="DT">these</wf>
<wf cmd="ignore" pos="DT">a</wf>
<wf cmd="tag" pos="NN">charge</wf>
<wf cmd="ignore" pos="IN">against</wf>
<wf cmd="ignore" pos="DT">the</wf>
<wf cmd="tag" pos="JJ">whole</wf>
<wf cmd="tag" pos="NN">city</wf>
<wf cmd="tag" pos="RB">instead</wf>
<wf cmd="ignore" pos="IN">of</wf>
<wf cmd="ignore" pos="DT">an</wf>
<wf cmd="tag" pos="NN">assessment</wf>
<wf cmd="done" pos="VB" lemma="pay" wnsn="1" lexsn="2:40:00::">paid</wf>
<wf cmd="ignore" pos="IN">by</wf>
<wf cmd="ignore" pos="DT">those</wf>
<wf cmd="tag" pos="RB">immediately</wf>
<wf cmd="done" pos="VB" lemma="affect" wnsn="1" lexsn="2:30:00::">affected</wf>
<punc>.</punc>
</s>
<s snum="35">
<wf cmd="ignore" pos="DT">This</wf>
<wf cmd="ignore" pos="MD">will</wf>
<wf cmd="done" pos="VB" lemma="have" wnsn="1" lexsn="2:40:00::">have</wf>
<wf cmd="ignore" pos="DT">a</wf>
<wf cmd="tag" pos="JJ">beneficial</wf>
<wf cmd="tag" pos="NN">effect</wf>
<wf cmd="ignore" pos="IN">by</wf>
<wf cmd="done" pos="VB" lemma="expedite" wnsn="1" lexsn="2:41:00::">expediting</wf>
<wf cmd="tag" pos="JJ">public</wf>
<wf cmd="tag" pos="NN">business</wf>
<punc>;</punc>
<wf cmd="ignore" pos="PRP">it</wf>
<wf cmd="ignore" pos="MD">will</wf>
<wf cmd="tag" pos="RB">also</wf>
<wf cmd="done" pos="VB" lemma="correct" wnsn="2" lexsn="2:41:01::">correct</wf>
<wf cmd="ignore" pos="DT">some</wf>
<wf cmd="tag" pos="NNS">injustices</wf>
<punc>.</punc>
</s>
</p>
<p pnum="13">
<s snum="36">
<wf cmd="tag" pos="NN">Enlargement</wf>
<wf cmd="ignore" pos="IN">of</wf>
<wf cmd="ignore" pos="DT">the</wf>
<wf cmd="tag" pos="NN">City_Council</wf>
<wf cmd="ignore" pos="CC">and</wf>
<wf cmd="ignore" pos="DT">a</wf>
<wf cmd="tag" pos="JJ">new</wf>
<wf cmd="tag" pos="NN">method</wf>
<wf cmd="ignore" pos="IN">of</wf>
<wf cmd="done" pos="VB" lemma="select" wnsn="1" lexsn="2:31:00::">selecting</wf>
<wf cmd="tag" pos="NNS">members</wf>
<wf cmd="ignore" pos="MD">will</wf>
<wf cmd="done" pos="VB" ot="notag">be</wf>
<wf cmd="done" pos="VB" lemma="discuss" wnsn="1" lexsn="2:32:01::">discussed</wf>
<wf cmd="tag" pos="NN">tomorrow</wf>
<punc>.</punc>
</s>
</p>
<p pnum="14">
<s snum="37">
<wf cmd="ignore" pos="DT">The</wf>
<wf cmd="tag" pos="NNP">Inter-american_Press_Association</wf>
<punc>,</punc>
<wf cmd="ignore" pos="WDT">which</wf>
<wf cmd="done" pos="VB" lemma="blanket" wnsn="1" lexsn="2:35:00::">blankets</wf>
<wf cmd="ignore" pos="DT">the</wf>
<wf cmd="tag" pos="NN">Western_Hemisphere</wf>
<wf cmd="ignore" pos="IN">from</wf>
<wf cmd="tag" pos="JJ">northern</wf>
<wf cmd="tag" pos="NNP">Canada</wf>
<wf cmd="ignore" pos="TO">to</wf>
<wf cmd="tag" pos="NNP">Cape_Horn</wf>
<punc>,</punc>
<wf cmd="done" pos="VBZ" ot="notag">is</wf>
<wf cmd="done" pos="VB" lemma="meet" wnsn="7" lexsn="2:41:00::">meeting</wf>
<wf cmd="ignore" pos="IN">in</wf>
<wf cmd="tag" pos="NN">New_York_City</wf>
<wf cmd="ignore" pos="DT">this</wf>
<wf cmd="tag" pos="NN">week</wf>
<wf cmd="tag" pos="RB">for_the_first_time</wf>
<wf cmd="ignore" pos="IN">in</wf>
<wf cmd="tag" pos="CD">eleven</wf>
<wf cmd="tag" pos="NNS">years</wf>
<punc>.</punc>
</s>
<s snum="38">
<wf cmd="ignore" pos="DT">The</wf>
<wf cmd="tag" pos="NNP">I._A._P._A.</wf>
<wf cmd="done" pos="VB" lemma="be" wnsn="1" lexsn="2:42:03::">is</wf>
<wf cmd="ignore" pos="DT">a</wf>
<wf cmd="tag" pos="NN">reflection</wf>
<wf cmd="ignore" pos="IN">of</wf>
<wf cmd="ignore" pos="DT">the</wf>
<wf cmd="tag" pos="NNS">problems</wf>
<wf cmd="ignore" pos="CC">and</wf>
<wf cmd="tag" pos="NN">hopes</wf>
<wf cmd="ignore" pos="IN">of</wf>
<wf cmd="ignore" pos="DT">the</wf>
<wf cmd="tag" pos="NN">hemisphere</wf>
<punc>;</punc>
<wf cmd="ignore" pos="CC">and</wf>
<wf cmd="ignore" pos="IN">in</wf>
<wf cmd="ignore" pos="DT">these</wf>
<wf cmd="tag" pos="NNS">days</wf>
<wf cmd="ignore" pos="DT">this</wf>
<wf cmd="tag" pos="RB">inevitably</wf>
<wf cmd="done" pos="VB" lemma="mean" wnsn="2" lexsn="2:42:00::">means</wf>
<wf cmd="ignore" pos="DT">a</wf>
<wf cmd="tag" pos="NN">concentration</wf>
<wf cmd="ignore" pos="IN">on</wf>
<wf cmd="ignore" pos="DT">the</wf>
<wf cmd="tag" pos="NNS">effects</wf>
<wf cmd="ignore" pos="IN">of</wf>
<wf cmd="ignore" pos="DT">the</wf>
<wf cmd="tag" pos="JJ">Cuban</wf>
<wf cmd="tag" pos="NN">revolution</wf>
<punc>.</punc>
</s>
</p>
<p pnum="15">
<s snum="39">
<wf cmd="ignore" pos="IN">As</wf>
<wf cmd="ignore" pos="DT">the</wf>
<wf cmd="tag" pos="NN">press</wf>
<wf cmd="ignore" pos="IN">in</wf>
<wf cmd="tag" pos="NNP">Cuba</wf>
<wf cmd="done" pos="VBD" ot="notag">was</wf>
<wf cmd="tag" pos="RB">gradually</wf>
<wf cmd="done" pos="VB" lemma="throttle" wnsn="1" lexsn="2:30:01::">throttled</wf>
<wf cmd="ignore" pos="IN">by</wf>
<wf cmd="ignore" pos="DT">the</wf>
<wf cmd="tag" pos="NNP">Castro</wf>
<wf cmd="tag" pos="NN">regime</wf>
<punc>,</punc>
<wf cmd="tag" pos="RB">more_and_more</wf>
<wf cmd="tag" pos="JJ">Cuban</wf>
<wf cmd="tag" pos="NNS">publishers</wf>
<punc>,</punc>
<wf cmd="tag" pos="NNS">editors</wf>
<wf cmd="ignore" pos="CC">and</wf>
<wf cmd="tag" pos="NNS">correspondents</wf>
<wf cmd="done" pos="VBD" ot="notag">were</wf>
<wf cmd="done" pos="VB" lemma="force" wnsn="1" lexsn="2:41:00::">forced</wf>
<wf cmd="done" pos="VB" ot="notag">into</wf>
<wf cmd="tag" pos="NN">exile</wf>
<punc>.</punc>
</s>
<s snum="40">
<wf cmd="ignore" pos="DT">The</wf>
<wf cmd="tag" pos="NNP">I._A._P._A.</wf>
<wf cmd="done" pos="VB" lemma="find" wnsn="6" lexsn="2:39:01::">found</wf>
<wf cmd="ignore" pos="PRP">itself</wf>
<wf cmd="done" pos="VB" lemma="drive" wnsn="3" lexsn="2:38:02::">driven</wf>
<wf cmd="ignore" pos="IN">from</wf>
<wf cmd="tag" pos="NN">journalism</wf>
<wf cmd="ignore" pos="IN">into</wf>
<wf cmd="tag" pos="NNS">politics</wf>
<wf cmd="ignore" pos="IN">as</wf>
<wf cmd="ignore" pos="PRP">it</wf>
<wf cmd="done" pos="VB" lemma="do" wnsn="1" lexsn="2:41:01::">did</wf>
<wf cmd="ignore" pos="PRP$">its</wf>
<wf cmd="tag" pos="JJS">best</wf>
<wf cmd="ignore" pos="TO">to</wf>
<wf cmd="done" pos="VB" lemma="bring_about" wnsn="0" lexsn="2:36:00::">bring_about</wf>
<wf cmd="ignore" pos="DT">the</wf>
<wf cmd="tag" pos="NN">downfall</wf>
<wf cmd="ignore" pos="IN">of</wf>
<wf cmd="ignore" pos="DT">the</wf>
<wf cmd="tag" pos="NNP">Castro_Government</wf>
<wf cmd="ignore" pos="CC">and</wf>
<wf cmd="ignore" pos="DT">the</wf>
<wf cmd="tag" pos="NN">return</wf>
<wf cmd="ignore" pos="IN">of</wf>
<wf cmd="ignore" pos="DT">the</wf>
<wf cmd="tag" pos="JJ">Cuban</wf>
<wf cmd="tag" pos="NN">press</wf>
<wf cmd="ignore" pos="TO">to</wf>
<wf cmd="ignore" pos="DT">the</wf>
<wf cmd="tag" pos="NN">freedom</wf>
<wf cmd="ignore" pos="PRP">it</wf>
<wf cmd="done" pos="VB" lemma="know" wnsn="5" lexsn="2:31:04::">knew</wf>
<wf cmd="ignore" pos="IN">before</wf>
<wf cmd="tag" pos="NNP">Batista</wf>
<wf cmd="ignore" pos="POS">'s</wf>
<wf cmd="tag" pos="NN">dictatorship</wf>
<wf cmd="done" pos="VB" lemma="begin" wnsn="2" lexsn="2:42:00::">began</wf>
<wf cmd="ignore" pos="IN">in</wf>
<wf cmd="tag" pos="CD">1952</wf>
<punc>.</punc>
</s>
</p>
<p pnum="16">
<s snum="41">
<wf cmd="tag" pos="NN">Freedom_of_the_press</wf>
<wf cmd="done" pos="VBD" ot="notag">was</wf>
<wf cmd="done" pos="VB" lemma="lose" wnsn="1" lexsn="2:40:02::">lost</wf>
<wf cmd="ignore" pos="IN">in</wf>
<wf cmd="tag" pos="NNP">Cuba</wf>
<wf cmd="ignore" pos="IN">because</wf>
<wf cmd="ignore" pos="IN">of</wf>
<wf cmd="tag" pos="NNS">decades</wf>
<wf cmd="ignore" pos="IN">of</wf>
<wf cmd="tag" pos="NN">corruption</wf>
<wf cmd="ignore" pos="CC">and</wf>
<wf cmd="tag" pos="JJ">social</wf>
<wf cmd="tag" pos="NNS">imbalances</wf>
<punc>.</punc>
</s>
<s snum="42">
<wf cmd="ignore" pos="IN">In</wf>
<wf cmd="tag" pos="JJ">such</wf>
<wf cmd="tag" pos="NNS">conditions</wf>
<wf cmd="ignore" pos="DT">all</wf>
<wf cmd="tag" pos="NNS">freedoms</wf>
<wf cmd="done" pos="VBP" ot="notag">are</wf>
<wf cmd="done" pos="VB" lemma="lose" wnsn="1" lexsn="2:40:02::">lost</wf>
<punc>.</punc>
</s>
<s snum="43">
<wf cmd="ignore" pos="DT">This</wf>
<punc>,</punc>
<wf cmd="ignore" pos="IN">in</wf>
<wf cmd="tag" pos="RBR">more</wf>
<wf cmd="tag" pos="JJ">diplomatic</wf>
<wf cmd="tag" pos="NN">language</wf>
<punc>,</punc>
<wf cmd="done" pos="VB" lemma="be" wnsn="1" lexsn="2:42:03::">is</wf>
<wf cmd="ignore" pos="WP">what</wf>
<wf cmd="tag" pos="NNP">Adlai_Stevenson</wf>
<wf cmd="done" pos="VB" lemma="tell" wnsn="1" lexsn="2:32:04::">told</wf>
<wf cmd="ignore" pos="DT">the</wf>
<wf cmd="tag" pos="NN">newspaper</wf>
<wf cmd="tag" pos="NNS">men</wf>
<wf cmd="ignore" pos="IN">of</wf>
<wf cmd="tag" pos="NN">Latin_America</wf>
<wf cmd="tag" pos="NN">yesterday</wf>
<wf cmd="ignore" pos="IN">on</wf>
<wf cmd="tag" pos="NN">behalf</wf>
<wf cmd="ignore" pos="IN">of</wf>
<wf cmd="ignore" pos="DT">the</wf>
<wf cmd="tag" pos="NN">United_States_Government</wf>
<punc>.</punc>
</s>
<s snum="44">
<wf cmd="ignore" pos="PRP">He</wf>
<wf cmd="done" pos="VB" lemma="feel" wnsn="1" lexsn="2:37:00::">felt</wf>
<wf cmd="tag" pos="JJ">able</wf>
<wf cmd="ignore" pos="TO">to</wf>
<wf cmd="done" pos="VB" lemma="end" wnsn="2" lexsn="2:30:01::">end</wf>
<wf cmd="ignore" pos="IN">on</wf>
<wf cmd="ignore" pos="DT">a</wf>
<wf cmd="tag" pos="NN">note</wf>
<wf cmd="ignore" pos="IN">of</wf>
<wf cmd="tag" pos="NN">hope</wf>
<punc>.</punc>
</s>
<s snum="45">
<wf cmd="ignore" pos="PRP">He</wf>
<wf cmd="done" pos="VB" lemma="see" wnsn="3" lexsn="2:39:02::">sees</wf>
<wf cmd="tag" pos="NN">evidence</wf>
<wf cmd="ignore" pos="IN">of</wf>
<wf cmd="tag" pos="JJ">fair</wf>
<wf cmd="tag" pos="NNS">winds</wf>
<wf cmd="ignore" pos="IN">for</wf>
<wf cmd="ignore" pos="DT">the</wf>
<wf cmd="tag" pos="JJ">ten-year</wf>
<wf cmd="tag" pos="NNP">Alliance</wf>
<wf cmd="ignore" pos="IN">for</wf>
<wf cmd="tag" pos="NN">Progress</wf>
<wf cmd="tag" pos="NN">plan</wf>
<wf cmd="ignore" pos="IN">with</wf>
<wf cmd="ignore" pos="PRP$">its</wf>
<wf cmd="tag" pos="NN">emphasis</wf>
<wf cmd="ignore" pos="IN">on</wf>
<wf cmd="tag" pos="JJ">social</wf>
<wf cmd="tag" pos="NNS">reforms</wf>
<punc>.</punc>
</s>
<s snum="46">
<wf cmd="ignore" pos="DT">No</wf>
<wf cmd="tag" pos="NN">group</wf>
<wf cmd="ignore" pos="MD">can</wf>
<wf cmd="done" pos="VB" lemma="contribute" wnsn="1" lexsn="2:40:01::">contribute</wf>
<wf cmd="tag" pos="JJR">more</wf>
<wf cmd="ignore" pos="TO">to</wf>
<wf cmd="ignore" pos="DT">the</wf>
<wf cmd="tag" pos="NN">success</wf>
<wf cmd="ignore" pos="IN">of</wf>
<wf cmd="ignore" pos="DT">the</wf>
<wf cmd="tag" pos="NN">program</wf>
<wf cmd="ignore" pos="IN">than</wf>
<wf cmd="ignore" pos="DT">the</wf>
<wf cmd="tag" pos="NNS">editors</wf>
<wf cmd="ignore" pos="CC">and</wf>
<wf cmd="tag" pos="NNS">publishers</wf>
<wf cmd="ignore" pos="IN">of</wf>
<wf cmd="ignore" pos="DT">the</wf>
<wf cmd="tag" pos="NNP">Inter-American_Press_Association</wf>
<punc>.</punc>
</s>
</p>
<p pnum="17">
<s snum="47">
<wf cmd="ignore" pos="DT">The</wf>
<wf cmd="tag" pos="NNP">Twenty-second</wf>
<wf cmd="tag" pos="JJ">Soviet</wf>
<wf cmd="tag" pos="NN">Communist_Party</wf>
<wf cmd="tag" pos="NNP">Congress</wf>
<wf cmd="done" pos="VB" lemma="open" wnsn="2" lexsn="2:41:00::">opens</wf>
<wf cmd="ignore" pos="IN">in</wf>
<wf cmd="tag" pos="NNP">Moscow</wf>
<wf cmd="tag" pos="NN">today</wf>
<wf cmd="ignore" pos="IN">in</wf>
<wf cmd="ignore" pos="DT">a</wf>
<wf cmd="tag" pos="NN">situation</wf>
<wf cmd="done" pos="VB" lemma="contrast" wnsn="2" lexsn="2:42:00::">contrasting</wf>
<wf cmd="tag" pos="RB">sharply</wf>
<wf cmd="ignore" pos="IN">with</wf>
<wf cmd="ignore" pos="DT">the</wf>
<wf cmd="tag" pos="NN">script</wf>
<wf cmd="done" pos="VB" lemma="prepare" wnsn="1" lexsn="2:30:00::">prepared</wf>
<wf cmd="tag" pos="JJ">many</wf>
<wf cmd="tag" pos="NNS">months</wf>
<wf cmd="tag" pos="RB">ago</wf>
<wf cmd="ignore" pos="WRB">when</wf>
<wf cmd="ignore" pos="DT">this</wf>
<wf cmd="tag" pos="NN">meeting</wf>
<wf cmd="done" pos="VBD" ot="notag">was</wf>
<wf cmd="tag" pos="JJ">first</wf>
<wf cmd="done" pos="VB" lemma="announce" wnsn="1" lexsn="2:32:00::">announced</wf>
<punc>.</punc>
</s>
<s snum="48">
<wf cmd="tag" pos="RB">According</wf>
<wf cmd="done" pos="VB" ot="notag">to</wf>
<wf cmd="ignore" pos="DT">the</wf>
<wf cmd="tag" pos="JJ">original</wf>
<wf cmd="tag" pos="NN">program</wf>
<punc>,</punc>
<wf cmd="tag" pos="NNP">Premier_Khrushchev</wf>
<wf cmd="done" pos="VB" lemma="expect" wnsn="1" lexsn="2:31:00::">expected</wf>
<wf cmd="ignore" pos="DT">the</wf>
<wf cmd="tag" pos="NNS">millions</wf>
<wf cmd="done" pos="VB" lemma="look" wnsn="1" lexsn="2:39:00::">looking</wf>
<wf cmd="ignore" pos="IN">toward</wf>
<wf cmd="ignore" pos="DT">the</wf>
<wf cmd="tag" pos="NNP">Kremlin</wf>
<wf cmd="ignore" pos="DT">this</wf>
<wf cmd="tag" pos="NN">morning</wf>
<wf cmd="ignore" pos="TO">to</wf>
<wf cmd="done" pos="VB" lemma="be" wnsn="1" lexsn="2:42:03::">be</wf>
<wf cmd="tag" pos="JJ">filled</wf>
<wf cmd="tag" pos="RB">with_admiration</wf>
<wf cmd="ignore" pos="CC">or</wf>
<wf cmd="tag" pos="NN">rage</wf>
<punc>-</punc>
<wf cmd="done" pos="VB" lemma="depend_upon" wnsn="1" lexsn="2:42:00::">depending_upon</wf>
<wf cmd="tag" pos="JJ">individual</wf>
<wf cmd="ignore" pos="CC">or</wf>
<wf cmd="tag" pos="JJ">national</wf>
<wf cmd="tag" pos="NNS">politics</wf>
<punc>-</punc>
<wf cmd="ignore" pos="IN">because</wf>
<wf cmd="ignore" pos="IN">of</wf>
<wf cmd="ignore" pos="DT">the</wf>
<punc>``</punc>
<wf cmd="tag" pos="JJ">bold</wf>
<wf cmd="tag" pos="NN">program</wf>
<wf cmd="ignore" pos="IN">for</wf>
<wf cmd="done" pos="VB" lemma="build" wnsn="2" lexsn="2:30:00::">building</wf>
<wf cmd="tag" pos="NN">communism</wf>
<wf cmd="ignore" pos="IN">in</wf>
<wf cmd="ignore" pos="PRP$">our</wf>
<wf cmd="tag" pos="NN">time</wf>
<punc>''</punc>
<wf cmd="ignore" pos="WDT">which</wf>
<wf cmd="ignore" pos="DT">the</wf>
<wf cmd="tag" pos="NNP">Congress</wf>
<wf cmd="ignore" pos="MD">will</wf>
<wf cmd="done" pos="VB" lemma="adopt" wnsn="1" lexsn="2:40:02::">adopt</wf>
<punc>.</punc>
</s>
<s snum="49">
<wf cmd="ignore" pos="CC">But</wf>
<wf cmd="tag" pos="RB">far</wf>
<wf cmd="ignore" pos="IN">from</wf>
<wf cmd="done" pos="VB" lemma="be" wnsn="1" lexsn="2:42:03::">being</wf>
<wf cmd="tag" pos="JJ">concerned</wf>
<wf cmd="done" pos="VB" ot="notag">about</wf>
<wf cmd="ignore" pos="IN">whether</wf>
<wf cmd="ignore" pos="CC">or</wf>
<wf cmd="tag" pos="RB">not</wf>
<wf cmd="tag" pos="NNP">Russia</wf>
<wf cmd="ignore" pos="MD">will</wf>
<wf cmd="done" pos="VB" ot="notag">have</wf>
<wf cmd="done" pos="VB" lemma="achieve" wnsn="1" lexsn="2:41:00::">achieved</wf>
<wf cmd="tag" pos="NNP">Utopia</wf>
<wf cmd="ignore" pos="IN">by</wf>
<wf cmd="tag" pos="CD">1980</wf>
<punc>,</punc>
<wf cmd="ignore" pos="DT">the</wf>
<wf cmd="tag" pos="NN">world</wf>
<wf cmd="done" pos="VBZ" ot="notag">is</wf>
<wf cmd="done" pos="VB" lemma="watch" wnsn="2" lexsn="2:41:00::">watching</wf>
<wf cmd="tag" pos="NNP">Moscow</wf>
<wf cmd="tag" pos="NN">today</wf>
<wf cmd="tag" pos="RB">primarily</wf>
<wf cmd="tag" pos="RB">for</wf>
<wf cmd="tag" pos="NNS">clues</wf>
<wf cmd="tag" pos="RB">as</wf>
<wf cmd="ignore" pos="TO">to</wf>
<wf cmd="ignore" pos="IN">whether</wf>
<wf cmd="ignore" pos="CC">or</wf>
<wf cmd="tag" pos="RB">not</wf>
<wf cmd="ignore" pos="EX">there</wf>
<wf cmd="ignore" pos="MD">will</wf>
<wf cmd="done" pos="VB" lemma="be" wnsn="5" lexsn="2:42:04::">be</wf>
<wf cmd="tag" pos="JJ">nuclear</wf>
<wf cmd="tag" pos="NN">Armageddon</wf>
<wf cmd="ignore" pos="IN">in</wf>
<wf cmd="ignore" pos="DT">the</wf>
<wf cmd="tag" pos="JJ">immediate</wf>
<wf cmd="tag" pos="NN">future</wf>
<punc>.</punc>
</s>
</p>
<p pnum="18">
<s snum="50">
<wf cmd="ignore" pos="DT">The</wf>
<wf cmd="tag" pos="JJ">evident</wf>
<wf cmd="tag" pos="NN">contradiction</wf>
<wf cmd="ignore" pos="IN">between</wf>
<wf cmd="ignore" pos="DT">the</wf>
<wf cmd="tag" pos="JJ">rosy</wf>
<wf cmd="tag" pos="NN">picture</wf>
<wf cmd="ignore" pos="IN">of</wf>
<wf cmd="tag" pos="NNP">Russia</wf>
<wf cmd="ignore" pos="POS">'s</wf>
<wf cmd="tag" pos="NN">progress</wf>
<wf cmd="done" rdf="paint_a_picture" pos="VB" lemma="paint_a_picture" wnsn="1" lexsn="2:32:00::">painted</wf>
<wf cmd="ignore" pos="IN">by</wf>
<wf cmd="ignore" pos="DT">the</wf>
<wf cmd="tag" pos="NN">Communist_party</wf>
<wf cmd="ignore" pos="POS">'s</wf>
<wf cmd="tag" pos="NN">program</wf>
<wf cmd="ignore" pos="CC">and</wf>
<wf cmd="ignore" pos="DT">the</wf>
<wf cmd="tag" pos="JJ">enormous</wf>
<wf cmd="tag" pos="NNS">dangers</wf>
<wf cmd="ignore" pos="IN">for</wf>
<wf cmd="ignore" pos="DT">all</wf>
<wf cmd="tag" pos="NN">humanity</wf>
<wf cmd="done" pos="VB" lemma="pose" wnsn="1" lexsn="2:42:00::">posed</wf>
<wf cmd="ignore" pos="IN">by</wf>
<wf cmd="tag" pos="NNP">Premier_Khrushchev</wf>
<wf cmd="ignore" pos="POS">'s</wf>
<wf cmd="tag" pos="NNP">Berlin</wf>
<wf cmd="tag" pos="NN">policy</wf>
<wf cmd="done" pos="VBZ" ot="notag">has</wf>
<wf cmd="tag" pos="RB">already</wf>
<wf cmd="done" pos="VB" lemma="lead" wnsn="3" lexsn="2:42:12::">led</wf>
<wf cmd="done" pos="VB" ot="notag">to</wf>
<wf cmd="tag" pos="NN">speculation</wf>
<wf cmd="tag" pos="RB">abroad</wf>
<wf cmd="ignore" pos="IN">that</wf>
<wf cmd="ignore" pos="DT">the</wf>
<wf cmd="tag" pos="NN">program</wf>
<wf cmd="ignore" pos="MD">may</wf>
<wf cmd="done" pos="VB" ot="notag">be</wf>
<wf cmd="tag" pos="RB">severely</wf>
<wf cmd="done" pos="VB" lemma="alter" wnsn="1" lexsn="2:30:01::">altered</wf>
<punc>.</punc>
</s>
<s snum="51">
<wf cmd="ignore" pos="IN">Whether</wf>
<wf cmd="ignore" pos="PRP">it</wf>
<wf cmd="tag" pos="NNS">is</wf>
<wf cmd="ignore" pos="CC">or</wf>
<wf cmd="tag" pos="RB">not</wf>
<punc>,</punc>
<wf cmd="ignore" pos="DT">the</wf>
<wf cmd="tag" pos="NN">propaganda</wf>
<wf cmd="tag" pos="NN">impact</wf>
<wf cmd="ignore" pos="IN">on</wf>
<wf cmd="ignore" pos="DT">the</wf>
<wf cmd="tag" pos="NN">free_world</wf>
<wf cmd="ignore" pos="IN">of</wf>
<wf cmd="ignore" pos="DT">the</wf>
<wf cmd="tag" pos="NN">document</wf>
<wf cmd="tag" pos="JJ">scheduled</wf>
<wf cmd="ignore" pos="TO">to</wf>
<wf cmd="done" pos="VB" ot="notag">be</wf>
<wf cmd="done" pos="VB" lemma="adopt" wnsn="1" lexsn="2:40:02::">adopted</wf>
<wf cmd="ignore" pos="IN">at</wf>
<wf cmd="ignore" pos="DT">this</wf>
<wf cmd="tag" pos="NN">meeting</wf>
<wf cmd="ignore" pos="MD">will</wf>
<wf cmd="done" pos="VB" lemma="be" wnsn="1" lexsn="2:42:03::">be</wf>
<wf cmd="tag" pos="RB">far</wf>
<wf cmd="tag" pos="RB">less_than</wf>
<wf cmd="done" pos="VBD" ot="notag">had</wf>
<wf cmd="done" pos="VBN" ot="notag">been</wf>
<wf cmd="tag" pos="RB">originally</wf>
<wf cmd="done" pos="VB" lemma="anticipate" wnsn="1" lexsn="2:31:00::">anticipated</wf>
<punc>.</punc>
</s>
<s snum="52">
<wf cmd="ignore" pos="CC">And</wf>
<wf cmd="ignore" pos="EX">there</wf>
<wf cmd="ignore" pos="MD">must</wf>
<wf cmd="done" pos="VB" lemma="be" wnsn="5" lexsn="2:42:04::">be</wf>
<wf cmd="tag" pos="JJ">many</wf>
<wf cmd="tag" pos="JJ">Soviet</wf>
<wf cmd="tag" pos="NNS">citizens</wf>
<wf cmd="ignore" pos="WP">who</wf>
<wf cmd="done" pos="VB" lemma="know" wnsn="1" lexsn="2:31:01::">know</wf>
<wf cmd="ignore" pos="WP">what</wf>
<wf cmd="done" pos="VBZ" ot="notag">is</wf>
<wf cmd="done" pos="VB" lemma="go_on" wnsn="2" lexsn="2:30:00::">going_on</wf>
<wf cmd="ignore" pos="CC">and</wf>
<wf cmd="ignore" pos="WP">who</wf>
<wf cmd="done" pos="VB" lemma="realize" wnsn="1" lexsn="2:31:01::">realize</wf>
<wf cmd="ignore" pos="IN">that</wf>
<wf cmd="ignore" pos="IN">before</wf>
<wf cmd="ignore" pos="PRP">they</wf>
<wf cmd="ignore" pos="MD">can</wf>
<wf cmd="done" pos="VB" lemma="hope" wnsn="1" lexsn="2:37:01::">hope</wf>
<wf cmd="ignore" pos="TO">to</wf>
<wf cmd="done" pos="VB" lemma="enjoy" wnsn="4" lexsn="2:39:00::">enjoy</wf>
<wf cmd="ignore" pos="DT">the</wf>
<wf cmd="tag" pos="JJ">full</wf>
<wf cmd="tag" pos="NN">life</wf>
<wf cmd="done" pos="VB" lemma="promise" wnsn="2" lexsn="2:32:01::">promised</wf>
<wf cmd="ignore" pos="IN">for</wf>
<wf cmd="tag" pos="CD">1980</wf>
<wf cmd="ignore" pos="PRP">they</wf>
<wf cmd="ignore" pos="CC">and</wf>
<wf cmd="ignore" pos="PRP$">their</wf>
<wf cmd="tag" pos="NNS">children</wf>
<wf cmd="ignore" pos="MD">must</wf>
<wf cmd="tag" pos="JJ">first</wf>
<wf cmd="done" pos="VB" lemma="survive" wnsn="1" lexsn="2:42:01::">survive</wf>
<punc>.</punc>
</s>
</p>
<p pnum="19">
<s snum="53">
<wf cmd="ignore" pos="DT">This</wf>
<wf cmd="tag" pos="NNP">Congress</wf>
<wf cmd="ignore" pos="MD">will</wf>
<wf cmd="done" pos="VB" lemma="see" wnsn="3" lexsn="2:39:02::">see</wf>
<wf cmd="tag" pos="NNP">Premier_Khrushchev</wf>
<wf cmd="done" pos="VB" lemma="consolidate" wnsn="1" lexsn="2:30:00::">consolidating</wf>
<wf cmd="ignore" pos="PRP$">his</wf>
<wf cmd="tag" pos="NN">power</wf>
<wf cmd="ignore" pos="CC">and</wf>
<wf cmd="done" pos="VB" lemma="lay" wnsn="3" lexsn="2:36:00::">laying</wf>
<wf cmd="done" pos="VB" ot="notag">the</wf>
<wf cmd="tag" pos="NN">groundwork</wf>
<wf cmd="done" pos="VB" ot="notag">for</wf>
<wf cmd="ignore" pos="DT">an</wf>
<wf cmd="tag" pos="JJ">orderly</wf>
<wf cmd="tag" pos="NN">succession</wf>
<wf cmd="ignore" pos="MD">should</wf>
<wf cmd="tag" pos="NN">death</wf>
<wf cmd="ignore" pos="CC">or</wf>
<wf cmd="tag" pos="NN">illness</wf>
<wf cmd="done" pos="VB" lemma="remove" wnsn="4" lexsn="2:41:02::">remove</wf>
<wf cmd="ignore" pos="PRP">him</wf>
<wf cmd="ignore" pos="IN">from</wf>
<wf cmd="ignore" pos="DT">the</wf>
<wf cmd="tag" pos="NN">scene</wf>
<wf cmd="ignore" pos="IN">in</wf>
<wf cmd="ignore" pos="DT">the</wf>
<wf cmd="tag" pos="JJ">next</wf>
<wf cmd="tag" pos="JJ">few</wf>
<wf cmd="tag" pos="NNS">years</wf>
<punc>.</punc>
</s>
<s snum="54">
<wf cmd="ignore" pos="DT">The</wf>
<wf cmd="tag" pos="JJ">widespread</wf>
<wf cmd="tag" pos="NN">purge</wf>
<wf cmd="ignore" pos="WDT">that</wf>
<wf cmd="done" pos="VBZ" ot="notag">has</wf>
<wf cmd="done" pos="VB" lemma="take_place" wnsn="1" lexsn="2:30:00::">taken_place</wf>
<wf cmd="ignore" pos="DT">the</wf>
<wf cmd="tag" pos="JJ">past</wf>
<wf cmd="tag" pos="CD">twelve</wf>
<wf cmd="tag" pos="NNS">months</wf>
<wf cmd="tag" pos="RB">or_so</wf>
<wf cmd="ignore" pos="IN">among</wf>
<wf cmd="tag" pos="NNP">Communist</wf>
<wf cmd="tag" pos="NNS">leaders</wf>
<wf cmd="ignore" pos="IN">in</wf>
<wf cmd="ignore" pos="DT">the</wf>
<wf cmd="tag" pos="NNS">provinces</wf>
<wf cmd="done" pos="VB" lemma="give" wnsn="1" lexsn="2:40:03::">gives</wf>
<wf cmd="tag" pos="NN">assurance</wf>
<wf cmd="ignore" pos="IN">that</wf>
<wf cmd="ignore" pos="DT">the</wf>
<wf cmd="tag" pos="NN">party</wf>
<wf cmd="tag" pos="NNS">officials</wf>
<wf cmd="ignore" pos="WP">who</wf>
<wf cmd="ignore" pos="MD">will</wf>
<wf cmd="done" pos="VB" lemma="dominate" wnsn="2" lexsn="2:42:01::">dominate</wf>
<wf cmd="ignore" pos="DT">the</wf>
<wf cmd="tag" pos="NNP">Congress</wf>
<punc>,</punc>
<wf cmd="ignore" pos="CC">and</wf>
<wf cmd="ignore" pos="DT">the</wf>
<wf cmd="tag" pos="NNP">Central_Committee</wf>
<wf cmd="ignore" pos="PRP">it</wf>
<wf cmd="ignore" pos="MD">will</wf>
<wf cmd="done" pos="VB" lemma="elect" wnsn="1" lexsn="2:41:00::">elect</wf>
<punc>,</punc>
<wf cmd="ignore" pos="MD">will</wf>
<wf cmd="ignore" pos="DT">all</wf>
<wf cmd="tag" pos="NN">have</wf>
<wf cmd="done" pos="VB" lemma="pass" wnsn="14" lexsn="2:41:08::">passed</wf>
<wf cmd="ignore" pos="DT">the</wf>
<wf cmd="tag" pos="RBS">tightest</wf>
<wf cmd="tag" pos="JJ">possible</wf>
<wf cmd="tag" pos="NNP">Khrushchev</wf>
<wf cmd="tag" pos="NN">screening</wf>
<punc>,</punc>
<wf cmd="ignore" pos="DT">both</wf>
<wf cmd="ignore" pos="IN">for</wf>
<wf cmd="tag" pos="NN">loyalty</wf>
<wf cmd="ignore" pos="TO">to</wf>
<wf cmd="ignore" pos="PRP">him</wf>
<wf cmd="ignore" pos="CC">and</wf>
<wf cmd="ignore" pos="IN">for</wf>
<wf cmd="tag" pos="NN">competence</wf>
<wf cmd="ignore" pos="CC">and</wf>
<wf cmd="tag" pos="NN">performance</wf>
<wf cmd="tag" pos="JJ">on_the_job</wf>
<punc>.</punc>
</s>
</p>
<p pnum="20">
<s snum="55">
<wf cmd="tag" pos="NNP">Dr._James_B._Conant</wf>
<wf cmd="done" pos="VBZ" ot="notag">has</wf>
<wf cmd="done" pos="VB" lemma="earn" wnsn="2" lexsn="2:40:03::">earned</wf>
<wf cmd="ignore" pos="DT">a</wf>
<wf cmd="tag" pos="JJ">nationwide</wf>
<wf cmd="tag" pos="NN">reputation</wf>
<wf cmd="ignore" pos="IN">as</wf>
<wf cmd="ignore" pos="DT">a</wf>
<wf cmd="tag" pos="JJ">moderate</wf>
<wf cmd="ignore" pos="CC">and</wf>
<wf cmd="tag" pos="JJ">unemotional</wf>
<wf cmd="tag" pos="NN">school</wf>
<wf cmd="tag" pos="JJ">reformer</wf>
<punc>.</punc>
</s>
<s snum="56">
<wf cmd="ignore" pos="PRP$">His</wf>
<wf cmd="tag" pos="RBR">earlier</wf>
<wf cmd="tag" pos="NNS">reports</wf>
<wf cmd="done" pos="VB" lemma="consider" wnsn="1" lexsn="2:31:00::">considered</wf>
<wf cmd="ignore" pos="DT">the</wf>
<wf cmd="tag" pos="NNP">American</wf>
<wf cmd="tag" pos="NN">public_schools</wf>
<wf cmd="tag" pos="RB">basically</wf>
<wf cmd="tag" pos="NN">sound</wf>
<wf cmd="ignore" pos="CC">and</wf>
<wf cmd="tag" pos="RB">not</wf>
<wf cmd="ignore" pos="IN">in</wf>
<wf cmd="tag" pos="NN">need</wf>
<wf cmd="ignore" pos="IN">of</wf>
<wf cmd="tag" pos="JJ">drastic</wf>
<wf cmd="tag" pos="NN">change</wf>
<punc>.</punc>
</s>
<s snum="57">
<wf cmd="tag" pos="RB">Now</wf>
<punc>,</punc>
<wf cmd="ignore" pos="DT">a</wf>
<wf cmd="tag" pos="NN">close</wf>
<wf cmd="tag" pos="NN">look</wf>
<wf cmd="done" pos="VB" ot="notag">at</wf>
<wf cmd="ignore" pos="DT">the</wf>
<wf cmd="tag" pos="NNS">schools</wf>
<wf cmd="tag" pos="RB">in</wf>
<wf cmd="ignore" pos="CC">and</wf>
<wf cmd="ignore" pos="IN">around</wf>
<wf cmd="ignore" pos="DT">the</wf>
<wf cmd="tag" pos="CD">ten</wf>
<wf cmd="tag" pos="JJS">largest</wf>
<wf cmd="tag" pos="NNS">cities</wf>
<punc>,</punc>
<wf cmd="done" pos="VB" lemma="include" wnsn="1" lexsn="2:42:00::">including</wf>
<wf cmd="tag" pos="NN">New_York</wf>
<punc>,</punc>
<wf cmd="done" pos="VBZ" ot="notag">has</wf>
<wf cmd="done" pos="VB" lemma="shatter" wnsn="1" lexsn="2:30:00::">shattered</wf>
<wf cmd="ignore" pos="DT">this</wf>
<wf cmd="tag" pos="NN">optimism</wf>
<punc>.</punc>
</s>
<s snum="58">
<wf cmd="tag" pos="NNP">Dr._Conant</wf>
<wf cmd="done" pos="VBZ" ot="notag">has</wf>
<wf cmd="done" pos="VB" lemma="come_away" wnsn="2" lexsn="2:38:00::">come_away</wf>
<wf cmd="tag" pos="JJ">shocked</wf>
<wf cmd="ignore" pos="CC">and</wf>
<wf cmd="tag" pos="JJ">angry</wf>
<punc>.</punc>
</s>
<s snum="59">
<wf cmd="ignore" pos="PRP$">His</wf>
<wf cmd="tag" pos="JJ">new</wf>
<wf cmd="tag" pos="NN">book</wf>
<punc>,</punc>
<wf cmd="tag" pos="JJ">entitled</wf>
<punc>``</punc>
<wf cmd="tag" pos="NNP">Slums</wf>
<wf cmd="ignore" pos="CC">and</wf>
<wf cmd="tag" pos="NNP">Suburbs</wf>
<punc>''</punc>
<punc>,</punc>
<wf cmd="done" pos="VB" lemma="call_for" wnsn="1" lexsn="2:32:04::">calls_for</wf>
<wf cmd="tag" pos="RB">fast</wf>
<wf cmd="ignore" pos="CC">and</wf>
<wf cmd="tag" pos="JJ">drastic</wf>
<wf cmd="tag" pos="NN">action</wf>
<wf cmd="ignore" pos="TO">to</wf>
<wf cmd="done" pos="VB" lemma="avert" wnsn="1" lexsn="2:41:00::">avert</wf>
<wf cmd="tag" pos="NN">disaster</wf>
<punc>.</punc>
</s>
</p>
<p pnum="21">
<s snum="60">
<wf cmd="ignore" pos="EX">There</wf>
<wf cmd="done" pos="VB" lemma="be" wnsn="5" lexsn="2:42:04::">is</wf>
<wf cmd="tag" pos="NN">room</wf>
<wf cmd="ignore" pos="IN">for</wf>
<wf cmd="tag" pos="NN">disagreement</wf>
<wf cmd="done" pos="VB" lemma="concern" wnsn="1" lexsn="2:42:00::">concerning</wf>
<wf cmd="ignore" pos="DT">some</wf>
<wf cmd="ignore" pos="IN">of</wf>
<wf cmd="tag" pos="NNP">Dr._Conant</wf>
<wf cmd="ignore" pos="POS">'s</wf>
<wf cmd="tag" pos="JJ">specific</wf>
<wf cmd="tag" pos="NNS">views</wf>
<punc>.</punc>
</s>
<s snum="61">
<wf cmd="ignore" pos="PRP$">His</wf>
<wf cmd="tag" pos="JJ">strong</wf>
<wf cmd="tag" pos="NN">opposition</wf>
<wf cmd="ignore" pos="TO">to</wf>
<wf cmd="ignore" pos="DT">the</wf>
<wf cmd="tag" pos="NN">transfer</wf>
<wf cmd="ignore" pos="IN">of</wf>
<wf cmd="tag" pos="NNP">Negro</wf>
<wf cmd="tag" pos="NNS">children</wf>
<wf cmd="ignore" pos="TO">to</wf>
<wf cmd="tag" pos="NNS">schools</wf>
<wf cmd="ignore" pos="IN">outside</wf>
<wf cmd="ignore" pos="PRP$">their</wf>
<wf cmd="tag" pos="JJ">own</wf>
<wf cmd="tag" pos="NN">neighborhood</wf>
<punc>,</punc>
<wf cmd="ignore" pos="IN">in</wf>
<wf cmd="ignore" pos="DT">the</wf>
<wf cmd="tag" pos="NN">interest</wf>
<wf cmd="ignore" pos="IN">of</wf>
<wf cmd="tag" pos="NN">integration</wf>
<punc>,</punc>
<wf cmd="ignore" pos="MD">will</wf>
<wf cmd="done" pos="VB" ot="notag">be</wf>
<wf cmd="done" pos="VB" lemma="attack" wnsn="2" lexsn="2:32:00::">attacked</wf>
<wf cmd="ignore" pos="IN">by</wf>
<wf cmd="tag" pos="NNP">Negro</wf>
<wf cmd="tag" pos="NNS">leaders</wf>
<wf cmd="ignore" pos="WP">who</wf>
<wf cmd="done" pos="VBP" ot="notag">have</wf>
<wf cmd="done" pos="VB" lemma="fight" wnsn="4" lexsn="2:41:10::">fought</wf>
<wf cmd="done" pos="VB" ot="notag">for</wf>
<punc>,</punc>
<wf cmd="ignore" pos="CC">and</wf>
<wf cmd="done" pos="VB" lemma="achieve" wnsn="1" lexsn="2:41:00::">achieved</wf>
<punc>,</punc>
<wf cmd="ignore" pos="DT">this</wf>
<wf cmd="tag" pos="JJ">open</wf>
<wf cmd="ignore" pos="CC">or</wf>
<wf cmd="tag" pos="JJ">permissive</wf>
<wf cmd="tag" pos="NN">enrollment</wf>
<punc>.</punc>
</s>
<s snum="62">
<wf cmd="tag" pos="NNP">Dr._Conant</wf>
<wf cmd="ignore" pos="MD">may</wf>
<wf cmd="done" pos="VB" lemma="underestimate" wnsn="2" lexsn="2:31:00::">underestimate</wf>
<wf cmd="ignore" pos="DT">the</wf>
<wf cmd="tag" pos="JJ">psychological</wf>
<wf cmd="tag" pos="NN">importance</wf>
<wf cmd="ignore" pos="IN">of</wf>
<wf cmd="tag" pos="RB">even</wf>
<wf cmd="tag" pos="JJ">token</wf>
<wf cmd="tag" pos="NN">equality</wf>
<punc>.</punc>
</s>
</p>
<p pnum="22">
<s snum="63">
<wf cmd="ignore" pos="PRP$">His</wf>
<wf cmd="tag" pos="NN">suggestion</wf>
<wf cmd="ignore" pos="IN">that</wf>
<wf cmd="ignore" pos="DT">the</wf>
<wf cmd="tag" pos="NN">prestige</wf>
<wf cmd="tag" pos="NNS">colleges</wf>
<wf cmd="done" pos="VBP" ot="notag">be</wf>
<wf cmd="done" pos="VB" lemma="make" wnsn="9" lexsn="2:36:09::">made</wf>
<wf cmd="ignore" pos="DT">the</wf>
<wf cmd="tag" pos="NN">training</wf>
<wf cmd="tag" pos="NNS">institutions</wf>
<wf cmd="ignore" pos="IN">for</wf>
<wf cmd="tag" pos="JJ">medical</wf>
<punc>,</punc>
<wf cmd="tag" pos="NN">law</wf>
<wf cmd="ignore" pos="CC">and</wf>
<wf cmd="tag" pos="NN">graduate_schools</wf>
<wf cmd="ignore" pos="MD">will</wf>
<wf cmd="done" pos="VB" lemma="run_into" wnsn="1" lexsn="2:42:01::">run_into</wf>
<wf cmd="tag" pos="JJ">strong</wf>
<wf cmd="tag" pos="NN">opposition</wf>
<wf cmd="ignore" pos="IN">from</wf>
<wf cmd="ignore" pos="DT">these</wf>
<wf cmd="tag" pos="NNS">colleges</wf>
<wf cmd="ignore" pos="PRP">themselves</wf>
<punc>-</punc>
<wf cmd="tag" pos="RB">even_though</wf>
<wf cmd="ignore" pos="WP">what</wf>
<wf cmd="ignore" pos="PRP">he</wf>
<wf cmd="done" pos="VBZ" ot="notag">is</wf>
<wf cmd="done" pos="VB" lemma="recommend" wnsn="1" lexsn="2:32:01::">recommending</wf>
<wf cmd="done" pos="VBZ" ot="notag">is</wf>
<wf cmd="tag" pos="RB">already</wf>
<wf cmd="done" pos="VB" lemma="take_shape" wnsn="1" lexsn="2:42:00::">taking_shape</wf>
<wf cmd="ignore" pos="IN">as</wf>
<wf cmd="ignore" pos="DT">a</wf>
<wf cmd="tag" pos="NN">trend</wf>
<punc>.</punc>
</s>
</p>
<p pnum="23">
<s snum="64">
<wf cmd="ignore" pos="CC">But</wf>
<wf cmd="ignore" pos="DT">these</wf>
<wf cmd="done" pos="VB" lemma="be" wnsn="1" lexsn="2:42:03::">are</wf>
<wf cmd="tag" pos="NN">side</wf>
<wf cmd="tag" pos="NNS">issues</wf>
<wf cmd="ignore" pos="TO">to</wf>
<wf cmd="ignore" pos="DT">a</wf>
<wf cmd="tag" pos="JJ">powerful</wf>
<wf cmd="tag" pos="JJ">central</wf>
<wf cmd="tag" pos="NN">theme</wf>
<punc>.</punc>
</s>
<s snum="65">
<wf cmd="ignore" pos="DT">That</wf>
<wf cmd="tag" pos="NN">theme</wf>
<wf cmd="done" pos="VB" lemma="cut" wnsn="1" lexsn="2:35:00::">cuts</wf>
<wf cmd="tag" pos="RB">through</wf>
<wf cmd="tag" pos="NNS">hypocrisies</wf>
<punc>,</punc>
<wf cmd="tag" pos="NN">complacency</wf>
<wf cmd="ignore" pos="CC">and</wf>
<wf cmd="tag" pos="NN">double-talk</wf>
<punc>.</punc>
</s>
<s snum="66">
<wf cmd="ignore" pos="PRP">It</wf>
<wf cmd="done" pos="VB" lemma="label" wnsn="1" lexsn="2:32:00::">labels</wf>
<wf cmd="ignore" pos="DT">the</wf>
<wf cmd="tag" pos="NNS">slums</wf>
<punc>,</punc>
<wf cmd="tag" pos="RB">especially</wf>
<wf cmd="ignore" pos="DT">the</wf>
<wf cmd="tag" pos="NNP">Negro</wf>
<wf cmd="tag" pos="NNS">slums</wf>
<punc>,</punc>
<wf cmd="ignore" pos="IN">as</wf>
<wf cmd="tag" pos="NN">dead-end_streets</wf>
<wf cmd="ignore" pos="IN">for</wf>
<wf cmd="tag" pos="NNS">hundreds</wf>
<wf cmd="ignore" pos="IN">of</wf>
<wf cmd="tag" pos="NNS">thousands</wf>
<wf cmd="ignore" pos="IN">of</wf>
<wf cmd="tag" pos="NNS">youngsters</wf>
<punc>.</punc>
</s>
<s snum="67">
<wf cmd="ignore" pos="DT">The</wf>
<wf cmd="tag" pos="NNS">villains</wf>
<wf cmd="ignore" pos="IN">of</wf>
<wf cmd="ignore" pos="DT">the</wf>
<wf cmd="tag" pos="NN">piece</wf>
<wf cmd="done" pos="VB" lemma="be" wnsn="1" lexsn="2:42:03::">are</wf>
<wf cmd="ignore" pos="DT">those</wf>
<wf cmd="ignore" pos="WP">who</wf>
<wf cmd="done" pos="VB" lemma="deny" wnsn="4" lexsn="2:40:00::">deny</wf>
<wf cmd="tag" pos="NN">job</wf>
<wf cmd="tag" pos="NNS">opportunities</wf>
<wf cmd="ignore" pos="TO">to</wf>
<wf cmd="ignore" pos="DT">these</wf>
<wf cmd="tag" pos="NNS">youngsters</wf>
<punc>,</punc>
<wf cmd="ignore" pos="CC">and</wf>
<wf cmd="tag" pos="NNP">Dr._Conant</wf>
<wf cmd="done" pos="VB" lemma="accuse" wnsn="1" lexsn="2:32:00::">accuses</wf>
<wf cmd="tag" pos="NNS">employers</wf>
<wf cmd="ignore" pos="CC">and</wf>
<wf cmd="tag" pos="NN">labor_unions</wf>
<wf cmd="tag" pos="RB">alike</wf>
<punc>.</punc>
</s>
<s snum="68">
<wf cmd="ignore" pos="DT">The</wf>
<wf cmd="tag" pos="NNS">facts</wf>
<punc>,</punc>
<wf cmd="ignore" pos="PRP">he</wf>
<wf cmd="done" pos="VB" lemma="add" wnsn="2" lexsn="2:32:01::">adds</wf>
<punc>,</punc>
<wf cmd="done" pos="VBP" ot="notag">are</wf>
<wf cmd="done" pos="VB" lemma="hide" wnsn="1" lexsn="2:39:00::">hidden</wf>
<wf cmd="ignore" pos="IN">from</wf>
<wf cmd="tag" pos="JJ">public</wf>
<wf cmd="tag" pos="NN">view</wf>
<wf cmd="ignore" pos="IN">by</wf>
<wf cmd="tag" pos="JJ">squeamish</wf>
<wf cmd="tag" pos="NNS">objections</wf>
<wf cmd="ignore" pos="TO">to</wf>
<wf cmd="done" pos="VB" lemma="call" wnsn="1" lexsn="2:32:02::">calling</wf>
<wf cmd="tag" pos="NN">bad_conditions</wf>
<wf cmd="ignore" pos="IN">by</wf>
<wf cmd="ignore" pos="PRP$">their</wf>
<wf cmd="tag" pos="NN">right</wf>
<wf cmd="tag" pos="NN">name</wf>
<wf cmd="ignore" pos="CC">and</wf>
<wf cmd="ignore" pos="IN">by</wf>
<wf cmd="tag" pos="NN">insistence</wf>
<wf cmd="ignore" pos="IN">on</wf>
<wf cmd="tag" pos="JJ">token</wf>
<wf cmd="tag" pos="NN">integration</wf>
<wf cmd="tag" pos="RB">rather_than</wf>
<wf cmd="ignore" pos="IN">on</wf>
<wf cmd="tag" pos="JJ">real</wf>
<wf cmd="tag" pos="NN">improvement</wf>
<wf cmd="ignore" pos="IN">of</wf>
<wf cmd="ignore" pos="DT">the</wf>
<wf cmd="tag" pos="NNS">schools</wf>
<punc>,</punc>
<wf cmd="tag" pos="RB">regardless_of</wf>
<wf cmd="ignore" pos="DT">the</wf>
<wf cmd="tag" pos="NN">color</wf>
<wf cmd="ignore" pos="IN">of</wf>
<wf cmd="ignore" pos="PRP$">their</wf>
<wf cmd="tag" pos="NNS">students</wf>
<punc>.</punc>
</s>
</p>
<p pnum="24">
<s snum="69">
<wf cmd="ignore" pos="DT">A</wf>
<wf cmd="tag" pos="NN">call</wf>
<wf cmd="done" pos="VB" ot="notag">for</wf>
<wf cmd="tag" pos="NN">action</wf>
<punc>``</punc>
<wf cmd="ignore" pos="IN">before</wf>
<wf cmd="ignore" pos="PRP">it</wf>
<wf cmd="done" pos="VB" lemma="be" wnsn="1" lexsn="2:42:03::">is</wf>
<wf cmd="tag" pos="RB">too</wf>
<wf cmd="tag" pos="JJ">late</wf>
<punc>''</punc>
<wf cmd="done" pos="VB" lemma="have" wnsn="1" lexsn="2:40:00::">has</wf>
<wf cmd="tag" pos="JJ">alarming</wf>
<wf cmd="tag" pos="NNS">implications</wf>
<wf cmd="ignore" pos="WRB">when</wf>
<wf cmd="ignore" pos="PRP">it</wf>
<wf cmd="done" pos="VB" lemma="come" wnsn="5" lexsn="2:42:04::">comes</wf>
<wf cmd="done" pos="VB" ot="notag">from</wf>
<wf cmd="ignore" pos="DT">a</wf>
<wf cmd="tag" pos="NN">man</wf>
<wf cmd="ignore" pos="WP">who</wf>
<punc>,</punc>
<wf cmd="ignore" pos="IN">in</wf>
<wf cmd="ignore" pos="PRP$">his</wf>
<wf cmd="tag" pos="JJ">previous</wf>
<wf cmd="tag" pos="NN">reports</wf>
<wf cmd="done" pos="VB" ot="notag">on</wf>
<wf cmd="ignore" pos="DT">the</wf>
<wf cmd="tag" pos="NNS">schools</wf>
<punc>,</punc>
<wf cmd="done" pos="VB" lemma="caution" wnsn="1" lexsn="2:32:00::">cautioned</wf>
<wf cmd="tag" pos="RB">so</wf>
<wf cmd="tag" pos="RB">strongly</wf>
<wf cmd="ignore" pos="IN">against</wf>
<wf cmd="tag" pos="JJ">extreme</wf>
<wf cmd="tag" pos="NNS">measures</wf>
<punc>.</punc>
</s>
<s snum="70">
<wf cmd="ignore" pos="DT">These</wf>
<wf cmd="tag" pos="NNS">warnings</wf>
<wf cmd="done" pos="VB" ot="notag">must_not</wf>
<wf cmd="done" pos="VB" ot="notag">be</wf>
<wf cmd="done" pos="VB" lemma="treat" wnsn="1" lexsn="2:41:00::">treated</wf>
<wf cmd="tag" pos="RB">lightly</wf>
<punc>.</punc>
</s>
<s snum="71">
<wf cmd="tag" pos="NNP">Dr._Conant</wf>
<wf cmd="ignore" pos="POS">'s</wf>
<wf cmd="tag" pos="JJ">conscientious</wf>
<punc>,</punc>
<wf cmd="tag" pos="JJ">selfless</wf>
<wf cmd="tag" pos="NNS">efforts</wf>
<wf cmd="done" pos="VB" lemma="deserve" wnsn="1" lexsn="2:42:00::">deserve</wf>
<wf cmd="ignore" pos="DT">the</wf>
<wf cmd="tag" pos="NN">nation</wf>
<wf cmd="ignore" pos="POS">'s</wf>
<wf cmd="tag" pos="NN">gratitude</wf>
<punc>.</punc>
</s>
<s snum="72">
<wf cmd="ignore" pos="PRP">He</wf>
<wf cmd="done" pos="VBZ" ot="notag">has</wf>
<wf cmd="done" pos="VB" lemma="serve" wnsn="2" lexsn="2:33:00::">served</wf>
<wf cmd="ignore" pos="IN">in</wf>
<wf cmd="tag" pos="NNS">positions</wf>
<wf cmd="ignore" pos="IN">of</wf>
<wf cmd="tag" pos="JJR">greater</wf>
<wf cmd="tag" pos="NN">glamour</wf>
<punc>,</punc>
<wf cmd="ignore" pos="DT">both</wf>
<wf cmd="tag" pos="RB">at_home</wf>
<wf cmd="ignore" pos="CC">and</wf>
<wf cmd="tag" pos="RB">abroad</wf>
<punc>;</punc>
<wf cmd="ignore" pos="CC">but</wf>
<wf cmd="ignore" pos="PRP">he</wf>
<wf cmd="ignore" pos="MD">may</wf>
<wf cmd="tag" pos="RB">well</wf>
<wf cmd="done" pos="VB" ot="notag">be</wf>
<wf cmd="done" pos="VB" lemma="do" wnsn="1" lexsn="2:41:01::">doing</wf>
<wf cmd="ignore" pos="PRP$">his</wf>
<wf cmd="tag" pos="JJS">greatest</wf>
<wf cmd="tag" pos="NN">service</wf>
<wf cmd="ignore" pos="IN">with</wf>
<wf cmd="ignore" pos="PRP$">his</wf>
<wf cmd="tag" pos="JJ">straightforward</wf>
<wf cmd="tag" pos="NN">report</wf>
<wf cmd="done" pos="VB" ot="notag">on</wf>
<wf cmd="ignore" pos="DT">the</wf>
<wf cmd="tag" pos="NN">state</wf>
<wf cmd="ignore" pos="IN">of</wf>
<wf cmd="ignore" pos="DT">the</wf>
<wf cmd="tag" pos="NN">public_schools</wf>
<punc>.</punc>
</s>
</p>
<p pnum="25">
<s snum="73">
<wf cmd="ignore" pos="DT">A</wf>
<wf cmd="tag" pos="JJ">fascinating</wf>
<wf cmd="tag" pos="NN">letter</wf>
<wf cmd="done" pos="VBZ" ot="notag">has</wf>
<wf cmd="tag" pos="RB">just</wf>
<wf cmd="done" pos="VB" lemma="reach" wnsn="1" lexsn="2:38:01::">reached</wf>
<wf cmd="ignore" pos="DT">this</wf>
<wf cmd="tag" pos="NN">desk</wf>
<wf cmd="ignore" pos="IN">from</wf>
<wf cmd="ignore" pos="DT">a</wf>
<wf cmd="tag" pos="NN">correspondent</wf>
<wf cmd="ignore" pos="WP">who</wf>
<wf cmd="done" pos="VB" lemma="like" wnsn="2" lexsn="2:37:05::">likes</wf>
<wf cmd="ignore" pos="TO">to</wf>
<wf cmd="done" pos="VB" lemma="receive" wnsn="1" lexsn="2:40:00::">receive</wf>
<wf cmd="tag" pos="JJ">so-called</wf>
<wf cmd="tag" pos="NN">junk</wf>
<wf cmd="tag" pos="NN">mail</wf>
<punc>.</punc>
</s>
<s snum="74">
<wf cmd="ignore" pos="PRP">He</wf>
<wf cmd="done" pos="VB" lemma="be" wnsn="1" lexsn="2:42:03::">was</wf>
<wf cmd="tag" pos="JJ">delighted</wf>
<wf cmd="ignore" pos="TO">to</wf>
<wf cmd="done" pos="VB" lemma="learn" wnsn="2" lexsn="2:31:01::">learn</wf>
<wf cmd="ignore" pos="IN">that</wf>
<wf cmd="ignore" pos="DT">the</wf>
<wf cmd="tag" pos="NN">Post_Office_Department</wf>
<wf cmd="done" pos="VBZ" ot="notag">is</wf>
<wf cmd="tag" pos="RB">now</wf>
<wf cmd="done" pos="VB" ot="notag">going_to</wf>
<wf cmd="done" pos="VB" lemma="expand" wnsn="3" lexsn="2:30:12::">expand</wf>
<wf cmd="ignore" pos="DT">this</wf>
<wf cmd="tag" pos="NN">service</wf>
<wf cmd="ignore" pos="TO">to</wf>
<wf cmd="done" pos="VB" lemma="deliver" wnsn="2" lexsn="2:35:00::">deliver</wf>
<wf cmd="tag" pos="NN">mail</wf>
<wf cmd="ignore" pos="IN">from</wf>
<wf cmd="tag" pos="NNPS">Representatives</wf>
<wf cmd="ignore" pos="IN">in</wf>
<wf cmd="tag" pos="NNP">Congress</wf>
<wf cmd="ignore" pos="TO">to</wf>
<wf cmd="ignore" pos="PRP$">their</wf>
<wf cmd="tag" pos="NNS">constituents</wf>
<wf cmd="ignore" pos="IN">without</wf>
<wf cmd="ignore" pos="DT">the</wf>
<wf cmd="tag" pos="NN">use</wf>
<wf cmd="ignore" pos="IN">of</wf>
<wf cmd="tag" pos="NNS">stamps</wf>
<punc>,</punc>
<wf cmd="tag" pos="NNS">names</wf>
<punc>,</punc>
<wf cmd="tag" pos="NNS">addresses</wf>
<wf cmd="ignore" pos="CC">or</wf>
<wf cmd="tag" pos="RB">even</wf>
<wf cmd="tag" pos="NN">zone</wf>
<wf cmd="tag" pos="NNS">numbers</wf>
<punc>.</punc>
</s>
<s snum="75">
<wf cmd="tag" pos="RB">In_accordance_with</wf>
<wf cmd="tag" pos="NN">legislation</wf>
<wf cmd="done" pos="VB" lemma="pass" wnsn="3" lexsn="2:41:02::">passed</wf>
<wf cmd="ignore" pos="IN">at</wf>
<wf cmd="ignore" pos="DT">the</wf>
<wf cmd="tag" pos="JJ">last</wf>
<wf cmd="tag" pos="NN">session</wf>
<wf cmd="ignore" pos="IN">of</wf>
<wf cmd="tag" pos="NNP">Congress</wf>
<punc>,</punc>
<wf cmd="ignore" pos="DT">each</wf>
<wf cmd="tag" pos="NNP">Representative</wf>
<wf cmd="done" pos="VBZ" ot="notag">is</wf>
<wf cmd="done" pos="VB" lemma="authorize" wnsn="1" lexsn="2:32:00::">authorized</wf>
<wf cmd="ignore" pos="TO">to</wf>
<wf cmd="done" pos="VB" lemma="deliver" wnsn="2" lexsn="2:35:00::">deliver</wf>
<wf cmd="ignore" pos="TO">to</wf>
<wf cmd="ignore" pos="DT">the</wf>
<wf cmd="tag" pos="NN">Post_Office</wf>
<wf cmd="ignore" pos="IN">in</wf>
<wf cmd="tag" pos="NN">bulk</wf>
<wf cmd="tag" pos="NNS">newsletters</wf>
<punc>,</punc>
<wf cmd="tag" pos="NNS">speeches</wf>
<wf cmd="ignore" pos="CC">and</wf>
<wf cmd="tag" pos="JJ">other</wf>
<wf cmd="tag" pos="NN">literature</wf>
<wf cmd="ignore" pos="TO">to</wf>
<wf cmd="done" pos="VB" ot="notag">be</wf>
<wf cmd="done" pos="VB" lemma="drop" wnsn="1" lexsn="2:38:01::">dropped</wf>
<wf cmd="done" pos="VB" ot="notag">in</wf>
<wf cmd="ignore" pos="DT">every</wf>
<wf cmd="tag" pos="NN">letter_box</wf>
<wf cmd="ignore" pos="IN">in</wf>
<wf cmd="ignore" pos="PRP$">his</wf>
<wf cmd="tag" pos="NN">district</wf>
<punc>.</punc>
</s>
<s snum="76">
<wf cmd="ignore" pos="DT">This</wf>
<wf cmd="done" pos="VB" lemma="mean" wnsn="2" lexsn="2:42:00::">means</wf>
<wf cmd="ignore" pos="DT">an</wf>
<wf cmd="tag" pos="JJ">added</wf>
<wf cmd="tag" pos="NN">burden</wf>
<wf cmd="ignore" pos="TO">to</wf>
<wf cmd="tag" pos="JJ">innumerable</wf>
<wf cmd="tag" pos="NNS">postmen</wf>
<punc>,</punc>
<wf cmd="ignore" pos="WP">who</wf>
<wf cmd="tag" pos="RB">already</wf>
<wf cmd="done" pos="VBP" ot="notag">are</wf>
<wf cmd="done" pos="VB" lemma="complain" wnsn="1" lexsn="2:32:00::">complaining</wf>
<wf cmd="ignore" pos="IN">of</wf>
<wf cmd="tag" pos="JJ">heavy</wf>
<wf cmd="tag" pos="NNS">loads</wf>
<wf cmd="ignore" pos="CC">and</wf>
<wf cmd="tag" pos="JJ">low</wf>
<wf cmd="tag" pos="NN">pay</wf>
<punc>,</punc>
<wf cmd="ignore" pos="CC">and</wf>
<wf cmd="ignore" pos="PRP">it</wf>
<wf cmd="tag" pos="RB">presumably</wf>
<wf cmd="done" pos="VB" lemma="mean" wnsn="2" lexsn="2:42:00::">means</wf>
<wf cmd="ignore" pos="DT">an</wf>
<wf cmd="tag" pos="JJ">increased</wf>
<wf cmd="tag" pos="JJ">postal</wf>
<wf cmd="tag" pos="NN">deficit</wf>
<punc>,</punc>
<wf cmd="ignore" pos="CC">but</wf>
<punc>,</punc>
<wf cmd="ignore" pos="PRP$">our</wf>
<wf cmd="tag" pos="NN">correspondent</wf>
<wf cmd="done" pos="VB" lemma="write" wnsn="1" lexsn="2:36:00::">writes</wf>
<punc>,</punc>
<wf cmd="done" pos="VB" lemma="think_of" wnsn="2" lexsn="2:31:03::">think_of</wf>
<wf cmd="ignore" pos="DT">the</wf>
<wf cmd="tag" pos="JJ">additional</wf>
<wf cmd="tag" pos="NN">junk</wf>
<wf cmd="tag" pos="NN">mail</wf>
<wf cmd="ignore" pos="DT">each</wf>
<wf cmd="tag" pos="NN">citizen</wf>
<wf cmd="ignore" pos="MD">will</wf>
<wf cmd="tag" pos="RB">now</wf>
<wf cmd="done" pos="VB" lemma="be" wnsn="1" lexsn="2:42:03::">be</wf>
<wf cmd="tag" pos="JJ">privileged</wf>
<wf cmd="ignore" pos="TO">to</wf>
<wf cmd="done" pos="VB" lemma="receive" wnsn="1" lexsn="2:40:00::">receive</wf>
<wf cmd="tag" pos="RB">on_a_regular_basis</wf>
<punc>.</punc>
</s>
</p>
<p pnum="26">
<s snum="77">
<wf cmd="tag" pos="NNP">Letter</wf>
<wf cmd="tag" pos="NN">writing</wf>
<wf cmd="done" pos="VB" lemma="be" wnsn="1" lexsn="2:42:03::">is</wf>
<wf cmd="ignore" pos="DT">a</wf>
<wf cmd="tag" pos="JJ">dying</wf>
<wf cmd="tag" pos="NN">art</wf>
<punc>.</punc>
</s>
<s snum="78">
<wf cmd="tag" pos="JJ">Occasional</wf>
<wf cmd="tag" pos="NNS">letters</wf>
<wf cmd="done" pos="VBP" ot="notag">are</wf>
<wf cmd="done" pos="VB" lemma="send" wnsn="3" lexsn="2:32:00::">sent</wf>
<wf cmd="ignore" pos="IN">by</wf>
<wf cmd="tag" pos="NNS">individuals</wf>
<wf cmd="ignore" pos="TO">to</wf>
<wf cmd="tag" pos="CD">one</wf>
<wf cmd="ignore" pos="DT">another</wf>
<wf cmd="ignore" pos="CC">and</wf>
<wf cmd="tag" pos="JJ">many</wf>
<wf cmd="done" pos="VBP" ot="notag">are</wf>
<wf cmd="done" pos="VB" lemma="write" wnsn="1" lexsn="2:36:00::">written</wf>
<wf cmd="ignore" pos="IN">by</wf>
<wf cmd="tag" pos="NNS">companies</wf>
<wf cmd="ignore" pos="TO">to</wf>
<wf cmd="tag" pos="CD">one</wf>
<wf cmd="ignore" pos="DT">another</wf>
<punc>,</punc>
<wf cmd="ignore" pos="CC">but</wf>
<wf cmd="ignore" pos="DT">these</wf>
<wf cmd="done" pos="VB" lemma="be" wnsn="1" lexsn="2:42:03::">are</wf>
<wf cmd="tag" pos="RB">mostly</wf>
<wf cmd="tag" pos="JJ">typewritten</wf>
<punc>.</punc>
</s>
<s snum="79">
<wf cmd="tag" pos="JJS">Most</wf>
<wf cmd="tag" pos="NN">mail</wf>
<wf cmd="ignore" pos="DT">these</wf>
<wf cmd="tag" pos="NNS">days</wf>
<wf cmd="done" pos="VB" lemma="consist_of" wnsn="0" lexsn="2:42:00::">consists_of</wf>
<wf cmd="tag" pos="NN">nothing</wf>
<wf cmd="ignore" pos="WDT">that</wf>
<wf cmd="ignore" pos="MD">could</wf>
<wf cmd="tag" pos="RB">truly</wf>
<wf cmd="done" pos="VB" lemma="be" wnsn="1" lexsn="2:42:03::">be</wf>
<wf cmd="tag" pos="JJ">called</wf>
<wf cmd="ignore" pos="DT">a</wf>
<wf cmd="tag" pos="NN">letter</wf>
<punc>.</punc>
</s>
</p>
</context>
</contextfile>
