<contextfile concordance="brown">
<context filename="br-b27" paras="yes">
<p pnum="1">
<s snum="1">
<wf cmd="ignore" pos="PRP">It</wf>
<wf cmd="done" pos="VB" lemma="seem" wnsn="2" lexsn="2:39:01::">seems</wf>
<wf cmd="ignore" pos="TO">to</wf>
<wf cmd="ignore" pos="PRP">me</wf>
<wf cmd="ignore" pos="IN">that</wf>
<wf cmd="tag" pos="NNP">N._C.</wf>
<punc>,</punc>
<wf cmd="ignore" pos="IN">in</wf>
<wf cmd="ignore" pos="PRP$">his</wf>
<wf cmd="tag" pos="NN">editorial</wf>
<punc>``</punc>
<wf cmd="tag" pos="NN">Confrontation</wf>
<punc>''</punc>
<punc>[</punc>
<wf cmd="tag" pos="NNP">SR</wf>
<punc>,</punc>
<wf cmd="tag" pos="NNP">Mar.</wf>
<wf cmd="tag" pos="CD">25</wf>
<punc>]</punc>
<punc>,</punc>
<wf cmd="done" pos="VBZ" ot="notag">has</wf>
<wf cmd="done" pos="VB" lemma="hit" wnsn="0" lexsn="2:40:12::">hit</wf>
<wf cmd="done" pos="VB" ot="notag">upon</wf>
<wf cmd="ignore" pos="DT">the</wf>
<wf cmd="tag" pos="JJ">real</wf>
<wf cmd="tag" pos="NN">problem</wf>
<wf cmd="ignore" pos="WDT">that</wf>
<wf cmd="done" pos="VB" lemma="bother" wnsn="3" lexsn="2:41:01::">bothers</wf>
<wf cmd="tag" pos="JJ">all_of</wf>
<wf cmd="ignore" pos="PRP">us</wf>
<wf cmd="ignore" pos="IN">in</wf>
<wf cmd="ignore" pos="DT">a</wf>
<wf cmd="tag" pos="JJ">complex</wf>
<wf cmd="tag" pos="NN">world</wf>
<punc>:</punc>
<wf cmd="ignore" pos="WRB">how</wf>
<wf cmd="done" pos="VBP" ot="notag">do</wf>
<wf cmd="ignore" pos="PRP">we</wf>
<wf cmd="done" pos="VB" lemma="retain" wnsn="0" lexsn="2:40:01::">retain</wf>
<wf cmd="ignore" pos="PRP$">our</wf>
<wf cmd="tag" pos="JJ">personal</wf>
<wf cmd="tag" pos="NN">relationship</wf>
<wf cmd="ignore" pos="IN">with</wf>
<wf cmd="ignore" pos="DT">those</wf>
<wf cmd="ignore" pos="WP">who</wf>
<wf cmd="done" pos="VB" lemma="suffer" wnsn="3" lexsn="2:37:00::">suffer</wf>
<punc>?</punc>
</s>
<s snum="2">
<wf cmd="ignore" pos="DT">This</wf>
<wf cmd="done" pos="VB" lemma="affect" wnsn="3" lexsn="2:42:00::">affects</wf>
<wf cmd="ignore" pos="PRP">us</wf>
<wf cmd="ignore" pos="DT">all</wf>
<wf cmd="tag" pos="RB">intimately</wf>
<punc>,</punc>
<wf cmd="ignore" pos="CC">and</wf>
<wf cmd="ignore" pos="MD">can</wf>
<wf cmd="done" pos="VB" lemma="leave" wnsn="3" lexsn="2:42:02::">leave</wf>
<wf cmd="ignore" pos="PRP">us</wf>
<wf cmd="tag" pos="JJ">hopeless</wf>
<wf cmd="ignore" pos="IN">in</wf>
<wf cmd="ignore" pos="DT">the</wf>
<wf cmd="tag" pos="NN">face</wf>
<wf cmd="ignore" pos="IN">of</wf>
<wf cmd="tag" pos="JJ">widespread</wf>
<wf cmd="tag" pos="NN">distress</wf>
<punc>.</punc>
</s>
<s snum="3">
<wf cmd="ignore" pos="PRP">I</wf>
<wf cmd="done" pos="VB" lemma="know" wnsn="1" lexsn="2:31:01::">know</wf>
<wf cmd="ignore" pos="IN">of</wf>
<wf cmd="ignore" pos="DT">no</wf>
<wf cmd="tag" pos="JJ">other</wf>
<wf cmd="tag" pos="NN">solution</wf>
<wf cmd="ignore" pos="IN">than</wf>
<wf cmd="ignore" pos="DT">the</wf>
<wf cmd="tag" pos="CD">one</wf>
<wf cmd="tag" pos="NNP">N._C.</wf>
<wf cmd="done" pos="VB" lemma="propose" wnsn="1" lexsn="2:32:00::">proposes</wf>
<punc>-</punc>
<wf cmd="ignore" pos="TO">to</wf>
<wf cmd="done" pos="VB" lemma="do" wnsn="2" lexsn="2:36:01::">do</wf>
<wf cmd="ignore" pos="WP">what</wf>
<wf cmd="ignore" pos="PRP">we</wf>
<wf cmd="ignore" pos="MD">can</wf>
<wf cmd="ignore" pos="IN">for</wf>
<wf cmd="ignore" pos="DT">each</wf>
<wf cmd="tag" pos="NN">sufferer</wf>
<wf cmd="ignore" pos="IN">as</wf>
<wf cmd="ignore" pos="PRP">he</wf>
<wf cmd="done" pos="VB" lemma="confront" wnsn="1" lexsn="2:33:00::">confronts</wf>
<wf cmd="ignore" pos="PRP">us</wf>
<punc>,</punc>
<wf cmd="done" pos="VB" lemma="hope" wnsn="1" lexsn="2:37:01::">hoping</wf>
<wf cmd="ignore" pos="IN">that</wf>
<wf cmd="ignore" pos="DT">this</wf>
<wf cmd="ignore" pos="MD">will</wf>
<wf cmd="done" pos="VB" lemma="spread" wnsn="2" lexsn="2:35:07::">spread</wf>
<wf cmd="ignore" pos="IN">beyond</wf>
<wf cmd="ignore" pos="PRP">him</wf>
<wf cmd="ignore" pos="TO">to</wf>
<wf cmd="tag" pos="NNS">others</wf>
<wf cmd="tag" pos="RB">at_some_time</wf>
<wf cmd="ignore" pos="CC">and</wf>
<wf cmd="ignore" pos="DT">some</wf>
<wf cmd="tag" pos="NN">place</wf>
<punc>.</punc>
</s>
<s snum="4">
<wf cmd="tag" pos="RB">Never</wf>
<wf cmd="done" pos="VBP" ot="notag">have</wf>
<wf cmd="ignore" pos="PRP">I</wf>
<wf cmd="done" pos="VB" lemma="see" wnsn="3" lexsn="2:39:02::">seen</wf>
<wf cmd="ignore" pos="DT">this</wf>
<wf cmd="done" pos="VB" lemma="express" wnsn="2" lexsn="2:32:00::">expressed</wf>
<wf cmd="tag" pos="RB">so</wf>
<wf cmd="tag" pos="RB">clearly</wf>
<wf cmd="ignore" pos="CC">and</wf>
<wf cmd="tag" pos="RB">so</wf>
<wf cmd="tag" pos="RB">sympathetically</wf>
<punc>.</punc>
</s>
</p>
<p pnum="2">
<s snum="5">
<wf cmd="tag" pos="NN">Thank_you</wf>
<wf cmd="ignore" pos="IN">for</wf>
<wf cmd="ignore" pos="DT">the</wf>
<wf cmd="tag" pos="JJ">illustrated</wf>
<wf cmd="tag" pos="NN">editorial</wf>
<punc>``</punc>
<wf cmd="tag" pos="NN">Confrontation</wf>
<punc>''</punc>
<punc>.</punc>
</s>
<s snum="6">
<wf cmd="ignore" pos="PRP">It</wf>
<wf cmd="done" pos="VB" lemma="be" wnsn="1" lexsn="2:42:03::">is</wf>
<wf cmd="ignore" pos="DT">both</wf>
<wf cmd="tag" pos="JJ">great</wf>
<wf cmd="tag" pos="NN">writing</wf>
<wf cmd="ignore" pos="CC">and</wf>
<wf cmd="tag" pos="JJ">profound</wf>
<wf cmd="tag" pos="NN">religion</wf>
<punc>.</punc>
</s>
</p>
<p pnum="3">
<s snum="7">
<wf cmd="tag" pos="NNP">N._C.</wf>
<wf cmd="done" pos="VBZ" ot="notag">has</wf>
<wf cmd="done" pos="VB" lemma="say" wnsn="1" lexsn="2:32:00::">said</wf>
<wf cmd="tag" pos="NN">something</wf>
<wf cmd="tag" pos="JJ">important</wf>
<wf cmd="tag" pos="RB">so</wf>
<wf cmd="tag" pos="RB">well</wf>
<wf cmd="ignore" pos="IN">that</wf>
<wf cmd="ignore" pos="DT">this</wf>
<wf cmd="tag" pos="NN">preacher</wf>
<wf cmd="ignore" pos="MD">will</wf>
<wf cmd="tag" pos="RB">many_times</wf>
<wf cmd="done" pos="VB" ot="notag">be</wf>
<wf cmd="done" pos="VB" lemma="tempt" wnsn="1" lexsn="2:32:01::">tempted</wf>
<wf cmd="ignore" pos="TO">to</wf>
<wf cmd="done" pos="VB" lemma="quote" wnsn="1" lexsn="2:32:00::">quote</wf>
<wf cmd="ignore" pos="DT">the</wf>
<wf cmd="tag" pos="JJ">whole</wf>
<wf cmd="tag" pos="NN">piece</wf>
<punc>.</punc>
</s>
</p>
<p pnum="4">
<s snum="8">
<wf cmd="ignore" pos="PRP">I</wf>
<wf cmd="done" pos="VB" lemma="feel" wnsn="2" lexsn="2:31:00::">feel</wf>
<wf cmd="ignore" pos="IN">that</wf>
<wf cmd="tag" pos="NNP">N._C.</wf>
<wf cmd="done" pos="VB" lemma="hit" wnsn="5" lexsn="2:35:05::">hit</wf>
<wf cmd="ignore" pos="DT">the</wf>
<wf cmd="tag" pos="JJ">very</wf>
<wf cmd="tag" pos="NN">core</wf>
<wf cmd="ignore" pos="IN">of</wf>
<wf cmd="ignore" pos="PRP$">our</wf>
<wf cmd="tag" pos="NN">existence</wf>
<wf cmd="ignore" pos="IN">in</wf>
<wf cmd="ignore" pos="DT">the</wf>
<wf cmd="tag" pos="NN">editorial</wf>
<punc>``</punc>
<wf cmd="tag" pos="NN">Confrontation</wf>
<punc>''</punc>
<punc>.</punc>
</s>
<s snum="9">
<wf cmd="tag" pos="RB">Personally</wf>
<punc>,</punc>
<wf cmd="ignore" pos="PRP">it</wf>
<wf cmd="done" pos="VB" lemma="mean" wnsn="5" lexsn="2:42:03::">meant</wf>
<wf cmd="ignore" pos="DT">a</wf>
<wf cmd="tag" pos="NN">great_deal</wf>
<punc>;</punc>
<wf cmd="ignore" pos="PRP$">my</wf>
<wf cmd="tag" pos="RB">only</wf>
<wf cmd="tag" pos="NN">hope</wf>
<wf cmd="done" pos="VB" lemma="be" wnsn="2" lexsn="2:42:06::">is</wf>
<wf cmd="ignore" pos="IN">that</wf>
<wf cmd="ignore" pos="PRP">it</wf>
<wf cmd="ignore" pos="MD">will</wf>
<wf cmd="done" pos="VB" ot="notag">be</wf>
<wf cmd="done" pos="VB" lemma="share" wnsn="3" lexsn="2:40:01::">shared</wf>
<wf cmd="ignore" pos="IN">by</wf>
<wf cmd="tag" pos="JJ">many</wf>
<punc>,</punc>
<wf cmd="tag" pos="JJ">many</wf>
<wf cmd="tag" pos="NNS">others</wf>
<punc>.</punc>
</s>
</p>
<p pnum="5">
<s snum="10">
<punc>``</punc>
<wf cmd="tag" pos="NN">Confrontation</wf>
<punc>''</punc>
<wf cmd="ignore" pos="MD">should</wf>
<wf cmd="done" pos="VB" lemma="fortify" wnsn="1" lexsn="2:30:01::">fortify</wf>
<wf cmd="ignore" pos="PRP">us</wf>
<wf cmd="ignore" pos="DT">all</wf>
<punc>,</punc>
<wf cmd="ignore" pos="IN">whether</wf>
<wf cmd="ignore" pos="IN">in</wf>
<wf cmd="tag" pos="NNP">Southeast_Asia</wf>
<wf cmd="ignore" pos="CC">or</wf>
<wf cmd="ignore" pos="DT">the</wf>
<wf cmd="tag" pos="NNP">U._S.</wf>
<punc>.</punc>
</s>
</p>
<p pnum="6">
<s snum="11">
<wf cmd="tag" pos="NNS">Congratulations</wf>
<wf cmd="ignore" pos="TO">to</wf>
<wf cmd="tag" pos="NNP">N._C.</wf>
<wf cmd="ignore" pos="IN">for</wf>
<wf cmd="tag" pos="RB">successfully</wf>
<wf cmd="done" pos="VB" lemma="delve" wnsn="1" lexsn="2:35:00::">delving</wf>
<wf cmd="done" pos="VB" ot="notag">into</wf>
<wf cmd="ignore" pos="DT">the</wf>
<wf cmd="tag" pos="NN">heart</wf>
<wf cmd="ignore" pos="IN">of</wf>
<wf cmd="ignore" pos="DT">the</wf>
<wf cmd="tag" pos="NNS">problems</wf>
<wf cmd="ignore" pos="IN">that</wf>
<wf cmd="done" pos="VB" lemma="face" wnsn="2" lexsn="2:33:00::">face</wf>
<wf cmd="ignore" pos="DT">the</wf>
<wf cmd="tag" pos="NN">Peace_Corps</wf>
<punc>.</punc>
</s>
<s snum="12">
<wf cmd="ignore" pos="PRP">I</wf>
<wf cmd="done" pos="VB" lemma="concur" wnsn="1" lexsn="2:32:00::">concur</wf>
<wf cmd="ignore" pos="IN">that</wf>
<wf cmd="ignore" pos="PRP">it</wf>
<wf cmd="done" pos="VB" lemma="be" wnsn="1" lexsn="2:42:03::">is</wf>
<wf cmd="tag" pos="JJ">necessary</wf>
<wf cmd="ignore" pos="IN">for</wf>
<wf cmd="tag" pos="NNPS">Americans</wf>
<wf cmd="ignore" pos="TO">to</wf>
<wf cmd="done" pos="VB" lemma="have" wnsn="7" lexsn="2:41:00::">have</wf>
<wf cmd="ignore" pos="DT">a</wf>
<wf cmd="tag" pos="NN">confrontation</wf>
<wf cmd="ignore" pos="IN">of</wf>
<wf cmd="ignore" pos="DT">the</wf>
<wf cmd="tag" pos="NN">situation</wf>
<wf cmd="done" pos="VB" lemma="exist" wnsn="1" lexsn="2:42:00::">existing</wf>
<wf cmd="ignore" pos="IN">in</wf>
<wf cmd="tag" pos="JJ">foreign</wf>
<wf cmd="tag" pos="NNS">lands</wf>
<punc>.</punc>
</s>
<s snum="13">
<wf cmd="ignore" pos="PRP">It</wf>
<wf cmd="ignore" pos="MD">would</wf>
<wf cmd="done" pos="VB" lemma="be" wnsn="1" lexsn="2:42:03::">be</wf>
<wf cmd="tag" pos="JJ">heartbreaking</wf>
<wf cmd="ignore" pos="TO">to</wf>
<wf cmd="done" pos="VB" lemma="see" wnsn="3" lexsn="2:39:02::">see</wf>
<wf cmd="tag" pos="NN">idealism</wf>
<punc>,</punc>
<wf cmd="ignore" pos="CC">and</wf>
<wf cmd="tag" pos="RB">hence</wf>
<wf cmd="tag" pos="JJ">effective</wf>
<wf cmd="tag" pos="NN">leadership</wf>
<punc>,</punc>
<wf cmd="done" pos="VB" lemma="thwart" wnsn="0" lexsn="2:37:00::">thwarted</wf>
<wf cmd="ignore" pos="IN">by</wf>
<wf cmd="ignore" pos="DT">the</wf>
<wf cmd="tag" pos="NN">poverty</wf>
<wf cmd="ignore" pos="CC">and</wf>
<wf cmd="tag" pos="NN">hardship</wf>
<wf cmd="ignore" pos="WDT">which</wf>
<wf cmd="tag" pos="JJ">young</wf>
<wf cmd="tag" pos="NNPS">Americans</wf>
<wf cmd="ignore" pos="MD">will</wf>
<wf cmd="done" pos="VB" lemma="run_into" wnsn="1" lexsn="2:42:01::">run_into</wf>
<punc>.</punc>
</s>
</p>
<p pnum="7">
<s snum="14">
<wf cmd="ignore" pos="DT">The</wf>
<wf cmd="tag" pos="NN">editorial</wf>
<punc>``</punc>
<wf cmd="tag" pos="NN">Confrontation</wf>
<punc>''</punc>
<wf cmd="done" pos="VB" lemma="be" wnsn="1" lexsn="2:42:03::">was</wf>
<wf cmd="tag" pos="RB">certainly</wf>
<wf cmd="tag" pos="JJ">direct</wf>
<wf cmd="ignore" pos="IN">in</wf>
<wf cmd="ignore" pos="PRP$">its</wf>
<wf cmd="tag" pos="NN">appear</wf>
<wf cmd="ignore" pos="TO">to</wf>
<wf cmd="ignore" pos="DT">those</wf>
<wf cmd="ignore" pos="IN">of</wf>
<wf cmd="ignore" pos="PRP">us</wf>
<wf cmd="done" pos="VB" lemma="live" wnsn="1" lexsn="2:42:08::">living</wf>
<wf cmd="tag" pos="RB">here</wf>
<wf cmd="ignore" pos="IN">in</wf>
<wf cmd="tag" pos="NNP">America</wf>
<punc>.</punc>
</s>
<s snum="15">
<wf cmd="ignore" pos="PRP">I</wf>
<wf cmd="tag" pos="RB">personally</wf>
<wf cmd="done" pos="VB" lemma="gain" wnsn="1" lexsn="2:40:03::">gained</wf>
<wf cmd="tag" pos="NN">strength</wf>
<wf cmd="tag" pos="RB">from_it</wf>
<punc>.</punc>
</s>
<s snum="16">
<wf cmd="tag" pos="NNS">Thanks</wf>
<wf cmd="ignore" pos="IN">for</wf>
<wf cmd="done" pos="VB" lemma="continue" wnsn="3" lexsn="2:42:00::">continuing</wf>
<wf cmd="ignore" pos="TO">to</wf>
<wf cmd="done" pos="VB" lemma="capture" wnsn="2" lexsn="2:37:00::">capture</wf>
<wf cmd="ignore" pos="DT">the</wf>
<wf cmd="tag" pos="NN">attention</wf>
<wf cmd="ignore" pos="CC">and</wf>
<wf cmd="done" pos="VB" lemma="uncover" wnsn="1" lexsn="2:39:00::">uncover</wf>
<wf cmd="tag" pos="RB">so</wf>
<wf cmd="tag" pos="JJ">many</wf>
<wf cmd="tag" pos="NNS">areas</wf>
<wf cmd="ignore" pos="IN">of</wf>
<wf cmd="tag" pos="NN">need</wf>
<wf cmd="tag" pos="RB">in_this</wf>
<wf cmd="tag" pos="JJ">amazing</wf>
<wf cmd="tag" pos="NN">world</wf>
<punc>.</punc>
</s>
</p>
<p pnum="8">
<s snum="17">
<wf cmd="tag" pos="NNP">N.</wf>
<wf cmd="tag" pos="NN">C</wf>
<punc>.</punc>
<wf cmd="ignore" pos="POS">'s</wf>
<wf cmd="tag" pos="NN">editorial</wf>
<punc>``</punc>
<wf cmd="tag" pos="NN">Confrontation</wf>
<punc>''</punc>
<wf cmd="done" pos="VB" lemma="be" wnsn="1" lexsn="2:42:03::">is</wf>
<wf cmd="ignore" pos="DT">a</wf>
<wf cmd="tag" pos="JJ">stunning</wf>
<wf cmd="tag" pos="NN">piece</wf>
<wf cmd="ignore" pos="IN">of</wf>
<wf cmd="tag" pos="NN">writing</wf>
<punc>.</punc>
</s>
<s snum="18">
<wf cmd="ignore" pos="PRP">I</wf>
<wf cmd="ignore" pos="MD">would</wf>
<wf cmd="done" pos="VB" lemma="hope" wnsn="1" lexsn="2:37:01::">hope</wf>
<wf cmd="ignore" pos="IN">that</wf>
<wf cmd="tag" pos="NNP">Sargent_Shriver</wf>
<wf cmd="ignore" pos="MD">will</wf>
<wf cmd="done" pos="VB" lemma="encourage" wnsn="1" lexsn="2:41:00::">encourage</wf>
<wf cmd="tag" pos="NN">everyone</wf>
<wf cmd="done" pos="VB" lemma="enter" wnsn="3" lexsn="2:41:06::">entering</wf>
<wf cmd="ignore" pos="DT">the</wf>
<wf cmd="tag" pos="NN">Peace_Corps</wf>
<wf cmd="ignore" pos="TO">to</wf>
<wf cmd="done" pos="VB" lemma="read" wnsn="1" lexsn="2:31:00::">read</wf>
<wf cmd="ignore" pos="PRP">it</wf>
<punc>.</punc>
</s>
<s snum="19">
<wf cmd="ignore" pos="DT">The</wf>
<wf cmd="tag" pos="JJ">important</wf>
<wf cmd="tag" pos="NNS">people</wf>
<wf cmd="ignore" pos="TO">to</wf>
<wf cmd="tag" pos="NN">humanity</wf>
<wf cmd="done" pos="VB" lemma="be" wnsn="2" lexsn="2:42:06::">are</wf>
<wf cmd="tag" pos="RB">not</wf>
<wf cmd="ignore" pos="DT">the</wf>
<wf cmd="tag" pos="NNPS">Khrushchevs</wf>
<wf cmd="ignore" pos="CC">and</wf>
<wf cmd="ignore" pos="DT">the</wf>
<wf cmd="tag" pos="NNPS">Castros</wf>
<punc>-</punc>
<wf cmd="ignore" pos="CC">but</wf>
<wf cmd="ignore" pos="DT">the</wf>
<wf cmd="tag" pos="NNPS">Schweitzers</wf>
<wf cmd="ignore" pos="CC">and</wf>
<wf cmd="ignore" pos="DT">the</wf>
<wf cmd="tag" pos="NNPS">Dooleys</wf>
<punc>,</punc>
<wf cmd="ignore" pos="CC">and</wf>
<wf cmd="ignore" pos="DT">the</wf>
<wf cmd="tag" pos="NNS">others</wf>
<wf cmd="ignore" pos="IN">like</wf>
<wf cmd="ignore" pos="PRP">them</wf>
<wf cmd="ignore" pos="WP$">whose</wf>
<wf cmd="tag" pos="NNS">names</wf>
<wf cmd="ignore" pos="PRP">we</wf>
<wf cmd="ignore" pos="MD">will</wf>
<wf cmd="tag" pos="RB">never</wf>
<wf cmd="done" pos="VB" lemma="know" wnsn="1" lexsn="2:31:01::">know</wf>
<punc>.</punc>
</s>
</p>
<p pnum="9">
<s snum="20">
<wf cmd="tag" pos="NNP">Editor</wf>
<wf cmd="ignore" pos="POS">'s</wf>
<wf cmd="tag" pos="NN">note</wf>
<punc>:</punc>
<wf cmd="tag" pos="NNS">Reprints</wf>
<wf cmd="ignore" pos="IN">of</wf>
<punc>``</punc>
<wf cmd="tag" pos="NN">Confrontation</wf>
<punc>''</punc>
<wf cmd="ignore" pos="MD">will</wf>
<wf cmd="done" pos="VB" ot="notag">be</wf>
<wf cmd="done" pos="VB" lemma="include" wnsn="1" lexsn="2:42:00::">included</wf>
<wf cmd="ignore" pos="IN">among</wf>
<wf cmd="ignore" pos="DT">the</wf>
<wf cmd="tag" pos="JJ">material_to</wf>
<wf cmd="done" pos="VB" ot="notag">be</wf>
<wf cmd="done" pos="VB" lemma="distribute" wnsn="1" lexsn="2:40:00::">distributed</wf>
<wf cmd="ignore" pos="TO">to</wf>
<wf cmd="tag" pos="NNS">members</wf>
<wf cmd="ignore" pos="IN">of</wf>
<wf cmd="ignore" pos="DT">the</wf>
<wf cmd="tag" pos="NN">Peace_Corps</wf>
<punc>.</punc>
</s>
<s snum="21">
<wf cmd="ignore" pos="DT">A</wf>
<wf cmd="tag" pos="NN">Peace_Corps</wf>
<wf cmd="tag" pos="NN">official</wf>
<wf cmd="done" pos="VB" lemma="describe" wnsn="1" lexsn="2:32:00::">described</wf>
<wf cmd="ignore" pos="DT">the</wf>
<wf cmd="tag" pos="NN">editorial</wf>
<wf cmd="ignore" pos="IN">as</wf>
<punc>``</punc>
<wf cmd="tag" pos="RB">precisely</wf>
<wf cmd="ignore" pos="DT">the</wf>
<wf cmd="tag" pos="NN">message</wf>
<wf cmd="ignore" pos="PRP">we</wf>
<wf cmd="done" pos="VB" ot="notag">need_to</wf>
<wf cmd="done" pos="VB" lemma="communicate" wnsn="1" lexsn="2:32:01::">communicate</wf>
<wf cmd="ignore" pos="TO">to</wf>
<wf cmd="ignore" pos="DT">the</wf>
<wf cmd="tag" pos="NNS">men</wf>
<wf cmd="ignore" pos="CC">and</wf>
<wf cmd="tag" pos="NNS">women</wf>
<wf cmd="ignore" pos="WP">who</wf>
<wf cmd="ignore" pos="MD">will</wf>
<wf cmd="tag" pos="RB">soon</wf>
<wf cmd="done" pos="VB" lemma="be" wnsn="8" lexsn="2:41:00::">be</wf>
<wf cmd="tag" pos="NN">Peace_Corps</wf>
<wf cmd="tag" pos="NNS">volunteers</wf>
<punc>''</punc>
<punc>.</punc>
</s>
</p>
<p pnum="10">
<s snum="22">
<wf cmd="tag" pos="NNP">F._L._Lucas</wf>
<wf cmd="ignore" pos="POS">'s</wf>
<wf cmd="tag" pos="NN">article</wf>
<wf cmd="ignore" pos="IN">in</wf>
<wf cmd="tag" pos="NNP">SR</wf>
<wf cmd="ignore" pos="POS">'s</wf>
<wf cmd="tag" pos="NNP">April</wf>
<wf cmd="tag" pos="CD">1</wf>
<wf cmd="tag" pos="NN">issue</wf>
<wf cmd="done" pos="VB" lemma="seem" wnsn="1" lexsn="2:39:00::">seemed</wf>
<wf cmd="ignore" pos="TO">to</wf>
<wf cmd="done" pos="VB" lemma="be" wnsn="8" lexsn="2:41:00::">be</wf>
<wf cmd="ignore" pos="DT">a</wf>
<wf cmd="tag" pos="RB">very</wf>
<wf cmd="tag" pos="JJ">fair</wf>
<wf cmd="ignore" pos="CC">and</wf>
<wf cmd="tag" pos="NN">objective</wf>
<wf cmd="tag" pos="NN">analysis</wf>
<wf cmd="ignore" pos="IN">of</wf>
<wf cmd="ignore" pos="DT">the</wf>
<wf cmd="tag" pos="NN">New_English_Bible</wf>
<punc>.</punc>
</s>
<s snum="23">
<wf cmd="ignore" pos="PRP">I</wf>
<wf cmd="tag" pos="RB">certainly</wf>
<wf cmd="done" pos="VB" lemma="hope" wnsn="1" lexsn="2:37:01::">hope</wf>
<wf cmd="ignore" pos="DT">this</wf>
<wf cmd="ignore" pos="MD">will</wf>
<wf cmd="done" pos="VB" lemma="be" wnsn="2" lexsn="2:42:06::">be</wf>
<wf cmd="ignore" pos="DT">the</wf>
<wf cmd="tag" pos="NN">impression</wf>
<wf cmd="done" pos="VB" lemma="leave" wnsn="3" lexsn="2:42:02::">left</wf>
<wf cmd="ignore" pos="IN">in</wf>
<wf cmd="ignore" pos="DT">the</wf>
<wf cmd="tag" pos="NNS">minds</wf>
<wf cmd="ignore" pos="IN">of</wf>
<wf cmd="tag" pos="NNS">readers</wf>
<punc>,</punc>
<wf cmd="tag" pos="RB">rather_than</wf>
<wf cmd="ignore" pos="DT">the</wf>
<wf cmd="tag" pos="NN">comment</wf>
<wf cmd="ignore" pos="IN">by</wf>
<wf cmd="tag" pos="NNP">Cleveland_Amory</wf>
<wf cmd="ignore" pos="IN">in</wf>
<wf cmd="ignore" pos="PRP$">his</wf>
<wf cmd="tag" pos="NNP">First</wf>
<wf cmd="ignore" pos="IN">Of</wf>
<wf cmd="ignore" pos="DT">The</wf>
<wf cmd="tag" pos="NNP">Month</wf>
<wf cmd="tag" pos="NN">column</wf>
<punc>.</punc>
</s>
<s snum="24">
<wf cmd="ignore" pos="PRP">It</wf>
<wf cmd="done" pos="VB" lemma="be" wnsn="1" lexsn="2:42:03::">is</wf>
<wf cmd="tag" pos="JJ">blind</wf>
<punc>,</punc>
<wf cmd="tag" pos="JJ">fundamentalist</wf>
<wf cmd="tag" pos="NN">dogmatism</wf>
<wf cmd="ignore" pos="TO">to</wf>
<wf cmd="done" pos="VB" lemma="say" wnsn="1" lexsn="2:32:00::">say</wf>
<punc>,</punc>
<punc>``</punc>
<wf cmd="done" pos="VB" lemma="mess_around" wnsn="1" lexsn="2:35:00::">Messing_around</wf>
<wf cmd="ignore" pos="IN">with</wf>
<wf cmd="ignore" pos="DT">the</wf>
<wf cmd="tag" pos="NN">King_James_version</wf>
<wf cmd="done" pos="VB" lemma="seem" wnsn="2" lexsn="2:39:01::">seems</wf>
<wf cmd="ignore" pos="TO">to</wf>
<wf cmd="ignore" pos="PRP">us</wf>
<wf cmd="ignore" pos="DT">a</wf>
<wf cmd="tag" pos="JJ">perilous</wf>
<wf cmd="tag" pos="NN">sport</wf>
<wf cmd="tag" pos="RB">at_best</wf>
<punc>''</punc>
<punc>.</punc>
</s>
</p>
<p pnum="11">
<s snum="25">
<wf cmd="tag" pos="NNP">Lester_Markel</wf>
<wf cmd="done" pos="VB" lemma="be" wnsn="1" lexsn="2:42:03::">is</wf>
<wf cmd="tag" pos="RB">on_the_right</wf>
<wf cmd="tag" pos="NN">track</wf>
<wf cmd="ignore" pos="IN">in</wf>
<wf cmd="ignore" pos="PRP$">his</wf>
<wf cmd="tag" pos="NN">article</wf>
<punc>``</punc>
<wf cmd="tag" pos="NNP">Interpretation</wf>
<wf cmd="ignore" pos="IN">of</wf>
<wf cmd="tag" pos="NNP">Interpretation</wf>
<punc>''</punc>
<punc>[</punc>
<wf cmd="tag" pos="NNP">SR</wf>
<punc>,</punc>
<wf cmd="tag" pos="NNP">Mar.</wf>
<wf cmd="tag" pos="CD">11</wf>
<punc>]</punc>
<punc>.</punc>
</s>
<s snum="26">
<wf cmd="ignore" pos="DT">The</wf>
<wf cmd="tag" pos="JJ">current</wf>
<wf cmd="tag" pos="NN">stereotype</wf>
<wf cmd="ignore" pos="IN">of</wf>
<wf cmd="tag" pos="JJ">straight</wf>
<wf cmd="tag" pos="NN">news</wf>
<wf cmd="tag" pos="NN">reporting</wf>
<wf cmd="done" pos="VB" lemma="be" wnsn="1" lexsn="2:42:03::">was</wf>
<wf cmd="tag" pos="RB">probably</wf>
<wf cmd="tag" pos="JJ">invaluable</wf>
<wf cmd="ignore" pos="IN">in</wf>
<wf cmd="done" pos="VB" lemma="protect" wnsn="1" lexsn="2:33:00::">protecting</wf>
<wf cmd="ignore" pos="DT">the</wf>
<wf cmd="tag" pos="NN">press</wf>
<wf cmd="ignore" pos="CC">and</wf>
<wf cmd="ignore" pos="PRP$">its</wf>
<wf cmd="tag" pos="NNS">readers</wf>
<wf cmd="ignore" pos="IN">from</wf>
<wf cmd="tag" pos="NN">pollution</wf>
<wf cmd="ignore" pos="IN">by</wf>
<wf cmd="ignore" pos="IN">that</wf>
<wf cmd="tag" pos="NN">combination</wf>
<wf cmd="ignore" pos="IN">of</wf>
<wf cmd="tag" pos="JJ">doctored</wf>
<wf cmd="tag" pos="NN">fact</wf>
<punc>,</punc>
<wf cmd="tag" pos="JJ">fancy</wf>
<punc>,</punc>
<wf cmd="ignore" pos="CC">and</wf>
<wf cmd="tag" pos="JJ">personal</wf>
<wf cmd="tag" pos="NN">opinion</wf>
<wf cmd="tag" pos="JJ">called</wf>
<wf cmd="tag" pos="NN">yellow_journalism</wf>
<wf cmd="ignore" pos="WDT">which</wf>
<wf cmd="done" pos="VB" lemma="flourish" wnsn="1" lexsn="2:30:01::">flourished</wf>
<wf cmd="tag" pos="RB">in_this</wf>
<wf cmd="tag" pos="NN">country</wf>
<wf cmd="tag" pos="RB">more_than</wf>
<wf cmd="ignore" pos="DT">a</wf>
<wf cmd="tag" pos="NN">generation</wf>
<wf cmd="tag" pos="RB">ago</wf>
<punc>.</punc>
</s>
</p>
<p pnum="12">
<s snum="27">
<wf cmd="ignore" pos="PRP">We</wf>
<wf cmd="done" pos="VBP" ot="notag">do</wf>
<wf cmd="tag" pos="RB">n't</wf>
<wf cmd="done" pos="VB" lemma="need" wnsn="2" lexsn="2:34:00::">need</wf>
<wf cmd="ignore" pos="DT">this</wf>
<wf cmd="tag" pos="NN">type</wf>
<wf cmd="ignore" pos="IN">of</wf>
<wf cmd="tag" pos="NN">protection</wf>
<wf cmd="tag" pos="RB">any_more</wf>
<punc>.</punc>
</s>
<s snum="28">
<wf cmd="ignore" pos="DT">The</wf>
<wf cmd="tag" pos="JJ">public</wf>
<wf cmd="done" pos="VB" ot="notag">is</wf>
<wf cmd="tag" pos="RB">now</wf>
<wf cmd="done" pos="VB" lemma="arm" wnsn="1" lexsn="2:33:00::">armed</wf>
<wf cmd="ignore" pos="IN">with</wf>
<wf cmd="tag" pos="NN">sophistication</wf>
<wf cmd="ignore" pos="CC">and</wf>
<wf cmd="tag" pos="JJ">numerous</wf>
<wf cmd="tag" pos="JJ">competing</wf>
<wf cmd="tag" pos="NNS">media</wf>
<punc>.</punc>
</s>
<s snum="29">
<wf cmd="tag" pos="RB">Besides</wf>
<punc>,</punc>
<wf cmd="ignore" pos="EX">there</wf>
<wf cmd="done" pos="VB" lemma="be" wnsn="4" lexsn="2:42:00::">are</wf>
<wf cmd="tag" pos="RB">no_longer</wf>
<wf cmd="tag" pos="RB">enough</wf>
<wf cmd="tag" pos="JJ">corruptible</wf>
<wf cmd="tag" pos="NNS">journalists</wf>
<wf cmd="tag" pos="RB">about</wf>
<punc>.</punc>
</s>
</p>
<p pnum="13">
<s snum="30">
<wf cmd="ignore" pos="DT">The</wf>
<wf cmd="tag" pos="JJ">accepted</wf>
<wf cmd="tag" pos="NN">method</wf>
<wf cmd="ignore" pos="IN">of</wf>
<wf cmd="done" pos="VB" lemma="write" wnsn="1" lexsn="2:36:00::">writing</wf>
<wf cmd="tag" pos="NN">news</wf>
<wf cmd="done" pos="VB" lemma="have" wnsn="2" lexsn="2:42:00::">has</wf>
<wf cmd="tag" pos="CD">two</wf>
<wf cmd="tag" pos="JJ">major</wf>
<wf cmd="tag" pos="NNS">liabilities</wf>
<punc>.</punc>
</s>
<s snum="31">
<wf cmd="tag" pos="NNP">First</wf>
<punc>,</punc>
<wf cmd="ignore" pos="PRP">it</wf>
<wf cmd="done" pos="VBZ" ot="notag">does</wf>
<wf cmd="tag" pos="RB">not</wf>
<wf cmd="done" pos="VB" lemma="communicate" wnsn="1" lexsn="2:32:01::">communicate</wf>
<punc>.</punc>
</s>
<s snum="32">
<wf cmd="ignore" pos="DT">A</wf>
<wf cmd="tag" pos="NN">reporter</wf>
<wf cmd="done" pos="VB" lemma="restrict" wnsn="2" lexsn="2:41:00::">restricted</wf>
<wf cmd="ignore" pos="TO">to</wf>
<wf cmd="ignore" pos="DT">the</wf>
<wf cmd="tag" pos="JJ">competing</wf>
<wf cmd="tag" pos="NN">propaganda</wf>
<wf cmd="tag" pos="NNS">statements</wf>
<wf cmd="ignore" pos="IN">of</wf>
<wf cmd="ignore" pos="DT">both</wf>
<wf cmd="tag" pos="NNS">sides</wf>
<wf cmd="ignore" pos="IN">in</wf>
<wf cmd="ignore" pos="DT">a</wf>
<wf cmd="tag" pos="JJ">major</wf>
<wf cmd="tag" pos="NN">labor</wf>
<wf cmd="tag" pos="NN">dispute</wf>
<punc>,</punc>
<wf cmd="tag" pos="RB">for_instance</wf>
<punc>,</punc>
<wf cmd="done" pos="VB" lemma="be" wnsn="1" lexsn="2:42:03::">is</wf>
<wf cmd="tag" pos="JJ">unable</wf>
<wf cmd="ignore" pos="TO">to</wf>
<wf cmd="done" pos="VB" lemma="tell" wnsn="2" lexsn="2:32:00::">tell</wf>
<wf cmd="ignore" pos="PRP$">his</wf>
<wf cmd="tag" pos="NNS">readers</wf>
<wf cmd="tag" pos="NN">half</wf>
<wf cmd="tag" pos="RB">of_what</wf>
<wf cmd="ignore" pos="PRP">he</wf>
<wf cmd="done" pos="VB" lemma="know" wnsn="1" lexsn="2:31:01::">knows</wf>
<wf cmd="ignore" pos="IN">about</wf>
<wf cmd="ignore" pos="DT">the</wf>
<wf cmd="tag" pos="NNS">causes</wf>
<wf cmd="ignore" pos="IN">of</wf>
<wf cmd="ignore" pos="DT">the</wf>
<wf cmd="tag" pos="NN">dispute</wf>
<punc>.</punc>
</s>
<s snum="33">
<wf cmd="tag" pos="JJ">Second</wf>
<punc>,</punc>
<wf cmd="ignore" pos="PRP">it</wf>
<wf cmd="done" pos="VB" lemma="subject" wnsn="2" lexsn="2:33:00::">subjects</wf>
<wf cmd="ignore" pos="DT">the</wf>
<wf cmd="tag" pos="NN">news</wf>
<wf cmd="ignore" pos="TO">to</wf>
<wf cmd="tag" pos="NN">distortion</wf>
<wf cmd="ignore" pos="IN">by</wf>
<wf cmd="ignore" pos="DT">the</wf>
<wf cmd="tag" pos="JJ">unscrupulous</wf>
<punc>.</punc>
</s>
<s snum="34">
<wf cmd="ignore" pos="DT">The</wf>
<wf cmd="tag" pos="NNS">charges</wf>
<wf cmd="ignore" pos="IN">by</wf>
<wf cmd="ignore" pos="DT">the</wf>
<wf cmd="tag" pos="JJ">late</wf>
<wf cmd="tag" pos="JJ">junior</wf>
<wf cmd="tag" pos="NNP">Senator</wf>
<wf cmd="ignore" pos="IN">from</wf>
<wf cmd="tag" pos="NNP">Wisconsin</wf>
<wf cmd="tag" pos="RB">not_only</wf>
<wf cmd="done" pos="VB" lemma="destroy" wnsn="2" lexsn="2:35:00::">destroyed</wf>
<wf cmd="tag" pos="JJ">innocent</wf>
<wf cmd="tag" pos="NNS">people</wf>
<wf cmd="ignore" pos="CC">but</wf>
<wf cmd="done" pos="VB" lemma="mislead" wnsn="2" lexsn="2:32:00::">misled</wf>
<wf cmd="ignore" pos="DT">the</wf>
<wf cmd="tag" pos="NN">nation</wf>
<punc>.</punc>
</s>
<s snum="35">
<wf cmd="tag" pos="RB">Yet</wf>
<wf cmd="ignore" pos="DT">the</wf>
<wf cmd="tag" pos="NN">press</wf>
<wf cmd="done" pos="VB" lemma="be" wnsn="1" lexsn="2:42:03::">was</wf>
<wf cmd="tag" pos="JJ">powerless</wf>
<wf cmd="ignore" pos="TO">to</wf>
<wf cmd="done" pos="VB" lemma="put" wnsn="2" lexsn="2:35:05::">put</wf>
<wf cmd="ignore" pos="DT">these</wf>
<wf cmd="tag" pos="NNS">charges</wf>
<wf cmd="ignore" pos="IN">in</wf>
<wf cmd="tag" pos="NN">perspective</wf>
<wf cmd="ignore" pos="IN">in</wf>
<wf cmd="ignore" pos="PRP$">its</wf>
<wf cmd="tag" pos="NN">news</wf>
<wf cmd="tag" pos="NNS">columns</wf>
<punc>.</punc>
</s>
<s snum="36">
<wf cmd="ignore" pos="IN">despite</wf>
<wf cmd="tag" pos="JJ">several</wf>
<wf cmd="tag" pos="NNS">years</wf>
<wf cmd="ignore" pos="IN">of</wf>
<wf cmd="tag" pos="JJ">front-page</wf>
<wf cmd="tag" pos="NNS">stories</wf>
<punc>,</punc>
<wf cmd="ignore" pos="DT">the</wf>
<wf cmd="tag" pos="JJ">average</wf>
<wf cmd="tag" pos="NN">citizen</wf>
<wf cmd="done" pos="VB" lemma="be" wnsn="1" lexsn="2:42:03::">was</wf>
<wf cmd="tag" pos="JJ">unable</wf>
<wf cmd="ignore" pos="TO">to</wf>
<wf cmd="done" pos="VB" lemma="get" wnsn="4" lexsn="2:30:03::">get</wf>
<wf cmd="ignore" pos="DT">a</wf>
<wf cmd="tag" pos="JJ">complete</wf>
<wf cmd="tag" pos="NN">picture</wf>
<wf cmd="ignore" pos="IN">of</wf>
<wf cmd="tag" pos="NNP">McCarthy</wf>
<wf cmd="ignore" pos="IN">until</wf>
<wf cmd="ignore" pos="PRP">he</wf>
<wf cmd="done" pos="VB" lemma="see" wnsn="7" lexsn="2:39:03::">saw</wf>
<wf cmd="ignore" pos="IN">on</wf>
<wf cmd="ignore" pos="DT">the</wf>
<wf cmd="tag" pos="NN">television</wf>
<wf cmd="tag" pos="NN">screen</wf>
<wf cmd="ignore" pos="WP">what</wf>
<wf cmd="ignore" pos="DT">the</wf>
<wf cmd="tag" pos="NNS">reporters</wf>
<wf cmd="done" pos="VBD" ot="notag">had</wf>
<wf cmd="done" pos="VBN" ot="notag">been</wf>
<wf cmd="done" pos="VB" lemma="see" wnsn="3" lexsn="2:39:02::">seeing</wf>
<wf cmd="tag" pos="RB">all_along</wf>
<wf cmd="ignore" pos="CC">but</wf>
<wf cmd="done" pos="VB" lemma="have" wnsn="1" lexsn="2:40:00::">had</wf>
<wf cmd="ignore" pos="DT">no</wf>
<wf cmd="tag" pos="JJ">effective</wf>
<wf cmd="tag" pos="NN">way</wf>
<wf cmd="ignore" pos="IN">of</wf>
<wf cmd="done" pos="VB" lemma="communicate" wnsn="1" lexsn="2:32:01::">communicating</wf>
<punc>.</punc>
</s>
<s snum="37">
<wf cmd="ignore" pos="DT">The</wf>
<wf cmd="tag" pos="NNP">Senator</wf>
<wf cmd="done" pos="VBD" ot="notag">had</wf>
<wf cmd="done" rdf="box_in" pos="VB" lemma="box_in" wnsn="1" lexsn="2:42:00::">boxed</wf>
<wf cmd="ignore" pos="PRP">them</wf>
<wf cmd="ignore" pos="IN">in</wf>
<wf cmd="ignore" pos="IN">with</wf>
<wf cmd="ignore" pos="PRP$">their</wf>
<wf cmd="tag" pos="JJ">own</wf>
<wf cmd="tag" pos="NNS">restrictions</wf>
<punc>.</punc>
</s>
</p>
<p pnum="14">
<s snum="38">
<wf cmd="ignore" pos="PRP">It</wf>
<wf cmd="done" pos="VB" lemma="seem" wnsn="2" lexsn="2:39:01::">seems</wf>
<wf cmd="ignore" pos="TO">to</wf>
<wf cmd="ignore" pos="PRP">me</wf>
<wf cmd="ignore" pos="DT">the</wf>
<wf cmd="tag" pos="NN">time</wf>
<wf cmd="done" pos="VBZ" ot="notag">has</wf>
<wf cmd="done" pos="VB" lemma="come" wnsn="2" lexsn="2:38:04::">come</wf>
<wf cmd="ignore" pos="IN">for</wf>
<wf cmd="ignore" pos="DT">the</wf>
<wf cmd="tag" pos="NNP">American</wf>
<wf cmd="tag" pos="NN">press</wf>
<wf cmd="ignore" pos="TO">to</wf>
<wf cmd="done" pos="VB" lemma="start" wnsn="6" lexsn="2:36:01::">start</wf>
<wf cmd="done" pos="VB" lemma="experiment" wnsn="1" lexsn="2:41:01::">experimenting</wf>
<wf cmd="done" pos="VB" ot="notag">with</wf>
<wf cmd="tag" pos="NNS">ways</wf>
<wf cmd="ignore" pos="IN">of</wf>
<wf cmd="done" pos="VB" lemma="report" wnsn="2" lexsn="2:32:04::">reporting</wf>
<wf cmd="ignore" pos="DT">the</wf>
<wf cmd="tag" pos="NN">news</wf>
<wf cmd="ignore" pos="WDT">that</wf>
<wf cmd="ignore" pos="MD">will</wf>
<wf cmd="done" pos="VB" lemma="do" wnsn="2" lexsn="2:36:01::">do</wf>
<wf cmd="ignore" pos="DT">a</wf>
<wf cmd="tag" pos="JJR">better</wf>
<wf cmd="tag" pos="NN">job</wf>
<wf cmd="ignore" pos="IN">of</wf>
<wf cmd="tag" pos="NN">communicating</wf>
<wf cmd="ignore" pos="CC">and</wf>
<wf cmd="ignore" pos="MD">will</wf>
<wf cmd="done" pos="VB" lemma="be" wnsn="1" lexsn="2:42:03::">be</wf>
<wf cmd="tag" pos="RBR">less</wf>
<wf cmd="tag" pos="JJ">subject_to</wf>
<wf cmd="tag" pos="NN">abuse</wf>
<wf cmd="ignore" pos="IN">by</wf>
<wf cmd="ignore" pos="DT">those</wf>
<wf cmd="ignore" pos="WP">who</wf>
<wf cmd="done" pos="VBP" ot="notag">have</wf>
<wf cmd="done" pos="VB" lemma="learn" wnsn="1" lexsn="2:31:00::">learned</wf>
<wf cmd="ignore" pos="WRB">how</wf>
<wf cmd="ignore" pos="TO">to</wf>
<wf cmd="done" pos="VB" lemma="manipulate" wnsn="1" lexsn="2:41:00::">manipulate</wf>
<wf cmd="ignore" pos="DT">the</wf>
<wf cmd="tag" pos="JJ">present</wf>
<wf cmd="tag" pos="NN">stereotype</wf>
<wf cmd="ignore" pos="TO">to</wf>
<wf cmd="done" pos="VB" lemma="serve" wnsn="8" lexsn="2:42:02::">serve</wf>
<wf cmd="ignore" pos="PRP$">their</wf>
<wf cmd="tag" pos="JJ">own</wf>
<wf cmd="tag" pos="NNS">ends</wf>
<punc>.</punc>
</s>
<s snum="39">
<wf cmd="ignore" pos="DT">The</wf>
<wf cmd="tag" pos="NN">objective</wf>
<wf cmd="ignore" pos="MD">should</wf>
<wf cmd="done" pos="VB" lemma="be" wnsn="2" lexsn="2:42:06::">be</wf>
<wf cmd="ignore" pos="TO">to</wf>
<wf cmd="done" pos="VB" lemma="provide" wnsn="1" lexsn="2:40:00::">provide</wf>
<wf cmd="ignore" pos="DT">a</wf>
<wf cmd="tag" pos="NN">method</wf>
<wf cmd="ignore" pos="IN">of</wf>
<wf cmd="done" pos="VB" lemma="get" wnsn="3" lexsn="2:30:02::">getting</wf>
<wf cmd="done" pos="VB" ot="notag">into</wf>
<wf cmd="tag" pos="NN">print</wf>
<wf cmd="ignore" pos="DT">a</wf>
<wf cmd="tag" pos="JJR">higher</wf>
<wf cmd="tag" pos="NN">percentage</wf>
<wf cmd="ignore" pos="IN">than</wf>
<wf cmd="done" pos="VB" lemma="be" wnsn="1" lexsn="2:42:03::">is</wf>
<wf cmd="tag" pos="RB">now</wf>
<wf cmd="tag" pos="JJ">possible</wf>
<wf cmd="ignore" pos="IN">of</wf>
<wf cmd="ignore" pos="DT">the</wf>
<wf cmd="tag" pos="JJ">relevant</wf>
<wf cmd="tag" pos="NN">information</wf>
<wf cmd="ignore" pos="IN">in</wf>
<wf cmd="ignore" pos="DT">the</wf>
<wf cmd="tag" pos="NN">possession</wf>
<wf cmd="ignore" pos="IN">of</wf>
<wf cmd="tag" pos="NNS">reporters</wf>
<wf cmd="ignore" pos="CC">and</wf>
<wf cmd="tag" pos="NNS">editors</wf>
<punc>.</punc>
</s>
</p>
<p pnum="15">
<s snum="40">
<wf cmd="ignore" pos="PRP">I</wf>
<wf cmd="done" pos="VB" ot="notag">would</wf>
<wf cmd="done" pos="VB" lemma="like" wnsn="1" lexsn="2:37:01::">like</wf>
<wf cmd="ignore" pos="TO">to</wf>
<wf cmd="done" pos="VB" lemma="see" wnsn="1" lexsn="2:39:00::">see</wf>
<wf cmd="ignore" pos="PRP">you</wf>
<wf cmd="done" pos="VB" lemma="devote" wnsn="2" lexsn="2:31:00::">devote</wf>
<wf cmd="ignore" pos="DT">some</wf>
<wf cmd="tag" pos="NN">space</wf>
<wf cmd="ignore" pos="IN">in</wf>
<wf cmd="ignore" pos="DT">an</wf>
<wf cmd="tag" pos="JJ">early</wf>
<wf cmd="tag" pos="NN">issue</wf>
<wf cmd="ignore" pos="TO">to</wf>
<wf cmd="ignore" pos="DT">the</wf>
<wf cmd="tag" pos="NN">news</wf>
<wf cmd="tag" pos="NN">blackout</wf>
<wf cmd="done" pos="VB" lemma="concern" wnsn="1" lexsn="2:42:00::">concerning</wf>
<wf cmd="tag" pos="NNP">President_Kennedy</wf>
<wf cmd="ignore" pos="POS">'s</wf>
<wf cmd="tag" pos="NNS">activities</wf>
<punc>,</punc>
<wf cmd="tag" pos="RB">so_far</wf>
<wf cmd="ignore" pos="IN">as</wf>
<wf cmd="tag" pos="NNP">Southern_California</wf>
<wf cmd="done" pos="VB" lemma="be" wnsn="1" lexsn="2:42:03::">is</wf>
<wf cmd="tag" pos="JJ">concerned</wf>
<punc>.</punc>
</s>
<s snum="41">
<wf cmd="ignore" pos="PRP">You</wf>
<wf cmd="done" pos="VB" ot="notag">have</wf>
<wf cmd="done" pos="VB" ot="notag">on</wf>
<wf cmd="tag" pos="RB">more_than</wf>
<wf cmd="tag" pos="CD">one</wf>
<wf cmd="tag" pos="NN">occasion</wf>
<wf cmd="done" pos="VB" lemma="praise" wnsn="1" lexsn="2:32:00::">praised</wf>
<wf cmd="ignore" pos="DT">the</wf>
<wf cmd="tag" pos="NN">idea</wf>
<wf cmd="ignore" pos="IN">of</wf>
<wf cmd="ignore" pos="DT">a</wf>
<wf cmd="tag" pos="JJ">televised</wf>
<wf cmd="tag" pos="NN">press_conference</wf>
<wf cmd="ignore" pos="CC">and</wf>
<wf cmd="ignore" pos="DT">the</wf>
<wf cmd="tag" pos="NN">chance</wf>
<wf cmd="ignore" pos="PRP">it</wf>
<wf cmd="done" pos="VB" lemma="give" wnsn="1" lexsn="2:40:03::">gives</wf>
<wf cmd="ignore" pos="DT">the</wf>
<wf cmd="tag" pos="NNS">people</wf>
<wf cmd="ignore" pos="TO">to</wf>
<wf cmd="done" pos="VB" lemma="form" wnsn="5" lexsn="2:36:00::">form</wf>
<wf cmd="tag" pos="JJ">intelligent</wf>
<wf cmd="tag" pos="NNS">opinions</wf>
<punc>.</punc>
</s>
</p>
<p pnum="16">
<s snum="42">
<wf cmd="tag" pos="RB">To_begin_with</wf>
<punc>,</punc>
<wf cmd="ignore" pos="DT">the</wf>
<wf cmd="tag" pos="JJ">all-powerful</wf>
<wf cmd="tag" pos="NN">Los_Angeles</wf>
<wf cmd="tag" pos="NNP">Times</wf>
<wf cmd="done" pos="VBZ" ot="notag">does</wf>
<wf cmd="tag" pos="RB">not</wf>
<wf cmd="done" pos="VB" lemma="publish" wnsn="1" lexsn="2:36:01::">publish</wf>
<wf cmd="ignore" pos="DT">a</wf>
<wf cmd="tag" pos="NN">transcript</wf>
<wf cmd="ignore" pos="IN">of</wf>
<wf cmd="ignore" pos="DT">these</wf>
<wf cmd="tag" pos="NN">press_conferences</wf>
<punc>.</punc>
</s>
<s snum="43">
<wf cmd="ignore" pos="PRP">I</wf>
<wf cmd="done" pos="VB" lemma="be" wnsn="1" lexsn="2:42:03::">am</wf>
<wf cmd="tag" pos="JJ">sure</wf>
<wf cmd="ignore" pos="IN">that</wf>
<wf cmd="ignore" pos="PRP">they</wf>
<wf cmd="done" pos="VBD" ot="notag">did</wf>
<wf cmd="ignore" pos="WRB">when</wf>
<wf cmd="tag" pos="NNP">Eisenhower</wf>
<wf cmd="done" pos="VB" lemma="be" wnsn="8" lexsn="2:41:00::">was</wf>
<wf cmd="tag" pos="NNP">President</wf>
<punc>.</punc>
</s>
</p>
<p pnum="17">
<s snum="44">
<wf cmd="tag" pos="JJ">Next</wf>
<punc>,</punc>
<wf cmd="ignore" pos="IN">because</wf>
<wf cmd="ignore" pos="IN">of</wf>
<wf cmd="ignore" pos="DT">the</wf>
<wf cmd="tag" pos="NN">time</wf>
<wf cmd="tag" pos="JJ">differential</wf>
<punc>,</punc>
<wf cmd="ignore" pos="DT">the</wf>
<wf cmd="tag" pos="NNS">conferences</wf>
<wf cmd="done" pos="VB" lemma="come_on" wnsn="1" lexsn="2:30:01::">come_on</wf>
<wf cmd="ignore" pos="DT">the</wf>
<wf cmd="tag" pos="NNS">networks</wf>
<wf cmd="ignore" pos="IN">during</wf>
<wf cmd="ignore" pos="DT">the</wf>
<wf cmd="tag" pos="NN">middle</wf>
<wf cmd="ignore" pos="IN">of</wf>
<wf cmd="ignore" pos="DT">the</wf>
<wf cmd="tag" pos="NN">day</wf>
<punc>.</punc>
</s>
<s snum="45">
<wf cmd="ignore" pos="IN">Up</wf>
<wf cmd="tag" pos="RB">until_now</wf>
<punc>,</punc>
<wf cmd="ignore" pos="DT">the</wf>
<wf cmd="tag" pos="NNS">networks</wf>
<wf cmd="done" pos="VBP" ot="notag">have</wf>
<wf cmd="tag" pos="RB">grudgingly</wf>
<wf cmd="done" pos="VB" lemma="run" wnsn="10" lexsn="2:36:01::">run</wf>
<wf cmd="tag" pos="NN">half-hour</wf>
<wf cmd="tag" pos="NNS">tapes</wf>
<wf cmd="ignore" pos="IN">at</wf>
<wf cmd="tag" pos="CD">5</wf>
<wf cmd="tag" pos="NNP">P._M.</wf>
<wf cmd="ignore" pos="CC">or</wf>
<wf cmd="tag" pos="RB">sometimes</wf>
<wf cmd="tag" pos="CD">7</wf>
<wf cmd="ignore" pos="CC">or</wf>
<wf cmd="tag" pos="CD">10</wf>
<punc>:</punc>
<wf cmd="tag" pos="CD">30</wf>
<wf cmd="tag" pos="NNP">P._M.</wf>
<punc>.</punc>
</s>
<s snum="46">
<wf cmd="tag" pos="RB">Even</wf>
<wf cmd="tag" pos="RB">then</wf>
<punc>,</punc>
<wf cmd="tag" pos="JJ">a_few</wf>
<wf cmd="ignore" pos="IN">of</wf>
<wf cmd="ignore" pos="DT">the</wf>
<punc>``</punc>
<wf cmd="tag" pos="RBR">less</wf>
<wf cmd="tag" pos="JJ">interesting</wf>
<punc>''</punc>
<wf cmd="tag" pos="NNS">questions</wf>
<wf cmd="done" pos="VBP" ot="notag">are</wf>
<wf cmd="done" pos="VB" lemma="edit_out" wnsn="1" lexsn="2:30:00::">edited_out</wf>
<wf cmd="ignore" pos="CC">and</wf>
<wf cmd="tag" pos="RB">glibly</wf>
<wf cmd="done" pos="VB" lemma="summarize" wnsn="1" lexsn="2:32:00::">summarized</wf>
<wf cmd="ignore" pos="IN">by</wf>
<wf cmd="ignore" pos="DT">a</wf>
<wf cmd="tag" pos="NN">commentator</wf>
<punc>.</punc>
</s>
<s snum="47">
<wf cmd="tag" pos="RB">However</wf>
<punc>,</punc>
<wf cmd="tag" pos="JJ">last</wf>
<wf cmd="tag" pos="NN">night</wf>
<wf cmd="ignore" pos="DT">the</wf>
<wf cmd="tag" pos="NNS">tapes</wf>
<wf cmd="done" pos="VBD" ot="notag">were</wf>
<wf cmd="tag" pos="RB">not</wf>
<wf cmd="done" pos="VB" lemma="run" wnsn="10" lexsn="2:36:01::">run</wf>
<wf cmd="tag" pos="RB">at_all</wf>
<wf cmd="ignore" pos="IN">during</wf>
<wf cmd="ignore" pos="DT">the</wf>
<wf cmd="tag" pos="NN">evening</wf>
<wf cmd="tag" pos="NNS">hours</wf>
<wf cmd="ignore" pos="CC">and</wf>
<wf cmd="ignore" pos="DT">all</wf>
<wf cmd="ignore" pos="PRP">we</wf>
<wf cmd="done" pos="VB" lemma="get" wnsn="4" lexsn="2:30:03::">got</wf>
<wf cmd="done" pos="VB" ot="notag">on</wf>
<wf cmd="tag" pos="NN">TV</wf>
<wf cmd="done" pos="VB" lemma="be" wnsn="2" lexsn="2:42:06::">were</wf>
<wf cmd="tag" pos="JJ">a_few</wf>
<wf cmd="tag" pos="NNS">snatches</wf>
<wf cmd="ignore" pos="WDT">which</wf>
<wf cmd="tag" pos="NNP">Douglas_Edwards</wf>
<wf cmd="ignore" pos="CC">and</wf>
<wf cmd="tag" pos="NNP">Huntley</wf>
<wf cmd="ignore" pos="CC">and</wf>
<wf cmd="tag" pos="NNP">Brinkley</wf>
<wf cmd="ignore" pos="MD">could</wf>
<wf cmd="done" pos="VB" lemma="squeeze" wnsn="3" lexsn="2:35:03::">squeeze</wf>
<wf cmd="ignore" pos="IN">into</wf>
<wf cmd="ignore" pos="PRP$">their</wf>
<wf cmd="tag" pos="NNS">programs</wf>
<punc>.</punc>
</s>
<s snum="48">
<wf cmd="ignore" pos="DT">This</wf>
<wf cmd="done" pos="VB" lemma="be" wnsn="1" lexsn="2:42:03::">is</wf>
<wf cmd="ignore" pos="DT">no</wf>
<wf cmd="tag" pos="NN">criticism</wf>
<wf cmd="ignore" pos="IN">of</wf>
<wf cmd="ignore" pos="PRP">them</wf>
<punc>,</punc>
<wf cmd="ignore" pos="IN">as</wf>
<wf cmd="ignore" pos="PRP">they</wf>
<wf cmd="tag" pos="RB">obviously</wf>
<wf cmd="ignore" pos="MD">cannot</wf>
<wf cmd="done" pos="VB" lemma="get" wnsn="3" lexsn="2:30:02::">get</wf>
<wf cmd="ignore" pos="DT">a</wf>
<wf cmd="tag" pos="NN">half-hour</wf>
<wf cmd="tag" pos="NN">program</wf>
<wf cmd="ignore" pos="IN">into</wf>
<wf cmd="ignore" pos="DT">a</wf>
<wf cmd="tag" pos="JJ">fifteen-minute</wf>
<wf cmd="tag" pos="NN">news</wf>
<wf cmd="tag" pos="NN">summary</wf>
<punc>.</punc>
</s>
</p>
<p pnum="18">
<s snum="49">
<wf cmd="ignore" pos="DT">The</wf>
<wf cmd="tag" pos="NN">radio_stations</wf>
<wf cmd="done" pos="VBD" ot="notag">did</wf>
<wf cmd="done" pos="VB" lemma="run" wnsn="10" lexsn="2:36:01::">run</wf>
<punc>``</punc>
<wf cmd="tag" pos="NNS">transcripts</wf>
<punc>''</punc>
<punc>(</punc>
<wf cmd="ignore" pos="PRP">I</wf>
<wf cmd="done" pos="VB" lemma="think" wnsn="2" lexsn="2:31:03::">thought</wf>
<punc>)</punc>
<wf cmd="ignore" pos="IN">during</wf>
<wf cmd="ignore" pos="DT">the</wf>
<wf cmd="tag" pos="NN">evening</wf>
<wf cmd="tag" pos="NNS">hours</wf>
<punc>.</punc>
</s>
<s snum="50">
<wf cmd="tag" pos="RB">However</wf>
<punc>,</punc>
<wf cmd="ignore" pos="IN">by</wf>
<wf cmd="done" pos="VB" lemma="compare" wnsn="1" lexsn="2:31:00::">comparing</wf>
<wf cmd="ignore" pos="DT">the</wf>
<wf cmd="tag" pos="NN">TV</wf>
<wf cmd="tag" pos="NNS">snatches</wf>
<punc>,</punc>
<wf cmd="tag" pos="CD">two</wf>
<wf cmd="tag" pos="JJ">different</wf>
<wf cmd="tag" pos="NN">radio_station</wf>
<wf cmd="tag" pos="NNS">re-runs</wf>
<punc>,</punc>
<wf cmd="ignore" pos="CC">and</wf>
<wf cmd="ignore" pos="DT">the</wf>
<wf cmd="tag" pos="JJ">censored</wf>
<wf cmd="tag" pos="NN">Los_Angeles</wf>
<wf cmd="tag" pos="NNP">Times</wf>
<wf cmd="tag" pos="NN">version</wf>
<punc>,</punc>
<wf cmd="ignore" pos="PRP">I</wf>
<wf cmd="done" pos="VB" lemma="find" wnsn="2" lexsn="2:39:02::">found</wf>
<wf cmd="ignore" pos="IN">that</wf>
<wf cmd="ignore" pos="DT">the</wf>
<wf cmd="tag" pos="NN">radio_stations</wf>
<wf cmd="done" pos="VBD" ot="notag">had</wf>
<wf cmd="done" pos="VB" lemma="edit_out" wnsn="1" lexsn="2:30:00::">edited_out</wf>
<wf cmd="tag" pos="NNS">questions</wf>
<punc>(</punc>
<wf cmd="tag" pos="NNP">ABC</wf>
<wf cmd="done" pos="VB" lemma="remove" wnsn="4" lexsn="2:41:02::">removed</wf>
<wf cmd="ignore" pos="DT">the</wf>
<wf cmd="tag" pos="CD">one</wf>
<wf cmd="done" pos="VB" lemma="regard" wnsn="3" lexsn="2:42:00::">regarding</wf>
<wf cmd="tag" pos="NNP">Laos</wf>
<punc>)</punc>
<wf cmd="ignore" pos="CC">or</wf>
<wf cmd="tag" pos="RB">even</wf>
<wf cmd="ignore" pos="DT">a</wf>
<wf cmd="tag" pos="NN">paragraph</wf>
<wf cmd="ignore" pos="IN">out</wf>
<wf cmd="ignore" pos="IN">of</wf>
<wf cmd="ignore" pos="DT">the</wf>
<wf cmd="tag" pos="NN">middle</wf>
<wf cmd="ignore" pos="IN">of</wf>
<wf cmd="ignore" pos="DT">the</wf>
<wf cmd="tag" pos="NNP">President</wf>
<wf cmd="ignore" pos="POS">'s</wf>
<wf cmd="tag" pos="NN">answer</wf>
<punc>.</punc>
</s>
<s snum="51">
<wf cmd="ignore" pos="PRP">I</wf>
<wf cmd="done" pos="VB" lemma="be" wnsn="1" lexsn="2:42:03::">am</wf>
<wf cmd="tag" pos="JJ">interested</wf>
<wf cmd="ignore" pos="TO">to</wf>
<wf cmd="done" pos="VB" lemma="know" wnsn="1" lexsn="2:31:01::">know</wf>
<wf cmd="ignore" pos="PRP">he</wf>
<wf cmd="done" pos="VBZ" ot="notag">is</wf>
<wf cmd="done" pos="VB" lemma="get" wnsn="4" lexsn="2:30:03::">getting</wf>
<wf cmd="tag" pos="NN">mail</wf>
<wf cmd="ignore" pos="IN">from</wf>
<wf cmd="tag" pos="RB">all_over</wf>
<wf cmd="ignore" pos="DT">the</wf>
<wf cmd="tag" pos="NN">country</wf>
<wf cmd="ignore" pos="IN">about</wf>
<wf cmd="ignore" pos="DT">the</wf>
<punc>``</punc>
<wf cmd="tag" pos="NN">abuse</wf>
<punc>''</punc>
<wf cmd="ignore" pos="PRP">he</wf>
<wf cmd="done" pos="VBZ" ot="notag">is</wf>
<wf cmd="done" pos="VB" ot="notag">being</wf>
<wf cmd="done" pos="VB" lemma="subject" wnsn="2" lexsn="2:33:00::">subjected</wf>
<wf cmd="done" pos="VB" ot="notag">to</wf>
<punc>.</punc>
</s>
<s snum="52">
<wf cmd="ignore" pos="PRP">We</wf>
<wf cmd="ignore" pos="IN">out</wf>
<wf cmd="tag" pos="RB">here</wf>
<wf cmd="done" pos="VBP" ot="notag">do</wf>
<wf cmd="tag" pos="RB">n't</wf>
<wf cmd="done" pos="VB" lemma="see" wnsn="7" lexsn="2:39:03::">see</wf>
<wf cmd="tag" pos="RB">enough</wf>
<wf cmd="ignore" pos="IN">of</wf>
<wf cmd="ignore" pos="DT">the</wf>
<wf cmd="tag" pos="NN">conference</wf>
<wf cmd="ignore" pos="TO">to</wf>
<wf cmd="done" pos="VB" lemma="know" wnsn="1" lexsn="2:31:01::">know</wf>
<wf cmd="ignore" pos="PRP">he</wf>
<wf cmd="done" pos="VBZ" ot="notag">is</wf>
<wf cmd="done" pos="VBG" ot="notag">being</wf>
<wf cmd="done" pos="VB" lemma="abuse" wnsn="1" lexsn="2:41:00::">abused</wf>
<punc>.</punc>
</s>
</p>
<p pnum="19">
<s snum="53">
<wf cmd="ignore" pos="PRP">I</wf>
<wf cmd="done" pos="VBP" ot="notag">do</wf>
<wf cmd="tag" pos="RB">n't</wf>
<wf cmd="done" pos="VB" lemma="know" wnsn="3" lexsn="2:31:02::">know</wf>
<wf cmd="ignore" pos="IN">if</wf>
<wf cmd="ignore" pos="DT">this</wf>
<wf cmd="done" pos="VB" lemma="be" wnsn="2" lexsn="2:42:06::">is</wf>
<wf cmd="ignore" pos="DT">the</wf>
<wf cmd="tag" pos="NN">situation</wf>
<wf cmd="ignore" pos="IN">in</wf>
<wf cmd="tag" pos="JJ">other</wf>
<wf cmd="tag" pos="NNS">parts</wf>
<wf cmd="ignore" pos="IN">of</wf>
<wf cmd="ignore" pos="DT">the</wf>
<wf cmd="tag" pos="NN">country</wf>
<punc>;</punc>
<wf cmd="tag" pos="RB">apparently</wf>
<wf cmd="ignore" pos="PRP">it</wf>
<wf cmd="done" pos="VB" lemma="be" wnsn="2" lexsn="2:42:06::">is</wf>
<wf cmd="tag" pos="RB">not</wf>
<punc>.</punc>
</s>
<s snum="54">
<wf cmd="ignore" pos="PRP">It</wf>
<wf cmd="tag" pos="RB">also</wf>
<wf cmd="done" pos="VB" lemma="happen" wnsn="1" lexsn="2:30:00::">happened</wf>
<wf cmd="ignore" pos="IN">with</wf>
<wf cmd="ignore" pos="DT">the</wf>
<wf cmd="tag" pos="NNP">Inauguration</wf>
<punc>,</punc>
<wf cmd="ignore" pos="WDT">which</wf>
<wf cmd="done" pos="VBD" ot="notag">was</wf>
<wf cmd="tag" pos="RB">not</wf>
<wf cmd="done" pos="VB" lemma="rerun" wnsn="1" lexsn="2:32:00::">re-run</wf>
<wf cmd="tag" pos="RB">at_all</wf>
<wf cmd="ignore" pos="IN">during</wf>
<wf cmd="ignore" pos="DT">the</wf>
<wf cmd="tag" pos="NN">evening</wf>
<wf cmd="tag" pos="NNS">hours</wf>
<punc>,</punc>
<wf cmd="ignore" pos="CC">and</wf>
<wf cmd="ignore" pos="PRP">I</wf>
<wf cmd="done" pos="VB" lemma="write" wnsn="4" lexsn="2:32:08::">wrote</wf>
<wf cmd="ignore" pos="TO">to</wf>
<wf cmd="ignore" pos="DT">the</wf>
<wf cmd="tag" pos="NN">TV</wf>
<wf cmd="tag" pos="NN">editor</wf>
<wf cmd="ignore" pos="IN">of</wf>
<wf cmd="ignore" pos="DT">the</wf>
<wf cmd="tag" pos="NNP">Times</wf>
<punc>.</punc>
</s>
<s snum="55">
<wf cmd="ignore" pos="PRP">He</wf>
<wf cmd="done" pos="VBD" ot="notag">did</wf>
<wf cmd="done" pos="VB" lemma="mention" wnsn="2" lexsn="2:32:00::">mention</wf>
<wf cmd="ignore" pos="IN">in</wf>
<wf cmd="ignore" pos="PRP$">his</wf>
<wf cmd="tag" pos="NN">column</wf>
<wf cmd="ignore" pos="DT">the</wf>
<wf cmd="tag" pos="NN">fact</wf>
<wf cmd="ignore" pos="IN">that</wf>
<wf cmd="ignore" pos="PRP">he</wf>
<wf cmd="done" pos="VBD" ot="notag">had</wf>
<wf cmd="done" pos="VB" lemma="receive" wnsn="1" lexsn="2:40:00::">received</wf>
<wf cmd="tag" pos="JJ">many</wf>
<wf cmd="tag" pos="NNS">letters</wf>
<wf cmd="ignore" pos="IN">about</wf>
<wf cmd="ignore" pos="DT">this</wf>
<wf cmd="ignore" pos="CC">and</wf>
<wf cmd="ignore" pos="PRP">he</wf>
<wf cmd="ignore" pos="PRP">himself</wf>
<wf cmd="done" pos="VBD" ot="notag">did</wf>
<wf cmd="tag" pos="RB">not</wf>
<wf cmd="done" pos="VB" lemma="understand" wnsn="1" lexsn="2:31:00::">understand</wf>
<wf cmd="ignore" pos="DT">the</wf>
<wf cmd="tag" pos="NNS">networks</wf>
<wf cmd="ignore" pos="CC">and</wf>
<wf cmd="ignore" pos="DT">the</wf>
<wf cmd="tag" pos="JJ">independent</wf>
<wf cmd="tag" pos="JJ">local</wf>
<wf cmd="tag" pos="NNS">stations</wf>
<punc>'</punc>
<wf cmd="tag" pos="RB">not</wf>
<wf cmd="done" pos="VB" lemma="do" wnsn="1" lexsn="2:41:01::">doing</wf>
<wf cmd="ignore" pos="DT">this</wf>
<punc>-</punc>
<wf cmd="ignore" pos="CC">but</wf>
<wf cmd="tag" pos="NN">nothing</wf>
<wf cmd="done" pos="VB" lemma="happen" wnsn="4" lexsn="2:30:01::">happened</wf>
<punc>.</punc>
</s>
</p>
<p pnum="20">
<s snum="56">
<wf cmd="ignore" pos="MD">Can</wf>
<wf cmd="ignore" pos="PRP">you</wf>
<wf cmd="done" pos="VB" lemma="bring" wnsn="5" lexsn="2:30:00::">bring</wf>
<wf cmd="ignore" pos="DT">the</wf>
<wf cmd="tag" pos="NNS">networks</wf>
<punc>'</punc>
<wf cmd="tag" pos="NN">attention</wf>
<wf cmd="ignore" pos="TO">to</wf>
<wf cmd="ignore" pos="DT">this</wf>
<punc>?</punc>
</s>
</p>
<p pnum="21">
<s snum="57">
<wf cmd="ignore" pos="PRP">I</wf>
<wf cmd="done" pos="VB" lemma="be" wnsn="1" lexsn="2:42:03::">was</wf>
<wf cmd="tag" pos="JJ">interested</wf>
<wf cmd="ignore" pos="IN">in</wf>
<wf cmd="tag" pos="NNP">James_Webb_Young</wf>
<wf cmd="ignore" pos="POS">'s</wf>
<wf cmd="tag" pos="NNP">MADISON</wf>
<wf cmd="tag" pos="NN">AVENUE</wf>
<wf cmd="tag" pos="NN">column</wf>
<wf cmd="tag" pos="RB">in_which</wf>
<wf cmd="ignore" pos="PRP">he</wf>
<wf cmd="done" pos="VB" lemma="raise" wnsn="3" lexsn="2:32:00::">raised</wf>
<wf cmd="ignore" pos="DT">the</wf>
<wf cmd="tag" pos="NN">question</wf>
<punc>``</punc>
<wf cmd="done" pos="VBP" ot="notag">Do</wf>
<wf cmd="ignore" pos="PRP">We</wf>
<wf cmd="done" pos="VB" lemma="need" wnsn="2" lexsn="2:34:00::">Need</wf>
<wf cmd="ignore" pos="DT">a</wf>
<wf cmd="tag" pos="NNP">College</wf>
<wf cmd="ignore" pos="IN">of</wf>
<wf cmd="tag" pos="NNP">Propaganda</wf>
<punc>''</punc>
<punc>?</punc>
</s>
<s snum="58">
<punc>[</punc>
<wf cmd="tag" pos="NNP">SR</wf>
<punc>,</punc>
<wf cmd="tag" pos="NNP">Feb.</wf>
<wf cmd="tag" pos="CD">11</wf>
<punc>]</punc>
<punc>.</punc>
</s>
</p>
<p pnum="22">
<s snum="59">
<wf cmd="ignore" pos="IN">In</wf>
<wf cmd="ignore" pos="PRP$">my</wf>
<wf cmd="tag" pos="NN">estimation</wf>
<punc>,</punc>
<wf cmd="ignore" pos="PRP">we</wf>
<wf cmd="tag" pos="RB">definitely</wf>
<wf cmd="done" pos="VBP" ot="notag">do</wf>
<punc>;</punc>
<wf cmd="ignore" pos="CC">and</wf>
<wf cmd="ignore" pos="DT">the</wf>
<wf cmd="tag" pos="JJ">sad</wf>
<wf cmd="tag" pos="NN">part</wf>
<wf cmd="tag" pos="RB">of_it</wf>
<wf cmd="done" pos="VB" lemma="be" wnsn="2" lexsn="2:42:06::">is</wf>
<wf cmd="ignore" pos="IN">that</wf>
<wf cmd="ignore" pos="PRP">we</wf>
<wf cmd="done" pos="VB" lemma="have" wnsn="1" lexsn="2:40:00::">had</wf>
<wf cmd="tag" pos="CD">one</wf>
<punc>,</punc>
<wf cmd="ignore" pos="WDT">which</wf>
<wf cmd="done" pos="VBD" ot="notag">was</wf>
<wf cmd="done" pos="VB" lemma="round" wnsn="2" lexsn="2:30:00::">rounding</wf>
<wf cmd="ignore" pos="IN">into</wf>
<wf cmd="tag" pos="JJ">excellent</wf>
<wf cmd="tag" pos="NN">shape</wf>
<punc>,</punc>
<wf cmd="ignore" pos="CC">and</wf>
<wf cmd="ignore" pos="PRP">we</wf>
<wf cmd="done" pos="VB" lemma="let" wnsn="1" lexsn="2:41:00::">let</wf>
<wf cmd="ignore" pos="PRP">it</wf>
<wf cmd="done" pos="VB" lemma="disintegrate" wnsn="1" lexsn="2:30:00::">disintegrate</wf>
<wf cmd="ignore" pos="CC">and</wf>
<wf cmd="done" pos="VB" lemma="die" wnsn="1" lexsn="2:30:00::">die</wf>
<punc>.</punc>
</s>
</p>
<p pnum="23">
<s snum="60">
<wf cmd="ignore" pos="IN">During</wf>
<wf cmd="ignore" pos="DT">the</wf>
<wf cmd="tag" pos="NN">war</wf>
<punc>,</punc>
<wf cmd="ignore" pos="PRP">we</wf>
<wf cmd="done" pos="VB" lemma="set_up" wnsn="1" lexsn="2:41:02::">set_up</wf>
<wf cmd="tag" pos="NNS">schools</wf>
<wf cmd="ignore" pos="IN">for</wf>
<wf cmd="ignore" pos="DT">the</wf>
<wf cmd="tag" pos="NN">teaching</wf>
<wf cmd="ignore" pos="IN">of</wf>
<wf cmd="tag" pos="NN">psychological_warfare</wf>
<punc>,</punc>
<wf cmd="ignore" pos="WDT">which</wf>
<wf cmd="done" pos="VB" lemma="include" wnsn="1" lexsn="2:42:00::">included</wf>
<wf cmd="ignore" pos="DT">the</wf>
<wf cmd="tag" pos="NN">teaching</wf>
<wf cmd="ignore" pos="IN">of</wf>
<wf cmd="tag" pos="NN">propaganda</wf>
<punc>,</punc>
<wf cmd="ignore" pos="DT">both</wf>
<wf cmd="tag" pos="JJ">black_and_white</wf>
<wf cmd="ignore" pos="CC">and</wf>
<wf cmd="ignore" pos="DT">the</wf>
<wf cmd="tag" pos="JJ">various</wf>
<wf cmd="tag" pos="NNS">shades</wf>
<wf cmd="ignore" pos="IN">of</wf>
<wf cmd="tag" pos="JJ">grey</wf>
<wf cmd="tag" pos="RB">in_between</wf>
<punc>.</punc>
</s>
<s snum="61">
<wf cmd="ignore" pos="PRP">We</wf>
<wf cmd="done" pos="VB" lemma="have" wnsn="4" lexsn="2:40:04::">had</wf>
<wf cmd="tag" pos="JJ">a_couple_of</wf>
<wf cmd="tag" pos="NNS">schools</wf>
<wf cmd="tag" pos="RB">in_this</wf>
<wf cmd="tag" pos="NN">country</wf>
<punc>,</punc>
<wf cmd="ignore" pos="DT">the</wf>
<wf cmd="tag" pos="JJ">principal</wf>
<wf cmd="tag" pos="CD">one</wf>
<wf cmd="done" pos="VB" lemma="be" wnsn="3" lexsn="2:42:05::">being</wf>
<wf cmd="done" pos="VB" ot="notag">on</wf>
<wf cmd="ignore" pos="DT">the</wf>
<wf cmd="tag" pos="NNP">Marshall_Field</wf>
<wf cmd="tag" pos="NN">estate</wf>
<wf cmd="ignore" pos="IN">out</wf>
<wf cmd="ignore" pos="IN">in</wf>
<wf cmd="tag" pos="NNP">Lloyd</wf>
<wf cmd="ignore" pos="POS">'s</wf>
<wf cmd="tag" pos="NNP">Neck</wf>
<punc>.</punc>
</s>
<s snum="62">
<wf cmd="ignore" pos="EX">There</wf>
<wf cmd="done" pos="VB" lemma="be" wnsn="3" lexsn="2:42:05::">were</wf>
<wf cmd="tag" pos="RB">also</wf>
<wf cmd="ignore" pos="DT">a</wf>
<wf cmd="tag" pos="NN">couple</wf>
<wf cmd="ignore" pos="IN">in</wf>
<wf cmd="tag" pos="NNP">Canada</wf>
<punc>,</punc>
<wf cmd="ignore" pos="CC">and</wf>
<wf cmd="tag" pos="JJ">several</wf>
<wf cmd="ignore" pos="IN">in</wf>
<wf cmd="tag" pos="NNP">England</wf>
<punc>.</punc>
</s>
<s snum="63">
<wf cmd="tag" pos="NN">The_English</wf>
<wf cmd="tag" pos="NNS">schools</wf>
<wf cmd="done" pos="VB" lemma="precede" wnsn="3" lexsn="2:41:00::">preceded</wf>
<wf cmd="ignore" pos="PRP">ours</wf>
<punc>,</punc>
<wf cmd="ignore" pos="CC">and</wf>
<wf cmd="ignore" pos="IN">by</wf>
<wf cmd="ignore" pos="DT">the</wf>
<wf cmd="tag" pos="NN">time</wf>
<wf cmd="ignore" pos="PRP">we</wf>
<wf cmd="done" pos="VB" lemma="get_into" wnsn="1" lexsn="2:42:00::">got_into</wf>
<wf cmd="ignore" pos="PRP">it</wf>
<wf cmd="ignore" pos="PRP">they</wf>
<wf cmd="done" pos="VBD" ot="notag">had</wf>
<wf cmd="done" pos="VB" lemma="learn" wnsn="1" lexsn="2:31:00::">learned</wf>
<wf cmd="tag" pos="RB">a_lot</wf>
<wf cmd="ignore" pos="IN">about</wf>
<wf cmd="ignore" pos="DT">the</wf>
<wf cmd="tag" pos="NNS">techniques</wf>
<wf cmd="ignore" pos="IN">of</wf>
<wf cmd="tag" pos="NN">propaganda</wf>
<wf cmd="ignore" pos="CC">and</wf>
<wf cmd="ignore" pos="PRP$">its</wf>
<wf cmd="tag" pos="NN">teaching</wf>
<punc>.</punc>
</s>
</p>
<p pnum="24">
<s snum="64">
<wf cmd="tag" pos="CD">Four</wf>
<wf cmd="ignore" pos="IN">of</wf>
<wf cmd="ignore" pos="PRP">us</wf>
<wf cmd="tag" pos="RB">here</wf>
<wf cmd="ignore" pos="IN">in</wf>
<wf cmd="ignore" pos="DT">the</wf>
<wf cmd="tag" pos="NN">United_States</wf>
<wf cmd="done" pos="VB" lemma="attend" wnsn="1" lexsn="2:42:00::">attended</wf>
<punc>,</punc>
<wf cmd="tag" pos="JJ">first</wf>
<wf cmd="ignore" pos="IN">as</wf>
<wf cmd="tag" pos="NNS">students</wf>
<punc>,</punc>
<wf cmd="tag" pos="RB">then</wf>
<wf cmd="ignore" pos="IN">as</wf>
<wf cmd="tag" pos="NNS">instructors</wf>
<punc>,</punc>
<wf cmd="tag" pos="RB">almost</wf>
<wf cmd="ignore" pos="DT">every</wf>
<wf cmd="tag" pos="CD">one</wf>
<wf cmd="ignore" pos="IN">of</wf>
<wf cmd="ignore" pos="DT">these</wf>
<wf cmd="tag" pos="NNS">schools</wf>
<punc>,</punc>
<wf cmd="ignore" pos="IN">in</wf>
<wf cmd="tag" pos="NNP">England</wf>
<punc>,</punc>
<wf cmd="tag" pos="NNP">Canada</wf>
<punc>,</punc>
<wf cmd="ignore" pos="CC">and</wf>
<wf cmd="ignore" pos="DT">the</wf>
<wf cmd="tag" pos="NN">United_States</wf>
<punc>.</punc>
</s>
<s snum="65">
<wf cmd="ignore" pos="PRP">We</wf>
<wf cmd="done" pos="VB" lemma="set_up" wnsn="1" lexsn="2:41:02::">set_up</wf>
<wf cmd="ignore" pos="DT">the</wf>
<wf cmd="tag" pos="NNP">Lloyd</wf>
<wf cmd="ignore" pos="POS">'s</wf>
<wf cmd="tag" pos="NNP">Neck</wf>
<wf cmd="tag" pos="NN">school</wf>
<punc>,</punc>
<wf cmd="done" pos="VB" lemma="work_out" wnsn="3" lexsn="2:30:01::">worked_out</wf>
<wf cmd="ignore" pos="PRP$">its</wf>
<wf cmd="tag" pos="NN">curriculum</wf>
<punc>,</punc>
<wf cmd="ignore" pos="CC">and</wf>
<wf cmd="done" pos="VB" lemma="teach" wnsn="1" lexsn="2:32:00::">taught</wf>
<wf cmd="ignore" pos="EX">there</wf>
<punc>.</punc>
</s>
<s snum="66">
<wf cmd="ignore" pos="IN">Toward</wf>
<wf cmd="ignore" pos="DT">the</wf>
<wf cmd="tag" pos="NN">end</wf>
<wf cmd="ignore" pos="IN">of</wf>
<wf cmd="ignore" pos="DT">the</wf>
<wf cmd="tag" pos="NN">war</wf>
<punc>,</punc>
<wf cmd="ignore" pos="PRP">we</wf>
<wf cmd="tag" pos="RB">really</wf>
<wf cmd="done" pos="VB" lemma="feel" wnsn="2" lexsn="2:31:00::">felt</wf>
<wf cmd="ignore" pos="IN">that</wf>
<wf cmd="ignore" pos="PRP">we</wf>
<wf cmd="done" pos="VBD" ot="notag">had</wf>
<wf cmd="done" pos="VB" lemma="learn" wnsn="1" lexsn="2:31:00::">learned</wf>
<wf cmd="tag" pos="NN">something</wf>
<wf cmd="ignore" pos="IN">about</wf>
<wf cmd="tag" pos="NN">propaganda</wf>
<wf cmd="tag" pos="RB">and_how</wf>
<wf cmd="ignore" pos="TO">to</wf>
<wf cmd="done" pos="VB" lemma="teach" wnsn="1" lexsn="2:32:00::">teach</wf>
<wf cmd="ignore" pos="PRP">it</wf>
<punc>.</punc>
</s>
</p>
<p pnum="25">
<s snum="67">
<wf cmd="ignore" pos="WRB">When</wf>
<wf cmd="ignore" pos="DT">the</wf>
<wf cmd="tag" pos="NN">end</wf>
<wf cmd="done" pos="VBD" ot="notag">did</wf>
<wf cmd="done" pos="VB" lemma="come" wnsn="3" lexsn="2:30:01::">come</wf>
<punc>,</punc>
<wf cmd="ignore" pos="CC">and</wf>
<wf cmd="ignore" pos="DT">the</wf>
<wf cmd="tag" pos="NNS">schools</wf>
<wf cmd="done" pos="VBD" ot="notag">were</wf>
<wf cmd="done" pos="VB" lemma="disband" wnsn="1" lexsn="2:38:01::">disbanded</wf>
<wf cmd="ignore" pos="CC">and</wf>
<wf cmd="done" pos="VB" lemma="abandon" wnsn="5" lexsn="2:31:00::">abandoned</wf>
<punc>,</punc>
<wf cmd="ignore" pos="PRP">we</wf>
<wf cmd="done" pos="VB" lemma="feel" wnsn="2" lexsn="2:31:00::">felt</wf>
<wf cmd="ignore" pos="CC">and</wf>
<wf cmd="done" pos="VB" lemma="hope" wnsn="1" lexsn="2:37:01::">hoped</wf>
<wf cmd="ignore" pos="IN">that</wf>
<wf cmd="ignore" pos="DT">the</wf>
<wf cmd="tag" pos="NN">machinery</wf>
<wf cmd="ignore" pos="IN">of</wf>
<wf cmd="tag" pos="NN">psychological_warfare</wf>
<wf cmd="ignore" pos="MD">would</wf>
<wf cmd="tag" pos="RB">not</wf>
<wf cmd="done" pos="VB" ot="notag">be</wf>
<wf cmd="done" pos="VB" lemma="allow" wnsn="1" lexsn="2:41:00::">allowed</wf>
<wf cmd="done" pos="VB" ot="notag">to</wf>
<wf cmd="done" pos="VB" lemma="rust" wnsn="1" lexsn="2:30:00::">rust</wf>
<punc>.</punc>
</s>
<s snum="68">
<wf cmd="ignore" pos="PRP">We</wf>
<wf cmd="done" pos="VB" lemma="hope" wnsn="1" lexsn="2:37:01::">hoped</wf>
<wf cmd="ignore" pos="IN">that</wf>
<wf cmd="ignore" pos="PRP$">its</wf>
<wf cmd="tag" pos="NNS">practitioners</wf>
<wf cmd="ignore" pos="CC">and</wf>
<wf cmd="tag" pos="NNS">teachers</wf>
<wf cmd="ignore" pos="MD">might</wf>
<wf cmd="done" pos="VB" ot="notag">be</wf>
<wf cmd="done" pos="VB" lemma="put" wnsn="1" lexsn="2:35:00::">put</wf>
<wf cmd="tag" pos="IN">on</wf>
<wf cmd="ignore" pos="DT">some</wf>
<wf cmd="tag" pos="RB">sort_of</wf>
<wf cmd="tag" pos="NN">reserve</wf>
<wf cmd="tag" pos="NN">list</wf>
<wf cmd="ignore" pos="CC">and</wf>
<wf cmd="done" pos="VB" lemma="call_back" wnsn="1" lexsn="2:40:00::">called_back</wf>
<wf cmd="ignore" pos="IN">for</wf>
<wf cmd="tag" pos="NN">refresher_courses</wf>
<wf cmd="tag" pos="RB">each_year</wf>
<wf cmd="tag" pos="RB">or_so</wf>
<punc>.</punc>
</s>
<s snum="69">
<wf cmd="ignore" pos="UH">Alas</wf>
<punc>,</punc>
<wf cmd="ignore" pos="DT">no</wf>
<wf cmd="tag" pos="JJ">such</wf>
<wf cmd="tag" pos="NN">thing</wf>
<wf cmd="done" pos="VB" lemma="happen" wnsn="4" lexsn="2:30:01::">happened</wf>
<punc>.</punc>
</s>
<s snum="70">
<wf cmd="ignore" pos="EX">There</wf>
<wf cmd="tag" pos="RB">apparently</wf>
<wf cmd="done" pos="VB" ot="notag">is</wf>
<wf cmd="ignore" pos="DT">no</wf>
<wf cmd="tag" pos="NN">school</wf>
<wf cmd="ignore" pos="IN">of</wf>
<wf cmd="tag" pos="NN">propaganda</wf>
<wf cmd="ignore" pos="CC">or</wf>
<wf cmd="tag" pos="NN">psychological_warfare</wf>
<punc>.</punc>
</s>
<s snum="71">
<wf cmd="ignore" pos="DT">A</wf>
<wf cmd="tag" pos="NN">study</wf>
<wf cmd="ignore" pos="IN">at</wf>
<wf cmd="ignore" pos="DT">the</wf>
<wf cmd="tag" pos="NNP">Pentagon</wf>
<wf cmd="ignore" pos="CC">and</wf>
<wf cmd="ignore" pos="IN">at</wf>
<wf cmd="ignore" pos="DT">the</wf>
<wf cmd="tag" pos="NN">service</wf>
<wf cmd="tag" pos="NNS">academies</wf>
<wf cmd="done" pos="VB" lemma="reveal" wnsn="0" lexsn="2:39:01::">revealed</wf>
<wf cmd="ignore" pos="IN">that</wf>
<wf cmd="tag" pos="NN">nothing</wf>
<wf cmd="done" pos="VBD" ot="notag">was</wf>
<wf cmd="done" pos="VBG" ot="notag">being</wf>
<wf cmd="done" pos="VB" lemma="do" wnsn="2" lexsn="2:36:01::">done</wf>
<wf cmd="ignore" pos="EX">there</wf>
<punc>.</punc>
</s>
<s snum="72">
<wf cmd="ignore" pos="CC">And</wf>
<wf cmd="tag" pos="JJ">not_one</wf>
<wf cmd="ignore" pos="IN">of</wf>
<wf cmd="ignore" pos="DT">the</wf>
<wf cmd="tag" pos="CD">four</wf>
<wf cmd="tag" pos="NNS">men</wf>
<wf cmd="ignore" pos="WP">who</wf>
<wf cmd="done" pos="VB" lemma="attend" wnsn="1" lexsn="2:42:00::">attended</wf>
<wf cmd="ignore" pos="PDT">all</wf>
<wf cmd="ignore" pos="DT">the</wf>
<wf cmd="tag" pos="NNS">schools</wf>
<wf cmd="done" pos="VBZ" ot="notag">has</wf>
<wf cmd="tag" pos="RB">ever</wf>
<wf cmd="done" pos="VB" ot="notag">been</wf>
<wf cmd="done" pos="VB" lemma="call_on" wnsn="1" lexsn="2:32:00::">called_on</wf>
<wf cmd="ignore" pos="TO">to</wf>
<wf cmd="done" pos="VB" lemma="apply" wnsn="1" lexsn="2:34:00::">apply</wf>
<wf cmd="ignore" pos="DT">any</wf>
<wf cmd="ignore" pos="IN">of</wf>
<wf cmd="ignore" pos="PRP$">his</wf>
<wf cmd="tag" pos="NN">knowledge</wf>
<wf cmd="tag" pos="RB">in_any_way</wf>
<punc>.</punc>
</s>
</p>
<p pnum="26">
<s snum="73">
<wf cmd="tag" pos="NNS">Congratulations</wf>
<wf cmd="ignore" pos="IN">on</wf>
<wf cmd="ignore" pos="DT">the</wf>
<wf cmd="tag" pos="NN">article</wf>
<punc>``</punc>
<wf cmd="done" pos="VBP" ot="notag">Do</wf>
<wf cmd="ignore" pos="PRP">We</wf>
<wf cmd="done" pos="VB" lemma="need" wnsn="2" lexsn="2:34:00::">Need</wf>
<wf cmd="ignore" pos="DT">a</wf>
<wf cmd="tag" pos="NNP">College</wf>
<wf cmd="ignore" pos="IN">of</wf>
<wf cmd="tag" pos="NNP">Propaganda</wf>
<punc>''</punc>
<punc>?</punc>
</s>
<s snum="74">
<wf cmd="ignore" pos="DT">This</wf>
<wf cmd="done" pos="VB" lemma="be" wnsn="1" lexsn="2:42:03::">is</wf>
<wf cmd="tag" pos="CD">one</wf>
<wf cmd="ignore" pos="IN">of</wf>
<wf cmd="tag" pos="RB">the_most</wf>
<wf cmd="tag" pos="JJ">constructive</wf>
<wf cmd="tag" pos="NNS">suggestions</wf>
<wf cmd="done" pos="VB" lemma="make" wnsn="7" lexsn="2:31:00::">made</wf>
<wf cmd="tag" pos="RB">in_this</wf>
<wf cmd="tag" pos="JJ">critical</wf>
<wf cmd="tag" pos="NN">field</wf>
<wf cmd="ignore" pos="IN">in</wf>
<wf cmd="tag" pos="NNS">years</wf>
<punc>,</punc>
<wf cmd="ignore" pos="CC">and</wf>
<wf cmd="ignore" pos="PRP">I</wf>
<wf cmd="tag" pos="RB">certainly</wf>
<wf cmd="done" pos="VB" lemma="hope" wnsn="2" lexsn="2:37:00::">hope</wf>
<wf cmd="ignore" pos="PRP">it</wf>
<wf cmd="done" pos="VB" lemma="spark" wnsn="1" lexsn="2:36:00::">sparks</wf>
<wf cmd="ignore" pos="DT">some</wf>
<wf cmd="tag" pos="NN">action</wf>
<punc>.</punc>
</s>
</p>
<p pnum="27">
<s snum="75">
<wf cmd="tag" pos="JJ">Many_of</wf>
<wf cmd="ignore" pos="PRP">us</wf>
<wf cmd="tag" pos="RB">in_public</wf>
<wf cmd="tag" pos="NNS">relations</wf>
<wf cmd="done" pos="VBD" ot="notag">were</wf>
<wf cmd="done" pos="VB" lemma="flatter" wnsn="1" lexsn="2:32:00::">flattered</wf>
<wf cmd="ignore" pos="IN">that</wf>
<wf cmd="tag" pos="NNP">Richard_L._Tobin</wf>
<wf cmd="done" pos="VB" lemma="choose" wnsn="2" lexsn="2:31:02::">chose</wf>
<wf cmd="ignore" pos="TO">to</wf>
<wf cmd="done" pos="VB" lemma="devote" wnsn="1" lexsn="2:32:00::">devote</wf>
<wf cmd="ignore" pos="PRP$">his</wf>
<wf cmd="tag" pos="NN">editorial</wf>
<wf cmd="ignore" pos="IN">in</wf>
<wf cmd="ignore" pos="DT">the</wf>
<wf cmd="tag" pos="NNP">March</wf>
<wf cmd="tag" pos="CD">11</wf>
<wf cmd="tag" pos="NNPS">Communications</wf>
<wf cmd="tag" pos="NNP">Supplement</wf>
<wf cmd="ignore" pos="TO">to</wf>
<wf cmd="ignore" pos="DT">the</wf>
<wf cmd="tag" pos="NN">merger</wf>
<wf cmd="ignore" pos="IN">of</wf>
<wf cmd="ignore" pos="DT">the</wf>
<wf cmd="tag" pos="NN">Public_Relations</wf>
<wf cmd="tag" pos="NNP">Society</wf>
<wf cmd="ignore" pos="IN">of</wf>
<wf cmd="tag" pos="NNP">America</wf>
<wf cmd="ignore" pos="CC">and</wf>
<wf cmd="ignore" pos="DT">the</wf>
<wf cmd="tag" pos="NNP">American</wf>
<wf cmd="tag" pos="NN">Public_Relations</wf>
<wf cmd="tag" pos="NNP">Association</wf>
<punc>.</punc>
</s>
</p>
<p pnum="28">
<s snum="76">
<wf cmd="ignore" pos="PRP">I</wf>
<wf cmd="done" pos="VB" lemma="be" wnsn="1" lexsn="2:42:03::">was</wf>
<wf cmd="tag" pos="JJ">surprised</wf>
<wf cmd="ignore" pos="CC">and</wf>
<wf cmd="tag" pos="JJ">sorry</wf>
<wf cmd="ignore" pos="TO">to</wf>
<wf cmd="done" pos="VB" lemma="find" wnsn="1" lexsn="2:40:02::">find</wf>
<wf cmd="ignore" pos="IN">in</wf>
<wf cmd="ignore" pos="PRP$">your</wf>
<wf cmd="tag" pos="NN">issue</wf>
<wf cmd="ignore" pos="IN">of</wf>
<wf cmd="tag" pos="NNP">March</wf>
<wf cmd="tag" pos="CD">4</wf>
<wf cmd="ignore" pos="DT">a</wf>
<wf cmd="tag" pos="JJ">long</wf>
<wf cmd="ignore" pos="CC">and</wf>
<wf cmd="tag" pos="JJ">detailed</wf>
<wf cmd="tag" pos="NN">attack</wf>
<wf cmd="ignore" pos="IN">upon</wf>
<wf cmd="ignore" pos="DT">a</wf>
<wf cmd="tag" pos="NN">book</wf>
<wf cmd="ignore" pos="WDT">that</wf>
<wf cmd="done" pos="VBD" ot="notag">had</wf>
<wf cmd="tag" pos="RB">not_yet</wf>
<wf cmd="done" pos="VBN" ot="notag">been</wf>
<wf cmd="done" pos="VB" lemma="publish" wnsn="1" lexsn="2:36:01::">published</wf>
<punc>.</punc>
</s>
</p>
<p pnum="29">
<s snum="77">
<wf cmd="ignore" pos="IN">Whether</wf>
<wf cmd="ignore" pos="IN">in</wf>
<wf cmd="ignore" pos="PRP$">his</wf>
<wf cmd="tag" pos="JJ">forthcoming</wf>
<wf cmd="tag" pos="NN">book</wf>
<wf cmd="tag" pos="NNP">C._P._Snow</wf>
<wf cmd="done" pos="VB" lemma="commit" wnsn="1" lexsn="2:41:00::">commits</wf>
<wf cmd="ignore" pos="DT">the</wf>
<wf cmd="tag" pos="NNS">errors</wf>
<wf cmd="ignore" pos="IN">of</wf>
<wf cmd="tag" pos="NN">judgment</wf>
<wf cmd="ignore" pos="CC">and</wf>
<wf cmd="ignore" pos="IN">of</wf>
<wf cmd="tag" pos="NN">fact</wf>
<wf cmd="ignore" pos="IN">with</wf>
<wf cmd="ignore" pos="WDT">which</wf>
<wf cmd="ignore" pos="PRP$">your</wf>
<wf cmd="tag" pos="RB">heavily</wf>
<wf cmd="tag" pos="JJ">autobiographical</wf>
<wf cmd="tag" pos="NN">critic</wf>
<wf cmd="done" pos="VB" lemma="charge" wnsn="7" lexsn="2:32:03::">charged</wf>
<wf cmd="ignore" pos="PRP">him</wf>
<wf cmd="done" pos="VB" lemma="be" wnsn="1" lexsn="2:42:03::">is</wf>
<wf cmd="tag" pos="JJ">important</wf>
<punc>.</punc>
</s>
<s snum="78">
<wf cmd="tag" pos="CD">One</wf>
<wf cmd="ignore" pos="MD">should</wf>
<wf cmd="done" pos="VB" lemma="be" wnsn="1" lexsn="2:42:03::">be</wf>
<wf cmd="tag" pos="JJ">able_to</wf>
<wf cmd="done" pos="VB" lemma="get_hold_of" wnsn="1" lexsn="2:35:00::">get_hold_of</wf>
<wf cmd="ignore" pos="DT">the</wf>
<wf cmd="tag" pos="NN">book</wf>
<wf cmd="tag" pos="RB">at_once</wf>
<punc>.</punc>
</s>
<s snum="79">
<wf cmd="ignore" pos="CC">But</wf>
<wf cmd="ignore" pos="DT">the</wf>
<wf cmd="tag" pos="NN">attack</wf>
<wf cmd="done" pos="VBD" ot="notag">was</wf>
<wf cmd="done" pos="VB" lemma="make" wnsn="1" lexsn="2:41:00::">made</wf>
<wf cmd="ignore" pos="IN">from</wf>
<wf cmd="ignore" pos="DT">an</wf>
<wf cmd="tag" pos="NN">advance</wf>
<wf cmd="tag" pos="NN">copy</wf>
<punc>.</punc>
</s>
<s snum="80">
<wf cmd="ignore" pos="IN">If</wf>
<wf cmd="ignore" pos="DT">this</wf>
<wf cmd="tag" pos="NN">practice</wf>
<wf cmd="ignore" pos="MD">should</wf>
<wf cmd="done" pos="VB" lemma="take_root" wnsn="1" lexsn="2:30:01::">take_root</wf>
<wf cmd="ignore" pos="CC">and</wf>
<wf cmd="done" pos="VB" lemma="spread" wnsn="5" lexsn="2:32:00::">spread</wf>
<punc>,</punc>
<wf cmd="ignore" pos="DT">the</wf>
<wf cmd="tag" pos="NN">man</wf>
<wf cmd="ignore" pos="WP">who</wf>
<wf cmd="done" pos="VB" lemma="submit" wnsn="4" lexsn="2:40:00::">submits</wf>
<wf cmd="ignore" pos="DT">a</wf>
<wf cmd="tag" pos="NN">manuscript</wf>
<wf cmd="ignore" pos="TO">to</wf>
<wf cmd="ignore" pos="DT">a</wf>
<wf cmd="tag" pos="NN">publisher</wf>
<wf cmd="ignore" pos="MD">will</wf>
<wf cmd="done" pos="VB" lemma="find" wnsn="2" lexsn="2:39:02::">find</wf>
<wf cmd="ignore" pos="PRP">himself</wf>
<wf cmd="done" pos="VB" lemma="review" wnsn="2" lexsn="2:32:00::">reviewed</wf>
<wf cmd="ignore" pos="IN">before</wf>
<wf cmd="ignore" pos="PRP">he</wf>
<wf cmd="done" pos="VBZ" ot="notag">is</wf>
<wf cmd="done" pos="VB" lemma="accept" wnsn="5" lexsn="2:40:03::">accepted</wf>
<wf cmd="ignore" pos="CC">and</wf>
<wf cmd="tag" pos="NN">publication</wf>
<wf cmd="ignore" pos="MD">will</wf>
<wf cmd="done" pos="VB" lemma="become" wnsn="2" lexsn="2:42:01::">become</wf>
<wf cmd="ignore" pos="DT">a</wf>
<wf cmd="tag" pos="RB">sort_of</wf>
<wf cmd="tag" pos="JJ">post-mortem</wf>
<wf cmd="tag" pos="NN">formality</wf>
<punc>.</punc>
</s>
</p>
<p pnum="30">
<s snum="81">
<wf cmd="tag" pos="NNP">Editor</wf>
<wf cmd="ignore" pos="POS">'s</wf>
<wf cmd="tag" pos="NN">Note</wf>
<punc>:</punc>
<wf cmd="tag" pos="NNP">Sir_Robert_Watson-Watt</wf>
<wf cmd="done" pos="VB" lemma="write" wnsn="1" lexsn="2:36:00::">wrote</wf>
<punc>,</punc>
<wf cmd="ignore" pos="IN">on</wf>
<wf cmd="tag" pos="NN">page</wf>
<wf cmd="tag" pos="CD">50</wf>
<wf cmd="ignore" pos="IN">of</wf>
<wf cmd="tag" pos="NNP">SR</wf>
<punc>/</punc>
<wf cmd="tag" pos="NNP">Research</wf>
<wf cmd="ignore" pos="IN">for</wf>
<wf cmd="tag" pos="CD">4</wf>
<wf cmd="tag" pos="NNP">March</wf>
<wf cmd="tag" pos="CD">1961</wf>
<punc>:</punc>
<punc>``</punc>
<wf cmd="ignore" pos="PRP">I</wf>
<wf cmd="done" pos="VBP" ot="notag">have</wf>
<wf cmd="done" pos="VB" lemma="read" wnsn="1" lexsn="2:31:00::">read</wf>
<wf cmd="ignore" pos="DT">an</wf>
<wf cmd="tag" pos="NN">advance</wf>
<wf cmd="tag" pos="NN">copy</wf>
<wf cmd="ignore" pos="IN">of</wf>
<wf cmd="ignore" pos="DT">the</wf>
<wf cmd="tag" pos="NNP">Snow</wf>
<wf cmd="tag" pos="NN">book</wf>
<wf cmd="ignore" pos="WDT">which</wf>
<wf cmd="done" pos="VB" ot="notag">is</wf>
<wf cmd="ignore" pos="TO">to</wf>
<wf cmd="done" pos="VB" ot="notag">be</wf>
<wf cmd="done" pos="VB" lemma="title" wnsn="1" lexsn="2:32:00::">titled</wf>
<punc>,</punc>
<punc>'</punc>
<wf cmd="tag" pos="NNP">Science</wf>
<wf cmd="ignore" pos="CC">and</wf>
<wf cmd="tag" pos="NNP">Government</wf>
<punc>'</punc>
<punc>.</punc>
</s>
<s snum="82">
<wf cmd="ignore" pos="IN">Until</wf>
<wf cmd="ignore" pos="DT">the</wf>
<wf cmd="tag" pos="NN">work</wf>
<wf cmd="tag" pos="RB">actually</wf>
<wf cmd="done" pos="VB" lemma="appear" wnsn="3" lexsn="2:30:01::">appears</wf>
<wf cmd="ignore" pos="PRP">I</wf>
<wf cmd="done" pos="VB" lemma="be" wnsn="1" lexsn="2:42:03::">am</wf>
<wf cmd="tag" pos="RB">not</wf>
<wf cmd="tag" pos="JJ">privileged</wf>
<wf cmd="ignore" pos="TO">to</wf>
<wf cmd="done" pos="VB" lemma="analyze" wnsn="1" lexsn="2:31:00::">analyze</wf>
<wf cmd="ignore" pos="PRP">it</wf>
<wf cmd="tag" pos="RB">publicly</wf>
<wf cmd="tag" pos="RB">in_detail</wf>
<punc>.</punc>
</s>
<s snum="83">
<wf cmd="ignore" pos="CC">But</wf>
<wf cmd="ignore" pos="PRP">I</wf>
<wf cmd="done" pos="VBP" ot="notag">have</wf>
<wf cmd="done" pos="VB" lemma="compare" wnsn="1" lexsn="2:31:00::">compared</wf>
<wf cmd="ignore" pos="PRP$">its</wf>
<wf cmd="tag" pos="NN">text</wf>
<wf cmd="ignore" pos="IN">with</wf>
<wf cmd="tag" pos="RB">already</wf>
<wf cmd="tag" pos="JJ">published</wf>
<wf cmd="tag" pos="NNS">commentaries</wf>
<wf cmd="ignore" pos="IN">on</wf>
<wf cmd="ignore" pos="DT">the</wf>
<wf cmd="tag" pos="CD">1960</wf>
<wf cmd="tag" pos="NN">series</wf>
<wf cmd="ignore" pos="IN">of</wf>
<wf cmd="tag" pos="NNP">Godkin</wf>
<wf cmd="tag" pos="NNS">lectures</wf>
<wf cmd="ignore" pos="IN">at</wf>
<wf cmd="tag" pos="NNP">Harvard</wf>
<punc>,</punc>
<wf cmd="ignore" pos="IN">from</wf>
<wf cmd="ignore" pos="WDT">which</wf>
<wf cmd="ignore" pos="DT">the</wf>
<wf cmd="tag" pos="NN">book</wf>
<wf cmd="done" pos="VBD" ot="notag">was</wf>
<wf cmd="done" pos="VB" lemma="derive" wnsn="4" lexsn="2:30:00::">derived</wf>
<punc>,</punc>
<wf cmd="ignore" pos="CC">and</wf>
<wf cmd="ignore" pos="PRP">I</wf>
<wf cmd="ignore" pos="MD">can</wf>
<wf cmd="tag" pos="RB">with_confidence</wf>
<wf cmd="done" pos="VB" lemma="challenge" wnsn="1" lexsn="2:32:01::">challenge</wf>
<wf cmd="ignore" pos="DT">the</wf>
<wf cmd="tag" pos="NN">gist</wf>
<wf cmd="ignore" pos="IN">of</wf>
<wf cmd="tag" pos="NNP">C._P._Snow</wf>
<wf cmd="ignore" pos="POS">'s</wf>
<wf cmd="tag" pos="JJ">incautious</wf>
<wf cmd="tag" pos="NN">tale</wf>
<punc>''</punc>
<punc>.</punc>
</s>
</p>
<p pnum="31">
<s snum="84">
<wf cmd="tag" pos="NNP">Watson-Watt</wf>
<wf cmd="ignore" pos="POS">'s</wf>
<wf cmd="tag" pos="NNS">remarks</wf>
<wf cmd="ignore" pos="IN">in</wf>
<wf cmd="tag" pos="NNP">SR</wf>
<wf cmd="done" pos="VBD" ot="notag">did</wf>
<wf cmd="tag" pos="RB">not</wf>
<wf cmd="tag" pos="RB">then</wf>
<punc>,</punc>
<wf cmd="done" pos="VB" lemma="constitute" wnsn="1" lexsn="2:42:00::">constitute</wf>
<wf cmd="ignore" pos="DT">a</wf>
<wf cmd="tag" pos="NN">review</wf>
<wf cmd="ignore" pos="IN">of</wf>
<wf cmd="ignore" pos="DT">the</wf>
<wf cmd="tag" pos="NN">book</wf>
<wf cmd="ignore" pos="CC">but</wf>
<wf cmd="ignore" pos="DT">a</wf>
<wf cmd="tag" pos="NN">rebuttal</wf>
<wf cmd="ignore" pos="TO">to</wf>
<wf cmd="ignore" pos="DT">the</wf>
<wf cmd="tag" pos="NNP">Godkin</wf>
<wf cmd="tag" pos="NNPS">Lectures</wf>
<punc>.</punc>
</s>
<s snum="85">
<wf cmd="tag" pos="NNPS">Representatives</wf>
<wf cmd="ignore" pos="IN">of</wf>
<wf cmd="tag" pos="NN">Harvard_University</wf>
<wf cmd="tag" pos="NNP">Press</wf>
<punc>,</punc>
<wf cmd="ignore" pos="WDT">which</wf>
<wf cmd="done" pos="VBZ" ot="notag">is</wf>
<wf cmd="done" pos="VB" lemma="publish" wnsn="1" lexsn="2:36:01::">publishing</wf>
<wf cmd="ignore" pos="DT">the</wf>
<wf cmd="tag" pos="NN">book</wf>
<wf cmd="ignore" pos="DT">this</wf>
<wf cmd="tag" pos="NN">month</wf>
<wf cmd="ignore" pos="IN">of</wf>
<wf cmd="tag" pos="NNP">April</wf>
<punc>,</punc>
<wf cmd="done" pos="VB" lemma="recognize" wnsn="1" lexsn="2:31:02::">recognize</wf>
<wf cmd="ignore" pos="CC">and</wf>
<wf cmd="tag" pos="RB">freely</wf>
<wf cmd="done" pos="VB" lemma="acknowledge" wnsn="0" lexsn="2:31:00::">acknowledge</wf>
<wf cmd="ignore" pos="IN">that</wf>
<wf cmd="ignore" pos="PRP">they</wf>
<wf cmd="done" pos="VB" lemma="invite" wnsn="3" lexsn="2:37:00::">invited</wf>
<wf cmd="tag" pos="JJ">such</wf>
<wf cmd="tag" pos="NN">reaction</wf>
<wf cmd="ignore" pos="IN">by</wf>
<wf cmd="done" pos="VB" lemma="allow" wnsn="2" lexsn="2:32:00::">allowing</wf>
<wf cmd="tag" pos="NNP">Life</wf>
<wf cmd="tag" pos="NN">magazine</wf>
<wf cmd="ignore" pos="TO">to</wf>
<wf cmd="done" pos="VB" lemma="print" wnsn="1" lexsn="2:36:02::">print</wf>
<wf cmd="ignore" pos="DT">an</wf>
<wf cmd="tag" pos="NN">excerpt</wf>
<wf cmd="ignore" pos="IN">from</wf>
<wf cmd="ignore" pos="DT">the</wf>
<wf cmd="tag" pos="NN">book</wf>
<wf cmd="tag" pos="RB">in_advance</wf>
<wf cmd="ignore" pos="IN">of</wf>
<wf cmd="ignore" pos="DT">the</wf>
<wf cmd="tag" pos="NN">book</wf>
<wf cmd="ignore" pos="POS">'s</wf>
<wf cmd="tag" pos="NN">publication</wf>
<wf cmd="tag" pos="NN">date</wf>
<punc>.</punc>
</s>
<s snum="86">
<wf cmd="ignore" pos="DT">The</wf>
<wf cmd="tag" pos="NN">text</wf>
<wf cmd="ignore" pos="IN">of</wf>
<wf cmd="ignore" pos="DT">the</wf>
<wf cmd="tag" pos="NN">book</wf>
<wf cmd="done" pos="VB" lemma="leave" wnsn="3" lexsn="2:42:02::">leaves</wf>
<wf cmd="ignore" pos="DT">a</wf>
<wf cmd="tag" pos="RB">somewhat</wf>
<wf cmd="tag" pos="JJR">milder</wf>
<wf cmd="tag" pos="NN">impression</wf>
<wf cmd="ignore" pos="IN">than</wf>
<wf cmd="ignore" pos="DT">the</wf>
<wf cmd="tag" pos="NN">prepublication</wf>
<wf cmd="tag" pos="NN">excerpt</wf>
<punc>.</punc>
</s>
</p>
<p pnum="32">
<s snum="87">
<wf cmd="tag" pos="NNP">Sir_Robert_Watson-Watt</wf>
<wf cmd="ignore" pos="POS">'s</wf>
<punc>``</punc>
<wf cmd="tag" pos="NN">rebuttal</wf>
<punc>''</punc>
<wf cmd="ignore" pos="IN">of</wf>
<wf cmd="tag" pos="NNP">Sir_Charles_Snow</wf>
<wf cmd="ignore" pos="POS">'s</wf>
<wf cmd="tag" pos="NNP">Godkin</wf>
<wf cmd="tag" pos="NNPS">Lectures</wf>
<wf cmd="done" pos="VBZ" ot="notag">is</wf>
<wf cmd="done" pos="VB" lemma="mar" wnsn="1" lexsn="2:30:00::">marred</wf>
<wf cmd="ignore" pos="IN">throughout</wf>
<wf cmd="ignore" pos="IN">by</wf>
<wf cmd="tag" pos="RB">too</wf>
<wf cmd="tag" pos="JJ">forceful</wf>
<wf cmd="ignore" pos="DT">a</wf>
<wf cmd="tag" pos="NN">desire</wf>
<wf cmd="ignore" pos="TO">to</wf>
<wf cmd="done" pos="VB" lemma="defend" wnsn="1" lexsn="2:32:00::">defend</wf>
<wf cmd="tag" pos="NNP">Lindemann</wf>
<wf cmd="ignore" pos="CC">and</wf>
<wf cmd="tag" pos="RB">apparently</wf>
<wf cmd="ignore" pos="PRP">himself</wf>
<wf cmd="ignore" pos="IN">from</wf>
<wf cmd="tag" pos="NNP">Sir_Charles</wf>
<punc>'</punc>
<wf cmd="tag" pos="JJ">supposed</wf>
<wf cmd="tag" pos="NNS">falsehoods</wf>
<wf cmd="ignore" pos="IN">while</wf>
<wf cmd="done" pos="VB" lemma="state" wnsn="1" lexsn="2:32:00::">stating</wf>
<wf cmd="ignore" pos="DT">those</wf>
<punc>``</punc>
<wf cmd="tag" pos="NNS">falsehoods</wf>
<punc>''</punc>
<wf cmd="ignore" pos="IN">in</wf>
<wf cmd="ignore" pos="DT">an</wf>
<wf cmd="tag" pos="JJ">unclear</wf>
<wf cmd="tag" pos="JJ">incoherent</wf>
<wf cmd="tag" pos="NN">argument</wf>
<punc>.</punc>
</s>
</p>
<p pnum="33">
<s snum="88">
<wf cmd="ignore" pos="DT">The</wf>
<wf cmd="tag" pos="NN">article</wf>
<wf cmd="done" pos="VB" lemma="present" wnsn="2" lexsn="2:32:00::">presents</wf>
<wf cmd="ignore" pos="DT">the</wf>
<wf cmd="tag" pos="NN">reader</wf>
<wf cmd="ignore" pos="IN">with</wf>
<wf cmd="ignore" pos="DT">an</wf>
<wf cmd="tag" pos="NN">absurdity</wf>
<wf cmd="ignore" pos="IN">at</wf>
<wf cmd="ignore" pos="PRP$">its</wf>
<wf cmd="tag" pos="NN">beginning</wf>
<punc>.</punc>
</s>
<s snum="89">
<wf cmd="ignore" pos="PRP">It</wf>
<wf cmd="done" pos="VB" lemma="call" wnsn="2" lexsn="2:32:00::">calls</wf>
<wf cmd="ignore" pos="DT">the</wf>
<wf cmd="tag" pos="NN">conclusion</wf>
<wf cmd="done" pos="VB" lemma="admit" wnsn="1" lexsn="2:32:00::">admitted</wf>
<wf cmd="tag" pos="JJ">valid</wf>
<wf cmd="ignore" pos="IN">by</wf>
<punc>``</punc>
<wf cmd="tag" pos="NNS">historians</wf>
<wf cmd="ignore" pos="CC">and</wf>
<wf cmd="tag" pos="JJ">military</wf>
<wf cmd="tag" pos="NNS">strategists</wf>
<wf cmd="tag" pos="RB">alike</wf>
<punc>''</punc>
<wf cmd="ignore" pos="DT">a</wf>
<punc>``</punc>
<wf cmd="tag" pos="JJ">perverted</wf>
<wf cmd="tag" pos="NN">conclusion</wf>
<punc>&</punc>
<punc>&</punc>
<punc>&</punc>
<wf cmd="tag" pos="NN">nonsense</wf>
<punc>''</punc>
<punc>.</punc>
</s>
</p>
<p pnum="34">
<s snum="90">
<wf cmd="ignore" pos="PRP">It</wf>
<wf cmd="done" pos="VB" lemma="submit" wnsn="2" lexsn="2:32:00::">submits</wf>
<wf cmd="ignore" pos="DT">an</wf>
<wf cmd="tag" pos="JJ">enthusiastic</wf>
<punc>,</punc>
<wf cmd="tag" pos="JJ">impressionistic</wf>
<wf cmd="tag" pos="NN">conception</wf>
<wf cmd="ignore" pos="IN">of</wf>
<wf cmd="tag" pos="NNP">Lindemann</wf>
<wf cmd="done" pos="VB" lemma="contribute" wnsn="1" lexsn="2:40:01::">contributing</wf>
<wf cmd="ignore" pos="DT">another</wf>
<wf cmd="tag" pos="NN">aspect</wf>
<wf cmd="ignore" pos="IN">of</wf>
<wf cmd="ignore" pos="DT">the</wf>
<wf cmd="tag" pos="NN">man</wf>
<punc>,</punc>
<wf cmd="ignore" pos="CC">but</wf>
<wf cmd="ignore" pos="IN">on</wf>
<wf cmd="tag" pos="RB">no_more</wf>
<wf cmd="tag" pos="JJ">authoritative</wf>
<wf cmd="tag" pos="NN">basis</wf>
<wf cmd="ignore" pos="IN">than</wf>
<wf cmd="tag" pos="NNP">Sir_Charles</wf>
<punc>'</punc>
<wf cmd="tag" pos="NN">account</wf>
<punc>.</punc>
</s>
<s snum="91">
<wf cmd="ignore" pos="PRP">We</wf>
<wf cmd="done" pos="VB" ot="notag">are</wf>
<wf cmd="done" pos="VB" lemma="leave" wnsn="3" lexsn="2:42:02::">left</wf>
<wf cmd="ignore" pos="TO">to</wf>
<wf cmd="done" pos="VB" lemma="choose" wnsn="1" lexsn="2:31:00::">choose</wf>
<wf cmd="ignore" pos="IN">between</wf>
<wf cmd="ignore" pos="DT">the</wf>
<wf cmd="tag" pos="CD">two</wf>
<wf cmd="tag" pos="NNPS">Lindemanns</wf>
<punc>.</punc>
</s>
</p>
<p pnum="35">
<s snum="92">
<wf cmd="ignore" pos="DT">The</wf>
<wf cmd="tag" pos="JJ">only</wf>
<wf cmd="tag" pos="NN">fact</wf>
<wf cmd="ignore" pos="WDT">that</wf>
<wf cmd="done" pos="VB" lemma="hold" wnsn="4" lexsn="2:40:00::">holds</wf>
<wf cmd="ignore" pos="DT">any</wf>
<wf cmd="tag" pos="NN">weight</wf>
<wf cmd="ignore" pos="IN">in</wf>
<wf cmd="ignore" pos="DT">the</wf>
<wf cmd="tag" pos="NN">article</wf>
<wf cmd="done" pos="VB" lemma="be" wnsn="1" lexsn="2:42:03::">is</wf>
<wf cmd="done" pos="VB" ot="notag">the</wf>
<wf cmd="tag" pos="NN">result</wf>
<wf cmd="done" pos="VB" ot="notag">of</wf>
<wf cmd="ignore" pos="DT">the</wf>
<wf cmd="tag" pos="NN">tea_party</wf>
<punc>.</punc>
</s>
<s snum="93">
<wf cmd="ignore" pos="CC">But</wf>
<wf cmd="ignore" pos="PRP">we</wf>
<wf cmd="done" pos="VB" lemma="be" wnsn="1" lexsn="2:42:03::">are</wf>
<wf cmd="ignore" pos="TO">to</wf>
<wf cmd="done" pos="VB" lemma="believe" wnsn="1" lexsn="2:31:00::">believe</wf>
<wf cmd="ignore" pos="IN">that</wf>
<wf cmd="tag" pos="NNP">Lindemann</wf>
<wf cmd="tag" pos="RB">actively</wf>
<wf cmd="done" pos="VB" lemma="support" wnsn="3" lexsn="2:41:01::">supported</wf>
<wf cmd="tag" pos="NN">radar</wf>
<wf cmd="ignore" pos="IN">outside</wf>
<wf cmd="ignore" pos="DT">the</wf>
<wf cmd="tag" pos="NNP">Tizard_Committee</wf>
<punc>,</punc>
<wf cmd="ignore" pos="CC">and</wf>
<wf cmd="done" pos="VB" lemma="dissemble" wnsn="1" lexsn="2:32:00::">dissembling</wf>
<punc>,</punc>
<wf cmd="done" pos="VB" lemma="discount" wnsn="1" lexsn="2:32:00::">discounted</wf>
<wf cmd="ignore" pos="PRP">it</wf>
<wf cmd="tag" pos="RB">inside</wf>
<punc>?</punc>
</s>
<s snum="94">
<wf cmd="ignore" pos="IN">If</wf>
<wf cmd="tag" pos="RB">so</wf>
<punc>,</punc>
<wf cmd="ignore" pos="PRP">I</wf>
<wf cmd="ignore" pos="MD">would</wf>
<wf cmd="done" pos="VB" lemma="lean" wnsn="3" lexsn="2:42:01::">lean</wf>
<wf cmd="ignore" pos="TO">to</wf>
<wf cmd="tag" pos="NNP">Sir_Charles</wf>
<punc>'</punc>
<wf cmd="tag" pos="NN">conception</wf>
<wf cmd="ignore" pos="IN">of</wf>
<wf cmd="ignore" pos="DT">the</wf>
<wf cmd="tag" pos="NN">man</wf>
<punc>.</punc>
</s>
</p>
<p pnum="36">
<s snum="95">
<wf cmd="ignore" pos="PRP">I</wf>
<wf cmd="done" pos="VB" lemma="think" wnsn="1" lexsn="2:31:01::">think</wf>
<wf cmd="ignore" pos="PRP">it</wf>
<wf cmd="done" pos="VB" lemma="be" wnsn="1" lexsn="2:42:03::">was</wf>
<wf cmd="ignore" pos="DT">a</wf>
<wf cmd="tag" pos="JJ">grave</wf>
<wf cmd="tag" pos="NN">error</wf>
<wf cmd="ignore" pos="TO">to</wf>
<wf cmd="done" pos="VB" lemma="print" wnsn="1" lexsn="2:36:02::">print</wf>
<wf cmd="ignore" pos="DT">the</wf>
<wf cmd="tag" pos="NN">article</wf>
<wf cmd="ignore" pos="IN">at</wf>
<wf cmd="ignore" pos="DT">this</wf>
<wf cmd="tag" pos="NN">time</wf>
<punc>.</punc>
</s>
<s snum="96">
<wf cmd="ignore" pos="TO">To</wf>
<wf cmd="ignore" pos="DT">the</wf>
<wf cmd="tag" pos="JJ">unfortunate</wf>
<wf cmd="tag" pos="NNS">people</wf>
<wf cmd="tag" pos="JJ">unable</wf>
<wf cmd="ignore" pos="TO">to</wf>
<wf cmd="done" pos="VB" lemma="attend" wnsn="1" lexsn="2:42:00::">attend</wf>
<wf cmd="ignore" pos="DT">the</wf>
<wf cmd="tag" pos="NNP">Godkin</wf>
<wf cmd="tag" pos="NNS">lectures</wf>
<wf cmd="ignore" pos="PRP">it</wf>
<wf cmd="done" pos="VB" lemma="cast" wnsn="1" lexsn="2:36:02::">casts</wf>
<wf cmd="ignore" pos="DT">an</wf>
<wf cmd="tag" pos="JJ">unjustifiable</wf>
<wf cmd="tag" pos="NN">aura</wf>
<wf cmd="ignore" pos="IN">of</wf>
<wf cmd="tag" pos="NN">falsehood</wf>
<wf cmd="ignore" pos="IN">over</wf>
<wf cmd="ignore" pos="DT">the</wf>
<wf cmd="tag" pos="NN">book</wf>
<wf cmd="ignore" pos="WDT">which</wf>
<wf cmd="ignore" pos="MD">may</wf>
<wf cmd="done" pos="VB" lemma="dissuade" wnsn="1" lexsn="2:32:00::">dissuade</wf>
<wf cmd="ignore" pos="DT">some</wf>
<wf cmd="tag" pos="NNS">people</wf>
<wf cmd="ignore" pos="IN">from</wf>
<wf cmd="done" pos="VB" lemma="read" wnsn="1" lexsn="2:31:00::">reading</wf>
<wf cmd="ignore" pos="PRP">it</wf>
<punc>.</punc>
</s>
</p>
</context>
</contextfile>
