<contextfile concordance="brown">
<context filename="br-b03" paras="yes">
<p pnum="1">
<s snum="1">
<wf cmd="tag" pos="NNP">Sam_Rayburn</wf>
<wf cmd="done" pos="VB" lemma="be" wnsn="1" lexsn="2:42:03::">was</wf>
<wf cmd="ignore" pos="DT">a</wf>
<wf cmd="tag" pos="JJ">good</wf>
<wf cmd="tag" pos="NN">man</wf>
<punc>,</punc>
<wf cmd="ignore" pos="DT">a</wf>
<wf cmd="tag" pos="JJ">good</wf>
<wf cmd="tag" pos="NNP">American</wf>
<punc>,</punc>
<wf cmd="ignore" pos="CC">and</wf>
<punc>,</punc>
<wf cmd="tag" pos="JJ">third</wf>
<punc>,</punc>
<wf cmd="ignore" pos="DT">a</wf>
<wf cmd="tag" pos="JJ">good</wf>
<wf cmd="tag" pos="NNP">Democrat</wf>
<punc>.</punc>
</s>
</p>
<p pnum="2">
<s snum="2">
<wf cmd="ignore" pos="PRP">He</wf>
<wf cmd="done" pos="VB" lemma="be" wnsn="1" lexsn="2:42:03::">was</wf>
<wf cmd="tag" pos="JJ">all_of</wf>
<wf cmd="ignore" pos="DT">these</wf>
<wf cmd="done" pos="VBD" ot="metaphor">rolled</wf>
<wf cmd="ignore" pos="IN">into</wf>
<wf cmd="tag" pos="CD">one</wf>
<wf cmd="tag" pos="JJ">sturdy</wf>
<wf cmd="tag" pos="NN">figure</wf>
<punc>;</punc>
<wf cmd="tag" pos="NNP">Mr._Speaker</wf>
<punc>,</punc>
<wf cmd="tag" pos="NNP">Mr._Sam</wf>
<punc>,</punc>
<wf cmd="ignore" pos="CC">and</wf>
<wf cmd="tag" pos="NNP">Mr._Democrat</wf>
<punc>,</punc>
<wf cmd="ignore" pos="IN">at</wf>
<wf cmd="tag" pos="JJ">one_and_the_same</wf>
<wf cmd="tag" pos="NN">time</wf>
<punc>.</punc>
</s>
</p>
<p pnum="3">
<s snum="3">
<wf cmd="ignore" pos="DT">The</wf>
<wf cmd="tag" pos="NNP">House</wf>
<wf cmd="done" pos="VB" lemma="be" wnsn="2" lexsn="2:42:06::">was</wf>
<wf cmd="ignore" pos="PRP$">his</wf>
<wf cmd="tag" pos="NN">habitat</wf>
<wf cmd="ignore" pos="CC">and</wf>
<wf cmd="ignore" pos="EX">there</wf>
<wf cmd="ignore" pos="PRP">he</wf>
<wf cmd="done" pos="VB" lemma="flourish" wnsn="1" lexsn="2:30:01::">flourished</wf>
<punc>,</punc>
<wf cmd="tag" pos="JJ">first</wf>
<wf cmd="ignore" pos="IN">as</wf>
<wf cmd="ignore" pos="DT">a</wf>
<wf cmd="tag" pos="JJ">young</wf>
<wf cmd="tag" pos="NN">representative</wf>
<punc>,</punc>
<wf cmd="tag" pos="RB">then</wf>
<wf cmd="ignore" pos="IN">as</wf>
<wf cmd="ignore" pos="DT">a</wf>
<wf cmd="tag" pos="JJ">forceful</wf>
<wf cmd="tag" pos="NN">committee</wf>
<wf cmd="tag" pos="NN">chairman</wf>
<punc>,</punc>
<wf cmd="ignore" pos="CC">and</wf>
<wf cmd="tag" pos="RB">finally</wf>
<wf cmd="ignore" pos="IN">in</wf>
<wf cmd="ignore" pos="DT">the</wf>
<wf cmd="tag" pos="NN">post</wf>
<wf cmd="ignore" pos="IN">for</wf>
<wf cmd="ignore" pos="WDT">which</wf>
<wf cmd="ignore" pos="PRP">he</wf>
<wf cmd="done" pos="VB" lemma="seem" wnsn="1" lexsn="2:39:00::">seemed</wf>
<wf cmd="tag" pos="JJ">intended</wf>
<wf cmd="ignore" pos="IN">from</wf>
<wf cmd="tag" pos="NN">birth</wf>
<punc>,</punc>
<wf cmd="tag" pos="NNP">Speaker</wf>
<wf cmd="ignore" pos="IN">of</wf>
<wf cmd="ignore" pos="DT">the</wf>
<wf cmd="tag" pos="NNP">House</wf>
<punc>,</punc>
<wf cmd="ignore" pos="CC">and</wf>
<wf cmd="tag" pos="JJ">second</wf>
<wf cmd="tag" pos="RBS">most</wf>
<wf cmd="tag" pos="JJ">powerful</wf>
<wf cmd="tag" pos="NN">man</wf>
<wf cmd="ignore" pos="IN">in</wf>
<wf cmd="tag" pos="NNP">Washington</wf>
<punc>.</punc>
</s>
</p>
<p pnum="4">
<s snum="4">
<wf cmd="tag" pos="NNP">Mr._Rayburn</wf>
<wf cmd="done" pos="VB" lemma="be" wnsn="1" lexsn="2:42:03::">was</wf>
<wf cmd="tag" pos="RB">not</wf>
<wf cmd="ignore" pos="DT">an</wf>
<wf cmd="tag" pos="JJ">easy</wf>
<wf cmd="tag" pos="NN">man</wf>
<wf cmd="ignore" pos="TO">to</wf>
<wf cmd="done" pos="VB" lemma="classify" wnsn="1" lexsn="2:31:00::">classify</wf>
<wf cmd="ignore" pos="CC">or</wf>
<wf cmd="ignore" pos="TO">to</wf>
<wf cmd="done" pos="VB" lemma="label" wnsn="1" lexsn="2:32:00::">label</wf>
<punc>.</punc>
</s>
<s snum="5">
<wf cmd="ignore" pos="PRP">He</wf>
<wf cmd="done" pos="VB" lemma="be" wnsn="1" lexsn="2:42:03::">was</wf>
<wf cmd="ignore" pos="DT">no</wf>
<wf cmd="tag" pos="JJ">flaming</wf>
<wf cmd="tag" pos="JJ">liberal</wf>
<punc>,</punc>
<wf cmd="tag" pos="RB">yet</wf>
<wf cmd="ignore" pos="DT">the</wf>
<wf cmd="tag" pos="NN">New_Deal</wf>
<punc>,</punc>
<wf cmd="ignore" pos="DT">the</wf>
<wf cmd="tag" pos="NN">Fair_Deal</wf>
<wf cmd="ignore" pos="CC">and</wf>
<wf cmd="ignore" pos="DT">the</wf>
<wf cmd="tag" pos="NNP">New_Frontier</wf>
<wf cmd="done" pos="VB" lemma="need" wnsn="1" lexsn="2:42:00::">needed</wf>
<wf cmd="ignore" pos="PRP">him</wf>
<punc>.</punc>
</s>
<s snum="6">
<wf cmd="ignore" pos="PRP">He</wf>
<wf cmd="done" pos="VB" lemma="be" wnsn="1" lexsn="2:42:03::">was</wf>
<wf cmd="tag" pos="RB">not</wf>
<wf cmd="ignore" pos="DT">a</wf>
<wf cmd="tag" pos="JJ">rear-looking</wf>
<wf cmd="tag" pos="JJ">conservative</wf>
<punc>,</punc>
<wf cmd="tag" pos="RB">yet</wf>
<wf cmd="tag" pos="NNS">partisans</wf>
<wf cmd="tag" pos="RB">of_that</wf>
<wf cmd="tag" pos="NN">persuasion</wf>
<wf cmd="ignore" pos="MD">will</wf>
<wf cmd="done" pos="VB" lemma="miss" wnsn="5" lexsn="2:38:00::">miss</wf>
<wf cmd="ignore" pos="PRP">him</wf>
<wf cmd="ignore" pos="IN">as</wf>
<wf cmd="tag" pos="RB">much_as</wf>
<wf cmd="ignore" pos="DT">any</wf>
<punc>.</punc>
</s>
</p>
<p pnum="5">
<s snum="7">
<wf cmd="tag" pos="CD">Two</wf>
<wf cmd="ignore" pos="IN">of</wf>
<wf cmd="ignore" pos="DT">the</wf>
<wf cmd="tag" pos="JJ">vital</wf>
<wf cmd="tag" pos="NNS">qualities</wf>
<wf cmd="done" pos="VB" lemma="demand" wnsn="2" lexsn="2:42:00::">demanded</wf>
<wf cmd="ignore" pos="IN">of</wf>
<wf cmd="ignore" pos="DT">a</wf>
<wf cmd="tag" pos="NN">politician</wf>
<wf cmd="ignore" pos="IN">by</wf>
<wf cmd="tag" pos="JJ">other</wf>
<wf cmd="tag" pos="NNS">politicians</wf>
<wf cmd="done" pos="VB" lemma="be" wnsn="2" lexsn="2:42:06::">are</wf>
<wf cmd="ignore" pos="IN">that</wf>
<wf cmd="ignore" pos="PRP">he</wf>
<wf cmd="tag" pos="RB">always</wf>
<wf cmd="done" pos="VB" lemma="keep" wnsn="5" lexsn="2:41:03::">keep</wf>
<wf cmd="ignore" pos="DT">a</wf>
<wf cmd="tag" pos="NN">confidence</wf>
<wf cmd="ignore" pos="CC">and</wf>
<wf cmd="ignore" pos="IN">that</wf>
<wf cmd="ignore" pos="PRP">he</wf>
<wf cmd="done" pos="VB" lemma="keep" wnsn="5" lexsn="2:41:03::">keep</wf>
<wf cmd="ignore" pos="PRP$">his</wf>
<wf cmd="tag" pos="NN">word</wf>
<punc>.</punc>
</s>
<s snum="8">
<wf cmd="tag" pos="NNP">Sam_Rayburn</wf>
<wf cmd="done" pos="VB" lemma="take" wnsn="7" lexsn="2:38:10::">took</wf>
<wf cmd="tag" pos="JJ">unnumbered</wf>
<wf cmd="tag" pos="NNS">secrets</wf>
<wf cmd="ignore" pos="IN">with</wf>
<wf cmd="ignore" pos="PRP">him</wf>
<wf cmd="ignore" pos="TO">to</wf>
<wf cmd="ignore" pos="DT">the</wf>
<wf cmd="tag" pos="JJ">grave</wf>
<punc>,</punc>
<wf cmd="ignore" pos="IN">for</wf>
<wf cmd="ignore" pos="PRP">he</wf>
<wf cmd="done" pos="VB" lemma="be" wnsn="1" lexsn="2:42:03::">was</wf>
<wf cmd="tag" pos="RB">never</wf>
<wf cmd="tag" pos="JJ">loquacious</wf>
<punc>,</punc>
<wf cmd="ignore" pos="CC">and</wf>
<wf cmd="ignore" pos="PRP$">his</wf>
<wf cmd="tag" pos="NN">word</wf>
<punc>,</punc>
<wf cmd="tag" pos="RB">once</wf>
<wf cmd="done" pos="VB" lemma="give" wnsn="4" lexsn="2:40:07::">given</wf>
<punc>,</punc>
<wf cmd="done" pos="VB" lemma="be" wnsn="1" lexsn="2:42:03::">was</wf>
<wf cmd="tag" pos="RB">not</wf>
<wf cmd="tag" pos="JJ">subject_to</wf>
<wf cmd="tag" pos="NN">retraction</wf>
<punc>.</punc>
</s>
<s snum="9">
<wf cmd="ignore" pos="PRP">It</wf>
<wf cmd="ignore" pos="MD">might</wf>
<wf cmd="done" pos="VB" ot="notag">be</wf>
<wf cmd="done" pos="VB" lemma="add" wnsn="2" lexsn="2:32:01::">added</wf>
<wf cmd="ignore" pos="IN">that</wf>
<wf cmd="ignore" pos="IN">as</wf>
<wf cmd="ignore" pos="PRP">he</wf>
<wf cmd="done" pos="VB" lemma="keep" wnsn="5" lexsn="2:41:03::">kept</wf>
<wf cmd="ignore" pos="PRP$">his</wf>
<wf cmd="tag" pos="NN">word</wf>
<wf cmd="tag" pos="RB">so</wf>
<wf cmd="ignore" pos="PRP">he</wf>
<wf cmd="done" pos="VB" lemma="expect" wnsn="2" lexsn="2:32:00::">expected</wf>
<wf cmd="ignore" pos="IN">that</wf>
<wf cmd="tag" pos="NNS">others</wf>
<wf cmd="done" pos="VB" lemma="keep" wnsn="5" lexsn="2:41:03::">keep</wf>
<wf cmd="ignore" pos="PRP">theirs</wf>
<punc>.</punc>
</s>
</p>
<p pnum="6">
<s snum="10">
<wf cmd="ignore" pos="DT">The</wf>
<wf cmd="tag" pos="NN">demonstration</wf>
<wf cmd="ignore" pos="IN">of</wf>
<wf cmd="ignore" pos="PRP$">his</wf>
<wf cmd="tag" pos="NN">power</wf>
<wf cmd="done" pos="VB" lemma="be" wnsn="1" lexsn="2:42:03::">was</wf>
<wf cmd="tag" pos="RB">never</wf>
<wf cmd="tag" pos="JJ">flamboyant</wf>
<wf cmd="ignore" pos="CC">or</wf>
<wf cmd="tag" pos="JJ">theatrical</wf>
<punc>.</punc>
</s>
<s snum="11">
<wf cmd="ignore" pos="PRP$">His</wf>
<wf cmd="tag" pos="NN">leadership</wf>
<wf cmd="done" pos="VB" lemma="be" wnsn="1" lexsn="2:42:03::">was</wf>
<wf cmd="tag" pos="RB">not</wf>
<wf cmd="ignore" pos="IN">for</wf>
<wf cmd="tag" pos="NNS">audiences</wf>
<punc>.</punc>
</s>
<s snum="12">
<wf cmd="ignore" pos="DT">A</wf>
<wf cmd="tag" pos="NN">growl</wf>
<punc>,</punc>
<wf cmd="ignore" pos="DT">a</wf>
<wf cmd="tag" pos="NN">nod</wf>
<punc>,</punc>
<wf cmd="done" pos="VB" lemma="be" wnsn="1" lexsn="2:42:03::">was</wf>
<wf cmd="tag" pos="RB">usually</wf>
<wf cmd="tag" pos="RB">enough</wf>
<punc>.</punc>
</s>
<s snum="13">
<wf cmd="ignore" pos="WRB">When</wf>
<wf cmd="ignore" pos="PRP">it</wf>
<wf cmd="done" pos="VB" lemma="be" wnsn="1" lexsn="2:42:03::">was</wf>
<wf cmd="tag" pos="RB">not</wf>
<punc>,</punc>
<wf cmd="tag" pos="CD">one</wf>
<wf cmd="ignore" pos="IN">of</wf>
<wf cmd="ignore" pos="DT">the</wf>
<wf cmd="tag" pos="JJ">great</wf>
<wf cmd="tag" pos="NN">dramas</wf>
<wf cmd="ignore" pos="IN">of</wf>
<wf cmd="tag" pos="NNP">Washington</wf>
<wf cmd="ignore" pos="MD">would</wf>
<wf cmd="done" pos="VB" ot="notag">be</wf>
<wf cmd="done" pos="VB" lemma="present" wnsn="3" lexsn="2:36:00::">presented</wf>
<punc>.</punc>
</s>
<s snum="14">
<wf cmd="ignore" pos="PRP">He</wf>
<wf cmd="ignore" pos="MD">would</wf>
<wf cmd="done" pos="VB" lemma="rise" wnsn="3" lexsn="2:38:05::">rise</wf>
<wf cmd="ignore" pos="IN">in</wf>
<wf cmd="ignore" pos="DT">the</wf>
<wf cmd="tag" pos="RB">well</wf>
<wf cmd="ignore" pos="IN">of</wf>
<wf cmd="ignore" pos="DT">the</wf>
<wf cmd="tag" pos="NNP">House</wf>
<punc>,</punc>
<wf cmd="ignore" pos="PRP$">his</wf>
<wf cmd="tag" pos="NN">chin</wf>
<wf cmd="ignore" pos="IN">upon</wf>
<wf cmd="ignore" pos="PRP$">his</wf>
<wf cmd="tag" pos="NN">chest</wf>
<punc>,</punc>
<wf cmd="ignore" pos="PRP$">his</wf>
<wf cmd="tag" pos="NNS">hands</wf>
<wf cmd="done" pos="VB" lemma="grip" wnsn="1" lexsn="2:35:00::">gripping</wf>
<wf cmd="ignore" pos="DT">the</wf>
<wf cmd="tag" pos="NN">side</wf>
<wf cmd="ignore" pos="IN">of</wf>
<wf cmd="ignore" pos="DT">a</wf>
<wf cmd="tag" pos="NN">desk</wf>
<punc>,</punc>
<wf cmd="ignore" pos="CC">and</wf>
<wf cmd="ignore" pos="DT">the</wf>
<wf cmd="tag" pos="JJ">political</wf>
<wf cmd="ignore" pos="CC">and</wf>
<wf cmd="tag" pos="JJ">legislative</wf>
<wf cmd="tag" pos="NN">chatter</wf>
<wf cmd="ignore" pos="MD">would</wf>
<wf cmd="done" pos="VB" lemma="subside" wnsn="1" lexsn="2:30:00::">subside</wf>
<wf cmd="ignore" pos="IN">into</wf>
<wf cmd="tag" pos="NN">silence</wf>
<punc>.</punc>
</s>
</p>
<p pnum="7">
<s snum="15">
<wf cmd="ignore" pos="PRP">He</wf>
<wf cmd="done" pos="VB" lemma="speak" wnsn="4" lexsn="2:32:03::">spoke</wf>
<wf cmd="tag" pos="NN">briefly</wf>
<punc>,</punc>
<wf cmd="tag" pos="RB">sensibly</wf>
<punc>,</punc>
<wf cmd="tag" pos="JJ">to_the_point</wf>
<wf cmd="ignore" pos="CC">and</wf>
<wf cmd="ignore" pos="IN">without</wf>
<wf cmd="tag" pos="JJ">oratorical</wf>
<wf cmd="tag" pos="NNS">flourishes</wf>
<wf cmd="ignore" pos="PRP">He</wf>
<wf cmd="done" rdf="made_sense" pos="VB" lemma="make_sense" wnsn="1" lexsn="2:42:00::">made</wf>
<wf cmd="tag" pos="JJ">good</wf>
<punc>,</punc>
<wf cmd="tag" pos="JJ">plain</wf>
<wf cmd="tag" pos="NNP">American</wf>
<wf cmd="tag" pos="NN">common_sense</wf>
<wf cmd="ignore" pos="CC">and</wf>
<wf cmd="ignore" pos="DT">the</wf>
<wf cmd="tag" pos="NNP">House</wf>
<wf cmd="tag" pos="RB">usually</wf>
<wf cmd="done" pos="VB" lemma="recognize" wnsn="1" lexsn="2:31:02::">recognized</wf>
<wf cmd="ignore" pos="PRP">it</wf>
<wf cmd="ignore" pos="CC">and</wf>
<wf cmd="done" pos="VB" lemma="act" wnsn="1" lexsn="2:41:00::">acted</wf>
<wf cmd="done" pos="VB" ot="notag">upon</wf>
<wf cmd="ignore" pos="PRP">it</wf>
<punc>.</punc>
</s>
</p>
<p pnum="8">
<s snum="16">
<wf cmd="ignore" pos="DT">These</wf>
<wf cmd="tag" pos="JJ">public</wf>
<wf cmd="tag" pos="NNS">efforts</wf>
<wf cmd="done" pos="VB" lemma="be" wnsn="1" lexsn="2:42:03::">were</wf>
<wf cmd="tag" pos="JJ">rare</wf>
<wf cmd="ignore" pos="IN">because</wf>
<wf cmd="tag" pos="NNP">Mr._Rayburn</wf>
<wf cmd="tag" pos="RB">normally</wf>
<wf cmd="done" pos="VB" lemma="do" wnsn="3" lexsn="2:41:04::">did</wf>
<wf cmd="ignore" pos="PRP$">his</wf>
<wf cmd="tag" pos="NN">counseling</wf>
<punc>,</punc>
<wf cmd="tag" pos="NN">persuading</wf>
<wf cmd="ignore" pos="CC">and</wf>
<wf cmd="tag" pos="NN">educating</wf>
<wf cmd="tag" pos="JJ">long</wf>
<wf cmd="ignore" pos="IN">before</wf>
<wf cmd="ignore" pos="DT">an</wf>
<wf cmd="tag" pos="NN">issue</wf>
<wf cmd="done" pos="VB" lemma="reach" wnsn="1" lexsn="2:38:01::">reached</wf>
<wf cmd="ignore" pos="PRP$">its</wf>
<wf cmd="tag" pos="NN">test</wf>
<wf cmd="ignore" pos="IN">on</wf>
<wf cmd="ignore" pos="DT">the</wf>
<wf cmd="tag" pos="NNP">House</wf>
<wf cmd="tag" pos="NN">floor</wf>
<punc>.</punc>
</s>
<s snum="17">
<wf cmd="ignore" pos="PRP">He</wf>
<wf cmd="done" pos="VB" lemma="expect" wnsn="2" lexsn="2:32:00::">expected</wf>
<wf cmd="tag" pos="NNPS">Democrats</wf>
<wf cmd="ignore" pos="TO">to</wf>
<wf cmd="done" pos="VB" lemma="do" wnsn="3" lexsn="2:41:04::">do</wf>
<wf cmd="ignore" pos="PRP$">their</wf>
<wf cmd="tag" pos="NN">duty</wf>
<wf cmd="ignore" pos="WRB">when</wf>
<wf cmd="ignore" pos="PRP">it</wf>
<wf cmd="done" pos="VBD" ot="notag">had</wf>
<wf cmd="done" pos="VBN" ot="notag">been</wf>
<wf cmd="tag" pos="RB">patiently</wf>
<wf cmd="done" pos="VB" lemma="point_out" wnsn="3" lexsn="2:32:02::">pointed_out</wf>
<wf cmd="ignore" pos="TO">to</wf>
<wf cmd="ignore" pos="PRP">them</wf>
<punc>.</punc>
</s>
<s snum="18">
<wf cmd="ignore" pos="IN">With</wf>
<wf cmd="ignore" pos="PRP$">his</wf>
<wf cmd="tag" pos="JJ">long</wf>
<wf cmd="tag" pos="NN">service</wf>
<wf cmd="ignore" pos="PRP">he</wf>
<wf cmd="done" pos="VB" lemma="have" wnsn="1" lexsn="2:40:00::">had</wf>
<wf cmd="ignore" pos="DT">a</wf>
<wf cmd="tag" pos="JJ">long</wf>
<wf cmd="tag" pos="NN">memory</wf>
<punc>,</punc>
<wf cmd="ignore" pos="DT">an</wf>
<wf cmd="tag" pos="JJ">excellent</wf>
<wf cmd="tag" pos="NN">thing</wf>
<wf cmd="ignore" pos="IN">in</wf>
<wf cmd="ignore" pos="DT">a</wf>
<wf cmd="tag" pos="NN">political_leader</wf>
<punc>.</punc>
</s>
</p>
<p pnum="9">
<s snum="19">
<wf cmd="ignore" pos="PRP">He</wf>
<wf cmd="done" pos="VB" lemma="be" wnsn="3" lexsn="2:42:05::">was</wf>
<punc>,</punc>
<wf cmd="tag" pos="RB">of_course</wf>
<punc>,</punc>
<wf cmd="ignore" pos="IN">in</wf>
<wf cmd="ignore" pos="DT">the</wf>
<wf cmd="tag" pos="NNP">House</wf>
<wf cmd="ignore" pos="IN">for</wf>
<wf cmd="tag" pos="RB">a_very_long_time</wf>
<punc>.</punc>
</s>
<s snum="20">
<wf cmd="ignore" pos="EX">There</wf>
<wf cmd="done" pos="VB" lemma="be" wnsn="3" lexsn="2:42:05::">are</wf>
<wf cmd="tag" pos="RB">only</wf>
<wf cmd="tag" pos="CD">two</wf>
<wf cmd="tag" pos="NNS">men</wf>
<wf cmd="done" pos="VB" lemma="remain" wnsn="2" lexsn="2:42:03::">remaining</wf>
<wf cmd="ignore" pos="IN">in</wf>
<wf cmd="tag" pos="NNP">Congress</wf>
<wf cmd="ignore" pos="WP">who</wf>
<punc>,</punc>
<wf cmd="ignore" pos="IN">with</wf>
<wf cmd="tag" pos="NNP">Rayburn</wf>
<punc>,</punc>
<wf cmd="done" pos="VB" lemma="vote" wnsn="1" lexsn="2:41:13::">voted</wf>
<wf cmd="done" pos="VB" ot="notag">for</wf>
<wf cmd="ignore" pos="DT">the</wf>
<wf cmd="tag" pos="NN">declaration</wf>
<wf cmd="ignore" pos="IN">of</wf>
<wf cmd="tag" pos="NN">war</wf>
<wf cmd="ignore" pos="IN">against</wf>
<wf cmd="tag" pos="NNP">Germany</wf>
<wf cmd="ignore" pos="IN">in</wf>
<wf cmd="tag" pos="CD">1917</wf>
<punc>.</punc>
</s>
<s snum="21">
<wf cmd="ignore" pos="TO">To</wf>
<wf cmd="tag" pos="RB">almost</wf>
<wf cmd="tag" pos="CD">two</wf>
<wf cmd="tag" pos="NNS">generations</wf>
<wf cmd="ignore" pos="IN">of</wf>
<wf cmd="tag" pos="NNPS">Americans</wf>
<wf cmd="ignore" pos="PRP">it</wf>
<wf cmd="ignore" pos="MD">must</wf>
<wf cmd="done" pos="VB" ot="notag">have</wf>
<wf cmd="done" pos="VB" lemma="seem" wnsn="1" lexsn="2:39:00::">seemed</wf>
<wf cmd="ignore" pos="IN">as</wf>
<wf cmd="ignore" pos="IN">though</wf>
<wf cmd="ignore" pos="DT">the</wf>
<wf cmd="tag" pos="NN">existence</wf>
<wf cmd="ignore" pos="IN">of</wf>
<wf cmd="tag" pos="NNP">Mr._Sam</wf>
<wf cmd="done" pos="VB" lemma="coincide" wnsn="1" lexsn="2:42:00::">coincided</wf>
<wf cmd="tag" pos="RB">with_that</wf>
<wf cmd="ignore" pos="IN">of</wf>
<wf cmd="ignore" pos="DT">the</wf>
<wf cmd="tag" pos="NNP">House</wf>
<punc>.</punc>
</s>
</p>
<p pnum="10">
<s snum="22">
<wf cmd="ignore" pos="CC">And</wf>
<wf cmd="ignore" pos="PRP">it</wf>
<wf cmd="done" pos="VB" lemma="be" wnsn="2" lexsn="2:42:06::">was</wf>
<wf cmd="ignore" pos="DT">the</wf>
<wf cmd="tag" pos="NNP">House</wf>
<wf cmd="ignore" pos="PRP">he</wf>
<wf cmd="done" pos="VB" lemma="love" wnsn="2" lexsn="2:37:02::">loved</wf>
<punc>.</punc>
</s>
<s snum="23">
<wf cmd="ignore" pos="TO">To</wf>
<wf cmd="done" pos="VB" lemma="be" wnsn="2" lexsn="2:42:06::">be</wf>
<wf cmd="tag" pos="NN">presiding_officer</wf>
<wf cmd="tag" pos="RB">of_it</wf>
<wf cmd="done" pos="VB" lemma="be" wnsn="2" lexsn="2:42:06::">was</wf>
<wf cmd="ignore" pos="DT">the</wf>
<wf cmd="tag" pos="NN">end</wf>
<wf cmd="ignore" pos="IN">of</wf>
<wf cmd="ignore" pos="PRP$">his</wf>
<wf cmd="tag" pos="NN">desire</wf>
<wf cmd="ignore" pos="CC">and</wf>
<wf cmd="tag" pos="NN">ambition</wf>
<punc>.</punc>
</s>
<s snum="24">
<wf cmd="ignore" pos="DT">The</wf>
<wf cmd="tag" pos="NNP">Senate</wf>
<wf cmd="ignore" pos="TO">to</wf>
<wf cmd="ignore" pos="PRP">him</wf>
<wf cmd="done" pos="VB" lemma="be" wnsn="1" lexsn="2:42:03::">was</wf>
<wf cmd="tag" pos="RB">not</wf>
<wf cmd="ignore" pos="DT">the</wf>
<punc>``</punc>
<wf cmd="tag" pos="JJ">upper</wf>
<wf cmd="tag" pos="NN">body</wf>
<punc>''</punc>
<wf cmd="ignore" pos="CC">and</wf>
<wf cmd="ignore" pos="PRP">he</wf>
<wf cmd="done" pos="VB" lemma="correct" wnsn="3" lexsn="2:32:00::">corrected</wf>
<wf cmd="ignore" pos="DT">those</wf>
<wf cmd="ignore" pos="WP">who</wf>
<wf cmd="done" pos="VB" lemma="say" wnsn="2" lexsn="2:32:01::">said</wf>
<wf cmd="ignore" pos="PRP">he</wf>
<wf cmd="done" pos="VB" lemma="serve" wnsn="2" lexsn="2:33:00::">served</wf>
<punc>``</punc>
<wf cmd="ignore" pos="IN">under</wf>
<punc>''</punc>
<wf cmd="ignore" pos="DT">the</wf>
<wf cmd="tag" pos="NN">president</wf>
<punc>.</punc>
</s>
<s snum="25">
<wf cmd="ignore" pos="PRP">He</wf>
<wf cmd="done" pos="VB" lemma="serve" wnsn="2" lexsn="2:33:00::">served</wf>
<punc>``</punc>
<wf cmd="ignore" pos="IN">with</wf>
<punc>''</punc>
<wf cmd="ignore" pos="PRP">him</wf>
<punc>.</punc>
</s>
</p>
<p pnum="11">
<s snum="26">
<wf cmd="done" pos="VB" lemma="sound" wnsn="4" lexsn="2:39:02::">Sound</wf>
<wf cmd="ignore" pos="DT">the</wf>
<wf cmd="tag" pos="NN">roll</wf>
<wf cmd="ignore" pos="IN">of</wf>
<wf cmd="ignore" pos="DT">those</wf>
<wf cmd="ignore" pos="IN">with</wf>
<wf cmd="ignore" pos="WP">whom</wf>
<wf cmd="ignore" pos="PRP">he</wf>
<wf cmd="done" pos="VB" lemma="serve" wnsn="2" lexsn="2:33:00::">served</wf>
<wf cmd="ignore" pos="CC">and</wf>
<wf cmd="ignore" pos="WP">who</wf>
<wf cmd="done" pos="VB" lemma="precede" wnsn="3" lexsn="2:41:00::">preceded</wf>
<wf cmd="ignore" pos="PRP">him</wf>
<wf cmd="ignore" pos="IN">in</wf>
<wf cmd="tag" pos="NN">death</wf>
<punc>.</punc>
</s>
<s snum="27">
<wf cmd="tag" pos="NNP">Woodrow_Wilson</wf>
<punc>,</punc>
<wf cmd="ignore" pos="IN">with</wf>
<wf cmd="ignore" pos="WP">whom</wf>
<wf cmd="ignore" pos="PRP">he</wf>
<wf cmd="done" pos="VB" lemma="begin" wnsn="1" lexsn="2:30:00::">began</wf>
<wf cmd="ignore" pos="PRP$">his</wf>
<wf cmd="tag" pos="NNS">years</wf>
<wf cmd="ignore" pos="IN">in</wf>
<wf cmd="tag" pos="NNP">Washington</wf>
<punc>,</punc>
<wf cmd="tag" pos="NNP">Warren_G._Harding</wf>
<punc>,</punc>
<wf cmd="tag" pos="NNP">Calvin_Coolidge</wf>
<punc>,</punc>
<wf cmd="tag" pos="NNP">FDR</wf>
<punc>,</punc>
<wf cmd="ignore" pos="IN">with</wf>
<wf cmd="ignore" pos="WP">whom</wf>
<wf cmd="ignore" pos="PRP">he</wf>
<wf cmd="done" pos="VB" lemma="manage" wnsn="4" lexsn="2:41:01::">managed</wf>
<wf cmd="ignore" pos="DT">a</wf>
<wf cmd="tag" pos="JJ">social</wf>
<wf cmd="tag" pos="NN">revolution</wf>
<punc>.</punc>
</s>
<s snum="28">
<wf cmd="ignore" pos="CC">And</wf>
<wf cmd="ignore" pos="DT">those</wf>
<wf cmd="tag" pos="RB">still</wf>
<wf cmd="ignore" pos="IN">with</wf>
<wf cmd="ignore" pos="PRP">us</wf>
<punc>,</punc>
<wf cmd="tag" pos="NNP">Herbert_C._Hoover</wf>
<punc>,</punc>
<wf cmd="tag" pos="NNP">Harry_S._Truman</wf>
<punc>,</punc>
<wf cmd="tag" pos="NNP">Dwight_D._Eisenhower</wf>
<wf cmd="ignore" pos="CC">and</wf>
<wf cmd="tag" pos="NNP">John_F._Kennedy</wf>
<punc>.</punc>
</s>
</p>
<p pnum="12">
<s snum="29">
<wf cmd="ignore" pos="PRP">He</wf>
<wf cmd="done" pos="VB" lemma="be" wnsn="1" lexsn="2:42:03::">was</wf>
<wf cmd="ignore" pos="DT">a</wf>
<wf cmd="tag" pos="NN">fighter</wf>
<wf cmd="ignore" pos="IN">for</wf>
<wf cmd="ignore" pos="DT">those</wf>
<wf cmd="ignore" pos="IN">of</wf>
<wf cmd="ignore" pos="PRP$">his</wf>
<wf cmd="tag" pos="JJ">own</wf>
<wf cmd="tag" pos="NN">party</wf>
<punc>.</punc>
</s>
<s snum="30">
<wf cmd="tag" pos="NNP">Mr._Truman</wf>
<wf cmd="done" pos="VB" lemma="have" wnsn="0" lexsn="2:42:05::">has</wf>
<wf cmd="tag" pos="RB">only</wf>
<wf cmd="ignore" pos="TO">to</wf>
<wf cmd="done" pos="VB" lemma="recall" wnsn="1" lexsn="2:31:00::">recall</wf>
<wf cmd="ignore" pos="DT">the</wf>
<punc>``</punc>
<wf cmd="tag" pos="JJ">hopeless</wf>
<punc>''</punc>
<wf cmd="tag" pos="NN">campaign</wf>
<wf cmd="ignore" pos="IN">of</wf>
<wf cmd="tag" pos="CD">1948</wf>
<wf cmd="ignore" pos="TO">to</wf>
<wf cmd="done" pos="VB" lemma="remember" wnsn="1" lexsn="2:31:00::">remember</wf>
<wf cmd="ignore" pos="WP">what</wf>
<wf cmd="ignore" pos="DT">a</wf>
<wf cmd="tag" pos="JJ">loyal</wf>
<wf cmd="tag" pos="JJ">partisan</wf>
<wf cmd="ignore" pos="PRP">he</wf>
<wf cmd="done" pos="VB" lemma="be" wnsn="1" lexsn="2:42:03::">was</wf>
<wf cmd="ignore" pos="CC">and</wf>
<wf cmd="ignore" pos="DT">the</wf>
<wf cmd="tag" pos="JJ">first</wf>
<wf cmd="tag" pos="NN">experience</wf>
<wf cmd="ignore" pos="IN">of</wf>
<wf cmd="tag" pos="NNP">Mr._Kennedy</wf>
<wf cmd="ignore" pos="IN">with</wf>
<wf cmd="tag" pos="NNP">Congress</wf>
<wf cmd="ignore" pos="MD">would</wf>
<wf cmd="done" pos="VB" ot="notag">have</wf>
<wf cmd="done" pos="VB" lemma="be" wnsn="1" lexsn="2:42:03::">been</wf>
<wf cmd="tag" pos="JJR">sadder</wf>
<wf cmd="ignore" pos="IN">than</wf>
<wf cmd="ignore" pos="PRP">it</wf>
<wf cmd="done" pos="VB" lemma="be" wnsn="1" lexsn="2:42:03::">was</wf>
<wf cmd="done" pos="VBN" ot="notag">had</wf>
<wf cmd="tag" pos="RB">not</wf>
<wf cmd="tag" pos="NNP">Mr._Sam</wf>
<wf cmd="done" pos="VB" lemma="be" wnsn="3" lexsn="2:42:05::">been</wf>
<wf cmd="tag" pos="RB">there</wf>
<punc>.</punc>
</s>
<s snum="31">
<wf cmd="ignore" pos="IN">As</wf>
<wf cmd="ignore" pos="PRP">it</wf>
<wf cmd="done" pos="VBD" ot="notag">was</wf>
<punc>,</punc>
<wf cmd="ignore" pos="PRP$">his</wf>
<wf cmd="tag" pos="NN">absence</wf>
<wf cmd="ignore" pos="IN">because</wf>
<wf cmd="ignore" pos="IN">of</wf>
<wf cmd="ignore" pos="PRP$">his</wf>
<wf cmd="tag" pos="JJ">final</wf>
<wf cmd="tag" pos="NN">illness</wf>
<wf cmd="done" pos="VB" lemma="be" wnsn="2" lexsn="2:42:06::">was</wf>
<wf cmd="ignore" pos="DT">a</wf>
<wf cmd="tag" pos="NN">blow</wf>
<wf cmd="ignore" pos="TO">to</wf>
<wf cmd="ignore" pos="DT">the</wf>
<wf cmd="tag" pos="NN">administration</wf>
<punc>.</punc>
</s>
</p>
<p pnum="13">
<s snum="32">
<wf cmd="ignore" pos="IN">With</wf>
<wf cmd="tag" pos="NNP">Republican</wf>
<wf cmd="tag" pos="NNS">presidents</wf>
<punc>,</punc>
<wf cmd="ignore" pos="PRP">he</wf>
<wf cmd="done" pos="VB" lemma="fight" wnsn="1" lexsn="2:33:00::">fought</wf>
<wf cmd="tag" pos="JJ">fair</wf>
<punc>.</punc>
</s>
<s snum="33">
<wf cmd="ignore" pos="PRP">He</wf>
<wf cmd="done" pos="VB" lemma="be" wnsn="1" lexsn="2:42:03::">was</wf>
<wf cmd="ignore" pos="PRP$">his</wf>
<wf cmd="tag" pos="JJ">own</wf>
<wf cmd="tag" pos="NN">man</wf>
<punc>,</punc>
<wf cmd="tag" pos="RB">not</wf>
<wf cmd="ignore" pos="DT">an</wf>
<wf cmd="tag" pos="JJ">automatic</wf>
<wf cmd="tag" pos="NN">obstructionist</wf>
<punc>.</punc>
</s>
<s snum="34">
<wf cmd="ignore" pos="PRP">He</wf>
<wf cmd="done" pos="VB" lemma="keep" wnsn="2" lexsn="2:42:07::">kept</wf>
<wf cmd="ignore" pos="PRP$">his</wf>
<wf cmd="tag" pos="NNS">attacks</wf>
<wf cmd="ignore" pos="IN">on</wf>
<wf cmd="tag" pos="NNP">Republicanism</wf>
<wf cmd="ignore" pos="IN">for</wf>
<wf cmd="tag" pos="JJ">partisan</wf>
<wf cmd="tag" pos="NNS">campaigns</wf>
<punc>,</punc>
<wf cmd="ignore" pos="CC">but</wf>
<wf cmd="tag" pos="RB">that</wf>
<wf cmd="done" pos="VB" lemma="be" wnsn="2" lexsn="2:42:06::">is</wf>
<wf cmd="tag" pos="NN">part</wf>
<wf cmd="ignore" pos="IN">of</wf>
<wf cmd="ignore" pos="DT">the</wf>
<wf cmd="tag" pos="NN">game</wf>
<wf cmd="ignore" pos="PRP">he</wf>
<wf cmd="done" rdf="be_born" pos="VB" lemma="be_born" wnsn="1" lexsn="2:30:00::">was_born</wf>
<wf cmd="ignore" pos="TO">to</wf>
<wf cmd="done" pos="VB" lemma="play" wnsn="1" lexsn="2:33:00::">play</wf>
<punc>.</punc>
</s>
</p>
<p pnum="14">
<s snum="35">
<wf cmd="ignore" pos="IN">Under</wf>
<wf cmd="ignore" pos="DT">any</wf>
<wf cmd="tag" pos="NN">name</wf>
<punc>-</punc>
<wf cmd="tag" pos="NNP">Mr._Speaker</wf>
<punc>,</punc>
<wf cmd="tag" pos="NNP">Mr._Democrat</wf>
<punc>,</punc>
<wf cmd="tag" pos="NNP">Mr._Sam</wf>
<punc>-</punc>
<wf cmd="ignore" pos="PRP">he</wf>
<wf cmd="done" pos="VB" lemma="be" wnsn="1" lexsn="2:42:03::">was</wf>
<wf cmd="ignore" pos="DT">a</wf>
<wf cmd="tag" pos="JJ">good</wf>
<wf cmd="tag" pos="NN">man</wf>
<punc>.</punc>
</s>
</p>
<p pnum="15">
<s snum="36">
<wf cmd="tag" pos="CD">Thirteen</wf>
<wf cmd="tag" pos="JJ">Italian</wf>
<wf cmd="tag" pos="NNS">airmen</wf>
<wf cmd="ignore" pos="WP">who</wf>
<wf cmd="done" pos="VB" lemma="go_to" wnsn="0" lexsn="2:38:00::">went_to</wf>
<wf cmd="ignore" pos="DT">the</wf>
<wf cmd="tag" pos="NNP">Congo</wf>
<wf cmd="ignore" pos="TO">to</wf>
<wf cmd="done" pos="VB" lemma="serve" wnsn="1" lexsn="2:42:03::">serve</wf>
<wf cmd="ignore" pos="DT">the</wf>
<wf cmd="tag" pos="NN">cause</wf>
<wf cmd="ignore" pos="IN">of</wf>
<wf cmd="tag" pos="NN">peace</wf>
<wf cmd="ignore" pos="IN">under</wf>
<wf cmd="ignore" pos="DT">the</wf>
<wf cmd="tag" pos="NN">United_Nations</wf>
<wf cmd="tag" pos="NN">banner</wf>
<wf cmd="done" pos="VBP" ot="notag">have</wf>
<wf cmd="tag" pos="RB">instead</wf>
<wf cmd="done" pos="VB" lemma="meet" wnsn="12" lexsn="2:39:00::">met</wf>
<wf cmd="tag" pos="NN">violent_death</wf>
<wf cmd="ignore" pos="IN">at</wf>
<wf cmd="ignore" pos="DT">the</wf>
<wf cmd="tag" pos="NNS">hands</wf>
<wf cmd="ignore" pos="IN">of</wf>
<wf cmd="tag" pos="NNP">Congolese</wf>
<wf cmd="tag" pos="NNS">troops</wf>
<wf cmd="tag" pos="RB">supposedly</wf>
<wf cmd="ignore" pos="PRP$">their</wf>
<wf cmd="tag" pos="NNS">friends</wf>
<punc>.</punc>
</s>
</p>
<p pnum="16">
<s snum="37">
<wf cmd="ignore" pos="IN">In</wf>
<wf cmd="tag" pos="CD">18</wf>
<wf cmd="tag" pos="NNS">months</wf>
<punc>,</punc>
<wf cmd="tag" pos="RB">no_more</wf>
<wf cmd="tag" pos="JJ">grisly</wf>
<wf cmd="tag" pos="NN">incident</wf>
<wf cmd="done" pos="VBZ" ot="notag">has</wf>
<wf cmd="done" pos="VBN" ot="notag">been</wf>
<wf cmd="done" pos="VB" lemma="report" wnsn="2" lexsn="2:32:04::">reported</wf>
<wf cmd="tag" pos="RB">from_that</wf>
<wf cmd="tag" pos="NN">jungle</wf>
<punc>.</punc>
</s>
<s snum="38">
<wf cmd="tag" pos="RB">Simply</wf>
<wf cmd="ignore" pos="IN">out</wf>
<wf cmd="ignore" pos="IN">of</wf>
<wf cmd="tag" pos="NN">bloodlust</wf>
<punc>,</punc>
<wf cmd="ignore" pos="PRP$">their</wf>
<wf cmd="tag" pos="NNS">murderers</wf>
<wf cmd="done" pos="VB" lemma="dismember" wnsn="1" lexsn="2:35:00::">dismembered</wf>
<wf cmd="ignore" pos="DT">the</wf>
<wf cmd="tag" pos="NNS">bodies</wf>
<wf cmd="ignore" pos="CC">and</wf>
<wf cmd="done" pos="VB" lemma="toss" wnsn="3" lexsn="2:35:05::">tossed</wf>
<wf cmd="ignore" pos="DT">the</wf>
<wf cmd="tag" pos="NN">remains</wf>
<wf cmd="ignore" pos="IN">into</wf>
<wf cmd="ignore" pos="DT">the</wf>
<wf cmd="tag" pos="NN">river</wf>
<punc>.</punc>
</s>
<s snum="39">
<wf cmd="ignore" pos="DT">The</wf>
<wf cmd="tag" pos="NN">excuse</wf>
<wf cmd="done" pos="VBD" ot="notag">was</wf>
<wf cmd="done" pos="VB" lemma="offer" wnsn="1" lexsn="2:40:02::">offered</wf>
<wf cmd="ignore" pos="IN">for</wf>
<wf cmd="ignore" pos="PRP">them</wf>
<wf cmd="ignore" pos="IN">that</wf>
<wf cmd="ignore" pos="PRP">they</wf>
<wf cmd="done" pos="VBD" ot="notag">had</wf>
<wf cmd="done" pos="VB" lemma="mistake" wnsn="1" lexsn="2:31:02::">mistaken</wf>
<wf cmd="ignore" pos="DT">the</wf>
<wf cmd="tag" pos="NNPS">Italians</wf>
<wf cmd="ignore" pos="IN">for</wf>
<wf cmd="tag" pos="JJ">Belgian</wf>
<wf cmd="tag" pos="NNS">mercenaries</wf>
<punc>.</punc>
</s>
<s snum="40">
<wf cmd="tag" pos="RB">In_other_words</wf>
<punc>,</punc>
<wf cmd="tag" pos="NNS">atrocities</wf>
<wf cmd="ignore" pos="IN">by</wf>
<wf cmd="tag" pos="NNS">savages</wf>
<wf cmd="done" pos="VB" lemma="wear" wnsn="1" lexsn="2:29:00::">wearing</wf>
<wf cmd="ignore" pos="DT">the</wf>
<wf cmd="tag" pos="NN">uniform</wf>
<wf cmd="ignore" pos="IN">of</wf>
<wf cmd="ignore" pos="DT">the</wf>
<wf cmd="tag" pos="JJ">central</wf>
<wf cmd="tag" pos="NN">government</wf>
<wf cmd="ignore" pos="MD">might</wf>
<wf cmd="done" pos="VB" ot="notag">be</wf>
<wf cmd="done" pos="VB" lemma="condone" wnsn="1" lexsn="2:32:00::">condoned</wf>
<punc>,</punc>
<wf cmd="done" pos="VBD" ot="notag">had</wf>
<wf cmd="ignore" pos="DT">the</wf>
<wf cmd="tag" pos="NNS">victims</wf>
<wf cmd="done" pos="VBN" ot="notag">been</wf>
<wf cmd="done" pos="VB" lemma="serve" wnsn="1" lexsn="2:42:03::">serving</wf>
<wf cmd="ignore" pos="DT">the</wf>
<wf cmd="tag" pos="NN">cause</wf>
<wf cmd="ignore" pos="IN">of</wf>
<wf cmd="tag" pos="JJ">dissident</wf>
<wf cmd="tag" pos="NNP">Katanga</wf>
<punc>.</punc>
</s>
</p>
<p pnum="17">
<s snum="41">
<wf cmd="done" pos="VBZ" ot="notag">Does</wf>
<wf cmd="ignore" pos="DT">this</wf>
<wf cmd="done" pos="VB" lemma="suggest" wnsn="4" lexsn="2:32:03::">suggest</wf>
<wf cmd="ignore" pos="IN">that</wf>
<wf cmd="ignore" pos="DT">the</wf>
<wf cmd="tag" pos="NNP">Congo</wf>
<wf cmd="done" pos="VB" lemma="be" wnsn="1" lexsn="2:42:03::">is</wf>
<wf cmd="tag" pos="JJ">fit</wf>
<wf cmd="ignore" pos="IN">for</wf>
<wf cmd="tag" pos="NN">nationhood</wf>
<wf cmd="ignore" pos="CC">or</wf>
<wf cmd="ignore" pos="IN">that</wf>
<wf cmd="tag" pos="NNP">UN</wf>
<wf cmd="done" pos="VBZ" ot="notag">is</wf>
<wf cmd="done" pos="VB" lemma="make" wnsn="1" lexsn="2:41:00::">making</wf>
<wf cmd="ignore" pos="DT">any</wf>
<wf cmd="tag" pos="NN">progress</wf>
<wf cmd="ignore" pos="WDT">whatever</wf>
<wf cmd="ignore" pos="IN">toward</wf>
<wf cmd="ignore" pos="PRP$">its</wf>
<wf cmd="tag" pos="NN">goal</wf>
<wf cmd="ignore" pos="IN">of</wf>
<wf cmd="tag" pos="RB">so</wf>
<wf cmd="done" pos="VB" lemma="make_it" wnsn="1" lexsn="2:42:00::">making_it</wf>
<punc>?</punc>
</s>
<s snum="42">
<wf cmd="tag" pos="RB">To_the_contrary</wf>
<punc>,</punc>
<wf cmd="ignore" pos="IN">through</wf>
<wf cmd="ignore" pos="DT">the</wf>
<wf cmd="tag" pos="JJ">past</wf>
<wf cmd="tag" pos="CD">six</wf>
<wf cmd="tag" pos="NNS">weeks</wf>
<wf cmd="tag" pos="NN">violence</wf>
<wf cmd="done" pos="VBZ" ot="notag">has</wf>
<wf cmd="done" pos="VBN" ot="notag">been</wf>
<wf cmd="done" pos="VB" lemma="pile" wnsn="1" lexsn="2:35:00::">piled</wf>
<wf cmd="ignore" pos="IN">upon</wf>
<wf cmd="tag" pos="NN">violence</wf>
<punc>.</punc>
</s>
<s snum="43">
<wf cmd="tag" pos="NN">Mass</wf>
<wf cmd="tag" pos="NNS">rapes</wf>
<punc>,</punc>
<wf cmd="tag" pos="NN">troop</wf>
<wf cmd="tag" pos="NNS">mutinies</wf>
<punc>,</punc>
<wf cmd="tag" pos="JJ">uncontrolled</wf>
<wf cmd="tag" pos="NN">looting</wf>
<wf cmd="ignore" pos="CC">and</wf>
<wf cmd="tag" pos="NN">pillage</wf>
<wf cmd="ignore" pos="CC">and</wf>
<wf cmd="tag" pos="JJ">reckless</wf>
<wf cmd="tag" pos="JJ">military</wf>
<wf cmd="tag" pos="NNS">adventures</wf>
<punc>,</punc>
<wf cmd="done" pos="VB" lemma="give" wnsn="5" lexsn="2:32:01::">given</wf>
<wf cmd="ignore" pos="DT">no</wf>
<wf cmd="tag" pos="NN">sanction</wf>
<wf cmd="ignore" pos="IN">by</wf>
<wf cmd="ignore" pos="DT">any</wf>
<wf cmd="tag" pos="JJ">political</wf>
<wf cmd="tag" pos="NN">authority</wf>
<punc>,</punc>
<wf cmd="done" pos="VBP" ot="notag">have</wf>
<wf cmd="done" pos="VB" lemma="become" wnsn="1" lexsn="2:30:00::">become</wf>
<wf cmd="tag" pos="RB">almost</wf>
<wf cmd="tag" pos="JJ">daily</wf>
<wf cmd="tag" pos="NNS">occurrences</wf>
<punc>.</punc>
</s>
<s snum="44">
<wf cmd="tag" pos="RB">Yet</wf>
<wf cmd="ignore" pos="DT">this</wf>
<wf cmd="tag" pos="JJ">basic</wf>
<wf cmd="tag" pos="NN">condition</wf>
<wf cmd="ignore" pos="IN">of</wf>
<wf cmd="tag" pos="NN">outlawry</wf>
<wf cmd="ignore" pos="CC">and</wf>
<wf cmd="tag" pos="NN">anarchy</wf>
<wf cmd="done" pos="VB" lemma="be" wnsn="2" lexsn="2:42:06::">is</wf>
<wf cmd="tag" pos="RB">not</wf>
<wf cmd="ignore" pos="DT">the</wf>
<wf cmd="tag" pos="NN">work</wf>
<wf cmd="ignore" pos="IN">of</wf>
<wf cmd="tag" pos="NNP">Katanga</wf>
<punc>.</punc>
</s>
<s snum="45">
<wf cmd="ignore" pos="PRP">It</wf>
<wf cmd="done" pos="VB" lemma="happen" wnsn="1" lexsn="2:30:00::">happens</wf>
<wf cmd="ignore" pos="IN">in</wf>
<wf cmd="ignore" pos="DT">the</wf>
<wf cmd="tag" pos="NN">territory</wf>
<wf cmd="ignore" pos="IN">of</wf>
<wf cmd="ignore" pos="DT">the</wf>
<wf cmd="tag" pos="NNP">Leopoldville</wf>
<wf cmd="tag" pos="NN">government</wf>
<punc>,</punc>
<wf cmd="ignore" pos="WDT">which</wf>
<wf cmd="done" pos="VB" lemma="be" wnsn="1" lexsn="2:42:03::">is</wf>
<wf cmd="ignore" pos="PRP">itself</wf>
<wf cmd="ignore" pos="DT">a</wf>
<wf cmd="tag" pos="NN">fiction</wf>
<punc>,</punc>
<wf cmd="tag" pos="RB">demonstrably</wf>
<wf cmd="tag" pos="JJ">incapable_of</wf>
<wf cmd="tag" pos="NN">governing</wf>
<punc>,</punc>
<wf cmd="ignore" pos="CC">and</wf>
<wf cmd="done" pos="VB" lemma="command" wnsn="3" lexsn="2:32:02::">commanding</wf>
<wf cmd="tag" pos="RB">only</wf>
<wf cmd="tag" pos="JJ">such</wf>
<wf cmd="tag" pos="JJ">limited</wf>
<wf cmd="tag" pos="NN">credit</wf>
<wf cmd="tag" pos="RB">abroad</wf>
<wf cmd="ignore" pos="IN">as</wf>
<wf cmd="tag" pos="NNP">UN</wf>
<wf cmd="tag" pos="NN">support</wf>
<wf cmd="done" pos="VB" lemma="give" wnsn="5" lexsn="2:32:01::">gives</wf>
<wf cmd="ignore" pos="PRP">it</wf>
<punc>.</punc>
</s>
</p>
<p pnum="18">
<s snum="46">
<wf cmd="ignore" pos="DT">The</wf>
<wf cmd="tag" pos="JJ">main</wf>
<wf cmd="tag" pos="NN">question</wf>
<wf cmd="done" pos="VB" lemma="raise" wnsn="3" lexsn="2:32:00::">raised</wf>
<wf cmd="ignore" pos="IN">by</wf>
<wf cmd="ignore" pos="DT">the</wf>
<wf cmd="tag" pos="NN">incident</wf>
<wf cmd="done" pos="VB" lemma="be" wnsn="2" lexsn="2:42:06::">is</wf>
<wf cmd="ignore" pos="WRB">how</wf>
<wf cmd="tag" pos="JJ">much</wf>
<wf cmd="tag" pos="RB">longer</wf>
<wf cmd="ignore" pos="MD">will</wf>
<wf cmd="tag" pos="NNP">UN</wf>
<wf cmd="done" pos="VB" ot="metaphor">bury</wf>
<wf cmd="ignore" pos="PRP$">its</wf>
<wf cmd="tag" pos="NN">head</wf>
<wf cmd="ignore" pos="IN">in</wf>
<wf cmd="ignore" pos="DT">the</wf>
<wf cmd="tag" pos="NN">sand</wf>
<wf cmd="ignore" pos="IN">on</wf>
<wf cmd="ignore" pos="DT">the</wf>
<wf cmd="tag" pos="NNP">Congo</wf>
<wf cmd="tag" pos="NN">problem</wf>
<wf cmd="tag" pos="RB">instead</wf>
<wf cmd="ignore" pos="IN">of</wf>
<wf cmd="done" pos="VB" lemma="face" wnsn="1" lexsn="2:32:00::">facing</wf>
<wf cmd="ignore" pos="DT">the</wf>
<wf cmd="tag" pos="JJ">bitter</wf>
<wf cmd="tag" pos="NN">fact</wf>
<wf cmd="ignore" pos="IN">that</wf>
<wf cmd="ignore" pos="PRP">it</wf>
<wf cmd="done" pos="VB" lemma="have" wnsn="1" lexsn="2:40:00::">has</wf>
<wf cmd="ignore" pos="DT">no</wf>
<wf cmd="tag" pos="NN">solution</wf>
<wf cmd="ignore" pos="IN">in</wf>
<wf cmd="tag" pos="JJ">present</wf>
<wf cmd="tag" pos="NNS">terms</wf>
<punc>?</punc>
</s>
<s snum="47">
<wf cmd="ignore" pos="DT">The</wf>
<wf cmd="tag" pos="JJ">probable</wf>
<wf cmd="tag" pos="NN">answer</wf>
<wf cmd="done" pos="VB" lemma="be" wnsn="2" lexsn="2:42:06::">is</wf>
<wf cmd="ignore" pos="IN">that</wf>
<wf cmd="ignore" pos="PRP">it</wf>
<wf cmd="ignore" pos="MD">will</wf>
<wf cmd="done" pos="VB" ot="notag">do</wf>
<wf cmd="tag" pos="RB">so</wf>
<wf cmd="tag" pos="RB">just_as</wf>
<wf cmd="tag" pos="JJ">long</wf>
<wf cmd="ignore" pos="IN">as</wf>
<wf cmd="tag" pos="NNP">Russia</wf>
<wf cmd="ignore" pos="MD">can</wf>
<wf cmd="done" pos="VB" lemma="exercise" wnsn="2" lexsn="2:41:00::">exercise</wf>
<wf cmd="ignore" pos="DT">a</wf>
<wf cmd="tag" pos="NN">veto</wf>
<wf cmd="ignore" pos="IN">in</wf>
<wf cmd="tag" pos="NN">favor</wf>
<wf cmd="ignore" pos="IN">of</wf>
<wf cmd="tag" pos="NN">chaos</wf>
<wf cmd="ignore" pos="CC">and</wf>
<wf cmd="ignore" pos="IN">until</wf>
<wf cmd="tag" pos="JJ">young</wf>
<wf cmd="tag" pos="NN">African_nations</wf>
<wf cmd="done" pos="VB" lemma="wake_up" wnsn="2" lexsn="2:29:00::">wake_up</wf>
<wf cmd="ignore" pos="TO">to</wf>
<wf cmd="ignore" pos="DT">the</wf>
<wf cmd="tag" pos="NN">truth</wf>
<wf cmd="ignore" pos="IN">that</wf>
<wf cmd="ignore" pos="IN">out</wf>
<wf cmd="ignore" pos="IN">of</wf>
<wf cmd="tag" pos="JJ">false</wf>
<wf cmd="tag" pos="NN">pride</wf>
<wf cmd="ignore" pos="PRP">they</wf>
<wf cmd="done" pos="VBP" ot="notag">are</wf>
<wf cmd="done" pos="VB" lemma="visit" wnsn="5" lexsn="2:32:01::">visiting</wf>
<wf cmd="tag" pos="NN">ruin</wf>
<wf cmd="ignore" pos="IN">on</wf>
<wf cmd="tag" pos="NN">Central_Africa</wf>
<punc>.</punc>
</s>
</p>
<p pnum="19">
<s snum="48">
<wf cmd="tag" pos="RB">Right_now</wf>
<punc>,</punc>
<wf cmd="ignore" pos="PRP">they</wf>
<wf cmd="done" pos="VBP" ot="notag">are</wf>
<wf cmd="done" pos="VB" lemma="push" wnsn="3" lexsn="2:32:00::">pushing</wf>
<wf cmd="ignore" pos="DT">a</wf>
<wf cmd="tag" pos="NN">resolution</wf>
<wf cmd="ignore" pos="WDT">which</wf>
<wf cmd="ignore" pos="MD">would</wf>
<wf cmd="done" pos="VB" ot="notag">have</wf>
<wf cmd="tag" pos="NNP">UN</wf>
<wf cmd="done" pos="VB" lemma="use" wnsn="1" lexsn="2:34:01::">use</wf>
<wf cmd="ignore" pos="PRP$">its</wf>
<wf cmd="tag" pos="NNS">forces</wf>
<wf cmd="ignore" pos="TO">to</wf>
<wf cmd="done" pos="VB" lemma="invade" wnsn="1" lexsn="2:33:00::">invade</wf>
<wf cmd="ignore" pos="CC">and</wf>
<wf cmd="done" pos="VB" lemma="subjugate" wnsn="1" lexsn="2:41:01::">subjugate</wf>
<wf cmd="tag" pos="NNP">Katanga</wf>
<punc>.</punc>
</s>
<s snum="49">
<wf cmd="ignore" pos="DT">That</wf>
<wf cmd="tag" pos="NN">notion</wf>
<wf cmd="done" pos="VB" lemma="be" wnsn="1" lexsn="2:42:03::">is</wf>
<wf cmd="tag" pos="RB">fantastically</wf>
<wf cmd="tag" pos="JJ">wrong-headed</wf>
<wf cmd="ignore" pos="IN">from</wf>
<wf cmd="tag" pos="JJ">several</wf>
<wf cmd="tag" pos="NN">points_of_view</wf>
<punc>.</punc>
</s>
<s snum="50">
<wf cmd="ignore" pos="DT">The</wf>
<wf cmd="tag" pos="NNP">UN</wf>
<wf cmd="tag" pos="NN">army</wf>
<wf cmd="done" pos="VB" lemma="be" wnsn="1" lexsn="2:42:03::">is</wf>
<wf cmd="tag" pos="RB">too</wf>
<wf cmd="tag" pos="JJ">weak</wf>
<punc>,</punc>
<wf cmd="tag" pos="RB">too</wf>
<wf cmd="tag" pos="JJ">demoralized</wf>
<wf cmd="ignore" pos="IN">for</wf>
<wf cmd="ignore" pos="DT">the</wf>
<wf cmd="tag" pos="NN">task</wf>
<punc>.</punc>
</s>
<s snum="51">
<wf cmd="tag" pos="RB">Further</wf>
<punc>,</punc>
<wf cmd="ignore" pos="PRP">it</wf>
<wf cmd="done" pos="VB" lemma="have" wnsn="1" lexsn="2:40:00::">has</wf>
<wf cmd="ignore" pos="PRP$">its</wf>
<wf cmd="tag" pos="NN">work</wf>
<wf cmd="tag" pos="JJ">cut_out</wf>
<wf cmd="done" pos="VB" lemma="stop" wnsn="3" lexsn="2:41:00::">stopping</wf>
<wf cmd="tag" pos="NN">anarchy</wf>
<wf cmd="ignore" pos="WRB">where</wf>
<wf cmd="ignore" pos="PRP">it</wf>
<wf cmd="done" pos="VBZ" ot="notag">is</wf>
<wf cmd="tag" pos="RB">now</wf>
<wf cmd="done" pos="VB" lemma="garrison" wnsn="1" lexsn="2:33:00::">garrisoned</wf>
<punc>.</punc>
</s>
<s snum="52">
<wf cmd="tag" pos="JJ">Last</wf>
<punc>,</punc>
<wf cmd="ignore" pos="PRP">it</wf>
<wf cmd="done" rdf="make_sense" pos="VB" lemma="make_sense" wnsn="1" lexsn="2:42:00::">makes</wf>
<wf cmd="ignore" pos="DT">no</wf>
<wf cmd="tag" pos="NN">sense</wf>
<wf cmd="ignore" pos="TO">to</wf>
<wf cmd="done" pos="VB" lemma="deliver" wnsn="3" lexsn="2:40:01::">deliver</wf>
<wf cmd="tag" pos="NNP">Katanga</wf>
<punc>,</punc>
<wf cmd="ignore" pos="DT">the</wf>
<wf cmd="tag" pos="CD">one</wf>
<wf cmd="tag" pos="RB">reasonably</wf>
<wf cmd="tag" pos="JJ">solid</wf>
<wf cmd="tag" pos="NN">territory</wf>
<punc>,</punc>
<wf cmd="ignore" pos="IN">into</wf>
<wf cmd="ignore" pos="DT">the</wf>
<wf cmd="tag" pos="JJ">existing</wf>
<wf cmd="tag" pos="NN">chaos</wf>
<punc>.</punc>
</s>
</p>
<p pnum="20">
<s snum="53">
<wf cmd="ignore" pos="DT">The</wf>
<wf cmd="tag" pos="NNP">Congo</wf>
<wf cmd="ignore" pos="MD">should</wf>
<wf cmd="done" pos="VB" ot="notag">have</wf>
<wf cmd="done" pos="VBN" ot="notag">been</wf>
<wf cmd="done" pos="VB" lemma="mandate" wnsn="1" lexsn="2:41:00::">mandated</wf>
<punc>,</punc>
<wf cmd="ignore" pos="IN">because</wf>
<wf cmd="ignore" pos="PRP">it</wf>
<wf cmd="done" pos="VB" lemma="be" wnsn="1" lexsn="2:42:03::">was</wf>
<wf cmd="tag" pos="JJ">not_ready</wf>
<wf cmd="ignore" pos="IN">for</wf>
<wf cmd="tag" pos="NN">independence</wf>
<punc>.</punc>
</s>
<s snum="54">
<wf cmd="ignore" pos="DT">The</wf>
<wf cmd="tag" pos="NN">idea</wf>
<wf cmd="done" pos="VBD" ot="notag">was</wf>
<wf cmd="tag" pos="RB">not</wf>
<wf cmd="tag" pos="RB">even</wf>
<wf cmd="done" pos="VB" lemma="suggest" wnsn="1" lexsn="2:32:00::">suggested</wf>
<wf cmd="ignore" pos="IN">because</wf>
<wf cmd="tag" pos="JJ">political</wf>
<wf cmd="tag" pos="NN">expediency</wf>
<wf cmd="done" pos="VB" lemma="prevail" wnsn="4" lexsn="2:33:00::">prevailed</wf>
<wf cmd="ignore" pos="IN">over</wf>
<wf cmd="tag" pos="NN">wisdom</wf>
<punc>.</punc>
</s>
<s snum="55">
<wf cmd="ignore" pos="PRP">It</wf>
<wf cmd="done" pos="VB" lemma="be" wnsn="1" lexsn="2:42:03::">is</wf>
<wf cmd="tag" pos="RB">perhaps</wf>
<wf cmd="tag" pos="RB">too</wf>
<wf cmd="tag" pos="JJ">late</wf>
<wf cmd="tag" pos="RB">now</wf>
<wf cmd="ignore" pos="TO">to</wf>
<wf cmd="done" pos="VB" lemma="talk" wnsn="1" lexsn="2:32:01::">talk</wf>
<wf cmd="ignore" pos="IN">of</wf>
<wf cmd="tag" pos="NN">mandate</wf>
<wf cmd="ignore" pos="IN">because</wf>
<wf cmd="ignore" pos="PRP">it</wf>
<wf cmd="done" pos="VB" lemma="be" wnsn="1" lexsn="2:42:03::">is</wf>
<wf cmd="tag" pos="JJ">inconsistent</wf>
<wf cmd="ignore" pos="IN">with</wf>
<wf cmd="ignore" pos="WP">what</wf>
<wf cmd="done" pos="VBZ" ot="notag">is</wf>
<wf cmd="done" pos="VB" lemma="term" wnsn="1" lexsn="2:32:00::">termed</wf>
<wf cmd="tag" pos="JJ">political</wf>
<wf cmd="tag" pos="NN">realism</wf>
<punc>.</punc>
</s>
<s snum="56">
<wf cmd="ignore" pos="CC">But</wf>
<wf cmd="ignore" pos="IN">if</wf>
<wf cmd="ignore" pos="DT">any</wf>
<wf cmd="tag" pos="NN">realism</wf>
<wf cmd="ignore" pos="CC">and</wf>
<wf cmd="tag" pos="NN">feeling</wf>
<wf cmd="done" pos="VB" ot="notag">for</wf>
<wf cmd="tag" pos="NN">truth</wf>
<wf cmd="done" pos="VB" lemma="remain" wnsn="1" lexsn="2:30:00::">remain</wf>
<wf cmd="ignore" pos="IN">in</wf>
<wf cmd="ignore" pos="DT">the</wf>
<wf cmd="tag" pos="NN">General_Assembly</wf>
<punc>,</punc>
<wf cmd="ignore" pos="PRP">it</wf>
<wf cmd="done" pos="VB" lemma="be" wnsn="2" lexsn="2:42:06::">is</wf>
<wf cmd="tag" pos="NN">time</wf>
<wf cmd="ignore" pos="IN">for</wf>
<wf cmd="tag" pos="NNS">men</wf>
<wf cmd="ignore" pos="IN">of</wf>
<wf cmd="tag" pos="NN">courage</wf>
<wf cmd="ignore" pos="TO">to</wf>
<wf cmd="done" pos="VB" lemma="measure" wnsn="1" lexsn="2:31:00::">measure</wf>
<wf cmd="ignore" pos="DT">the</wf>
<wf cmd="tag" pos="NN">magnitude</wf>
<wf cmd="ignore" pos="IN">of</wf>
<wf cmd="ignore" pos="DT">the</wf>
<wf cmd="tag" pos="NN">failure</wf>
<wf cmd="ignore" pos="CC">and</wf>
<wf cmd="done" pos="VB" lemma="urge" wnsn="2" lexsn="2:32:03::">urge</wf>
<wf cmd="ignore" pos="DT">some</wf>
<wf cmd="tag" pos="JJ">new</wf>
<wf cmd="tag" pos="NN">approach</wf>
<punc>.</punc>
</s>
<s snum="57">
<wf cmd="tag" pos="RB">Otherwise</wf>
<punc>,</punc>
<wf cmd="tag" pos="NNP">UN</wf>
<wf cmd="ignore" pos="MD">will</wf>
<wf cmd="done" pos="VB" lemma="march" wnsn="3" lexsn="2:38:00::">march</wf>
<wf cmd="tag" pos="RB">blindly</wf>
<wf cmd="tag" pos="RB">on</wf>
<wf cmd="ignore" pos="TO">to</wf>
<wf cmd="tag" pos="JJ">certain</wf>
<wf cmd="tag" pos="NN">defeat</wf>
<punc>.</punc>
</s>
</p>
<p pnum="21">
<s snum="58">
<wf cmd="ignore" pos="DT">A</wf>
<wf cmd="tag" pos="JJ">recent</wf>
<wf cmd="tag" pos="NN">editorial</wf>
<wf cmd="done" pos="VB" lemma="discuss" wnsn="1" lexsn="2:32:01::">discussing</wf>
<wf cmd="ignore" pos="DT">a</wf>
<wf cmd="tag" pos="JJ">labor-management</wf>
<wf cmd="tag" pos="NN">agreement</wf>
<wf cmd="done" pos="VB" lemma="reach" wnsn="5" lexsn="2:41:00::">reached</wf>
<wf cmd="ignore" pos="IN">between</wf>
<wf cmd="ignore" pos="DT">the</wf>
<wf cmd="tag" pos="NNP">Southern_Pacific_Co.</wf>
<wf cmd="ignore" pos="CC">and</wf>
<wf cmd="ignore" pos="DT">the</wf>
<wf cmd="tag" pos="NNP">Order</wf>
<wf cmd="ignore" pos="IN">of</wf>
<wf cmd="tag" pos="NNP">Railroad</wf>
<wf cmd="tag" pos="NNS">Telegraphers</wf>
<wf cmd="done" pos="VBZ" ot="notag">has</wf>
<wf cmd="done" pos="VBN" ot="notag">been</wf>
<wf cmd="done" pos="VB" lemma="criticize" wnsn="1" lexsn="2:32:00::">criticized</wf>
<wf cmd="ignore" pos="IN">on</wf>
<wf cmd="ignore" pos="DT">the</wf>
<wf cmd="tag" pos="NNS">grounds</wf>
<wf cmd="ignore" pos="IN">that</wf>
<wf cmd="ignore" pos="PRP">it</wf>
<wf cmd="done" pos="VBD" ot="notag">was</wf>
<wf cmd="tag" pos="RB">not</wf>
<wf cmd="done" pos="VB" lemma="base" wnsn="1" lexsn="2:31:00::">based</wf>
<wf cmd="ignore" pos="IN">on</wf>
<wf cmd="tag" pos="JJ">complete</wf>
<wf cmd="tag" pos="NN">information</wf>
<punc>.</punc>
</s>
</p>
<p pnum="22">
<s snum="59">
<wf cmd="ignore" pos="DT">The</wf>
<wf cmd="tag" pos="NN">editorial</wf>
<wf cmd="done" pos="VB" ot="notag">was</wf>
<wf cmd="done" pos="VB" lemma="base" wnsn="1" lexsn="2:31:00::">based</wf>
<wf cmd="done" pos="VB" ot="notag">on</wf>
<wf cmd="ignore" pos="DT">a</wf>
<wf cmd="tag" pos="NN">news</wf>
<wf cmd="tag" pos="NN">association</wf>
<wf cmd="tag" pos="NN">dispatch</wf>
<wf cmd="ignore" pos="WDT">which</wf>
<wf cmd="done" pos="VB" lemma="say" wnsn="1" lexsn="2:32:00::">said</wf>
<wf cmd="ignore" pos="IN">that</wf>
<wf cmd="ignore" pos="DT">the</wf>
<wf cmd="tag" pos="NNS">telegraphers</wf>
<wf cmd="done" pos="VBD" ot="notag">had</wf>
<wf cmd="done" pos="VB" lemma="secure" wnsn="1" lexsn="2:40:00::">secured</wf>
<wf cmd="ignore" pos="DT">an</wf>
<wf cmd="tag" pos="NN">agreement</wf>
<wf cmd="ignore" pos="WRB">whereby</wf>
<wf cmd="ignore" pos="PRP">they</wf>
<wf cmd="done" pos="VBD" ot="notag">were</wf>
<wf cmd="done" pos="VB" lemma="guarantee" wnsn="1" lexsn="2:32:00::">guaranteed</wf>
<wf cmd="tag" pos="CD">40</wf>
<wf cmd="tag" pos="NNS">hours</wf>
<punc>'</punc>
<wf cmd="tag" pos="NN">pay</wf>
<wf cmd="ignore" pos="IN">per</wf>
<wf cmd="tag" pos="NN">week</wf>
<wf cmd="ignore" pos="IN">whether</wf>
<wf cmd="ignore" pos="PRP">they</wf>
<wf cmd="done" pos="VB" lemma="work" wnsn="1" lexsn="2:41:02::">worked</wf>
<wf cmd="ignore" pos="CC">or</wf>
<wf cmd="tag" pos="RB">not</wf>
<wf cmd="ignore" pos="CC">and</wf>
<wf cmd="ignore" pos="IN">that</wf>
<wf cmd="ignore" pos="DT">a</wf>
<wf cmd="tag" pos="NN">reduction</wf>
<wf cmd="ignore" pos="IN">in</wf>
<wf cmd="ignore" pos="PRP$">their</wf>
<wf cmd="tag" pos="NN">number</wf>
<wf cmd="done" pos="VBD" ot="notag">was</wf>
<wf cmd="done" pos="VB" lemma="limit" wnsn="1" lexsn="2:30:01::">limited</wf>
<wf cmd="ignore" pos="TO">to</wf>
<wf cmd="tag" pos="CD">2</wf>
<wf cmd="tag" pos="NN">per_cent</wf>
<wf cmd="tag" pos="RB">per_year</wf>
<punc>.</punc>
</s>
<s snum="60">
<wf cmd="ignore" pos="PRP$">Our</wf>
<wf cmd="tag" pos="NN">comment</wf>
<wf cmd="done" pos="VB" lemma="be" wnsn="2" lexsn="2:42:06::">was</wf>
<wf cmd="ignore" pos="IN">that</wf>
<wf cmd="ignore" pos="DT">this</wf>
<wf cmd="done" pos="VB" lemma="be" wnsn="1" lexsn="2:42:03::">was</wf>
<punc>``</punc>
<wf cmd="tag" pos="NN">featherbedding</wf>
<punc>''</punc>
<wf cmd="ignore" pos="IN">in</wf>
<wf cmd="ignore" pos="PRP$">its</wf>
<wf cmd="tag" pos="JJ">ultimate</wf>
<wf cmd="tag" pos="NN">form</wf>
<wf cmd="ignore" pos="CC">and</wf>
<wf cmd="ignore" pos="IN">that</wf>
<wf cmd="tag" pos="NN">sympathy</wf>
<wf cmd="ignore" pos="IN">for</wf>
<wf cmd="ignore" pos="DT">the</wf>
<wf cmd="tag" pos="NN">railroad</wf>
<wf cmd="done" pos="VBD" ot="notag">was</wf>
<wf cmd="done" pos="VB" lemma="misplace" wnsn="2" lexsn="2:35:00::">misplaced</wf>
<wf cmd="ignore" pos="IN">since</wf>
<wf cmd="ignore" pos="PRP">it</wf>
<wf cmd="done" pos="VBD" ot="notag">had</wf>
<wf cmd="done" pos="VB" lemma="enter" wnsn="2" lexsn="2:33:00::">entered</wf>
<wf cmd="ignore" pos="IN">into</wf>
<wf cmd="tag" pos="JJ">such</wf>
<wf cmd="ignore" pos="DT">an</wf>
<wf cmd="tag" pos="NN">agreement</wf>
<punc>.</punc>
</s>
<s snum="61">
<wf cmd="ignore" pos="DT">The</wf>
<wf cmd="tag" pos="NN">statement</wf>
<wf cmd="done" pos="VBD" ot="notag">was</wf>
<wf cmd="tag" pos="RB">also</wf>
<wf cmd="done" pos="VB" lemma="make" wnsn="5" lexsn="2:36:08::">made</wf>
<wf cmd="ignore" pos="IN">that</wf>
<wf cmd="tag" pos="RB">undoubtedly</wf>
<wf cmd="ignore" pos="DT">the</wf>
<wf cmd="tag" pos="NN">railroad</wf>
<wf cmd="done" pos="VBD" ot="notag">had</wf>
<wf cmd="done" pos="VB" lemma="receive" wnsn="1" lexsn="2:40:00::">received</wf>
<wf cmd="ignore" pos="DT">some</wf>
<wf cmd="tag" pos="JJ">compensating</wf>
<wf cmd="tag" pos="NN">benefit</wf>
<wf cmd="ignore" pos="IN">from</wf>
<wf cmd="ignore" pos="DT">the</wf>
<wf cmd="tag" pos="NNS">telegraphers</wf>
<punc>,</punc>
<wf cmd="ignore" pos="CC">but</wf>
<wf cmd="ignore" pos="IN">that</wf>
<wf cmd="ignore" pos="PRP">it</wf>
<wf cmd="done" pos="VB" lemma="be" wnsn="1" lexsn="2:42:03::">was</wf>
<wf cmd="tag" pos="JJ">difficult</wf>
<wf cmd="ignore" pos="TO">to</wf>
<wf cmd="done" pos="VB" lemma="imagine" wnsn="1" lexsn="2:36:00::">imagine</wf>
<wf cmd="ignore" pos="WP">what</wf>
<wf cmd="ignore" pos="MD">could</wf>
<wf cmd="done" pos="VB" lemma="balance" wnsn="1" lexsn="2:42:00::">balance</wf>
<wf cmd="ignore" pos="DT">a</wf>
<wf cmd="tag" pos="NN">job</wf>
<wf cmd="ignore" pos="IN">for</wf>
<wf cmd="tag" pos="NN">life</wf>
<punc>.</punc>
</s>
</p>
<p pnum="23">
<s snum="62">
<wf cmd="tag" pos="JJ">Additional</wf>
<wf cmd="tag" pos="NN">information</wf>
<wf cmd="done" pos="VB" lemma="supply" wnsn="1" lexsn="2:40:00::">supplied</wf>
<wf cmd="ignore" pos="TO">to</wf>
<wf cmd="ignore" pos="PRP">us</wf>
<wf cmd="done" pos="VB" lemma="disclose" wnsn="1" lexsn="2:32:00::">discloses</wf>
<wf cmd="ignore" pos="IN">that</wf>
<wf cmd="ignore" pos="DT">the</wf>
<wf cmd="tag" pos="NN">railroad</wf>
<wf cmd="done" pos="VB" lemma="gain" wnsn="1" lexsn="2:40:03::">gained</wf>
<wf cmd="ignore" pos="DT">a</wf>
<wf cmd="tag" pos="JJ">stabilized</wf>
<wf cmd="tag" pos="NN">supply</wf>
<wf cmd="ignore" pos="IN">of</wf>
<wf cmd="tag" pos="NNS">telegraphers</wf>
<wf cmd="tag" pos="RB">of_which</wf>
<wf cmd="ignore" pos="PRP">it</wf>
<wf cmd="done" pos="VB" lemma="be" wnsn="1" lexsn="2:42:03::">was</wf>
<wf cmd="ignore" pos="IN">in</wf>
<wf cmd="tag" pos="NN">need</wf>
<punc>.</punc>
</s>
<s snum="63">
<wf cmd="tag" pos="RB">Also</wf>
<punc>,</punc>
<wf cmd="tag" pos="JJ">normal</wf>
<wf cmd="tag" pos="JJ">personal</wf>
<wf cmd="tag" pos="NN">attrition</wf>
<wf cmd="ignore" pos="MD">would</wf>
<wf cmd="done" pos="VB" lemma="make" wnsn="2" lexsn="2:30:00::">make</wf>
<wf cmd="ignore" pos="DT">the</wf>
<wf cmd="tag" pos="NN">job</wf>
<wf cmd="tag" pos="NN">reduction</wf>
<wf cmd="tag" pos="NN">provision</wf>
<wf cmd="tag" pos="RB">more_or_less</wf>
<wf cmd="tag" pos="JJ">academic</wf>
<punc>.</punc>
</s>
</p>
<p pnum="24">
<s snum="64">
<wf cmd="ignore" pos="DT">The</wf>
<wf cmd="tag" pos="NN">situation</wf>
<wf cmd="ignore" pos="IN">with</wf>
<wf cmd="tag" pos="NN">regard_to</wf>
<wf cmd="ignore" pos="DT">the</wf>
<wf cmd="tag" pos="NNP">Southern_Pacific</wf>
<wf cmd="done" pos="VB" lemma="be" wnsn="1" lexsn="2:42:03::">was</wf>
<wf cmd="tag" pos="RB">therefore</wf>
<wf cmd="ignore" pos="DT">a</wf>
<wf cmd="tag" pos="JJ">special</wf>
<wf cmd="tag" pos="CD">one</wf>
<wf cmd="ignore" pos="CC">and</wf>
<wf cmd="tag" pos="RB">not</wf>
<wf cmd="tag" pos="RB">necessarily</wf>
<wf cmd="tag" pos="JJ">applicable</wf>
<wf cmd="ignore" pos="TO">to</wf>
<wf cmd="tag" pos="JJ">other</wf>
<wf cmd="tag" pos="NNS">situations</wf>
<wf cmd="ignore" pos="IN">in</wf>
<wf cmd="tag" pos="JJ">other</wf>
<wf cmd="tag" pos="NNS">industries</wf>
<punc>.</punc>
</s>
<s snum="65">
<wf cmd="ignore" pos="DT">The</wf>
<wf cmd="tag" pos="NN">solution</wf>
<wf cmd="done" pos="VB" lemma="reach" wnsn="5" lexsn="2:41:00::">reached</wf>
<wf cmd="ignore" pos="IN">in</wf>
<wf cmd="ignore" pos="DT">the</wf>
<wf cmd="tag" pos="NN">agreement</wf>
<wf cmd="done" pos="VB" lemma="be" wnsn="1" lexsn="2:42:03::">was</wf>
<wf cmd="tag" pos="RBR">more</wf>
<wf cmd="tag" pos="JJ">acceptable</wf>
<wf cmd="ignore" pos="TO">to</wf>
<wf cmd="ignore" pos="DT">the</wf>
<wf cmd="tag" pos="NN">railroad</wf>
<wf cmd="ignore" pos="IN">than</wf>
<wf cmd="ignore" pos="IN">that</wf>
<wf cmd="tag" pos="RB">originally</wf>
<wf cmd="done" pos="VB" lemma="include" wnsn="2" lexsn="2:31:00::">included</wf>
<wf cmd="tag" pos="RB">in_a_series</wf>
<wf cmd="ignore" pos="IN">of</wf>
<wf cmd="tag" pos="NN">union</wf>
<wf cmd="tag" pos="NNS">demands</wf>
<punc>.</punc>
</s>
</p>
<p pnum="25">
<s snum="66">
<wf cmd="tag" pos="NNP">Time</wf>
<wf cmd="done" pos="VB" lemma="be" wnsn="4" lexsn="2:42:00::">was</wf>
<wf cmd="ignore" pos="WRB">when</wf>
<wf cmd="ignore" pos="DT">the</wf>
<wf cmd="tag" pos="NN">house</wf>
<wf cmd="ignore" pos="IN">of</wf>
<wf cmd="tag" pos="NNS">delegates</wf>
<wf cmd="ignore" pos="IN">of</wf>
<wf cmd="ignore" pos="DT">the</wf>
<wf cmd="tag" pos="NNP">American_Bar</wf>
<wf cmd="tag" pos="NN">association</wf>
<wf cmd="done" pos="VB" lemma="lean" wnsn="3" lexsn="2:42:01::">leaned</wf>
<wf cmd="ignore" pos="TO">to</wf>
<wf cmd="ignore" pos="DT">the</wf>
<wf cmd="tag" pos="NN">common_sense</wf>
<wf cmd="tag" pos="NN">side</wf>
<punc>.</punc>
</s>
<s snum="67">
<wf cmd="ignore" pos="CC">But</wf>
<wf cmd="ignore" pos="DT">the</wf>
<wf cmd="tag" pos="NNS">internationalists</wf>
<wf cmd="done" pos="VBP" ot="notag">have</wf>
<wf cmd="done" pos="VB" lemma="take_over" wnsn="1" lexsn="2:40:07::">taken_over</wf>
<wf cmd="ignore" pos="DT">the</wf>
<wf cmd="tag" pos="JJ">governing</wf>
<wf cmd="tag" pos="NN">body</wf>
<wf cmd="ignore" pos="IN">of</wf>
<wf cmd="ignore" pos="DT">the</wf>
<wf cmd="tag" pos="NN">bar</wf>
<punc>,</punc>
<wf cmd="ignore" pos="CC">and</wf>
<wf cmd="ignore" pos="WRB">when</wf>
<wf cmd="ignore" pos="DT">the</wf>
<wf cmd="tag" pos="NNS">lads</wf>
<wf cmd="done" pos="VB" lemma="meet" wnsn="2" lexsn="2:41:01::">met</wf>
<wf cmd="ignore" pos="IN">in</wf>
<wf cmd="tag" pos="NN">St._Louis</wf>
<punc>,</punc>
<wf cmd="ignore" pos="PRP">it</wf>
<wf cmd="done" pos="VBD" ot="notag">was</wf>
<wf cmd="tag" pos="RB">not</wf>
<wf cmd="ignore" pos="TO">to</wf>
<wf cmd="done" pos="VB" lemma="grumble" wnsn="1" lexsn="2:32:01::">grumble</wf>
<wf cmd="ignore" pos="IN">about</wf>
<wf cmd="ignore" pos="DT">the</wf>
<wf cmd="tag" pos="NN">humidity</wf>
<wf cmd="ignore" pos="CC">but</wf>
<wf cmd="ignore" pos="TO">to</wf>
<wf cmd="done" pos="VB" lemma="vote" wnsn="1" lexsn="2:41:13::">vote</wf>
<wf cmd="tag" pos="RB">unanimously</wf>
<wf cmd="ignore" pos="IN">that</wf>
<wf cmd="ignore" pos="DT">the</wf>
<wf cmd="tag" pos="NN">United_Nations</wf>
<wf cmd="done" pos="VB" lemma="be" wnsn="1" lexsn="2:42:03::">was</wf>
<wf cmd="tag" pos="RB">scarcely</wf>
<wf cmd="tag" pos="RB">less_than</wf>
<wf cmd="tag" pos="JJ">wonderful</wf>
<punc>,</punc>
<wf cmd="ignore" pos="IN">despite</wf>
<wf cmd="ignore" pos="DT">an</wf>
<wf cmd="tag" pos="NN">imperfection</wf>
<wf cmd="tag" pos="RB">here_and_there</wf>
<punc>.</punc>
</s>
</p>
<p pnum="26">
<s snum="68">
<wf cmd="ignore" pos="PRP">It</wf>
<wf cmd="done" pos="VB" lemma="be" wnsn="2" lexsn="2:42:06::">was</wf>
<punc>,</punc>
<wf cmd="ignore" pos="DT">the</wf>
<wf cmd="tag" pos="JJ">brief</wf>
<wf cmd="tag" pos="NNS">writers</wf>
<wf cmd="done" pos="VB" lemma="decide" wnsn="1" lexsn="2:31:00::">decided</wf>
<punc>,</punc>
<punc>``</punc>
<wf cmd="tag" pos="NN">man</wf>
<wf cmd="ignore" pos="POS">'s</wf>
<wf cmd="tag" pos="JJS">best</wf>
<wf cmd="tag" pos="NN">hope</wf>
<wf cmd="ignore" pos="IN">for</wf>
<wf cmd="ignore" pos="DT">a</wf>
<wf cmd="tag" pos="JJ">peaceful</wf>
<wf cmd="ignore" pos="CC">and</wf>
<wf cmd="tag" pos="NN">law</wf>
<wf cmd="tag" pos="JJ">abiding</wf>
<wf cmd="tag" pos="NN">world</wf>
<punc>''</punc>
<punc>.</punc>
</s>
<s snum="69">
<wf cmd="tag" pos="NNP">Peace</wf>
<punc>,</punc>
<wf cmd="ignore" pos="PRP">it</wf>
<wf cmd="done" rdf="is" pos="VB" lemma="be" wnsn="1" lexsn="2:42:03::">'s</wf>
<wf cmd="tag" pos="JJ">wonderful</wf>
<punc>,</punc>
<wf cmd="ignore" pos="CC">and</wf>
<punc>``</punc>
<wf cmd="tag" pos="NN">world</wf>
<wf cmd="tag" pos="NN">law</wf>
<punc>''</punc>
<punc>,</punc>
<wf cmd="ignore" pos="PRP">it</wf>
<wf cmd="done" rdf="is" pos="VB" lemma="be" wnsn="1" lexsn="2:42:03::">'s</wf>
<wf cmd="tag" pos="JJ">wonderful</wf>
<punc>,</punc>
<wf cmd="tag" pos="RB">too</wf>
<punc>,</punc>
<wf cmd="ignore" pos="CC">and</wf>
<wf cmd="ignore" pos="MD">should</wf>
<wf cmd="tag" pos="RB">n't</wf>
<wf cmd="ignore" pos="PRP">we</wf>
<wf cmd="done" pos="VB" lemma="get" wnsn="1" lexsn="2:40:00::">get</wf>
<wf cmd="ignore" pos="DT">an</wf>
<wf cmd="tag" pos="JJ">international</wf>
<wf cmd="tag" pos="NN">covenant</wf>
<wf cmd="done" pos="VB" lemma="extend" wnsn="1" lexsn="2:30:01::">extending</wf>
<wf cmd="ignore" pos="PRP">it</wf>
<wf cmd="ignore" pos="IN">into</wf>
<wf cmd="tag" pos="NN">space</wf>
<punc>,</punc>
<wf cmd="ignore" pos="IN">before</wf>
<wf cmd="ignore" pos="DT">the</wf>
<wf cmd="tag" pos="NNPS">Russians</wf>
<wf cmd="done" pos="VB" lemma="put" wnsn="1" lexsn="2:35:00::">put</wf>
<wf cmd="ignore" pos="DT">some</wf>
<wf cmd="tag" pos="NN">claim</wf>
<wf cmd="tag" pos="NN">jumper</wf>
<wf cmd="ignore" pos="IN">on</wf>
<wf cmd="ignore" pos="DT">the</wf>
<wf cmd="tag" pos="NN">moon</wf>
<punc>?</punc>
</s>
</p>
<p pnum="27">
<s snum="70">
<wf cmd="tag" pos="RB">Meanwhile</wf>
<punc>,</punc>
<wf cmd="ignore" pos="IN">in</wf>
<wf cmd="tag" pos="NNP">Moscow</wf>
<punc>,</punc>
<wf cmd="tag" pos="NNP">Khrushchev</wf>
<wf cmd="done" pos="VBD" ot="notag">was</wf>
<wf cmd="done" pos="VB" lemma="add" wnsn="1" lexsn="2:30:00::">adding</wf>
<wf cmd="ignore" pos="PRP$">his</wf>
<wf cmd="tag" pos="NN">bit</wf>
<wf cmd="ignore" pos="TO">to</wf>
<wf cmd="ignore" pos="DT">the</wf>
<wf cmd="tag" pos="NN">march</wf>
<wf cmd="ignore" pos="IN">of</wf>
<wf cmd="tag" pos="NN">world</wf>
<wf cmd="tag" pos="NN">law</wf>
<wf cmd="ignore" pos="IN">by</wf>
<wf cmd="done" pos="VB" lemma="promise" wnsn="1" lexsn="2:32:00::">promising</wf>
<wf cmd="ignore" pos="TO">to</wf>
<wf cmd="done" pos="VB" lemma="build" wnsn="1" lexsn="2:36:00::">build</wf>
<wf cmd="ignore" pos="DT">a</wf>
<wf cmd="tag" pos="NN">bomb</wf>
<wf cmd="ignore" pos="IN">with</wf>
<wf cmd="ignore" pos="DT">a</wf>
<wf cmd="tag" pos="NN">wallop</wf>
<wf cmd="tag" pos="JJ">equal_to</wf>
<wf cmd="tag" pos="CD">100</wf>
<wf cmd="tag" pos="CD">million</wf>
<wf cmd="tag" pos="NNS">tons</wf>
<wf cmd="ignore" pos="IN">of</wf>
<wf cmd="tag" pos="NNP">TNT</wf>
<punc>,</punc>
<wf cmd="ignore" pos="TO">to</wf>
<wf cmd="done" pos="VB" ot="metaphor">knock</wf>
<wf cmd="tag" pos="NN">sense</wf>
<wf cmd="ignore" pos="IN">into</wf>
<wf cmd="ignore" pos="DT">the</wf>
<wf cmd="tag" pos="NNS">heads</wf>
<wf cmd="ignore" pos="IN">of</wf>
<wf cmd="ignore" pos="DT">those</wf>
<wf cmd="tag" pos="JJ">backward</wf>
<wf cmd="tag" pos="NNS">oafs</wf>
<wf cmd="ignore" pos="WP">who</wf>
<wf cmd="ignore" pos="MD">can</wf>
<wf cmd="tag" pos="RB">n't</wf>
<wf cmd="done" pos="VB" lemma="see" wnsn="2" lexsn="2:31:01::">see</wf>
<wf cmd="ignore" pos="DT">the</wf>
<wf cmd="tag" pos="NN">justice</wf>
<wf cmd="ignore" pos="IN">of</wf>
<wf cmd="done" pos="VB" lemma="surrender" wnsn="2" lexsn="2:40:00::">surrendering</wf>
<wf cmd="tag" pos="NN">West_Berlin</wf>
<wf cmd="ignore" pos="TO">to</wf>
<wf cmd="tag" pos="NN">communism</wf>
<punc>.</punc>
</s>
</p>
<p pnum="28">
<s snum="71">
<wf cmd="ignore" pos="DT">A</wf>
<wf cmd="tag" pos="JJ">nuclear</wf>
<wf cmd="tag" pos="NN">pacifier</wf>
<wf cmd="ignore" pos="IN">of</wf>
<wf cmd="ignore" pos="DT">these</wf>
<wf cmd="tag" pos="NNS">dimensions</wf>
<punc>-</punc>
<wf cmd="tag" pos="RB">roughly</wf>
<wf cmd="ignore" pos="DT">some</wf>
<wf cmd="tag" pos="CD">six</wf>
<wf cmd="ignore" pos="CC">and</wf>
<wf cmd="ignore" pos="DT">a</wf>
<wf cmd="tag" pos="NN">half_times</wf>
<wf cmd="tag" pos="JJR">bigger</wf>
<wf cmd="ignore" pos="IN">than</wf>
<wf cmd="tag" pos="NN">anything</wf>
<wf cmd="ignore" pos="DT">the</wf>
<wf cmd="tag" pos="NN">United_States</wf>
<wf cmd="done" pos="VBZ" ot="notag">has</wf>
<wf cmd="done" pos="VB" lemma="trigger" wnsn="2" lexsn="2:33:00::">triggered</wf>
<wf cmd="tag" pos="RB">experimentally</wf>
<punc>-</punc>
<wf cmd="ignore" pos="MD">would</wf>
<wf cmd="tag" pos="RB">certainly</wf>
<wf cmd="done" pos="VB" lemma="produce" wnsn="1" lexsn="2:36:02::">produce</wf>
<wf cmd="ignore" pos="DT">a</wf>
<wf cmd="tag" pos="JJR">bigger</wf>
<wf cmd="tag" pos="NN">bang</wf>
<punc>,</punc>
<wf cmd="ignore" pos="CC">and</wf>
<punc>,</punc>
<wf cmd="tag" pos="RB">just</wf>
<wf cmd="ignore" pos="IN">for</wf>
<wf cmd="tag" pos="NN">kicks</wf>
<punc>,</punc>
<wf cmd="tag" pos="NNP">Khrushchev</wf>
<wf cmd="ignore" pos="MD">might</wf>
<wf cmd="done" pos="VB" lemma="use" wnsn="1" lexsn="2:34:01::">use</wf>
<wf cmd="ignore" pos="PRP">it</wf>
<wf cmd="ignore" pos="TO">to</wf>
<wf cmd="done" pos="VB" lemma="propel" wnsn="1" lexsn="2:35:00::">propel</wf>
<wf cmd="ignore" pos="DT">the</wf>
<wf cmd="tag" pos="NN">seminar</wf>
<wf cmd="ignore" pos="IN">of</wf>
<wf cmd="ignore" pos="DT">the</wf>
<wf cmd="tag" pos="NN">house</wf>
<wf cmd="ignore" pos="IN">of</wf>
<wf cmd="tag" pos="NNS">delegates</wf>
<wf cmd="ignore" pos="IN">from</wf>
<wf cmd="tag" pos="NN">St._Louis</wf>
<wf cmd="ignore" pos="TO">to</wf>
<wf cmd="ignore" pos="DT">the</wf>
<wf cmd="tag" pos="NN">moon</wf>
<punc>,</punc>
<wf cmd="ignore" pos="WRB">where</wf>
<wf cmd="ignore" pos="EX">there</wf>
<wf cmd="ignore" pos="MD">would</wf>
<wf cmd="tag" pos="RB">n't</wf>
<wf cmd="tag" pos="RB">even</wf>
<wf cmd="done" pos="VB" lemma="be" wnsn="3" lexsn="2:42:05::">be</wf>
<wf cmd="ignore" pos="DT">any</wf>
<wf cmd="tag" pos="NN">beer</wf>
<wf cmd="ignore" pos="TO">to</wf>
<wf cmd="done" pos="VB" lemma="drink" wnsn="1" lexsn="2:34:00::">drink</wf>
<punc>.</punc>
</s>
</p>
<p pnum="29">
<s snum="72">
<wf cmd="ignore" pos="IN">While</wf>
<wf cmd="ignore" pos="PRP">he</wf>
<wf cmd="done" pos="VB" lemma="be" wnsn="1" lexsn="2:42:03::">was</wf>
<wf cmd="ignore" pos="IN">at</wf>
<wf cmd="ignore" pos="PRP">it</wf>
<punc>,</punc>
<wf cmd="ignore" pos="DT">the</wf>
<wf cmd="tag" pos="NN">philosopher</wf>
<wf cmd="ignore" pos="IN">of</wf>
<wf cmd="ignore" pos="DT">the</wf>
<wf cmd="tag" pos="NNP">Kremlin</wf>
<wf cmd="done" pos="VB" lemma="contribute" wnsn="1" lexsn="2:40:01::">contributed</wf>
<wf cmd="ignore" pos="DT">an</wf>
<wf cmd="tag" pos="JJ">additional</wf>
<wf cmd="tag" pos="NN">assist</wf>
<wf cmd="ignore" pos="TO">to</wf>
<wf cmd="ignore" pos="DT">the</wf>
<wf cmd="tag" pos="NN">rule</wf>
<wf cmd="ignore" pos="IN">of</wf>
<wf cmd="tag" pos="NN">reason</wf>
<wf cmd="ignore" pos="IN">by</wf>
<wf cmd="done" pos="VB" lemma="bellow" wnsn="1" lexsn="2:32:00::">bellowing</wf>
<wf cmd="ignore" pos="IN">at</wf>
<wf cmd="ignore" pos="DT">those</wf>
<wf cmd="ignore" pos="IN">in</wf>
<wf cmd="ignore" pos="DT">the</wf>
<wf cmd="tag" pos="NN">west</wf>
<wf cmd="ignore" pos="WP">who</wf>
<wf cmd="ignore" pos="MD">can</wf>
<wf cmd="tag" pos="RB">n't</wf>
<wf cmd="done" pos="VB" lemma="appreciate" wnsn="1" lexsn="2:37:00::">appreciate</wf>
<wf cmd="tag" pos="NN">coexistence</wf>
<wf cmd="tag" pos="NN">thru</wf>
<wf cmd="tag" pos="NN">suicide</wf>
<punc>.</punc>
</s>
</p>
<p pnum="30">
<s snum="73">
<punc>``</punc>
<wf cmd="tag" pos="NNS">Fools</wf>
<punc>''</punc>
<punc>,</punc>
<wf cmd="ignore" pos="PRP">he</wf>
<wf cmd="done" pos="VB" lemma="bay" wnsn="1" lexsn="2:32:01::">bayed</wf>
<punc>,</punc>
<punc>``</punc>
<wf cmd="ignore" pos="WP">what</wf>
<wf cmd="done" pos="VBP" ot="notag">do</wf>
<wf cmd="ignore" pos="PRP">you</wf>
<wf cmd="done" pos="VB" lemma="think" wnsn="2" lexsn="2:31:03::">think</wf>
<wf cmd="ignore" pos="PRP">you</wf>
<wf cmd="done" pos="VBP" ot="notag">are</wf>
<wf cmd="done" pos="VB" lemma="do" wnsn="2" lexsn="2:36:01::">doing</wf>
<punc>''</punc>
<punc>?</punc>
</s>
</p>
<p pnum="31">
<s snum="74">
<wf cmd="ignore" pos="DT">The</wf>
<wf cmd="tag" pos="JJ">only</wf>
<wf cmd="tag" pos="NN">response</wf>
<wf cmd="ignore" pos="PRP">we</wf>
<wf cmd="ignore" pos="MD">can</wf>
<wf cmd="done" pos="VB" lemma="think_of" wnsn="5" lexsn="2:36:00::">think_of</wf>
<wf cmd="done" pos="VB" lemma="be" wnsn="2" lexsn="2:42:06::">is</wf>
<wf cmd="ignore" pos="DT">the</wf>
<wf cmd="tag" pos="JJ">humble</wf>
<wf cmd="tag" pos="CD">one</wf>
<wf cmd="ignore" pos="IN">that</wf>
<wf cmd="tag" pos="RB">at_least</wf>
<wf cmd="ignore" pos="PRP">we</wf>
<wf cmd="done" pos="VBP" ot="notag">are</wf>
<wf cmd="tag" pos="RB">n't</wf>
<wf cmd="done" pos="VB" lemma="play" wnsn="7" lexsn="2:36:01::">playing</wf>
<wf cmd="ignore" pos="DT">the</wf>
<wf cmd="tag" pos="NN">marimba</wf>
<wf cmd="ignore" pos="IN">with</wf>
<wf cmd="ignore" pos="PRP$">our</wf>
<wf cmd="tag" pos="NNS">shoes</wf>
<wf cmd="ignore" pos="IN">in</wf>
<wf cmd="ignore" pos="DT">the</wf>
<wf cmd="tag" pos="NN">United_Nations</wf>
<punc>,</punc>
<wf cmd="ignore" pos="CC">but</wf>
<wf cmd="tag" pos="RB">perhaps</wf>
<wf cmd="ignore" pos="DT">the</wf>
<wf cmd="tag" pos="JJ">heavy</wf>
<wf cmd="tag" pos="NNS">domes</wf>
<wf cmd="ignore" pos="IN">in</wf>
<wf cmd="ignore" pos="DT">the</wf>
<wf cmd="tag" pos="NN">house</wf>
<wf cmd="ignore" pos="IN">of</wf>
<wf cmd="tag" pos="NNS">delegates</wf>
<wf cmd="ignore" pos="MD">can</wf>
<wf cmd="done" pos="VB" lemma="improve" wnsn="1" lexsn="2:30:01::">improve</wf>
<wf cmd="ignore" pos="IN">on</wf>
<wf cmd="ignore" pos="DT">this</wf>
<wf cmd="tag" pos="JJ">feeble</wf>
<wf cmd="tag" pos="NN">effort</wf>
<punc>.</punc>
</s>
</p>
<p pnum="32">
<s snum="75">
<wf cmd="ignore" pos="DT">Another</wf>
<wf cmd="tag" pos="NN">evidence</wf>
<wf cmd="ignore" pos="IN">of</wf>
<wf cmd="ignore" pos="DT">the</wf>
<wf cmd="tag" pos="JJ">spreading</wf>
<wf cmd="tag" pos="NN">rule</wf>
<wf cmd="ignore" pos="IN">of</wf>
<wf cmd="tag" pos="NN">reason</wf>
<wf cmd="done" pos="VBD" ot="notag">was</wf>
<wf cmd="done" pos="VB" lemma="provide" wnsn="4" lexsn="2:41:00::">provided</wf>
<wf cmd="ignore" pos="IN">from</wf>
<wf cmd="tag" pos="NN">Mexico_City</wf>
<wf cmd="ignore" pos="IN">with</wf>
<wf cmd="ignore" pos="DT">the</wf>
<wf cmd="tag" pos="JJ">daily</wf>
<wf cmd="tag" pos="NN">hijacking</wf>
<wf cmd="ignore" pos="IN">of</wf>
<wf cmd="ignore" pos="DT">an</wf>
<wf cmd="tag" pos="NN">American_plane</wf>
<wf cmd="ignore" pos="IN">by</wf>
<wf cmd="ignore" pos="DT">a</wf>
<wf cmd="tag" pos="JJ">demented</wf>
<wf cmd="tag" pos="JJ">Algerian</wf>
<wf cmd="ignore" pos="IN">with</wf>
<wf cmd="ignore" pos="DT">a</wf>
<wf cmd="tag" pos="NN">gun</wf>
<punc>.</punc>
</s>
<s snum="76">
<wf cmd="ignore" pos="DT">The</wf>
<wf cmd="tag" pos="NN">craft</wf>
<wf cmd="done" pos="VB" lemma="make" wnsn="1" lexsn="2:41:00::">made</wf>
<wf cmd="ignore" pos="DT">the</wf>
<wf cmd="tag" pos="JJ">familiar</wf>
<wf cmd="tag" pos="JJ">unwelcome</wf>
<wf cmd="tag" pos="NN">flight</wf>
<wf cmd="ignore" pos="TO">to</wf>
<wf cmd="tag" pos="NNP">Havana</wf>
<punc>,</punc>
<wf cmd="ignore" pos="WRB">where</wf>
<punc>,</punc>
<wf cmd="ignore" pos="IN">for</wf>
<wf cmd="ignore" pos="DT">some</wf>
<wf cmd="tag" pos="JJ">unknown</wf>
<wf cmd="tag" pos="NN">reason</wf>
<punc>,</punc>
<wf cmd="tag" pos="NNP">Castro</wf>
<wf cmd="done" pos="VB" lemma="rush" wnsn="1" lexsn="2:38:00::">rushed</wf>
<wf cmd="ignore" pos="TO">to</wf>
<wf cmd="ignore" pos="DT">the</wf>
<wf cmd="tag" pos="NN">airport</wf>
<wf cmd="ignore" pos="TO">to</wf>
<wf cmd="done" pos="VB" lemma="express" wnsn="1" lexsn="2:32:01::">express</wf>
<wf cmd="tag" pos="NN">mortification</wf>
<wf cmd="ignore" pos="TO">to</wf>
<wf cmd="ignore" pos="DT">the</wf>
<wf cmd="tag" pos="JJ">Colombian</wf>
<wf cmd="tag" pos="NN">foreign_minister</wf>
<punc>,</punc>
<wf cmd="ignore" pos="DT">a</wf>
<wf cmd="tag" pos="NN">passenger</wf>
<punc>,</punc>
<wf cmd="ignore" pos="WP">who</wf>
<wf cmd="done" pos="VB" lemma="be" wnsn="2" lexsn="2:42:06::">is</wf>
<wf cmd="tag" pos="RB">not</wf>
<wf cmd="ignore" pos="DT">an</wf>
<wf cmd="tag" pos="NN">admirer</wf>
<wf cmd="ignore" pos="IN">of</wf>
<wf cmd="tag" pos="JJ">old</wf>
<wf cmd="tag" pos="CD">Ten</wf>
<wf cmd="tag" pos="NNP">O</wf>
<punc>'</punc>
<wf cmd="tag" pos="NNP">Clock_Shadow</wf>
<punc>.</punc>
</s>
<s snum="77">
<wf cmd="ignore" pos="DT">The</wf>
<wf cmd="tag" pos="NN">plane</wf>
<wf cmd="done" pos="VBD" ot="notag">was</wf>
<wf cmd="done" pos="VB" lemma="send" wnsn="1" lexsn="2:38:01::">sent</wf>
<wf cmd="tag" pos="RB">back</wf>
<wf cmd="ignore" pos="TO">to</wf>
<wf cmd="ignore" pos="DT">the</wf>
<wf cmd="tag" pos="NN">United_States</wf>
<punc>,</punc>
<wf cmd="ignore" pos="IN">for</wf>
<wf cmd="ignore" pos="DT">a</wf>
<wf cmd="tag" pos="NN">change</wf>
<punc>,</punc>
<wf cmd="ignore" pos="CC">but</wf>
<wf cmd="tag" pos="NNP">Castro</wf>
<wf cmd="done" pos="VB" lemma="keep" wnsn="3" lexsn="2:40:00::">kept</wf>
<wf cmd="ignore" pos="DT">the</wf>
<wf cmd="tag" pos="JJ">crazy</wf>
<wf cmd="tag" pos="NN">gunman</wf>
<punc>,</punc>
<wf cmd="ignore" pos="WP">who</wf>
<wf cmd="ignore" pos="MD">will</wf>
<wf cmd="done" pos="VB" lemma="prove" wnsn="1" lexsn="2:42:00::">prove</wf>
<wf cmd="ignore" pos="DT">a</wf>
<wf cmd="tag" pos="JJ">suitable</wf>
<wf cmd="tag" pos="NN">recruit</wf>
<wf cmd="ignore" pos="TO">to</wf>
<wf cmd="ignore" pos="DT">the</wf>
<wf cmd="tag" pos="NN">revolution</wf>
<punc>.</punc>
</s>
</p>
<p pnum="33">
<s snum="78">
<wf cmd="tag" pos="RBR">Less</wf>
<wf cmd="tag" pos="NN">respect</wf>
<wf cmd="ignore" pos="IN">for</wf>
<wf cmd="ignore" pos="DT">the</wf>
<wf cmd="tag" pos="JJ">legal</wf>
<wf cmd="tag" pos="NNS">conventions</wf>
<wf cmd="done" pos="VBD" ot="notag">was</wf>
<wf cmd="done" pos="VB" lemma="display" wnsn="1" lexsn="2:39:00::">displayed</wf>
<wf cmd="ignore" pos="IN">by</wf>
<wf cmd="tag" pos="NNP">Castro</wf>
<wf cmd="ignore" pos="POS">'s</wf>
<wf cmd="tag" pos="NN">right_hand</wf>
<wf cmd="tag" pos="NN">man</wf>
<punc>,</punc>
<wf cmd="tag" pos="NNP">Che_Guevara</wf>
<punc>,</punc>
<wf cmd="ignore" pos="WP">who</wf>
<wf cmd="done" pos="VB" lemma="edify" wnsn="1" lexsn="2:32:00::">edified</wf>
<wf cmd="ignore" pos="DT">the</wf>
<wf cmd="tag" pos="NNP">Inter-American</wf>
<wf cmd="tag" pos="NN">Economic_and_Social_council</wf>
<wf cmd="tag" pos="NN">meeting</wf>
<wf cmd="ignore" pos="IN">in</wf>
<wf cmd="tag" pos="NNP">Montevideo</wf>
<wf cmd="ignore" pos="IN">by</wf>
<wf cmd="done" pos="VB" lemma="read" wnsn="3" lexsn="2:31:01::">reading</wf>
<wf cmd="tag" pos="CD">two</wf>
<wf cmd="tag" pos="JJ">secret</wf>
<wf cmd="tag" pos="NNP">American</wf>
<wf cmd="tag" pos="NNS">documents</wf>
<wf cmd="done" pos="VB" lemma="purloin" wnsn="1" lexsn="2:40:00::">purloined</wf>
<wf cmd="ignore" pos="IN">from</wf>
<wf cmd="ignore" pos="DT">the</wf>
<wf cmd="tag" pos="NN">United_States</wf>
<wf cmd="tag" pos="NN">embassy</wf>
<wf cmd="ignore" pos="IN">at</wf>
<wf cmd="tag" pos="NNP">Caracas</wf>
<punc>,</punc>
<wf cmd="tag" pos="NNP">Venezuela</wf>
<punc>.</punc>
</s>
<s snum="79">
<wf cmd="ignore" pos="DT">The</wf>
<wf cmd="tag" pos="NNS">contents</wf>
<wf cmd="done" pos="VB" lemma="be" wnsn="1" lexsn="2:42:03::">were</wf>
<wf cmd="tag" pos="RB">highly</wf>
<wf cmd="tag" pos="JJ">embarrassing</wf>
<wf cmd="ignore" pos="TO">to</wf>
<wf cmd="tag" pos="NNP">American</wf>
<wf cmd="tag" pos="NNS">spokesmen</wf>
<punc>,</punc>
<wf cmd="ignore" pos="WP">who</wf>
<wf cmd="done" pos="VB" lemma="be" wnsn="1" lexsn="2:42:03::">were</wf>
<wf cmd="tag" pos="JJ">on_hand</wf>
<wf cmd="ignore" pos="TO">to</wf>
<wf cmd="done" pos="VB" lemma="promise" wnsn="2" lexsn="2:32:01::">promise</wf>
<wf cmd="tag" pos="NN">Latin_Americans</wf>
<wf cmd="ignore" pos="DT">a</wf>
<wf cmd="tag" pos="CD">20</wf>
<wf cmd="tag" pos="CD">billion</wf>
<wf cmd="tag" pos="NN">dollar</wf>
<wf cmd="tag" pos="JJ">foreign</wf>
<wf cmd="tag" pos="NN">aid</wf>
<wf cmd="tag" pos="NN">millennium</wf>
<punc>.</punc>
</s>
</p>
<p pnum="34">
<s snum="80">
<wf cmd="tag" pos="RB">Perhaps</wf>
<wf cmd="ignore" pos="DT">the</wf>
<wf cmd="tag" pos="NNS">moralities</wf>
<wf cmd="ignore" pos="IN">of</wf>
<wf cmd="tag" pos="NN">world</wf>
<wf cmd="tag" pos="NN">law</wf>
<wf cmd="done" pos="VBP" ot="notag">are</wf>
<wf cmd="tag" pos="RB">not</wf>
<wf cmd="done" pos="VB" lemma="advance" wnsn="7" lexsn="2:30:00::">advanced</wf>
<wf cmd="ignore" pos="IN">by</wf>
<wf cmd="done" pos="VB" lemma="steal" wnsn="1" lexsn="2:40:00::">stealing</wf>
<wf cmd="tag" pos="NNP">American</wf>
<wf cmd="tag" pos="JJ">diplomatic</wf>
<wf cmd="tag" pos="NNS">papers</wf>
<wf cmd="ignore" pos="CC">and</wf>
<wf cmd="tag" pos="NNS">planes</wf>
<punc>,</punc>
<wf cmd="ignore" pos="CC">but</wf>
<wf cmd="ignore" pos="DT">the</wf>
<wf cmd="tag" pos="NNP">Kennedy</wf>
<wf cmd="tag" pos="NN">administration</wf>
<wf cmd="ignore" pos="MD">can</wf>
<wf cmd="tag" pos="RB">always</wf>
<wf cmd="done" pos="VB" lemma="file" wnsn="1" lexsn="2:32:02::">file</wf>
<wf cmd="ignore" pos="DT">a</wf>
<wf cmd="tag" pos="NN">demurrer</wf>
<wf cmd="ignore" pos="TO">to</wf>
<wf cmd="ignore" pos="DT">the</wf>
<wf cmd="tag" pos="NN">effect</wf>
<wf cmd="tag" pos="RB">that</wf>
<punc>,</punc>
<wf cmd="ignore" pos="CC">but</wf>
<wf cmd="ignore" pos="IN">for</wf>
<wf cmd="ignore" pos="PRP$">its</wf>
<wf cmd="tag" pos="JJ">own</wf>
<wf cmd="tag" pos="NN">incompetence</wf>
<wf cmd="ignore" pos="IN">in</wf>
<wf cmd="done" pos="VB" lemma="protect" wnsn="1" lexsn="2:33:00::">protecting</wf>
<wf cmd="tag" pos="NNP">American</wf>
<wf cmd="tag" pos="NNS">interests</wf>
<punc>,</punc>
<wf cmd="ignore" pos="DT">these</wf>
<wf cmd="tag" pos="NNS">things</wf>
<wf cmd="ignore" pos="MD">would</wf>
<wf cmd="tag" pos="RB">not</wf>
<wf cmd="done" pos="VB" lemma="happen" wnsn="1" lexsn="2:30:00::">happen</wf>
<punc>.</punc>
</s>
<s snum="81">
<wf cmd="ignore" pos="DT">The</wf>
<wf cmd="tag" pos="JJ">same</wf>
<wf cmd="ignore" pos="MD">can</wf>
<wf cmd="done" pos="VB" ot="notag">be</wf>
<wf cmd="done" pos="VB" lemma="say" wnsn="1" lexsn="2:32:00::">said</wf>
<wf cmd="ignore" pos="IN">about</wf>
<wf cmd="ignore" pos="DT">the</wf>
<wf cmd="tag" pos="JJ">half-hearted</wf>
<wf cmd="tag" pos="JJ">Cuban</wf>
<wf cmd="tag" pos="NN">invasion</wf>
<wf cmd="done" pos="VB" lemma="mount" wnsn="4" lexsn="2:36:00::">mounted</wf>
<wf cmd="ignore" pos="IN">by</wf>
<wf cmd="ignore" pos="DT">the</wf>
<wf cmd="tag" pos="NN">administration</wf>
<wf cmd="tag" pos="JJ">last</wf>
<wf cmd="tag" pos="NNP">April</wf>
<punc>,</punc>
<wf cmd="ignore" pos="WDT">which</wf>
<punc>,</punc>
<wf cmd="ignore" pos="PRP">we</wf>
<wf cmd="done" pos="VB" lemma="trust" wnsn="1" lexsn="2:31:00::">trust</wf>
<punc>,</punc>
<wf cmd="done" pos="VB" lemma="be" wnsn="1" lexsn="2:42:03::">is</wf>
<wf cmd="tag" pos="RB">not</wf>
<wf cmd="tag" pos="JJ">symptomatic_of</wf>
<wf cmd="ignore" pos="DT">the</wf>
<wf cmd="tag" pos="NNS">methods</wf>
<wf cmd="ignore" pos="TO">to</wf>
<wf cmd="done" pos="VB" ot="notag">be</wf>
<wf cmd="done" pos="VB" lemma="invoke" wnsn="1" lexsn="2:36:00::">invoked</wf>
<wf cmd="ignore" pos="IN">in</wf>
<wf cmd="done" pos="VB" lemma="hold_off" wnsn="1" lexsn="2:33:00::">holding_off</wf>
<wf cmd="ignore" pos="DT">the</wf>
<wf cmd="tag" pos="JJ">felonious</wf>
<wf cmd="tag" pos="NNP">Khrushchev</wf>
<punc>.</punc>
</s>
</p>
<p pnum="35">
<s snum="82">
<wf cmd="done" pos="VB" lemma="pass" wnsn="5" lexsn="2:40:00::">Pass</wf>
<wf cmd="ignore" pos="DT">the</wf>
<wf cmd="tag" pos="NN">iron</wf>
<wf cmd="tag" pos="NNS">rations</wf>
<punc>,</punc>
<wf cmd="tag" pos="RB">please</wf>
<punc>,</punc>
<wf cmd="ignore" pos="CC">and</wf>
<wf cmd="done" pos="VB" lemma="light" wnsn="2" lexsn="2:34:00::">light</wf>
<wf cmd="ignore" pos="DT">another</wf>
<wf cmd="tag" pos="NN">candle</wf>
<punc>,</punc>
<wf cmd="ignore" pos="IN">for</wf>
<wf cmd="ignore" pos="PRP">it</wf>
<wf cmd="done" pos="VBZ" ot="notag">'s</wf>
<wf cmd="done" pos="VB" lemma="get" wnsn="2" lexsn="2:30:00::">getting</wf>
<wf cmd="tag" pos="JJ">dark</wf>
<wf cmd="tag" pos="RB">down</wf>
<wf cmd="tag" pos="RB">here</wf>
<wf cmd="ignore" pos="CC">and</wf>
<wf cmd="ignore" pos="PRP">we</wf>
<wf cmd="done" rdf="are" pos="VB" lemma="be" wnsn="1" lexsn="2:42:03::">'re</wf>
<wf cmd="tag" pos="JJ">minded</wf>
<wf cmd="ignore" pos="TO">to</wf>
<wf cmd="done" pos="VB" lemma="read" wnsn="1" lexsn="2:31:00::">read</wf>
<wf cmd="tag" pos="RB">a_bit</wf>
<wf cmd="ignore" pos="IN">of</wf>
<wf cmd="tag" pos="NN">world</wf>
<wf cmd="tag" pos="NN">law</wf>
<wf cmd="tag" pos="RB">just</wf>
<wf cmd="ignore" pos="TO">to</wf>
<wf cmd="done" pos="VB" lemma="pass" wnsn="10" lexsn="2:42:00::">pass</wf>
<wf cmd="ignore" pos="DT">the</wf>
<wf cmd="tag" pos="NN">time</wf>
<wf cmd="tag" pos="RB">away</wf>
<punc>.</punc>
</s>
</p>
<p pnum="36">
<s snum="83">
<wf cmd="ignore" pos="DT">The</wf>
<wf cmd="tag" pos="NN">board</wf>
<wf cmd="ignore" pos="IN">of</wf>
<wf cmd="tag" pos="NN">suspension</wf>
<wf cmd="ignore" pos="IN">of</wf>
<wf cmd="ignore" pos="DT">the</wf>
<wf cmd="tag" pos="NNP">Interstate_Commerce</wf>
<wf cmd="tag" pos="NN">commission</wf>
<wf cmd="done" pos="VBZ" ot="notag">has</wf>
<wf cmd="done" pos="VB" lemma="order" wnsn="1" lexsn="2:32:01::">ordered</wf>
<wf cmd="ignore" pos="DT">a</wf>
<wf cmd="tag" pos="NN">group</wf>
<wf cmd="ignore" pos="IN">of</wf>
<wf cmd="tag" pos="NNS">railroads</wf>
<wf cmd="tag" pos="RB">not</wf>
<wf cmd="ignore" pos="TO">to</wf>
<wf cmd="done" pos="VB" lemma="reduce" wnsn="1" lexsn="2:30:00::">reduce</wf>
<wf cmd="ignore" pos="PRP$">their</wf>
<wf cmd="tag" pos="NN">freight_rates</wf>
<wf cmd="ignore" pos="IN">on</wf>
<wf cmd="tag" pos="NN">grain</wf>
<punc>,</punc>
<wf cmd="ignore" pos="IN">as</wf>
<wf cmd="ignore" pos="PRP">they</wf>
<wf cmd="done" pos="VBD" ot="notag">had</wf>
<wf cmd="done" pos="VB" lemma="plan" wnsn="1" lexsn="2:31:01::">planned</wf>
<wf cmd="ignore" pos="TO">to</wf>
<wf cmd="done" pos="VB" ot="notag">do</wf>
<wf cmd="ignore" pos="DT">this</wf>
<wf cmd="tag" pos="NN">month</wf>
<punc>.</punc>
</s>
</p>
<p pnum="37">
<s snum="84">
<wf cmd="ignore" pos="DT">The</wf>
<wf cmd="tag" pos="NN">request</wf>
<wf cmd="ignore" pos="IN">for</wf>
<wf cmd="tag" pos="JJR">lower</wf>
<wf cmd="tag" pos="NNS">rates</wf>
<wf cmd="done" pos="VB" lemma="originate" wnsn="1" lexsn="2:42:00::">originated</wf>
<wf cmd="ignore" pos="IN">with</wf>
<wf cmd="ignore" pos="DT">the</wf>
<wf cmd="tag" pos="NNP">Southern</wf>
<wf cmd="tag" pos="NN">railway</wf>
<punc>,</punc>
<wf cmd="ignore" pos="WDT">which</wf>
<wf cmd="done" pos="VBZ" ot="notag">has</wf>
<wf cmd="done" pos="VB" lemma="spend" wnsn="1" lexsn="2:42:00::">spent</wf>
<wf cmd="ignore" pos="DT">a</wf>
<wf cmd="tag" pos="NN">good_deal</wf>
<wf cmd="ignore" pos="IN">of</wf>
<wf cmd="tag" pos="NN">time</wf>
<wf cmd="ignore" pos="CC">and</wf>
<wf cmd="tag" pos="NN">money</wf>
<wf cmd="done" pos="VB" lemma="develop" wnsn="1" lexsn="2:36:01::">developing</wf>
<wf cmd="ignore" pos="DT">a</wf>
<wf cmd="tag" pos="CD">100</wf>
<punc>-</punc>
<wf cmd="tag" pos="NN">ton</wf>
<wf cmd="tag" pos="NN">hopper</wf>
<wf cmd="tag" pos="NN">car</wf>
<wf cmd="ignore" pos="IN">with</wf>
<wf cmd="ignore" pos="WDT">which</wf>
<wf cmd="ignore" pos="PRP">it</wf>
<wf cmd="done" pos="VB" lemma="say" wnsn="1" lexsn="2:32:00::">says</wf>
<wf cmd="ignore" pos="PRP">it</wf>
<wf cmd="ignore" pos="MD">can</wf>
<wf cmd="done" pos="VB" lemma="move" wnsn="2" lexsn="2:38:01::">move</wf>
<wf cmd="tag" pos="NN">grain</wf>
<wf cmd="ignore" pos="IN">at</wf>
<wf cmd="tag" pos="RB">about</wf>
<wf cmd="tag" pos="NN">half</wf>
<wf cmd="ignore" pos="WP">what</wf>
<wf cmd="ignore" pos="PRP">it</wf>
<wf cmd="done" pos="VB" lemma="cost" wnsn="1" lexsn="2:42:00::">costs</wf>
<wf cmd="ignore" pos="IN">in</wf>
<wf cmd="ignore" pos="DT">the</wf>
<wf cmd="tag" pos="JJ">conventional</wf>
<punc>,</punc>
<wf cmd="tag" pos="JJR">smaller</wf>
<wf cmd="tag" pos="NN">car</wf>
<punc>.</punc>
</s>
<s snum="85">
<wf cmd="ignore" pos="IN">By</wf>
<wf cmd="done" pos="VB" lemma="reduce" wnsn="1" lexsn="2:30:00::">reducing</wf>
<wf cmd="tag" pos="NNS">rates</wf>
<wf cmd="ignore" pos="IN">as</wf>
<wf cmd="tag" pos="RB">much_as</wf>
<wf cmd="tag" pos="CD">60</wf>
<wf cmd="tag" pos="NN">per_cent</wf>
<punc>,</punc>
<wf cmd="ignore" pos="PRP">it</wf>
<wf cmd="ignore" pos="CC">and</wf>
<wf cmd="ignore" pos="PRP$">its</wf>
<wf cmd="tag" pos="JJ">associated</wf>
<wf cmd="tag" pos="NNS">railroads</wf>
<wf cmd="done" pos="VB" lemma="hope" wnsn="3" lexsn="2:31:00::">hope</wf>
<wf cmd="ignore" pos="TO">to</wf>
<wf cmd="done" pos="VB" lemma="win_back" wnsn="1" lexsn="2:33:00::">win_back</wf>
<wf cmd="ignore" pos="DT">some</wf>
<wf cmd="ignore" pos="IN">of</wf>
<wf cmd="ignore" pos="DT">the</wf>
<wf cmd="tag" pos="NN">business</wf>
<wf cmd="ignore" pos="PRP">they</wf>
<wf cmd="done" pos="VBP" ot="notag">have</wf>
<wf cmd="done" pos="VB" lemma="lose" wnsn="1" lexsn="2:40:02::">lost</wf>
<wf cmd="ignore" pos="TO">to</wf>
<wf cmd="tag" pos="NNS">truckers</wf>
<wf cmd="ignore" pos="CC">and</wf>
<wf cmd="tag" pos="NN">barge</wf>
<wf cmd="tag" pos="NNS">lines</wf>
<punc>.</punc>
</s>
</p>
<p pnum="38">
<s snum="86">
<wf cmd="ignore" pos="DT">The</wf>
<wf cmd="tag" pos="NN">board</wf>
<wf cmd="ignore" pos="POS">'s</wf>
<wf cmd="tag" pos="NN">action</wf>
<wf cmd="done" pos="VB" lemma="show" wnsn="0" lexsn="2:39:03::">shows</wf>
<wf cmd="ignore" pos="WP">what</wf>
<wf cmd="tag" pos="NN">free_enterprise</wf>
<wf cmd="done" pos="VB" lemma="be" wnsn="1" lexsn="2:42:03::">is</wf>
<wf cmd="ignore" pos="IN">up</wf>
<wf cmd="ignore" pos="IN">against</wf>
<wf cmd="ignore" pos="IN">in</wf>
<wf cmd="ignore" pos="PRP$">our</wf>
<wf cmd="tag" pos="JJ">complex</wf>
<wf cmd="tag" pos="NN">maze</wf>
<wf cmd="ignore" pos="IN">of</wf>
<wf cmd="tag" pos="JJ">regulatory</wf>
<wf cmd="tag" pos="NNS">laws</wf>
<punc>.</punc>
</s>
</p>
</context>
</contextfile>
