<contextfile concordance="brown">
<context filename="br-c05" paras="yes">
<p pnum="1">
<s snum="1">
<wf cmd="ignore" pos="DT">The</wf>
<wf cmd="tag" pos="JJ">superb</wf>
<wf cmd="tag" pos="JJ">intellectual</wf>
<wf cmd="ignore" pos="CC">and</wf>
<wf cmd="tag" pos="JJ">spiritual</wf>
<wf cmd="tag" pos="NN">vitality</wf>
<wf cmd="ignore" pos="IN">of</wf>
<wf cmd="tag" pos="NN">William_James</wf>
<wf cmd="done" pos="VB" lemma="be" wnsn="1" lexsn="2:42:03::">was</wf>
<wf cmd="tag" pos="RB">never</wf>
<wf cmd="tag" pos="RBR">more</wf>
<wf cmd="tag" pos="JJ">evident</wf>
<wf cmd="ignore" pos="IN">than</wf>
<wf cmd="ignore" pos="IN">in</wf>
<wf cmd="ignore" pos="PRP$">his</wf>
<wf cmd="tag" pos="NNS">letters</wf>
<punc>.</punc>
</s>
<s snum="2">
<wf cmd="tag" pos="RB">Here</wf>
<wf cmd="done" pos="VB" lemma="be" wnsn="1" lexsn="2:42:03::">was</wf>
<wf cmd="ignore" pos="DT">a</wf>
<wf cmd="tag" pos="NN">man</wf>
<wf cmd="ignore" pos="IN">with</wf>
<wf cmd="ignore" pos="DT">an</wf>
<wf cmd="tag" pos="JJ">enormous</wf>
<wf cmd="tag" pos="NN">gift</wf>
<wf cmd="ignore" pos="IN">for</wf>
<wf cmd="tag" pos="NN">living</wf>
<wf cmd="tag" pos="RB">as_well</wf>
<wf cmd="ignore" pos="IN">as</wf>
<wf cmd="tag" pos="NN">thinking</wf>
<punc>.</punc>
</s>
<s snum="3">
<wf cmd="ignore" pos="TO">To</wf>
<wf cmd="ignore" pos="DT">both</wf>
<wf cmd="tag" pos="NNS">persons</wf>
<wf cmd="ignore" pos="CC">and</wf>
<wf cmd="tag" pos="NNS">ideas</wf>
<wf cmd="ignore" pos="PRP">he</wf>
<wf cmd="done" pos="VB" lemma="bring" wnsn="3" lexsn="2:36:00::">brought</wf>
<wf cmd="ignore" pos="DT">the</wf>
<wf cmd="tag" pos="JJ">same</wf>
<wf cmd="tag" pos="JJ">delighted</wf>
<wf cmd="tag" pos="NN">interest</wf>
<punc>,</punc>
<wf cmd="ignore" pos="DT">the</wf>
<wf cmd="tag" pos="JJ">same</wf>
<wf cmd="tag" pos="JJ">open-minded</wf>
<wf cmd="tag" pos="NN">relish</wf>
<wf cmd="ignore" pos="IN">for</wf>
<wf cmd="ignore" pos="WP">what</wf>
<wf cmd="done" pos="VB" lemma="be" wnsn="1" lexsn="2:42:03::">was</wf>
<wf cmd="tag" pos="JJ">unique</wf>
<wf cmd="ignore" pos="IN">in</wf>
<wf cmd="ignore" pos="DT">each</wf>
<punc>,</punc>
<wf cmd="ignore" pos="DT">the</wf>
<wf cmd="tag" pos="JJ">same</wf>
<wf cmd="tag" pos="JJ">discriminating</wf>
<wf cmd="tag" pos="NN">sensibility</wf>
<wf cmd="ignore" pos="CC">and</wf>
<wf cmd="tag" pos="JJ">quicksilver</wf>
<wf cmd="tag" pos="NN">intelligence</wf>
<punc>,</punc>
<wf cmd="ignore" pos="DT">the</wf>
<wf cmd="tag" pos="JJ">same</wf>
<wf cmd="tag" pos="NN">gallantry</wf>
<wf cmd="ignore" pos="IN">of</wf>
<wf cmd="tag" pos="NN">judgment</wf>
<punc>.</punc>
</s>
</p>
<p pnum="2">
<s snum="4">
<wf cmd="ignore" pos="IN">For</wf>
<wf cmd="ignore" pos="DT">this</wf>
<wf cmd="tag" pos="JJS">latest</wf>
<wf cmd="tag" pos="NN">addition</wf>
<wf cmd="ignore" pos="TO">to</wf>
<wf cmd="ignore" pos="DT">the</wf>
<wf cmd="tag" pos="NNP">Great</wf>
<wf cmd="tag" pos="NNS">Letters</wf>
<wf cmd="tag" pos="NNP">Series</wf>
<punc>,</punc>
<wf cmd="ignore" pos="IN">under</wf>
<wf cmd="ignore" pos="DT">the</wf>
<wf cmd="tag" pos="JJ">general</wf>
<wf cmd="tag" pos="NN">editorship</wf>
<wf cmd="ignore" pos="IN">of</wf>
<wf cmd="tag" pos="NNP">Louis_Kronenberger</wf>
<punc>,</punc>
<wf cmd="tag" pos="NNP">Miss_Hardwick</wf>
<wf cmd="done" pos="VBZ" ot="notag">has</wf>
<wf cmd="done" pos="VB" lemma="make" wnsn="16" lexsn="2:36:12::">made</wf>
<wf cmd="done" pos="VB" ot="notag">a</wf>
<wf cmd="tag" pos="NN">selection</wf>
<wf cmd="ignore" pos="WDT">which</wf>
<wf cmd="tag" pos="RB">admirably</wf>
<wf cmd="done" pos="VB" lemma="display" wnsn="1" lexsn="2:39:00::">displays</wf>
<wf cmd="ignore" pos="DT">the</wf>
<wf cmd="tag" pos="NN">variety</wf>
<wf cmd="ignore" pos="IN">of</wf>
<wf cmd="tag" pos="NNP">James</wf>
<wf cmd="ignore" pos="POS">'s</wf>
<wf cmd="tag" pos="NN">genius</wf>
<punc>,</punc>
<wf cmd="tag" pos="RB">not_to_mention</wf>
<wf cmd="ignore" pos="DT">the</wf>
<wf cmd="tag" pos="NNS">felicities</wf>
<wf cmd="ignore" pos="IN">of</wf>
<wf cmd="ignore" pos="PRP$">his</wf>
<wf cmd="tag" pos="NN">style</wf>
<punc>.</punc>
</s>
<s snum="5">
<wf cmd="tag" pos="RB">And_how</wf>
<wf cmd="ignore" pos="PRP">he</wf>
<wf cmd="ignore" pos="MD">could</wf>
<wf cmd="done" pos="VB" lemma="write" wnsn="1" lexsn="2:36:00::">write</wf>
<punc>!</punc>
</s>
<s snum="6">
<wf cmd="ignore" pos="PRP$">His</wf>
<wf cmd="tag" pos="JJ">famous</wf>
<wf cmd="tag" pos="NN">criticism</wf>
<wf cmd="ignore" pos="IN">of</wf>
<wf cmd="tag" pos="NN">brother</wf>
<wf cmd="tag" pos="NNP">Henry</wf>
<wf cmd="ignore" pos="POS">'s</wf>
<punc>``</punc>
<wf cmd="tag" pos="JJ">third</wf>
<wf cmd="tag" pos="NN">style</wf>
<punc>''</punc>
<wf cmd="done" pos="VB" lemma="be" wnsn="1" lexsn="2:42:03::">is</wf>
<wf cmd="tag" pos="RB">surely</wf>
<wf cmd="ignore" pos="IN">as</wf>
<wf cmd="tag" pos="RB">subtly</wf>
<punc>,</punc>
<wf cmd="tag" pos="RB">even</wf>
<wf cmd="tag" pos="RB">elegantly</wf>
<punc>,</punc>
<wf cmd="tag" pos="JJ">worded</wf>
<wf cmd="ignore" pos="DT">an</wf>
<wf cmd="tag" pos="NN">analysis</wf>
<wf cmd="ignore" pos="IN">of</wf>
<wf cmd="ignore" pos="DT">the</wf>
<wf cmd="tag" pos="NN">latter</wf>
<wf cmd="ignore" pos="POS">'s</wf>
<wf cmd="tag" pos="JJ">intricate</wf>
<wf cmd="tag" pos="NN">air_castles</wf>
<wf cmd="ignore" pos="IN">as</wf>
<wf cmd="tag" pos="NNP">Henry</wf>
<wf cmd="ignore" pos="PRP">himself</wf>
<wf cmd="ignore" pos="MD">could</wf>
<wf cmd="tag" pos="RB">ever</wf>
<wf cmd="done" pos="VB" ot="notag">have</wf>
<wf cmd="done" pos="VB" lemma="produce" wnsn="2" lexsn="2:36:00::">produced</wf>
<punc>.</punc>
</s>
<s snum="7">
<wf cmd="ignore" pos="PRP$">His</wf>
<wf cmd="tag" pos="NN">letter</wf>
<wf cmd="ignore" pos="TO">to</wf>
<wf cmd="ignore" pos="PRP$">his</wf>
<wf cmd="tag" pos="NN">daughter</wf>
<wf cmd="ignore" pos="IN">on</wf>
<wf cmd="ignore" pos="DT">the</wf>
<wf cmd="tag" pos="NNS">pains</wf>
<wf cmd="ignore" pos="IN">of</wf>
<wf cmd="tag" pos="NN">growing_up</wf>
<wf cmd="done" pos="VB" lemma="be" wnsn="1" lexsn="2:42:03::">is</wf>
<wf cmd="tag" pos="RB">surely</wf>
<wf cmd="ignore" pos="IN">as</wf>
<wf cmd="tag" pos="JJ">trenchant</wf>
<punc>,</punc>
<wf cmd="tag" pos="JJ">forthright</wf>
<punc>,</punc>
<wf cmd="ignore" pos="CC">and</wf>
<wf cmd="tag" pos="RB">warmly</wf>
<wf cmd="tag" pos="NN">understanding</wf>
<wf cmd="tag" pos="RB">a_piece</wf>
<wf cmd="tag" pos="RB">of</wf>
<wf cmd="tag" pos="NN">advice</wf>
<wf cmd="ignore" pos="IN">as</wf>
<wf cmd="tag" pos="RB">ever</wf>
<wf cmd="ignore" pos="DT">a</wf>
<wf cmd="tag" pos="JJ">grown-up</wf>
<wf cmd="done" pos="VB" lemma="pen" wnsn="1" lexsn="2:36:00::">penned</wf>
<wf cmd="ignore" pos="TO">to</wf>
<wf cmd="ignore" pos="DT">a</wf>
<wf cmd="tag" pos="JJ">sensitive</wf>
<wf cmd="tag" pos="NN">child</wf>
<punc>,</punc>
<wf cmd="ignore" pos="CC">and</wf>
<wf cmd="ignore" pos="IN">with</wf>
<wf cmd="tag" pos="RB">just</wf>
<wf cmd="ignore" pos="DT">the</wf>
<wf cmd="tag" pos="NN">right</wf>
<wf cmd="tag" pos="NN">tone</wf>
<wf cmd="ignore" pos="IN">of</wf>
<wf cmd="tag" pos="JJ">unpatronizing</wf>
<wf cmd="tag" pos="NN">good_humor</wf>
<punc>.</punc>
</s>
</p>
<p pnum="3">
<s snum="8">
<wf cmd="tag" pos="RB">Most_of_all</wf>
<punc>,</punc>
<wf cmd="ignore" pos="PRP$">his</wf>
<wf cmd="tag" pos="NNS">letters</wf>
<wf cmd="ignore" pos="TO">to</wf>
<wf cmd="ignore" pos="PRP$">his</wf>
<wf cmd="tag" pos="JJ">philosophic</wf>
<wf cmd="tag" pos="NNS">colleagues</wf>
<wf cmd="done" pos="VB" lemma="show" wnsn="4" lexsn="2:39:00::">show</wf>
<wf cmd="ignore" pos="DT">a</wf>
<wf cmd="tag" pos="NN">magnanimity</wf>
<wf cmd="tag" pos="RB">as_well</wf>
<wf cmd="ignore" pos="IN">as</wf>
<wf cmd="ignore" pos="DT">an</wf>
<wf cmd="tag" pos="NN">honesty</wf>
<wf cmd="ignore" pos="WDT">which</wf>
<wf cmd="done" pos="VB" lemma="help" wnsn="1" lexsn="2:41:00::">help</wf>
<wf cmd="ignore" pos="TO">to</wf>
<wf cmd="done" pos="VB" lemma="explain" wnsn="1" lexsn="2:32:00::">explain</wf>
<wf cmd="tag" pos="NNP">Whitehead</wf>
<wf cmd="ignore" pos="POS">'s</wf>
<wf cmd="tag" pos="NN">reference_to</wf>
<wf cmd="tag" pos="NNP">James</wf>
<wf cmd="ignore" pos="IN">as</wf>
<punc>``</punc>
<wf cmd="ignore" pos="IN">that</wf>
<wf cmd="tag" pos="JJ">adorable</wf>
<wf cmd="tag" pos="NN">genius</wf>
<punc>''</punc>
<punc>.</punc>
</s>
<s snum="9">
<wf cmd="tag" pos="NNP">Miss_Hardwick</wf>
<wf cmd="done" pos="VB" lemma="speak" wnsn="1" lexsn="2:32:00::">speaks</wf>
<wf cmd="ignore" pos="IN">of</wf>
<wf cmd="ignore" pos="PRP$">his</wf>
<punc>``</punc>
<wf cmd="tag" pos="JJ">superb</wf>
<wf cmd="tag" pos="NN">gift</wf>
<wf cmd="ignore" pos="IN">for</wf>
<wf cmd="tag" pos="JJ">intellectual</wf>
<wf cmd="tag" pos="NN">friendship</wf>
<punc>''</punc>
<punc>,</punc>
<wf cmd="ignore" pos="CC">and</wf>
<wf cmd="ignore" pos="PRP">it</wf>
<wf cmd="done" pos="VB" lemma="be" wnsn="1" lexsn="2:42:03::">is</wf>
<wf cmd="tag" pos="RB">certainly</wf>
<wf cmd="ignore" pos="DT">a</wf>
<wf cmd="tag" pos="NN">joy</wf>
<wf cmd="ignore" pos="TO">to</wf>
<wf cmd="done" pos="VB" lemma="see" wnsn="3" lexsn="2:39:02::">see</wf>
<wf cmd="ignore" pos="DT">the</wf>
<wf cmd="tag" pos="JJ">intellectual</wf>
<wf cmd="tag" pos="NN">life</wf>
<wf cmd="done" pos="VB" lemma="live" wnsn="2" lexsn="2:42:06::">lived</wf>
<wf cmd="tag" pos="RB">so</wf>
<wf cmd="tag" pos="JJ">free</wf>
<wf cmd="ignore" pos="IN">from</wf>
<wf cmd="ignore" pos="DT">either</wf>
<wf cmd="tag" pos="JJ">academic</wf>
<wf cmd="tag" pos="NN">aridity</wf>
<wf cmd="ignore" pos="CC">or</wf>
<wf cmd="tag" pos="JJ">passionate</wf>
<wf cmd="tag" pos="NN">dogmatism</wf>
<punc>.</punc>
</s>
</p>
<p pnum="4">
<s snum="10">
<wf cmd="ignore" pos="DT">This</wf>
<wf cmd="done" pos="VB" lemma="be" wnsn="1" lexsn="2:42:03::">is</wf>
<wf cmd="ignore" pos="DT">a</wf>
<wf cmd="tag" pos="NN">virtue</wf>
<wf cmd="tag" pos="RB">of_which</wf>
<wf cmd="ignore" pos="PRP">we</wf>
<wf cmd="done" pos="VB" lemma="have" wnsn="1" lexsn="2:40:00::">have</wf>
<wf cmd="tag" pos="JJ">great</wf>
<wf cmd="tag" pos="NN">need</wf>
<wf cmd="ignore" pos="IN">in</wf>
<wf cmd="ignore" pos="DT">a</wf>
<wf cmd="tag" pos="NN">society</wf>
<wf cmd="ignore" pos="WRB">where</wf>
<wf cmd="ignore" pos="EX">there</wf>
<wf cmd="done" pos="VB" lemma="seem" wnsn="1" lexsn="2:39:00::">seems</wf>
<wf cmd="ignore" pos="TO">to</wf>
<wf cmd="done" pos="VB" lemma="be" wnsn="1" lexsn="2:42:03::">be</wf>
<wf cmd="ignore" pos="DT">an</wf>
<wf cmd="tag" pos="JJ">increasing</wf>
<wf cmd="tag" pos="NN">lack</wf>
<wf cmd="ignore" pos="IN">of</wf>
<wf cmd="tag" pos="NN">communication</wf>
<punc>-</punc>
<wf cmd="ignore" pos="CC">or</wf>
<wf cmd="tag" pos="RB">even</wf>
<wf cmd="tag" pos="NN">desire</wf>
<wf cmd="ignore" pos="IN">for</wf>
<wf cmd="tag" pos="NN">communication</wf>
<punc>-</punc>
<wf cmd="ignore" pos="IN">between</wf>
<wf cmd="tag" pos="JJ">differing</wf>
<wf cmd="tag" pos="NN">schools_of_thought</wf>
<punc>.</punc>
</s>
<s snum="11">
<wf cmd="ignore" pos="PRP">It</wf>
<wf cmd="done" pos="VB" lemma="hold" wnsn="4" lexsn="2:40:00::">holds</wf>
<wf cmd="ignore" pos="DT">an</wf>
<wf cmd="tag" pos="RB">equally</wf>
<wf cmd="tag" pos="JJ">valuable</wf>
<wf cmd="tag" pos="NN">lesson</wf>
<wf cmd="ignore" pos="IN">for</wf>
<wf cmd="ignore" pos="DT">a</wf>
<wf cmd="tag" pos="NN">society</wf>
<wf cmd="ignore" pos="WRB">where</wf>
<wf cmd="ignore" pos="DT">the</wf>
<wf cmd="tag" pos="NN">word</wf>
<punc>``</punc>
<wf cmd="tag" pos="JJ">intellectual</wf>
<punc>''</punc>
<wf cmd="done" pos="VBZ" ot="notag">has</wf>
<wf cmd="done" pos="VB" lemma="become" wnsn="2" lexsn="2:42:01::">become</wf>
<wf cmd="ignore" pos="DT">a</wf>
<wf cmd="tag" pos="NN">term</wf>
<wf cmd="ignore" pos="IN">of</wf>
<wf cmd="tag" pos="NN">opprobrium</wf>
<wf cmd="ignore" pos="TO">to</wf>
<wf cmd="tag" pos="NNS">millions</wf>
<wf cmd="ignore" pos="IN">of</wf>
<wf cmd="tag" pos="JJ">well-meaning</wf>
<wf cmd="tag" pos="NNS">people</wf>
<wf cmd="ignore" pos="WP">who</wf>
<wf cmd="tag" pos="RB">somehow</wf>
<wf cmd="done" pos="VB" lemma="imagine" wnsn="1" lexsn="2:36:00::">imagine</wf>
<wf cmd="ignore" pos="IN">that</wf>
<wf cmd="ignore" pos="PRP">it</wf>
<wf cmd="ignore" pos="MD">must</wf>
<wf cmd="done" pos="VB" lemma="be" wnsn="1" lexsn="2:42:03::">be</wf>
<wf cmd="tag" pos="JJ">destructive</wf>
<wf cmd="ignore" pos="IN">of</wf>
<wf cmd="ignore" pos="DT">the</wf>
<wf cmd="tag" pos="RBR">simpler</wf>
<wf cmd="tag" pos="JJ">human</wf>
<wf cmd="tag" pos="NNS">virtues</wf>
<punc>.</punc>
</s>
</p>
<p pnum="5">
<s snum="12">
<wf cmd="ignore" pos="TO">To</wf>
<wf cmd="ignore" pos="PRP$">his</wf>
<wf cmd="tag" pos="NNP">Harvard</wf>
<wf cmd="tag" pos="NN">colleague</wf>
<punc>,</punc>
<wf cmd="tag" pos="NNP">Josiah_Royce</wf>
<punc>,</punc>
<wf cmd="ignore" pos="WP$">whose</wf>
<wf cmd="tag" pos="JJ">philosophic</wf>
<wf cmd="tag" pos="NN">position</wf>
<wf cmd="done" pos="VB" lemma="differ" wnsn="1" lexsn="2:42:00::">differed</wf>
<wf cmd="tag" pos="RB">radically</wf>
<wf cmd="ignore" pos="IN">from</wf>
<wf cmd="ignore" pos="PRP$">his</wf>
<wf cmd="tag" pos="JJ">own</wf>
<punc>,</punc>
<wf cmd="tag" pos="NNP">James</wf>
<wf cmd="ignore" pos="MD">could</wf>
<wf cmd="done" pos="VB" lemma="write" wnsn="1" lexsn="2:36:00::">write</wf>
<punc>,</punc>
<punc>``</punc>
<wf cmd="tag" pos="JJ">Different</wf>
<wf cmd="ignore" pos="IN">as</wf>
<wf cmd="ignore" pos="PRP$">our</wf>
<wf cmd="tag" pos="NNS">minds</wf>
<wf cmd="done" pos="VB" lemma="be" wnsn="1" lexsn="2:42:03::">are</wf>
<punc>,</punc>
<wf cmd="ignore" pos="PRP">yours</wf>
<wf cmd="done" pos="VBZ" ot="notag">has</wf>
<wf cmd="done" pos="VB" lemma="nourish" wnsn="1" lexsn="2:34:00::">nourished</wf>
<wf cmd="tag" pos="NN">mine</wf>
<punc>,</punc>
<wf cmd="ignore" pos="IN">as</wf>
<wf cmd="ignore" pos="DT">no</wf>
<wf cmd="tag" pos="JJ">other</wf>
<wf cmd="tag" pos="JJ">social</wf>
<wf cmd="tag" pos="NN">influence</wf>
<wf cmd="tag" pos="RB">ever</wf>
<wf cmd="done" pos="VBZ" ot="notag">has</wf>
<punc>,</punc>
<wf cmd="ignore" pos="CC">and</wf>
<wf cmd="ignore" pos="IN">in</wf>
<wf cmd="tag" pos="NN">converse</wf>
<wf cmd="ignore" pos="IN">with</wf>
<wf cmd="ignore" pos="PRP">you</wf>
<wf cmd="ignore" pos="PRP">I</wf>
<wf cmd="done" pos="VBP" ot="notag">have</wf>
<wf cmd="tag" pos="RB">always</wf>
<wf cmd="done" pos="VB" lemma="feel" wnsn="2" lexsn="2:31:00::">felt</wf>
<wf cmd="ignore" pos="IN">that</wf>
<wf cmd="ignore" pos="PRP$">my</wf>
<wf cmd="tag" pos="NN">life</wf>
<wf cmd="done" pos="VBD" ot="notag">was</wf>
<wf cmd="done" pos="VBG" ot="notag">being</wf>
<wf cmd="done" pos="VB" lemma="live" wnsn="2" lexsn="2:42:06::">lived</wf>
<wf cmd="tag" pos="RB">importantly</wf>
<punc>''</punc>
<punc>.</punc>
</s>
</p>
<p pnum="6">
<s snum="13">
<wf cmd="ignore" pos="IN">Of</wf>
<wf cmd="ignore" pos="DT">another</wf>
<wf cmd="tag" pos="NN">colleague</wf>
<punc>,</punc>
<wf cmd="tag" pos="NNP">George_Santayana</wf>
<punc>,</punc>
<wf cmd="ignore" pos="PRP">he</wf>
<wf cmd="ignore" pos="MD">could</wf>
<wf cmd="done" pos="VB" lemma="write" wnsn="1" lexsn="2:36:00::">write</wf>
<punc>:</punc>
<punc>``</punc>
<wf cmd="ignore" pos="DT">The</wf>
<wf cmd="tag" pos="JJ">great</wf>
<wf cmd="tag" pos="NN">event</wf>
<wf cmd="ignore" pos="IN">in</wf>
<wf cmd="ignore" pos="PRP$">my</wf>
<wf cmd="tag" pos="NN">life</wf>
<wf cmd="tag" pos="RB">recently</wf>
<wf cmd="done" pos="VBZ" ot="notag">has</wf>
<wf cmd="done" pos="VB" lemma="be" wnsn="1" lexsn="2:42:03::">been</wf>
<wf cmd="ignore" pos="DT">the</wf>
<wf cmd="tag" pos="NN">reading</wf>
<wf cmd="ignore" pos="IN">of</wf>
<wf cmd="tag" pos="NNP">Santayana</wf>
<wf cmd="ignore" pos="POS">'s</wf>
<wf cmd="tag" pos="NN">book</wf>
<punc>.</punc>
</s>
<s snum="14">
<wf cmd="ignore" pos="IN">Although</wf>
<wf cmd="ignore" pos="PRP">I</wf>
<wf cmd="tag" pos="RB">absolutely</wf>
<wf cmd="done" pos="VB" lemma="reject" wnsn="2" lexsn="2:40:00::">reject</wf>
<wf cmd="ignore" pos="DT">the</wf>
<wf cmd="tag" pos="NN">Platonism</wf>
<wf cmd="tag" pos="RB">of_it</wf>
<punc>,</punc>
<wf cmd="ignore" pos="PRP">I</wf>
<wf cmd="done" pos="VBP" ot="notag">have</wf>
<wf cmd="tag" pos="RB">literally</wf>
<wf cmd="done" pos="VB" lemma="squeal" wnsn="1" lexsn="2:32:01::">squealed</wf>
<wf cmd="ignore" pos="IN">with</wf>
<wf cmd="tag" pos="NN">delight</wf>
<wf cmd="ignore" pos="IN">at</wf>
<wf cmd="ignore" pos="DT">the</wf>
<wf cmd="tag" pos="JJ">imperturbable</wf>
<wf cmd="tag" pos="NN">perfection</wf>
<wf cmd="ignore" pos="IN">with</wf>
<wf cmd="ignore" pos="WDT">which</wf>
<wf cmd="ignore" pos="DT">the</wf>
<wf cmd="tag" pos="NN">position</wf>
<wf cmd="done" pos="VBZ" ot="notag">is</wf>
<wf cmd="done" pos="VB" lemma="lay_down" wnsn="1" lexsn="2:31:00::">laid_down</wf>
<wf cmd="ignore" pos="IN">on</wf>
<wf cmd="tag" pos="NN">page</wf>
<wf cmd="ignore" pos="IN">after</wf>
<wf cmd="tag" pos="NN">page</wf>
<punc>''</punc>
<punc>.</punc>
</s>
</p>
<p pnum="7">
<s snum="15">
<wf cmd="done" pos="VB" lemma="write" wnsn="1" lexsn="2:36:00::">Writing</wf>
<wf cmd="ignore" pos="TO">to</wf>
<wf cmd="ignore" pos="PRP$">his</wf>
<wf cmd="tag" pos="NN">colleague</wf>
<wf cmd="tag" pos="NNP">George_Herbert_Palmer</wf>
<punc>-</punc>
<punc>``</punc>
<wf cmd="tag" pos="JJ">Glorious</wf>
<wf cmd="tag" pos="JJ">old</wf>
<wf cmd="tag" pos="NNP">Palmer</wf>
<punc>''</punc>
<punc>,</punc>
<wf cmd="ignore" pos="IN">as</wf>
<wf cmd="ignore" pos="PRP">he</wf>
<wf cmd="done" pos="VB" lemma="address" wnsn="3" lexsn="2:32:03::">addresses</wf>
<wf cmd="ignore" pos="PRP">him</wf>
<punc>-</punc>
<wf cmd="tag" pos="NNP">James</wf>
<wf cmd="done" pos="VB" lemma="say" wnsn="1" lexsn="2:32:00::">says</wf>
<wf cmd="ignore" pos="IN">that</wf>
<wf cmd="ignore" pos="IN">if</wf>
<wf cmd="tag" pos="RB">only</wf>
<wf cmd="ignore" pos="DT">the</wf>
<wf cmd="tag" pos="NNS">students</wf>
<wf cmd="ignore" pos="IN">at</wf>
<wf cmd="tag" pos="NNP">Harvard</wf>
<wf cmd="ignore" pos="MD">could</wf>
<wf cmd="tag" pos="RB">really</wf>
<wf cmd="done" pos="VB" lemma="understand" wnsn="1" lexsn="2:31:00::">understand</wf>
<wf cmd="tag" pos="NNP">Royce</wf>
<punc>,</punc>
<wf cmd="tag" pos="NNP">Santayana</wf>
<punc>,</punc>
<wf cmd="tag" pos="NNP">Palmer</wf>
<punc>,</punc>
<wf cmd="ignore" pos="CC">and</wf>
<wf cmd="ignore" pos="PRP">himself</wf>
<wf cmd="ignore" pos="CC">and</wf>
<wf cmd="done" pos="VB" lemma="see" wnsn="2" lexsn="2:31:01::">see</wf>
<wf cmd="ignore" pos="IN">that</wf>
<wf cmd="ignore" pos="PRP$">their</wf>
<wf cmd="tag" pos="JJ">varying</wf>
<wf cmd="tag" pos="NNS">systems</wf>
<wf cmd="done" pos="VB" lemma="be" wnsn="1" lexsn="2:42:03::">are</wf>
<punc>``</punc>
<wf cmd="tag" pos="RB">so</wf>
<wf cmd="tag" pos="JJ">many</wf>
<wf cmd="tag" pos="NNS">religions</wf>
<punc>,</punc>
<wf cmd="tag" pos="NNS">ways</wf>
<wf cmd="ignore" pos="IN">of</wf>
<wf cmd="done" pos="VB" lemma="front" wnsn="2" lexsn="2:33:00::">fronting</wf>
<wf cmd="tag" pos="NN">life</wf>
<punc>,</punc>
<wf cmd="ignore" pos="CC">and</wf>
<wf cmd="tag" pos="JJ">worth</wf>
<wf cmd="done" pos="VB" lemma="fight" wnsn="4" lexsn="2:41:10::">fighting</wf>
<wf cmd="done" pos="VB" ot="notag">for</wf>
<punc>''</punc>
<punc>,</punc>
<wf cmd="tag" pos="RB">then</wf>
<wf cmd="tag" pos="NNP">Harvard</wf>
<wf cmd="ignore" pos="MD">would</wf>
<wf cmd="done" pos="VB" lemma="have" wnsn="1" lexsn="2:40:00::">have</wf>
<wf cmd="ignore" pos="DT">a</wf>
<wf cmd="tag" pos="JJ">genuine</wf>
<wf cmd="tag" pos="JJ">philosophic</wf>
<wf cmd="tag" pos="NN">universe</wf>
<punc>.</punc>
</s>
<s snum="16">
<punc>``</punc>
<wf cmd="ignore" pos="DT">The</wf>
<wf cmd="tag" pos="JJS">best</wf>
<wf cmd="tag" pos="NN">condition</wf>
<wf cmd="tag" pos="RB">of_it</wf>
<wf cmd="ignore" pos="MD">would</wf>
<wf cmd="done" pos="VB" lemma="be" wnsn="1" lexsn="2:42:03::">be</wf>
<wf cmd="ignore" pos="DT">an</wf>
<wf cmd="tag" pos="JJ">open</wf>
<wf cmd="tag" pos="NN">conflict</wf>
<wf cmd="ignore" pos="CC">and</wf>
<wf cmd="tag" pos="NN">rivalry</wf>
<wf cmd="ignore" pos="IN">of</wf>
<wf cmd="ignore" pos="DT">the</wf>
<wf cmd="tag" pos="JJ">diverse</wf>
<wf cmd="tag" pos="NNS">systems</wf>
<punc>.</punc>
</s>
<s snum="17">
<wf cmd="ignore" pos="DT">The</wf>
<wf cmd="tag" pos="NN">world</wf>
<wf cmd="ignore" pos="MD">might</wf>
<wf cmd="done" pos="VB" lemma="ring" wnsn="2" lexsn="2:39:04::">ring</wf>
<wf cmd="ignore" pos="IN">with</wf>
<wf cmd="ignore" pos="DT">the</wf>
<wf cmd="tag" pos="NN">struggle</wf>
<punc>,</punc>
<wf cmd="ignore" pos="IN">if</wf>
<wf cmd="ignore" pos="PRP">we</wf>
<wf cmd="done" pos="VB" lemma="devote" wnsn="1" lexsn="2:32:00::">devoted</wf>
<wf cmd="ignore" pos="PRP">ourselves</wf>
<wf cmd="tag" pos="RB">exclusively</wf>
<wf cmd="ignore" pos="TO">to</wf>
<wf cmd="done" pos="VB" lemma="belabor" wnsn="1" lexsn="2:41:00::">belaboring</wf>
<wf cmd="ignore" pos="DT">each</wf>
<wf cmd="tag" pos="JJ">other</wf>
<punc>''</punc>
<punc>.</punc>
</s>
</p>
<p pnum="8">
<s snum="18">
<wf cmd="ignore" pos="DT">The</wf>
<punc>``</punc>
<wf cmd="tag" pos="NN">belaboring</wf>
<punc>''</punc>
<wf cmd="done" pos="VB" lemma="be" wnsn="1" lexsn="2:42:03::">is</wf>
<wf cmd="tag" pos="RB">of_course</wf>
<wf cmd="tag" pos="JJ">jocular</wf>
<punc>,</punc>
<wf cmd="tag" pos="RB">yet</wf>
<wf cmd="tag" pos="NNP">James</wf>
<wf cmd="done" pos="VB" lemma="be" wnsn="1" lexsn="2:42:03::">was</wf>
<wf cmd="tag" pos="RB">not</wf>
<wf cmd="tag" pos="JJ">lacking</wf>
<wf cmd="ignore" pos="IN">in</wf>
<wf cmd="tag" pos="JJ">fundamental</wf>
<wf cmd="tag" pos="NN">seriousness</wf>
<punc>-</punc>
<wf cmd="ignore" pos="IN">unless</wf>
<wf cmd="ignore" pos="PRP">we</wf>
<wf cmd="done" pos="VB" lemma="measure" wnsn="2" lexsn="2:30:00::">measure</wf>
<wf cmd="ignore" pos="PRP">him</wf>
<wf cmd="ignore" pos="IN">by</wf>
<wf cmd="ignore" pos="IN">that</wf>
<wf cmd="tag" pos="JJ">ultimate</wf>
<wf cmd="tag" pos="NN">seriousness</wf>
<wf cmd="ignore" pos="IN">of</wf>
<wf cmd="ignore" pos="DT">the</wf>
<wf cmd="tag" pos="JJ">great</wf>
<wf cmd="tag" pos="NN">religious_leader</wf>
<wf cmd="ignore" pos="CC">or</wf>
<wf cmd="tag" pos="NN">thinker</wf>
<wf cmd="ignore" pos="WP">who</wf>
<wf cmd="done" pos="VB" lemma="stake" wnsn="1" lexsn="2:41:00::">stakes</wf>
<wf cmd="ignore" pos="DT">all</wf>
<wf cmd="ignore" pos="IN">on</wf>
<wf cmd="ignore" pos="PRP$">his</wf>
<wf cmd="tag" pos="NN">vision</wf>
<wf cmd="ignore" pos="IN">of</wf>
<wf cmd="tag" pos="NNP">God</wf>
<punc>.</punc>
</s>
<s snum="19">
<wf cmd="ignore" pos="TO">To</wf>
<wf cmd="tag" pos="NNP">James</wf>
<wf cmd="ignore" pos="DT">this</wf>
<wf cmd="tag" pos="NN">vision</wf>
<wf cmd="tag" pos="RB">never</wf>
<wf cmd="tag" pos="RB">quite</wf>
<wf cmd="done" pos="VB" lemma="come" wnsn="3" lexsn="2:30:01::">came</wf>
<punc>,</punc>
<wf cmd="ignore" pos="IN">despite</wf>
<wf cmd="ignore" pos="PRP$">his</wf>
<wf cmd="tag" pos="NN">appreciation</wf>
<wf cmd="tag" pos="RB">of_it</wf>
<wf cmd="ignore" pos="IN">in</wf>
<wf cmd="tag" pos="NNS">others</wf>
<punc>.</punc>
</s>
</p>
<p pnum="9">
<s snum="20">
<wf cmd="ignore" pos="CC">But</wf>
<wf cmd="ignore" pos="EX">there</wf>
<wf cmd="done" pos="VB" lemma="be" wnsn="1" lexsn="2:42:03::">is</wf>
<wf cmd="ignore" pos="DT">a</wf>
<wf cmd="tag" pos="NN">dignity</wf>
<wf cmd="ignore" pos="CC">and</wf>
<wf cmd="tag" pos="RB">even</wf>
<wf cmd="ignore" pos="DT">a</wf>
<wf cmd="tag" pos="NN">hint</wf>
<wf cmd="ignore" pos="IN">of</wf>
<wf cmd="ignore" pos="DT">the</wf>
<wf cmd="tag" pos="JJ">inspired</wf>
<wf cmd="tag" pos="NN">prophet</wf>
<wf cmd="ignore" pos="IN">in</wf>
<wf cmd="ignore" pos="PRP$">his</wf>
<wf cmd="tag" pos="NNS">words</wf>
<wf cmd="ignore" pos="TO">to</wf>
<wf cmd="tag" pos="CD">one</wf>
<wf cmd="tag" pos="NN">correspondent</wf>
<punc>:</punc>
<punc>``</punc>
<wf cmd="ignore" pos="PRP">You</wf>
<wf cmd="done" pos="VB" lemma="ask" wnsn="1" lexsn="2:32:00::">ask</wf>
<wf cmd="ignore" pos="WP">what</wf>
<wf cmd="ignore" pos="PRP">I</wf>
<wf cmd="done" pos="VBP" ot="notag">am</wf>
<wf cmd="done" pos="VB" ot="notag">going_to</wf>
<punc>'</punc>
<wf cmd="done" pos="VB" lemma="reply" wnsn="1" lexsn="2:32:00::">reply</wf>
<punc>'</punc>
<wf cmd="ignore" pos="TO">to</wf>
<wf cmd="tag" pos="NNP">Bradley</wf>
<punc>.</punc>
</s>
<s snum="21">
<wf cmd="ignore" pos="CC">But</wf>
<wf cmd="ignore" pos="WRB">why</wf>
<wf cmd="done" pos="VB" lemma="need" wnsn="1" lexsn="2:42:00::">need</wf>
<wf cmd="tag" pos="CD">one</wf>
<wf cmd="done" pos="VB" lemma="reply" wnsn="1" lexsn="2:32:00::">reply</wf>
<wf cmd="ignore" pos="TO">to</wf>
<wf cmd="tag" pos="NN">everything</wf>
<wf cmd="ignore" pos="CC">and</wf>
<wf cmd="tag" pos="NN">everybody</wf>
<punc>?</punc>
</s>
<s snum="22">
<wf cmd="ignore" pos="PRP">I</wf>
<wf cmd="done" pos="VB" lemma="think" wnsn="2" lexsn="2:31:03::">think</wf>
<wf cmd="ignore" pos="IN">that</wf>
<wf cmd="tag" pos="NNS">readers</wf>
<wf cmd="tag" pos="RB">generally</wf>
<wf cmd="done" pos="VB" lemma="hate" wnsn="1" lexsn="2:37:00::">hate</wf>
<wf cmd="tag" pos="NN">minute</wf>
<wf cmd="tag" pos="NNS">polemics</wf>
<wf cmd="ignore" pos="CC">and</wf>
<wf cmd="tag" pos="NNS">recriminations</wf>
<punc>.</punc>
</s>
<s snum="23">
<wf cmd="ignore" pos="DT">All</wf>
<wf cmd="tag" pos="JJ">polemic</wf>
<wf cmd="ignore" pos="IN">of</wf>
<wf cmd="ignore" pos="PRP">ours</wf>
<wf cmd="ignore" pos="MD">should</wf>
<punc>,</punc>
<wf cmd="ignore" pos="PRP">I</wf>
<wf cmd="done" pos="VB" lemma="believe" wnsn="2" lexsn="2:31:04::">believe</wf>
<punc>,</punc>
<wf cmd="done" pos="VB" lemma="be" wnsn="1" lexsn="2:42:03::">be</wf>
<wf cmd="ignore" pos="DT">either</wf>
<wf cmd="tag" pos="RB">very</wf>
<wf cmd="tag" pos="JJ">broad</wf>
<wf cmd="tag" pos="NNS">statements</wf>
<wf cmd="ignore" pos="IN">of</wf>
<wf cmd="tag" pos="NN">contrast</wf>
<punc>,</punc>
<wf cmd="ignore" pos="CC">or</wf>
<wf cmd="tag" pos="JJ">fine</wf>
<wf cmd="tag" pos="NNS">points</wf>
<wf cmd="done" pos="VB" lemma="treat" wnsn="1" lexsn="2:41:00::">treated</wf>
<wf cmd="tag" pos="RB">singly</wf>
<punc>,</punc>
<wf cmd="ignore" pos="CC">and</wf>
<wf cmd="tag" pos="RB">as_far_as_possible</wf>
<wf cmd="tag" pos="RB">impersonally</wf>
<punc>.</punc>
</s>
<s snum="24">
<wf cmd="tag" pos="RB">As</wf>
<wf cmd="tag" pos="RB">far</wf>
<wf cmd="ignore" pos="IN">as</wf>
<wf cmd="ignore" pos="DT">the</wf>
<wf cmd="tag" pos="JJ">rising</wf>
<wf cmd="tag" pos="NN">generation</wf>
<wf cmd="done" pos="VBZ" ot="notag">goes</wf>
<punc>,</punc>
<wf cmd="ignore" pos="WRB">why</wf>
<wf cmd="tag" pos="RB">not</wf>
<wf cmd="tag" pos="RB">simply</wf>
<wf cmd="done" pos="VB" lemma="express" wnsn="2" lexsn="2:32:00::">express</wf>
<wf cmd="ignore" pos="PRP">ourselves</wf>
<wf cmd="tag" pos="RB">positively</wf>
<punc>,</punc>
<wf cmd="ignore" pos="CC">and</wf>
<wf cmd="done" pos="VB" lemma="trust" wnsn="2" lexsn="2:41:00::">trust</wf>
<wf cmd="ignore" pos="IN">that</wf>
<wf cmd="ignore" pos="DT">the</wf>
<wf cmd="tag" pos="JJR">truer</wf>
<wf cmd="tag" pos="NN">view</wf>
<wf cmd="tag" pos="RB">quietly</wf>
<wf cmd="ignore" pos="MD">will</wf>
<wf cmd="done" pos="VB" lemma="displace" wnsn="0" lexsn="2:38:01::">displace</wf>
<wf cmd="ignore" pos="DT">the</wf>
<wf cmd="tag" pos="NN">other</wf>
<punc>.</punc>
</s>
<s snum="25">
<wf cmd="tag" pos="RB">Here</wf>
<wf cmd="tag" pos="RB">again</wf>
<punc>'</punc>
<wf cmd="tag" pos="NNP">God</wf>
<wf cmd="ignore" pos="MD">will</wf>
<wf cmd="done" pos="VB" lemma="know" wnsn="4" lexsn="2:31:00::">know</wf>
<wf cmd="ignore" pos="PRP$">his</wf>
<wf cmd="tag" pos="JJ">own</wf>
<punc>''</punc>
<punc>'</punc>
<punc>.</punc>
</s>
</p>
<p pnum="10">
<s snum="26">
<wf cmd="ignore" pos="DT">The</wf>
<wf cmd="tag" pos="JJ">collected</wf>
<wf cmd="tag" pos="NNS">works</wf>
<wf cmd="ignore" pos="IN">of</wf>
<wf cmd="tag" pos="NNP">James_Thurber</wf>
<punc>,</punc>
<wf cmd="tag" pos="RB">now</wf>
<wf cmd="done" pos="VB" lemma="number" wnsn="1" lexsn="2:42:00::">numbering</wf>
<wf cmd="tag" pos="CD">25</wf>
<wf cmd="tag" pos="NNS">volumes</wf>
<punc>(</punc>
<wf cmd="done" pos="VB" lemma="include" wnsn="1" lexsn="2:42:00::">including</wf>
<wf cmd="ignore" pos="DT">the</wf>
<wf cmd="tag" pos="JJ">present</wf>
<wf cmd="tag" pos="NN">exhibit</wf>
<punc>)</punc>
<wf cmd="done" pos="VB" lemma="represent" wnsn="2" lexsn="2:32:02::">represent</wf>
<wf cmd="ignore" pos="DT">a</wf>
<wf cmd="tag" pos="JJ">high</wf>
<wf cmd="tag" pos="NN">standard</wf>
<wf cmd="ignore" pos="IN">of</wf>
<wf cmd="tag" pos="JJ">literary</wf>
<wf cmd="tag" pos="NN">excellence</wf>
<punc>,</punc>
<wf cmd="ignore" pos="IN">as</wf>
<wf cmd="ignore" pos="DT">every</wf>
<wf cmd="tag" pos="NN">schoolboy</wf>
<wf cmd="done" pos="VB" lemma="know" wnsn="1" lexsn="2:31:01::">knows</wf>
<punc>.</punc>
</s>
<s snum="27">
<wf cmd="ignore" pos="DT">The</wf>
<wf cmd="tag" pos="JJ">primitive-eclogue</wf>
<wf cmd="tag" pos="NN">quality</wf>
<wf cmd="ignore" pos="IN">of</wf>
<wf cmd="ignore" pos="PRP$">his</wf>
<wf cmd="tag" pos="NNS">drawings</wf>
<punc>,</punc>
<wf cmd="tag" pos="JJ">akin</wf>
<wf cmd="tag" pos="RB">to_that</wf>
<wf cmd="ignore" pos="IN">of</wf>
<wf cmd="tag" pos="NN">graffiti</wf>
<wf cmd="done" pos="VB" lemma="scratch" wnsn="2" lexsn="2:35:00::">scratched</wf>
<wf cmd="ignore" pos="IN">on</wf>
<wf cmd="ignore" pos="DT">a</wf>
<wf cmd="tag" pos="NN">cave</wf>
<wf cmd="tag" pos="NN">wall</wf>
<punc>,</punc>
<wf cmd="done" pos="VB" lemma="be" wnsn="1" lexsn="2:42:03::">is</wf>
<wf cmd="tag" pos="RB">equally</wf>
<wf cmd="tag" pos="JJ">well_known</wf>
<punc>.</punc>
</s>
<s snum="28">
<wf cmd="ignore" pos="IN">About</wf>
<wf cmd="ignore" pos="DT">all</wf>
<wf cmd="ignore" pos="IN">that</wf>
<wf cmd="done" pos="VB" lemma="remain" wnsn="3" lexsn="2:42:05::">remains</wf>
<wf cmd="ignore" pos="TO">to</wf>
<wf cmd="done" pos="VB" ot="notag">be</wf>
<wf cmd="done" pos="VB" lemma="say" wnsn="1" lexsn="2:32:00::">said</wf>
<wf cmd="done" pos="VB" lemma="be" wnsn="1" lexsn="2:42:03::">is</wf>
<wf cmd="ignore" pos="IN">that</wf>
<wf cmd="ignore" pos="DT">the</wf>
<wf cmd="tag" pos="JJ">present</wf>
<wf cmd="tag" pos="NN">selection</wf>
<punc>,</punc>
<wf cmd="tag" pos="JJ">most_of</wf>
<wf cmd="ignore" pos="WDT">which</wf>
<wf cmd="done" pos="VB" lemma="appear" wnsn="3" lexsn="2:30:01::">appeared</wf>
<wf cmd="tag" pos="JJ">first</wf>
<wf cmd="ignore" pos="IN">in</wf>
<wf cmd="ignore" pos="DT">The</wf>
<wf cmd="tag" pos="NN">New_Yorker</wf>
<punc>,</punc>
<wf cmd="done" pos="VB" lemma="comprise" wnsn="2" lexsn="2:42:00::">comprises</wf>
<punc>(</punc>
<wf cmd="tag" pos="RB">as_usual</wf>
<punc>)</punc>
<wf cmd="ignore" pos="DT">a</wf>
<wf cmd="tag" pos="RB">slightly</wf>
<wf cmd="tag" pos="JJ">unstrung</wf>
<wf cmd="tag" pos="NN">necklace</wf>
<punc>,</punc>
<wf cmd="done" pos="VB" lemma="hold" wnsn="1" lexsn="2:42:00::">held</wf>
<wf cmd="tag" pos="RB">together</wf>
<wf cmd="ignore" pos="IN">by</wf>
<wf cmd="tag" pos="JJ">little</wf>
<wf cmd="tag" pos="RB">more_than</wf>
<wf cmd="ignore" pos="DT">a</wf>
<wf cmd="tag" pos="JJ">slender</wf>
<wf cmd="tag" pos="NN">thread</wf>
<wf cmd="tag" pos="RB">cunningly</wf>
<wf cmd="done" pos="VB" lemma="insert" wnsn="3" lexsn="2:35:01::">inserted</wf>
<wf cmd="ignore" pos="IN">in</wf>
<wf cmd="ignore" pos="DT">the</wf>
<wf cmd="tag" pos="NN">spine</wf>
<wf cmd="ignore" pos="IN">of</wf>
<wf cmd="ignore" pos="DT">the</wf>
<wf cmd="tag" pos="NN">book</wf>
<punc>.</punc>
</s>
</p>
<p pnum="11">
<s snum="29">
<wf cmd="ignore" pos="DT">The</wf>
<wf cmd="tag" pos="CD">one</wf>
<wf cmd="tag" pos="JJ">unifying</wf>
<wf cmd="tag" pos="NN">note</wf>
<punc>,</punc>
<wf cmd="ignore" pos="IN">if</wf>
<wf cmd="ignore" pos="DT">any</wf>
<punc>,</punc>
<wf cmd="done" pos="VBZ" ot="notag">is</wf>
<wf cmd="done" pos="VB" lemma="sound" wnsn="2" lexsn="2:39:00::">sounded</wf>
<wf cmd="ignore" pos="IN">in</wf>
<wf cmd="ignore" pos="DT">the</wf>
<wf cmd="tag" pos="JJ">initial</wf>
<wf cmd="tag" pos="NN">article</wf>
<wf cmd="tag" pos="JJ">entitled</wf>
<punc>:</punc>
<punc>``</punc>
<wf cmd="ignore" pos="WRB">How</wf>
<wf cmd="ignore" pos="TO">to</wf>
<wf cmd="done" pos="VB" lemma="get_through" wnsn="2" lexsn="2:42:00::">Get_Through</wf>
<wf cmd="ignore" pos="DT">the</wf>
<wf cmd="tag" pos="NN">Day</wf>
<punc>''</punc>
<punc>.</punc>
</s>
<s snum="30">
<wf cmd="ignore" pos="PRP">It</wf>
<wf cmd="done" pos="VBZ" ot="notag">is</wf>
<wf cmd="done" pos="VB" lemma="repeat" wnsn="1" lexsn="2:32:00::">repeated</wf>
<wf cmd="ignore" pos="IN">at</wf>
<wf cmd="tag" pos="NNS">intervals</wf>
<wf cmd="ignore" pos="IN">in</wf>
<wf cmd="ignore" pos="DT">some</wf>
<wf cmd="tag" pos="RB">rather</wf>
<wf cmd="tag" pos="RB">sadly</wf>
<wf cmd="tag" pos="JJ">desperate</wf>
<wf cmd="tag" pos="NNS">word-games</wf>
<wf cmd="ignore" pos="IN">for</wf>
<wf cmd="tag" pos="NNS">insomniacs</wf>
<punc>,</punc>
<wf cmd="ignore" pos="DT">the</wf>
<wf cmd="tag" pos="JJ">hospitalized</wf>
<punc>,</punc>
<wf cmd="tag" pos="RB">and_others</wf>
<wf cmd="done" pos="VB" lemma="force" wnsn="1" lexsn="2:41:00::">forced</wf>
<wf cmd="ignore" pos="TO">to</wf>
<wf cmd="done" pos="VB" lemma="rely_on" wnsn="0" lexsn="2:31:01::">rely_on</wf>
<wf cmd="tag" pos="NN">inner_resources</wf>
<punc>,</punc>
<wf cmd="done" pos="VB" lemma="include" wnsn="1" lexsn="2:42:00::">including</wf>
<punc>(</punc>
<wf cmd="ignore" pos="IN">in</wf>
<wf cmd="ignore" pos="DT">the</wf>
<wf cmd="tag" pos="NN">P</wf>
<wf cmd="ignore" pos="POS">'s</wf>
<wf cmd="tag" pos="RB">alone</wf>
<punc>)</punc>
<punc>``</punc>
<wf cmd="tag" pos="NNS">palindromes</wf>
<punc>''</punc>
<punc>,</punc>
<punc>``</punc>
<wf cmd="tag" pos="NNS">paraphrases</wf>
<punc>''</punc>
<punc>,</punc>
<wf cmd="ignore" pos="CC">and</wf>
<punc>``</punc>
<wf cmd="tag" pos="NNS">parodies</wf>
<punc>''</punc>
<punc>.</punc>
</s>
</p>
<p pnum="12">
<s snum="31">
<punc>``</punc>
<wf cmd="ignore" pos="DT">The</wf>
<wf cmd="tag" pos="NNP">Tyranny</wf>
<wf cmd="ignore" pos="IN">of</wf>
<wf cmd="tag" pos="NNP">Trivia</wf>
<punc>''</punc>
<wf cmd="done" pos="VB" lemma="suggest" wnsn="4" lexsn="2:32:03::">suggests</wf>
<wf cmd="tag" pos="JJ">arbitrary</wf>
<wf cmd="tag" pos="JJ">alphabetical</wf>
<wf cmd="tag" pos="NNS">associations</wf>
<wf cmd="ignore" pos="TO">to</wf>
<wf cmd="done" pos="VB" lemma="induce" wnsn="1" lexsn="2:36:00::">induce</wf>
<wf cmd="tag" pos="NN">slumber</wf>
<punc>.</punc>
</s>
<s snum="32">
<wf cmd="ignore" pos="CC">And</wf>
<wf cmd="tag" pos="JJ">new</wf>
<wf cmd="tag" pos="NNS">vistas</wf>
<wf cmd="ignore" pos="IN">of</wf>
<wf cmd="tag" pos="NN">hairshirt</wf>
<wf cmd="tag" pos="NN">asceticism</wf>
<wf cmd="done" pos="VBP" ot="notag">are</wf>
<wf cmd="done" pos="VB" lemma="open" wnsn="2" lexsn="2:41:00::">opened</wf>
<wf cmd="ignore" pos="IN">by</wf>
<wf cmd="tag" pos="JJ">scholarly</wf>
<wf cmd="tag" pos="NNS">monographs</wf>
<wf cmd="tag" pos="JJ">entitled</wf>
<punc>:</punc>
</s>
<s snum="33">
<punc>``</punc>
<wf cmd="tag" pos="NNS">Friends</wf>
<punc>,</punc>
<wf cmd="tag" pos="NNPS">Romans</wf>
<punc>,</punc>
<wf cmd="tag" pos="NNPS">Countrymen</wf>
<punc>,</punc>
<wf cmd="done" pos="VB" lemma="lend" wnsn="2" lexsn="2:40:00::">Lend</wf>
<wf cmd="ignore" pos="PRP">Me</wf>
<wf cmd="ignore" pos="PRP$">Your</wf>
<wf cmd="tag" pos="NNPS">Ear-Muffs</wf>
<punc>''</punc>
<punc>,</punc>
<punc>``</punc>
<wf cmd="tag" pos="JJ">Such</wf>
<wf cmd="ignore" pos="DT">a</wf>
<wf cmd="tag" pos="NNP">Phrase</wf>
<wf cmd="ignore" pos="IN">as</wf>
<wf cmd="done" pos="VB" lemma="drift" wnsn="3" lexsn="2:38:01::">Drifts</wf>
<wf cmd="ignore" pos="IN">Through</wf>
<wf cmd="tag" pos="NNP">Dream</wf>
<punc>''</punc>
<punc>,</punc>
<wf cmd="ignore" pos="CC">and</wf>
<punc>``</punc>
<wf cmd="ignore" pos="DT">The</wf>
<wf cmd="tag" pos="NNP">New_Vocabularianism</wf>
<punc>''</punc>
<punc>.</punc>
</s>
<s snum="34">
<wf cmd="ignore" pos="DT">Some</wf>
<wf cmd="ignore" pos="IN">of</wf>
<wf cmd="tag" pos="NNP">Thurber</wf>
<wf cmd="ignore" pos="POS">'s</wf>
<wf cmd="tag" pos="JJ">curative</wf>
<wf cmd="tag" pos="NNS">methods</wf>
<wf cmd="done" pos="VB" lemma="involve" wnsn="1" lexsn="2:42:01::">involve</wf>
<wf cmd="tag" pos="JJ">strong</wf>
<wf cmd="tag" pos="NNS">potions</wf>
<wf cmd="ignore" pos="IN">of</wf>
<wf cmd="tag" pos="JJ">mixed</wf>
<wf cmd="tag" pos="NN">metaphor</wf>
<punc>,</punc>
<wf cmd="tag" pos="NN">malapropism</wf>
<punc>,</punc>
<wf cmd="ignore" pos="CC">and</wf>
<wf cmd="tag" pos="NN">gobbledygook</wf>
<wf cmd="ignore" pos="CC">and</wf>
<wf cmd="done" pos="VBP" ot="notag">are</wf>
<wf cmd="done" pos="VB" lemma="recommend" wnsn="1" lexsn="2:32:01::">recommended</wf>
<wf cmd="ignore" pos="IN">for</wf>
<wf cmd="tag" pos="NN">use</wf>
<wf cmd="tag" pos="RB">only</wf>
<wf cmd="ignore" pos="IN">in</wf>
<wf cmd="tag" pos="JJ">extreme</wf>
<wf cmd="tag" pos="NNS">cases</wf>
<punc>.</punc>
</s>
</p>
<p pnum="13">
<s snum="35">
<wf cmd="ignore" pos="DT">A</wf>
<wf cmd="tag" pos="JJ">burlesque</wf>
<wf cmd="tag" pos="NN">paean</wf>
<wf cmd="tag" pos="JJ">entitled</wf>
<punc>:</punc>
<punc>``</punc>
<wf cmd="tag" pos="NNP">Hark</wf>
<wf cmd="ignore" pos="DT">the</wf>
<wf cmd="tag" pos="NNP">Herald_Tribune</wf>
<punc>,</punc>
<wf cmd="tag" pos="NNP">Times</wf>
<punc>,</punc>
<wf cmd="ignore" pos="CC">and</wf>
<wf cmd="ignore" pos="DT">All</wf>
<wf cmd="ignore" pos="DT">the</wf>
<wf cmd="tag" pos="JJ">Other</wf>
<wf cmd="tag" pos="NNPS">Angels</wf>
<wf cmd="tag" pos="NNP">Sing</wf>
<punc>''</punc>
<wf cmd="tag" pos="RB">brilliantly</wf>
<wf cmd="done" pos="VB" lemma="succeed" wnsn="1" lexsn="2:41:00::">succeeds</wf>
<wf cmd="done" pos="VB" ot="notag">in</wf>
<wf cmd="done" pos="VB" lemma="exaggerate" wnsn="1" lexsn="2:32:00::">exaggerating</wf>
<wf cmd="tag" pos="RB">even</wf>
<wf cmd="tag" pos="NN">motion-picture</wf>
<wf cmd="tag" pos="NN">ballyhooey</wf>
<punc>.</punc>
</s>
<s snum="36">
<punc>``</punc>
<wf cmd="tag" pos="NNP">How_the_Kooks_Crumble</wf>
<punc>''</punc>
<wf cmd="done" pos="VB" lemma="feature" wnsn="1" lexsn="2:42:00::">features</wf>
<wf cmd="ignore" pos="DT">an</wf>
<wf cmd="tag" pos="RB">amusingly</wf>
<wf cmd="tag" pos="JJ">accurate</wf>
<wf cmd="tag" pos="NN">take-off</wf>
<wf cmd="ignore" pos="IN">on</wf>
<wf cmd="tag" pos="JJ">sneaky</wf>
<wf cmd="tag" pos="NNS">announcers</wf>
<wf cmd="ignore" pos="WP">who</wf>
<wf cmd="done" pos="VB" lemma="attempt" wnsn="1" lexsn="2:41:00::">attempt</wf>
<wf cmd="ignore" pos="TO">to</wf>
<wf cmd="done" pos="VB" lemma="homogenize" wnsn="1" lexsn="2:30:01::">homogenize</wf>
<wf cmd="tag" pos="NN">radio</wf>
<punc>-</punc>
<wf cmd="tag" pos="NN">TV</wf>
<wf cmd="tag" pos="NNS">commercials</wf>
<punc>,</punc>
<wf cmd="ignore" pos="CC">and</wf>
<punc>``</punc>
<wf cmd="ignore" pos="DT">The</wf>
<wf cmd="tag" pos="NNPS">Watchers</wf>
<wf cmd="ignore" pos="IN">of</wf>
<wf cmd="ignore" pos="DT">the</wf>
<wf cmd="tag" pos="NN">Night</wf>
<punc>''</punc>
<wf cmd="done" pos="VB" lemma="be" wnsn="2" lexsn="2:42:06::">is</wf>
<wf cmd="ignore" pos="DT">a</wf>
<wf cmd="tag" pos="JJ">veritable</wf>
<wf cmd="tag" pos="JJ">waking</wf>
<wf cmd="tag" pos="NN">nightmare</wf>
<punc>.</punc>
</s>
</p>
<p pnum="14">
<s snum="37">
<wf cmd="ignore" pos="DT">A</wf>
<wf cmd="tag" pos="JJ">semi-serious</wf>
<wf cmd="tag" pos="JJ">literary</wf>
<wf cmd="tag" pos="NN">document</wf>
<wf cmd="tag" pos="JJ">entitled</wf>
<punc>``</punc>
<wf cmd="ignore" pos="DT">The</wf>
<wf cmd="tag" pos="NNPS">Wings</wf>
<wf cmd="ignore" pos="IN">of</wf>
<wf cmd="tag" pos="NN">Henry_James</wf>
<punc>''</punc>
<wf cmd="done" pos="VB" lemma="be" wnsn="1" lexsn="2:42:03::">is</wf>
<wf cmd="tag" pos="JJ">noteworthy</wf>
<punc>,</punc>
<wf cmd="ignore" pos="IN">if</wf>
<wf cmd="tag" pos="RB">only</wf>
<wf cmd="ignore" pos="IN">for</wf>
<wf cmd="ignore" pos="DT">a</wf>
<wf cmd="tag" pos="RB">keenly</wf>
<wf cmd="tag" pos="JJ">trenchant</wf>
<wf cmd="ignore" pos="IN">though</wf>
<wf cmd="tag" pos="JJ">little-known</wf>
<wf cmd="tag" pos="NN">comment</wf>
<wf cmd="done" pos="VB" ot="notag">on</wf>
<wf cmd="ignore" pos="DT">the</wf>
<wf cmd="tag" pos="NN">master</wf>
<wf cmd="ignore" pos="POS">'s</wf>
<wf cmd="tag" pos="JJ">difficult</wf>
<wf cmd="tag" pos="RB">later</wf>
<wf cmd="tag" pos="NN">period</wf>
<wf cmd="ignore" pos="IN">by</wf>
<wf cmd="tag" pos="JJ">modest</wf>
<wf cmd="tag" pos="NNP">Owen_Wister</wf>
<punc>,</punc>
<wf cmd="tag" pos="NN">author</wf>
<wf cmd="ignore" pos="IN">of</wf>
<punc>``</punc>
<wf cmd="ignore" pos="DT">The</wf>
<wf cmd="tag" pos="NNP">Virginian</wf>
<punc>''</punc>
<punc>.</punc>
</s>
<s snum="38">
<wf cmd="tag" pos="NNP">James</wf>
<punc>,</punc>
<wf cmd="ignore" pos="PRP">he</wf>
<wf cmd="done" pos="VB" lemma="remark" wnsn="1" lexsn="2:32:00::">remarks</wf>
<wf cmd="ignore" pos="IN">in</wf>
<wf cmd="ignore" pos="DT">a</wf>
<wf cmd="tag" pos="NN">letter</wf>
<wf cmd="ignore" pos="TO">to</wf>
<wf cmd="ignore" pos="DT">a</wf>
<wf cmd="tag" pos="NN">friend</wf>
<punc>,</punc>
<punc>``</punc>
<wf cmd="done" pos="VBZ" ot="notag">is</wf>
<wf cmd="done" pos="VB" lemma="attempt" wnsn="2" lexsn="2:36:00::">attempting</wf>
<wf cmd="ignore" pos="DT">the</wf>
<wf cmd="tag" pos="JJ">impossible</wf>
<punc>,</punc>
<wf cmd="tag" pos="RB">namely</wf>
<punc>,</punc>
<wf cmd="ignore" pos="TO">to</wf>
<wf cmd="done" pos="VB" lemma="produce" wnsn="1" lexsn="2:36:02::">produce</wf>
<wf cmd="ignore" pos="IN">upon</wf>
<wf cmd="ignore" pos="DT">the</wf>
<wf cmd="tag" pos="NN">reader</wf>
<punc>,</punc>
<wf cmd="ignore" pos="IN">as</wf>
<wf cmd="ignore" pos="DT">a</wf>
<wf cmd="tag" pos="NN">painting</wf>
<wf cmd="done" pos="VB" lemma="produce" wnsn="1" lexsn="2:36:02::">produces</wf>
<wf cmd="ignore" pos="IN">upon</wf>
<wf cmd="ignore" pos="DT">the</wf>
<wf cmd="tag" pos="NN">gazer</wf>
<punc>,</punc>
<wf cmd="tag" pos="JJ">a_number_of</wf>
<wf cmd="tag" pos="JJ">superimposed</wf>
<punc>,</punc>
<wf cmd="tag" pos="JJ">simultaneous</wf>
<wf cmd="tag" pos="NNS">impressions</wf>
<punc>.</punc>
</s>
<s snum="39">
<wf cmd="ignore" pos="PRP">He</wf>
<wf cmd="done" pos="VB" lemma="would" wnsn="0" lexsn="2:42:00::">would</wf>
<wf cmd="done" pos="VB" lemma="like" wnsn="1" lexsn="2:37:01::">like</wf>
<wf cmd="ignore" pos="TO">to</wf>
<wf cmd="done" pos="VB" lemma="put" wnsn="2" lexsn="2:35:05::">put</wf>
<wf cmd="tag" pos="JJ">several</wf>
<wf cmd="tag" pos="NNS">sentences</wf>
<wf cmd="ignore" pos="IN">on</wf>
<wf cmd="tag" pos="JJ">top</wf>
<wf cmd="ignore" pos="IN">of</wf>
<wf cmd="ignore" pos="DT">each</wf>
<wf cmd="tag" pos="JJ">other</wf>
<wf cmd="tag" pos="RB">so_that</wf>
<wf cmd="ignore" pos="PRP">you</wf>
<wf cmd="ignore" pos="MD">could</wf>
<wf cmd="done" pos="VB" lemma="read" wnsn="1" lexsn="2:31:00::">read</wf>
<wf cmd="ignore" pos="PRP">them</wf>
<wf cmd="tag" pos="RB">all_at_once</wf>
<punc>,</punc>
<wf cmd="ignore" pos="CC">and</wf>
<wf cmd="done" pos="VB" lemma="get" wnsn="7" lexsn="2:39:00::">get</wf>
<wf cmd="tag" pos="RB">all_at_once</wf>
<punc>,</punc>
<wf cmd="ignore" pos="DT">the</wf>
<wf cmd="tag" pos="JJ">various</wf>
<wf cmd="tag" pos="NNS">shadings</wf>
<wf cmd="ignore" pos="CC">and</wf>
<wf cmd="tag" pos="NNS">complexities</wf>
<punc>''</punc>
<punc>.</punc>
</s>
</p>
<p pnum="15">
<s snum="40">
<wf cmd="tag" pos="RB">Equally</wf>
<wf cmd="tag" pos="JJ">penetrating</wf>
<wf cmd="ignore" pos="IN">in</wf>
<wf cmd="ignore" pos="PRP$">its</wf>
<wf cmd="tag" pos="NN">fashion</wf>
<wf cmd="done" pos="VB" lemma="be" wnsn="1" lexsn="2:42:03::">is</wf>
<wf cmd="ignore" pos="DT">the</wf>
<wf cmd="tag" pos="JJ">following</wf>
<wf cmd="tag" pos="NN">remark</wf>
<wf cmd="ignore" pos="IN">by</wf>
<wf cmd="ignore" pos="DT">a</wf>
<wf cmd="tag" pos="NN">lady</wf>
<wf cmd="ignore" pos="IN">in</wf>
<wf cmd="ignore" pos="DT">the</wf>
<wf cmd="tag" pos="NN">course</wf>
<wf cmd="ignore" pos="IN">of</wf>
<wf cmd="ignore" pos="DT">a</wf>
<wf cmd="tag" pos="JJ">literary</wf>
<wf cmd="tag" pos="NN">conversation</wf>
<punc>:</punc>
</s>
<s snum="41">
<punc>``</punc>
<wf cmd="tag" pos="RB">So_much</wf>
<wf cmd="done" pos="VBZ" ot="notag">has</wf>
<wf cmd="tag" pos="RB">already</wf>
<wf cmd="done" pos="VBN" ot="notag">been</wf>
<wf cmd="done" pos="VB" lemma="write" wnsn="1" lexsn="2:36:00::">written</wf>
<wf cmd="done" pos="VB" ot="notag">about</wf>
<wf cmd="tag" pos="NN">everything</wf>
<wf cmd="ignore" pos="IN">that</wf>
<wf cmd="ignore" pos="PRP">you</wf>
<wf cmd="ignore" pos="MD">can</wf>
<wf cmd="tag" pos="RB">n't</wf>
<wf cmd="done" pos="VB" lemma="find_out" wnsn="1" lexsn="2:32:00::">find_out</wf>
<wf cmd="tag" pos="NN">anything</wf>
<wf cmd="ignore" pos="IN">about</wf>
<wf cmd="ignore" pos="PRP">it</wf>
<punc>''</punc>
<punc>.</punc>
</s>
<s snum="42">
<wf cmd="ignore" pos="CC">Or</wf>
<wf cmd="ignore" pos="DT">the</wf>
<wf cmd="tag" pos="RB">mildly</wf>
<wf cmd="tag" pos="JJ">epigrammatic</wf>
<wf cmd="tag" pos="NN">utterance</wf>
<punc>(</punc>
<wf cmd="tag" pos="RB">also</wf>
<wf cmd="ignore" pos="DT">a</wf>
<wf cmd="tag" pos="NN">quotation</wf>
<punc>)</punc>
<punc>:</punc>
<punc>``</punc>
<wf cmd="tag" pos="NNP">Woman</wf>
<wf cmd="ignore" pos="POS">'s</wf>
<wf cmd="tag" pos="NN">place</wf>
<wf cmd="done" pos="VB" lemma="be" wnsn="1" lexsn="2:42:03::">is</wf>
<wf cmd="done" pos="VB" ot="notag">in</wf>
<wf cmd="done" pos="VB" ot="notag">the</wf>
<wf cmd="tag" pos="NN">wrong</wf>
<punc>''</punc>
<punc>.</punc>
</s>
<s snum="43">
<wf cmd="ignore" pos="WP">Who</wf>
<wf cmd="ignore" pos="CC">but</wf>
<wf cmd="tag" pos="NNP">Thurber</wf>
<wf cmd="ignore" pos="MD">can</wf>
<wf cmd="done" pos="VB" ot="notag">be</wf>
<wf cmd="done" pos="VB" lemma="count_on" wnsn="1" lexsn="2:31:01::">counted_on</wf>
<wf cmd="ignore" pos="TO">to</wf>
<wf cmd="done" pos="VB" lemma="glean" wnsn="1" lexsn="2:35:00::">glean</wf>
<wf cmd="tag" pos="JJ">such</wf>
<wf cmd="tag" pos="JJ">nectareous</wf>
<wf cmd="tag" pos="NNS">essences</wf>
<punc>?</punc>
</s>
</p>
<p pnum="16">
<s snum="44">
<wf cmd="ignore" pos="DT">A</wf>
<wf cmd="tag" pos="NN">tribute</wf>
<wf cmd="ignore" pos="TO">to</wf>
<wf cmd="tag" pos="NN">midsummer</wf>
<punc>``</punc>
<wf cmd="tag" pos="NNS">bang-sashes</wf>
<punc>''</punc>
<wf cmd="done" pos="VB" lemma="seem" wnsn="1" lexsn="2:39:00::">seems</wf>
<wf cmd="tag" pos="RB">terribly</wf>
<wf cmd="tag" pos="JJ">funny</wf>
<punc>,</punc>
<wf cmd="ignore" pos="IN">though</wf>
<wf cmd="ignore" pos="PRP">it</wf>
<wf cmd="ignore" pos="MD">would</wf>
<wf cmd="done" pos="VB" lemma="be" wnsn="1" lexsn="2:42:03::">be</wf>
<wf cmd="tag" pos="JJ">hard</wf>
<wf cmd="ignore" pos="TO">to</wf>
<wf cmd="done" pos="VB" lemma="explain" wnsn="1" lexsn="2:32:00::">explain</wf>
<wf cmd="ignore" pos="WRB">why</wf>
<punc>.</punc>
</s>
<s snum="45">
<punc>``</punc>
<wf cmd="tag" pos="CD">One</wf>
<wf cmd="ignore" pos="IN">of</wf>
<wf cmd="ignore" pos="PRP">them</wf>
<wf cmd="done" pos="VB" lemma="bang" wnsn="2" lexsn="2:39:00::">banged</wf>
<wf cmd="ignore" pos="DT">the</wf>
<wf cmd="tag" pos="NN">sash</wf>
<wf cmd="ignore" pos="IN">of</wf>
<wf cmd="ignore" pos="DT">the</wf>
<wf cmd="tag" pos="NN">window</wf>
<wf cmd="tag" pos="JJS">nearest</wf>
<wf cmd="ignore" pos="PRP$">my</wf>
<wf cmd="tag" pos="NN">bed</wf>
<wf cmd="ignore" pos="IN">around</wf>
<wf cmd="tag" pos="NN">midnight</wf>
<wf cmd="ignore" pos="IN">in</wf>
<wf cmd="tag" pos="NNP">July</wf>
<wf cmd="ignore" pos="CC">and</wf>
<wf cmd="ignore" pos="PRP">I</wf>
<wf cmd="done" pos="VB" lemma="leap" wnsn="1" lexsn="2:38:00::">leaped</wf>
<wf cmd="tag" pos="RB">out</wf>
<wf cmd="ignore" pos="IN">of</wf>
<wf cmd="tag" pos="NN">sleep</wf>
<wf cmd="ignore" pos="CC">and</wf>
<wf cmd="tag" pos="JJ">out_of_bed</wf>
<punc>.</punc>
</s>
<s snum="46">
<punc>'</punc>
<wf cmd="ignore" pos="PRP">It</wf>
<wf cmd="done" rdf="is" pos="VB" lemma="be" wnsn="2" lexsn="2:42:06::">'s</wf>
<wf cmd="tag" pos="RB">just</wf>
<wf cmd="ignore" pos="DT">a</wf>
<wf cmd="tag" pos="NN">bat</wf>
<punc>'</punc>
<wf cmd="done" pos="VB" lemma="say" wnsn="1" lexsn="2:32:00::">said</wf>
<wf cmd="ignore" pos="PRP$">my</wf>
<wf cmd="tag" pos="NN">wife</wf>
<wf cmd="tag" pos="RB">reassuringly</wf>
<punc>,</punc>
<wf cmd="ignore" pos="CC">and</wf>
<wf cmd="ignore" pos="PRP">I</wf>
<wf cmd="done" pos="VB" lemma="sigh" wnsn="1" lexsn="2:29:00::">sighed</wf>
<wf cmd="ignore" pos="IN">with</wf>
<wf cmd="tag" pos="NN">relief</wf>
<punc>.</punc>
</s>
<s snum="47">
<punc>'</punc>
<wf cmd="done" pos="VB" lemma="thank" wnsn="1" lexsn="2:32:00::">Thank</wf>
<wf cmd="tag" pos="NNP">God</wf>
<wf cmd="ignore" pos="IN">for</wf>
<wf cmd="ignore" pos="IN">that</wf>
<punc>'</punc>
<wf cmd="ignore" pos="PRP">I</wf>
<wf cmd="done" pos="VB" lemma="say" wnsn="1" lexsn="2:32:00::">said</wf>
<punc>;</punc>
<punc>'</punc>
<wf cmd="ignore" pos="PRP">I</wf>
<wf cmd="done" pos="VB" lemma="think" wnsn="1" lexsn="2:31:01::">thought</wf>
<wf cmd="ignore" pos="PRP">it</wf>
<wf cmd="done" pos="VB" lemma="be" wnsn="2" lexsn="2:42:06::">was</wf>
<wf cmd="ignore" pos="DT">a</wf>
<wf cmd="tag" pos="NN">human_being</wf>
<punc>''</punc>
<punc>'</punc>
<punc>.</punc>
</s>
</p>
<p pnum="17">
<s snum="48">
<wf cmd="tag" pos="RB">In_a_sense</wf>
<punc>,</punc>
<wf cmd="tag" pos="RB">perhaps</wf>
<punc>,</punc>
<wf cmd="tag" pos="NNP">Thurber</wf>
<wf cmd="done" pos="VB" lemma="be" wnsn="1" lexsn="2:42:03::">is</wf>
<wf cmd="tag" pos="JJ">indebted</wf>
<wf cmd="tag" pos="RB">artistically</wf>
<wf cmd="ignore" pos="TO">to</wf>
<wf cmd="ignore" pos="DT">the</wf>
<wf cmd="tag" pos="JJ">surrealist</wf>
<wf cmd="tag" pos="NN">painter</wf>
<punc>(</punc>
<wf cmd="done" pos="VB" lemma="be" wnsn="2" lexsn="2:42:06::">was</wf>
<wf cmd="ignore" pos="PRP">it</wf>
<wf cmd="tag" pos="NNP">Salvador_Dali</wf>
<punc>?</punc>
<punc>)</punc>
</s>
<s snum="49">
<wf cmd="ignore" pos="WP">who</wf>
<wf cmd="tag" pos="JJ">first</wf>
<wf cmd="done" pos="VB" lemma="conceive" wnsn="1" lexsn="2:36:00::">conceived</wf>
<wf cmd="ignore" pos="DT">the</wf>
<wf cmd="tag" pos="JJ">startling</wf>
<wf cmd="tag" pos="NN">fancy</wf>
<wf cmd="ignore" pos="IN">of</wf>
<wf cmd="ignore" pos="DT">a</wf>
<wf cmd="tag" pos="NN">picture_window</wf>
<wf cmd="ignore" pos="IN">in</wf>
<wf cmd="ignore" pos="DT">the</wf>
<wf cmd="tag" pos="NN">abdomen</wf>
<punc>.</punc>
</s>
<s snum="50">
<wf cmd="tag" pos="RB">That_is</wf>
<punc>,</punc>
<wf cmd="ignore" pos="PRP">it</wf>
<wf cmd="done" pos="VB" lemma="be" wnsn="1" lexsn="2:42:03::">is</wf>
<wf cmd="tag" pos="RB">literally</wf>
<wf cmd="ignore" pos="DT">a</wf>
<wf cmd="tag" pos="NN">picture_window</wf>
<punc>:</punc>
<wf cmd="ignore" pos="PRP">you</wf>
<wf cmd="done" pos="VBP" ot="notag">do</wf>
<wf cmd="tag" pos="RB">n't</wf>
<wf cmd="done" pos="VB" lemma="see" wnsn="1" lexsn="2:39:00::">see</wf>
<wf cmd="ignore" pos="IN">into</wf>
<wf cmd="ignore" pos="DT">the</wf>
<wf cmd="tag" pos="NNS">viscera</wf>
<punc>;</punc>
<wf cmd="ignore" pos="PRP">you</wf>
<wf cmd="done" pos="VB" lemma="see" wnsn="1" lexsn="2:39:00::">see</wf>
<wf cmd="ignore" pos="DT">a</wf>
<wf cmd="tag" pos="NN">picture</wf>
<punc>-</punc>
<wf cmd="tag" pos="NNS">trees</wf>
<punc>,</punc>
<wf cmd="ignore" pos="CC">or</wf>
<wf cmd="tag" pos="NNS">flowers</wf>
<punc>.</punc>
</s>
<s snum="51">
<wf cmd="ignore" pos="DT">This</wf>
<wf cmd="done" pos="VB" lemma="be" wnsn="2" lexsn="2:42:06::">is</wf>
<wf cmd="tag" pos="NN">something</wf>
<wf cmd="ignore" pos="IN">like</wf>
<wf cmd="ignore" pos="WP">what</wf>
<wf cmd="tag" pos="NNP">Thurber</wf>
<wf cmd="ignore" pos="POS">'s</wf>
<wf cmd="tag" pos="JJS">best</wf>
<wf cmd="tag" pos="NNS">effects</wf>
<wf cmd="done" pos="VB" lemma="be" wnsn="1" lexsn="2:42:03::">are</wf>
<wf cmd="ignore" pos="IN">like</wf>
<punc>,</punc>
<wf cmd="ignore" pos="IN">if</wf>
<wf cmd="ignore" pos="PRP">I</wf>
<wf cmd="done" pos="VB" lemma="be" wnsn="1" lexsn="2:42:03::">am</wf>
<wf cmd="tag" pos="RB">not</wf>
<wf cmd="tag" pos="JJ">mistaken</wf>
<punc>.</punc>
</s>
</p>
<p pnum="18">
<s snum="52">
<wf cmd="ignore" pos="IN">Though</wf>
<wf cmd="tag" pos="RB">no_longer</wf>
<wf cmd="tag" pos="JJ">able</wf>
<wf cmd="ignore" pos="TO">to</wf>
<wf cmd="done" pos="VB" lemma="turn_out" wnsn="6" lexsn="2:36:00::">turn_out</wf>
<wf cmd="ignore" pos="PRP$">his</wf>
<wf cmd="tag" pos="JJ">protoplasmic</wf>
<wf cmd="tag" pos="JJ">pen-and-ink</wf>
<wf cmd="tag" pos="NNS">sketches</wf>
<punc>(</punc>
<wf cmd="tag" pos="JJ">several</wf>
<wf cmd="tag" pos="JJ">old</wf>
<wf cmd="tag" pos="NNS">favorites</wf>
<wf cmd="done" pos="VB" lemma="be" wnsn="1" lexsn="2:42:03::">are</wf>
<wf cmd="tag" pos="JJ">scattered</wf>
<wf cmd="ignore" pos="IN">through</wf>
<wf cmd="ignore" pos="DT">the</wf>
<wf cmd="tag" pos="JJ">present</wf>
<wf cmd="tag" pos="NN">volume</wf>
<punc>)</punc>
<wf cmd="tag" pos="NNP">Thurber</wf>
<wf cmd="done" pos="VBZ" ot="notag">has</wf>
<wf cmd="done" pos="VB" lemma="retain" wnsn="0" lexsn="2:40:01::">retained</wf>
<wf cmd="tag" pos="JJ">unimpaired</wf>
<wf cmd="ignore" pos="PRP$">his</wf>
<wf cmd="tag" pos="NN">vision</wf>
<wf cmd="tag" pos="RB">of</wf>
<wf cmd="tag" pos="NN">humor</wf>
<wf cmd="ignore" pos="IN">as</wf>
<wf cmd="ignore" pos="DT">a</wf>
<wf cmd="tag" pos="NN">thing</wf>
<wf cmd="ignore" pos="IN">of</wf>
<wf cmd="tag" pos="JJ">simple</wf>
<punc>,</punc>
<wf cmd="tag" pos="JJ">unaffected</wf>
<wf cmd="tag" pos="NN">humanness</wf>
<punc>.</punc>
</s>
<s snum="53">
<wf cmd="ignore" pos="IN">In</wf>
<wf cmd="ignore" pos="PRP$">his</wf>
<wf cmd="tag" pos="JJ">concluding</wf>
<wf cmd="tag" pos="NN">paragraph</wf>
<wf cmd="ignore" pos="PRP">he</wf>
<wf cmd="done" pos="VB" lemma="write" wnsn="1" lexsn="2:36:00::">writes</wf>
<punc>:</punc>
<punc>``</punc>
<wf cmd="ignore" pos="DT">The</wf>
<wf cmd="tag" pos="JJ">devoted</wf>
<wf cmd="tag" pos="NN">writer</wf>
<wf cmd="ignore" pos="IN">of</wf>
<wf cmd="tag" pos="NN">humor</wf>
<wf cmd="ignore" pos="MD">will</wf>
<wf cmd="done" pos="VB" lemma="continue" wnsn="1" lexsn="2:42:01::">continue</wf>
<wf cmd="ignore" pos="TO">to</wf>
<wf cmd="done" pos="VB" lemma="try" wnsn="1" lexsn="2:41:00::">try</wf>
<wf cmd="ignore" pos="TO">to</wf>
<wf cmd="done" pos="VB" lemma="come" wnsn="1" lexsn="2:38:00::">come</wf>
<wf cmd="ignore" pos="IN">as</wf>
<wf cmd="tag" pos="RB">close_to</wf>
<wf cmd="tag" pos="NN">truth</wf>
<wf cmd="ignore" pos="IN">as</wf>
<wf cmd="ignore" pos="PRP">he</wf>
<wf cmd="ignore" pos="MD">can</wf>
<punc>''</punc>
<punc>.</punc>
</s>
<s snum="54">
<wf cmd="ignore" pos="IN">For</wf>
<wf cmd="tag" pos="JJ">many</wf>
<wf cmd="tag" pos="NNS">readers</wf>
<wf cmd="tag" pos="NNP">Thurber</wf>
<wf cmd="done" pos="VB" lemma="come" wnsn="1" lexsn="2:38:00::">comes</wf>
<wf cmd="tag" pos="JJR">closer</wf>
<wf cmd="ignore" pos="IN">than</wf>
<wf cmd="tag" pos="NN">anyone</wf>
<wf cmd="tag" pos="RB">else</wf>
<wf cmd="tag" pos="JJ">in_sight</wf>
<punc>.</punc>
</s>
</p>
<p pnum="19">
<s snum="55">
<wf cmd="ignore" pos="DT">The</wf>
<wf cmd="tag" pos="JJS">latest</wf>
<wf cmd="tag" pos="NNP">Low</wf>
<wf cmd="done" pos="VB" lemma="be" wnsn="2" lexsn="2:42:06::">is</wf>
<wf cmd="ignore" pos="DT">a</wf>
<wf cmd="tag" pos="NN">puzzler</wf>
<punc>.</punc>
</s>
<s snum="56">
<wf cmd="ignore" pos="DT">The</wf>
<wf cmd="tag" pos="NN">master</wf>
<wf cmd="ignore" pos="POS">'s</wf>
<wf cmd="tag" pos="NN">hand</wf>
<wf cmd="done" pos="VBZ" ot="notag">has</wf>
<wf cmd="done" pos="VB" lemma="lose" wnsn="1" lexsn="2:40:02::">lost</wf>
<wf cmd="tag" pos="NN">none</wf>
<wf cmd="ignore" pos="IN">of</wf>
<wf cmd="ignore" pos="PRP$">its</wf>
<wf cmd="tag" pos="NN">craft</wf>
<punc>.</punc>
</s>
<s snum="57">
<wf cmd="ignore" pos="PRP">He</wf>
<wf cmd="done" pos="VB" lemma="be" wnsn="1" lexsn="2:42:03::">is</wf>
<wf cmd="ignore" pos="IN">at</wf>
<wf cmd="ignore" pos="PRP$">his</wf>
<wf cmd="tag" pos="JJ">usual</wf>
<wf cmd="tag" pos="JJS">best</wf>
<wf cmd="ignore" pos="IN">in</wf>
<wf cmd="done" pos="VB" lemma="expose" wnsn="4" lexsn="2:35:00::">exposing</wf>
<wf cmd="ignore" pos="DT">the</wf>
<wf cmd="tag" pos="NNS">shams</wf>
<wf cmd="ignore" pos="CC">and</wf>
<wf cmd="tag" pos="NNS">self-deceptions</wf>
<wf cmd="ignore" pos="IN">of</wf>
<wf cmd="tag" pos="JJ">political</wf>
<wf cmd="ignore" pos="CC">and</wf>
<wf cmd="tag" pos="JJ">diplomatic</wf>
<wf cmd="tag" pos="NN">life</wf>
<wf cmd="ignore" pos="IN">in</wf>
<wf cmd="ignore" pos="DT">the</wf>
<wf cmd="tag" pos="NNS">fifties</wf>
<punc>.</punc>
</s>
<s snum="58">
<wf cmd="ignore" pos="DT">The</wf>
<wf cmd="tag" pos="NN">reader</wf>
<wf cmd="done" pos="VB" lemma="meet" wnsn="2" lexsn="2:41:01::">meets</wf>
<wf cmd="tag" pos="JJ">a_few</wf>
<wf cmd="tag" pos="JJ">old</wf>
<wf cmd="tag" pos="NNS">friends</wf>
<wf cmd="ignore" pos="IN">like</wf>
<wf cmd="tag" pos="NNP">Blimp</wf>
<wf cmd="ignore" pos="CC">and</wf>
<wf cmd="ignore" pos="DT">the</wf>
<wf cmd="tag" pos="NNP">TUC</wf>
<wf cmd="tag" pos="NN">horse</wf>
<punc>,</punc>
<wf cmd="ignore" pos="CC">and</wf>
<wf cmd="done" pos="VB" lemma="become" wnsn="1" lexsn="2:30:00::">becomes</wf>
<wf cmd="tag" pos="RB">better</wf>
<wf cmd="tag" pos="JJ">acquainted_with</wf>
<wf cmd="tag" pos="JJ">new</wf>
<wf cmd="tag" pos="NNS">members</wf>
<wf cmd="ignore" pos="IN">of</wf>
<wf cmd="ignore" pos="DT">the</wf>
<wf cmd="tag" pos="NN">cast_of_characters</wf>
<wf cmd="ignore" pos="IN">like</wf>
<wf cmd="ignore" pos="DT">the</wf>
<wf cmd="tag" pos="NN">bomb</wf>
<wf cmd="ignore" pos="PRP">itself</wf>
<punc>,</punc>
<wf cmd="ignore" pos="CC">and</wf>
<wf cmd="tag" pos="NN">civilization</wf>
<wf cmd="ignore" pos="IN">in</wf>
<wf cmd="ignore" pos="PRP$">her</wf>
<wf cmd="tag" pos="JJ">classic</wf>
<wf cmd="tag" pos="NN">robe</wf>
<wf cmd="done" pos="VB" lemma="watch" wnsn="3" lexsn="2:39:05::">watching</wf>
<wf cmd="ignore" pos="DT">the</wf>
<wf cmd="tag" pos="JJ">nuclear</wf>
<wf cmd="tag" pos="NN">arms_race</wf>
<punc>,</punc>
<wf cmd="ignore" pos="PRP$">her</wf>
<wf cmd="tag" pos="NN">hair</wf>
<wf cmd="done" pos="VB" lemma="stand" wnsn="1" lexsn="2:35:00::">standing</wf>
<wf cmd="tag" pos="JJ">straight</wf>
<wf cmd="tag" pos="RB">out</wf>
<punc>.</punc>
</s>
</p>
<p pnum="20">
<s snum="59">
<wf cmd="ignore" pos="CC">But</wf>
<wf cmd="ignore" pos="EX">there</wf>
<wf cmd="done" pos="VB" lemma="be" wnsn="1" lexsn="2:42:03::">is</wf>
<wf cmd="ignore" pos="DT">a</wf>
<wf cmd="tag" pos="NN">difference</wf>
<wf cmd="ignore" pos="IN">between</wf>
<wf cmd="ignore" pos="DT">the</wf>
<wf cmd="tag" pos="JJ">present</wf>
<wf cmd="tag" pos="NN">volume</wf>
<wf cmd="ignore" pos="CC">and</wf>
<wf cmd="ignore" pos="DT">the</wf>
<wf cmd="tag" pos="JJ">early</wf>
<wf cmd="tag" pos="NNP">Low</wf>
<punc>.</punc>
</s>
<s snum="60">
<wf cmd="ignore" pos="EX">There</wf>
<wf cmd="done" pos="VB" lemma="be" wnsn="1" lexsn="2:42:03::">is</wf>
<wf cmd="tag" pos="NN">fear</wf>
<wf cmd="ignore" pos="IN">in</wf>
<wf cmd="ignore" pos="DT">the</wf>
<wf cmd="tag" pos="NNS">fifties</wf>
<wf cmd="ignore" pos="IN">as</wf>
<wf cmd="ignore" pos="PRP$">his</wf>
<wf cmd="tag" pos="NN">title</wf>
<wf cmd="done" pos="VB" lemma="suggest" wnsn="2" lexsn="2:32:04::">suggests</wf>
<wf cmd="ignore" pos="CC">and</wf>
<wf cmd="ignore" pos="IN">as</wf>
<wf cmd="ignore" pos="PRP$">his</wf>
<wf cmd="tag" pos="JJ">competent</wf>
<wf cmd="tag" pos="NNS">drawings</wf>
<wf cmd="done" pos="VB" lemma="show" wnsn="4" lexsn="2:39:00::">show</wf>
<punc>.</punc>
</s>
<s snum="61">
<wf cmd="ignore" pos="CC">But</wf>
<wf cmd="ignore" pos="EX">there</wf>
<wf cmd="done" pos="VB" lemma="be" wnsn="1" lexsn="2:42:03::">was</wf>
<wf cmd="tag" pos="NN">terror</wf>
<wf cmd="ignore" pos="IN">in</wf>
<wf cmd="ignore" pos="DT">the</wf>
<wf cmd="tag" pos="NNS">thirties</wf>
<wf cmd="ignore" pos="WRB">when</wf>
<wf cmd="ignore" pos="DT">the</wf>
<wf cmd="tag" pos="NNPS">Nazis</wf>
<wf cmd="done" pos="VB" lemma="be" wnsn="1" lexsn="2:42:03::">were</wf>
<wf cmd="tag" pos="JJ">on_the_loose</wf>
<wf cmd="ignore" pos="CC">and</wf>
<wf cmd="ignore" pos="IN">in</wf>
<wf cmd="ignore" pos="DT">those</wf>
<wf cmd="tag" pos="NNS">days</wf>
<wf cmd="tag" pos="NNP">Low</wf>
<wf cmd="done" pos="VB" lemma="strike" wnsn="3" lexsn="2:35:01::">struck</wf>
<wf cmd="ignore" pos="IN">like</wf>
<wf cmd="tag" pos="NN">lightning</wf>
<punc>.</punc>
</s>
</p>
<p pnum="21">
<s snum="62">
<wf cmd="tag" pos="NN">Anyone</wf>
<wf cmd="ignore" pos="MD">can</wf>
<wf cmd="done" pos="VB" lemma="draw" wnsn="4" lexsn="2:31:00::">draw</wf>
<wf cmd="ignore" pos="PRP$">his</wf>
<wf cmd="tag" pos="JJ">own</wf>
<wf cmd="tag" pos="NNS">conclusions</wf>
<wf cmd="ignore" pos="IN">from</wf>
<wf cmd="ignore" pos="DT">this</wf>
<wf cmd="tag" pos="NN">difference</wf>
<punc>.</punc>
</s>
<s snum="63">
<wf cmd="ignore" pos="PRP">It</wf>
<wf cmd="ignore" pos="MD">might</wf>
<wf cmd="done" pos="VB" ot="notag">be</wf>
<wf cmd="done" pos="VB" lemma="argue" wnsn="1" lexsn="2:32:02::">argued</wf>
<wf cmd="ignore" pos="IN">that</wf>
<wf cmd="ignore" pos="DT">the</wf>
<wf cmd="tag" pos="NNPS">Communists</wf>
<wf cmd="done" pos="VB" lemma="be" wnsn="1" lexsn="2:42:03::">are</wf>
<wf cmd="tag" pos="RBR">less</wf>
<wf cmd="tag" pos="JJ">inhuman</wf>
<wf cmd="ignore" pos="IN">than</wf>
<wf cmd="ignore" pos="DT">the</wf>
<wf cmd="tag" pos="NNPS">Nazis</wf>
<wf cmd="ignore" pos="CC">and</wf>
<wf cmd="done" pos="VB" lemma="furnish" wnsn="1" lexsn="2:40:00::">furnish</wf>
<wf cmd="ignore" pos="DT">the</wf>
<wf cmd="tag" pos="NN">artist</wf>
<wf cmd="ignore" pos="IN">with</wf>
<wf cmd="tag" pos="NN">drama</wf>
<wf cmd="ignore" pos="IN">in</wf>
<wf cmd="ignore" pos="DT">a</wf>
<wf cmd="tag" pos="RBR">lower</wf>
<wf cmd="tag" pos="JJ">key</wf>
<punc>.</punc>
</s>
<s snum="64">
<wf cmd="ignore" pos="CC">But</wf>
<wf cmd="ignore" pos="DT">this</wf>
<wf cmd="tag" pos="NN">argument</wf>
<wf cmd="ignore" pos="MD">cannot</wf>
<wf cmd="done" pos="VB" ot="notag">be</wf>
<wf cmd="done" pos="VB" lemma="push" wnsn="3" lexsn="2:32:00::">pushed</wf>
<wf cmd="tag" pos="RB">very</wf>
<wf cmd="tag" pos="RB">far</wf>
<wf cmd="ignore" pos="IN">because</wf>
<wf cmd="ignore" pos="DT">the</wf>
<wf cmd="tag" pos="NNP">Communist</wf>
<wf cmd="tag" pos="NN">system</wf>
<wf cmd="done" pos="VB" lemma="make_up" wnsn="3" lexsn="2:40:00::">makes_up</wf>
<wf cmd="ignore" pos="IN">for</wf>
<wf cmd="ignore" pos="DT">any</wf>
<wf cmd="tag" pos="NNS">shortcomings</wf>
<wf cmd="ignore" pos="IN">of</wf>
<wf cmd="ignore" pos="PRP$">its</wf>
<wf cmd="tag" pos="NNS">leaders</wf>
<wf cmd="ignore" pos="IN">in</wf>
<wf cmd="tag" pos="NN">respect_to</wf>
<wf cmd="tag" pos="NN">corrosion</wf>
<punc>.</punc>
</s>
<s snum="65">
<wf cmd="ignore" pos="DT">The</wf>
<wf cmd="tag" pos="NNPS">Communists</wf>
<wf cmd="done" pos="VB" lemma="wield" wnsn="1" lexsn="2:40:00::">wield</wf>
<wf cmd="ignore" pos="DT">a</wf>
<wf cmd="tag" pos="NN">power</wf>
<wf cmd="tag" pos="JJ">unknown</wf>
<wf cmd="ignore" pos="TO">to</wf>
<wf cmd="tag" pos="NNP">Hitler</wf>
<punc>.</punc>
</s>
<s snum="66">
<wf cmd="ignore" pos="CC">And</wf>
<wf cmd="ignore" pos="DT">the</wf>
<wf cmd="tag" pos="JJ">leading</wf>
<wf cmd="tag" pos="NN">issue</wf>
<punc>,</punc>
<wf cmd="ignore" pos="IN">that</wf>
<wf cmd="ignore" pos="IN">of</wf>
<wf cmd="tag" pos="RB">piecemeal</wf>
<wf cmd="tag" pos="NN">aggression</wf>
<punc>,</punc>
<wf cmd="done" pos="VB" lemma="remain" wnsn="1" lexsn="2:30:00::">remains</wf>
<wf cmd="ignore" pos="DT">the</wf>
<wf cmd="tag" pos="JJ">same</wf>
<punc>.</punc>
</s>
<s snum="67">
<wf cmd="ignore" pos="DT">This</wf>
<wf cmd="done" pos="VB" lemma="be" wnsn="1" lexsn="2:42:03::">is</wf>
<wf cmd="tag" pos="NN">drama</wf>
<wf cmd="tag" pos="RB">enough</wf>
<punc>.</punc>
</s>
</p>
<p pnum="22">
<s snum="68">
<wf cmd="done" pos="VBP" ot="notag">Do</wf>
<wf cmd="ignore" pos="PRP">we</wf>
<wf cmd="ignore" pos="PRP">ourselves</wf>
<wf cmd="done" pos="VB" lemma="offer" wnsn="1" lexsn="2:40:02::">offer</wf>
<wf cmd="tag" pos="NNP">Mr._Low</wf>
<wf cmd="tag" pos="JJR">less</wf>
<wf cmd="ignore" pos="IN">of</wf>
<wf cmd="ignore" pos="DT">a</wf>
<wf cmd="tag" pos="NN">crusade</wf>
<punc>?</punc>
</s>
<s snum="69">
<wf cmd="ignore" pos="IN">In</wf>
<wf cmd="ignore" pos="DT">the</wf>
<wf cmd="tag" pos="NNS">thirties</wf>
<wf cmd="ignore" pos="PRP">we</wf>
<wf cmd="ignore" pos="MD">would</wf>
<wf cmd="tag" pos="RB">not</wf>
<wf cmd="done" pos="VB" lemma="face" wnsn="2" lexsn="2:33:00::">face</wf>
<wf cmd="ignore" pos="PRP$">our</wf>
<wf cmd="tag" pos="NN">enemy</wf>
<punc>;</punc>
<wf cmd="ignore" pos="WDT">that</wf>
<wf cmd="done" pos="VB" lemma="be" wnsn="1" lexsn="2:42:03::">was</wf>
<wf cmd="ignore" pos="DT">a</wf>
<wf cmd="tag" pos="JJ">nightmarish</wf>
<wf cmd="tag" pos="NN">situation</wf>
<wf cmd="ignore" pos="CC">and</wf>
<wf cmd="tag" pos="NNP">Low</wf>
<wf cmd="done" pos="VB" lemma="be" wnsn="5" lexsn="2:42:04::">was</wf>
<wf cmd="ignore" pos="IN">in</wf>
<wf cmd="ignore" pos="PRP$">his</wf>
<wf cmd="tag" pos="NN">element</wf>
<punc>.</punc>
</s>
<s snum="70">
<wf cmd="tag" pos="RB">Now</wf>
<wf cmd="ignore" pos="PRP">we</wf>
<wf cmd="done" pos="VBP" ot="notag">have</wf>
<wf cmd="done" pos="VB" lemma="stand_up" wnsn="5" lexsn="2:32:00::">stood_up</wf>
<wf cmd="ignore" pos="TO">to</wf>
<wf cmd="ignore" pos="DT">the</wf>
<wf cmd="tag" pos="NNPS">Communists</wf>
<punc>;</punc>
<wf cmd="ignore" pos="PRP">we</wf>
<wf cmd="done" pos="VB" lemma="be" wnsn="1" lexsn="2:42:03::">are</wf>
<wf cmd="tag" pos="JJR">stronger</wf>
<wf cmd="ignore" pos="CC">and</wf>
<wf cmd="tag" pos="RBR">more</wf>
<wf cmd="tag" pos="JJ">self-confident</wf>
<punc>-</punc>
<wf cmd="ignore" pos="CC">and</wf>
<wf cmd="tag" pos="NNP">Low</wf>
<wf cmd="ignore" pos="MD">cannot</wf>
<wf cmd="tag" pos="RB">so</wf>
<wf cmd="tag" pos="RB">easily</wf>
<wf cmd="done" pos="VB" lemma="put" wnsn="2" lexsn="2:35:05::">put</wf>
<wf cmd="ignore" pos="PRP">us</wf>
<wf cmd="ignore" pos="TO">to</wf>
<wf cmd="tag" pos="NNS">rights</wf>
<punc>.</punc>
</s>
</p>
<p pnum="23">
<s snum="71">
<wf cmd="ignore" pos="CC">Or</wf>
<wf cmd="done" pos="VBZ" ot="notag">does</wf>
<wf cmd="ignore" pos="DT">the</wf>
<wf cmd="tag" pos="NN">reason</wf>
<wf cmd="ignore" pos="IN">for</wf>
<wf cmd="tag" pos="RBR">less</wf>
<wf cmd="tag" pos="JJ">Jovian</wf>
<wf cmd="tag" pos="NNS">drawings</wf>
<wf cmd="done" pos="VB" lemma="lie" wnsn="3" lexsn="2:42:01::">lie</wf>
<wf cmd="tag" pos="RB">elsewhere</wf>
<punc>?</punc>
</s>
<s snum="72">
<wf cmd="ignore" pos="PRP">It</wf>
<wf cmd="ignore" pos="MD">might</wf>
<wf cmd="done" pos="VB" lemma="be" wnsn="1" lexsn="2:42:03::">be</wf>
<wf cmd="ignore" pos="IN">that</wf>
<wf cmd="tag" pos="NNP">Low</wf>
<wf cmd="done" pos="VBZ" ot="notag">has</wf>
<wf cmd="done" pos="VB" lemma="see" wnsn="3" lexsn="2:39:02::">seen</wf>
<wf cmd="tag" pos="RB">too</wf>
<wf cmd="tag" pos="JJ">many</wf>
<wf cmd="tag" pos="NNS">stupidities</wf>
<wf cmd="ignore" pos="CC">and</wf>
<wf cmd="ignore" pos="IN">that</wf>
<wf cmd="ignore" pos="PRP">they</wf>
<wf cmd="done" pos="VBP" ot="notag">do</wf>
<wf cmd="tag" pos="RB">not</wf>
<wf cmd="done" pos="VB" lemma="outrage" wnsn="1" lexsn="2:37:01::">outrage</wf>
<wf cmd="ignore" pos="PRP">him</wf>
<wf cmd="tag" pos="RB">now</wf>
<punc>.</punc>
</s>
<s snum="73">
<wf cmd="ignore" pos="PRP">He</wf>
<wf cmd="done" pos="VB" lemma="write" wnsn="1" lexsn="2:36:00::">writes</wf>
<punc>,</punc>
<punc>``</punc>
<wf cmd="tag" pos="NNP">Confucius</wf>
<wf cmd="done" pos="VB" lemma="hold" wnsn="6" lexsn="2:37:00::">held</wf>
<wf cmd="ignore" pos="IN">that</wf>
<wf cmd="ignore" pos="IN">in</wf>
<wf cmd="tag" pos="NNS">times</wf>
<wf cmd="ignore" pos="IN">of</wf>
<wf cmd="tag" pos="NN">stress</wf>
<wf cmd="tag" pos="CD">one</wf>
<wf cmd="ignore" pos="MD">should</wf>
<wf cmd="done" pos="VB" ot="notag">take</wf>
<wf cmd="tag" pos="JJ">short</wf>
<wf cmd="tag" pos="NNS">views</wf>
<punc>-</punc>
<wf cmd="tag" pos="RB">only</wf>
<wf cmd="tag" pos="JJ">up_to</wf>
<wf cmd="tag" pos="NN">lunchtime</wf>
<punc>''</punc>
<punc>.</punc>
</s>
</p>
<p pnum="24">
<s snum="74">
<wf cmd="ignore" pos="WDT">Whatever</wf>
<wf cmd="ignore" pos="DT">the</wf>
<wf cmd="tag" pos="NN">cause</wf>
<punc>,</punc>
<wf cmd="ignore" pos="PRP$">his</wf>
<wf cmd="tag" pos="NN">mood</wf>
<wf cmd="ignore" pos="IN">in</wf>
<wf cmd="ignore" pos="DT">the</wf>
<wf cmd="tag" pos="NNS">fifties</wf>
<wf cmd="tag" pos="RB">rarely</wf>
<wf cmd="done" pos="VB" lemma="rise" wnsn="2" lexsn="2:30:00::">rises</wf>
<wf cmd="ignore" pos="IN">above</wf>
<wf cmd="ignore" pos="DT">the</wf>
<wf cmd="tag" pos="NN">level</wf>
<wf cmd="ignore" pos="IN">of</wf>
<wf cmd="ignore" pos="DT">the</wf>
<wf cmd="tag" pos="RB">capably</wf>
<wf cmd="tag" pos="JJ">sardonic</wf>
<punc>.</punc>
</s>
<s snum="75">
<wf cmd="tag" pos="NNP">Dulles</wf>
<punc>?</punc>
</s>
<s snum="76">
<wf cmd="ignore" pos="PRP">He</wf>
<wf cmd="done" pos="VBZ" ot="notag">does</wf>
<wf cmd="tag" pos="RB">not</wf>
<wf cmd="done" pos="VB" lemma="seem" wnsn="1" lexsn="2:39:00::">seem</wf>
<wf cmd="ignore" pos="TO">to</wf>
<wf cmd="done" pos="VB" ot="notag">have</wf>
<wf cmd="done" pos="VB" lemma="catch" wnsn="2" lexsn="2:39:01::">caught</wf>
<wf cmd="ignore" pos="DT">the</wf>
<wf cmd="tag" pos="NNS">subtleties</wf>
<wf cmd="ignore" pos="IN">of</wf>
<wf cmd="ignore" pos="DT">the</wf>
<wf cmd="tag" pos="NN">man</wf>
<punc>.</punc>
</s>
<s snum="77">
<wf cmd="tag" pos="NNP">McCarthy</wf>
<punc>?</punc>
</s>
<s snum="78">
<wf cmd="ignore" pos="DT">The</wf>
<wf cmd="tag" pos="NNS">skies</wf>
<wf cmd="done" pos="VB" lemma="turn" wnsn="7" lexsn="2:30:03::">turn</wf>
<wf cmd="tag" pos="JJ">dark</wf>
<wf cmd="ignore" pos="CC">but</wf>
<wf cmd="ignore" pos="DT">the</wf>
<wf cmd="tag" pos="NNS">clouds</wf>
<wf cmd="done" pos="VBP" ot="notag">do</wf>
<wf cmd="tag" pos="RB">not</wf>
<wf cmd="done" pos="VB" lemma="loose" wnsn="1" lexsn="2:41:00::">loose</wf>
<wf cmd="ignore" pos="PRP$">their</wf>
<wf cmd="tag" pos="NN">wrath</wf>
<punc>.</punc>
</s>
<s snum="79">
<wf cmd="tag" pos="NNP">Suez</wf>
<punc>?</punc>
</s>
<s snum="80">
<wf cmd="tag" pos="NNP">Low</wf>
<wf cmd="done" pos="VB" lemma="seem" wnsn="1" lexsn="2:39:00::">seems</wf>
<wf cmd="ignore" pos="TO">to</wf>
<wf cmd="done" pos="VB" ot="notag">have</wf>
<wf cmd="done" pos="VB" lemma="support" wnsn="1" lexsn="2:41:00::">supported</wf>
<wf cmd="tag" pos="NNP">Eden</wf>
<wf cmd="tag" pos="RB">at_first</wf>
<wf cmd="tag" pos="RB">and_then</wf>
<wf cmd="done" pos="VB" lemma="relent" wnsn="1" lexsn="2:42:00::">relented</wf>
<wf cmd="ignore" pos="IN">because</wf>
<wf cmd="tag" pos="NNS">things</wf>
<wf cmd="done" pos="VB" lemma="work_out" wnsn="1" lexsn="2:30:00::">worked_out</wf>
<wf cmd="tag" pos="RB">differently</wf>
<punc>,</punc>
<wf cmd="tag" pos="RB">so</wf>
<wf cmd="ignore" pos="EX">there</wf>
<wf cmd="done" pos="VB" lemma="be" wnsn="5" lexsn="2:42:04::">is</wf>
<wf cmd="ignore" pos="DT">no</wf>
<wf cmd="tag" pos="NN">fire</wf>
<wf cmd="ignore" pos="IN">in</wf>
<wf cmd="ignore" pos="PRP$">his</wf>
<wf cmd="tag" pos="NN">eye</wf>
<punc>.</punc>
</s>
</p>
<p pnum="25">
<s snum="81">
<wf cmd="tag" pos="NNP">Stalin</wf>
<wf cmd="ignore" pos="POS">'s</wf>
<wf cmd="tag" pos="NN">death</wf>
<punc>,</punc>
<wf cmd="tag" pos="NNP">Churchill</wf>
<wf cmd="ignore" pos="POS">'s</wf>
<wf cmd="tag" pos="NN">farewell</wf>
<wf cmd="ignore" pos="TO">to</wf>
<wf cmd="tag" pos="JJ">public</wf>
<wf cmd="tag" pos="NN">life</wf>
<punc>,</punc>
<wf cmd="tag" pos="NNP">Hillary</wf>
<wf cmd="ignore" pos="CC">and</wf>
<wf cmd="tag" pos="NNP">Tensing</wf>
<wf cmd="ignore" pos="IN">on</wf>
<wf cmd="tag" pos="NNP">Everest</wf>
<punc>,</punc>
<wf cmd="tag" pos="NNP">Quemoy</wf>
<wf cmd="ignore" pos="CC">and</wf>
<wf cmd="tag" pos="NNP">Matsu</wf>
<punc>-</punc>
<wf cmd="ignore" pos="DT">all</wf>
<wf cmd="tag" pos="NNS">subjects</wf>
<wf cmd="ignore" pos="IN">for</wf>
<wf cmd="ignore" pos="DT">a</wf>
<wf cmd="tag" pos="JJ">noble</wf>
<wf cmd="tag" pos="NN">anger</wf>
<wf cmd="ignore" pos="CC">or</wf>
<wf cmd="ignore" pos="DT">an</wf>
<wf cmd="tag" pos="NN">accolade</wf>
<punc>.</punc>
</s>
<s snum="82">
<wf cmd="tag" pos="RB">Instead</wf>
<wf cmd="ignore" pos="DT">the</wf>
<wf cmd="tag" pos="NNS">cartoons</wf>
<wf cmd="done" pos="VB" lemma="seem" wnsn="1" lexsn="2:39:00::">seem</wf>
<wf cmd="ignore" pos="TO">to</wf>
<wf cmd="done" pos="VB" lemma="deal" wnsn="1" lexsn="2:32:08::">deal</wf>
<wf cmd="done" pos="VB" ot="notag">with</wf>
<wf cmd="tag" pos="NNS">foibles</wf>
<punc>.</punc>
</s>
<s snum="83">
<wf cmd="ignore" pos="PRP$">Their</wf>
<wf cmd="tag" pos="NNP">Eisenhower</wf>
<wf cmd="done" pos="VB" lemma="be" wnsn="1" lexsn="2:42:03::">is</wf>
<wf cmd="tag" pos="JJ">insubstantial</wf>
<punc>.</punc>
</s>
<s snum="84">
<wf cmd="done" pos="VBD" ot="notag">Did</wf>
<wf cmd="tag" pos="NNP">Low</wf>
<wf cmd="done" pos="VB" lemma="decide" wnsn="1" lexsn="2:31:00::">decide</wf>
<wf cmd="ignore" pos="TO">to</wf>
<wf cmd="done" pos="VB" lemma="let" wnsn="5" lexsn="2:30:00::">let</wf>
<wf cmd="tag" pos="RB">well</wf>
<wf cmd="tag" pos="RB">enough</wf>
<wf cmd="tag" pos="RB">alone</wf>
<wf cmd="ignore" pos="WRB">when</wf>
<wf cmd="ignore" pos="PRP">he</wf>
<wf cmd="done" pos="VB" lemma="make" wnsn="16" lexsn="2:36:12::">made</wf>
<wf cmd="ignore" pos="PRP$">his</wf>
<wf cmd="tag" pos="NNS">selections</wf>
<punc>?</punc>
</s>
</p>
<p pnum="26">
<s snum="85">
<wf cmd="ignore" pos="PRP">He</wf>
<wf cmd="tag" pos="RB">often</wf>
<wf cmd="done" pos="VB" lemma="draw" wnsn="6" lexsn="2:36:00::">drew</wf>
<wf cmd="ignore" pos="DT">the</wf>
<wf cmd="tag" pos="NN">bomb</wf>
<punc>.</punc>
</s>
<s snum="86">
<wf cmd="ignore" pos="PRP">He</wf>
<wf cmd="done" pos="VB" lemma="show" wnsn="1" lexsn="2:39:02::">showed</wf>
<wf cmd="tag" pos="JJ">puny</wf>
<wf cmd="tag" pos="NNS">men</wf>
<wf cmd="done" pos="VB" lemma="attack" wnsn="1" lexsn="2:33:00::">attacked</wf>
<wf cmd="ignore" pos="IN">by</wf>
<wf cmd="tag" pos="RB">splendidly</wf>
<wf cmd="tag" pos="JJ">tyrannical</wf>
<wf cmd="tag" pos="NNS">machines</wf>
<punc>.</punc>
</s>
<s snum="87">
<wf cmd="ignore" pos="CC">And</wf>
<wf cmd="tag" pos="NNP">Khrushchev</wf>
<wf cmd="done" pos="VB" lemma="turn_out" wnsn="1" lexsn="2:42:00::">turned_out</wf>
<wf cmd="ignore" pos="TO">to</wf>
<wf cmd="done" pos="VB" lemma="be" wnsn="1" lexsn="2:42:03::">be</wf>
<wf cmd="tag" pos="JJ">prime</wf>
<wf cmd="tag" pos="NN">copy</wf>
<wf cmd="ignore" pos="IN">for</wf>
<wf cmd="tag" pos="RB">the_most</wf>
<wf cmd="tag" pos="JJ">witty</wf>
<wf cmd="tag" pos="NN">caricaturist</wf>
<wf cmd="ignore" pos="IN">of</wf>
<wf cmd="ignore" pos="PRP">them</wf>
<wf cmd="ignore" pos="DT">all</wf>
<punc>.</punc>
</s>
<s snum="88">
<wf cmd="ignore" pos="CC">But</wf>
<punc>,</punc>
<wf cmd="ignore" pos="CC">but</wf>
<wf cmd="ignore" pos="CC">and</wf>
<wf cmd="ignore" pos="CC">but</wf>
<punc>.</punc>
</s>
</p>
<p pnum="27">
<s snum="89">
<wf cmd="done" pos="VB" lemma="look" wnsn="1" lexsn="2:39:00::">Look</wf>
<wf cmd="tag" pos="RB">in_this</wf>
<wf cmd="tag" pos="NN">book</wf>
<wf cmd="ignore" pos="IN">for</wf>
<wf cmd="tag" pos="JJ">weak</wf>
<wf cmd="tag" pos="NNS">mortals</wf>
<wf cmd="ignore" pos="CC">and</wf>
<wf cmd="tag" pos="RB">only</wf>
<wf cmd="tag" pos="RB">on_occasion</wf>
<wf cmd="ignore" pos="IN">for</wf>
<wf cmd="tag" pos="NNS">virtues</wf>
<wf cmd="ignore" pos="CC">and</wf>
<wf cmd="tag" pos="NNS">vices</wf>
<wf cmd="ignore" pos="IN">on</wf>
<wf cmd="ignore" pos="DT">the</wf>
<wf cmd="tag" pos="JJ">heroic</wf>
<wf cmd="tag" pos="NN">scale</wf>
<punc>.</punc>
</s>
<s snum="90">
<wf cmd="done" pos="VB" lemma="read" wnsn="1" lexsn="2:31:00::">Read</wf>
<wf cmd="ignore" pos="DT">the</wf>
<wf cmd="tag" pos="RB">moderately</wf>
<wf cmd="tag" pos="JJ">brief</wf>
<wf cmd="tag" pos="NN">text</wf>
<punc>,</punc>
<wf cmd="tag" pos="RB">not</wf>
<wf cmd="ignore" pos="IN">for</wf>
<wf cmd="tag" pos="NNS">captions</wf>
<punc>,</punc>
<wf cmd="tag" pos="RB">sometimes</wf>
<wf cmd="ignore" pos="IN">for</wf>
<wf cmd="tag" pos="JJ">tart</wf>
<wf cmd="tag" pos="NNS">epigrams</wf>
<punc>,</punc>
<wf cmd="tag" pos="RB">once_in_a_while</wf>
<wf cmd="ignore" pos="IN">for</wf>
<wf cmd="ignore" pos="DT">an</wf>
<wf cmd="tag" pos="NN">explosion</wf>
<wf cmd="tag" pos="RB">in_the_middle</wf>
<wf cmd="ignore" pos="IN">of</wf>
<wf cmd="ignore" pos="PRP$">your</wf>
<wf cmd="tag" pos="JJ">fixed</wf>
<wf cmd="tag" pos="NNS">ideas</wf>
<punc>.</punc>
</s>
</p>
<p pnum="28">
<s snum="91">
<wf cmd="ignore" pos="DT">A</wf>
<wf cmd="tag" pos="NN">gray_fox</wf>
<wf cmd="ignore" pos="IN">with</wf>
<wf cmd="ignore" pos="DT">a</wf>
<wf cmd="tag" pos="NN">patch</wf>
<wf cmd="ignore" pos="IN">on</wf>
<wf cmd="tag" pos="CD">one</wf>
<wf cmd="tag" pos="NN">eye</wf>
<punc>-</punc>
<wf cmd="tag" pos="NN">confidence_man</wf>
<punc>,</punc>
<wf cmd="tag" pos="NN">city_slicker</wf>
<punc>,</punc>
<wf cmd="tag" pos="NN">lebensraum</wf>
<wf cmd="tag" pos="NN">specialist</wf>
<punc>-</punc>
<wf cmd="done" pos="VB" lemma="try" wnsn="1" lexsn="2:41:00::">tries</wf>
<wf cmd="ignore" pos="TO">to</wf>
<wf cmd="done" pos="VB" lemma="take_over" wnsn="1" lexsn="2:40:07::">take_over</wf>
<wf cmd="tag" pos="NNP">Catfish_Bend</wf>
<wf cmd="tag" pos="RB">in_this</wf>
<wf cmd="tag" pos="JJ">third</wf>
<wf cmd="tag" pos="JJ">relaxed</wf>
<wf cmd="tag" pos="NN">allegory</wf>
<wf cmd="ignore" pos="IN">from</wf>
<wf cmd="tag" pos="NNP">Mr._Burman</wf>
<wf cmd="ignore" pos="POS">'s</wf>
<wf cmd="tag" pos="JJ">refreshing</wf>
<wf cmd="tag" pos="NNP">Louisiana</wf>
<wf cmd="tag" pos="NN">animal</wf>
<wf cmd="tag" pos="NN">community</wf>
<punc>.</punc>
</s>
</p>
<p pnum="29">
<s snum="92">
<wf cmd="ignore" pos="DT">The</wf>
<wf cmd="tag" pos="NN">fox</wf>
<wf cmd="done" pos="VB" lemma="be" wnsn="1" lexsn="2:42:03::">is</wf>
<wf cmd="ignore" pos="DT">all</wf>
<wf cmd="tag" pos="JJ">ingratiating</wf>
<wf cmd="tag" pos="NNS">smiles</wf>
<wf cmd="ignore" pos="WRB">when</wf>
<wf cmd="ignore" pos="PRP">he</wf>
<wf cmd="done" pos="VB" lemma="arrive" wnsn="1" lexsn="2:38:00::">arrives</wf>
<wf cmd="ignore" pos="IN">from</wf>
<wf cmd="tag" pos="NN">New_Orleans</wf>
<punc>,</punc>
<wf cmd="done" pos="VB" lemma="accompany" wnsn="1" lexsn="2:42:00::">accompanied</wf>
<wf cmd="ignore" pos="IN">by</wf>
<wf cmd="tag" pos="CD">one</wf>
<wf cmd="tag" pos="NN">wharf_rat</wf>
<punc>.</punc>
</s>
<s snum="93">
<wf cmd="ignore" pos="CC">But</wf>
<wf cmd="ignore" pos="IN">like</wf>
<wf cmd="ignore" pos="DT">all</wf>
<wf cmd="tag" pos="NNS">despots</wf>
<punc>,</punc>
<wf cmd="ignore" pos="IN">as</wf>
<wf cmd="ignore" pos="PRP">he</wf>
<wf cmd="done" pos="VB" lemma="build" wnsn="2" lexsn="2:30:00::">builds</wf>
<wf cmd="ignore" pos="PRP$">his</wf>
<wf cmd="tag" pos="NN">following</wf>
<wf cmd="ignore" pos="IN">from</wf>
<wf cmd="ignore" pos="IN">among</wf>
<wf cmd="ignore" pos="DT">the</wf>
<wf cmd="tag" pos="JJ">gullible</wf>
<punc>,</punc>
<wf cmd="ignore" pos="PRP">he</wf>
<wf cmd="done" pos="VB" lemma="grow" wnsn="2" lexsn="2:30:00::">grows</wf>
<wf cmd="tag" pos="JJR">more</wf>
<wf cmd="tag" pos="JJ">threatening</wf>
<wf cmd="ignore" pos="IN">toward</wf>
<wf cmd="ignore" pos="DT">those</wf>
<wf cmd="ignore" pos="WP">who</wf>
<wf cmd="done" rdf="will" pos="VB" ot="notag">won</wf>
<wf cmd="tag" pos="RB">n't</wf>
<wf cmd="done" pos="VB" lemma="follow" wnsn="11" lexsn="2:36:00::">follow</wf>
<punc>-</punc>
<wf cmd="tag" pos="JJ">such</wf>
<wf cmd="tag" pos="JJ">solid</wf>
<wf cmd="tag" pos="NNS">citizens</wf>
<wf cmd="ignore" pos="IN">as</wf>
<wf cmd="tag" pos="NNP">Doc_Raccoon</wf>
<punc>;</punc>
<wf cmd="tag" pos="NNP">Judge_Black</wf>
<punc>,</punc>
<wf cmd="ignore" pos="DT">the</wf>
<wf cmd="tag" pos="JJ">vegetarian</wf>
<wf cmd="tag" pos="JJ">black</wf>
<wf cmd="tag" pos="NN">snake</wf>
<punc>;</punc>
<wf cmd="ignore" pos="CC">and</wf>
<wf cmd="ignore" pos="DT">the</wf>
<wf cmd="tag" pos="NN">eagle</wf>
<punc>,</punc>
<wf cmd="ignore" pos="WP">who</wf>
<wf cmd="done" pos="VB" lemma="lead" wnsn="1" lexsn="2:38:01::">leads</wf>
<wf cmd="tag" pos="NN">the_bird</wf>
<wf cmd="tag" pos="NN">community</wf>
<wf cmd="ignore" pos="WRB">when</wf>
<wf cmd="ignore" pos="PRP">he</wf>
<wf cmd="done" pos="VB" lemma="be" wnsn="1" lexsn="2:42:03::">is</wf>
<wf cmd="tag" pos="RB">not</wf>
<wf cmd="tag" pos="RB">too</wf>
<wf cmd="tag" pos="JJ">busy</wf>
<wf cmd="ignore" pos="IN">in</wf>
<wf cmd="tag" pos="NNP">Washington</wf>
<wf cmd="done" pos="VB" lemma="pose" wnsn="2" lexsn="2:39:00::">posing</wf>
<wf cmd="ignore" pos="IN">for</wf>
<wf cmd="tag" pos="NN">fifty-cent_pieces</wf>
<punc>.</punc>
</s>
</p>
<p pnum="30">
<s snum="94">
<wf cmd="tag" pos="RB">As</wf>
<wf cmd="tag" pos="RB">soon</wf>
<wf cmd="ignore" pos="IN">as</wf>
<wf cmd="ignore" pos="DT">the</wf>
<wf cmd="tag" pos="NN">fox</wf>
<wf cmd="done" pos="VB" ot="notag">has</wf>
<wf cmd="done" pos="VB" lemma="take_hold" wnsn="1" lexsn="2:41:00::">taken_hold</wf>
<wf cmd="ignore" pos="IN">on</wf>
<wf cmd="tag" pos="JJ">most_of</wf>
<wf cmd="ignore" pos="DT">the</wf>
<wf cmd="tag" pos="NN">populace</wf>
<wf cmd="ignore" pos="PRP">he</wf>
<wf cmd="done" pos="VB" lemma="import" wnsn="1" lexsn="2:40:00::">imports</wf>
<wf cmd="tag" pos="JJR">more</wf>
<wf cmd="tag" pos="NN">wharf_rats</wf>
<punc>,</punc>
<wf cmd="ignore" pos="WP">who</wf>
<punc>,</punc>
<wf cmd="tag" pos="RB">of_course</wf>
<punc>,</punc>
<wf cmd="done" pos="VB" lemma="say" wnsn="2" lexsn="2:32:01::">say</wf>
<wf cmd="ignore" pos="PRP">they</wf>
<wf cmd="done" pos="VB" lemma="be" wnsn="2" lexsn="2:42:06::">are</wf>
<wf cmd="ignore" pos="DT">the</wf>
<wf cmd="tag" pos="JJ">aggrieved</wf>
<wf cmd="tag" pos="NNS">victims</wf>
<wf cmd="ignore" pos="IN">of</wf>
<wf cmd="ignore" pos="DT">an</wf>
<wf cmd="tag" pos="NN">extermination</wf>
<wf cmd="tag" pos="NN">campaign</wf>
<wf cmd="ignore" pos="IN">in</wf>
<wf cmd="ignore" pos="DT">the</wf>
<wf cmd="tag" pos="NN">city</wf>
<punc>.</punc>
</s>
<s snum="95">
<punc>(</punc>
<wf cmd="ignore" pos="DT">The</wf>
<wf cmd="tag" pos="NNS">followers</wf>
<wf cmd="ignore" pos="IN">of</wf>
<wf cmd="tag" pos="NN">bullies</wf>
<wf cmd="tag" pos="RB">invariably</wf>
<wf cmd="done" pos="VB" lemma="be" wnsn="1" lexsn="2:42:03::">are</wf>
<wf cmd="tag" pos="JJ">aggrieved</wf>
<wf cmd="ignore" pos="IN">about</wf>
<wf cmd="ignore" pos="DT">the</wf>
<wf cmd="tag" pos="JJ">very</wf>
<wf cmd="tag" pos="NNS">things</wf>
<wf cmd="ignore" pos="PRP">they</wf>
<wf cmd="done" pos="VB" lemma="plan" wnsn="1" lexsn="2:31:01::">plan</wf>
<wf cmd="ignore" pos="TO">to</wf>
<wf cmd="done" pos="VB" lemma="do" wnsn="2" lexsn="2:36:01::">do</wf>
<wf cmd="ignore" pos="TO">to</wf>
<wf cmd="tag" pos="NNS">others</wf>
<punc>.</punc>
<punc>)</punc>
</s>
<s snum="96">
<wf cmd="ignore" pos="PRP">They</wf>
<wf cmd="done" pos="VB" lemma="train" wnsn="2" lexsn="2:31:00::">train</wf>
<wf cmd="ignore" pos="DT">the</wf>
<wf cmd="tag" pos="NN">mink</wf>
<wf cmd="ignore" pos="CC">and</wf>
<wf cmd="tag" pos="JJ">other</wf>
<wf cmd="tag" pos="NNS">animals</wf>
<wf cmd="ignore" pos="TO">to</wf>
<wf cmd="done" pos="VB" lemma="fight" wnsn="1" lexsn="2:33:00::">fight</wf>
<punc>.</punc>
</s>
<s snum="97">
<wf cmd="ignore" pos="CC">And</wf>
<wf cmd="tag" pos="RB">pretty</wf>
<wf cmd="tag" pos="RB">soon</wf>
<wf cmd="tag" pos="NN">gray_fox</wf>
<wf cmd="done" pos="VBZ" ot="notag">is</wf>
<wf cmd="done" pos="VB" lemma="announce" wnsn="1" lexsn="2:32:00::">announcing</wf>
<wf cmd="ignore" pos="IN">that</wf>
<wf cmd="ignore" pos="PRP">he</wf>
<wf cmd="done" rdf="will" pos="VBD" ot="notag">won</wf>
<wf cmd="tag" pos="RB">n't</wf>
<wf cmd="done" pos="VB" ot="notag">have</wf>
<wf cmd="tag" pos="NN">anyone</wf>
<wf cmd="ignore" pos="IN">around</wf>
<wf cmd="ignore" pos="IN">that</wf>
<wf cmd="done" rdf="is" pos="VB" lemma="be" wnsn="1" lexsn="2:42:03::">'s</wf>
<wf cmd="ignore" pos="IN">against</wf>
<wf cmd="ignore" pos="PRP">him</wf>
<punc>,</punc>
<wf cmd="ignore" pos="CC">and</wf>
<wf cmd="done" pos="VB" lemma="set_out" wnsn="1" lexsn="2:30:00::">setting_out</wf>
<wf cmd="ignore" pos="TO">to</wf>
<wf cmd="done" pos="VB" lemma="break" wnsn="6" lexsn="2:41:00::">break</wf>
<wf cmd="ignore" pos="PRP$">his</wf>
<wf cmd="tag" pos="JJ">second</wf>
<wf cmd="tag" pos="JJ">territorial</wf>
<wf cmd="tag" pos="NN">treaty</wf>
<wf cmd="ignore" pos="IN">with</wf>
<wf cmd="tag" pos="NN">the_birds</wf>
<punc>.</punc>
</s>
</p>
<p pnum="31">
<s snum="98">
<wf cmd="tag" pos="NNP">Robert_Hillyer</wf>
<punc>,</punc>
<wf cmd="ignore" pos="DT">the</wf>
<wf cmd="tag" pos="NN">poet</wf>
<punc>,</punc>
<wf cmd="done" pos="VB" lemma="write" wnsn="1" lexsn="2:36:00::">writes</wf>
<wf cmd="ignore" pos="IN">in</wf>
<wf cmd="ignore" pos="PRP$">his</wf>
<wf cmd="tag" pos="NN">introduction</wf>
<wf cmd="ignore" pos="TO">to</wf>
<wf cmd="ignore" pos="DT">this</wf>
<wf cmd="tag" pos="JJ">brief</wf>
<wf cmd="tag" pos="NN">animal</wf>
<wf cmd="tag" pos="NN">fable</wf>
<wf cmd="ignore" pos="IN">that</wf>
<wf cmd="tag" pos="NNP">Mr._Burman</wf>
<wf cmd="done" pos="VB" ot="notag">ought_to</wf>
<wf cmd="done" pos="VB" lemma="win" wnsn="2" lexsn="2:40:00::">win</wf>
<wf cmd="ignore" pos="DT">a</wf>
<wf cmd="tag" pos="NN">Nobel_Prize</wf>
<wf cmd="ignore" pos="IN">for</wf>
<wf cmd="ignore" pos="DT">the</wf>
<wf cmd="tag" pos="NNP">Catfish_Bend</wf>
<wf cmd="tag" pos="NN">series</wf>
<punc>.</punc>
</s>
<s snum="99">
<wf cmd="ignore" pos="PRP">He</wf>
<wf cmd="ignore" pos="MD">may</wf>
<wf cmd="done" pos="VB" lemma="have" wnsn="1" lexsn="2:40:00::">have</wf>
<wf cmd="ignore" pos="DT">a</wf>
<wf cmd="tag" pos="NN">point</wf>
<wf cmd="ignore" pos="IN">in</wf>
<wf cmd="done" pos="VB" lemma="urge" wnsn="2" lexsn="2:32:03::">urging</wf>
<wf cmd="ignore" pos="IN">that</wf>
<wf cmd="tag" pos="JJ">decadent</wf>
<wf cmd="tag" pos="NNS">themes</wf>
<wf cmd="done" pos="VBP" ot="notag">be</wf>
<wf cmd="done" pos="VB" lemma="give" wnsn="8" lexsn="2:40:01::">given</wf>
<wf cmd="tag" pos="JJR">fewer</wf>
<wf cmd="tag" pos="NNS">prizes</wf>
<punc>.</punc>
</s>
<s snum="100">
<wf cmd="ignore" pos="CC">But</wf>
<wf cmd="ignore" pos="PRP">it</wf>
<wf cmd="done" rdf="is" pos="VB" lemma="be" wnsn="1" lexsn="2:42:03::">'s</wf>
<wf cmd="tag" pos="JJ">hard</wf>
<wf cmd="ignore" pos="TO">to</wf>
<wf cmd="done" pos="VB" lemma="imagine" wnsn="1" lexsn="2:36:00::">imagine</wf>
<wf cmd="tag" pos="NNP">Mr._Burman</wf>
<wf cmd="ignore" pos="IN">as</wf>
<wf cmd="ignore" pos="DT">a</wf>
<wf cmd="tag" pos="NN">Nobel_laureate</wf>
<wf cmd="ignore" pos="IN">on</wf>
<wf cmd="ignore" pos="DT">the</wf>
<wf cmd="tag" pos="NN">basis</wf>
<wf cmd="ignore" pos="IN">of</wf>
<wf cmd="ignore" pos="DT">these</wf>
<wf cmd="tag" pos="JJ">charming</wf>
<wf cmd="ignore" pos="CC">but</wf>
<wf cmd="tag" pos="RB">not</wf>
<wf cmd="tag" pos="RB">really</wf>
<wf cmd="tag" pos="JJ">momentous</wf>
<wf cmd="tag" pos="NNS">fables</wf>
<punc>.</punc>
</s>
</p>
<p pnum="32">
<s snum="101">
<wf cmd="ignore" pos="IN">In</wf>
<wf cmd="tag" pos="NN">substance</wf>
<wf cmd="ignore" pos="PRP">they</wf>
<wf cmd="done" pos="VB" lemma="lie" wnsn="1" lexsn="2:42:00::">lie</wf>
<wf cmd="tag" pos="RB">somewhere</wf>
<wf cmd="ignore" pos="IN">between</wf>
<wf cmd="ignore" pos="DT">the</wf>
<wf cmd="tag" pos="NNP">Southern</wf>
<wf cmd="tag" pos="NN">dialect</wf>
<wf cmd="tag" pos="NN">animal</wf>
<wf cmd="tag" pos="NNS">stories</wf>
<wf cmd="ignore" pos="IN">of</wf>
<wf cmd="tag" pos="NNP">Joel_Chandler_Harris</wf>
<punc>(</punc>
<wf cmd="tag" pos="NNP">Uncle_Remus</wf>
<punc>)</punc>
<wf cmd="ignore" pos="CC">and</wf>
<wf cmd="ignore" pos="DT">the</wf>
<wf cmd="tag" pos="JJ">polished</wf>
<punc>,</punc>
<wf cmd="tag" pos="JJ">witty</wf>
<wf cmd="tag" pos="NNS">fables</wf>
<wf cmd="ignore" pos="IN">of</wf>
<wf cmd="tag" pos="NNP">James_Thurber</wf>
<punc>.</punc>
</s>
</p>
</context>
</contextfile>
