<contextfile concordance="brown">
<context filename="br-c06" paras="yes">
<p pnum="1">
<s snum="1">
<wf cmd="tag" pos="NNP">George_Kennan</wf>
<wf cmd="tag" pos="POS">'s</wf>
<wf cmd="tag" pos="NN">account</wf>
<wf cmd="ignore" pos="IN">of</wf>
<wf cmd="tag" pos="NNS">relations</wf>
<wf cmd="ignore" pos="IN">between</wf>
<wf cmd="tag" pos="NNP">Russia</wf>
<wf cmd="ignore" pos="CC">and</wf>
<wf cmd="ignore" pos="DT">the</wf>
<wf cmd="tag" pos="NNP">West</wf>
<wf cmd="ignore" pos="IN">from</wf>
<wf cmd="ignore" pos="DT">the</wf>
<wf cmd="tag" pos="NN">fall</wf>
<wf cmd="ignore" pos="IN">of</wf>
<wf cmd="tag" pos="NNP">Tsarism</wf>
<wf cmd="ignore" pos="TO">to</wf>
<wf cmd="ignore" pos="DT">the</wf>
<wf cmd="tag" pos="NN">end</wf>
<wf cmd="ignore" pos="IN">of</wf>
<wf cmd="tag" pos="NN">World_War</wf>
<wf cmd="tag" pos="CD">2</wf>
<punc>,</punc>
<wf cmd="done" pos="VB" lemma="be" wnsn="1" lexsn="2:42:03::">is</wf>
<wf cmd="ignore" pos="DT">the</wf>
<wf cmd="tag" pos="JJS">finest</wf>
<wf cmd="tag" pos="NN">piece</wf>
<wf cmd="ignore" pos="IN">of</wf>
<wf cmd="tag" pos="JJ">diplomatic</wf>
<wf cmd="tag" pos="NN">history</wf>
<wf cmd="ignore" pos="WDT">that</wf>
<wf cmd="done" pos="VBZ" ot="notag">has</wf>
<wf cmd="done" pos="VB" lemma="appear" wnsn="3" lexsn="2:30:01::">appeared</wf>
<wf cmd="ignore" pos="IN">in</wf>
<wf cmd="tag" pos="JJ">many</wf>
<wf cmd="tag" pos="NNS">years</wf>
<punc>.</punc>
</s>
<s snum="2">
<wf cmd="ignore" pos="PRP">It</wf>
<wf cmd="done" pos="VB" lemma="combine" wnsn="1" lexsn="2:42:00::">combines</wf>
<wf cmd="tag" pos="NNS">qualities</wf>
<wf cmd="ignore" pos="WDT">that</wf>
<wf cmd="done" pos="VBP" ot="notag">are</wf>
<wf cmd="tag" pos="RB">seldom</wf>
<wf cmd="done" pos="VB" lemma="find" wnsn="1" lexsn="2:40:02::">found</wf>
<wf cmd="ignore" pos="IN">in</wf>
<wf cmd="tag" pos="CD">one</wf>
<wf cmd="tag" pos="NN">work</wf>
<punc>:</punc>
<wf cmd="tag" pos="JJ">Scrupulous</wf>
<wf cmd="tag" pos="NN">scholarship</wf>
<punc>,</punc>
<wf cmd="ignore" pos="DT">a</wf>
<wf cmd="tag" pos="NN">fund</wf>
<wf cmd="ignore" pos="IN">of</wf>
<wf cmd="tag" pos="JJ">personal</wf>
<wf cmd="tag" pos="NN">experience</wf>
<punc>,</punc>
<wf cmd="ignore" pos="DT">a</wf>
<wf cmd="tag" pos="NN">sense</wf>
<wf cmd="ignore" pos="IN">of</wf>
<wf cmd="tag" pos="NN">drama</wf>
<wf cmd="ignore" pos="CC">and</wf>
<wf cmd="tag" pos="NN">characterization</wf>
<wf cmd="ignore" pos="CC">and</wf>
<wf cmd="ignore" pos="DT">a</wf>
<wf cmd="tag" pos="JJ">broad</wf>
<wf cmd="tag" pos="NN">grasp</wf>
<wf cmd="ignore" pos="IN">of</wf>
<wf cmd="ignore" pos="DT">the</wf>
<wf cmd="tag" pos="NN">era</wf>
<wf cmd="ignore" pos="POS">'s</wf>
<wf cmd="tag" pos="JJ">great</wf>
<wf cmd="tag" pos="JJ">historical</wf>
<wf cmd="tag" pos="NNS">issues</wf>
<punc>.</punc>
</s>
</p>
<p pnum="2">
<s snum="3">
<wf cmd="tag" pos="RB">In_short</wf>
<punc>,</punc>
<wf cmd="ignore" pos="DT">the</wf>
<wf cmd="tag" pos="NN">book</wf>
<punc>,</punc>
<wf cmd="done" pos="VB" lemma="base" wnsn="1" lexsn="2:31:00::">based</wf>
<wf cmd="tag" pos="RB">largely</wf>
<wf cmd="ignore" pos="IN">on</wf>
<wf cmd="tag" pos="NNS">lectures</wf>
<wf cmd="done" pos="VB" lemma="deliver" wnsn="1" lexsn="2:32:00::">delivered</wf>
<wf cmd="ignore" pos="IN">at</wf>
<wf cmd="tag" pos="NN">Harvard_University</wf>
<punc>,</punc>
<wf cmd="done" pos="VB" lemma="be" wnsn="1" lexsn="2:42:03::">is</wf>
<wf cmd="ignore" pos="DT">both</wf>
<wf cmd="tag" pos="JJ">reliable</wf>
<wf cmd="ignore" pos="CC">and</wf>
<wf cmd="tag" pos="JJ">readable</wf>
<punc>;</punc>
<wf cmd="ignore" pos="DT">the</wf>
<wf cmd="tag" pos="NN">author</wf>
<wf cmd="done" pos="VB" lemma="possess" wnsn="1" lexsn="2:42:00::">possesses</wf>
<wf cmd="ignore" pos="DT">an</wf>
<wf cmd="tag" pos="RB">uncommonly</wf>
<wf cmd="tag" pos="JJ">fine</wf>
<wf cmd="tag" pos="NNP">English</wf>
<wf cmd="tag" pos="NN">style</wf>
<punc>,</punc>
<wf cmd="ignore" pos="CC">and</wf>
<wf cmd="ignore" pos="PRP">he</wf>
<wf cmd="done" pos="VBZ" ot="notag">is</wf>
<wf cmd="done" pos="VB" lemma="deal" wnsn="1" lexsn="2:32:08::">dealing</wf>
<wf cmd="done" pos="VB" ot="notag">with</wf>
<wf cmd="tag" pos="NNS">subjects</wf>
<wf cmd="ignore" pos="IN">of</wf>
<wf cmd="tag" pos="JJ">vast</wf>
<wf cmd="tag" pos="NN">importance</wf>
<wf cmd="ignore" pos="WDT">that</wf>
<wf cmd="done" pos="VB" lemma="be" wnsn="1" lexsn="2:42:03::">are</wf>
<wf cmd="tag" pos="RB">highly</wf>
<wf cmd="tag" pos="JJ">topical</wf>
<wf cmd="ignore" pos="IN">for</wf>
<wf cmd="ignore" pos="PRP$">our</wf>
<wf cmd="tag" pos="NN">time</wf>
<punc>.</punc>
</s>
<s snum="4">
<wf cmd="ignore" pos="IN">If</wf>
<wf cmd="tag" pos="NNP">Mr._Kennan</wf>
<wf cmd="done" pos="VB" lemma="be" wnsn="1" lexsn="2:42:03::">is</wf>
<wf cmd="tag" pos="RB">sometimes</wf>
<wf cmd="tag" pos="RB">a_little</wf>
<wf cmd="tag" pos="JJ">somber</wf>
<wf cmd="ignore" pos="IN">in</wf>
<wf cmd="ignore" pos="PRP$">his</wf>
<wf cmd="tag" pos="NNS">appraisals</wf>
<punc>,</punc>
<wf cmd="ignore" pos="IN">if</wf>
<wf cmd="ignore" pos="PRP$">his</wf>
<wf cmd="tag" pos="NN">analysis</wf>
<wf cmd="ignore" pos="IN">of</wf>
<wf cmd="ignore" pos="WRB">how</wf>
<wf cmd="tag" pos="JJ">Western</wf>
<wf cmd="tag" pos="NN">diplomacy</wf>
<wf cmd="done" pos="VB" lemma="meet" wnsn="4" lexsn="2:34:00::">met</wf>
<wf cmd="ignore" pos="DT">the</wf>
<wf cmd="tag" pos="NN">challenge</wf>
<wf cmd="ignore" pos="IN">of</wf>
<wf cmd="ignore" pos="DT">an</wf>
<wf cmd="tag" pos="NN">era</wf>
<wf cmd="ignore" pos="IN">of</wf>
<wf cmd="tag" pos="NN">great_wars</wf>
<wf cmd="ignore" pos="CC">and</wf>
<wf cmd="tag" pos="JJ">social</wf>
<wf cmd="tag" pos="NNS">revolutions</wf>
<wf cmd="done" pos="VB" lemma="be" wnsn="1" lexsn="2:42:03::">is</wf>
<wf cmd="tag" pos="RB">often</wf>
<wf cmd="tag" pos="JJ">critical</wf>
<wf cmd="ignore" pos="CC">and</wf>
<wf cmd="tag" pos="JJ">pessimistic</wf>
<punc>-</punc>
<wf cmd="tag" pos="RB">well</wf>
<punc>,</punc>
<wf cmd="ignore" pos="DT">the</wf>
<wf cmd="tag" pos="NN">record</wf>
<wf cmd="ignore" pos="PRP">itself</wf>
<wf cmd="done" pos="VB" lemma="be" wnsn="1" lexsn="2:42:03::">is</wf>
<wf cmd="tag" pos="RB">not</wf>
<wf cmd="tag" pos="RB">too</wf>
<wf cmd="tag" pos="JJ">encouraging</wf>
<punc>.</punc>
</s>
</p>
<p pnum="3">
<s snum="5">
<wf cmd="tag" pos="NNP">Mr._Kennan</wf>
<wf cmd="done" pos="VB" lemma="take" wnsn="1" lexsn="2:41:04::">takes</wf>
<wf cmd="tag" pos="JJ">careful</wf>
<wf cmd="tag" pos="NN">account</wf>
<wf cmd="ignore" pos="IN">of</wf>
<wf cmd="ignore" pos="DT">every</wf>
<wf cmd="tag" pos="JJ">mitigating</wf>
<wf cmd="tag" pos="NN">circumstance</wf>
<wf cmd="ignore" pos="IN">in</wf>
<wf cmd="done" pos="VB" lemma="recall" wnsn="1" lexsn="2:31:00::">recalling</wf>
<wf cmd="ignore" pos="DT">the</wf>
<wf cmd="tag" pos="JJ">historical</wf>
<wf cmd="tag" pos="NN">atmosphere</wf>
<wf cmd="tag" pos="RB">in_which</wf>
<wf cmd="tag" pos="JJ">mistaken</wf>
<wf cmd="tag" pos="NNS">decisions</wf>
<wf cmd="done" pos="VBD" ot="notag">were</wf>
<wf cmd="done" pos="VBN" ot="notag">taken</wf>
<punc>.</punc>
</s>
<s snum="6">
<wf cmd="ignore" pos="CC">But</wf>
<wf cmd="ignore" pos="PRP">he</wf>
<wf cmd="done" pos="VB" lemma="reject" wnsn="1" lexsn="2:31:00::">rejects</wf>
<punc>,</punc>
<wf cmd="tag" pos="RB">perhaps</wf>
<wf cmd="tag" pos="RB">a_little</wf>
<wf cmd="tag" pos="RB">too</wf>
<wf cmd="tag" pos="RB">sweepingly</wf>
<punc>,</punc>
<wf cmd="ignore" pos="DT">the</wf>
<wf cmd="tag" pos="NN">theory</wf>
<wf cmd="ignore" pos="IN">that</wf>
<wf cmd="tag" pos="JJ">disloyal</wf>
<wf cmd="ignore" pos="CC">and</wf>
<wf cmd="tag" pos="JJ">pro-Communist</wf>
<wf cmd="tag" pos="NNS">influences</wf>
<wf cmd="ignore" pos="MD">may</wf>
<wf cmd="done" pos="VB" ot="notag">have</wf>
<wf cmd="done" pos="VB" lemma="contribute" wnsn="3" lexsn="2:41:12::">contributed</wf>
<wf cmd="done" pos="VB" ot="notag">to</wf>
<wf cmd="ignore" pos="DT">the</wf>
<wf cmd="tag" pos="NN">policy</wf>
<wf cmd="ignore" pos="IN">of</wf>
<wf cmd="done" pos="VB" lemma="appease" wnsn="3" lexsn="2:32:00::">appeasing</wf>
<wf cmd="tag" pos="NNP">Stalin</wf>
<wf cmd="ignore" pos="WDT">which</wf>
<wf cmd="done" pos="VB" lemma="persist" wnsn="1" lexsn="2:42:00::">persisted</wf>
<wf cmd="ignore" pos="IN">until</wf>
<wf cmd="ignore" pos="IN">after</wf>
<wf cmd="ignore" pos="DT">the</wf>
<wf cmd="tag" pos="NN">end</wf>
<wf cmd="ignore" pos="IN">of</wf>
<wf cmd="ignore" pos="DT">the</wf>
<wf cmd="tag" pos="NN">war</wf>
<wf cmd="ignore" pos="CC">and</wf>
<wf cmd="done" pos="VB" lemma="reach" wnsn="2" lexsn="2:38:00::">reached</wf>
<wf cmd="ignore" pos="PRP$">its</wf>
<wf cmd="tag" pos="JJ">high</wf>
<wf cmd="tag" pos="NN">point</wf>
<wf cmd="done" pos="NN" ot="notag">at</wf>
<wf cmd="ignore" pos="DT">the</wf>
<wf cmd="tag" pos="NNP">Yalta_Conference</wf>
<wf cmd="ignore" pos="IN">in</wf>
<wf cmd="tag" pos="NNP">February</wf>
<punc>,</punc>
<wf cmd="tag" pos="CD">1945</wf>
<punc>.</punc>
</s>
</p>
<p pnum="4">
<s snum="7">
<wf cmd="tag" pos="RB">After_all</wf>
<punc>,</punc>
<wf cmd="tag" pos="NNP">Alger_Hiss</wf>
<punc>,</punc>
<wf cmd="tag" pos="RB">subsequently</wf>
<wf cmd="done" pos="VB" lemma="convict" wnsn="1" lexsn="2:32:00::">convicted</wf>
<wf cmd="ignore" pos="IN">of</wf>
<wf cmd="tag" pos="NN">perjury</wf>
<wf cmd="ignore" pos="IN">in</wf>
<wf cmd="done" pos="VB" lemma="deny" wnsn="1" lexsn="2:32:00::">denying</wf>
<wf cmd="ignore" pos="IN">that</wf>
<wf cmd="ignore" pos="PRP">he</wf>
<wf cmd="done" pos="VB" lemma="give" wnsn="3" lexsn="2:40:00::">gave</wf>
<wf cmd="tag" pos="JJ">secret</wf>
<wf cmd="tag" pos="NN">State_Department</wf>
<wf cmd="tag" pos="NNS">documents</wf>
<wf cmd="ignore" pos="TO">to</wf>
<wf cmd="tag" pos="JJ">Soviet</wf>
<wf cmd="tag" pos="NNS">agents</wf>
<punc>,</punc>
<wf cmd="done" pos="VB" lemma="be" wnsn="3" lexsn="2:42:05::">was</wf>
<wf cmd="ignore" pos="IN">at</wf>
<wf cmd="tag" pos="NNP">Yalta</wf>
<punc>.</punc>
</s>
<s snum="8">
<wf cmd="ignore" pos="CC">And</wf>
<wf cmd="tag" pos="NNP">Harry_Dexter_White</wf>
<punc>,</punc>
<wf cmd="tag" pos="JJ">implicated</wf>
<wf cmd="ignore" pos="IN">in</wf>
<wf cmd="tag" pos="NNP">F._B._I.</wf>
<wf cmd="tag" pos="NNS">reports</wf>
<wf cmd="ignore" pos="IN">in</wf>
<wf cmd="tag" pos="NNP">Communist</wf>
<wf cmd="tag" pos="NNS">associations</wf>
<punc>,</punc>
<wf cmd="done" pos="VB" lemma="be" wnsn="2" lexsn="2:42:06::">was</wf>
<wf cmd="tag" pos="CD">one</wf>
<wf cmd="ignore" pos="IN">of</wf>
<wf cmd="ignore" pos="DT">the</wf>
<wf cmd="tag" pos="NNS">architects</wf>
<wf cmd="ignore" pos="IN">of</wf>
<wf cmd="ignore" pos="DT">the</wf>
<wf cmd="tag" pos="NNP">Morgenthau_Plan</wf>
<punc>,</punc>
<wf cmd="ignore" pos="WDT">which</wf>
<wf cmd="done" pos="VBD" ot="notag">had</wf>
<wf cmd="ignore" pos="PRP">it</wf>
<wf cmd="tag" pos="RB">ever</wf>
<wf cmd="done" pos="VBN" ot="notag">been</wf>
<wf cmd="done" pos="VB" lemma="put" wnsn="2" lexsn="2:35:05::">put</wf>
<wf cmd="ignore" pos="IN">into</wf>
<wf cmd="tag" pos="JJ">full</wf>
<wf cmd="tag" pos="NN">operation</wf>
<punc>,</punc>
<wf cmd="ignore" pos="MD">would</wf>
<wf cmd="done" pos="VB" ot="notag">have</wf>
<wf cmd="tag" pos="RB">simply</wf>
<wf cmd="done" pos="VB" lemma="hand" wnsn="1" lexsn="2:40:00::">handed</wf>
<wf cmd="tag" pos="NNP">Germany</wf>
<wf cmd="ignore" pos="TO">to</wf>
<wf cmd="tag" pos="NNP">Stalin</wf>
<punc>.</punc>
</s>
<s snum="9">
<wf cmd="tag" pos="CD">One</wf>
<wf cmd="tag" pos="NN">item</wf>
<wf cmd="tag" pos="RB">in_this</wf>
<wf cmd="tag" pos="JJ">unhappy</wf>
<wf cmd="tag" pos="NN">scheme</wf>
<wf cmd="done" pos="VB" lemma="be" wnsn="2" lexsn="2:42:06::">was</wf>
<wf cmd="ignore" pos="TO">to</wf>
<wf cmd="done" pos="VB" lemma="have" wnsn="5" lexsn="2:30:00::">have</wf>
<wf cmd="tag" pos="NNP">Germany</wf>
<wf cmd="done" pos="VB" lemma="police" wnsn="1" lexsn="2:41:00::">policed</wf>
<wf cmd="tag" pos="RB">exclusively</wf>
<wf cmd="ignore" pos="IN">by</wf>
<wf cmd="ignore" pos="PRP$">its</wf>
<wf cmd="tag" pos="JJ">continental</wf>
<wf cmd="tag" pos="NNS">neighbors</wf>
<punc>,</punc>
<wf cmd="ignore" pos="IN">among</wf>
<wf cmd="ignore" pos="WP">whom</wf>
<wf cmd="tag" pos="RB">only</wf>
<wf cmd="ignore" pos="DT">the</wf>
<wf cmd="tag" pos="NN">Soviet_Union</wf>
<wf cmd="done" pos="VB" lemma="possess" wnsn="1" lexsn="2:42:00::">possessed</wf>
<wf cmd="tag" pos="JJ">real</wf>
<wf cmd="tag" pos="JJ">military</wf>
<wf cmd="tag" pos="NN">strength</wf>
<punc>.</punc>
</s>
</p>
<p pnum="5">
<s snum="10">
<wf cmd="ignore" pos="PRP">It</wf>
<wf cmd="done" pos="VB" lemma="be" wnsn="1" lexsn="2:42:03::">is</wf>
<wf cmd="tag" pos="RB">quite</wf>
<wf cmd="tag" pos="JJ">probable</wf>
<punc>,</punc>
<wf cmd="tag" pos="RB">however</wf>
<punc>,</punc>
<wf cmd="ignore" pos="IN">that</wf>
<wf cmd="tag" pos="NN">stupidity</wf>
<punc>,</punc>
<wf cmd="tag" pos="NN">inexperience</wf>
<wf cmd="ignore" pos="CC">and</wf>
<wf cmd="tag" pos="JJ">childish</wf>
<wf cmd="tag" pos="NN">adherence</wf>
<wf cmd="ignore" pos="TO">to</wf>
<wf cmd="tag" pos="NNS">slogans</wf>
<wf cmd="ignore" pos="IN">like</wf>
<punc>``</punc>
<wf cmd="tag" pos="JJ">unconditional</wf>
<wf cmd="tag" pos="NN">surrender</wf>
<punc>''</punc>
<wf cmd="done" pos="VB" lemma="have" wnsn="10" lexsn="2:42:12::">had</wf>
<wf cmd="tag" pos="JJR">more</wf>
<wf cmd="done" pos="TO" ot="notag">to</wf>
<wf cmd="done" pos="VB" lemma="do" wnsn="4" lexsn="2:42:00::">do</wf>
<wf cmd="done" pos="TO" ot="notag">with</wf>
<wf cmd="ignore" pos="DT">the</wf>
<wf cmd="tag" pos="JJ">unsatisfactory</wf>
<wf cmd="tag" pos="NNS">settlements</wf>
<wf cmd="ignore" pos="IN">at</wf>
<wf cmd="ignore" pos="DT">the</wf>
<wf cmd="tag" pos="NN">end</wf>
<wf cmd="ignore" pos="IN">of</wf>
<wf cmd="ignore" pos="DT">the</wf>
<wf cmd="tag" pos="NN">war</wf>
<wf cmd="ignore" pos="IN">than</wf>
<wf cmd="tag" pos="NN">treason</wf>
<wf cmd="ignore" pos="CC">or</wf>
<wf cmd="tag" pos="NN">sympathy</wf>
<wf cmd="ignore" pos="IN">with</wf>
<wf cmd="tag" pos="NNP">Communism</wf>
<punc>.</punc>
</s>
<s snum="11">
<wf cmd="tag" pos="NNP">Mr._Kennan</wf>
<wf cmd="done" pos="VB" lemma="sum_up" wnsn="1" lexsn="2:32:00::">sums_up</wf>
<wf cmd="ignore" pos="PRP$">his</wf>
<wf cmd="tag" pos="NN">judgment</wf>
<wf cmd="tag" pos="RB">of_what</wf>
<wf cmd="done" pos="VB" lemma="go_wrong" wnsn="1" lexsn="2:41:00::">went_wrong</wf>
<wf cmd="ignore" pos="DT">this</wf>
<wf cmd="tag" pos="NN">way</wf>
<punc>.</punc>
</s>
</p>
<p pnum="6">
<s snum="12">
<punc>``</punc>
<wf cmd="ignore" pos="PRP">You</wf>
<wf cmd="done" pos="VB" lemma="see" wnsn="2" lexsn="2:31:01::">see</wf>
<punc>,</punc>
<wf cmd="tag" pos="RB">first_of_all</wf>
<wf cmd="ignore" pos="CC">and</wf>
<wf cmd="tag" pos="RB">in_a_sense</wf>
<wf cmd="ignore" pos="IN">as</wf>
<wf cmd="ignore" pos="DT">the</wf>
<wf cmd="tag" pos="NN">source</wf>
<wf cmd="ignore" pos="IN">of</wf>
<wf cmd="ignore" pos="DT">all</wf>
<wf cmd="tag" pos="JJ">other</wf>
<wf cmd="tag" pos="NNS">ills</wf>
<punc>,</punc>
<wf cmd="ignore" pos="DT">the</wf>
<wf cmd="tag" pos="JJ">unshakeable</wf>
<wf cmd="tag" pos="NNP">American</wf>
<wf cmd="tag" pos="NN">commitment</wf>
<wf cmd="ignore" pos="TO">to</wf>
<wf cmd="ignore" pos="DT">the</wf>
<wf cmd="tag" pos="NN">principle</wf>
<wf cmd="ignore" pos="IN">of</wf>
<wf cmd="tag" pos="JJ">unconditional</wf>
<wf cmd="tag" pos="NN">surrender</wf>
<punc>:</punc>
<wf cmd="ignore" pos="DT">The</wf>
<wf cmd="tag" pos="NN">tendency</wf>
<wf cmd="ignore" pos="TO">to</wf>
<wf cmd="done" pos="VB" lemma="view" wnsn="1" lexsn="2:31:00::">view</wf>
<wf cmd="ignore" pos="DT">any</wf>
<wf cmd="tag" pos="NN">war</wf>
<wf cmd="tag" pos="RB">in_which</wf>
<wf cmd="ignore" pos="PRP">we</wf>
<wf cmd="ignore" pos="MD">might</wf>
<wf cmd="done" pos="VB" lemma="be" wnsn="1" lexsn="2:42:03::">be</wf>
<wf cmd="tag" pos="JJ">involved</wf>
<wf cmd="tag" pos="RB">not</wf>
<wf cmd="ignore" pos="IN">as</wf>
<wf cmd="ignore" pos="DT">a</wf>
<wf cmd="tag" pos="NN">means</wf>
<wf cmd="ignore" pos="IN">of</wf>
<wf cmd="done" pos="VB" lemma="achieve" wnsn="1" lexsn="2:41:00::">achieving</wf>
<wf cmd="tag" pos="JJ">limited</wf>
<wf cmd="tag" pos="NNS">objectives</wf>
<wf cmd="ignore" pos="IN">in</wf>
<wf cmd="ignore" pos="DT">the</wf>
<wf cmd="tag" pos="NN">way</wf>
<wf cmd="ignore" pos="IN">of</wf>
<wf cmd="tag" pos="NNS">changes</wf>
<wf cmd="ignore" pos="IN">in</wf>
<wf cmd="ignore" pos="DT">a</wf>
<wf cmd="tag" pos="JJ">given</wf>
<wf cmd="tag" pos="NN">status_quo</wf>
<punc>,</punc>
<wf cmd="ignore" pos="CC">but</wf>
<wf cmd="ignore" pos="IN">as</wf>
<wf cmd="ignore" pos="DT">a</wf>
<wf cmd="tag" pos="NN">struggle</wf>
<wf cmd="ignore" pos="TO">to</wf>
<wf cmd="ignore" pos="DT">the</wf>
<wf cmd="tag" pos="NN">death</wf>
<wf cmd="ignore" pos="IN">between</wf>
<wf cmd="tag" pos="JJ">total</wf>
<wf cmd="tag" pos="NN">virtue</wf>
<wf cmd="ignore" pos="CC">and</wf>
<wf cmd="tag" pos="JJ">total</wf>
<wf cmd="tag" pos="JJ">evil</wf>
<punc>,</punc>
<wf cmd="ignore" pos="IN">with</wf>
<wf cmd="ignore" pos="DT">the</wf>
<wf cmd="tag" pos="NN">result</wf>
<wf cmd="ignore" pos="IN">that</wf>
<wf cmd="ignore" pos="DT">the</wf>
<wf cmd="tag" pos="NN">war</wf>
<wf cmd="done" pos="VBD" ot="notag">had</wf>
<wf cmd="tag" pos="RB">absolutely</wf>
<wf cmd="ignore" pos="TO">to</wf>
<wf cmd="done" pos="VB" ot="notag">be</wf>
<wf cmd="done" pos="VB" lemma="fight" wnsn="1" lexsn="2:33:00::">fought</wf>
<wf cmd="ignore" pos="TO">to</wf>
<wf cmd="ignore" pos="DT">the</wf>
<wf cmd="tag" pos="JJ">complete</wf>
<wf cmd="tag" pos="NN">destruction</wf>
<wf cmd="ignore" pos="IN">of</wf>
<wf cmd="ignore" pos="DT">the</wf>
<wf cmd="tag" pos="NN">enemy</wf>
<wf cmd="ignore" pos="POS">'s</wf>
<wf cmd="tag" pos="NN">power</wf>
<punc>,</punc>
<wf cmd="tag" pos="RB">no_matter</wf>
<wf cmd="ignore" pos="WP">what</wf>
<wf cmd="tag" pos="NNS">disadvantages</wf>
<wf cmd="ignore" pos="CC">or</wf>
<wf cmd="tag" pos="NNS">complications</wf>
<wf cmd="ignore" pos="DT">this</wf>
<wf cmd="ignore" pos="MD">might</wf>
<wf cmd="done" pos="VB" lemma="involve" wnsn="3" lexsn="2:42:00::">involve</wf>
<wf cmd="ignore" pos="IN">for</wf>
<wf cmd="ignore" pos="DT">the</wf>
<wf cmd="tag" pos="RBR">more</wf>
<wf cmd="tag" pos="JJ">distant</wf>
<wf cmd="tag" pos="NN">future</wf>
<punc>''</punc>
<punc>.</punc>
</s>
</p>
<p pnum="7">
<s snum="13">
<wf cmd="done" pos="VB" lemma="recognize" wnsn="2" lexsn="2:31:01::">Recognizing</wf>
<wf cmd="ignore" pos="IN">that</wf>
<wf cmd="ignore" pos="EX">there</wf>
<wf cmd="ignore" pos="MD">could</wf>
<wf cmd="done" pos="VB" ot="notag">have</wf>
<wf cmd="done" pos="VB" lemma="be" wnsn="5" lexsn="2:42:04::">been</wf>
<wf cmd="ignore" pos="DT">no</wf>
<wf cmd="tag" pos="JJ">effective</wf>
<wf cmd="tag" pos="JJ">negotiated</wf>
<wf cmd="tag" pos="NN">peace</wf>
<wf cmd="ignore" pos="IN">with</wf>
<wf cmd="tag" pos="NNP">Hitler</wf>
<punc>,</punc>
<wf cmd="ignore" pos="PRP">he</wf>
<wf cmd="done" pos="VB" lemma="point_out" wnsn="1" lexsn="2:32:01::">points_out</wf>
<wf cmd="ignore" pos="DT">the</wf>
<wf cmd="tag" pos="JJ">shocking</wf>
<wf cmd="tag" pos="NN">failure</wf>
<wf cmd="ignore" pos="TO">to</wf>
<wf cmd="done" pos="VB" lemma="give" wnsn="1" lexsn="2:40:03::">give</wf>
<wf cmd="tag" pos="NN">support</wf>
<wf cmd="ignore" pos="TO">to</wf>
<wf cmd="ignore" pos="DT">the</wf>
<wf cmd="tag" pos="JJ">anti-Nazi</wf>
<wf cmd="tag" pos="NN">underground</wf>
<punc>,</punc>
<wf cmd="ignore" pos="WDT">which</wf>
<wf cmd="tag" pos="RB">very_nearly</wf>
<wf cmd="done" pos="VB" lemma="eliminate" wnsn="1" lexsn="2:30:01::">eliminated</wf>
<wf cmd="tag" pos="NNP">Hitler</wf>
<wf cmd="ignore" pos="IN">in</wf>
<wf cmd="tag" pos="CD">1944</wf>
<punc>.</punc>
</s>
<s snum="14">
<wf cmd="ignore" pos="DT">A</wf>
<wf cmd="tag" pos="NN">veteran</wf>
<wf cmd="tag" pos="NN">diplomat</wf>
<wf cmd="ignore" pos="IN">with</wf>
<wf cmd="ignore" pos="DT">an</wf>
<wf cmd="tag" pos="JJ">extraordinary</wf>
<wf cmd="tag" pos="NN">knowledge</wf>
<wf cmd="ignore" pos="IN">of</wf>
<wf cmd="tag" pos="NNP">Russian</wf>
<wf cmd="tag" pos="NN">language</wf>
<punc>,</punc>
<wf cmd="tag" pos="NN">history</wf>
<wf cmd="ignore" pos="CC">and</wf>
<wf cmd="tag" pos="NN">literature</wf>
<punc>,</punc>
<wf cmd="tag" pos="NNP">Kennan</wf>
<wf cmd="done" pos="VB" lemma="recall" wnsn="1" lexsn="2:31:00::">recalls</wf>
<wf cmd="ignore" pos="WRB">how</wf>
<punc>,</punc>
<wf cmd="tag" pos="RB">at_the_time</wf>
<wf cmd="ignore" pos="IN">of</wf>
<wf cmd="tag" pos="NNP">Hitler</wf>
<wf cmd="ignore" pos="POS">'s</wf>
<wf cmd="tag" pos="NN">attack</wf>
<wf cmd="ignore" pos="IN">on</wf>
<wf cmd="ignore" pos="DT">the</wf>
<wf cmd="tag" pos="NN">Soviet_Union</wf>
<wf cmd="ignore" pos="IN">in</wf>
<wf cmd="tag" pos="CD">1941</wf>
<punc>,</punc>
<wf cmd="ignore" pos="PRP">he</wf>
<wf cmd="done" pos="VB" lemma="pen" wnsn="1" lexsn="2:36:00::">penned</wf>
<wf cmd="ignore" pos="DT">a</wf>
<wf cmd="tag" pos="JJ">private</wf>
<wf cmd="tag" pos="NN">note</wf>
<wf cmd="ignore" pos="TO">to</wf>
<wf cmd="ignore" pos="DT">a</wf>
<wf cmd="tag" pos="NN">State_Department</wf>
<wf cmd="tag" pos="NN">official</wf>
<punc>,</punc>
<wf cmd="done" pos="VB" lemma="express" wnsn="1" lexsn="2:32:01::">expressing</wf>
<wf cmd="ignore" pos="DT">the</wf>
<wf cmd="tag" pos="NN">hope</wf>
<wf cmd="ignore" pos="IN">that</wf>
<punc>``</punc>
<wf cmd="tag" pos="RB">never</wf>
<wf cmd="ignore" pos="MD">would</wf>
<wf cmd="ignore" pos="PRP">we</wf>
<wf cmd="done" pos="VB" lemma="associate" wnsn="3" lexsn="2:41:00::">associate</wf>
<wf cmd="ignore" pos="PRP">ourselves</wf>
<wf cmd="ignore" pos="IN">with</wf>
<wf cmd="tag" pos="NNP">Russian</wf>
<wf cmd="tag" pos="NNS">purposes</wf>
<wf cmd="ignore" pos="IN">in</wf>
<wf cmd="ignore" pos="DT">the</wf>
<wf cmd="tag" pos="NNS">areas</wf>
<wf cmd="ignore" pos="IN">of</wf>
<wf cmd="tag" pos="JJ">eastern</wf>
<wf cmd="tag" pos="NNP">Europe</wf>
<wf cmd="ignore" pos="IN">beyond</wf>
<wf cmd="ignore" pos="PRP$">her</wf>
<wf cmd="tag" pos="JJ">own</wf>
<wf cmd="tag" pos="NNS">boundaries</wf>
<punc>''</punc>
<punc>.</punc>
</s>
</p>
<p pnum="8">
<s snum="15">
<wf cmd="ignore" pos="DT">The</wf>
<wf cmd="tag" pos="NN">hope</wf>
<wf cmd="done" pos="VB" lemma="be" wnsn="1" lexsn="2:42:03::">was</wf>
<wf cmd="tag" pos="JJ">vain</wf>
<punc>.</punc>
</s>
<s snum="16">
<wf cmd="ignore" pos="IN">With</wf>
<wf cmd="tag" pos="JJ">justified</wf>
<wf cmd="tag" pos="NN">bitterness</wf>
<wf cmd="ignore" pos="DT">the</wf>
<wf cmd="tag" pos="NN">author</wf>
<wf cmd="done" pos="VB" lemma="speak" wnsn="2" lexsn="2:32:01::">speaks</wf>
<wf cmd="ignore" pos="IN">of</wf>
<punc>``</punc>
<wf cmd="ignore" pos="WP">what</wf>
<wf cmd="done" pos="VB" lemma="seem" wnsn="1" lexsn="2:39:00::">seems</wf>
<wf cmd="ignore" pos="TO">to</wf>
<wf cmd="ignore" pos="PRP">me</wf>
<wf cmd="ignore" pos="TO">to</wf>
<wf cmd="done" pos="VB" ot="notag">have</wf>
<wf cmd="done" pos="VB" lemma="be" wnsn="1" lexsn="2:42:03::">been</wf>
<wf cmd="ignore" pos="DT">an</wf>
<wf cmd="tag" pos="JJ">inexcusable</wf>
<wf cmd="tag" pos="NN">body</wf>
<wf cmd="ignore" pos="IN">of</wf>
<wf cmd="tag" pos="NN">ignorance</wf>
<wf cmd="ignore" pos="IN">about</wf>
<wf cmd="ignore" pos="DT">the</wf>
<wf cmd="tag" pos="NN">nature</wf>
<wf cmd="ignore" pos="IN">of</wf>
<wf cmd="ignore" pos="DT">the</wf>
<wf cmd="tag" pos="NNP">Russian_Communist</wf>
<wf cmd="tag" pos="NN">movement</wf>
<punc>,</punc>
<wf cmd="ignore" pos="IN">about</wf>
<wf cmd="ignore" pos="DT">the</wf>
<wf cmd="tag" pos="NN">history</wf>
<wf cmd="ignore" pos="IN">of</wf>
<wf cmd="ignore" pos="PRP$">its</wf>
<wf cmd="tag" pos="NN">diplomacy</wf>
<punc>,</punc>
<wf cmd="ignore" pos="IN">about</wf>
<wf cmd="ignore" pos="WP">what</wf>
<wf cmd="done" pos="VBD" ot="notag">had</wf>
<wf cmd="done" pos="VB" lemma="happen" wnsn="1" lexsn="2:30:00::">happened</wf>
<wf cmd="ignore" pos="IN">in</wf>
<wf cmd="ignore" pos="DT">the</wf>
<wf cmd="tag" pos="NN">purges</wf>
<punc>,</punc>
<wf cmd="ignore" pos="CC">and</wf>
<wf cmd="ignore" pos="IN">about</wf>
<wf cmd="ignore" pos="WP">what</wf>
<wf cmd="done" pos="VBD" ot="notag">had</wf>
<wf cmd="done" pos="VBN" ot="notag">been</wf>
<wf cmd="done" pos="VB" lemma="go_on" wnsn="2" lexsn="2:30:00::">going_on</wf>
<wf cmd="ignore" pos="IN">in</wf>
<wf cmd="tag" pos="NNP">Poland</wf>
<wf cmd="ignore" pos="CC">and</wf>
<wf cmd="ignore" pos="DT">the</wf>
<wf cmd="tag" pos="NN">Baltic_States</wf>
<punc>''</punc>
<punc>.</punc>
</s>
<s snum="17">
<wf cmd="ignore" pos="PRP">He</wf>
<wf cmd="tag" pos="RB">also</wf>
<wf cmd="done" pos="VB" lemma="speak" wnsn="2" lexsn="2:32:01::">speaks</wf>
<wf cmd="ignore" pos="IN">of</wf>
<wf cmd="tag" pos="NNP">Franklin_D._Roosevelt</wf>
<wf cmd="ignore" pos="POS">'s</wf>
<punc>``</punc>
<wf cmd="tag" pos="JJ">puerile</wf>
<punc>''</punc>
<wf cmd="tag" pos="NN">assumption</wf>
<wf cmd="ignore" pos="IN">that</wf>
<punc>``</punc>
<wf cmd="ignore" pos="IN">if</wf>
<wf cmd="tag" pos="RB">only</wf>
<wf cmd="ignore" pos="PRP">he</wf>
<punc>(</punc>
<wf cmd="tag" pos="NNP">Stalin</wf>
<punc>)</punc>
<wf cmd="ignore" pos="MD">could</wf>
<wf cmd="done" pos="VB" ot="notag">be</wf>
<wf cmd="done" pos="VB" lemma="expose" wnsn="1" lexsn="2:39:02::">exposed</wf>
<wf cmd="ignore" pos="TO">to</wf>
<wf cmd="ignore" pos="DT">the</wf>
<wf cmd="tag" pos="JJ">persuasive</wf>
<wf cmd="tag" pos="NN">charm</wf>
<wf cmd="ignore" pos="IN">of</wf>
<wf cmd="tag" pos="NN">someone</wf>
<wf cmd="ignore" pos="IN">like</wf>
<wf cmd="tag" pos="NNP">F._D._R.</wf>
<wf cmd="ignore" pos="PRP">himself</wf>
<punc>,</punc>
<wf cmd="tag" pos="JJ">ideological</wf>
<wf cmd="tag" pos="NNS">preconceptions</wf>
<wf cmd="ignore" pos="MD">would</wf>
<wf cmd="done" pos="VB" lemma="melt" wnsn="3" lexsn="2:30:04::">melt</wf>
<wf cmd="ignore" pos="CC">and</wf>
<wf cmd="tag" pos="NNP">Russia</wf>
<wf cmd="ignore" pos="POS">'s</wf>
<wf cmd="tag" pos="NN">co-operation</wf>
<wf cmd="ignore" pos="IN">with</wf>
<wf cmd="ignore" pos="DT">the</wf>
<wf cmd="tag" pos="NNP">West</wf>
<wf cmd="ignore" pos="MD">could</wf>
<wf cmd="done" pos="VB" ot="notag">be</wf>
<wf cmd="tag" pos="RB">easily</wf>
<wf cmd="done" pos="VB" lemma="arrange" wnsn="3" lexsn="2:36:03::">arranged</wf>
<punc>''</punc>
<punc>.</punc>
</s>
</p>
<p pnum="9">
<s snum="18">
<wf cmd="ignore" pos="DT">No</wf>
<wf cmd="tag" pos="NN">wonder</wf>
<wf cmd="tag" pos="NNP">Khrushchev</wf>
<wf cmd="ignore" pos="POS">'s</wf>
<wf cmd="tag" pos="JJ">first</wf>
<wf cmd="tag" pos="NN">message</wf>
<wf cmd="ignore" pos="TO">to</wf>
<wf cmd="tag" pos="NNP">President_Kennedy</wf>
<wf cmd="done" pos="VB" lemma="be" wnsn="2" lexsn="2:42:06::">was</wf>
<wf cmd="ignore" pos="DT">a</wf>
<wf cmd="tag" pos="JJ">wistful</wf>
<wf cmd="tag" pos="NN">desire</wf>
<wf cmd="ignore" pos="IN">for</wf>
<wf cmd="ignore" pos="DT">the</wf>
<wf cmd="tag" pos="NN">return</wf>
<wf cmd="ignore" pos="IN">of</wf>
<wf cmd="ignore" pos="DT">the</wf>
<punc>``</punc>
<wf cmd="tag" pos="JJ">good</wf>
<wf cmd="tag" pos="JJ">old</wf>
<wf cmd="tag" pos="NNS">days</wf>
<punc>''</punc>
<wf cmd="ignore" pos="IN">of</wf>
<wf cmd="tag" pos="NNP">Roosevelt</wf>
<punc>.</punc>
</s>
</p>
<p pnum="10">
<s snum="19">
<wf cmd="ignore" pos="DT">This</wf>
<wf cmd="tag" pos="JJ">fascinating</wf>
<wf cmd="tag" pos="NN">story</wf>
<wf cmd="done" pos="VB" lemma="begin" wnsn="2" lexsn="2:42:00::">begins</wf>
<wf cmd="ignore" pos="IN">with</wf>
<wf cmd="ignore" pos="DT">a</wf>
<wf cmd="tag" pos="NN">sketch</wf>
<punc>,</punc>
<wf cmd="tag" pos="JJ">rich_in</wf>
<wf cmd="tag" pos="JJ">personal</wf>
<wf cmd="tag" pos="NN">detail</wf>
<punc>,</punc>
<wf cmd="ignore" pos="IN">of</wf>
<wf cmd="ignore" pos="DT">the</wf>
<wf cmd="tag" pos="JJ">glancing</wf>
<wf cmd="tag" pos="JJ">mutual</wf>
<wf cmd="tag" pos="NN">impact</wf>
<wf cmd="ignore" pos="IN">of</wf>
<wf cmd="tag" pos="NN">World_War</wf>
<wf cmd="tag" pos="CD">1</wf>
<punc>,</punc>
<wf cmd="ignore" pos="CC">and</wf>
<wf cmd="ignore" pos="DT">the</wf>
<wf cmd="tag" pos="CD">two</wf>
<wf cmd="tag" pos="NNS">instalments</wf>
<wf cmd="ignore" pos="IN">of</wf>
<wf cmd="ignore" pos="DT">the</wf>
<wf cmd="tag" pos="NN">Russian_Revolution</wf>
<punc>.</punc>
</s>
<s snum="20">
<wf cmd="ignore" pos="DT">The</wf>
<wf cmd="tag" pos="NN">first</wf>
<wf cmd="ignore" pos="IN">of</wf>
<wf cmd="ignore" pos="DT">these</wf>
<wf cmd="done" pos="VB" lemma="involve" wnsn="1" lexsn="2:42:01::">involved</wf>
<wf cmd="ignore" pos="DT">the</wf>
<wf cmd="tag" pos="NN">replacement</wf>
<wf cmd="ignore" pos="IN">of</wf>
<wf cmd="ignore" pos="DT">the</wf>
<wf cmd="tag" pos="NNP">Tsar</wf>
<wf cmd="ignore" pos="IN">by</wf>
<wf cmd="ignore" pos="DT">a</wf>
<wf cmd="tag" pos="JJ">liberal</wf>
<wf cmd="tag" pos="NNP">Provisional_Government</wf>
<wf cmd="ignore" pos="IN">in</wf>
<wf cmd="tag" pos="NNP">March</wf>
<punc>,</punc>
<wf cmd="tag" pos="CD">1917</wf>
<punc>;</punc>
<wf cmd="ignore" pos="DT">the</wf>
<wf cmd="tag" pos="JJ">second</wf>
<punc>,</punc>
<wf cmd="ignore" pos="DT">the</wf>
<wf cmd="tag" pos="NN">seizure</wf>
<wf cmd="ignore" pos="IN">of</wf>
<wf cmd="tag" pos="NN">power</wf>
<wf cmd="ignore" pos="IN">by</wf>
<wf cmd="ignore" pos="DT">the</wf>
<wf cmd="tag" pos="NNPS">Bolsheviks</wf>
<punc>(</punc>
<wf cmd="ignore" pos="WP">who</wf>
<wf cmd="tag" pos="RB">later</wf>
<wf cmd="done" pos="VB" lemma="call" wnsn="1" lexsn="2:32:02::">called</wf>
<wf cmd="ignore" pos="PRP">themselves</wf>
<wf cmd="tag" pos="NNPS">Communists</wf>
<punc>)</punc>
<wf cmd="ignore" pos="IN">in</wf>
<wf cmd="tag" pos="NNP">November</wf>
<wf cmd="ignore" pos="IN">of</wf>
<wf cmd="ignore" pos="DT">the</wf>
<wf cmd="tag" pos="JJ">same</wf>
<wf cmd="tag" pos="NN">year</wf>
<punc>.</punc>
</s>
</p>
<p pnum="11">
<s snum="21">
<wf cmd="ignore" pos="IN">As</wf>
<wf cmd="tag" pos="NNP">Kennan</wf>
<wf cmd="done" pos="VB" lemma="show" wnsn="3" lexsn="2:32:00::">shows</wf>
<punc>,</punc>
<wf cmd="ignore" pos="DT">the</wf>
<wf cmd="tag" pos="NN">judgment</wf>
<wf cmd="ignore" pos="IN">of</wf>
<wf cmd="ignore" pos="DT">the</wf>
<wf cmd="tag" pos="NNP">Allied</wf>
<wf cmd="tag" pos="NNS">governments</wf>
<wf cmd="ignore" pos="IN">about</wf>
<wf cmd="ignore" pos="WP">what</wf>
<wf cmd="done" pos="VBD" ot="notag">was</wf>
<wf cmd="done" pos="VB" lemma="happen" wnsn="1" lexsn="2:30:00::">happening</wf>
<wf cmd="ignore" pos="IN">in</wf>
<wf cmd="tag" pos="NNP">Russia</wf>
<wf cmd="done" pos="VBD" ot="notag">was</wf>
<wf cmd="done" pos="VB" lemma="warp" wnsn="1" lexsn="2:32:00::">warped</wf>
<wf cmd="ignore" pos="IN">by</wf>
<wf cmd="ignore" pos="DT">the</wf>
<wf cmd="tag" pos="NN">obsession</wf>
<wf cmd="ignore" pos="IN">of</wf>
<wf cmd="done" pos="VB" lemma="defeat" wnsn="1" lexsn="2:33:00::">defeating</wf>
<wf cmd="tag" pos="NNP">Germany</wf>
<punc>.</punc>
</s>
<s snum="22">
<wf cmd="ignore" pos="PRP">They</wf>
<wf cmd="done" pos="VB" lemma="be" wnsn="1" lexsn="2:42:03::">were</wf>
<wf cmd="tag" pos="JJ">blind_to</wf>
<wf cmd="ignore" pos="DT">the</wf>
<wf cmd="tag" pos="NN">evidence</wf>
<wf cmd="ignore" pos="IN">that</wf>
<wf cmd="tag" pos="NN">nothing</wf>
<wf cmd="ignore" pos="MD">could</wf>
<wf cmd="done" pos="VB" lemma="keep" wnsn="2" lexsn="2:42:07::">keep</wf>
<wf cmd="ignore" pos="DT">the</wf>
<wf cmd="tag" pos="NNP">Russian</wf>
<wf cmd="tag" pos="NNS">people</wf>
<wf cmd="done" pos="VB" lemma="fight" wnsn="1" lexsn="2:33:00::">fighting</wf>
<punc>.</punc>
</s>
<s snum="23">
<wf cmd="ignore" pos="PRP">They</wf>
<wf cmd="done" pos="VB" lemma="attribute" wnsn="1" lexsn="2:31:00::">attributed</wf>
<wf cmd="tag" pos="NN">everything</wf>
<wf cmd="ignore" pos="IN">that</wf>
<wf cmd="done" pos="VB" lemma="go_wrong" wnsn="1" lexsn="2:41:00::">went_wrong</wf>
<wf cmd="ignore" pos="IN">in</wf>
<wf cmd="tag" pos="NNP">Russia</wf>
<wf cmd="ignore" pos="TO">to</wf>
<wf cmd="tag" pos="JJ">German</wf>
<wf cmd="tag" pos="NN">influence</wf>
<wf cmd="ignore" pos="CC">and</wf>
<wf cmd="tag" pos="NN">intrigue</wf>
<punc>.</punc>
</s>
<s snum="24">
<wf cmd="ignore" pos="DT">This</wf>
<punc>,</punc>
<wf cmd="tag" pos="RB">more_than</wf>
<wf cmd="ignore" pos="DT">any</wf>
<wf cmd="tag" pos="JJ">other</wf>
<wf cmd="tag" pos="NN">factor</wf>
<punc>,</punc>
<wf cmd="done" pos="VB" lemma="lead" wnsn="3;9" lexsn="2:42:12::;2:41:12::">led</wf>
<wf cmd="done" pos="VB" ot="notag">to</wf>
<wf cmd="ignore" pos="DT">the</wf>
<wf cmd="tag" pos="NN">fiasco</wf>
<wf cmd="ignore" pos="IN">of</wf>
<wf cmd="tag" pos="NNP">Allied</wf>
<wf cmd="tag" pos="NN">intervention</wf>
<punc>.</punc>
</s>
<s snum="25">
<wf cmd="ignore" pos="IN">As</wf>
<wf cmd="ignore" pos="DT">the</wf>
<wf cmd="tag" pos="NN">author</wf>
<wf cmd="tag" pos="RB">very</wf>
<wf cmd="tag" pos="RB">justly</wf>
<wf cmd="done" pos="VB" lemma="say" wnsn="1" lexsn="2:32:00::">says</wf>
<punc>:</punc>
</s>
</p>
<p pnum="12">
<s snum="26">
<punc>``</punc>
<wf cmd="done" pos="VBD" ot="notag">Had</wf>
<wf cmd="ignore" pos="DT">a</wf>
<wf cmd="tag" pos="NN">world_war</wf>
<wf cmd="tag" pos="RB">not</wf>
<wf cmd="done" pos="VB" lemma="be" wnsn="1" lexsn="2:42:03::">been</wf>
<wf cmd="tag" pos="JJ">in_progress</wf>
<punc>,</punc>
<wf cmd="ignore" pos="EX">there</wf>
<wf cmd="ignore" pos="MD">would</wf>
<wf cmd="tag" pos="RB">never</wf>
<punc>,</punc>
<wf cmd="ignore" pos="IN">under</wf>
<wf cmd="ignore" pos="DT">any</wf>
<wf cmd="tag" pos="JJ">conceivable</wf>
<wf cmd="tag" pos="NN">stretch</wf>
<wf cmd="ignore" pos="IN">of</wf>
<wf cmd="ignore" pos="DT">the</wf>
<wf cmd="tag" pos="NN">imagination</wf>
<punc>,</punc>
<wf cmd="done" pos="VBP" ot="notag">have</wf>
<wf cmd="done" pos="VB" lemma="be" wnsn="5" lexsn="2:42:04::">been</wf>
<wf cmd="ignore" pos="DT">an</wf>
<wf cmd="tag" pos="NNP">Allied</wf>
<wf cmd="tag" pos="NN">intervention</wf>
<wf cmd="ignore" pos="IN">in</wf>
<wf cmd="tag" pos="NNP">North_Russia</wf>
<punc>''</punc>
<punc>.</punc>
</s>
<s snum="27">
<wf cmd="ignore" pos="DT">The</wf>
<wf cmd="tag" pos="NN">scope</wf>
<wf cmd="ignore" pos="CC">and</wf>
<wf cmd="tag" pos="NN">significance</wf>
<wf cmd="tag" pos="RB">of_this</wf>
<wf cmd="tag" pos="NN">intervention</wf>
<wf cmd="done" pos="VBP" ot="notag">have</wf>
<wf cmd="done" pos="VBN" ot="notag">been</wf>
<wf cmd="tag" pos="RB">grossly</wf>
<wf cmd="done" pos="VB" lemma="exaggerate" wnsn="1" lexsn="2:32:00::">exaggerated</wf>
<wf cmd="ignore" pos="IN">by</wf>
<wf cmd="tag" pos="NNP">Communist</wf>
<wf cmd="tag" pos="NN">propaganda</wf>
<punc>;</punc>
<wf cmd="tag" pos="RB">here</wf>
<wf cmd="tag" pos="NNP">Kennan</wf>
<punc>,</punc>
<wf cmd="done" pos="VB" lemma="operate" wnsn="4" lexsn="2:33:00::">operating</wf>
<wf cmd="ignore" pos="IN">with</wf>
<wf cmd="tag" pos="JJ">precise</wf>
<wf cmd="tag" pos="NNS">facts</wf>
<wf cmd="ignore" pos="CC">and</wf>
<wf cmd="tag" pos="NNS">figures</wf>
<punc>,</punc>
<wf cmd="done" pos="VB" lemma="perform" wnsn="2" lexsn="2:41:02::">performs</wf>
<wf cmd="ignore" pos="DT">an</wf>
<wf cmd="tag" pos="JJ">excellent</wf>
<wf cmd="tag" pos="NN">job</wf>
<wf cmd="ignore" pos="IN">of</wf>
<wf cmd="tag" pos="NN">debunking</wf>
<punc>.</punc>
</s>
</p>
<p pnum="13">
<s snum="28">
<wf cmd="ignore" pos="IN">Of</wf>
<wf cmd="tag" pos="JJ">many</wf>
<wf cmd="tag" pos="NNS">passages</wf>
<wf cmd="ignore" pos="IN">in</wf>
<wf cmd="ignore" pos="DT">the</wf>
<wf cmd="tag" pos="NN">book</wf>
<wf cmd="ignore" pos="WDT">that</wf>
<wf cmd="done" pos="VB" lemma="exemplify" wnsn="1" lexsn="2:42:00::">exemplify</wf>
<wf cmd="ignore" pos="DT">the</wf>
<wf cmd="tag" pos="NN">author</wf>
<wf cmd="ignore" pos="POS">'s</wf>
<wf cmd="tag" pos="JJ">vivid</wf>
<wf cmd="tag" pos="NN">style</wf>
<punc>,</punc>
<wf cmd="ignore" pos="DT">the</wf>
<wf cmd="tag" pos="NNS">characterizations</wf>
<wf cmd="ignore" pos="IN">of</wf>
<wf cmd="ignore" pos="DT">the</wf>
<wf cmd="tag" pos="CD">two</wf>
<wf cmd="tag" pos="JJ">plebeian</wf>
<wf cmd="tag" pos="NNS">dictators</wf>
<wf cmd="ignore" pos="WP$">whose</wf>
<wf cmd="tag" pos="NNS">crimes</wf>
<wf cmd="done" pos="VB" lemma="make" wnsn="2" lexsn="2:30:00::">make</wf>
<wf cmd="ignore" pos="DT">those</wf>
<wf cmd="ignore" pos="IN">of</wf>
<wf cmd="tag" pos="JJ">crowned</wf>
<wf cmd="tag" pos="NNS">autocrats</wf>
<wf cmd="tag" pos="JJ">pale</wf>
<wf cmd="ignore" pos="IN">by</wf>
<wf cmd="tag" pos="NN">comparison</wf>
<wf cmd="ignore" pos="MD">may</wf>
<wf cmd="done" pos="VB" ot="notag">be</wf>
<wf cmd="done" pos="VB" lemma="select" wnsn="1" lexsn="2:31:00::">selected</wf>
<punc>.</punc>
</s>
<s snum="29">
<wf cmd="ignore" pos="IN">On</wf>
<wf cmd="tag" pos="NNP">Stalin</wf>
<punc>:</punc>
</s>
</p>
<p pnum="14">
<s snum="30">
<punc>``</punc>
<wf cmd="ignore" pos="DT">This</wf>
<wf cmd="done" pos="VB" lemma="be" wnsn="1" lexsn="2:42:03::">was</wf>
<wf cmd="ignore" pos="DT">a</wf>
<wf cmd="tag" pos="NN">man</wf>
<wf cmd="ignore" pos="IN">of</wf>
<wf cmd="tag" pos="JJ">incredible</wf>
<wf cmd="tag" pos="NN">criminality</wf>
<punc>,</punc>
<wf cmd="ignore" pos="IN">of</wf>
<wf cmd="ignore" pos="DT">a</wf>
<wf cmd="tag" pos="NN">criminality</wf>
<wf cmd="tag" pos="RB">effectively</wf>
<wf cmd="ignore" pos="IN">without</wf>
<wf cmd="tag" pos="NNS">limits</wf>
<punc>;</punc>
<wf cmd="ignore" pos="DT">a</wf>
<wf cmd="tag" pos="NN">man</wf>
<wf cmd="tag" pos="RB">apparently</wf>
<wf cmd="tag" pos="JJ">foreign</wf>
<wf cmd="ignore" pos="TO">to</wf>
<wf cmd="ignore" pos="DT">the</wf>
<wf cmd="tag" pos="JJ">very</wf>
<wf cmd="tag" pos="NN">experience</wf>
<wf cmd="ignore" pos="IN">of</wf>
<wf cmd="tag" pos="NN">love</wf>
<punc>,</punc>
<wf cmd="ignore" pos="IN">without</wf>
<wf cmd="tag" pos="NN">mercy</wf>
<wf cmd="ignore" pos="CC">or</wf>
<wf cmd="tag" pos="NN">pity</wf>
<punc>;</punc>
<wf cmd="ignore" pos="DT">a</wf>
<wf cmd="tag" pos="NN">man</wf>
<wf cmd="ignore" pos="IN">in</wf>
<wf cmd="ignore" pos="WP$">whose</wf>
<wf cmd="tag" pos="NN">entourage</wf>
<wf cmd="tag" pos="NN">none</wf>
<wf cmd="done" pos="VB" lemma="be" wnsn="1" lexsn="2:42:03::">was</wf>
<wf cmd="tag" pos="RB">ever</wf>
<wf cmd="tag" pos="JJ">safe</wf>
<punc>;</punc>
<wf cmd="ignore" pos="DT">a</wf>
<wf cmd="tag" pos="NN">man</wf>
<wf cmd="ignore" pos="WP$">whose</wf>
<wf cmd="tag" pos="NN">hand</wf>
<wf cmd="done" pos="VBD" ot="notag">was</wf>
<wf cmd="done" pos="VB" lemma="set" wnsn="1" lexsn="2:35:00::">set</wf>
<wf cmd="ignore" pos="IN">against</wf>
<wf cmd="ignore" pos="DT">all</wf>
<wf cmd="ignore" pos="WDT">that</wf>
<wf cmd="ignore" pos="MD">could</wf>
<wf cmd="tag" pos="RB">not</wf>
<wf cmd="done" pos="VB" lemma="be" wnsn="1" lexsn="2:42:03::">be</wf>
<wf cmd="tag" pos="JJ">useful</wf>
<wf cmd="done" pos="VB" ot="notag">to</wf>
<wf cmd="ignore" pos="PRP">him</wf>
<wf cmd="ignore" pos="IN">at</wf>
<wf cmd="ignore" pos="DT">the</wf>
<wf cmd="tag" pos="NN">moment</wf>
<punc>;</punc>
<wf cmd="ignore" pos="DT">a</wf>
<wf cmd="tag" pos="NN">man</wf>
<wf cmd="ignore" pos="WP">who</wf>
<wf cmd="done" pos="VB" lemma="be" wnsn="1" lexsn="2:42:03::">was</wf>
<wf cmd="tag" pos="RBS">most</wf>
<wf cmd="tag" pos="JJ">dangerous</wf>
<wf cmd="ignore" pos="IN">of</wf>
<wf cmd="ignore" pos="DT">all</wf>
<wf cmd="ignore" pos="TO">to</wf>
<wf cmd="ignore" pos="DT">those</wf>
<wf cmd="ignore" pos="WP">who</wf>
<wf cmd="done" pos="VB" lemma="be" wnsn="1" lexsn="2:42:03::">were</wf>
<wf cmd="ignore" pos="PRP$">his</wf>
<wf cmd="tag" pos="JJS">closest</wf>
<wf cmd="tag" pos="NNS">collaborators</wf>
<wf cmd="ignore" pos="IN">in</wf>
<wf cmd="tag" pos="NN">crime</wf>
<punc>''</punc>
<punc>.</punc>
</s>
</p>
<p pnum="15">
<s snum="31">
<wf cmd="ignore" pos="CC">And</wf>
<wf cmd="tag" pos="RB">here</wf>
<wf cmd="done" pos="VB" lemma="be" wnsn="3" lexsn="2:42:05::">is</wf>
<wf cmd="tag" pos="NNP">Kennan</wf>
<wf cmd="ignore" pos="POS">'s</wf>
<wf cmd="tag" pos="NN">image</wf>
<wf cmd="ignore" pos="IN">of</wf>
<wf cmd="tag" pos="NNP">Hitler</wf>
<punc>,</punc>
<wf cmd="tag" pos="NNP">Stalin</wf>
<wf cmd="ignore" pos="POS">'s</wf>
<wf cmd="tag" pos="JJ">temporary</wf>
<wf cmd="tag" pos="NN">collaborator</wf>
<wf cmd="ignore" pos="IN">in</wf>
<wf cmd="ignore" pos="DT">the</wf>
<wf cmd="tag" pos="NN">subjugation</wf>
<wf cmd="ignore" pos="CC">and</wf>
<wf cmd="tag" pos="NN">oppression</wf>
<wf cmd="ignore" pos="IN">of</wf>
<wf cmd="tag" pos="JJR">weaker</wf>
<wf cmd="tag" pos="NNS">peoples</wf>
<punc>,</punc>
<wf cmd="ignore" pos="CC">and</wf>
<wf cmd="ignore" pos="PRP$">his</wf>
<wf cmd="tag" pos="RB">later</wf>
<wf cmd="tag" pos="NN">enemy</wf>
<punc>:</punc>
</s>
</p>
<p pnum="16">
<s snum="32">
<punc>``</punc>
<wf cmd="ignore" pos="IN">Behind</wf>
<wf cmd="ignore" pos="IN">that</wf>
<wf cmd="tag" pos="NNP">Charlie_Chaplin</wf>
<wf cmd="tag" pos="NN">moustache</wf>
<wf cmd="ignore" pos="CC">and</wf>
<wf cmd="ignore" pos="IN">that</wf>
<wf cmd="tag" pos="JJ">truant</wf>
<wf cmd="tag" pos="NN">lock</wf>
<wf cmd="ignore" pos="IN">of</wf>
<wf cmd="tag" pos="NN">hair</wf>
<wf cmd="ignore" pos="IN">that</wf>
<wf cmd="tag" pos="RB">always</wf>
<wf cmd="tag" pos="JJ">covered</wf>
<wf cmd="ignore" pos="PRP$">his</wf>
<wf cmd="tag" pos="NN">forehead</wf>
<punc>,</punc>
<wf cmd="ignore" pos="IN">behind</wf>
<wf cmd="ignore" pos="DT">the</wf>
<wf cmd="tag" pos="NNS">tirades</wf>
<wf cmd="ignore" pos="CC">and</wf>
<wf cmd="ignore" pos="DT">the</wf>
<wf cmd="tag" pos="JJ">sulky</wf>
<wf cmd="tag" pos="NNS">silences</wf>
<punc>,</punc>
<wf cmd="ignore" pos="DT">the</wf>
<wf cmd="tag" pos="JJ">passionate</wf>
<wf cmd="tag" pos="NNS">orations</wf>
<wf cmd="ignore" pos="CC">and</wf>
<wf cmd="ignore" pos="DT">the</wf>
<wf cmd="tag" pos="JJ">occasional</wf>
<wf cmd="tag" pos="JJ">dull</wf>
<wf cmd="tag" pos="JJ">evasive</wf>
<wf cmd="tag" pos="NN">stare</wf>
<punc>,</punc>
<wf cmd="ignore" pos="IN">behind</wf>
<wf cmd="ignore" pos="DT">the</wf>
<wf cmd="tag" pos="NNS">prejudices</wf>
<punc>,</punc>
<wf cmd="ignore" pos="DT">the</wf>
<wf cmd="tag" pos="NN">cynicism</wf>
<punc>,</punc>
<wf cmd="ignore" pos="DT">the</wf>
<wf cmd="tag" pos="JJ">total</wf>
<wf cmd="tag" pos="NN">amorality</wf>
<wf cmd="ignore" pos="IN">of</wf>
<wf cmd="tag" pos="NN">behavior</wf>
<punc>,</punc>
<wf cmd="ignore" pos="IN">behind</wf>
<wf cmd="tag" pos="RB">even</wf>
<wf cmd="ignore" pos="DT">the</wf>
<wf cmd="tag" pos="NN">tendency</wf>
<wf cmd="ignore" pos="TO">to</wf>
<wf cmd="tag" pos="JJ">great</wf>
<wf cmd="tag" pos="JJ">strategic</wf>
<wf cmd="tag" pos="NNS">mistakes</wf>
<punc>,</punc>
<wf cmd="ignore" pos="EX">there</wf>
<wf cmd="done" pos="VB" lemma="lie" wnsn="3" lexsn="2:42:01::">lay</wf>
<wf cmd="ignore" pos="DT">a</wf>
<wf cmd="tag" pos="NN">statesman</wf>
<wf cmd="ignore" pos="IN">of</wf>
<wf cmd="ignore" pos="DT">no</wf>
<wf cmd="tag" pos="NN">mean</wf>
<wf cmd="tag" pos="NNS">qualities</wf>
<punc>:</punc>
</s>
<s snum="33">
<wf cmd="tag" pos="JJ">Shrewd</wf>
<punc>,</punc>
<wf cmd="tag" pos="JJ">calculating</wf>
<punc>,</punc>
<wf cmd="ignore" pos="IN">in</wf>
<wf cmd="tag" pos="JJ">many</wf>
<wf cmd="tag" pos="NNS">ways</wf>
<wf cmd="tag" pos="JJ">realistic</wf>
<punc>,</punc>
<wf cmd="tag" pos="JJ">endowed</wf>
<punc>-</punc>
<wf cmd="ignore" pos="IN">like</wf>
<wf cmd="tag" pos="NNP">Stalin</wf>
<punc>-</punc>
<wf cmd="ignore" pos="IN">with</wf>
<wf cmd="tag" pos="JJ">considerable</wf>
<wf cmd="tag" pos="NNS">powers</wf>
<wf cmd="ignore" pos="IN">of</wf>
<wf cmd="tag" pos="NN">dissimulation</wf>
<punc>,</punc>
<wf cmd="tag" pos="JJ">capable_of</wf>
<wf cmd="done" pos="VB" lemma="play" wnsn="15" lexsn="2:33:03::">playing</wf>
<wf cmd="ignore" pos="PRP$">his</wf>
<wf cmd="tag" pos="NNS">cards</wf>
<wf cmd="tag" pos="RB">very</wf>
<wf cmd="tag" pos="RB">close_to</wf>
<wf cmd="ignore" pos="PRP$">his</wf>
<wf cmd="tag" pos="NN">chest</wf>
<wf cmd="ignore" pos="WRB">when</wf>
<wf cmd="ignore" pos="PRP">he</wf>
<wf cmd="tag" pos="RB">so</wf>
<wf cmd="done" pos="VB" lemma="desire" wnsn="1" lexsn="2:37:00::">desired</wf>
<punc>,</punc>
<wf cmd="tag" pos="RB">yet</wf>
<wf cmd="tag" pos="JJ">bold</wf>
<wf cmd="ignore" pos="CC">and</wf>
<wf cmd="tag" pos="JJ">resolute</wf>
<wf cmd="ignore" pos="IN">in</wf>
<wf cmd="ignore" pos="PRP$">his</wf>
<wf cmd="tag" pos="NNS">decisions</wf>
<punc>,</punc>
<wf cmd="ignore" pos="CC">and</wf>
<wf cmd="done" pos="VB" lemma="possess" wnsn="1" lexsn="2:42:00::">possessing</wf>
<wf cmd="tag" pos="CD">one</wf>
<wf cmd="tag" pos="NN">gift</wf>
<wf cmd="tag" pos="NNP">Stalin</wf>
<wf cmd="done" pos="VBD" ot="notag">did</wf>
<wf cmd="tag" pos="RB">not</wf>
<wf cmd="done" pos="VB" lemma="possess" wnsn="1" lexsn="2:42:00::">possess</wf>
<punc>:</punc>
<wf cmd="ignore" pos="DT">The</wf>
<wf cmd="tag" pos="NN">ability</wf>
<wf cmd="ignore" pos="TO">to</wf>
<wf cmd="done" pos="VB" lemma="rouse" wnsn="1" lexsn="2:38:01::">rouse</wf>
<wf cmd="tag" pos="NNS">men</wf>
<wf cmd="ignore" pos="TO">to</wf>
<wf cmd="tag" pos="NN">fever</wf>
<wf cmd="tag" pos="NN">pitch</wf>
<wf cmd="ignore" pos="IN">of</wf>
<wf cmd="tag" pos="JJ">personal</wf>
<wf cmd="tag" pos="NN">devotion</wf>
<wf cmd="ignore" pos="CC">and</wf>
<wf cmd="tag" pos="NN">enthusiasm</wf>
<wf cmd="ignore" pos="IN">by</wf>
<wf cmd="ignore" pos="DT">the</wf>
<wf cmd="tag" pos="NN">power</wf>
<wf cmd="ignore" pos="IN">of</wf>
<wf cmd="ignore" pos="DT">the</wf>
<wf cmd="tag" pos="NN">spoken_word</wf>
<punc>''</punc>
<punc>.</punc>
</s>
</p>
<p pnum="17">
<s snum="34">
<wf cmd="tag" pos="CD">Two</wf>
<wf cmd="tag" pos="NNS">criticisms</wf>
<wf cmd="tag" pos="RB">of_this</wf>
<wf cmd="tag" pos="RB">generally</wf>
<wf cmd="tag" pos="JJ">admirable</wf>
<wf cmd="ignore" pos="CC">and</wf>
<wf cmd="tag" pos="JJ">fascinating</wf>
<wf cmd="tag" pos="NN">book</wf>
<wf cmd="done" pos="VB" lemma="involve" wnsn="1" lexsn="2:42:01::">involve</wf>
<wf cmd="ignore" pos="DT">the</wf>
<wf cmd="tag" pos="NN">treatment</wf>
<wf cmd="ignore" pos="IN">of</wf>
<wf cmd="tag" pos="NN">wartime</wf>
<wf cmd="tag" pos="NN">diplomacy</wf>
<wf cmd="ignore" pos="WDT">which</wf>
<wf cmd="done" pos="VB" lemma="be" wnsn="1" lexsn="2:42:03::">is</wf>
<wf cmd="tag" pos="JJ">jagged</wf>
<wf cmd="ignore" pos="IN">at</wf>
<wf cmd="ignore" pos="DT">the</wf>
<wf cmd="tag" pos="NNS">edges</wf>
<punc>-</punc>
<wf cmd="ignore" pos="EX">there</wf>
<wf cmd="done" pos="VB" lemma="be" wnsn="5" lexsn="2:42:04::">is</wf>
<wf cmd="ignore" pos="DT">no</wf>
<wf cmd="tag" pos="NN">mention</wf>
<wf cmd="ignore" pos="IN">of</wf>
<wf cmd="ignore" pos="DT">the</wf>
<wf cmd="tag" pos="NNP">Potsdam_Conference</wf>
<wf cmd="ignore" pos="CC">or</wf>
<wf cmd="ignore" pos="DT">the</wf>
<wf cmd="tag" pos="NNP">Morgenthau_Plan</wf>
<punc>.</punc>
</s>
<s snum="35">
<wf cmd="ignore" pos="CC">And</wf>
<wf cmd="ignore" pos="IN">in</wf>
<wf cmd="ignore" pos="DT">a</wf>
<wf cmd="tag" pos="JJ">concluding</wf>
<wf cmd="tag" pos="NN">chapter</wf>
<wf cmd="ignore" pos="IN">about</wf>
<wf cmd="tag" pos="NNP">America</wf>
<wf cmd="ignore" pos="POS">'s</wf>
<wf cmd="tag" pos="NN">stance</wf>
<wf cmd="ignore" pos="IN">in</wf>
<wf cmd="ignore" pos="DT">the</wf>
<wf cmd="tag" pos="NN">contemporary_world</wf>
<punc>,</punc>
<wf cmd="tag" pos="CD">one</wf>
<wf cmd="done" pos="VB" lemma="sense" wnsn="1" lexsn="2:39:00::">senses</wf>
<wf cmd="tag" pos="JJ">certain</wf>
<wf cmd="tag" pos="NNS">misplacements</wf>
<wf cmd="ignore" pos="IN">of</wf>
<wf cmd="tag" pos="NN">emphasis</wf>
<wf cmd="ignore" pos="CC">and</wf>
<wf cmd="ignore" pos="DT">a</wf>
<wf cmd="tag" pos="NN">failure</wf>
<wf cmd="ignore" pos="TO">to</wf>
<wf cmd="done" pos="VB" lemma="come_to_grips" wnsn="1" lexsn="2:41:00::">come_to_grips</wf>
<wf cmd="ignore" pos="IN">with</wf>
<wf cmd="ignore" pos="DT">the</wf>
<wf cmd="tag" pos="JJ">baffling</wf>
<wf cmd="tag" pos="NN">riddle</wf>
<wf cmd="ignore" pos="IN">of</wf>
<wf cmd="ignore" pos="PRP$">our</wf>
<wf cmd="tag" pos="NN">time</wf>
<punc>:</punc>
<wf cmd="ignore" pos="WRB">How</wf>
<wf cmd="ignore" pos="TO">to</wf>
<wf cmd="done" pos="VB" lemma="deal" wnsn="8" lexsn="2:41:04::">deal</wf>
<wf cmd="done" pos="VB" ot="notag">with</wf>
<wf cmd="ignore" pos="DT">a</wf>
<wf cmd="tag" pos="JJ">wily</wf>
<wf cmd="ignore" pos="CC">and</wf>
<wf cmd="tag" pos="JJ">aggressive</wf>
<wf cmd="tag" pos="NN">enemy</wf>
<wf cmd="ignore" pos="IN">without</wf>
<wf cmd="tag" pos="NN">appeasement</wf>
<wf cmd="ignore" pos="CC">and</wf>
<wf cmd="ignore" pos="IN">without</wf>
<wf cmd="tag" pos="NN">war</wf>
<punc>.</punc>
</s>
</p>
<p pnum="18">
<s snum="36">
<wf cmd="ignore" pos="CC">But</wf>
<wf cmd="tag" pos="CD">one</wf>
<wf cmd="ignore" pos="MD">should</wf>
<wf cmd="tag" pos="RB">not</wf>
<wf cmd="done" pos="VB" lemma="ask" wnsn="2" lexsn="2:32:01::">ask</wf>
<wf cmd="done" pos="VB" ot="notag">for</wf>
<wf cmd="tag" pos="NN">everything</wf>
<punc>.</punc>
</s>
<s snum="37">
<wf cmd="tag" pos="NNP">Mr._Kennan</wf>
<punc>,</punc>
<wf cmd="ignore" pos="WP">who</wf>
<wf cmd="done" pos="VBZ" ot="notag">has</wf>
<wf cmd="tag" pos="RB">recently</wf>
<wf cmd="done" pos="VB" lemma="abandon" wnsn="5" lexsn="2:31:00::">abandoned</wf>
<wf cmd="tag" pos="NN">authorship</wf>
<wf cmd="ignore" pos="IN">for</wf>
<wf cmd="ignore" pos="DT">a</wf>
<wf cmd="tag" pos="JJ">new</wf>
<wf cmd="tag" pos="NN">round</wf>
<wf cmd="tag" pos="RB">of</wf>
<wf cmd="tag" pos="NN">diplomacy</wf>
<wf cmd="ignore" pos="IN">as</wf>
<wf cmd="ignore" pos="DT">the</wf>
<wf cmd="tag" pos="RB">recently</wf>
<wf cmd="tag" pos="JJ">appointed</wf>
<wf cmd="tag" pos="NNP">American</wf>
<wf cmd="tag" pos="NN">ambassador</wf>
<wf cmd="ignore" pos="TO">to</wf>
<wf cmd="tag" pos="NNP">Yugoslavia</wf>
<punc>,</punc>
<wf cmd="done" pos="VB" lemma="be" wnsn="1" lexsn="2:42:03::">is</wf>
<wf cmd="tag" pos="RB">not</wf>
<wf cmd="ignore" pos="DT">the</wf>
<wf cmd="tag" pos="JJ">only</wf>
<wf cmd="tag" pos="NN">man</wf>
<wf cmd="ignore" pos="WP">who</wf>
<wf cmd="done" pos="VB" lemma="find" wnsn="5" lexsn="2:31:10::">finds</wf>
<wf cmd="ignore" pos="PRP">it</wf>
<wf cmd="tag" pos="JJR">easier</wf>
<wf cmd="ignore" pos="TO">to</wf>
<wf cmd="done" pos="VB" lemma="portray" wnsn="1" lexsn="2:32:00::">portray</wf>
<wf cmd="ignore" pos="DT">the</wf>
<wf cmd="tag" pos="NN">past</wf>
<wf cmd="tag" pos="RB">than</wf>
<wf cmd="ignore" pos="TO">to</wf>
<wf cmd="done" pos="VB" lemma="prescribe" wnsn="1" lexsn="2:32:00::">prescribe</wf>
<wf cmd="ignore" pos="IN">for</wf>
<wf cmd="ignore" pos="DT">the</wf>
<wf cmd="tag" pos="NN">future</wf>
<punc>.</punc>
</s>
<s snum="38">
<wf cmd="ignore" pos="DT">The</wf>
<wf cmd="tag" pos="NN">story</wf>
<wf cmd="ignore" pos="IN">of</wf>
<wf cmd="ignore" pos="DT">a</wf>
<wf cmd="tag" pos="NN">quarter</wf>
<wf cmd="ignore" pos="IN">of</wf>
<wf cmd="ignore" pos="DT">a</wf>
<wf cmd="tag" pos="NN">century</wf>
<wf cmd="ignore" pos="IN">of</wf>
<wf cmd="tag" pos="NNP">Soviet-Western</wf>
<wf cmd="tag" pos="NNS">relations</wf>
<wf cmd="done" pos="VB" lemma="be" wnsn="1" lexsn="2:42:03::">is</wf>
<wf cmd="tag" pos="RB">vitally</wf>
<wf cmd="tag" pos="JJ">important</wf>
<punc>,</punc>
<wf cmd="ignore" pos="CC">and</wf>
<wf cmd="ignore" pos="PRP">it</wf>
<wf cmd="done" pos="VBZ" ot="notag">is</wf>
<wf cmd="done" pos="VB" lemma="tell" wnsn="3" lexsn="2:32:01::">told</wf>
<wf cmd="ignore" pos="IN">with</wf>
<wf cmd="ignore" pos="DT">the</wf>
<wf cmd="tag" pos="NN">fire</wf>
<wf cmd="ignore" pos="IN">of</wf>
<wf cmd="ignore" pos="DT">a</wf>
<wf cmd="tag" pos="JJ">first-rate</wf>
<wf cmd="tag" pos="JJ">historical</wf>
<wf cmd="tag" pos="NN">narrator</wf>
<punc>.</punc>
</s>
<s snum="39">
<wf cmd="ignore" pos="DT">The</wf>
<wf cmd="tag" pos="NNP">Ireland</wf>
<wf cmd="ignore" pos="PRP">we</wf>
<wf cmd="tag" pos="RB">usually</wf>
<wf cmd="done" pos="VB" lemma="hear" wnsn="2" lexsn="2:31:00::">hear</wf>
<wf cmd="done" pos="VB" ot="notag">about</wf>
<wf cmd="ignore" pos="IN">in</wf>
<wf cmd="ignore" pos="DT">the</wf>
<wf cmd="tag" pos="NN">theater</wf>
<wf cmd="done" pos="VB" lemma="be" wnsn="1" lexsn="2:42:03::">is</wf>
<wf cmd="ignore" pos="DT">a</wf>
<wf cmd="tag" pos="NN">place</wf>
<wf cmd="ignore" pos="IN">of</wf>
<wf cmd="tag" pos="JJ">bitter</wf>
<wf cmd="tag" pos="JJ">political</wf>
<wf cmd="ignore" pos="CC">or</wf>
<wf cmd="tag" pos="JJ">domestic</wf>
<wf cmd="tag" pos="NN">unrest</wf>
<punc>,</punc>
<wf cmd="tag" pos="JJ">lightened</wf>
<wf cmd="tag" pos="RB">occasionally</wf>
<wf cmd="ignore" pos="IN">with</wf>
<wf cmd="tag" pos="NNS">flashes</wf>
<wf cmd="ignore" pos="IN">of</wf>
<wf cmd="tag" pos="JJ">native</wf>
<wf cmd="tag" pos="NN">wit</wf>
<wf cmd="ignore" pos="CC">and</wf>
<wf cmd="tag" pos="NN">charm</wf>
<punc>.</punc>
</s>
<s snum="40">
<wf cmd="ignore" pos="IN">In</wf>
<punc>``</punc>
<wf cmd="tag" pos="NNP">Donnybrook</wf>
<punc>''</punc>
<punc>,</punc>
<wf cmd="ignore" pos="EX">there</wf>
<wf cmd="done" pos="VB" lemma="be" wnsn="5" lexsn="2:42:04::">is</wf>
<wf cmd="tag" pos="RB">quite</wf>
<wf cmd="ignore" pos="DT">a</wf>
<wf cmd="tag" pos="JJ">different</wf>
<wf cmd="tag" pos="NNP">Eire</wf>
<punc>,</punc>
<wf cmd="ignore" pos="DT">a</wf>
<wf cmd="tag" pos="JJ">rural</wf>
<wf cmd="tag" pos="NN">land</wf>
<wf cmd="ignore" pos="WRB">where</wf>
<wf cmd="tag" pos="NN">singing</wf>
<punc>,</punc>
<wf cmd="tag" pos="NN">dancing</wf>
<punc>,</punc>
<wf cmd="tag" pos="NN">fist-fighting</wf>
<wf cmd="ignore" pos="CC">and</wf>
<wf cmd="tag" pos="NN">romancing</wf>
<wf cmd="done" pos="VB" lemma="be" wnsn="7" lexsn="2:42:02::">are</wf>
<wf cmd="ignore" pos="DT">the</wf>
<wf cmd="tag" pos="NN">thing</wf>
<punc>.</punc>
</s>
<s snum="41">
<wf cmd="ignore" pos="EX">There</wf>
<wf cmd="done" pos="VB" lemma="be" wnsn="4" lexsn="2:42:00::">is</wf>
<wf cmd="tag" pos="NN">plenty</wf>
<wf cmd="ignore" pos="IN">of</wf>
<wf cmd="tag" pos="NN">violence</wf>
<punc>,</punc>
<wf cmd="tag" pos="RB">to_be_sure</wf>
<punc>,</punc>
<wf cmd="ignore" pos="CC">but</wf>
<wf cmd="ignore" pos="PRP">it</wf>
<wf cmd="done" pos="VB" lemma="be" wnsn="1" lexsn="2:42:03::">is</wf>
<wf cmd="ignore" pos="DT">a</wf>
<wf cmd="tag" pos="JJ">nice</wf>
<wf cmd="tag" pos="NN">violence</wf>
<wf cmd="ignore" pos="CC">and</wf>
<wf cmd="ignore" pos="DT">no</wf>
<wf cmd="tag" pos="NN">one</wf>
<wf cmd="done" pos="VBZ" ot="notag">gets</wf>
<wf cmd="done" pos="VB" lemma="kill" wnsn="1" lexsn="2:35:00::">killed</wf>
<punc>.</punc>
</s>
<s snum="42">
<wf cmd="tag" pos="RB">By_and_large</wf>
<punc>,</punc>
<wf cmd="tag" pos="NNP">Robert_McEnroe</wf>
<wf cmd="ignore" pos="POS">'s</wf>
<wf cmd="tag" pos="NN">adaptation</wf>
<wf cmd="ignore" pos="IN">of</wf>
<wf cmd="tag" pos="NNP">Maurice_Walsh</wf>
<wf cmd="ignore" pos="POS">'s</wf>
<wf cmd="tag" pos="NN">film</wf>
<punc>,</punc>
<punc>``</punc>
<wf cmd="ignore" pos="DT">The</wf>
<wf cmd="tag" pos="JJ">Quiet</wf>
<wf cmd="tag" pos="NN">Man</wf>
<punc>''</punc>
<punc>,</punc>
<wf cmd="done" pos="VB" lemma="provide" wnsn="1" lexsn="2:40:00::">provides</wf>
<wf cmd="ignore" pos="DT">the</wf>
<wf cmd="tag" pos="NN">entertainment</wf>
<wf cmd="ignore" pos="PRP">it</wf>
<wf cmd="done" pos="VB" lemma="set_out" wnsn="1" lexsn="2:30:00::">set_out</wf>
<wf cmd="ignore" pos="TO">to</wf>
<punc>,</punc>
<wf cmd="ignore" pos="CC">and</wf>
<wf cmd="ignore" pos="PRP">we</wf>
<wf cmd="done" pos="VB" lemma="have" wnsn="1" lexsn="2:40:00::">have</wf>
<wf cmd="ignore" pos="DT">a</wf>
<wf cmd="tag" pos="JJ">lively</wf>
<wf cmd="tag" pos="JJ">musical</wf>
<wf cmd="tag" pos="NN">show</wf>
<wf cmd="tag" pos="RB">if_not</wf>
<wf cmd="ignore" pos="DT">a</wf>
<wf cmd="tag" pos="JJ">superlative</wf>
<wf cmd="tag" pos="CD">one</wf>
<punc>.</punc>
</s>
</p>
<p pnum="19">
<s snum="43">
<wf cmd="ignore" pos="DT">This</wf>
<wf cmd="done" pos="VB" lemma="be" wnsn="2" lexsn="2:42:06::">is</wf>
<wf cmd="ignore" pos="DT">the</wf>
<wf cmd="tag" pos="NN">tale</wf>
<wf cmd="ignore" pos="IN">of</wf>
<wf cmd="tag" pos="CD">one</wf>
<wf cmd="tag" pos="NNP">John_Enright</wf>
<punc>,</punc>
<wf cmd="ignore" pos="DT">an</wf>
<wf cmd="tag" pos="NNP">American</wf>
<wf cmd="ignore" pos="WP">who</wf>
<wf cmd="done" pos="VBZ" ot="notag">has</wf>
<wf cmd="tag" pos="RB">accidentally</wf>
<wf cmd="done" pos="VB" lemma="kill" wnsn="1" lexsn="2:35:00::">killed</wf>
<wf cmd="ignore" pos="DT">a</wf>
<wf cmd="tag" pos="NN">man</wf>
<wf cmd="ignore" pos="IN">in</wf>
<wf cmd="ignore" pos="DT">the</wf>
<wf cmd="tag" pos="NN">prize_ring</wf>
<wf cmd="ignore" pos="CC">and</wf>
<wf cmd="done" pos="VBZ" ot="notag">is</wf>
<wf cmd="tag" pos="RB">now</wf>
<wf cmd="done" pos="VB" lemma="try" wnsn="1" lexsn="2:41:00::">trying</wf>
<wf cmd="done" pos="VB" ot="notag">to</wf>
<wf cmd="done" pos="VB" lemma="forget" wnsn="1" lexsn="2:31:01::">forget</wf>
<wf cmd="ignore" pos="IN">about</wf>
<wf cmd="ignore" pos="PRP">it</wf>
<wf cmd="ignore" pos="IN">in</wf>
<wf cmd="ignore" pos="DT">a</wf>
<wf cmd="tag" pos="JJ">quiet</wf>
<wf cmd="tag" pos="NN">place</wf>
<wf cmd="ignore" pos="WRB">where</wf>
<wf cmd="ignore" pos="PRP">he</wf>
<wf cmd="ignore" pos="MD">may</wf>
<wf cmd="done" pos="VB" lemma="become" wnsn="1" lexsn="2:30:00::">become</wf>
<wf cmd="ignore" pos="DT">a</wf>
<wf cmd="tag" pos="JJ">quiet</wf>
<wf cmd="tag" pos="NN">man</wf>
<punc>.</punc>
</s>
<s snum="44">
<wf cmd="ignore" pos="CC">But</wf>
<wf cmd="tag" pos="NNP">Innesfree</wf>
<punc>,</punc>
<wf cmd="ignore" pos="WRB">where</wf>
<wf cmd="tag" pos="NNP">Ellen_Roe_Danaher</wf>
<wf cmd="ignore" pos="CC">and</wf>
<wf cmd="ignore" pos="PRP$">her</wf>
<wf cmd="tag" pos="JJ">bullying</wf>
<wf cmd="tag" pos="NN">brother</wf>
<punc>,</punc>
<wf cmd="ignore" pos="MD">Will</wf>
<punc>,</punc>
<wf cmd="done" pos="VB" lemma="live" wnsn="1" lexsn="2:42:08::">live</wf>
<punc>,</punc>
<wf cmd="done" pos="VB" lemma="be" wnsn="1" lexsn="2:42:03::">is</wf>
<wf cmd="ignore" pos="DT">no</wf>
<wf cmd="tag" pos="NN">place</wf>
<wf cmd="ignore" pos="IN">for</wf>
<wf cmd="ignore" pos="DT">a</wf>
<wf cmd="tag" pos="NN">man</wf>
<wf cmd="ignore" pos="WP">who</wf>
<wf cmd="ignore" pos="MD">will</wf>
<wf cmd="tag" pos="RB">not</wf>
<wf cmd="done" pos="VB" lemma="use" wnsn="1" lexsn="2:34:01::">use</wf>
<wf cmd="ignore" pos="PRP$">his</wf>
<wf cmd="tag" pos="NNS">fists</wf>
<punc>.</punc>
</s>
<s snum="45">
<wf cmd="tag" pos="RB">So</wf>
<wf cmd="tag" pos="NNP">Enright</wf>
<wf cmd="ignore" pos="POS">'s</wf>
<wf cmd="done" pos="VB" lemma="court" wnsn="1" lexsn="2:41:00::">courting</wf>
<wf cmd="ignore" pos="IN">of</wf>
<wf cmd="ignore" pos="DT">the</wf>
<wf cmd="tag" pos="JJ">mettlesome</wf>
<wf cmd="tag" pos="NNP">Ellen</wf>
<wf cmd="done" pos="VBZ" ot="notag">is</wf>
<wf cmd="done" pos="VB" lemma="impede" wnsn="1" lexsn="2:41:00::">impeded</wf>
<wf cmd="tag" pos="RB">considerably</wf>
<punc>,</punc>
<wf cmd="tag" pos="RB">thereby</wf>
<wf cmd="done" pos="VB" lemma="provide" wnsn="1" lexsn="2:40:00::">providing</wf>
<wf cmd="ignore" pos="DT">the</wf>
<wf cmd="tag" pos="NN">tale</wf>
<wf cmd="ignore" pos="WDT">which</wf>
<wf cmd="done" pos="VBZ" ot="notag">is</wf>
<wf cmd="done" pos="VB" lemma="tell" wnsn="3" lexsn="2:32:01::">told</wf>
<punc>.</punc>
</s>
<s snum="46">
<wf cmd="ignore" pos="PRP">You</wf>
<wf cmd="ignore" pos="MD">may</wf>
<wf cmd="done" pos="VB" lemma="be" wnsn="1" lexsn="2:42:03::">be</wf>
<wf cmd="tag" pos="JJ">sure</wf>
<wf cmd="ignore" pos="PRP">he</wf>
<wf cmd="done" pos="VB" lemma="marry" wnsn="1" lexsn="2:41:00::">marries</wf>
<wf cmd="ignore" pos="PRP$">her</wf>
<wf cmd="tag" pos="RB">in_the_end</wf>
<wf cmd="ignore" pos="CC">and</wf>
<wf cmd="done" pos="VB" ot="notag">has</wf>
<wf cmd="ignore" pos="DT">a</wf>
<wf cmd="tag" pos="JJ">fine</wf>
<wf cmd="tag" pos="JJ">old</wf>
<wf cmd="tag" pos="NN">knockdown</wf>
<wf cmd="tag" pos="NN">fight</wf>
<wf cmd="done" pos="VB" ot="notag">with</wf>
<wf cmd="ignore" pos="DT">the</wf>
<wf cmd="tag" pos="NN">brother</wf>
<punc>,</punc>
<wf cmd="ignore" pos="CC">and</wf>
<wf cmd="ignore" pos="IN">that</wf>
<wf cmd="ignore" pos="EX">there</wf>
<wf cmd="done" pos="VB" lemma="be" wnsn="5" lexsn="2:42:04::">are</wf>
<wf cmd="tag" pos="NN">plenty</wf>
<wf cmd="ignore" pos="IN">of</wf>
<wf cmd="tag" pos="JJ">minor</wf>
<wf cmd="tag" pos="NNS">scraps</wf>
<wf cmd="ignore" pos="IN">along</wf>
<wf cmd="ignore" pos="DT">the</wf>
<wf cmd="tag" pos="NN">way</wf>
<wf cmd="ignore" pos="TO">to</wf>
<wf cmd="done" pos="VB" lemma="ensure" wnsn="2" lexsn="2:31:00::">ensure</wf>
<wf cmd="ignore" pos="IN">that</wf>
<wf cmd="ignore" pos="PRP">you</wf>
<wf cmd="done" pos="VB" lemma="understand" wnsn="1" lexsn="2:31:00::">understand</wf>
<wf cmd="ignore" pos="WP">what</wf>
<wf cmd="ignore" pos="DT">the</wf>
<wf cmd="tag" pos="NN">word</wf>
<wf cmd="tag" pos="NNP">Donnybrook</wf>
<wf cmd="done" pos="VB" lemma="mean" wnsn="3" lexsn="2:32:03::">means</wf>
<punc>.</punc>
</s>
</p>
<p pnum="20">
<s snum="47">
<wf cmd="tag" pos="RB">Then</wf>
<wf cmd="ignore" pos="EX">there</wf>
<wf cmd="done" pos="VB" lemma="be" wnsn="5" lexsn="2:42:04::">is</wf>
<wf cmd="ignore" pos="DT">a</wf>
<wf cmd="tag" pos="NN">matchmaker</wf>
<punc>,</punc>
<wf cmd="tag" pos="CD">one</wf>
<wf cmd="tag" pos="NNP">Mikeen_Flynn</wf>
<punc>,</punc>
<wf cmd="ignore" pos="DT">a</wf>
<wf cmd="tag" pos="NN">role</wf>
<wf cmd="ignore" pos="IN">for</wf>
<wf cmd="ignore" pos="WDT">which</wf>
<wf cmd="tag" pos="NNP">Eddie_Foy</wf>
<wf cmd="done" pos="VBD" ot="notag">was</wf>
<wf cmd="tag" pos="RB">happily</wf>
<wf cmd="done" pos="VB" lemma="select" wnsn="1" lexsn="2:31:00::">selected</wf>
<punc>.</punc>
</s>
<s snum="48">
<wf cmd="tag" pos="RB">Now</wf>
<wf cmd="ignore" pos="EX">there</wf>
<wf cmd="done" pos="VB" lemma="be" wnsn="4" lexsn="2:42:00::">is</wf>
<wf cmd="ignore" pos="DT">no</wf>
<wf cmd="tag" pos="NN">reason</wf>
<wf cmd="ignore" pos="IN">in</wf>
<wf cmd="ignore" pos="DT">the</wf>
<wf cmd="tag" pos="NN">world</wf>
<wf cmd="ignore" pos="WRB">why</wf>
<wf cmd="ignore" pos="DT">a</wf>
<wf cmd="tag" pos="NN">matchmaker</wf>
<wf cmd="ignore" pos="IN">in</wf>
<wf cmd="tag" pos="NNP">Ireland</wf>
<wf cmd="ignore" pos="MD">should</wf>
<wf cmd="done" pos="VB" lemma="happen" wnsn="2" lexsn="2:30:02::">happen</wf>
<wf cmd="tag" pos="RB">also</wf>
<wf cmd="ignore" pos="TO">to</wf>
<wf cmd="done" pos="VB" lemma="be" wnsn="2" lexsn="2:42:06::">be</wf>
<wf cmd="ignore" pos="DT">a</wf>
<wf cmd="tag" pos="JJ">talented</wf>
<wf cmd="tag" pos="JJ">soft-shoe</wf>
<wf cmd="tag" pos="NN">dancer</wf>
<wf cmd="ignore" pos="CC">and</wf>
<wf cmd="tag" pos="JJ">gifted</wf>
<wf cmd="tag" pos="NN">improviser</wf>
<wf cmd="ignore" pos="IN">of</wf>
<wf cmd="tag" pos="NNS">movements</wf>
<wf cmd="ignore" pos="IN">of</wf>
<wf cmd="ignore" pos="DT">the</wf>
<wf cmd="tag" pos="NNS">limbs</wf>
<punc>,</punc>
<wf cmd="tag" pos="NN">torso</wf>
<wf cmd="ignore" pos="CC">and</wf>
<wf cmd="tag" pos="NN">neck</wf>
<punc>,</punc>
<wf cmd="ignore" pos="IN">except</wf>
<wf cmd="ignore" pos="IN">that</wf>
<wf cmd="ignore" pos="DT">these</wf>
<wf cmd="tag" pos="NNS">talents</wf>
<wf cmd="done" pos="VB" lemma="add" wnsn="3" lexsn="2:40:00::">add</wf>
<wf cmd="tag" pos="RB">immensely</wf>
<wf cmd="ignore" pos="TO">to</wf>
<wf cmd="ignore" pos="DT">the</wf>
<wf cmd="tag" pos="NN">enjoyment</wf>
<wf cmd="ignore" pos="IN">of</wf>
<wf cmd="ignore" pos="DT">the</wf>
<wf cmd="tag" pos="NN">play</wf>
<punc>.</punc>
</s>
<s snum="49">
<wf cmd="tag" pos="NNP">Mr._Foy</wf>
<wf cmd="done" pos="VB" lemma="be" wnsn="1" lexsn="2:42:03::">is</wf>
<wf cmd="ignore" pos="DT">a</wf>
<wf cmd="tag" pos="NN">joy</wf>
<punc>,</punc>
<wf cmd="done" pos="VBG" ot="notag">having</wf>
<wf cmd="done" pos="VB" lemma="learn" wnsn="1" lexsn="2:31:00::">learned</wf>
<wf cmd="ignore" pos="PRP$">his</wf>
<wf cmd="tag" pos="NN">dancing</wf>
<wf cmd="ignore" pos="IN">by</wf>
<wf cmd="done" pos="VB" lemma="practice" wnsn="3" lexsn="2:36:00::">practicing</wf>
<wf cmd="ignore" pos="PRP">it</wf>
<wf cmd="ignore" pos="IN">until</wf>
<wf cmd="ignore" pos="PRP">he</wf>
<wf cmd="done" pos="VB" lemma="be" wnsn="1" lexsn="2:42:03::">is</wf>
<wf cmd="tag" pos="RB">practically</wf>
<wf cmd="tag" pos="JJ">perfect</wf>
<punc>.</punc>
</s>
<s snum="50">
<wf cmd="ignore" pos="PRP$">His</wf>
<wf cmd="tag" pos="NN">matchmaking</wf>
<wf cmd="done" pos="VB" lemma="be" wnsn="1" lexsn="2:42:03::">is</wf>
<punc>,</punc>
<wf cmd="tag" pos="RB">naturally</wf>
<punc>,</punc>
<wf cmd="tag" pos="JJ">incidental</wf>
<punc>,</punc>
<wf cmd="ignore" pos="CC">and</wf>
<wf cmd="ignore" pos="PRP">it</wf>
<wf cmd="tag" pos="RB">only</wf>
<wf cmd="done" pos="VBZ" ot="notag">serves</wf>
<wf cmd="tag" pos="NNP">Flynn</wf>
<wf cmd="tag" pos="NN">right</wf>
<wf cmd="ignore" pos="WRB">when</wf>
<wf cmd="ignore" pos="DT">a</wf>
<wf cmd="tag" pos="JJ">determined</wf>
<wf cmd="tag" pos="NN">widow</wf>
<wf cmd="done" pos="VB" lemma="take" wnsn="4" lexsn="2:35:00::">takes</wf>
<wf cmd="ignore" pos="PRP">him</wf>
<wf cmd="ignore" pos="IN">by</wf>
<wf cmd="ignore" pos="DT">the</wf>
<wf cmd="tag" pos="NN">ear</wf>
<wf cmd="ignore" pos="CC">and</wf>
<wf cmd="done" pos="VB" lemma="lead" wnsn="1" lexsn="2:38:01::">leads</wf>
<wf cmd="ignore" pos="PRP">him</wf>
<wf cmd="tag" pos="RB">off</wf>
<wf cmd="ignore" pos="TO">to</wf>
<wf cmd="tag" pos="NN">matrimony</wf>
<punc>.</punc>
</s>
</p>
<p pnum="21">
<s snum="51">
<wf cmd="tag" pos="NNP">Art_Lund</wf>
<punc>,</punc>
<wf cmd="ignore" pos="DT">a</wf>
<wf cmd="tag" pos="JJ">fine</wf>
<wf cmd="tag" pos="JJ">big</wf>
<wf cmd="tag" pos="NN">actor</wf>
<wf cmd="ignore" pos="IN">with</wf>
<wf cmd="ignore" pos="DT">a</wf>
<wf cmd="tag" pos="JJ">great</wf>
<wf cmd="tag" pos="NN">head</wf>
<wf cmd="ignore" pos="IN">of</wf>
<wf cmd="tag" pos="JJ">blond</wf>
<wf cmd="tag" pos="NN">hair</wf>
<wf cmd="ignore" pos="CC">and</wf>
<wf cmd="ignore" pos="DT">a</wf>
<wf cmd="tag" pos="JJ">good</wf>
<wf cmd="tag" pos="NN">voice</wf>
<punc>,</punc>
<wf cmd="done" pos="VB" lemma="impersonate" wnsn="1" lexsn="2:36:00::">impersonates</wf>
<wf cmd="tag" pos="NNP">Enright</wf>
<punc>.</punc>
</s>
<s snum="52">
<wf cmd="ignore" pos="IN">Although</wf>
<wf cmd="ignore" pos="PRP">he</wf>
<wf cmd="done" pos="VBZ" ot="notag">is</wf>
<wf cmd="tag" pos="RB">not</wf>
<wf cmd="done" pos="VB" lemma="grace" wnsn="1" lexsn="2:36:00::">graced</wf>
<wf cmd="ignore" pos="IN">with</wf>
<wf cmd="ignore" pos="DT">the</wf>
<wf cmd="tag" pos="NNS">subtleties</wf>
<wf cmd="ignore" pos="IN">of</wf>
<wf cmd="tag" pos="JJ">romantic</wf>
<wf cmd="tag" pos="NN">technique</wf>
<punc>,</punc>
<wf cmd="ignore" pos="IN">that</wf>
<wf cmd="done" rdf="is" pos="VB" lemma="be" wnsn="1" lexsn="2:42:03::">'s</wf>
<wf cmd="tag" pos="RB">not</wf>
<wf cmd="ignore" pos="WP">what</wf>
<wf cmd="ignore" pos="DT">an</wf>
<wf cmd="tag" pos="JJ">ex-prize</wf>
<wf cmd="tag" pos="NN">fighter</wf>
<wf cmd="done" pos="VB" lemma="be" wnsn="1" lexsn="2:42:03::">is</wf>
<wf cmd="tag" pos="JJ">supposed</wf>
<wf cmd="done" pos="VB" ot="notag">to</wf>
<wf cmd="done" pos="VB" lemma="have" wnsn="1" lexsn="2:40:00::">have</wf>
<punc>,</punc>
<wf cmd="tag" pos="RB">anyway</wf>
<punc>.</punc>
</s>
<s snum="53">
<wf cmd="tag" pos="NNP">Joan_Fagan</wf>
<punc>,</punc>
<wf cmd="ignore" pos="DT">a</wf>
<wf cmd="tag" pos="JJ">fiery</wf>
<wf cmd="tag" pos="NN">redhead</wf>
<wf cmd="ignore" pos="WP">who</wf>
<wf cmd="ignore" pos="MD">can</wf>
<wf cmd="done" pos="VB" lemma="impress" wnsn="1" lexsn="2:37:01::">impress</wf>
<wf cmd="ignore" pos="PRP">you</wf>
<wf cmd="ignore" pos="IN">that</wf>
<wf cmd="ignore" pos="PRP">she</wf>
<wf cmd="done" pos="VB" lemma="have" wnsn="1" lexsn="2:40:00::">has</wf>
<wf cmd="ignore" pos="DT">a</wf>
<wf cmd="tag" pos="NN">temper</wf>
<wf cmd="ignore" pos="IN">whether</wf>
<wf cmd="ignore" pos="PRP">she</wf>
<wf cmd="tag" pos="RB">really</wf>
<wf cmd="done" pos="VB" lemma="have" wnsn="1" lexsn="2:40:00::">has</wf>
<wf cmd="tag" pos="CD">one</wf>
<wf cmd="ignore" pos="CC">or</wf>
<wf cmd="tag" pos="RB">not</wf>
<punc>,</punc>
<wf cmd="done" pos="VB" lemma="play" wnsn="4" lexsn="2:36:02::">plays</wf>
<wf cmd="tag" pos="NNP">Ellen</wf>
<punc>,</punc>
<wf cmd="ignore" pos="CC">and</wf>
<wf cmd="done" pos="VB" lemma="sing" wnsn="1" lexsn="2:36:01::">sings</wf>
<wf cmd="ignore" pos="DT">the</wf>
<wf cmd="tag" pos="NN">role</wf>
<wf cmd="tag" pos="RB">very_well</wf>
<punc>,</punc>
<wf cmd="tag" pos="RB">too</wf>
<punc>.</punc>
</s>
<s snum="54">
<wf cmd="ignore" pos="IN">If</wf>
<wf cmd="ignore" pos="DT">the</wf>
<wf cmd="tag" pos="NN">mettle</wf>
<wf cmd="ignore" pos="WDT">which</wf>
<wf cmd="tag" pos="NNP">Ellen</wf>
<wf cmd="done" pos="VB" lemma="exhibit" wnsn="1" lexsn="2:42:00::">exhibits</wf>
<wf cmd="done" pos="VB" lemma="have" wnsn="1" lexsn="2:40:00::">has</wf>
<wf cmd="tag" pos="RB">a_bit</wf>
<wf cmd="ignore" pos="IN">of</wf>
<wf cmd="tag" pos="JJ">theatrical</wf>
<wf cmd="tag" pos="NN">dross</wf>
<wf cmd="ignore" pos="IN">in</wf>
<wf cmd="ignore" pos="PRP">it</wf>
<punc>,</punc>
<wf cmd="tag" pos="RB">never</wf>
<wf cmd="done" pos="VB" lemma="mind" wnsn="2" lexsn="2:31:02::">mind</wf>
<punc>;</punc>
<wf cmd="ignore" pos="PRP">she</wf>
<wf cmd="done" pos="VB" lemma="fit" wnsn="3" lexsn="2:42:01::">fits</wf>
<wf cmd="ignore" pos="IN">into</wf>
<wf cmd="ignore" pos="DT">the</wf>
<wf cmd="tag" pos="JJ">general</wf>
<wf cmd="tag" pos="NN">scheme</wf>
<wf cmd="tag" pos="RB">well</wf>
<wf cmd="tag" pos="RB">enough</wf>
<punc>.</punc>
</s>
</p>
<p pnum="22">
<s snum="55">
<wf cmd="tag" pos="NNP">Susan_Johnson</wf>
<punc>,</punc>
<wf cmd="ignore" pos="IN">as</wf>
<wf cmd="ignore" pos="DT">the</wf>
<wf cmd="tag" pos="NN">widow</wf>
<punc>,</punc>
<wf cmd="done" pos="VB" lemma="spend" wnsn="1" lexsn="2:42:00::">spends</wf>
<wf cmd="ignore" pos="DT">the</wf>
<wf cmd="tag" pos="NN">first_half</wf>
<wf cmd="ignore" pos="IN">of</wf>
<wf cmd="ignore" pos="DT">the</wf>
<wf cmd="tag" pos="NN">play</wf>
<wf cmd="done" pos="VB" lemma="run" wnsn="4" lexsn="2:41:02::">running</wf>
<wf cmd="ignore" pos="DT">a</wf>
<wf cmd="tag" pos="NN">bar</wf>
<wf cmd="ignore" pos="CC">and</wf>
<wf cmd="done" pos="VB" lemma="sing" wnsn="2" lexsn="2:36:00::">singing</wf>
<wf cmd="ignore" pos="IN">about</wf>
<wf cmd="ignore" pos="DT">the</wf>
<wf cmd="tag" pos="JJ">unlamented</wf>
<wf cmd="tag" pos="NN">death</wf>
<wf cmd="ignore" pos="IN">of</wf>
<wf cmd="ignore" pos="PRP$">her</wf>
<wf cmd="tag" pos="JJ">late</wf>
<wf cmd="tag" pos="NN">husband</wf>
<wf cmd="ignore" pos="CC">and</wf>
<wf cmd="ignore" pos="DT">the</wf>
<wf cmd="tag" pos="NN">second_half</wf>
<wf cmd="done" pos="VB" lemma="try" wnsn="1" lexsn="2:41:00::">trying</wf>
<wf cmd="ignore" pos="TO">to</wf>
<wf cmd="done" pos="VB" lemma="acquire" wnsn="1" lexsn="2:40:00::">acquire</wf>
<wf cmd="ignore" pos="DT">a</wf>
<wf cmd="tag" pos="JJ">new</wf>
<wf cmd="tag" pos="CD">one</wf>
<punc>.</punc>
</s>
<s snum="56">
<wf cmd="ignore" pos="PRP">She</wf>
<wf cmd="done" pos="VB" lemma="have" wnsn="1" lexsn="2:40:00::">has</wf>
<wf cmd="ignore" pos="DT">a</wf>
<wf cmd="tag" pos="JJ">good</wf>
<punc>,</punc>
<wf cmd="tag" pos="NN">firm</wf>
<wf cmd="tag" pos="NN">delivery</wf>
<wf cmd="ignore" pos="IN">of</wf>
<wf cmd="tag" pos="NNS">songs</wf>
<wf cmd="ignore" pos="CC">and</wf>
<wf cmd="done" pos="VB" lemma="add" wnsn="3" lexsn="2:40:00::">adds</wf>
<wf cmd="ignore" pos="TO">to</wf>
<wf cmd="ignore" pos="DT">the</wf>
<wf cmd="tag" pos="JJ">solid</wf>
<wf cmd="tag" pos="NNS">virtues</wf>
<wf cmd="ignore" pos="IN">of</wf>
<wf cmd="ignore" pos="DT">the</wf>
<wf cmd="tag" pos="NN">evening</wf>
<punc>.</punc>
</s>
</p>
<p pnum="23">
<s snum="57">
<wf cmd="tag" pos="RB">Then</wf>
<wf cmd="ignore" pos="EX">there</wf>
<wf cmd="done" pos="VB" lemma="be" wnsn="5" lexsn="2:42:04::">are</wf>
<wf cmd="ignore" pos="DT">a</wf>
<wf cmd="tag" pos="NN">pair</wf>
<wf cmd="ignore" pos="IN">of</wf>
<wf cmd="tag" pos="JJ">old</wf>
<wf cmd="tag" pos="NNS">biddies</wf>
<wf cmd="done" pos="VB" lemma="play" wnsn="4" lexsn="2:36:02::">played</wf>
<wf cmd="ignore" pos="IN">by</wf>
<wf cmd="tag" pos="NNP">Grace_Carney</wf>
<wf cmd="ignore" pos="CC">and</wf>
<wf cmd="tag" pos="NNP">Sibly_Bowan</wf>
<wf cmd="ignore" pos="WP">who</wf>
<wf cmd="ignore" pos="MD">may</wf>
<wf cmd="done" pos="VB" lemma="be" wnsn="1" lexsn="2:42:03::">be</wf>
<wf cmd="tag" pos="NN">right</wf>
<wf cmd="ignore" pos="IN">off</wf>
<wf cmd="ignore" pos="DT">the</wf>
<wf cmd="tag" pos="NN">shelf</wf>
<wf cmd="ignore" pos="IN">of</wf>
<wf cmd="tag" pos="NN">stock</wf>
<wf cmd="tag" pos="JJ">Irish</wf>
<wf cmd="tag" pos="NNS">characters</wf>
<punc>,</punc>
<wf cmd="ignore" pos="CC">but</wf>
<wf cmd="ignore" pos="PRP">they</wf>
<wf cmd="done" pos="VB" lemma="put" wnsn="2" lexsn="2:35:05::">put</wf>
<wf cmd="tag" pos="JJ">such</wf>
<wf cmd="ignore" pos="DT">a</wf>
<wf cmd="tag" pos="NN">combination</wf>
<wf cmd="ignore" pos="IN">of</wf>
<wf cmd="tag" pos="NN">good_will</wf>
<wf cmd="ignore" pos="CC">and</wf>
<wf cmd="tag" pos="NN">malevolence</wf>
<wf cmd="ignore" pos="IN">into</wf>
<wf cmd="ignore" pos="PRP$">their</wf>
<wf cmd="tag" pos="NNS">parts</wf>
<wf cmd="ignore" pos="IN">that</wf>
<wf cmd="ignore" pos="PRP">they</wf>
<wf cmd="done" rdf="are" pos="VB" lemma="be" wnsn="1" lexsn="2:42:03::">'re</wf>
<wf cmd="tag" pos="RB">quite</wf>
<wf cmd="tag" pos="JJ">entertaining</wf>
<punc>.</punc>
</s>
<s snum="58">
<wf cmd="ignore" pos="CC">And</wf>
<wf cmd="ignore" pos="IN">in</wf>
<wf cmd="ignore" pos="DT">the</wf>
<wf cmd="tag" pos="NN">role</wf>
<wf cmd="ignore" pos="IN">of</wf>
<wf cmd="ignore" pos="MD">Will</wf>
<wf cmd="tag" pos="NNP">Danaher</wf>
<punc>,</punc>
<wf cmd="tag" pos="NNP">Philip_Bosco</wf>
<wf cmd="done" pos="VB" lemma="roar" wnsn="3" lexsn="2:32:02::">roars</wf>
<wf cmd="ignore" pos="CC">and</wf>
<wf cmd="done" pos="VB" lemma="sneer" wnsn="1" lexsn="2:29:01::">sneers</wf>
<wf cmd="tag" pos="RB">sufficiently</wf>
<wf cmd="ignore" pos="TO">to</wf>
<wf cmd="done" pos="VB" lemma="intimidate" wnsn="1" lexsn="2:37:00::">intimidate</wf>
<wf cmd="tag" pos="RB">not_only</wf>
<wf cmd="tag" pos="CD">one</wf>
<wf cmd="tag" pos="NNP">American</wf>
<wf cmd="ignore" pos="CC">but</wf>
<wf cmd="ignore" pos="DT">the</wf>
<wf cmd="tag" pos="JJ">whole</wf>
<wf cmd="tag" pos="JJ">British</wf>
<wf cmd="tag" pos="NN">army</wf>
<punc>,</punc>
<wf cmd="ignore" pos="IN">if</wf>
<wf cmd="ignore" pos="PRP">he</wf>
<wf cmd="done" pos="VB" lemma="choose" wnsn="3" lexsn="2:31:01::">chose</wf>
<punc>.</punc>
</s>
</p>
<p pnum="24">
<s snum="59">
<punc>``</punc>
<wf cmd="tag" pos="NNP">Donnybrook</wf>
<punc>''</punc>
<wf cmd="done" pos="VB" lemma="be" wnsn="1" lexsn="2:42:03::">is</wf>
<wf cmd="ignore" pos="DT">no</wf>
<punc>``</punc>
<wf cmd="tag" pos="NNP">Brigadoon</wf>
<punc>''</punc>
<punc>,</punc>
<wf cmd="ignore" pos="CC">but</wf>
<wf cmd="ignore" pos="PRP">it</wf>
<wf cmd="done" pos="VBZ" ot="notag">does</wf>
<wf cmd="done" pos="VB" lemma="have" wnsn="2" lexsn="2:42:00::">have</wf>
<wf cmd="ignore" pos="DT">some</wf>
<wf cmd="tag" pos="RB">very</wf>
<wf cmd="tag" pos="JJ">nice</wf>
<wf cmd="tag" pos="JJ">romantic</wf>
<wf cmd="tag" pos="NN">background</wf>
<wf cmd="tag" pos="NNS">touches</wf>
<wf cmd="ignore" pos="CC">and</wf>
<wf cmd="ignore" pos="DT">some</wf>
<wf cmd="tag" pos="JJ">excellent</wf>
<wf cmd="tag" pos="NN">dancing</wf>
<punc>.</punc>
</s>
<s snum="60">
<wf cmd="ignore" pos="DT">The</wf>
<wf cmd="tag" pos="NNS">ballads</wf>
<wf cmd="done" pos="VB" lemma="be" wnsn="1" lexsn="2:42:03::">are</wf>
<wf cmd="tag" pos="JJ">sweet</wf>
<wf cmd="ignore" pos="CC">and</wf>
<wf cmd="tag" pos="JJ">sad</wf>
<punc>,</punc>
<wf cmd="ignore" pos="CC">and</wf>
<wf cmd="ignore" pos="DT">the</wf>
<wf cmd="tag" pos="NN">music</wf>
<wf cmd="tag" pos="RB">generally</wf>
<wf cmd="tag" pos="JJ">competent</wf>
<punc>.</punc>
</s>
<s snum="61">
<wf cmd="ignore" pos="PRP">It</wf>
<wf cmd="tag" pos="RB">sometimes</wf>
<wf cmd="done" pos="VB" lemma="threaten" wnsn="3" lexsn="2:32:01::">threatens</wf>
<wf cmd="ignore" pos="TO">to</wf>
<wf cmd="done" pos="VB" lemma="linger" wnsn="3" lexsn="2:38:01::">linger</wf>
<wf cmd="ignore" pos="IN">in</wf>
<wf cmd="ignore" pos="DT">the</wf>
<wf cmd="tag" pos="NN">memory</wf>
<wf cmd="ignore" pos="IN">after</wf>
<wf cmd="ignore" pos="DT">the</wf>
<wf cmd="tag" pos="JJ">final</wf>
<wf cmd="tag" pos="NN">curtain</wf>
<punc>,</punc>
<wf cmd="ignore" pos="CC">and</wf>
<wf cmd="ignore" pos="DT">some</wf>
<wf cmd="tag" pos="RB">of_it</wf>
<punc>,</punc>
<wf cmd="tag" pos="JJ">such_as</wf>
<wf cmd="ignore" pos="DT">the</wf>
<wf cmd="tag" pos="JJ">catchy</wf>
<punc>``</punc>
<wf cmd="tag" pos="NNP">Sez</wf>
<wf cmd="ignore" pos="PRP">I</wf>
<punc>''</punc>
<punc>,</punc>
<wf cmd="done" pos="VBZ" ot="notag">does</wf>
<punc>.</punc>
</s>
<s snum="62">
<punc>``</punc>
<wf cmd="ignore" pos="DT">A</wf>
<wf cmd="tag" pos="NNP">Toast</wf>
<wf cmd="ignore" pos="TO">To</wf>
<wf cmd="ignore" pos="DT">The</wf>
<wf cmd="tag" pos="NNP">Bride</wf>
<punc>''</punc>
<punc>,</punc>
<wf cmd="done" pos="VB" lemma="sing" wnsn="1" lexsn="2:36:01::">sung</wf>
<wf cmd="ignore" pos="IN">by</wf>
<wf cmd="tag" pos="NNP">Clarence_Nordstrom</wf>
<punc>,</punc>
<wf cmd="done" pos="VB" lemma="play" wnsn="4" lexsn="2:36:02::">playing</wf>
<wf cmd="ignore" pos="DT">a</wf>
<wf cmd="tag" pos="NN">character</wf>
<wf cmd="tag" pos="JJ">called</wf>
<wf cmd="tag" pos="NN">Old_Man</wf>
<wf cmd="tag" pos="NNP">Toomey</wf>
<punc>,</punc>
<wf cmd="done" pos="VB" lemma="be" wnsn="1" lexsn="2:42:03::">is</wf>
<wf cmd="tag" pos="RB">quite</wf>
<wf cmd="tag" pos="JJ">simple</wf>
<punc>,</punc>
<wf cmd="tag" pos="JJ">direct</wf>
<wf cmd="ignore" pos="CC">and</wf>
<wf cmd="tag" pos="JJ">touching</wf>
<punc>.</punc>
</s>
</p>
<p pnum="25">
<s snum="63">
<wf cmd="ignore" pos="DT">The</wf>
<wf cmd="tag" pos="NNS">men</wf>
<wf cmd="ignore" pos="IN">of</wf>
<wf cmd="tag" pos="NNP">Innesfree</wf>
<wf cmd="done" pos="VBP" ot="notag">are</wf>
<wf cmd="done" pos="VB" lemma="get_up" wnsn="6" lexsn="2:29:02::">got_up</wf>
<wf cmd="tag" pos="RB">authentically</wf>
<wf cmd="ignore" pos="IN">in</wf>
<wf cmd="tag" pos="NN">cloth_caps</wf>
<wf cmd="ignore" pos="CC">and</wf>
<wf cmd="tag" pos="NNS">sweaters</wf>
<punc>,</punc>
<wf cmd="ignore" pos="CC">and</wf>
<wf cmd="ignore" pos="PRP$">their</wf>
<wf cmd="tag" pos="NN">dancing</wf>
<wf cmd="ignore" pos="CC">and</wf>
<wf cmd="tag" pos="NN">singing</wf>
<wf cmd="done" pos="VB" lemma="be" wnsn="1" lexsn="2:42:03::">is</wf>
<wf cmd="tag" pos="JJ">fine</wf>
<punc>.</punc>
</s>
<s snum="64">
<wf cmd="tag" pos="RB">So</wf>
<wf cmd="done" pos="VB" lemma="be" wnsn="1" lexsn="2:42:03::">is</wf>
<wf cmd="ignore" pos="IN">that</wf>
<wf cmd="ignore" pos="IN">of</wf>
<wf cmd="ignore" pos="DT">the</wf>
<wf cmd="tag" pos="JJ">limber</wf>
<wf cmd="tag" pos="NN">company</wf>
<wf cmd="ignore" pos="IN">of</wf>
<wf cmd="tag" pos="NNS">lasses</wf>
<wf cmd="ignore" pos="WP">who</wf>
<wf cmd="done" pos="VB" lemma="whirl" wnsn="1" lexsn="2:38:01::">whirl</wf>
<wf cmd="ignore" pos="CC">and</wf>
<wf cmd="done" pos="VB" lemma="glide" wnsn="1" lexsn="2:38:00::">glide</wf>
<wf cmd="ignore" pos="CC">and</wf>
<wf cmd="done" pos="VB" lemma="quickstep" wnsn="1" lexsn="2:38:00::">quickstep</wf>
<wf cmd="ignore" pos="IN">under</wf>
<wf cmd="tag" pos="NNP">Jack_Cole</wf>
<wf cmd="ignore" pos="POS">'s</wf>
<wf cmd="tag" pos="NN">expert</wf>
<wf cmd="tag" pos="JJ">choreographic</wf>
<wf cmd="tag" pos="NN">direction</wf>
<punc>.</punc>
</s>
<s snum="65">
<wf cmd="ignore" pos="DT">The</wf>
<wf cmd="tag" pos="JJ">male</wf>
<wf cmd="tag" pos="NNS">dancers</wf>
<wf cmd="tag" pos="RB">sometimes</wf>
<wf cmd="done" pos="VB" lemma="wear" wnsn="1" lexsn="2:29:00::">wear</wf>
<wf cmd="tag" pos="NNS">kilts</wf>
<wf cmd="ignore" pos="CC">and</wf>
<wf cmd="ignore" pos="PRP$">their</wf>
<wf cmd="tag" pos="NN">performance</wf>
<wf cmd="ignore" pos="IN">in</wf>
<wf cmd="ignore" pos="PRP">them</wf>
<wf cmd="done" pos="VB" lemma="be" wnsn="1" lexsn="2:42:03::">is</wf>
<wf cmd="tag" pos="JJ">spirited</wf>
<wf cmd="ignore" pos="CC">and</wf>
<wf cmd="tag" pos="JJ">stimulating</wf>
<punc>.</punc>
</s>
</p>
<p pnum="26">
<s snum="66">
<wf cmd="tag" pos="NNP">Rouben_Ter-Arutunian</wf>
<punc>,</punc>
<wf cmd="ignore" pos="IN">in</wf>
<wf cmd="ignore" pos="PRP$">his</wf>
<wf cmd="tag" pos="NN">stage_settings</wf>
<punc>,</punc>
<wf cmd="tag" pos="RB">often</wf>
<wf cmd="done" pos="VB" lemma="use" wnsn="1" lexsn="2:34:01::">uses</wf>
<wf cmd="ignore" pos="DT">the</wf>
<wf cmd="tag" pos="NN">scrim</wf>
<wf cmd="tag" pos="NN">curtain</wf>
<wf cmd="ignore" pos="IN">behind</wf>
<wf cmd="ignore" pos="WDT">which</wf>
<wf cmd="tag" pos="NNP">Mr._Cole</wf>
<wf cmd="done" pos="VBZ" ot="notag">has</wf>
<wf cmd="done" pos="VB" lemma="place" wnsn="1" lexsn="2:35:00::">placed</wf>
<wf cmd="tag" pos="NNS">couples</wf>
<wf cmd="ignore" pos="CC">or</wf>
<wf cmd="tag" pos="NNS">groups</wf>
<wf cmd="ignore" pos="WP">who</wf>
<wf cmd="done" pos="VB" lemma="sing" wnsn="2" lexsn="2:36:00::">sing</wf>
<wf cmd="ignore" pos="CC">and</wf>
<wf cmd="done" pos="VB" lemma="set" wnsn="7" lexsn="2:30:09::">set</wf>
<wf cmd="ignore" pos="DT">the</wf>
<wf cmd="tag" pos="NN">mood</wf>
<wf cmd="ignore" pos="IN">for</wf>
<wf cmd="ignore" pos="DT">the</wf>
<wf cmd="tag" pos="NNS">scenes</wf>
<wf cmd="ignore" pos="WDT">which</wf>
<wf cmd="done" pos="VBP" ot="notag">are</wf>
<wf cmd="ignore" pos="TO">to</wf>
<wf cmd="done" pos="VB" lemma="follow" wnsn="2" lexsn="2:42:00::">follow</wf>
<punc>.</punc>
</s>
<s snum="67">
<wf cmd="ignore" pos="EX">There</wf>
<wf cmd="done" pos="VB" lemma="be" wnsn="4" lexsn="2:42:00::">is</wf>
<wf cmd="ignore" pos="DT">no</wf>
<wf cmd="tag" pos="NN">reason</wf>
<wf cmd="ignore" pos="WRB">why</wf>
<wf cmd="tag" pos="RBS">most</wf>
<wf cmd="tag" pos="NNS">theatergoers</wf>
<wf cmd="ignore" pos="MD">should</wf>
<wf cmd="tag" pos="RB">not</wf>
<wf cmd="done" pos="VB" lemma="have" wnsn="3" lexsn="2:39:06::">have</wf>
<wf cmd="ignore" pos="DT">a</wf>
<wf cmd="tag" pos="RB">pretty</wf>
<wf cmd="tag" pos="JJ">good</wf>
<wf cmd="tag" pos="NN">time</wf>
<wf cmd="ignore" pos="IN">at</wf>
<punc>``</punc>
<wf cmd="tag" pos="NNP">Donnybrook</wf>
<punc>''</punc>
<punc>,</punc>
<wf cmd="ignore" pos="IN">unless</wf>
<wf cmd="ignore" pos="PRP">they</wf>
<wf cmd="done" pos="VB" lemma="be" wnsn="1" lexsn="2:42:03::">are</wf>
<wf cmd="tag" pos="RB">permanently</wf>
<wf cmd="ignore" pos="IN">in</wf>
<wf cmd="ignore" pos="DT">the</wf>
<wf cmd="tag" pos="NN">mood</wf>
<wf cmd="ignore" pos="IN">of</wf>
<wf cmd="tag" pos="NNP">Enright</wf>
<wf cmd="ignore" pos="WRB">when</wf>
<wf cmd="ignore" pos="PRP">he</wf>
<wf cmd="done" pos="VB" lemma="sing" wnsn="2" lexsn="2:36:00::">sings</wf>
<wf cmd="ignore" pos="IN">about</wf>
<wf cmd="ignore" pos="WRB">how</wf>
<wf cmd="tag" pos="RB">easily</wf>
<wf cmd="ignore" pos="PRP">he</wf>
<wf cmd="ignore" pos="MD">could</wf>
<wf cmd="done" pos="VB" lemma="hate" wnsn="1" lexsn="2:37:00::">hate</wf>
<wf cmd="ignore" pos="DT">the</wf>
<wf cmd="tag" pos="JJ">lovable</wf>
<wf cmd="tag" pos="JJ">Irish</wf>
<punc>.</punc>
</s>
</p>
<p pnum="27">
<s snum="68">
<wf cmd="ignore" pos="PRP">We</wf>
<wf cmd="ignore" pos="MD">can</wf>
<wf cmd="ignore" pos="DT">all</wf>
<wf cmd="done" pos="VB" lemma="breathe" wnsn="1" lexsn="2:29:00::">breathe</wf>
<wf cmd="tag" pos="RBR">more</wf>
<wf cmd="tag" pos="RB">easily</wf>
<wf cmd="ignore" pos="DT">this</wf>
<wf cmd="tag" pos="NN">morning</wf>
<punc>-</punc>
<wf cmd="tag" pos="RBR">more</wf>
<wf cmd="tag" pos="RB">easily</wf>
<wf cmd="ignore" pos="CC">and</wf>
<wf cmd="tag" pos="RB">joyously</wf>
<punc>,</punc>
<wf cmd="tag" pos="RB">too</wf>
<punc>-</punc>
<wf cmd="ignore" pos="IN">because</wf>
<wf cmd="tag" pos="NNP">Joshua_Logan</wf>
<wf cmd="done" pos="VBZ" ot="notag">has</wf>
<wf cmd="done" pos="VB" lemma="turn" wnsn="3" lexsn="2:42:00::">turned</wf>
<wf cmd="ignore" pos="DT">the</wf>
<wf cmd="tag" pos="NN">stage</wf>
<wf cmd="tag" pos="NN">show</wf>
<punc>,</punc>
<punc>``</punc>
<wf cmd="tag" pos="NNP">Fanny</wf>
<punc>''</punc>
<punc>,</punc>
<wf cmd="ignore" pos="IN">into</wf>
<wf cmd="ignore" pos="DT">a</wf>
<wf cmd="tag" pos="JJ">delightful</wf>
<wf cmd="ignore" pos="CC">and</wf>
<wf cmd="tag" pos="JJ">heart-warming</wf>
<wf cmd="tag" pos="NN">film</wf>
<punc>.</punc>
</s>
</p>
<p pnum="28">
<s snum="69">
<wf cmd="ignore" pos="DT">The</wf>
<wf cmd="tag" pos="NN">task</wf>
<wf cmd="ignore" pos="IN">of</wf>
<wf cmd="done" pos="VB" lemma="take" wnsn="7" lexsn="2:38:10::">taking</wf>
<wf cmd="ignore" pos="DT">the</wf>
<wf cmd="tag" pos="NN">raw_material</wf>
<wf cmd="ignore" pos="IN">of</wf>
<wf cmd="tag" pos="NNP">Marcel_Pagnol</wf>
<wf cmd="ignore" pos="POS">'s</wf>
<wf cmd="tag" pos="JJ">original</wf>
<wf cmd="tag" pos="NN">trio</wf>
<wf cmd="ignore" pos="IN">of</wf>
<wf cmd="tag" pos="JJ">French</wf>
<wf cmd="tag" pos="NNS">films</wf>
<wf cmd="ignore" pos="IN">about</wf>
<wf cmd="tag" pos="NNS">people</wf>
<wf cmd="ignore" pos="IN">of</wf>
<wf cmd="ignore" pos="DT">the</wf>
<wf cmd="tag" pos="NN">waterfront</wf>
<wf cmd="ignore" pos="IN">in</wf>
<wf cmd="tag" pos="NNP">Marseilles</wf>
<wf cmd="ignore" pos="CC">and</wf>
<wf cmd="done" pos="VB" lemma="put" wnsn="2" lexsn="2:35:05::">putting</wf>
<wf cmd="ignore" pos="PRP">them</wf>
<wf cmd="tag" pos="RB">again</wf>
<wf cmd="ignore" pos="IN">on</wf>
<wf cmd="ignore" pos="DT">the</wf>
<wf cmd="tag" pos="NN">screen</wf>
<punc>,</punc>
<wf cmd="ignore" pos="IN">after</wf>
<wf cmd="ignore" pos="PRP$">their</wf>
<wf cmd="tag" pos="NN">passage</wf>
<wf cmd="ignore" pos="IN">through</wf>
<wf cmd="ignore" pos="DT">the</wf>
<wf cmd="tag" pos="NNP">Broadway</wf>
<wf cmd="tag" pos="JJ">musical</wf>
<wf cmd="tag" pos="NN">idiom</wf>
<punc>,</punc>
<wf cmd="done" pos="VB" lemma="be" wnsn="1" lexsn="2:42:03::">was</wf>
<wf cmd="ignore" pos="DT">a</wf>
<wf cmd="tag" pos="JJ">delicate</wf>
<wf cmd="ignore" pos="CC">and</wf>
<wf cmd="tag" pos="JJ">perilous</wf>
<wf cmd="tag" pos="CD">one</wf>
<punc>,</punc>
<wf cmd="tag" pos="RB">indeed</wf>
<punc>.</punc>
</s>
<s snum="70">
<wf cmd="tag" pos="RB">More_than</wf>
<wf cmd="ignore" pos="DT">the</wf>
<wf cmd="tag" pos="NNS">fans</wf>
<wf cmd="ignore" pos="IN">of</wf>
<wf cmd="tag" pos="NNP">Pagnol</wf>
<wf cmd="ignore" pos="POS">'s</wf>
<wf cmd="tag" pos="JJ">old</wf>
<wf cmd="tag" pos="NNS">films</wf>
<wf cmd="ignore" pos="CC">and</wf>
<wf cmd="ignore" pos="IN">of</wf>
<wf cmd="ignore" pos="PRP$">their</wf>
<wf cmd="tag" pos="JJ">heroic</wf>
<wf cmd="tag" pos="NN">star</wf>
<punc>,</punc>
<wf cmd="ignore" pos="DT">the</wf>
<wf cmd="tag" pos="JJ">great</wf>
<wf cmd="tag" pos="NNP">Raimu</wf>
<punc>,</punc>
<wf cmd="done" pos="VBD" ot="notag">were</wf>
<wf cmd="done" pos="VB" lemma="look" wnsn="1" lexsn="2:39:00::">looking</wf>
<wf cmd="tag" pos="RB">askance</wf>
<wf cmd="ignore" pos="IN">at</wf>
<wf cmd="ignore" pos="DT">the</wf>
<wf cmd="tag" pos="NN">project</wf>
<punc>.</punc>
</s>
<s snum="71">
<wf cmd="ignore" pos="DT">The</wf>
<wf cmd="tag" pos="NNS">fans</wf>
<wf cmd="ignore" pos="IN">of</wf>
<wf cmd="ignore" pos="DT">the</wf>
<wf cmd="tag" pos="JJ">musical</wf>
<wf cmd="done" pos="VBD" ot="notag">were</wf>
<punc>,</punc>
<wf cmd="tag" pos="RB">too</wf>
<punc>.</punc>
</s>
</p>
<p pnum="29">
<s snum="72">
<wf cmd="ignore" pos="CC">But</wf>
<wf cmd="tag" pos="RB">now</wf>
<wf cmd="ignore" pos="DT">the</wf>
<wf cmd="tag" pos="NN">task</wf>
<wf cmd="done" pos="VB" lemma="be" wnsn="1" lexsn="2:42:03::">is</wf>
<wf cmd="tag" pos="JJ">completed</wf>
<wf cmd="ignore" pos="CC">and</wf>
<wf cmd="ignore" pos="DT">the</wf>
<wf cmd="tag" pos="NN">uncertainty</wf>
<wf cmd="tag" pos="JJ">resolved</wf>
<wf cmd="ignore" pos="IN">with</wf>
<wf cmd="ignore" pos="DT">the</wf>
<wf cmd="tag" pos="NN">opening</wf>
<wf cmd="ignore" pos="IN">of</wf>
<wf cmd="ignore" pos="DT">the</wf>
<wf cmd="tag" pos="JJ">English-dialogue</wf>
<wf cmd="tag" pos="NN">picture</wf>
<wf cmd="ignore" pos="IN">at</wf>
<wf cmd="ignore" pos="DT">the</wf>
<wf cmd="tag" pos="NN">Music_Hall</wf>
<wf cmd="tag" pos="NN">yesterday</wf>
<punc>.</punc>
</s>
<s snum="73">
<wf cmd="ignore" pos="IN">Whether</wf>
<wf cmd="tag" pos="NN">fan</wf>
<wf cmd="ignore" pos="IN">of</wf>
<wf cmd="ignore" pos="DT">the</wf>
<wf cmd="tag" pos="NNP">Pagnol</wf>
<wf cmd="tag" pos="NNS">films</wf>
<wf cmd="ignore" pos="CC">or</wf>
<wf cmd="tag" pos="NN">stage</wf>
<wf cmd="tag" pos="NN">show</wf>
<punc>,</punc>
<wf cmd="ignore" pos="IN">whether</wf>
<wf cmd="tag" pos="JJ">partial_to</wf>
<wf cmd="tag" pos="NN">music</wf>
<wf cmd="ignore" pos="CC">or</wf>
<wf cmd="ignore" pos="DT">no</wf>
<punc>,</punc>
<wf cmd="ignore" pos="PRP">you</wf>
<wf cmd="ignore" pos="MD">can</wf>
<wf cmd="tag" pos="RB">n't</wf>
<wf cmd="done" pos="VB" ot="notag">help</wf>
<wf cmd="ignore" pos="CC">but</wf>
<wf cmd="done" pos="VB" lemma="derive" wnsn="2" lexsn="2:40:00::">derive</wf>
<wf cmd="tag" pos="NN">joy</wf>
<wf cmd="ignore" pos="IN">from</wf>
<wf cmd="ignore" pos="DT">this</wf>
<wf cmd="tag" pos="NN">picture</wf>
<wf cmd="ignore" pos="IN">if</wf>
<wf cmd="ignore" pos="PRP">you</wf>
<wf cmd="done" pos="VB" lemma="have" wnsn="1" lexsn="2:40:00::">have</wf>
<wf cmd="ignore" pos="DT">a</wf>
<wf cmd="tag" pos="NN">sense_of_humor</wf>
<wf cmd="ignore" pos="CC">and</wf>
<wf cmd="ignore" pos="DT">a</wf>
<wf cmd="tag" pos="NN">heart</wf>
<punc>.</punc>
</s>
</p>
</context>
</contextfile>
