<contextfile concordance="brown">
<context filename="br-c09" paras="yes">
<p pnum="1">
<s snum="1">
<wf cmd="tag" pos="NNP">Murray_Louis</wf>
<wf cmd="ignore" pos="CC">and</wf>
<wf cmd="ignore" pos="PRP$">his</wf>
<wf cmd="tag" pos="NN">dance</wf>
<wf cmd="tag" pos="NN">company</wf>
<wf cmd="done" pos="VB" lemma="appear" wnsn="2" lexsn="2:30:00::">appeared</wf>
<wf cmd="ignore" pos="IN">at</wf>
<wf cmd="ignore" pos="DT">the</wf>
<wf cmd="tag" pos="NNP">Henry_Street_Playhouse</wf>
<wf cmd="ignore" pos="IN">on</wf>
<wf cmd="tag" pos="NNP">Friday</wf>
<wf cmd="ignore" pos="CC">and</wf>
<wf cmd="tag" pos="NNP">Saturday</wf>
<wf cmd="tag" pos="NNS">evenings</wf>
<wf cmd="ignore" pos="CC">and</wf>
<wf cmd="tag" pos="NNP">Sunday</wf>
<wf cmd="tag" pos="NNS">afternoons</wf>
<wf cmd="ignore" pos="IN">in</wf>
<wf cmd="ignore" pos="DT">the</wf>
<wf cmd="tag" pos="NN">premiere</wf>
<wf cmd="ignore" pos="IN">of</wf>
<wf cmd="ignore" pos="PRP$">his</wf>
<wf cmd="tag" pos="JJS">latest</wf>
<wf cmd="tag" pos="NN">work</wf>
<punc>,</punc>
<punc>``</punc>
<wf cmd="tag" pos="NNP">Signal</wf>
<punc>''</punc>
<punc>,</punc>
<wf cmd="ignore" pos="CC">and</wf>
<wf cmd="ignore" pos="DT">the</wf>
<wf cmd="tag" pos="NN">repetition</wf>
<wf cmd="ignore" pos="IN">of</wf>
<wf cmd="ignore" pos="DT">an</wf>
<wf cmd="tag" pos="RBR">earlier</wf>
<wf cmd="tag" pos="CD">one</wf>
<punc>,</punc>
<punc>``</punc>
<wf cmd="tag" pos="NNP">Journal</wf>
<punc>''</punc>
<punc>.</punc>
</s>
</p>
<p pnum="2">
<s snum="2">
<punc>``</punc>
<wf cmd="tag" pos="NNP">Signal</wf>
<punc>''</punc>
<wf cmd="done" pos="VBZ" ot="notag">is</wf>
<wf cmd="done" pos="VB" lemma="choreograph" wnsn="1" lexsn="2:36:00::">choreographed</wf>
<wf cmd="ignore" pos="IN">for</wf>
<wf cmd="tag" pos="CD">three</wf>
<wf cmd="tag" pos="JJ">male</wf>
<wf cmd="tag" pos="NNS">dancers</wf>
<wf cmd="ignore" pos="TO">to</wf>
<wf cmd="ignore" pos="DT">an</wf>
<wf cmd="tag" pos="JJ">electronic</wf>
<wf cmd="tag" pos="NN">score</wf>
<wf cmd="ignore" pos="IN">by</wf>
<wf cmd="tag" pos="NNP">Alwin_Nikolais</wf>
<punc>.</punc>
</s>
<s snum="3">
<wf cmd="ignore" pos="PRP$">Its</wf>
<wf cmd="tag" pos="JJ">abstract</wf>
<wf cmd="tag" pos="NN">decor</wf>
<wf cmd="done" pos="VB" lemma="be" wnsn="1" lexsn="2:42:03::">is</wf>
<wf cmd="ignore" pos="IN">by</wf>
<wf cmd="tag" pos="NNP">John_Hultberg</wf>
<punc>.</punc>
</s>
<s snum="4">
<wf cmd="tag" pos="NN">Program</wf>
<wf cmd="tag" pos="NN">note</wf>
<wf cmd="done" pos="VB" lemma="read" wnsn="2" lexsn="2:42:00::">reads</wf>
<wf cmd="tag" pos="RB">as_follows</wf>
<punc>:</punc>
</s>
</p>
<p pnum="3">
<s snum="5">
<punc>``</punc>
<wf cmd="done" pos="VB" lemma="take" wnsn="4" lexsn="2:35:00::">Take</wf>
<wf cmd="tag" pos="NNS">hands</wf>
<punc>,</punc>
<wf cmd="ignore" pos="DT">this</wf>
<wf cmd="tag" pos="JJ">urgent</wf>
<wf cmd="tag" pos="NN">visage</wf>
<wf cmd="done" pos="VB" lemma="beckon" wnsn="1" lexsn="2:32:00::">beckons</wf>
<wf cmd="ignore" pos="PRP">us</wf>
<punc>''</punc>
<punc>.</punc>
</s>
</p>
<p pnum="4">
<s snum="6">
<wf cmd="tag" pos="RB">Here</wf>
<punc>,</punc>
<wf cmd="ignore" pos="IN">as</wf>
<wf cmd="ignore" pos="IN">in</wf>
<punc>``</punc>
<wf cmd="tag" pos="NNP">Journal</wf>
<punc>''</punc>
<punc>,</punc>
<wf cmd="tag" pos="NNP">Mr._Louis</wf>
<wf cmd="done" pos="VBZ" ot="notag">has</wf>
<wf cmd="done" pos="VB" lemma="give" wnsn="1" lexsn="2:40:03::">given</wf>
<wf cmd="ignore" pos="PRP">himself</wf>
<wf cmd="ignore" pos="DT">the</wf>
<wf cmd="tag" pos="NN">lion</wf>
<wf cmd="ignore" pos="POS">'s</wf>
<wf cmd="tag" pos="NN">share</wf>
<wf cmd="ignore" pos="IN">of</wf>
<wf cmd="ignore" pos="DT">the</wf>
<wf cmd="tag" pos="NN">dancing</wf>
<punc>,</punc>
<wf cmd="ignore" pos="CC">and</wf>
<wf cmd="ignore" pos="EX">there</wf>
<wf cmd="done" pos="VB" lemma="be" wnsn="1" lexsn="2:42:03::">is</wf>
<wf cmd="tag" pos="RB">no_doubt</wf>
<wf cmd="ignore" pos="IN">that</wf>
<wf cmd="ignore" pos="PRP">he</wf>
<wf cmd="done" pos="VB" lemma="be" wnsn="1" lexsn="2:42:03::">is</wf>
<wf cmd="tag" pos="JJ">capable_of</wf>
<wf cmd="done" pos="VB" lemma="conceive" wnsn="1" lexsn="2:36:00::">conceiving</wf>
<wf cmd="ignore" pos="CC">and</wf>
<wf cmd="done" pos="VB" lemma="execute" wnsn="0" lexsn="2:41:02::">executing</wf>
<wf cmd="ignore" pos="DT">a</wf>
<wf cmd="tag" pos="JJ">wide</wf>
<wf cmd="tag" pos="NN">variety</wf>
<wf cmd="ignore" pos="IN">of</wf>
<wf cmd="tag" pos="JJ">difficult</wf>
<wf cmd="ignore" pos="CC">and</wf>
<wf cmd="tag" pos="JJ">arresting</wf>
<wf cmd="tag" pos="JJ">physical</wf>
<wf cmd="tag" pos="NNS">movements</wf>
<punc>.</punc>
</s>
<s snum="7">
<wf cmd="tag" pos="RB">Indeed</wf>
<punc>,</punc>
<wf cmd="ignore" pos="DT">both</wf>
<punc>``</punc>
<wf cmd="tag" pos="NNP">Journal</wf>
<punc>''</punc>
<wf cmd="ignore" pos="CC">and</wf>
<punc>``</punc>
<wf cmd="tag" pos="NNP">Signal</wf>
<punc>''</punc>
<wf cmd="done" pos="VB" lemma="qualify" wnsn="1" lexsn="2:42:00::">qualify</wf>
<wf cmd="ignore" pos="IN">as</wf>
<wf cmd="tag" pos="JJ">instructive</wf>
<wf cmd="tag" pos="NNS">catalogues</wf>
<wf cmd="ignore" pos="IN">of</wf>
<wf cmd="tag" pos="NN">modern-dance</wf>
<wf cmd="tag" pos="NNS">calisthenics</wf>
<punc>.</punc>
</s>
</p>
<p pnum="5">
<s snum="8">
<wf cmd="ignore" pos="CC">But</wf>
<wf cmd="tag" pos="NNS">chains</wf>
<wf cmd="ignore" pos="IN">of</wf>
<wf cmd="tag" pos="NNS">movements</wf>
<wf cmd="done" pos="VB" lemma="be" wnsn="1" lexsn="2:42:03::">are</wf>
<wf cmd="tag" pos="RB">not</wf>
<wf cmd="tag" pos="RB">necessarily</wf>
<wf cmd="tag" pos="JJ">communicative</wf>
<punc>,</punc>
<wf cmd="ignore" pos="CC">and</wf>
<wf cmd="ignore" pos="PRP">it</wf>
<wf cmd="done" pos="VB" lemma="be" wnsn="5" lexsn="2:42:04::">is</wf>
<wf cmd="ignore" pos="IN">in</wf>
<wf cmd="ignore" pos="DT">the</wf>
<wf cmd="tag" pos="NN">realm</wf>
<wf cmd="ignore" pos="IN">of</wf>
<wf cmd="tag" pos="NN">communication</wf>
<wf cmd="ignore" pos="IN">that</wf>
<wf cmd="ignore" pos="DT">the</wf>
<wf cmd="tag" pos="NNS">works</wf>
<wf cmd="done" pos="VB" lemma="prove" wnsn="1" lexsn="2:42:00::">prove</wf>
<wf cmd="tag" pos="JJ">disappointing</wf>
<punc>.</punc>
</s>
<s snum="9">
<wf cmd="tag" pos="CD">One</wf>
<wf cmd="tag" pos="RB">frequently</wf>
<wf cmd="done" pos="VB" lemma="have" wnsn="3" lexsn="2:39:06::">has</wf>
<wf cmd="done" pos="VB" ot="notag">the</wf>
<wf cmd="tag" pos="NN">feeling</wf>
<wf cmd="ignore" pos="IN">that</wf>
<wf cmd="ignore" pos="DT">the</wf>
<wf cmd="tag" pos="NN">order</wf>
<wf cmd="ignore" pos="IN">of</wf>
<wf cmd="ignore" pos="PRP$">their</wf>
<wf cmd="tag" pos="NN">movement</wf>
<wf cmd="tag" pos="NNS">combinations</wf>
<wf cmd="ignore" pos="MD">could</wf>
<wf cmd="done" pos="VB" ot="notag">be</wf>
<wf cmd="done" pos="VB" lemma="transpose" wnsn="3" lexsn="2:30:02::">transposed</wf>
<wf cmd="ignore" pos="IN">without</wf>
<wf cmd="tag" pos="JJ">notable</wf>
<wf cmd="tag" pos="NN">loss</wf>
<wf cmd="ignore" pos="IN">of</wf>
<wf cmd="tag" pos="NN">effect</wf>
<punc>,</punc>
<wf cmd="ignore" pos="EX">there</wf>
<wf cmd="done" pos="VB" lemma="be" wnsn="1" lexsn="2:42:03::">is</wf>
<wf cmd="tag" pos="RB">too</wf>
<wf cmd="tag" pos="JJ">little</wf>
<wf cmd="tag" pos="NN">suggestion</wf>
<wf cmd="ignore" pos="IN">of</wf>
<wf cmd="tag" pos="JJ">organic</wf>
<wf cmd="tag" pos="NN">relationship</wf>
<wf cmd="ignore" pos="CC">and</wf>
<wf cmd="tag" pos="NN">development</wf>
<punc>.</punc>
</s>
</p>
<p pnum="6">
<s snum="10">
<wf cmd="ignore" pos="PRP">It</wf>
<wf cmd="ignore" pos="MD">may</wf>
<wf cmd="done" pos="VB" lemma="be" wnsn="1" lexsn="2:42:03::">be</wf>
<punc>,</punc>
<wf cmd="tag" pos="RB">of_course</wf>
<punc>,</punc>
<wf cmd="ignore" pos="IN">that</wf>
<wf cmd="tag" pos="NNP">Mr._Louis</wf>
<wf cmd="done" pos="VBZ" ot="notag">is</wf>
<wf cmd="tag" pos="RB">consciously</wf>
<wf cmd="done" pos="VB" lemma="try" wnsn="1" lexsn="2:41:00::">trying</wf>
<wf cmd="ignore" pos="TO">to</wf>
<wf cmd="done" pos="VB" lemma="create" wnsn="3" lexsn="2:36:01::">create</wf>
<wf cmd="tag" pos="NNS">works</wf>
<wf cmd="ignore" pos="WDT">that</wf>
<wf cmd="done" pos="VB" lemma="anticipate" wnsn="4" lexsn="2:32:00::">anticipate</wf>
<wf cmd="ignore" pos="DT">an</wf>
<wf cmd="tag" pos="NN">age</wf>
<wf cmd="ignore" pos="IN">of</wf>
<wf cmd="tag" pos="JJ">total</wf>
<wf cmd="tag" pos="NN">automation</wf>
<punc>.</punc>
</s>
<s snum="11">
<wf cmd="ignore" pos="CC">But</wf>
<wf cmd="ignore" pos="PRP">it</wf>
<wf cmd="ignore" pos="MD">may</wf>
<wf cmd="done" pos="VB" lemma="be" wnsn="1" lexsn="2:42:03::">be</wf>
<punc>,</punc>
<wf cmd="tag" pos="RB">also</wf>
<punc>,</punc>
<wf cmd="ignore" pos="IN">that</wf>
<wf cmd="ignore" pos="PRP">he</wf>
<wf cmd="done" pos="VB" lemma="be" wnsn="1" lexsn="2:42:03::">is</wf>
<wf cmd="tag" pos="RB">merely</wf>
<wf cmd="tag" pos="RBR">more</wf>
<wf cmd="tag" pos="JJ">mindful</wf>
<wf cmd="ignore" pos="IN">of</wf>
<wf cmd="tag" pos="NNS">athletics</wf>
<wf cmd="ignore" pos="IN">than</wf>
<wf cmd="ignore" pos="IN">of</wf>
<wf cmd="tag" pos="NNS">esthetics</wf>
<wf cmd="tag" pos="RB">at_the_present_time</wf>
<punc>.</punc>
</s>
<s snum="12">
<wf cmd="tag" pos="CD">One</wf>
<wf cmd="tag" pos="NN">thing</wf>
<wf cmd="done" pos="VB" lemma="be" wnsn="1" lexsn="2:42:03::">is</wf>
<wf cmd="tag" pos="JJ">certain</wf>
<punc>,</punc>
<wf cmd="tag" pos="RB">however</wf>
<punc>,</punc>
<wf cmd="ignore" pos="CC">and</wf>
<wf cmd="tag" pos="RB">that</wf>
<wf cmd="done" pos="VB" lemma="be" wnsn="1" lexsn="2:42:03::">is</wf>
<wf cmd="ignore" pos="IN">that</wf>
<wf cmd="ignore" pos="PRP">he</wf>
<wf cmd="done" pos="VB" lemma="be" wnsn="1" lexsn="2:42:03::">is</wf>
<wf cmd="tag" pos="RB">far</wf>
<wf cmd="tag" pos="RBR">more</wf>
<wf cmd="tag" pos="JJ">slavish</wf>
<wf cmd="ignore" pos="TO">to</wf>
<wf cmd="ignore" pos="DT">the</wf>
<wf cmd="tag" pos="JJ">detailed</wf>
<wf cmd="tag" pos="NNS">accents</wf>
<punc>,</punc>
<wf cmd="tag" pos="NNS">phrasings</wf>
<wf cmd="ignore" pos="CC">and</wf>
<wf cmd="tag" pos="NNS">contours</wf>
<wf cmd="ignore" pos="IN">of</wf>
<wf cmd="ignore" pos="DT">the</wf>
<wf cmd="tag" pos="NN">music</wf>
<wf cmd="ignore" pos="PRP">he</wf>
<wf cmd="done" pos="VB" lemma="deal" wnsn="1" lexsn="2:32:08::">deals</wf>
<wf cmd="done" pos="VB" ot="notag">with</wf>
<wf cmd="ignore" pos="IN">than</wf>
<wf cmd="ignore" pos="DT">a</wf>
<wf cmd="tag" pos="JJ">confident</wf>
<wf cmd="tag" pos="NN">dance</wf>
<wf cmd="tag" pos="NN">creator</wf>
<wf cmd="done" pos="VB" lemma="need" wnsn="1" lexsn="2:42:00::">need</wf>
<wf cmd="done" pos="VB" lemma="be" wnsn="1" lexsn="2:42:03::">be</wf>
<punc>.</punc>
</s>
</p>
<p pnum="7">
<s snum="13">
<wf cmd="ignore" pos="DT">A</wf>
<wf cmd="tag" pos="JJ">brisk</wf>
<punc>,</punc>
<wf cmd="tag" pos="JJ">satirical</wf>
<wf cmd="tag" pos="NN">spoof</wf>
<wf cmd="ignore" pos="IN">of</wf>
<wf cmd="tag" pos="JJ">contemporary</wf>
<wf cmd="tag" pos="NNP">American</wf>
<wf cmd="tag" pos="NNS">mores</wf>
<wf cmd="done" pos="VB" lemma="entitle" wnsn="2" lexsn="2:32:00::">entitled</wf>
<punc>``</punc>
<wf cmd="ignore" pos="DT">An</wf>
<wf cmd="tag" pos="NNP">American_Journey</wf>
<punc>''</punc>
<wf cmd="done" pos="VBD" ot="notag">was</wf>
<wf cmd="done" pos="VBN" ot="notag">given</wf>
<wf cmd="ignore" pos="PRP$">its</wf>
<wf cmd="tag" pos="JJ">first</wf>
<wf cmd="tag" pos="NN">New_York</wf>
<wf cmd="tag" pos="NN">performance</wf>
<wf cmd="ignore" pos="IN">at</wf>
<wf cmd="tag" pos="NNP">Hunter_College_Playhouse</wf>
<wf cmd="tag" pos="JJ">last</wf>
<wf cmd="tag" pos="NN">night</wf>
<wf cmd="ignore" pos="IN">by</wf>
<wf cmd="ignore" pos="DT">the</wf>
<wf cmd="tag" pos="NNP">Helen_Tamiris-Daniel_Nagrin_Dance_Company</wf>
<punc>.</punc>
</s>
<s snum="14">
<wf cmd="done" pos="VB" lemma="choreograph" wnsn="1" lexsn="2:36:00::">Choreographed</wf>
<wf cmd="ignore" pos="IN">by</wf>
<wf cmd="tag" pos="NNP">Mr._Nagrin</wf>
<punc>,</punc>
<wf cmd="ignore" pos="DT">the</wf>
<wf cmd="tag" pos="NN">work</wf>
<wf cmd="done" pos="VB" lemma="fill" wnsn="1" lexsn="2:30:01::">filled</wf>
<wf cmd="ignore" pos="DT">the</wf>
<wf cmd="tag" pos="NN">second_half</wf>
<wf cmd="ignore" pos="IN">of</wf>
<wf cmd="ignore" pos="DT">a</wf>
<wf cmd="tag" pos="NN">program</wf>
<wf cmd="ignore" pos="IN">that</wf>
<wf cmd="tag" pos="RB">also</wf>
<wf cmd="done" pos="VB" lemma="offer" wnsn="1" lexsn="2:40:02::">offered</wf>
<wf cmd="ignore" pos="DT">the</wf>
<wf cmd="tag" pos="JJ">first</wf>
<wf cmd="tag" pos="NN">New_York</wf>
<wf cmd="tag" pos="NN">showing</wf>
<wf cmd="ignore" pos="IN">of</wf>
<wf cmd="tag" pos="NNP">Miss_Tamiris</wf>
<punc>'</punc>
<punc>``</punc>
<wf cmd="tag" pos="RB">Once</wf>
<wf cmd="ignore" pos="IN">Upon</wf>
<wf cmd="ignore" pos="DT">a</wf>
<wf cmd="tag" pos="NN">Time</wf>
<punc>''</punc>
<punc>,</punc>
<wf cmd="tag" pos="RB">as_well</wf>
<wf cmd="ignore" pos="IN">as</wf>
<wf cmd="ignore" pos="PRP$">her</wf>
<punc>``</punc>
<wf cmd="tag" pos="NNP">Women</wf>
<wf cmd="ignore" pos="POS">'s</wf>
<wf cmd="tag" pos="NNP">Song</wf>
<punc>''</punc>
<wf cmd="ignore" pos="CC">and</wf>
<wf cmd="tag" pos="NNP">Mr._Nagrin</wf>
<wf cmd="ignore" pos="POS">'s</wf>
<punc>``</punc>
<wf cmd="tag" pos="NNP">Indeterminate</wf>
<wf cmd="tag" pos="NN">Figure</wf>
<punc>''</punc>
<punc>.</punc>
</s>
</p>
<p pnum="8">
<s snum="15">
<wf cmd="tag" pos="NNP">Eugene_Lester</wf>
<wf cmd="done" pos="VB" lemma="assemble" wnsn="2" lexsn="2:41:00::">assembled</wf>
<wf cmd="ignore" pos="DT">a</wf>
<wf cmd="tag" pos="JJ">witty</wf>
<wf cmd="ignore" pos="CC">and</wf>
<wf cmd="tag" pos="JJ">explicit</wf>
<wf cmd="tag" pos="NN">score</wf>
<wf cmd="ignore" pos="IN">for</wf>
<punc>``</punc>
<wf cmd="ignore" pos="DT">An</wf>
<wf cmd="tag" pos="NNP">American_Journey</wf>
<punc>''</punc>
<punc>,</punc>
<wf cmd="ignore" pos="CC">and</wf>
<wf cmd="tag" pos="NNP">Malcolm_McCormick</wf>
<wf cmd="done" pos="VB" lemma="give" wnsn="1" lexsn="2:40:03::">gave</wf>
<wf cmd="ignore" pos="PRP">it</wf>
<wf cmd="tag" pos="JJ">sprightly</wf>
<wf cmd="tag" pos="JJ">imaginative</wf>
<wf cmd="tag" pos="NNS">costumes</wf>
<punc>.</punc>
</s>
</p>
<p pnum="9">
<s snum="16">
<wf cmd="tag" pos="NNP">Mr._Nagrin</wf>
<wf cmd="done" pos="VBZ" ot="notag">has</wf>
<wf cmd="done" pos="VB" lemma="describe" wnsn="1" lexsn="2:32:00::">described</wf>
<wf cmd="tag" pos="CD">four</wf>
<punc>``</punc>
<wf cmd="tag" pos="NNS">places</wf>
<punc>''</punc>
<punc>,</punc>
<wf cmd="ignore" pos="DT">each</wf>
<wf cmd="ignore" pos="IN">with</wf>
<wf cmd="ignore" pos="PRP$">its</wf>
<wf cmd="tag" pos="NN">scenery</wf>
<wf cmd="ignore" pos="CC">and</wf>
<wf cmd="tag" pos="NNS">people</wf>
<punc>,</punc>
<wf cmd="done" pos="VB" lemma="add" wnsn="1" lexsn="2:30:00::">added</wf>
<wf cmd="tag" pos="CD">two</wf>
<punc>``</punc>
<wf cmd="tag" pos="NNS">diversions</wf>
<punc>''</punc>
<punc>,</punc>
<wf cmd="ignore" pos="CC">and</wf>
<wf cmd="done" pos="VB" lemma="conclude" wnsn="2" lexsn="2:31:01::">concluded</wf>
<wf cmd="ignore" pos="IN">with</wf>
<punc>``</punc>
<wf cmd="ignore" pos="DT">A</wf>
<wf cmd="tag" pos="NNP">Toccata</wf>
<wf cmd="ignore" pos="IN">for</wf>
<wf cmd="ignore" pos="DT">the</wf>
<wf cmd="tag" pos="NN">Young</wf>
<punc>''</punc>
<punc>,</punc>
<wf cmd="ignore" pos="DT">a</wf>
<wf cmd="tag" pos="RB">refreshingly</wf>
<wf cmd="tag" pos="JJ">underplayed</wf>
<wf cmd="tag" pos="NN">interpretation</wf>
<wf cmd="ignore" pos="IN">of</wf>
<wf cmd="tag" pos="NN">rock</wf>
<punc>'</punc>
<wf cmd="tag" pos="NN">n</wf>
<punc>'</punc>
<wf cmd="tag" pos="NN">roll</wf>
<wf cmd="tag" pos="NN">dancing</wf>
<punc>.</punc>
</s>
</p>
<p pnum="10">
<s snum="17">
<wf cmd="ignore" pos="DT">The</wf>
<punc>``</punc>
<wf cmd="tag" pos="NNS">places</wf>
<punc>''</punc>
<wf cmd="ignore" pos="MD">could</wf>
<wf cmd="done" pos="VB" lemma="be" wnsn="5" lexsn="2:42:04::">be</wf>
<wf cmd="tag" pos="RB">anywhere</wf>
<punc>,</punc>
<wf cmd="ignore" pos="DT">the</wf>
<wf cmd="tag" pos="NNS">idiosyncrasies</wf>
<wf cmd="ignore" pos="CC">and</wf>
<wf cmd="tag" pos="NNS">foibles</wf>
<wf cmd="done" pos="VB" lemma="observe" wnsn="1" lexsn="2:39:02::">observed</wf>
<wf cmd="ignore" pos="EX">there</wf>
<wf cmd="ignore" pos="MD">could</wf>
<wf cmd="done" pos="VB" lemma="be" wnsn="1" lexsn="2:42:03::">be</wf>
<wf cmd="tag" pos="NN">anybody</wf>
<wf cmd="ignore" pos="POS">'s</wf>
<punc>,</punc>
<wf cmd="ignore" pos="CC">and</wf>
<wf cmd="ignore" pos="DT">the</wf>
<wf cmd="tag" pos="NN">laugh</wf>
<wf cmd="done" pos="VB" lemma="be" wnsn="3" lexsn="2:42:05::">is</wf>
<wf cmd="done" pos="VB" ot="notag">on</wf>
<wf cmd="ignore" pos="PRP">us</wf>
<wf cmd="ignore" pos="DT">all</wf>
<punc>.</punc>
</s>
<s snum="18">
<wf cmd="ignore" pos="CC">But</wf>
<wf cmd="ignore" pos="PRP">we</wf>
<wf cmd="done" pos="VBP" ot="notag">need</wf>
<wf cmd="tag" pos="RB">not</wf>
<wf cmd="done" pos="VB" lemma="mind" wnsn="1" lexsn="2:32:00::">mind</wf>
<wf cmd="tag" pos="RB">too_much</wf>
<punc>,</punc>
<wf cmd="ignore" pos="IN">because</wf>
<wf cmd="tag" pos="NNP">Mr._Nagrin</wf>
<wf cmd="done" pos="VBZ" ot="metaphor">has</wf>
<wf cmd="done" pos="VB" lemma="express" wnsn="3" lexsn="2:32:02::">expressed</wf>
<wf cmd="ignore" pos="PRP">it</wf>
<wf cmd="ignore" pos="IN">through</wf>
<wf cmd="tag" pos="NN">movement</wf>
<wf cmd="tag" pos="RB">that</wf>
<wf cmd="done" pos="VB" lemma="be" wnsn="1" lexsn="2:42:03::">is</wf>
<wf cmd="tag" pos="JJ">diverting</wf>
<wf cmd="ignore" pos="CC">and</wf>
<wf cmd="tag" pos="JJ">clever</wf>
<wf cmd="tag" pos="RB">almost</wf>
<wf cmd="tag" pos="RB">all_the_way</wf>
<punc>.</punc>
</s>
</p>
<p pnum="11">
<s snum="19">
<wf cmd="tag" pos="NNP">Miss_Tamiris</wf>
<punc>'</punc>
<punc>``</punc>
<wf cmd="tag" pos="RB">Once</wf>
<wf cmd="ignore" pos="IN">Upon</wf>
<wf cmd="ignore" pos="DT">a</wf>
<wf cmd="tag" pos="NN">Time</wf>
<punc>''</punc>
<wf cmd="done" pos="VB" lemma="be" wnsn="2" lexsn="2:42:06::">is</wf>
<wf cmd="ignore" pos="DT">a</wf>
<wf cmd="tag" pos="NN">problem</wf>
<wf cmd="tag" pos="NN">piece</wf>
<wf cmd="ignore" pos="IN">about</wf>
<wf cmd="ignore" pos="DT">a</wf>
<wf cmd="tag" pos="NN">man</wf>
<wf cmd="ignore" pos="CC">and</wf>
<wf cmd="ignore" pos="DT">a</wf>
<wf cmd="tag" pos="NN">woman</wf>
<wf cmd="ignore" pos="CC">and</wf>
<wf cmd="ignore" pos="DT">the</wf>
<wf cmd="tag" pos="CD">three</wf>
<punc>``</punc>
<wf cmd="tag" pos="NNS">figures</wf>
<punc>''</punc>
<wf cmd="ignore" pos="WDT">that</wf>
<wf cmd="done" pos="VB" lemma="bother" wnsn="3" lexsn="2:41:01::">bother</wf>
<wf cmd="ignore" pos="PRP">them</wf>
<wf cmd="tag" pos="RB">somehow</wf>
<punc>.</punc>
</s>
</p>
<p pnum="12">
<s snum="20">
<wf cmd="tag" pos="RB">Unfortunately</wf>
<punc>,</punc>
<wf cmd="ignore" pos="DT">the</wf>
<wf cmd="tag" pos="NN">man</wf>
<wf cmd="ignore" pos="CC">and</wf>
<wf cmd="tag" pos="NN">woman</wf>
<wf cmd="done" pos="VBD" ot="notag">were</wf>
<wf cmd="tag" pos="RB">not</wf>
<wf cmd="done" pos="VB" lemma="make" wnsn="2" lexsn="2:30:00::">made</wf>
<wf cmd="ignore" pos="TO">to</wf>
<wf cmd="done" pos="VB" lemma="appear" wnsn="1" lexsn="2:39:00::">appear</wf>
<wf cmd="tag" pos="RB">very</wf>
<wf cmd="tag" pos="JJ">interesting</wf>
<wf cmd="ignore" pos="IN">at</wf>
<wf cmd="ignore" pos="DT">the</wf>
<wf cmd="tag" pos="NN">outset</wf>
<wf cmd="ignore" pos="CC">and</wf>
<wf cmd="ignore" pos="DT">the</wf>
<wf cmd="tag" pos="JJ">menacing</wf>
<wf cmd="tag" pos="NNS">figures</wf>
<wf cmd="done" pos="VB" lemma="fail" wnsn="1" lexsn="2:41:02::">failed</wf>
<wf cmd="ignore" pos="TO">to</wf>
<wf cmd="done" pos="VB" lemma="make" wnsn="2" lexsn="2:30:00::">make</wf>
<wf cmd="ignore" pos="PRP">them</wf>
<wf cmd="tag" pos="RB">any_more</wf>
<wf cmd="tag" pos="RB">so</wf>
<punc>.</punc>
</s>
<s snum="21">
<wf cmd="ignore" pos="CC">Nor</wf>
<wf cmd="done" pos="VBD" ot="notag">did</wf>
<wf cmd="ignore" pos="DT">the</wf>
<wf cmd="tag" pos="NN">dancing</wf>
<wf cmd="tag" pos="JJ">involved</wf>
<wf cmd="tag" pos="RB">really</wf>
<wf cmd="done" pos="VB" lemma="seize" wnsn="1" lexsn="2:35:00::">seize</wf>
<wf cmd="ignore" pos="DT">the</wf>
<wf cmd="tag" pos="NN">attention</wf>
<wf cmd="tag" pos="RB">at_any_time</wf>
<punc>.</punc>
</s>
<s snum="22">
<wf cmd="ignore" pos="DT">The</wf>
<wf cmd="tag" pos="NN">music</wf>
<wf cmd="tag" pos="RB">here</wf>
<punc>,</punc>
<wf cmd="tag" pos="NNP">Russell_Smith</wf>
<wf cmd="ignore" pos="POS">'s</wf>
<punc>``</punc>
<wf cmd="tag" pos="NNP">Tetrameron</wf>
<punc>''</punc>
<punc>,</punc>
<wf cmd="done" pos="VB" lemma="sound" wnsn="3" lexsn="2:39:03::">sounded</wf>
<wf cmd="tag" pos="JJ">good</wf>
<punc>.</punc>
</s>
</p>
<p pnum="13">
<s snum="23">
<wf cmd="ignore" pos="PDT">All</wf>
<wf cmd="ignore" pos="DT">the</wf>
<wf cmd="tag" pos="NNS">performances</wf>
<wf cmd="ignore" pos="IN">of</wf>
<wf cmd="ignore" pos="DT">the</wf>
<wf cmd="tag" pos="NN">evening</wf>
<wf cmd="done" pos="VB" lemma="be" wnsn="1" lexsn="2:42:03::">were</wf>
<wf cmd="tag" pos="JJ">smooth</wf>
<wf cmd="ignore" pos="CC">and</wf>
<wf cmd="tag" pos="JJ">assured</wf>
<punc>,</punc>
<wf cmd="ignore" pos="CC">and</wf>
<wf cmd="ignore" pos="DT">the</wf>
<wf cmd="tag" pos="JJ">sizable</wf>
<wf cmd="tag" pos="NN">company</wf>
<punc>,</punc>
<wf cmd="ignore" pos="IN">with</wf>
<wf cmd="tag" pos="NNP">Mr._Nagrin</wf>
<wf cmd="ignore" pos="CC">and</wf>
<wf cmd="tag" pos="NNP">Marion_Scott</wf>
<wf cmd="ignore" pos="IN">as</wf>
<wf cmd="ignore" pos="PRP$">its</wf>
<wf cmd="tag" pos="JJ">leading</wf>
<wf cmd="tag" pos="NNS">dancers</wf>
<punc>,</punc>
<wf cmd="done" pos="VB" lemma="seem" wnsn="2" lexsn="2:39:01::">seemed</wf>
<wf cmd="ignore" pos="TO">to</wf>
<wf cmd="done" pos="VB" lemma="be" wnsn="1" lexsn="2:42:03::">be</wf>
<wf cmd="tag" pos="JJ">fine</wf>
<wf cmd="tag" pos="NN">shape</wf>
<punc>.</punc>
</s>
</p>
<p pnum="14">
<s snum="24">
<wf cmd="ignore" pos="DT">The</wf>
<wf cmd="tag" pos="NNP">Symphony</wf>
<wf cmd="ignore" pos="IN">of</wf>
<wf cmd="ignore" pos="DT">the</wf>
<wf cmd="tag" pos="NNP">Air</wf>
<punc>,</punc>
<wf cmd="tag" pos="RB">greatly</wf>
<wf cmd="done" pos="VB" lemma="assist" wnsn="1" lexsn="2:41:02::">assisted</wf>
<wf cmd="ignore" pos="IN">by</wf>
<wf cmd="tag" pos="NNP">Van_Cliburn</wf>
<punc>,</punc>
<wf cmd="tag" pos="JJ">last</wf>
<wf cmd="tag" pos="NN">night</wf>
<wf cmd="done" pos="VB" lemma="get" wnsn="3" lexsn="2:30:02::">got</wf>
<wf cmd="ignore" pos="PRP$">its</wf>
<wf cmd="tag" pos="JJ">seven-concert</wf>
<wf cmd="tag" pos="NNP">Beethoven</wf>
<wf cmd="tag" pos="NN">cycle</wf>
<wf cmd="ignore" pos="IN">at</wf>
<wf cmd="tag" pos="NNP">Carnegie_Hall</wf>
<wf cmd="tag" pos="RB">off</wf>
<wf cmd="ignore" pos="TO">to</wf>
<wf cmd="ignore" pos="DT">a</wf>
<wf cmd="tag" pos="JJ">good</wf>
<wf cmd="tag" pos="NN">start</wf>
<punc>.</punc>
</s>
<s snum="25">
<wf cmd="tag" pos="RB">At_the_same_time</wf>
<wf cmd="ignore" pos="DT">the</wf>
<wf cmd="tag" pos="NN">orchestra</wf>
<wf cmd="done" pos="VB" lemma="announce" wnsn="1" lexsn="2:32:00::">announced</wf>
<wf cmd="ignore" pos="IN">that</wf>
<wf cmd="tag" pos="JJ">next</wf>
<wf cmd="tag" pos="NN">season</wf>
<wf cmd="ignore" pos="PRP">it</wf>
<wf cmd="ignore" pos="MD">would</wf>
<wf cmd="done" pos="VB" ot="notag">be</wf>
<wf cmd="done" pos="VB" lemma="give" wnsn="6" lexsn="2:36:02::">giving</wf>
<wf cmd="tag" pos="CD">twenty-five</wf>
<wf cmd="tag" pos="NNS">programs</wf>
<wf cmd="ignore" pos="IN">at</wf>
<wf cmd="tag" pos="NNP">Carnegie</wf>
<punc>,</punc>
<wf cmd="ignore" pos="CC">and</wf>
<wf cmd="ignore" pos="IN">that</wf>
<wf cmd="ignore" pos="PRP">it</wf>
<wf cmd="ignore" pos="MD">would</wf>
<wf cmd="done" pos="VB" ot="notag">be</wf>
<wf cmd="done" pos="VB" lemma="take" wnsn="7" lexsn="2:38:10::">taking</wf>
<wf cmd="ignore" pos="DT">these</wf>
<wf cmd="tag" pos="NNS">concerts</wf>
<wf cmd="ignore" pos="TO">to</wf>
<wf cmd="ignore" pos="DT">the</wf>
<wf cmd="tag" pos="NNS">suburbs</wf>
<punc>,</punc>
<wf cmd="done" pos="VB" lemma="repeat" wnsn="1" lexsn="2:32:00::">repeating</wf>
<wf cmd="ignore" pos="DT">each</wf>
<wf cmd="ignore" pos="IN">of</wf>
<wf cmd="ignore" pos="PRP">them</wf>
<wf cmd="ignore" pos="IN">in</wf>
<wf cmd="tag" pos="CD">five</wf>
<wf cmd="tag" pos="JJ">different</wf>
<wf cmd="tag" pos="NNS">communities</wf>
<punc>.</punc>
</s>
</p>
<p pnum="15">
<s snum="26">
<wf cmd="ignore" pos="DT">This</wf>
<wf cmd="tag" pos="NN">news</wf>
<punc>,</punc>
<wf cmd="done" pos="VB" lemma="announce" wnsn="1" lexsn="2:32:00::">announced</wf>
<wf cmd="ignore" pos="IN">by</wf>
<wf cmd="tag" pos="NNP">Jerome_Toobin</wf>
<punc>,</punc>
<wf cmd="ignore" pos="DT">the</wf>
<wf cmd="tag" pos="NN">orchestra</wf>
<wf cmd="ignore" pos="POS">'s</wf>
<wf cmd="tag" pos="JJ">administrative</wf>
<wf cmd="tag" pos="NN">director</wf>
<punc>,</punc>
<wf cmd="done" pos="VB" lemma="bring" wnsn="3" lexsn="2:36:00::">brought</wf>
<wf cmd="tag" pos="NN">applause</wf>
<wf cmd="ignore" pos="IN">from</wf>
<wf cmd="ignore" pos="DT">the</wf>
<wf cmd="tag" pos="CD">2800</wf>
<wf cmd="tag" pos="NNS">persons</wf>
<wf cmd="ignore" pos="WP">who</wf>
<wf cmd="done" pos="VB" lemma="fill" wnsn="1" lexsn="2:30:01::">filled</wf>
<wf cmd="ignore" pos="DT">the</wf>
<wf cmd="tag" pos="NN">hall</wf>
<punc>.</punc>
</s>
<s snum="27">
<wf cmd="ignore" pos="PRP">They</wf>
<wf cmd="done" pos="VB" lemma="show" wnsn="6" lexsn="2:32:02::">showed</wf>
<wf cmd="ignore" pos="PRP">they</wf>
<wf cmd="done" pos="VB" lemma="be" wnsn="1" lexsn="2:42:03::">were</wf>
<wf cmd="tag" pos="JJ">glad</wf>
<wf cmd="ignore" pos="IN">that</wf>
<wf cmd="tag" pos="NNP">Carnegie</wf>
<wf cmd="ignore" pos="MD">would</wf>
<wf cmd="done" pos="VB" lemma="have" wnsn="2" lexsn="2:42:00::">have</wf>
<wf cmd="ignore" pos="DT">a</wf>
<wf cmd="tag" pos="JJ">major</wf>
<wf cmd="tag" pos="NN">orchestra</wf>
<wf cmd="done" pos="VB" lemma="play" wnsn="3" lexsn="2:36:12::">playing</wf>
<wf cmd="ignore" pos="EX">there</wf>
<wf cmd="tag" pos="RB">so</wf>
<wf cmd="tag" pos="RB">often</wf>
<wf cmd="tag" pos="JJ">next</wf>
<wf cmd="tag" pos="NN">season</wf>
<wf cmd="ignore" pos="TO">to</wf>
<wf cmd="done" pos="VB" lemma="take_up" wnsn="4" lexsn="2:42:00::">take_up</wf>
<wf cmd="ignore" pos="DT">the</wf>
<wf cmd="tag" pos="NN">slack</wf>
<wf cmd="ignore" pos="IN">with</wf>
<wf cmd="ignore" pos="DT">the</wf>
<wf cmd="tag" pos="NN">departure</wf>
<wf cmd="ignore" pos="TO">to</wf>
<wf cmd="tag" pos="NNP">Lincoln_Center</wf>
<wf cmd="ignore" pos="IN">of</wf>
<wf cmd="ignore" pos="DT">the</wf>
<wf cmd="tag" pos="NN">New_York</wf>
<wf cmd="tag" pos="NNP">Philharmonic</wf>
<punc>,</punc>
<wf cmd="ignore" pos="DT">the</wf>
<wf cmd="tag" pos="NNP">Philadelphia_Orchestra</wf>
<wf cmd="ignore" pos="CC">and</wf>
<wf cmd="ignore" pos="DT">the</wf>
<wf cmd="tag" pos="NNP">Boston_Symphony</wf>
<punc>.</punc>
</s>
</p>
<p pnum="16">
<s snum="28">
<wf cmd="ignore" pos="DT">This</wf>
<wf cmd="tag" pos="NN">season</wf>
<wf cmd="ignore" pos="DT">the</wf>
<wf cmd="tag" pos="NN">orchestra</wf>
<wf cmd="done" pos="VBZ" ot="notag">has</wf>
<wf cmd="tag" pos="RB">already</wf>
<wf cmd="done" pos="VB" lemma="take" wnsn="1" lexsn="2:41:04::">taken</wf>
<wf cmd="done" pos="VB" ot="notag">a</wf>
<wf cmd="tag" pos="NN">step</wf>
<wf cmd="ignore" pos="IN">toward</wf>
<wf cmd="ignore" pos="DT">the</wf>
<wf cmd="tag" pos="NNS">suburbs</wf>
<wf cmd="tag" pos="RB">in_that</wf>
<wf cmd="ignore" pos="PRP">it</wf>
<wf cmd="done" pos="VBZ" ot="notag">is</wf>
<wf cmd="done" pos="VB" lemma="give" wnsn="1" lexsn="2:40:03::">giving</wf>
<wf cmd="tag" pos="CD">six</wf>
<wf cmd="tag" pos="NN">subscription</wf>
<wf cmd="tag" pos="NNS">concerts</wf>
<wf cmd="ignore" pos="IN">for</wf>
<wf cmd="ignore" pos="DT">the</wf>
<wf cmd="tag" pos="NNP">Orchestral_Society</wf>
<wf cmd="ignore" pos="IN">of</wf>
<wf cmd="tag" pos="NNP">Westchester</wf>
<wf cmd="ignore" pos="IN">in</wf>
<wf cmd="ignore" pos="DT">the</wf>
<wf cmd="tag" pos="NNP">County_Center</wf>
<wf cmd="ignore" pos="IN">in</wf>
<wf cmd="tag" pos="NNP">White_Plains</wf>
<punc>.</punc>
</s>
<s snum="29">
<wf cmd="ignore" pos="DT">The</wf>
<wf cmd="tag" pos="NNS">details</wf>
<wf cmd="ignore" pos="IN">of</wf>
<wf cmd="ignore" pos="DT">the</wf>
<wf cmd="tag" pos="JJ">suburban</wf>
<wf cmd="tag" pos="NNS">concerts</wf>
<wf cmd="tag" pos="JJ">next</wf>
<wf cmd="tag" pos="NN">season</wf>
<punc>,</punc>
<wf cmd="ignore" pos="CC">and</wf>
<wf cmd="ignore" pos="DT">the</wf>
<wf cmd="tag" pos="NNS">centers</wf>
<wf cmd="tag" pos="RB">in_which</wf>
<wf cmd="ignore" pos="PRP">they</wf>
<wf cmd="ignore" pos="MD">will</wf>
<wf cmd="done" pos="VB" ot="notag">be</wf>
<wf cmd="done" pos="VB" lemma="give" wnsn="6" lexsn="2:36:02::">given</wf>
<punc>,</punc>
<wf cmd="ignore" pos="MD">will</wf>
<wf cmd="done" pos="VB" ot="notag">be</wf>
<wf cmd="done" pos="VB" lemma="announce" wnsn="1" lexsn="2:32:00::">announced</wf>
<wf cmd="tag" pos="RB">later</wf>
<punc>,</punc>
<wf cmd="tag" pos="NNP">Mr._Toobin</wf>
<wf cmd="done" pos="VB" lemma="say" wnsn="1" lexsn="2:32:00::">said</wf>
<punc>.</punc>
</s>
</p>
<p pnum="17">
<s snum="30">
<wf cmd="ignore" pos="DT">The</wf>
<wf cmd="tag" pos="NNS">concertos</wf>
<wf cmd="ignore" pos="IN">that</wf>
<wf cmd="tag" pos="NNP">Van_Cliburn</wf>
<wf cmd="done" pos="VBZ" ot="notag">has</wf>
<wf cmd="done" pos="VBN" ot="notag">been</wf>
<wf cmd="tag" pos="JJ">associated</wf>
<wf cmd="done" pos="VB" ot="notag">with</wf>
<wf cmd="ignore" pos="IN">in</wf>
<wf cmd="tag" pos="NN">New_York</wf>
<wf cmd="ignore" pos="IN">since</wf>
<wf cmd="ignore" pos="PRP$">his</wf>
<wf cmd="tag" pos="JJ">triumphant</wf>
<wf cmd="tag" pos="NN">return</wf>
<wf cmd="ignore" pos="IN">from</wf>
<wf cmd="tag" pos="NNP">Russia</wf>
<wf cmd="ignore" pos="IN">in</wf>
<wf cmd="tag" pos="CD">1958</wf>
<wf cmd="done" pos="VBP" ot="notag">have</wf>
<wf cmd="done" pos="VB" lemma="be" wnsn="1" lexsn="2:42:03::">been</wf>
<wf cmd="ignore" pos="DT">the</wf>
<wf cmd="tag" pos="NNP">Tchaikovsky</wf>
<punc>,</punc>
<wf cmd="ignore" pos="DT">the</wf>
<wf cmd="tag" pos="NNP">Rachmaninoff_Third</wf>
<punc>,</punc>
<wf cmd="ignore" pos="CC">and</wf>
<wf cmd="ignore" pos="DT">the</wf>
<wf cmd="tag" pos="NNP">Prokofieff_Third</wf>
<punc>.</punc>
</s>
<s snum="31">
<wf cmd="ignore" pos="PRP">It</wf>
<wf cmd="done" pos="VB" lemma="be" wnsn="1" lexsn="2:42:03::">was</wf>
<wf cmd="tag" pos="JJ">pleasant</wf>
<wf cmd="tag" pos="JJ">last</wf>
<wf cmd="tag" pos="NN">night</wf>
<punc>,</punc>
<wf cmd="tag" pos="RB">therefore</wf>
<punc>,</punc>
<wf cmd="ignore" pos="TO">to</wf>
<wf cmd="done" pos="VB" lemma="hear" wnsn="1" lexsn="2:39:00::">hear</wf>
<wf cmd="ignore" pos="PRP">him</wf>
<wf cmd="done" pos="VB" lemma="do" wnsn="1" lexsn="2:41:01::">do</wf>
<wf cmd="done" pos="VB" ot="notag">something</wf>
<wf cmd="tag" pos="RB">else</wf>
<punc>:</punc>
<wf cmd="ignore" pos="DT">a</wf>
<wf cmd="tag" pos="NN">concerto</wf>
<wf cmd="ignore" pos="PRP">he</wf>
<wf cmd="done" pos="VBZ" ot="notag">has</wf>
<wf cmd="tag" pos="RB">recently</wf>
<wf cmd="done" pos="VB" lemma="record" wnsn="2" lexsn="2:32:01::">recorded</wf>
<punc>,</punc>
<punc>``</punc>
<wf cmd="ignore" pos="DT">The</wf>
<wf cmd="tag" pos="NN">Emperor</wf>
<punc>''</punc>
<punc>.</punc>
</s>
</p>
<p pnum="18">
<s snum="32">
<wf cmd="ignore" pos="DT">The</wf>
<wf cmd="tag" pos="JJ">young</wf>
<wf cmd="tag" pos="NNP">Texas</wf>
<wf cmd="tag" pos="NN">pianist</wf>
<wf cmd="ignore" pos="MD">can</wf>
<wf cmd="done" pos="VB" lemma="make" wnsn="1" lexsn="2:41:00::">make</wf>
<wf cmd="tag" pos="JJ">great</wf>
<wf cmd="tag" pos="NNS">chords</wf>
<wf cmd="done" pos="VB" lemma="ring_out" wnsn="1" lexsn="2:39:00::">ring_out</wf>
<wf cmd="tag" pos="RB">as_well</wf>
<wf cmd="ignore" pos="IN">as</wf>
<wf cmd="tag" pos="NN">anyone</wf>
<punc>,</punc>
<wf cmd="tag" pos="RB">so</wf>
<wf cmd="tag" pos="JJ">last</wf>
<wf cmd="tag" pos="NN">night</wf>
<wf cmd="ignore" pos="DT">the</wf>
<wf cmd="tag" pos="JJ">massive</wf>
<wf cmd="tag" pos="NNS">sonorities</wf>
<wf cmd="tag" pos="RB">of_this</wf>
<wf cmd="tag" pos="JJ">challenging</wf>
<wf cmd="tag" pos="NN">concerto</wf>
<wf cmd="done" pos="VB" lemma="be" wnsn="2" lexsn="2:42:06::">were</wf>
<wf cmd="ignore" pos="DT">no</wf>
<wf cmd="tag" pos="NN">hazard</wf>
<wf cmd="ignore" pos="TO">to</wf>
<wf cmd="ignore" pos="PRP">him</wf>
<punc>.</punc>
</s>
<s snum="33">
<wf cmd="ignore" pos="CC">But</wf>
<wf cmd="ignore" pos="PRP">they</wf>
<wf cmd="done" pos="VB" lemma="be" wnsn="2" lexsn="2:42:06::">were</wf>
<wf cmd="tag" pos="RB">not</wf>
<wf cmd="ignore" pos="WP">what</wf>
<wf cmd="done" pos="VB" lemma="distinguish" wnsn="3" lexsn="2:31:02::">distinguished</wf>
<wf cmd="ignore" pos="PRP$">his</wf>
<wf cmd="tag" pos="NN">performance</wf>
<punc>.</punc>
</s>
<s snum="34">
<wf cmd="ignore" pos="DT">The</wf>
<wf cmd="tag" pos="NNS">elements</wf>
<wf cmd="ignore" pos="WDT">that</wf>
<wf cmd="done" pos="VBD" ot="notag">did</wf>
<wf cmd="done" pos="VB" lemma="be" wnsn="1" lexsn="2:42:03::">were</wf>
<wf cmd="ignore" pos="DT">the</wf>
<wf cmd="tag" pos="JJ">introspective</wf>
<wf cmd="tag" pos="JJ">slow</wf>
<wf cmd="tag" pos="NN">movement</wf>
<punc>,</punc>
<wf cmd="ignore" pos="DT">the</wf>
<wf cmd="tag" pos="JJ">beautiful</wf>
<wf cmd="tag" pos="NN">transition</wf>
<wf cmd="ignore" pos="TO">to</wf>
<wf cmd="ignore" pos="DT">the</wf>
<wf cmd="tag" pos="JJ">third</wf>
<wf cmd="tag" pos="NN">movement</wf>
<punc>,</punc>
<wf cmd="ignore" pos="CC">and</wf>
<wf cmd="ignore" pos="DT">the</wf>
<wf cmd="tag" pos="NNS">passages</wf>
<wf cmd="ignore" pos="IN">of</wf>
<wf cmd="tag" pos="JJ">filigree</wf>
<wf cmd="ignore" pos="WDT">that</wf>
<wf cmd="done" pos="VB" lemma="lace" wnsn="1" lexsn="2:35:01::">laced</wf>
<wf cmd="ignore" pos="IN">through</wf>
<wf cmd="ignore" pos="DT">the</wf>
<wf cmd="tag" pos="JJR">bigger</wf>
<wf cmd="tag" pos="NNS">moments</wf>
<wf cmd="ignore" pos="IN">of</wf>
<wf cmd="ignore" pos="DT">the</wf>
<wf cmd="tag" pos="NN">opening</wf>
<wf cmd="tag" pos="NN">movement</wf>
<wf cmd="ignore" pos="CC">and</wf>
<wf cmd="ignore" pos="DT">the</wf>
<wf cmd="tag" pos="JJ">final</wf>
<wf cmd="tag" pos="NN">Rondo</wf>
<punc>.</punc>
</s>
</p>
<p pnum="19">
<s snum="35">
<wf cmd="tag" pos="NNP">Mr._Cliburn</wf>
<wf cmd="done" pos="VB" lemma="give" wnsn="1" lexsn="2:40:03::">gave</wf>
<wf cmd="ignore" pos="DT">the</wf>
<wf cmd="tag" pos="JJ">slow</wf>
<wf cmd="tag" pos="NN">movement</wf>
<wf cmd="ignore" pos="DT">some</wf>
<wf cmd="ignore" pos="IN">of</wf>
<wf cmd="ignore" pos="DT">the</wf>
<wf cmd="tag" pos="NN">quality</wf>
<wf cmd="ignore" pos="IN">of</wf>
<wf cmd="ignore" pos="DT">a</wf>
<wf cmd="tag" pos="NNP">Chopin_Nocturne</wf>
<punc>.</punc>
</s>
<s snum="36">
<wf cmd="tag" pos="NNP">Alfred_Wallenstein</wf>
<punc>,</punc>
<wf cmd="ignore" pos="DT">the</wf>
<wf cmd="tag" pos="NN">conductor</wf>
<punc>,</punc>
<wf cmd="tag" pos="JJ">sensitive</wf>
<wf cmd="tag" pos="NN">accompanist</wf>
<wf cmd="ignore" pos="IN">that</wf>
<wf cmd="ignore" pos="PRP">he</wf>
<wf cmd="done" pos="VB" lemma="be" wnsn="1" lexsn="2:42:03::">is</wf>
<punc>,</punc>
<wf cmd="done" pos="VB" lemma="pick_up" wnsn="9" lexsn="2:39:01::">picked_up</wf>
<wf cmd="ignore" pos="DT">the</wf>
<wf cmd="tag" pos="NN">idea</wf>
<wf cmd="ignore" pos="CC">and</wf>
<wf cmd="done" pos="VB" lemma="lead" wnsn="10" lexsn="2:36:00::">led</wf>
<wf cmd="ignore" pos="DT">the</wf>
<wf cmd="tag" pos="NN">orchestra</wf>
<wf cmd="tag" pos="RB">here</wf>
<wf cmd="ignore" pos="IN">with</wf>
<wf cmd="ignore" pos="DT">a</wf>
<wf cmd="tag" pos="NN">sense</wf>
<wf cmd="ignore" pos="IN">of</wf>
<wf cmd="tag" pos="NN">broodinf</wf>
<punc>,</punc>
<wf cmd="tag" pos="JJ">poetic</wf>
<wf cmd="tag" pos="NN">mystery</wf>
<punc>.</punc>
</s>
<s snum="37">
<wf cmd="ignore" pos="DT">The</wf>
<wf cmd="tag" pos="NN">collaboration</wf>
<wf cmd="done" pos="VB" lemma="be" wnsn="1" lexsn="2:42:03::">was</wf>
<wf cmd="tag" pos="JJ">remarkable</wf>
<punc>,</punc>
<wf cmd="ignore" pos="IN">as</wf>
<wf cmd="ignore" pos="PRP">it</wf>
<wf cmd="done" pos="VB" lemma="be" wnsn="1" lexsn="2:42:03::">was</wf>
<wf cmd="ignore" pos="IN">in</wf>
<wf cmd="ignore" pos="DT">both</wf>
<wf cmd="ignore" pos="DT">the</wf>
<wf cmd="tag" pos="JJ">other</wf>
<wf cmd="tag" pos="NNS">movements</wf>
<punc>,</punc>
<wf cmd="tag" pos="RB">too</wf>
<punc>.</punc>
</s>
</p>
<p pnum="20">
<s snum="38">
<wf cmd="tag" pos="NNP">Mr._Wallenstein</wf>
<punc>,</punc>
<wf cmd="ignore" pos="WP">who</wf>
<wf cmd="ignore" pos="MD">will</wf>
<wf cmd="done" pos="VB" lemma="lead" wnsn="10" lexsn="2:36:00::">lead</wf>
<wf cmd="tag" pos="JJ">all_of</wf>
<wf cmd="ignore" pos="DT">the</wf>
<wf cmd="tag" pos="NNS">concerts</wf>
<wf cmd="ignore" pos="IN">in</wf>
<wf cmd="ignore" pos="DT">the</wf>
<wf cmd="tag" pos="NN">cycle</wf>
<punc>,</punc>
<wf cmd="tag" pos="RB">also</wf>
<wf cmd="done" pos="VB" lemma="conduct" wnsn="2" lexsn="2:36:00::">conducted</wf>
<wf cmd="ignore" pos="DT">the</wf>
<punc>``</punc>
<wf cmd="tag" pos="NNP">Leonore</wf>
<punc>''</punc>
<wf cmd="tag" pos="NNP">Overture</wf>
<wf cmd="tag" pos="NN">No.</wf>
<wf cmd="tag" pos="CD">3</wf>
<wf cmd="ignore" pos="CC">and</wf>
<wf cmd="ignore" pos="DT">the</wf>
<wf cmd="tag" pos="NNP">Fourth_Symphony</wf>
<punc>.</punc>
</s>
<s snum="39">
<wf cmd="ignore" pos="DT">The</wf>
<wf cmd="tag" pos="NN">orchestra</wf>
<wf cmd="done" pos="VB" lemma="be" wnsn="1" lexsn="2:42:03::">was</wf>
<wf cmd="tag" pos="RB">obviously</wf>
<wf cmd="ignore" pos="IN">on</wf>
<wf cmd="ignore" pos="PRP$">its</wf>
<wf cmd="tag" pos="NN">mettle</wf>
<wf cmd="ignore" pos="CC">and</wf>
<wf cmd="ignore" pos="PRP">it</wf>
<wf cmd="done" pos="VB" lemma="play" wnsn="3" lexsn="2:36:12::">played</wf>
<wf cmd="tag" pos="RBS">most</wf>
<wf cmd="tag" pos="RB">responsively</wf>
<punc>.</punc>
</s>
<s snum="40">
<wf cmd="ignore" pos="CC">And</wf>
<wf cmd="ignore" pos="IN">although</wf>
<wf cmd="ignore" pos="EX">there</wf>
<wf cmd="done" pos="VB" lemma="be" wnsn="1" lexsn="2:42:03::">was</wf>
<wf cmd="tag" pos="NN">plenty</wf>
<wf cmd="ignore" pos="IN">of</wf>
<wf cmd="tag" pos="NN">vigor</wf>
<wf cmd="ignore" pos="IN">in</wf>
<wf cmd="ignore" pos="DT">the</wf>
<wf cmd="tag" pos="NN">performance</wf>
<punc>,</punc>
<wf cmd="ignore" pos="DT">the</wf>
<wf cmd="tag" pos="NN">ensemble</wf>
<wf cmd="done" pos="VB" lemma="be" wnsn="1" lexsn="2:42:03::">was</wf>
<wf cmd="ignore" pos="IN">at</wf>
<wf cmd="ignore" pos="PRP$">its</wf>
<wf cmd="tag" pos="JJS">best</wf>
<wf cmd="ignore" pos="WRB">when</wf>
<wf cmd="ignore" pos="DT">the</wf>
<wf cmd="tag" pos="NN">playing</wf>
<wf cmd="done" pos="VB" lemma="be" wnsn="1" lexsn="2:42:03::">was</wf>
<wf cmd="tag" pos="JJ">soft</wf>
<wf cmd="ignore" pos="CC">and</wf>
<wf cmd="tag" pos="JJ">lyrical</wf>
<punc>,</punc>
<wf cmd="tag" pos="RB">yet</wf>
<wf cmd="tag" pos="JJ">full_of</wf>
<wf cmd="ignore" pos="DT">the</wf>
<wf cmd="tag" pos="JJ">suppressed</wf>
<wf cmd="tag" pos="NN">tension</wf>
<wf cmd="tag" pos="RB">that</wf>
<wf cmd="done" pos="VB" lemma="be" wnsn="1" lexsn="2:42:03::">is</wf>
<wf cmd="tag" pos="CD">one</wf>
<wf cmd="ignore" pos="IN">of</wf>
<wf cmd="ignore" pos="DT">the</wf>
<wf cmd="tag" pos="NNS">hallmarks</wf>
<wf cmd="ignore" pos="IN">of</wf>
<wf cmd="tag" pos="NNP">Beethoven</wf>
<punc>.</punc>
</s>
<s snum="41">
<wf cmd="tag" pos="NNP">Igor_Oistrakh</wf>
<wf cmd="ignore" pos="MD">will</wf>
<wf cmd="done" pos="VB" lemma="be" wnsn="2" lexsn="2:42:06::">be</wf>
<wf cmd="ignore" pos="DT">the</wf>
<wf cmd="tag" pos="JJ">next</wf>
<wf cmd="tag" pos="NN">soloist</wf>
<wf cmd="ignore" pos="IN">on</wf>
<wf cmd="tag" pos="NNP">Feb.</wf>
<wf cmd="tag" pos="CD">4</wf>
<punc>.</punc>
</s>
</p>
<p pnum="21">
<s snum="42">
<wf cmd="ignore" pos="EX">There</wf>
<wf cmd="done" pos="VB" lemma="be" wnsn="4" lexsn="2:42:00::">are</wf>
<wf cmd="tag" pos="NNS">times</wf>
<wf cmd="ignore" pos="WRB">when</wf>
<wf cmd="tag" pos="CD">one</wf>
<wf cmd="done" pos="VB" lemma="suspect" wnsn="1" lexsn="2:32:00::">suspects</wf>
<wf cmd="ignore" pos="IN">that</wf>
<wf cmd="ignore" pos="DT">the</wf>
<wf cmd="tag" pos="NNS">songs</wf>
<wf cmd="ignore" pos="WDT">that</wf>
<wf cmd="done" pos="VBP" ot="notag">are</wf>
<wf cmd="done" pos="VB" lemma="drop" wnsn="5" lexsn="2:41:01::">dropped</wf>
<wf cmd="ignore" pos="IN">from</wf>
<wf cmd="tag" pos="JJ">musical</wf>
<wf cmd="tag" pos="NN">shows</wf>
<wf cmd="ignore" pos="IN">before</wf>
<wf cmd="ignore" pos="PRP">they</wf>
<wf cmd="done" pos="VB" lemma="reach" wnsn="2" lexsn="2:38:00::">reach</wf>
<wf cmd="tag" pos="NNP">Broadway</wf>
<wf cmd="ignore" pos="MD">may</wf>
<wf cmd="tag" pos="RB">really</wf>
<wf cmd="done" pos="VB" lemma="be" wnsn="1" lexsn="2:42:03::">be</wf>
<wf cmd="tag" pos="RBR">better</wf>
<wf cmd="ignore" pos="IN">than</wf>
<wf cmd="tag" pos="JJ">many_of</wf>
<wf cmd="ignore" pos="DT">those</wf>
<wf cmd="ignore" pos="IN">that</wf>
<wf cmd="done" pos="VB" ot="notag">are_left</wf>
<wf cmd="tag" pos="RB">in</wf>
<punc>.</punc>
</s>
<s snum="43">
<wf cmd="tag" pos="NN">Today</wf>
<punc>,</punc>
<wf cmd="ignore" pos="IN">in</wf>
<wf cmd="ignore" pos="DT">the</wf>
<wf cmd="tag" pos="NN">era</wf>
<wf cmd="ignore" pos="IN">of</wf>
<wf cmd="ignore" pos="DT">the</wf>
<wf cmd="tag" pos="JJ">integrated</wf>
<wf cmd="tag" pos="JJ">musical</wf>
<wf cmd="ignore" pos="WRB">when</wf>
<wf cmd="ignore" pos="DT">an</wf>
<wf cmd="tag" pos="JJ">individual</wf>
<wf cmd="tag" pos="NN">song</wf>
<wf cmd="ignore" pos="MD">must</wf>
<wf cmd="done" pos="VB" lemma="contribute" wnsn="1" lexsn="2:40:01::">contribute</wf>
<wf cmd="done" pos="VB" ot="notag">to</wf>
<wf cmd="ignore" pos="DT">the</wf>
<wf cmd="tag" pos="JJ">over-all</wf>
<wf cmd="tag" pos="NN">development</wf>
<wf cmd="ignore" pos="IN">of</wf>
<wf cmd="ignore" pos="DT">the</wf>
<wf cmd="tag" pos="NN">show</wf>
<punc>,</punc>
<wf cmd="ignore" pos="PRP">it</wf>
<wf cmd="done" pos="VB" lemma="be" wnsn="1" lexsn="2:42:03::">is</wf>
<wf cmd="tag" pos="JJ">understandable</wf>
<wf cmd="ignore" pos="IN">that</wf>
<wf cmd="ignore" pos="DT">a</wf>
<wf cmd="tag" pos="NN">song</wf>
<punc>,</punc>
<wf cmd="tag" pos="RB">no_matter_how</wf>
<wf cmd="tag" pos="JJ">excellent</wf>
<wf cmd="ignore" pos="PRP">it</wf>
<wf cmd="ignore" pos="MD">may</wf>
<wf cmd="done" pos="VB" lemma="be" wnsn="1" lexsn="2:42:03::">be</wf>
<wf cmd="done" pos="VB" ot="notag">on</wf>
<wf cmd="ignore" pos="PRP$">its</wf>
<wf cmd="tag" pos="JJ">own</wf>
<wf cmd="tag" pos="NNS">terms</wf>
<punc>,</punc>
<wf cmd="done" pos="VBZ" ot="notag">is</wf>
<wf cmd="done" pos="VB" lemma="cut_out" wnsn="1" lexsn="2:30:00::">cut_out</wf>
<wf cmd="ignore" pos="IN">because</wf>
<wf cmd="ignore" pos="PRP">it</wf>
<wf cmd="done" pos="VBZ" ot="notag">does</wf>
<wf cmd="tag" pos="RB">not</wf>
<wf cmd="done" pos="VB" lemma="perform" wnsn="2" lexsn="2:41:02::">perform</wf>
<wf cmd="ignore" pos="DT">the</wf>
<wf cmd="tag" pos="NN">function</wf>
<wf cmd="done" pos="VB" lemma="require" wnsn="3" lexsn="2:32:00::">required</wf>
<wf cmd="tag" pos="RB">of_it</wf>
<punc>.</punc>
</s>
</p>
<p pnum="22">
<s snum="44">
<wf cmd="ignore" pos="IN">In</wf>
<wf cmd="ignore" pos="DT">the</wf>
<wf cmd="tag" pos="RBR">more</wf>
<wf cmd="tag" pos="RB">casually</wf>
<wf cmd="tag" pos="JJ">constructed</wf>
<wf cmd="tag" pos="NNS">musicals</wf>
<wf cmd="ignore" pos="IN">of</wf>
<wf cmd="ignore" pos="DT">the</wf>
<wf cmd="tag" pos="CD">Nineteen</wf>
<wf cmd="tag" pos="NNP">Twenties</wf>
<wf cmd="ignore" pos="CC">and</wf>
<wf cmd="tag" pos="CD">Nineteen</wf>
<wf cmd="tag" pos="NNS">Thirties</wf>
<wf cmd="ignore" pos="EX">there</wf>
<wf cmd="ignore" pos="MD">would</wf>
<wf cmd="done" pos="VB" lemma="seem" wnsn="1" lexsn="2:39:00::">seem</wf>
<wf cmd="ignore" pos="TO">to</wf>
<wf cmd="done" pos="VB" ot="notag">have</wf>
<wf cmd="done" pos="VB" lemma="be" wnsn="1" lexsn="2:42:03::">been</wf>
<wf cmd="tag" pos="JJR">less</wf>
<wf cmd="tag" pos="NN">reason</wf>
<wf cmd="ignore" pos="IN">for</wf>
<wf cmd="done" pos="VB" lemma="eliminate" wnsn="1" lexsn="2:30:01::">eliminating</wf>
<wf cmd="ignore" pos="DT">a</wf>
<wf cmd="tag" pos="NN">song</wf>
<wf cmd="ignore" pos="IN">of</wf>
<wf cmd="tag" pos="NN">merit</wf>
<punc>.</punc>
</s>
<s snum="45">
<wf cmd="tag" pos="RB">Yet</wf>
<wf cmd="ignore" pos="EX">there</wf>
<wf cmd="done" pos="VB" lemma="be" wnsn="5" lexsn="2:42:04::">is</wf>
<wf cmd="ignore" pos="DT">the</wf>
<wf cmd="tag" pos="JJ">classic</wf>
<wf cmd="tag" pos="NN">case</wf>
<wf cmd="ignore" pos="IN">of</wf>
<wf cmd="ignore" pos="DT">the</wf>
<wf cmd="tag" pos="NNP">Gershwins</wf>
<punc>'</punc>
<punc>``</punc>
<wf cmd="tag" pos="NNP">The_Man_I_Love</wf>
<punc>''</punc>
<punc>.</punc>
</s>
<s snum="46">
<wf cmd="done" pos="VB" lemma="deem" wnsn="1" lexsn="2:31:00::">Deemed</wf>
<wf cmd="tag" pos="RB">too</wf>
<wf cmd="tag" pos="JJ">static</wf>
<wf cmd="ignore" pos="WRB">when</wf>
<wf cmd="ignore" pos="PRP">it</wf>
<wf cmd="done" pos="VBD" ot="notag">was</wf>
<wf cmd="tag" pos="JJ">first</wf>
<wf cmd="done" pos="VB" lemma="hear" wnsn="1" lexsn="2:39:00::">heard</wf>
<wf cmd="ignore" pos="IN">in</wf>
<punc>``</punc>
<wf cmd="tag" pos="NNP">Lady</wf>
<wf cmd="done" pos="VB" lemma="be" wnsn="1" lexsn="2:42:03::">Be</wf>
<wf cmd="tag" pos="JJ">Good</wf>
<punc>''</punc>
<wf cmd="ignore" pos="IN">in</wf>
<wf cmd="tag" pos="NNP">Philadelphia</wf>
<wf cmd="ignore" pos="IN">in</wf>
<wf cmd="tag" pos="CD">1924</wf>
<punc>,</punc>
<wf cmd="ignore" pos="PRP">it</wf>
<wf cmd="done" pos="VBD" ot="notag">was</wf>
<wf cmd="done" pos="VB" lemma="drop" wnsn="5" lexsn="2:41:01::">dropped</wf>
<wf cmd="ignore" pos="IN">from</wf>
<wf cmd="ignore" pos="DT">the</wf>
<wf cmd="tag" pos="NN">score</wf>
<punc>.</punc>
</s>
<s snum="47">
<wf cmd="ignore" pos="PRP">It</wf>
<wf cmd="done" pos="VBD" ot="notag">was</wf>
<wf cmd="done" pos="VB" lemma="hear" wnsn="1" lexsn="2:39:00::">heard</wf>
<wf cmd="tag" pos="RB">again</wf>
<wf cmd="ignore" pos="IN">in</wf>
<wf cmd="tag" pos="NNP">Philadelphia</wf>
<wf cmd="ignore" pos="IN">in</wf>
<wf cmd="tag" pos="CD">1927</wf>
<wf cmd="ignore" pos="IN">in</wf>
<wf cmd="ignore" pos="DT">the</wf>
<wf cmd="tag" pos="JJ">first</wf>
<wf cmd="tag" pos="NN">version</wf>
<wf cmd="ignore" pos="IN">of</wf>
<punc>``</punc>
<wf cmd="done" pos="VB" lemma="strike_up" wnsn="1" lexsn="2:36:01::">Strike_Up</wf>
<wf cmd="ignore" pos="DT">the</wf>
<wf cmd="tag" pos="NN">Band</wf>
<punc>''</punc>
<wf cmd="ignore" pos="CC">and</wf>
<wf cmd="tag" pos="RB">again</wf>
<wf cmd="done" pos="VB" lemma="abandon" wnsn="3" lexsn="2:38:00::">abandoned</wf>
<wf cmd="tag" pos="RB">shortly</wf>
<wf cmd="ignore" pos="IN">before</wf>
<wf cmd="ignore" pos="DT">the</wf>
<wf cmd="tag" pos="JJ">entire</wf>
<wf cmd="tag" pos="NN">show</wf>
<wf cmd="done" pos="VBD" ot="notag">was</wf>
<wf cmd="done" pos="VB" lemma="give_up" wnsn="1" lexsn="2:40:02::">given_up</wf>
<punc>.</punc>
</s>
<s snum="48">
<wf cmd="ignore" pos="PRP">It</wf>
<wf cmd="tag" pos="RB">finally</wf>
<wf cmd="done" pos="VB" lemma="reach" wnsn="1" lexsn="2:38:01::">reached</wf>
<wf cmd="tag" pos="NNP">Broadway</wf>
<wf cmd="ignore" pos="IN">in</wf>
<wf cmd="ignore" pos="DT">the</wf>
<wf cmd="tag" pos="JJ">second</wf>
<wf cmd="ignore" pos="CC">and</wf>
<wf cmd="tag" pos="JJ">successful</wf>
<wf cmd="tag" pos="NN">version</wf>
<wf cmd="ignore" pos="IN">of</wf>
<punc>``</punc>
<wf cmd="done" pos="VB" lemma="strike_up" wnsn="1" lexsn="2:36:01::">Strike_Up</wf>
<wf cmd="ignore" pos="DT">the</wf>
<wf cmd="tag" pos="NN">Band</wf>
<punc>''</punc>
<wf cmd="ignore" pos="IN">in</wf>
<wf cmd="tag" pos="CD">1929</wf>
<punc>.</punc>
</s>
<s snum="49">
<punc>(</punc>
<wf cmd="tag" pos="RB">Still</wf>
<wf cmd="ignore" pos="DT">another</wf>
<wf cmd="tag" pos="NN">song</wf>
<wf cmd="ignore" pos="IN">in</wf>
<punc>``</punc>
<wf cmd="done" pos="VB" lemma="strike_up" wnsn="1" lexsn="2:36:01::">Strike_Up</wf>
<wf cmd="ignore" pos="DT">the</wf>
<wf cmd="tag" pos="NN">Band</wf>
<punc>''</punc>
<punc>-</punc>
<punc>``</punc>
<wf cmd="ignore" pos="PRP">I</wf>
<wf cmd="tag" pos="NN">'ve_Got_a_Crush_on_You</wf>
<punc>''</punc>
<punc>-</punc>
<wf cmd="done" pos="VBD" ot="notag">was</wf>
<wf cmd="done" pos="VB" lemma="retrieve" wnsn="1" lexsn="2:40:00::">retrieved</wf>
<wf cmd="ignore" pos="IN">from</wf>
<wf cmd="ignore" pos="DT">a</wf>
<wf cmd="tag" pos="CD">1928</wf>
<wf cmd="tag" pos="NN">failure</wf>
<punc>,</punc>
<punc>``</punc>
<wf cmd="tag" pos="NNP">Treasure_Girl</wf>
<punc>''</punc>
<punc>)</punc>
<punc>.</punc>
</s>
</p>
<p pnum="23">
<s snum="50">
<wf cmd="ignore" pos="IN">Like</wf>
<wf cmd="ignore" pos="DT">the</wf>
<wf cmd="tag" pos="NNP">Gershwins</wf>
<punc>,</punc>
<wf cmd="tag" pos="NNP">Richard_Rodgers</wf>
<wf cmd="ignore" pos="CC">and</wf>
<wf cmd="tag" pos="NNP">Lorenz_Hart</wf>
<wf cmd="done" pos="VB" lemma="be" wnsn="1" lexsn="2:42:03::">were</wf>
<wf cmd="tag" pos="JJ">loath</wf>
<wf cmd="ignore" pos="TO">to</wf>
<wf cmd="done" pos="VB" lemma="let" wnsn="1" lexsn="2:41:00::">let</wf>
<wf cmd="ignore" pos="DT">a</wf>
<wf cmd="tag" pos="JJ">good</wf>
<wf cmd="tag" pos="NN">song</wf>
<wf cmd="done" pos="VB" lemma="get_away" wnsn="1" lexsn="2:38:00::">get_away</wf>
<wf cmd="ignore" pos="IN">from</wf>
<wf cmd="ignore" pos="PRP">them</wf>
<punc>.</punc>
</s>
<s snum="51">
<wf cmd="ignore" pos="IN">If</wf>
<wf cmd="tag" pos="CD">one</wf>
<wf cmd="ignore" pos="IN">of</wf>
<wf cmd="tag" pos="NNP">Mr._Rodgers</wf>
<punc>'</punc>
<wf cmd="tag" pos="NNS">melodies</wf>
<wf cmd="done" pos="VB" lemma="seem" wnsn="2" lexsn="2:39:01::">seemed</wf>
<wf cmd="ignore" pos="TO">to</wf>
<wf cmd="done" pos="VB" lemma="deserve" wnsn="1" lexsn="2:42:00::">deserve</wf>
<wf cmd="ignore" pos="DT">a</wf>
<wf cmd="tag" pos="JJR">better</wf>
<wf cmd="tag" pos="NN">fate</wf>
<wf cmd="ignore" pos="IN">than</wf>
<wf cmd="tag" pos="NN">interment</wf>
<wf cmd="ignore" pos="IN">in</wf>
<wf cmd="tag" pos="NNP">Boston</wf>
<wf cmd="ignore" pos="CC">or</wf>
<wf cmd="ignore" pos="DT">the</wf>
<wf cmd="tag" pos="NN">obscurity</wf>
<wf cmd="ignore" pos="IN">of</wf>
<wf cmd="ignore" pos="DT">a</wf>
<wf cmd="tag" pos="NNP">Broadway</wf>
<wf cmd="tag" pos="NN">failure</wf>
<punc>,</punc>
<wf cmd="tag" pos="NNP">Mr._Hart</wf>
<wf cmd="done" pos="VB" lemma="be" wnsn="1" lexsn="2:42:03::">was</wf>
<wf cmd="tag" pos="JJ">likely</wf>
<wf cmd="ignore" pos="TO">to</wf>
<wf cmd="done" rdf="deck_out" pos="VB" lemma="deck_out" wnsn="1" lexsn="2:29:00::">deck</wf>
<wf cmd="ignore" pos="PRP">it</wf>
<wf cmd="ignore" pos="IN">out</wf>
<wf cmd="ignore" pos="IN">with</wf>
<wf cmd="tag" pos="JJ">new</wf>
<wf cmd="tag" pos="NNS">lyrics</wf>
<wf cmd="ignore" pos="TO">to</wf>
<wf cmd="done" pos="VB" lemma="give" wnsn="1" lexsn="2:40:03::">give</wf>
<wf cmd="ignore" pos="PRP">it</wf>
<wf cmd="ignore" pos="DT">a</wf>
<wf cmd="tag" pos="JJ">second</wf>
<wf cmd="tag" pos="NN">chance</wf>
<wf cmd="ignore" pos="IN">in</wf>
<wf cmd="ignore" pos="DT">another</wf>
<wf cmd="tag" pos="NN">show</wf>
<punc>.</punc>
</s>
</p>
<p pnum="24">
<s snum="52">
<wf cmd="tag" pos="JJ">Several</wf>
<wf cmd="ignore" pos="IN">of</wf>
<wf cmd="ignore" pos="DT">these</wf>
<wf cmd="tag" pos="NN">double_entries</wf>
<wf cmd="done" pos="VBP" ot="notag">have</wf>
<wf cmd="done" pos="VBN" ot="notag">been</wf>
<wf cmd="done" pos="VB" lemma="collect" wnsn="1" lexsn="2:40:00::">collected</wf>
<wf cmd="ignore" pos="IN">by</wf>
<wf cmd="tag" pos="NNP">Ben_Bagley</wf>
<wf cmd="ignore" pos="CC">and</wf>
<wf cmd="tag" pos="NNP">Michael_McWhinney</wf>
<punc>,</punc>
<wf cmd="ignore" pos="IN">along</wf>
<wf cmd="ignore" pos="IN">with</wf>
<wf cmd="tag" pos="NNP">Rodgers</wf>
<wf cmd="ignore" pos="CC">and</wf>
<wf cmd="tag" pos="NNP">Hart</wf>
<wf cmd="tag" pos="NNS">songs</wf>
<wf cmd="ignore" pos="WDT">that</wf>
<wf cmd="done" pos="VB" lemma="disappear" wnsn="1" lexsn="2:30:00::">disappeared</wf>
<wf cmd="tag" pos="RB">permanently</wf>
<wf cmd="tag" pos="RB">en_route</wf>
<wf cmd="ignore" pos="TO">to</wf>
<wf cmd="tag" pos="NN">New_York</wf>
<wf cmd="tag" pos="RB">and_others</wf>
<wf cmd="ignore" pos="WDT">that</wf>
<wf cmd="done" pos="VB" lemma="reach" wnsn="1" lexsn="2:38:01::">reached</wf>
<wf cmd="tag" pos="NNP">Broadway</wf>
<wf cmd="ignore" pos="CC">but</wf>
<wf cmd="done" pos="VBP" ot="notag">have</wf>
<wf cmd="tag" pos="RB">not</wf>
<wf cmd="done" pos="VB" lemma="become" wnsn="2" lexsn="2:42:01::">become</wf>
<wf cmd="tag" pos="NN">part</wf>
<wf cmd="done" pos="VB" ot="notag">of</wf>
<wf cmd="ignore" pos="DT">the</wf>
<wf cmd="tag" pos="RB">constantly</wf>
<wf cmd="done" pos="VB" lemma="hear" wnsn="1" lexsn="2:39:00::">heard</wf>
<wf cmd="tag" pos="NNP">Rodgers</wf>
<wf cmd="ignore" pos="CC">and</wf>
<wf cmd="tag" pos="NNP">Hart</wf>
<wf cmd="tag" pos="NN">repertory</wf>
<punc>,</punc>
<wf cmd="ignore" pos="IN">in</wf>
<wf cmd="ignore" pos="DT">a</wf>
<wf cmd="tag" pos="RB">delightfully</wf>
<wf cmd="tag" pos="JJ">refreshing</wf>
<wf cmd="tag" pos="NN">album</wf>
<punc>,</punc>
<wf cmd="tag" pos="NNP">Rodgers</wf>
<wf cmd="ignore" pos="CC">and</wf>
<wf cmd="tag" pos="NNP">Hart_Revisited</wf>
<punc>(</punc>
<wf cmd="tag" pos="NNP">Spruce</wf>
<wf cmd="tag" pos="NNPS">Records</wf>
<punc>,</punc>
<wf cmd="tag" pos="CD">505</wf>
<wf cmd="tag" pos="NNP">Fifth_Avenue</wf>
<punc>,</punc>
<wf cmd="tag" pos="NN">New_York</wf>
<punc>)</punc>
<punc>.</punc>
</s>
</p>
<p pnum="25">
<s snum="53">
<wf cmd="ignore" pos="IN">Among</wf>
<wf cmd="ignore" pos="DT">the</wf>
<wf cmd="tag" pos="JJ">particular</wf>
<wf cmd="tag" pos="NNS">gems</wf>
<wf cmd="tag" pos="RB">in_this</wf>
<wf cmd="tag" pos="NN">collection</wf>
<wf cmd="done" pos="VB" lemma="be" wnsn="2" lexsn="2:42:06::">is</wf>
<wf cmd="ignore" pos="DT">the</wf>
<wf cmd="tag" pos="JJ">impudent</wf>
<wf cmd="tag" pos="NN">opening</wf>
<wf cmd="tag" pos="NN">song</wf>
<wf cmd="ignore" pos="IN">of</wf>
<punc>``</punc>
<wf cmd="ignore" pos="DT">The</wf>
<wf cmd="tag" pos="NNP">Garrick</wf>
<wf cmd="tag" pos="NNPS">Gaieties</wf>
<punc>''</punc>
<punc>,</punc>
<wf cmd="ignore" pos="DT">an</wf>
<wf cmd="tag" pos="JJ">impressive</wf>
<wf cmd="tag" pos="NN">forecast</wf>
<wf cmd="ignore" pos="IN">of</wf>
<wf cmd="ignore" pos="DT">the</wf>
<wf cmd="tag" pos="NN">wit</wf>
<wf cmd="ignore" pos="CC">and</wf>
<wf cmd="tag" pos="NN">melody</wf>
<wf cmd="ignore" pos="WDT">that</wf>
<wf cmd="done" pos="VBD" ot="notag">were</wf>
<wf cmd="ignore" pos="TO">to</wf>
<wf cmd="done" pos="VB" lemma="come" wnsn="5" lexsn="2:42:04::">come</wf>
<wf cmd="done" pos="VB" ot="notag">from</wf>
<wf cmd="tag" pos="NNP">Rodgers</wf>
<wf cmd="ignore" pos="CC">and</wf>
<wf cmd="tag" pos="NNP">Hart</wf>
<wf cmd="ignore" pos="IN">in</wf>
<wf cmd="ignore" pos="DT">the</wf>
<wf cmd="tag" pos="NNS">years</wf>
<wf cmd="ignore" pos="WDT">that</wf>
<wf cmd="done" pos="VB" lemma="follow" wnsn="2" lexsn="2:42:00::">followed</wf>
<punc>;</punc>
<wf cmd="tag" pos="NNP">Dorothy_Loudon</wf>
<wf cmd="ignore" pos="POS">'s</wf>
<wf cmd="tag" pos="JJ">raucous</wf>
<wf cmd="tag" pos="NN">listing</wf>
<wf cmd="ignore" pos="IN">of</wf>
<wf cmd="ignore" pos="DT">the</wf>
<wf cmd="tag" pos="NNS">attractions</wf>
<punc>``</punc>
<wf cmd="ignore" pos="IN">At</wf>
<wf cmd="ignore" pos="DT">the</wf>
<wf cmd="tag" pos="NNP">Roxy</wf>
<wf cmd="tag" pos="NN">Music_Hall</wf>
<punc>''</punc>
<wf cmd="ignore" pos="IN">from</wf>
<punc>``</punc>
<wf cmd="ignore" pos="PRP">I</wf>
<wf cmd="done" pos="VB" lemma="marry" wnsn="1" lexsn="2:41:00::">Married</wf>
<wf cmd="ignore" pos="DT">an</wf>
<wf cmd="tag" pos="NNP">Angel</wf>
<punc>''</punc>
<punc>;</punc>
<wf cmd="ignore" pos="CC">and</wf>
<wf cmd="ignore" pos="DT">the</wf>
<wf cmd="tag" pos="JJ">incisive</wf>
<wf cmd="tag" pos="NN">style</wf>
<wf cmd="ignore" pos="IN">with</wf>
<wf cmd="ignore" pos="WDT">which</wf>
<wf cmd="tag" pos="NNP">Charlotte_Rae</wf>
<wf cmd="done" pos="VB" lemma="deliver" wnsn="1" lexsn="2:32:00::">delivers</wf>
<wf cmd="ignore" pos="DT">the</wf>
<wf cmd="tag" pos="NN">top-drawer</wf>
<wf cmd="tag" pos="NNP">Hart</wf>
<wf cmd="tag" pos="NNS">lyrics</wf>
<wf cmd="ignore" pos="IN">of</wf>
<punc>``</punc>
<wf cmd="ignore" pos="PRP">I</wf>
<wf cmd="tag" pos="NNP">Blush</wf>
<punc>''</punc>
<punc>,</punc>
<wf cmd="ignore" pos="DT">a</wf>
<wf cmd="tag" pos="NN">song</wf>
<wf cmd="ignore" pos="WDT">that</wf>
<wf cmd="done" pos="VBD" ot="notag">was</wf>
<wf cmd="done" pos="VB" lemma="cut" wnsn="10" lexsn="2:30:07::">cut</wf>
<wf cmd="ignore" pos="IN">from</wf>
<punc>``</punc>
<wf cmd="ignore" pos="DT">A</wf>
<wf cmd="tag" pos="NNP">Connecticut_Yankee</wf>
<punc>''</punc>
<punc>.</punc>
</s>
</p>
<p pnum="26">
<s snum="54">
<wf cmd="tag" pos="RB">Altogether</wf>
<wf cmd="tag" pos="CD">fifteen</wf>
<wf cmd="tag" pos="RB">virtually</wf>
<wf cmd="tag" pos="JJ">unknown</wf>
<wf cmd="tag" pos="NNP">Rodgers</wf>
<wf cmd="ignore" pos="CC">and</wf>
<wf cmd="tag" pos="NNP">Hart</wf>
<wf cmd="tag" pos="NNS">songs</wf>
<wf cmd="done" pos="VBP" ot="notag">are</wf>
<wf cmd="done" pos="VB" lemma="sing" wnsn="1" lexsn="2:36:01::">sung</wf>
<wf cmd="ignore" pos="IN">by</wf>
<wf cmd="ignore" pos="DT">a</wf>
<wf cmd="tag" pos="NN">quintet</wf>
<wf cmd="ignore" pos="IN">of</wf>
<wf cmd="tag" pos="JJ">able</wf>
<wf cmd="tag" pos="NNS">vocalists</wf>
<punc>.</punc>
</s>
</p>
<p pnum="27">
<s snum="55">
<wf cmd="tag" pos="NNP">Norman_Paris</wf>
<wf cmd="done" pos="VBZ" ot="notag">has</wf>
<wf cmd="done" pos="VB" lemma="provide" wnsn="1" lexsn="2:40:00::">provided</wf>
<wf cmd="ignore" pos="PRP">them</wf>
<wf cmd="ignore" pos="IN">with</wf>
<wf cmd="tag" pos="RB">extremely</wf>
<wf cmd="tag" pos="JJ">effective</wf>
<wf cmd="tag" pos="JJ">orchestral</wf>
<wf cmd="tag" pos="NN">accompaniment</wf>
<wf cmd="done" pos="VB" lemma="turn_to" wnsn="0" lexsn="2:31:00::">Turning_to</wf>
<wf cmd="ignore" pos="DT">the</wf>
<wf cmd="tag" pos="JJ">current</wf>
<wf cmd="tag" pos="JJ">musical</wf>
<wf cmd="tag" pos="NN">season</wf>
<wf cmd="ignore" pos="IN">on</wf>
<wf cmd="tag" pos="NNP">Broadway</wf>
<punc>,</punc>
<wf cmd="tag" pos="RB">the_most</wf>
<wf cmd="tag" pos="RB">widely</wf>
<wf cmd="tag" pos="JJ">acclaimed</wf>
<wf cmd="ignore" pos="IN">of</wf>
<wf cmd="ignore" pos="DT">the</wf>
<wf cmd="tag" pos="JJ">new</wf>
<wf cmd="tag" pos="NNS">arrivals</wf>
<punc>,</punc>
<wf cmd="tag" pos="NN">How_to_Succeed_in_Business_Without_Really_Trying</wf>
<punc>,</punc>
<wf cmd="done" pos="VBZ" ot="notag">has</wf>
<wf cmd="done" pos="VBN" ot="notag">been</wf>
<wf cmd="done" pos="VB" lemma="transfer" wnsn="2" lexsn="2:40:01::">transferred</wf>
<wf cmd="ignore" pos="TO">to</wf>
<wf cmd="ignore" pos="DT">an</wf>
<wf cmd="tag" pos="JJ">original</wf>
<wf cmd="tag" pos="NN">cast</wf>
<wf cmd="tag" pos="NN">album</wf>
<punc>(</punc>
<wf cmd="tag" pos="NNP">R._C._A._Victor_LOC</wf>
<wf cmd="tag" pos="CD">1066</wf>
<punc>;</punc>
<wf cmd="tag" pos="NN">stereo</wf>
<wf cmd="tag" pos="NNP">LSO</wf>
<wf cmd="tag" pos="CD">1066</wf>
<punc>)</punc>
<wf cmd="ignore" pos="IN">that</wf>
<wf cmd="done" pos="VB" lemma="have" wnsn="1" lexsn="2:40:00::">has</wf>
<wf cmd="ignore" pos="DT">some</wf>
<wf cmd="tag" pos="JJ">entertaining</wf>
<wf cmd="tag" pos="NNS">moments</wf>
<punc>,</punc>
<wf cmd="ignore" pos="IN">although</wf>
<wf cmd="ignore" pos="PRP">it</wf>
<wf cmd="done" pos="VB" lemma="be" wnsn="1" lexsn="2:42:03::">is</wf>
<wf cmd="tag" pos="RB">scarcely</wf>
<wf cmd="tag" pos="RB">as</wf>
<wf cmd="tag" pos="JJ">inventive</wf>
<wf cmd="ignore" pos="IN">as</wf>
<wf cmd="ignore" pos="DT">the</wf>
<wf cmd="tag" pos="NN">praise</wf>
<wf cmd="done" pos="VB" lemma="elicit" wnsn="1" lexsn="2:37:00::">elicited</wf>
<wf cmd="ignore" pos="IN">by</wf>
<wf cmd="ignore" pos="DT">the</wf>
<wf cmd="tag" pos="NN">show</wf>
<wf cmd="ignore" pos="MD">might</wf>
<wf cmd="done" pos="VB" lemma="lead" wnsn="5" lexsn="2:32:00::">lead</wf>
<wf cmd="tag" pos="CD">one</wf>
<wf cmd="ignore" pos="TO">to</wf>
<wf cmd="done" pos="VB" lemma="expect" wnsn="1" lexsn="2:31:00::">expect</wf>
<punc>.</punc>
</s>
<s snum="56">
<wf cmd="tag" pos="NNP">Robert_Morse</wf>
<punc>,</punc>
<wf cmd="done" pos="VB" lemma="sing" wnsn="2" lexsn="2:36:00::">singing</wf>
<wf cmd="ignore" pos="IN">with</wf>
<wf cmd="tag" pos="RB">comically</wf>
<wf cmd="tag" pos="JJ">plaintive</wf>
<wf cmd="tag" pos="NN">earnestness</wf>
<punc>,</punc>
<wf cmd="done" pos="VB" lemma="carry" wnsn="5" lexsn="2:35:09::">carries</wf>
<wf cmd="tag" pos="JJ">most_of</wf>
<wf cmd="ignore" pos="DT">the</wf>
<wf cmd="tag" pos="NN">burden</wf>
<wf cmd="ignore" pos="CC">and</wf>
<wf cmd="done" pos="VB" lemma="be" wnsn="1" lexsn="2:42:03::">is</wf>
<wf cmd="tag" pos="JJ">responsible_for</wf>
<wf cmd="ignore" pos="DT">the</wf>
<wf cmd="tag" pos="JJ">high</wf>
<wf cmd="tag" pos="NNS">spots</wf>
<wf cmd="ignore" pos="IN">in</wf>
<wf cmd="tag" pos="NNP">Frank_Loesser</wf>
<wf cmd="ignore" pos="POS">'s</wf>
<wf cmd="tag" pos="NN">score</wf>
<punc>.</punc>
</s>
</p>
<p pnum="28">
<s snum="57">
<wf cmd="tag" pos="NNP">Rudy_Vallee</wf>
<punc>,</punc>
<wf cmd="ignore" pos="WP">who</wf>
<wf cmd="done" pos="VB" lemma="share" wnsn="3" lexsn="2:40:01::">shares</wf>
<wf cmd="tag" pos="NN">star</wf>
<wf cmd="tag" pos="NN">billing</wf>
<wf cmd="ignore" pos="IN">with</wf>
<wf cmd="tag" pos="NNP">Mr._Morse</wf>
<punc>,</punc>
<wf cmd="done" pos="VB" lemma="make" wnsn="1" lexsn="2:41:00::">makes</wf>
<wf cmd="tag" pos="RB">only</wf>
<wf cmd="tag" pos="CD">two</wf>
<wf cmd="tag" pos="NNS">appearances</wf>
<punc>.</punc>
</s>
<s snum="58">
<wf cmd="ignore" pos="PRP">He</wf>
<wf cmd="done" pos="VB" lemma="share" wnsn="3" lexsn="2:40:01::">shares</wf>
<wf cmd="ignore" pos="IN">with</wf>
<wf cmd="tag" pos="NNP">Mr._Morse</wf>
<wf cmd="ignore" pos="DT">a</wf>
<wf cmd="tag" pos="NN">parody</wf>
<wf cmd="ignore" pos="IN">of</wf>
<wf cmd="ignore" pos="DT">the</wf>
<wf cmd="tag" pos="NN">college</wf>
<wf cmd="tag" pos="NNS">anthems</wf>
<wf cmd="ignore" pos="PRP">he</wf>
<wf cmd="tag" pos="RB">once</wf>
<wf cmd="done" pos="VB" lemma="sing" wnsn="1" lexsn="2:36:01::">sang</wf>
<wf cmd="ignore" pos="IN">while</wf>
<wf cmd="ignore" pos="PRP$">his</wf>
<wf cmd="tag" pos="JJ">second</wf>
<wf cmd="tag" pos="NN">song</wf>
<wf cmd="done" pos="VBZ" ot="notag">is</wf>
<wf cmd="done" pos="VB" lemma="whisk_away" wnsn="1" lexsn="2:35:00::">whisked_away</wf>
<wf cmd="ignore" pos="IN">from</wf>
<wf cmd="ignore" pos="PRP">him</wf>
<wf cmd="ignore" pos="IN">by</wf>
<wf cmd="tag" pos="NNP">Virginia_Martin</wf>
<punc>,</punc>
<wf cmd="ignore" pos="DT">a</wf>
<wf cmd="tag" pos="NN">girl</wf>
<wf cmd="ignore" pos="IN">with</wf>
<wf cmd="ignore" pos="DT">a</wf>
<wf cmd="tag" pos="RB">remarkably</wf>
<wf cmd="tag" pos="JJ">expressive</wf>
<wf cmd="tag" pos="NN">yip</wf>
<wf cmd="ignore" pos="IN">in</wf>
<wf cmd="ignore" pos="PRP$">her</wf>
<wf cmd="tag" pos="NN">voice</wf>
<punc>.</punc>
</s>
<s snum="59">
<wf cmd="tag" pos="RB">In_general</wf>
<punc>,</punc>
<wf cmd="tag" pos="NNP">Mr._Loesser</wf>
<wf cmd="done" pos="VBZ" ot="notag">has</wf>
<wf cmd="done" pos="VB" lemma="do" wnsn="2" lexsn="2:36:01::">done</wf>
<wf cmd="ignore" pos="DT">a</wf>
<wf cmd="tag" pos="RBR">more</wf>
<wf cmd="tag" pos="JJ">consistent</wf>
<wf cmd="tag" pos="NN">job</wf>
<wf cmd="ignore" pos="IN">as</wf>
<wf cmd="tag" pos="NN">lyricist</wf>
<wf cmd="ignore" pos="IN">than</wf>
<wf cmd="ignore" pos="PRP">he</wf>
<wf cmd="done" pos="VBZ" ot="notag">has</wf>
<wf cmd="ignore" pos="IN">as</wf>
<wf cmd="tag" pos="NN">composer</wf>
<punc>.</punc>
</s>
</p>
<p pnum="29">
<s snum="60">
<wf cmd="ignore" pos="IN">Like</wf>
<wf cmd="tag" pos="NNP">Mr._Loesser</wf>
<punc>,</punc>
<wf cmd="tag" pos="NNP">Jerry_Herman</wf>
<wf cmd="done" pos="VB" lemma="be" wnsn="8" lexsn="2:41:00::">is</wf>
<wf cmd="ignore" pos="DT">both</wf>
<wf cmd="tag" pos="NN">composer</wf>
<wf cmd="ignore" pos="CC">and</wf>
<wf cmd="tag" pos="NN">lyriist</wf>
<wf cmd="ignore" pos="IN">for</wf>
<wf cmd="tag" pos="NN">Milk</wf>
<wf cmd="ignore" pos="CC">and</wf>
<wf cmd="tag" pos="NNP">Honey</wf>
<punc>(</punc>
<wf cmd="tag" pos="NNP">R._C._A._Victor_LOC</wf>
<wf cmd="tag" pos="CD">1065</wf>
<punc>;</punc>
<wf cmd="tag" pos="NN">stereo</wf>
<wf cmd="tag" pos="NNP">LSO</wf>
<wf cmd="tag" pos="CD">1065</wf>
<punc>)</punc>
<punc>,</punc>
<wf cmd="ignore" pos="CC">but</wf>
<wf cmd="tag" pos="RB">in_this</wf>
<wf cmd="tag" pos="NN">case</wf>
<wf cmd="ignore" pos="PRP">it</wf>
<wf cmd="done" pos="VB" lemma="be" wnsn="1" lexsn="2:42:03::">is</wf>
<wf cmd="ignore" pos="DT">the</wf>
<wf cmd="tag" pos="NN">music</wf>
<wf cmd="ignore" pos="WDT">that</wf>
<wf cmd="done" pos="VB" lemma="stand" wnsn="2" lexsn="2:42:04::">stands</wf>
<wf cmd="ignore" pos="IN">above</wf>
<wf cmd="ignore" pos="DT">the</wf>
<wf cmd="tag" pos="NNS">lyrics</wf>
<punc>.</punc>
</s>
<s snum="61">
<wf cmd="ignore" pos="IN">For</wf>
<wf cmd="ignore" pos="DT">this</wf>
<wf cmd="tag" pos="NN">story</wf>
<wf cmd="ignore" pos="IN">of</wf>
<wf cmd="ignore" pos="DT">an</wf>
<wf cmd="tag" pos="NNP">American</wf>
<wf cmd="tag" pos="NN">couple</wf>
<wf cmd="ignore" pos="WP">who</wf>
<wf cmd="done" pos="VB" lemma="meet" wnsn="1" lexsn="2:38:01::">meet</wf>
<wf cmd="ignore" pos="CC">and</wf>
<wf cmd="done" pos="VB" lemma="fall_in_love" wnsn="1" lexsn="2:30:00::">fall_in_love</wf>
<wf cmd="ignore" pos="IN">in</wf>
<wf cmd="tag" pos="NNP">Israel</wf>
<punc>,</punc>
<wf cmd="tag" pos="NNP">Mr._Herman</wf>
<wf cmd="done" pos="VBZ" ot="notag">has</wf>
<wf cmd="done" pos="VB" lemma="write" wnsn="1" lexsn="2:36:00::">written</wf>
<wf cmd="tag" pos="NNS">songs</wf>
<wf cmd="ignore" pos="WDT">that</wf>
<wf cmd="done" pos="VB" lemma="be" wnsn="1" lexsn="2:42:03::">are</wf>
<wf cmd="tag" pos="RB">warmly</wf>
<wf cmd="tag" pos="JJ">melodious</wf>
<wf cmd="ignore" pos="CC">and</wf>
<wf cmd="tag" pos="NN">dance_music</wf>
<wf cmd="ignore" pos="WDT">that</wf>
<wf cmd="done" pos="VB" lemma="sparkle" wnsn="2" lexsn="2:30:01::">sparkles</wf>
<punc>.</punc>
</s>
</p>
<p pnum="30">
<s snum="62">
<wf cmd="ignore" pos="EX">There</wf>
<wf cmd="done" pos="VB" lemma="be" wnsn="5" lexsn="2:42:04::">are</wf>
<wf cmd="ignore" pos="DT">the</wf>
<wf cmd="tag" pos="JJ">full-bodied</wf>
<punc>,</punc>
<wf cmd="tag" pos="JJ">resourceful</wf>
<wf cmd="tag" pos="NNS">voices</wf>
<wf cmd="ignore" pos="IN">of</wf>
<wf cmd="tag" pos="NNP">Robert_Weede</wf>
<punc>,</punc>
<wf cmd="tag" pos="NNP">Mimi_Benzell</wf>
<wf cmd="ignore" pos="CC">and</wf>
<wf cmd="tag" pos="NNP">Tommy_Rall</wf>
<wf cmd="ignore" pos="TO">to</wf>
<wf cmd="done" pos="VB" lemma="make" wnsn="2" lexsn="2:30:00::">make</wf>
<wf cmd="done" pos="VB" ot="notag">the</wf>
<wf cmd="tag" pos="NN">most</wf>
<wf cmd="done" pos="VB" ot="notag">of</wf>
<wf cmd="tag" pos="NNP">Mr._Herman</wf>
<wf cmd="ignore" pos="POS">'s</wf>
<wf cmd="tag" pos="JJ">lilting</wf>
<wf cmd="tag" pos="NNS">melodies</wf>
<wf cmd="ignore" pos="CC">and</wf>
<punc>,</punc>
<wf cmd="ignore" pos="IN">for</wf>
<wf cmd="ignore" pos="DT">an</wf>
<wf cmd="tag" pos="JJ">occasional</wf>
<wf cmd="tag" pos="NN">change</wf>
<wf cmd="ignore" pos="IN">of</wf>
<wf cmd="tag" pos="NN">pace</wf>
<punc>,</punc>
<wf cmd="ignore" pos="DT">the</wf>
<wf cmd="tag" pos="JJ">bright</wf>
<wf cmd="tag" pos="NN">humor</wf>
<wf cmd="ignore" pos="IN">of</wf>
<wf cmd="tag" pos="NNP">Molly_Picon</wf>
<punc>.</punc>
</s>
<s snum="63">
<wf cmd="tag" pos="NNP">Mr._Herman</wf>
<wf cmd="done" pos="VBZ" ot="notag">has</wf>
<wf cmd="done" pos="VB" lemma="manage" wnsn="1" lexsn="2:41:09::">managed</wf>
<wf cmd="ignore" pos="TO">to</wf>
<wf cmd="done" pos="VB" lemma="mix" wnsn="1" lexsn="2:30:00::">mix</wf>
<wf cmd="tag" pos="JJ">musical</wf>
<wf cmd="tag" pos="NNS">ideas</wf>
<wf cmd="done" pos="VB" lemma="draw" wnsn="9" lexsn="2:31:13::">drawn</wf>
<wf cmd="done" pos="VB" ot="notag">from</wf>
<wf cmd="tag" pos="NNP">Israel</wf>
<wf cmd="ignore" pos="CC">and</wf>
<wf cmd="ignore" pos="DT">the</wf>
<wf cmd="tag" pos="JJ">standard</wf>
<wf cmd="tag" pos="NNP">American</wf>
<wf cmd="tag" pos="NN">ballad</wf>
<wf cmd="tag" pos="NN">style</wf>
<wf cmd="ignore" pos="IN">in</wf>
<wf cmd="ignore" pos="DT">a</wf>
<wf cmd="tag" pos="NN">manner</wf>
<wf cmd="ignore" pos="IN">that</wf>
<wf cmd="done" pos="VB" lemma="stress" wnsn="1" lexsn="2:32:00::">stresses</wf>
<wf cmd="ignore" pos="DT">the</wf>
<wf cmd="tag" pos="JJ">basic</wf>
<wf cmd="tag" pos="NN">tunefulness</wf>
<wf cmd="ignore" pos="IN">of</wf>
<wf cmd="ignore" pos="DT">both</wf>
<wf cmd="tag" pos="NNS">idioms</wf>
<punc>.</punc>
</s>
</p>
<p pnum="31">
<s snum="64">
<wf cmd="tag" pos="RB">Not</wf>
<wf cmd="tag" pos="NN">content</wf>
<wf cmd="ignore" pos="TO">to</wf>
<wf cmd="done" pos="VB" lemma="create" wnsn="3" lexsn="2:36:01::">create</wf>
<wf cmd="tag" pos="RB">only</wf>
<wf cmd="ignore" pos="DT">the</wf>
<wf cmd="tag" pos="NN">music</wf>
<wf cmd="ignore" pos="CC">and</wf>
<wf cmd="tag" pos="NNS">lyrics</wf>
<punc>,</punc>
<wf cmd="tag" pos="NNP">Noe</wf>
<wf cmd="tag" pos="NN">^</wf>
<wf cmd="tag" pos="NN">l</wf>
<wf cmd="tag" pos="NNP">Coward</wf>
<wf cmd="tag" pos="RB">also</wf>
<wf cmd="done" pos="VB" lemma="write" wnsn="1" lexsn="2:36:00::">wrote</wf>
<wf cmd="ignore" pos="DT">the</wf>
<wf cmd="tag" pos="NN">book</wf>
<wf cmd="ignore" pos="CC">and</wf>
<wf cmd="done" pos="VB" lemma="direct" wnsn="3" lexsn="2:36:00::">directed</wf>
<wf cmd="tag" pos="NNP">Sail</wf>
<wf cmd="tag" pos="RB">Away</wf>
<punc>(</punc>
<wf cmd="tag" pos="NNP">Capitol_WAO</wf>
<wf cmd="tag" pos="CD">1643</wf>
<punc>;</punc>
<wf cmd="tag" pos="NN">stereo</wf>
<wf cmd="tag" pos="NNP">SWAO</wf>
<wf cmd="tag" pos="CD">1643</wf>
<punc>)</punc>
<punc>,</punc>
<wf cmd="ignore" pos="DT">a</wf>
<wf cmd="tag" pos="NN">saga</wf>
<wf cmd="ignore" pos="IN">of</wf>
<wf cmd="tag" pos="NN">life</wf>
<wf cmd="ignore" pos="IN">on</wf>
<wf cmd="ignore" pos="DT">a</wf>
<wf cmd="tag" pos="NN">cruise_ship</wf>
<wf cmd="tag" pos="RB">that</wf>
<wf cmd="done" pos="VB" lemma="be" wnsn="1" lexsn="2:42:03::">is</wf>
<wf cmd="tag" pos="RB">not</wf>
<wf cmd="tag" pos="JJ">apt</wf>
<wf cmd="ignore" pos="TO">to</wf>
<wf cmd="done" pos="VB" ot="notag">be</wf>
<wf cmd="done" pos="VB" lemma="include" wnsn="2" lexsn="2:31:00::">included</wf>
<wf cmd="ignore" pos="IN">among</wf>
<wf cmd="tag" pos="NNP">Mr._Coward</wf>
<wf cmd="ignore" pos="POS">'s</wf>
<wf cmd="tag" pos="RBR">more</wf>
<wf cmd="tag" pos="JJ">memorable</wf>
<wf cmd="tag" pos="NNS">works</wf>
<punc>.</punc>
</s>
<s snum="65">
<wf cmd="ignore" pos="DT">The</wf>
<wf cmd="tag" pos="NNS">melodies</wf>
<wf cmd="done" pos="VB" lemma="flow" wnsn="1" lexsn="2:38:01::">flow</wf>
<wf cmd="ignore" pos="IN">along</wf>
<wf cmd="tag" pos="RB">pleasantly</wf>
<punc>,</punc>
<wf cmd="ignore" pos="IN">as</wf>
<wf cmd="tag" pos="NNP">Mr._Coward</wf>
<wf cmd="ignore" pos="POS">'s</wf>
<wf cmd="tag" pos="NNS">songs</wf>
<wf cmd="tag" pos="RB">usually</wf>
<wf cmd="done" pos="VBP" ot="notag">do</wf>
<punc>,</punc>
<wf cmd="ignore" pos="CC">but</wf>
<wf cmd="ignore" pos="PRP$">his</wf>
<wf cmd="tag" pos="NNS">lyrics</wf>
<wf cmd="done" pos="VB" lemma="have" wnsn="2" lexsn="2:42:00::">have</wf>
<wf cmd="ignore" pos="DT">a</wf>
<wf cmd="tag" pos="JJ">tired</wf>
<punc>,</punc>
<wf cmd="tag" pos="JJ">cut-to-a-familiar-pattern</wf>
<wf cmd="tag" pos="NN">quality</wf>
<punc>.</punc>
</s>
<s snum="66">
<wf cmd="tag" pos="NNP">Elaine_Stritch</wf>
<punc>,</punc>
<wf cmd="ignore" pos="WP">who</wf>
<wf cmd="done" pos="VB" lemma="sing" wnsn="2" lexsn="2:36:00::">sings</wf>
<wf cmd="ignore" pos="IN">with</wf>
<wf cmd="ignore" pos="DT">a</wf>
<wf cmd="tag" pos="RB">persuasively</wf>
<wf cmd="tag" pos="JJ">warm</wf>
<wf cmd="tag" pos="NN">huskiness</wf>
<punc>,</punc>
<wf cmd="done" pos="VB" lemma="belt" wnsn="1" lexsn="2:36:00::">belts</wf>
<wf cmd="ignore" pos="DT">some</wf>
<wf cmd="tag" pos="NN">life</wf>
<wf cmd="ignore" pos="IN">into</wf>
<wf cmd="tag" pos="JJ">most_of</wf>
<wf cmd="ignore" pos="PRP$">her</wf>
<wf cmd="tag" pos="NNS">songs</wf>
<punc>,</punc>
<wf cmd="ignore" pos="CC">but</wf>
<wf cmd="ignore" pos="DT">the</wf>
<wf cmd="tag" pos="JJ">other</wf>
<wf cmd="tag" pos="NNS">members</wf>
<wf cmd="ignore" pos="IN">of</wf>
<wf cmd="ignore" pos="DT">the</wf>
<wf cmd="tag" pos="NN">cast</wf>
<wf cmd="done" pos="VB" lemma="sound" wnsn="3" lexsn="2:39:03::">sound</wf>
<wf cmd="tag" pos="RB">as</wf>
<wf cmd="tag" pos="JJ">lukewarm</wf>
<wf cmd="ignore" pos="IN">as</wf>
<wf cmd="tag" pos="NNP">Mr._Coward</wf>
<wf cmd="ignore" pos="POS">'s</wf>
<wf cmd="tag" pos="NNS">songs</wf>
<punc>.</punc>
</s>
</p>
<p pnum="32">
<s snum="67">
<wf cmd="ignore" pos="IN">With</wf>
<wf cmd="tag" pos="CD">three</wf>
<wf cmd="tag" pos="JJ">fine</wf>
<wf cmd="tag" pos="NNP">Russian</wf>
<wf cmd="tag" pos="NNS">films</wf>
<wf cmd="ignore" pos="IN">in</wf>
<wf cmd="tag" pos="JJ">recent</wf>
<wf cmd="tag" pos="NNS">months</wf>
<wf cmd="ignore" pos="IN">on</wf>
<wf cmd="tag" pos="NN">World_War</wf>
<wf cmd="tag" pos="CD">2</wf>
<punc>,</punc>
<punc>-</punc>
<punc>``</punc>
<wf cmd="ignore" pos="NNP">The_House_I_Live_In</wf>
<punc>''</punc>
<punc>,</punc>
<punc>``</punc>
<wf cmd="tag" pos="NNP">The_Cranes_Are_Flying</wf>
<punc>''</punc>
<wf cmd="ignore" pos="CC">and</wf>
<punc>``</punc>
<wf cmd="tag" pos="NNP">Ballad</wf>
<wf cmd="ignore" pos="IN">of</wf>
<wf cmd="ignore" pos="DT">a</wf>
<wf cmd="tag" pos="NNP">Soldier</wf>
<punc>''</punc>
<punc>-</punc>
<wf cmd="ignore" pos="PRP">we</wf>
<wf cmd="done" pos="VB" lemma="have" wnsn="1" lexsn="2:40:00::">had</wf>
<wf cmd="ignore" pos="DT">every</wf>
<wf cmd="tag" pos="NN">right</wf>
<wf cmd="ignore" pos="TO">to</wf>
<wf cmd="done" pos="VB" lemma="expect" wnsn="1" lexsn="2:31:00::">expect</wf>
<wf cmd="ignore" pos="DT">a</wf>
<wf cmd="tag" pos="JJ">real</wf>
<wf cmd="tag" pos="JJ">Soviet</wf>
<wf cmd="tag" pos="NN">block-buster</wf>
<wf cmd="ignore" pos="IN">in</wf>
<punc>``</punc>
<wf cmd="ignore" pos="DT">The</wf>
<wf cmd="tag" pos="NNP">Day</wf>
<wf cmd="ignore" pos="DT">the</wf>
<wf cmd="tag" pos="NNP">War_Ended</wf>
<punc>''</punc>
<punc>.</punc>
</s>
<s snum="68">
<wf cmd="ignore" pos="PRP">It</wf>
<wf cmd="tag" pos="RB">simply</wf>
<wf cmd="done" pos="VBZ" ot="notag">is</wf>
<wf cmd="tag" pos="RB">n't</wf>
<punc>,</punc>
<wf cmd="tag" pos="RB">not_by_a_long_shot</wf>
<punc>.</punc>
</s>
<s snum="69">
<wf cmd="ignore" pos="DT">The</wf>
<wf cmd="tag" pos="NNP">Artkino</wf>
<wf cmd="tag" pos="NN">presentation</wf>
<punc>,</punc>
<wf cmd="ignore" pos="IN">with</wf>
<wf cmd="tag" pos="NNP">English</wf>
<wf cmd="tag" pos="NNS">titles</wf>
<punc>,</punc>
<wf cmd="done" pos="VB" lemma="open" wnsn="2" lexsn="2:41:00::">opened</wf>
<wf cmd="ignore" pos="IN">on</wf>
<wf cmd="tag" pos="NNP">Saturday</wf>
<wf cmd="ignore" pos="IN">at</wf>
<wf cmd="ignore" pos="DT">the</wf>
<wf cmd="tag" pos="NNP">Cameo_Theatre</wf>
<punc>.</punc>
</s>
</p>
<p pnum="33">
<s snum="70">
<wf cmd="done" pos="VB" lemma="make" wnsn="24" lexsn="2:41:13::">Make</wf>
<wf cmd="ignore" pos="DT">no</wf>
<wf cmd="tag" pos="NN">mistake</wf>
<punc>,</punc>
<wf cmd="ignore" pos="DT">this</wf>
<wf cmd="tag" pos="NNP">Gorky_Studio</wf>
<wf cmd="tag" pos="NN">drama</wf>
<wf cmd="done" pos="VB" lemma="be" wnsn="1" lexsn="2:42:03::">is</wf>
<wf cmd="ignore" pos="DT">a</wf>
<wf cmd="tag" pos="JJ">respectable</wf>
<wf cmd="tag" pos="NN">import</wf>
<punc>-</punc>
<wf cmd="tag" pos="RB">aptly</wf>
<wf cmd="tag" pos="JJ">grave</wf>
<punc>,</punc>
<wf cmd="tag" pos="RB">carefully</wf>
<wf cmd="done" pos="VB" lemma="write" wnsn="1" lexsn="2:36:00::">written</wf>
<punc>,</punc>
<wf cmd="done" pos="VB" lemma="perform" wnsn="3" lexsn="2:36:01::">performed</wf>
<wf cmd="ignore" pos="CC">and</wf>
<wf cmd="done" pos="VB" lemma="direct" wnsn="3" lexsn="2:36:00::">directed</wf>
<punc>.</punc>
</s>
<s snum="71">
<wf cmd="ignore" pos="IN">In</wf>
<wf cmd="done" pos="VB" lemma="describe" wnsn="1" lexsn="2:32:00::">describing</wf>
<wf cmd="ignore" pos="DT">the</wf>
<wf cmd="tag" pos="JJ">initial</wf>
<wf cmd="tag" pos="NNP">Allied</wf>
<wf cmd="tag" pos="NN">occupation</wf>
<wf cmd="ignore" pos="IN">of</wf>
<wf cmd="ignore" pos="DT">a</wf>
<wf cmd="tag" pos="JJ">middle-sized</wf>
<wf cmd="tag" pos="JJ">German</wf>
<wf cmd="tag" pos="NN">city</wf>
<punc>,</punc>
<wf cmd="ignore" pos="DT">the</wf>
<wf cmd="tag" pos="NN">picture</wf>
<wf cmd="done" pos="VB" lemma="have" wnsn="1" lexsn="2:40:00::">has</wf>
<wf cmd="tag" pos="NN">color</wf>
<punc>,</punc>
<wf cmd="tag" pos="JJ">pictorial</wf>
<wf cmd="tag" pos="NN">pull</wf>
<wf cmd="ignore" pos="CC">and</wf>
<wf cmd="tag" pos="RB">genuinely</wf>
<wf cmd="tag" pos="JJ">moving</wf>
<wf cmd="tag" pos="NNS">moments</wf>
<punc>.</punc>
</s>
<s snum="72">
<wf cmd="done" pos="VB" lemma="tell" wnsn="3" lexsn="2:32:01::">Told</wf>
<wf cmd="tag" pos="RB">strictly</wf>
<wf cmd="ignore" pos="IN">from</wf>
<wf cmd="ignore" pos="DT">the</wf>
<wf cmd="tag" pos="NN">viewpoint</wf>
<wf cmd="ignore" pos="IN">of</wf>
<wf cmd="ignore" pos="DT">the</wf>
<wf cmd="tag" pos="NNP">Russian</wf>
<wf cmd="tag" pos="NNS">conquerors</wf>
<punc>,</punc>
<wf cmd="ignore" pos="DT">the</wf>
<wf cmd="tag" pos="NN">film</wf>
<wf cmd="tag" pos="RB">compassionately</wf>
<wf cmd="done" pos="VB" lemma="peer" wnsn="1" lexsn="2:39:00::">peers</wf>
<wf cmd="ignore" pos="IN">over</wf>
<wf cmd="ignore" pos="DT">the</wf>
<wf cmd="tag" pos="NNS">shoulders</wf>
<wf cmd="ignore" pos="IN">of</wf>
<wf cmd="ignore" pos="DT">a</wf>
<wf cmd="tag" pos="JJ">smitten</wf>
<wf cmd="tag" pos="JJ">Soviet</wf>
<wf cmd="tag" pos="NN">couple</wf>
<punc>,</punc>
<wf cmd="ignore" pos="IN">at</wf>
<wf cmd="ignore" pos="DT">both</wf>
<wf cmd="tag" pos="NNS">sides</wf>
<wf cmd="ignore" pos="IN">of</wf>
<wf cmd="ignore" pos="DT">the</wf>
<wf cmd="tag" pos="NN">conflict</wf>
<wf cmd="ignore" pos="POS">'s</wf>
<wf cmd="tag" pos="NN">aftermath</wf>
<punc>.</punc>
</s>
</p>
<p pnum="34">
<s snum="73">
<wf cmd="tag" pos="RB">Unfortunately</wf>
<punc>,</punc>
<wf cmd="ignore" pos="DT">the</wf>
<wf cmd="tag" pos="JJ">whole</wf>
<wf cmd="tag" pos="NN">picture</wf>
<wf cmd="done" pos="VB" lemma="hinge_on" wnsn="1" lexsn="2:42:00::">hinges_on</wf>
<wf cmd="ignore" pos="DT">this</wf>
<wf cmd="tag" pos="NN">romance</wf>
<punc>,</punc>
<wf cmd="ignore" pos="IN">at</wf>
<wf cmd="ignore" pos="DT">the</wf>
<wf cmd="tag" pos="NN">expense</wf>
<wf cmd="ignore" pos="IN">of</wf>
<wf cmd="tag" pos="NN">everything</wf>
<wf cmd="tag" pos="RB">else</wf>
<punc>.</punc>
</s>
<s snum="74">
<wf cmd="tag" pos="RB">Tenderly</wf>
<wf cmd="ignore" pos="CC">and</wf>
<wf cmd="tag" pos="RB">rather</wf>
<wf cmd="tag" pos="RB">tediously</wf>
<punc>,</punc>
<wf cmd="ignore" pos="DT">the</wf>
<wf cmd="tag" pos="NN">camera</wf>
<wf cmd="done" pos="VB" lemma="rivet" wnsn="1" lexsn="2:31:00::">rivets</wf>
<wf cmd="ignore" pos="IN">on</wf>
<wf cmd="ignore" pos="DT">the</wf>
<wf cmd="tag" pos="JJ">abrupt</wf>
<punc>,</punc>
<wf cmd="tag" pos="JJ">deep</wf>
<wf cmd="tag" pos="NN">love</wf>
<wf cmd="ignore" pos="IN">of</wf>
<wf cmd="ignore" pos="DT">a</wf>
<wf cmd="tag" pos="JJ">pretty</wf>
<wf cmd="tag" pos="NN">nurse</wf>
<wf cmd="ignore" pos="CC">and</wf>
<wf cmd="ignore" pos="DT">a</wf>
<wf cmd="tag" pos="JJ">uniformed</wf>
<wf cmd="tag" pos="NN">teacher</wf>
<punc>,</punc>
<wf cmd="done" pos="VB" lemma="complicate" wnsn="2" lexsn="2:30:01::">complicated</wf>
<wf cmd="ignore" pos="IN">by</wf>
<wf cmd="tag" pos="NN">nothing</wf>
<wf cmd="tag" pos="RB">more_than</wf>
<wf cmd="ignore" pos="DT">a</wf>
<wf cmd="tag" pos="NN">friend</wf>
<wf cmd="ignore" pos="PRP">they</wf>
<wf cmd="done" pos="VBP" ot="notag">do</wf>
<wf cmd="tag" pos="RB">n't</wf>
<wf cmd="done" pos="VB" lemma="want" wnsn="1" lexsn="2:37:00::">want</wf>
<wf cmd="done" pos="VB" ot="notag">to</wf>
<wf cmd="done" pos="VB" lemma="hurt" wnsn="5" lexsn="2:37:00::">hurt</wf>
<punc>.</punc>
</s>
<s snum="75">
<wf cmd="ignore" pos="PRP">It</wf>
<wf cmd="done" rdf="is" pos="VB" lemma="be" wnsn="2" lexsn="2:42:06::">'s</wf>
<wf cmd="ignore" pos="DT">the</wf>
<wf cmd="tag" pos="JJ">old</wf>
<wf cmd="tag" pos="NN">story</wf>
<punc>,</punc>
<wf cmd="tag" pos="NN">war</wf>
<wf cmd="ignore" pos="CC">or</wf>
<wf cmd="ignore" pos="DT">no</wf>
<wf cmd="tag" pos="NN">war</wf>
<punc>,</punc>
<wf cmd="ignore" pos="CC">and</wf>
<wf cmd="tag" pos="RB">more_than</wf>
<wf cmd="tag" pos="CD">one</wf>
<wf cmd="tag" pos="NN">viewer</wf>
<wf cmd="ignore" pos="MD">may</wf>
<wf cmd="done" pos="VB" lemma="recall" wnsn="1" lexsn="2:31:00::">recall</wf>
<wf cmd="tag" pos="NNP">Hollywood</wf>
<wf cmd="ignore" pos="POS">'s</wf>
<punc>``</punc>
<wf cmd="tag" pos="NNP">Titanic</wf>
<punc>''</punc>
<punc>,</punc>
<wf cmd="tag" pos="JJ">several</wf>
<wf cmd="tag" pos="NNS">seasons</wf>
<wf cmd="tag" pos="RB">back</wf>
<punc>,</punc>
<wf cmd="ignore" pos="WRB">when</wf>
<wf cmd="ignore" pos="DT">the</wf>
<wf cmd="tag" pos="JJ">paramount</wf>
<wf cmd="tag" pos="NN">concern</wf>
<wf cmd="done" pos="VB" lemma="be" wnsn="1" lexsn="2:42:03::">was</wf>
<wf cmd="ignore" pos="IN">for</wf>
<wf cmd="ignore" pos="DT">the</wf>
<wf cmd="tag" pos="JJ">marital</wf>
<wf cmd="tag" pos="NN">discord</wf>
<wf cmd="ignore" pos="IN">of</wf>
<wf cmd="ignore" pos="DT">a</wf>
<wf cmd="tag" pos="NN">society</wf>
<wf cmd="tag" pos="NN">dilettante</wf>
<punc>.</punc>
</s>
</p>
<p pnum="35">
<s snum="76">
<wf cmd="tag" pos="RB">Not</wf>
<wf cmd="ignore" pos="IN">that</wf>
<wf cmd="ignore" pos="DT">the</wf>
<wf cmd="tag" pos="NN">picture</wf>
<wf cmd="done" pos="VB" lemma="be" wnsn="1" lexsn="2:42:03::">is</wf>
<wf cmd="tag" pos="JJ">superficial</wf>
<punc>.</punc>
</s>
<s snum="77">
<wf cmd="ignore" pos="IN">Under</wf>
<wf cmd="tag" pos="NNP">Yakov_Segal</wf>
<wf cmd="ignore" pos="POS">'s</wf>
<wf cmd="tag" pos="NN">direction</wf>
<punc>,</punc>
<wf cmd="ignore" pos="PRP">it</wf>
<wf cmd="done" pos="VB" lemma="begin" wnsn="1" lexsn="2:30:00::">begins</wf>
<wf cmd="tag" pos="RB">stirringly</wf>
<punc>,</punc>
<wf cmd="ignore" pos="IN">as</wf>
<wf cmd="done" pos="VB" lemma="crouch" wnsn="2" lexsn="2:35:00::">crouching</wf>
<wf cmd="tag" pos="JJ">Soviet</wf>
<wf cmd="ignore" pos="CC">and</wf>
<wf cmd="tag" pos="NNP">Nazi</wf>
<wf cmd="tag" pos="NNS">troops</wf>
<wf cmd="tag" pos="RB">silently</wf>
<wf cmd="done" pos="VB" lemma="scan" wnsn="1" lexsn="2:39:01::">scan</wf>
<wf cmd="ignore" pos="DT">each</wf>
<wf cmd="tag" pos="JJ">other</wf>
<punc>,</punc>
<wf cmd="done" pos="VB" lemma="wait" wnsn="3;1" lexsn="2:31:00::;2:42:00::">waiting</wf>
<wf cmd="done" pos="VB" ot="notag">for</wf>
<wf cmd="ignore" pos="DT">the</wf>
<wf cmd="tag" pos="JJ">first</wf>
<wf cmd="tag" pos="NN">surrender</wf>
<wf cmd="tag" pos="NN">gesture</wf>
<punc>.</punc>
</s>
<s snum="78">
<wf cmd="tag" pos="CD">One</wf>
<wf cmd="tag" pos="JJ">high-up</wf>
<wf cmd="tag" pos="NN">camera</wf>
<wf cmd="tag" pos="NN">shot</wf>
<wf cmd="done" pos="VB" lemma="be" wnsn="1" lexsn="2:42:03::">is</wf>
<wf cmd="tag" pos="JJ">magnificent</wf>
<punc>,</punc>
<wf cmd="ignore" pos="IN">as</wf>
<wf cmd="ignore" pos="DT">the</wf>
<wf cmd="tag" pos="NNPS">Germans</wf>
<wf cmd="done" pos="VB" lemma="straggle" wnsn="2" lexsn="2:38:01::">straggle</wf>
<wf cmd="ignore" pos="IN">from</wf>
<wf cmd="ignore" pos="DT">a</wf>
<wf cmd="tag" pos="NN">cathedral</wf>
<punc>,</punc>
<wf cmd="done" pos="VB" lemma="dot" wnsn="1" lexsn="2:42:00::">dotting</wf>
<wf cmd="ignore" pos="DT">a</wf>
<wf cmd="tag" pos="JJ">huge</wf>
<punc>,</punc>
<wf cmd="tag" pos="NN">cobblestone</wf>
<wf cmd="tag" pos="NN">square</wf>
<punc>,</punc>
<wf cmd="ignore" pos="CC">and</wf>
<wf cmd="done" pos="VB" lemma="drop" wnsn="1" lexsn="2:38:01::">drop</wf>
<wf cmd="ignore" pos="PRP$">their</wf>
<wf cmd="tag" pos="NNS">weapons</wf>
<punc>.</punc>
</s>
</p>
</context>
</contextfile>
