<contextfile concordance="brown">
<context filename="br-c15" paras="yes">
<p pnum="1">
<s snum="1">
<wf cmd="ignore" pos="IN">As</wf>
<wf cmd="tag" pos="NN">autumn</wf>
<wf cmd="done" pos="VB" lemma="start" wnsn="2" lexsn="2:30:01::">starts</wf>
<wf cmd="ignore" pos="PRP$">its</wf>
<wf cmd="tag" pos="JJ">annual</wf>
<wf cmd="tag" pos="NN">sweep</wf>
<punc>,</punc>
<wf cmd="tag" pos="JJ">few</wf>
<wf cmd="tag" pos="NNPS">Americans</wf>
<wf cmd="ignore" pos="CC">and</wf>
<wf cmd="tag" pos="NNPS">Canadians</wf>
<wf cmd="done" pos="VB" lemma="realize" wnsn="1" lexsn="2:31:01::">realize</wf>
<wf cmd="ignore" pos="WRB">how</wf>
<wf cmd="tag" pos="JJ">fortunate</wf>
<wf cmd="ignore" pos="PRP">they</wf>
<wf cmd="done" pos="VB" lemma="be" wnsn="1" lexsn="2:42:03::">are</wf>
<wf cmd="ignore" pos="IN">in</wf>
<wf cmd="done" pos="VB" lemma="have" wnsn="1" lexsn="2:40:00::">having</wf>
<wf cmd="ignore" pos="DT">the</wf>
<wf cmd="tag" pos="NN">world</wf>
<wf cmd="ignore" pos="POS">'s</wf>
<wf cmd="tag" pos="JJS">finest</wf>
<wf cmd="tag" pos="NN">fall</wf>
<wf cmd="tag" pos="NN">coloring</wf>
<punc>.</punc>
</s>
<s snum="2">
<wf cmd="tag" pos="JJ">Spectacular</wf>
<wf cmd="tag" pos="NNS">displays</wf>
<wf cmd="tag" pos="RB">of_this</wf>
<wf cmd="tag" pos="NN">sort</wf>
<wf cmd="done" pos="VB" lemma="be" wnsn="1" lexsn="2:42:03::">are</wf>
<wf cmd="tag" pos="RB">relatively</wf>
<wf cmd="tag" pos="JJ">rare</wf>
<wf cmd="ignore" pos="IN">in</wf>
<wf cmd="ignore" pos="DT">the</wf>
<wf cmd="tag" pos="JJ">entire</wf>
<wf cmd="tag" pos="NN">land</wf>
<wf cmd="tag" pos="NN">surface</wf>
<wf cmd="ignore" pos="IN">of</wf>
<wf cmd="ignore" pos="DT">the</wf>
<wf cmd="tag" pos="NN">earth</wf>
<punc>.</punc>
</s>
<s snum="3">
<wf cmd="ignore" pos="DT">The</wf>
<wf cmd="tag" pos="RB">only</wf>
<wf cmd="tag" pos="JJ">other</wf>
<wf cmd="tag" pos="NNS">regions</wf>
<wf cmd="tag" pos="RB">so</wf>
<wf cmd="tag" pos="JJ">blessed</wf>
<wf cmd="done" pos="VB" lemma="be" wnsn="1" lexsn="2:42:03::">are</wf>
<wf cmd="tag" pos="NN">the_British</wf>
<wf cmd="tag" pos="NNP">Isles</wf>
<punc>,</punc>
<wf cmd="tag" pos="JJ">western</wf>
<wf cmd="tag" pos="NNP">Europe</wf>
<punc>,</punc>
<wf cmd="tag" pos="JJ">eastern</wf>
<wf cmd="tag" pos="NNP">China</wf>
<punc>,</punc>
<wf cmd="tag" pos="JJ">southern</wf>
<wf cmd="tag" pos="NNP">Chile</wf>
<wf cmd="ignore" pos="CC">and</wf>
<wf cmd="tag" pos="NNS">parts</wf>
<wf cmd="ignore" pos="IN">of</wf>
<wf cmd="tag" pos="NNP">Japan</wf>
<punc>,</punc>
<wf cmd="tag" pos="NN">New_Zealand</wf>
<wf cmd="ignore" pos="CC">and</wf>
<wf cmd="tag" pos="NNP">Tasmania</wf>
<punc>.</punc>
</s>
<s snum="4">
<wf cmd="ignore" pos="PRP$">Their</wf>
<wf cmd="tag" pos="NN">autumn</wf>
<wf cmd="tag" pos="NNS">tints</wf>
<wf cmd="done" pos="VB" lemma="be" wnsn="1" lexsn="2:42:03::">are</wf>
<wf cmd="ignore" pos="DT">all</wf>
<wf cmd="tag" pos="RB">fairly</wf>
<wf cmd="tag" pos="JJ">low</wf>
<wf cmd="tag" pos="JJ">keyed</wf>
<wf cmd="done" pos="VB" lemma="compare" wnsn="1" lexsn="2:31:00::">compared</wf>
<wf cmd="ignore" pos="IN">with</wf>
<wf cmd="ignore" pos="DT">the</wf>
<wf cmd="tag" pos="JJ">fiery</wf>
<wf cmd="tag" pos="NNS">stabs</wf>
<wf cmd="ignore" pos="IN">of</wf>
<wf cmd="tag" pos="JJ">crimson</wf>
<punc>,</punc>
<wf cmd="tag" pos="NN">gold</wf>
<punc>,</punc>
<wf cmd="tag" pos="JJ">purple</wf>
<punc>,</punc>
<wf cmd="tag" pos="NN">bronze</wf>
<punc>,</punc>
<wf cmd="tag" pos="JJ">blue</wf>
<wf cmd="ignore" pos="CC">and</wf>
<wf cmd="tag" pos="JJ">vermilion</wf>
<wf cmd="ignore" pos="IN">that</wf>
<wf cmd="done" pos="VB" lemma="flame_up" wnsn="1" lexsn="2:43:00::">flame_up</wf>
<wf cmd="ignore" pos="IN">in</wf>
<wf cmd="tag" pos="NN">North_America</wf>
<punc>.</punc>
</s>
<s snum="5">
<wf cmd="tag" pos="NN">Jack_Frost</wf>
<wf cmd="done" pos="VB" lemma="be" wnsn="1" lexsn="2:42:03::">is</wf>
<wf cmd="tag" pos="RB">not</wf>
<wf cmd="tag" pos="RB">really</wf>
<wf cmd="tag" pos="JJ">responsible_for</wf>
<wf cmd="ignore" pos="DT">this</wf>
<wf cmd="tag" pos="JJ">great</wf>
<wf cmd="tag" pos="JJ">seasonal</wf>
<wf cmd="tag" pos="NN">spectacle</wf>
<punc>;</punc>
<wf cmd="tag" pos="RB">in_fact</wf>
<punc>,</punc>
<wf cmd="ignore" pos="DT">a</wf>
<wf cmd="tag" pos="JJ">freezing</wf>
<wf cmd="tag" pos="NN">autumn</wf>
<wf cmd="done" pos="VB" lemma="dull" wnsn="1" lexsn="2:35:01::">dulls</wf>
<wf cmd="ignore" pos="DT">the</wf>
<wf cmd="tag" pos="NN">blaze</wf>
<punc>.</punc>
</s>
<s snum="6">
<wf cmd="ignore" pos="DT">The</wf>
<wf cmd="tag" pos="JJS">best</wf>
<wf cmd="tag" pos="NNS">effects</wf>
<wf cmd="done" pos="VB" lemma="come" wnsn="5" lexsn="2:42:04::">come</wf>
<wf cmd="done" pos="VB" ot="notag">from</wf>
<wf cmd="ignore" pos="DT">a</wf>
<wf cmd="tag" pos="NN">combination</wf>
<wf cmd="ignore" pos="IN">of</wf>
<wf cmd="tag" pos="JJ">temperate</wf>
<wf cmd="tag" pos="NN">climate</wf>
<wf cmd="ignore" pos="CC">and</wf>
<wf cmd="tag" pos="NN">plenty</wf>
<wf cmd="ignore" pos="IN">of</wf>
<wf cmd="tag" pos="JJ">late-summer</wf>
<wf cmd="tag" pos="NN">rain</wf>
<punc>,</punc>
<wf cmd="done" pos="VB" lemma="follow" wnsn="8" lexsn="2:42:02::">followed</wf>
<wf cmd="ignore" pos="IN">by</wf>
<wf cmd="tag" pos="JJ">sunny</wf>
<wf cmd="tag" pos="NNS">days</wf>
<wf cmd="ignore" pos="CC">and</wf>
<wf cmd="tag" pos="JJ">cool</wf>
<wf cmd="tag" pos="NNS">nights</wf>
<punc>.</punc>
</s>
<s snum="7">
<wf cmd="tag" pos="NN">Foliage</wf>
<wf cmd="tag" pos="NNS">pilgrimages</wf>
<punc>,</punc>
<wf cmd="ignore" pos="DT">either</wf>
<wf cmd="tag" pos="JJ">organized</wf>
<wf cmd="ignore" pos="CC">or</wf>
<wf cmd="tag" pos="JJ">individual</wf>
<punc>,</punc>
<wf cmd="done" pos="VBP" ot="notag">are</wf>
<wf cmd="done" pos="VB" lemma="become" wnsn="2" lexsn="2:42:01::">becoming</wf>
<wf cmd="ignore" pos="DT">an</wf>
<wf cmd="tag" pos="NN">autumn</wf>
<wf cmd="tag" pos="NN">item</wf>
<wf cmd="ignore" pos="IN">for</wf>
<wf cmd="tag" pos="RB">more_and_more</wf>
<wf cmd="tag" pos="NNPS">Americans</wf>
<wf cmd="tag" pos="RB">each_year</wf>
<punc>.</punc>
</s>
<s snum="8">
<wf cmd="ignore" pos="IN">Below</wf>
<wf cmd="done" pos="VB" lemma="be" wnsn="5" lexsn="2:42:04::">is</wf>
<wf cmd="ignore" pos="DT">a</wf>
<wf cmd="tag" pos="JJ">specific</wf>
<wf cmd="tag" pos="NN">guide</wf>
<punc>,</punc>
<wf cmd="tag" pos="JJ">keyed</wf>
<wf cmd="ignore" pos="IN">to</wf>
<wf cmd="ignore" pos="DT">the</wf>
<wf cmd="tag" pos="NN">calendar</wf>
<punc>.</punc>
</s>
</p>
<p pnum="2">
<s snum="9">
<wf cmd="tag" pos="RB">Late</wf>
<wf cmd="tag" pos="NNP">September</wf>
<wf cmd="done" pos="VB" lemma="find" wnsn="6" lexsn="2:39:01::">finds</wf>
<wf cmd="tag" pos="NNP">Quebec</wf>
<wf cmd="ignore" pos="POS">'s</wf>
<wf cmd="tag" pos="NN">color</wf>
<wf cmd="ignore" pos="IN">at</wf>
<wf cmd="ignore" pos="PRP$">its</wf>
<wf cmd="tag" pos="NN">peak</wf>
<punc>,</punc>
<wf cmd="tag" pos="RB">especially</wf>
<wf cmd="ignore" pos="IN">in</wf>
<wf cmd="ignore" pos="DT">the</wf>
<wf cmd="tag" pos="NNP">Laurentian</wf>
<wf cmd="tag" pos="NNS">hills</wf>
<wf cmd="ignore" pos="CC">and</wf>
<wf cmd="ignore" pos="IN">in</wf>
<wf cmd="ignore" pos="DT">the</wf>
<wf cmd="tag" pos="NN">area</wf>
<wf cmd="tag" pos="RB">south</wf>
<wf cmd="ignore" pos="IN">of</wf>
<wf cmd="ignore" pos="DT">the</wf>
<wf cmd="tag" pos="NN">St._Lawrence_River</wf>
<punc>.</punc>
</s>
<s snum="10">
<wf cmd="ignore" pos="IN">In</wf>
<wf cmd="ignore" pos="DT">the</wf>
<wf cmd="tag" pos="NN">Maritime_provinces</wf>
<wf cmd="tag" pos="RB">farther</wf>
<wf cmd="tag" pos="JJ">east</wf>
<punc>,</punc>
<wf cmd="ignore" pos="DT">the</wf>
<wf cmd="tag" pos="NNS">tones</wf>
<wf cmd="done" pos="VB" lemma="be" wnsn="1" lexsn="2:42:03::">are</wf>
<wf cmd="tag" pos="RB">a_little</wf>
<wf cmd="tag" pos="JJR">quieter</wf>
<punc>.</punc>
</s>
<s snum="11">
<wf cmd="tag" pos="NNP">Ontario</wf>
<wf cmd="ignore" pos="POS">'s</wf>
<wf cmd="tag" pos="NN">foliage</wf>
<wf cmd="done" pos="VB" lemma="be" wnsn="1" lexsn="2:42:03::">is</wf>
<wf cmd="tag" pos="RBS">most</wf>
<wf cmd="tag" pos="JJ">vivid</wf>
<wf cmd="ignore" pos="IN">from</wf>
<wf cmd="ignore" pos="IN">about</wf>
<wf cmd="tag" pos="NNP">Sept.</wf>
<wf cmd="tag" pos="CD">23</wf>
<wf cmd="ignore" pos="TO">to</wf>
<wf cmd="tag" pos="NNP">Oct.</wf>
<wf cmd="tag" pos="CD">10</wf>
<punc>,</punc>
<wf cmd="ignore" pos="IN">with</wf>
<wf cmd="ignore" pos="DT">both</wf>
<wf cmd="tag" pos="NNP">Muskoka</wf>
<punc>(</punc>
<wf cmd="tag" pos="CD">100</wf>
<wf cmd="tag" pos="NNS">miles</wf>
<wf cmd="tag" pos="RB">north</wf>
<wf cmd="ignore" pos="IN">of</wf>
<wf cmd="tag" pos="NNP">Toronto</wf>
<punc>)</punc>
<wf cmd="ignore" pos="CC">and</wf>
<wf cmd="tag" pos="NNP">Haliburton</wf>
<punc>(</punc>
<wf cmd="tag" pos="CD">125</wf>
<wf cmd="tag" pos="NNS">miles</wf>
<wf cmd="tag" pos="RB">northwest</wf>
<wf cmd="ignore" pos="IN">of</wf>
<wf cmd="tag" pos="NNP">Toronto</wf>
<punc>)</punc>
<wf cmd="done" pos="VB" lemma="hold" wnsn="3" lexsn="2:36:00::">holding</wf>
<wf cmd="tag" pos="NN">color</wf>
<wf cmd="tag" pos="NNS">cavalcades</wf>
<wf cmd="done" pos="VB" lemma="start" wnsn="1" lexsn="2:30:00::">starting</wf>
<wf cmd="tag" pos="NNP">Sept.</wf>
<wf cmd="tag" pos="CD">23</wf>
<punc>.</punc>
</s>
<s snum="12">
<wf cmd="ignore" pos="IN">In</wf>
<wf cmd="ignore" pos="DT">the</wf>
<wf cmd="tag" pos="JJ">Canadian</wf>
<wf cmd="tag" pos="NNPS">Rockies</wf>
<punc>,</punc>
<wf cmd="tag" pos="JJ">great</wf>
<wf cmd="tag" pos="NNS">groves</wf>
<wf cmd="ignore" pos="IN">of</wf>
<wf cmd="tag" pos="NN">aspen</wf>
<wf cmd="done" pos="VBP" ot="notag">are</wf>
<wf cmd="tag" pos="RB">already</wf>
<wf cmd="done" pos="VB" lemma="glint" wnsn="1" lexsn="2:39:00::">glinting</wf>
<wf cmd="tag" pos="NN">gold</wf>
<punc>.</punc>
</s>
</p>
<p pnum="3">
<s snum="13">
<wf cmd="tag" pos="NNP">Vermont</wf>
<wf cmd="ignore" pos="POS">'s</wf>
<wf cmd="tag" pos="NN">sugar_maples</wf>
<wf cmd="done" pos="VB" lemma="be" wnsn="1" lexsn="2:42:03::">are</wf>
<wf cmd="tag" pos="JJ">scarlet</wf>
<wf cmd="ignore" pos="IN">from</wf>
<wf cmd="tag" pos="NNP">Sept.</wf>
<wf cmd="tag" pos="CD">25</wf>
<wf cmd="ignore" pos="TO">to</wf>
<wf cmd="tag" pos="NNP">Oct.</wf>
<wf cmd="tag" pos="CD">15</wf>
<punc>,</punc>
<wf cmd="ignore" pos="CC">and</wf>
<wf cmd="tag" pos="RB">often</wf>
<wf cmd="done" pos="VB" lemma="hit" wnsn="4" lexsn="2:38:00::">hit</wf>
<wf cmd="ignore" pos="DT">a</wf>
<wf cmd="tag" pos="NN">height</wf>
<wf cmd="ignore" pos="IN">in</wf>
<wf cmd="tag" pos="JJ">early</wf>
<wf cmd="tag" pos="NNP">October</wf>
<punc>.</punc>
</s>
<s snum="14">
<wf cmd="tag" pos="NN">New_Hampshire</wf>
<wf cmd="done" pos="VB" lemma="figure" wnsn="1" lexsn="2:31:01::">figures</wf>
<wf cmd="ignore" pos="PRP$">its</wf>
<wf cmd="tag" pos="NN">peak</wf>
<wf cmd="ignore" pos="IN">around</wf>
<wf cmd="tag" pos="NN">Columbus_Day</wf>
<wf cmd="ignore" pos="CC">and</wf>
<wf cmd="done" pos="VB" lemma="boast" wnsn="2" lexsn="2:42:00::">boasts</wf>
<wf cmd="ignore" pos="IN">of</wf>
<wf cmd="ignore" pos="DT">all</wf>
<wf cmd="ignore" pos="PRP$">its</wf>
<wf cmd="tag" pos="NNS">hardwoods</wf>
<wf cmd="done" pos="VB" lemma="include" wnsn="1" lexsn="2:42:00::">including</wf>
<wf cmd="ignore" pos="DT">the</wf>
<wf cmd="tag" pos="NN">yellow</wf>
<wf cmd="ignore" pos="IN">of</wf>
<wf cmd="ignore" pos="DT">the</wf>
<wf cmd="tag" pos="NNS">birches</wf>
<punc>.</punc>
</s>
<s snum="15">
<wf cmd="ignore" pos="DT">The</wf>
<wf cmd="tag" pos="NNS">shades</wf>
<wf cmd="done" pos="VB" lemma="tend" wnsn="1" lexsn="2:42:01::">tend</wf>
<wf cmd="done" pos="VB" ot="notag">to</wf>
<wf cmd="done" pos="VB" lemma="be" wnsn="1" lexsn="2:42:03::">be</wf>
<wf cmd="tag" pos="RB">a_little</wf>
<wf cmd="tag" pos="JJR">softer</wf>
<wf cmd="ignore" pos="IN">in</wf>
<wf cmd="ignore" pos="DT">the</wf>
<wf cmd="tag" pos="NNS">forests</wf>
<wf cmd="ignore" pos="IN">that</wf>
<wf cmd="tag" pos="NN">blanket</wf>
<wf cmd="tag" pos="RB">so_much</wf>
<wf cmd="ignore" pos="IN">of</wf>
<wf cmd="tag" pos="NNP">Maine</wf>
<punc>.</punc>
</s>
<s snum="16">
<wf cmd="ignore" pos="IN">In</wf>
<wf cmd="tag" pos="JJ">western</wf>
<wf cmd="tag" pos="NNP">Massachusetts</wf>
<wf cmd="ignore" pos="CC">and</wf>
<wf cmd="tag" pos="RB">northwest</wf>
<wf cmd="tag" pos="NNP">Connecticut</wf>
<punc>,</punc>
<wf cmd="ignore" pos="DT">the</wf>
<wf cmd="tag" pos="NNP">Berkshires</wf>
<wf cmd="done" pos="VB" lemma="be" wnsn="1" lexsn="2:42:03::">are</wf>
<wf cmd="ignore" pos="IN">at</wf>
<wf cmd="ignore" pos="PRP$">their</wf>
<wf cmd="tag" pos="JJ">vibrant</wf>
<wf cmd="tag" pos="JJ">prime</wf>
<wf cmd="ignore" pos="DT">the</wf>
<wf cmd="tag" pos="JJ">first</wf>
<wf cmd="tag" pos="NN">week</wf>
<wf cmd="ignore" pos="IN">of</wf>
<wf cmd="tag" pos="NNP">October</wf>
<punc>.</punc>
</s>
</p>
<p pnum="4">
<s snum="17">
<wf cmd="ignore" pos="DT">The</wf>
<wf cmd="tag" pos="NNPS">Adirondacks</wf>
<wf cmd="done" pos="VB" lemma="blaze" wnsn="1" lexsn="2:43:01::">blaze</wf>
<wf cmd="tag" pos="JJS">brightest</wf>
<wf cmd="ignore" pos="IN">in</wf>
<wf cmd="tag" pos="JJ">early</wf>
<wf cmd="tag" pos="NNP">October</wf>
<punc>,</punc>
<wf cmd="tag" pos="NN">choice</wf>
<wf cmd="tag" pos="NNS">routes</wf>
<wf cmd="done" pos="VB" lemma="be" wnsn="2" lexsn="2:42:06::">being</wf>
<wf cmd="tag" pos="CD">9</wf>
<wf cmd="tag" pos="NN">N</wf>
<wf cmd="ignore" pos="IN">from</wf>
<wf cmd="tag" pos="NNP">Saratoga</wf>
<wf cmd="tag" pos="JJ">up_to</wf>
<wf cmd="tag" pos="NNP">Lake_George</wf>
<wf cmd="ignore" pos="CC">and</wf>
<wf cmd="tag" pos="CD">73</wf>
<wf cmd="ignore" pos="CC">and</wf>
<wf cmd="tag" pos="CD">86</wf>
<wf cmd="ignore" pos="IN">in</wf>
<wf cmd="ignore" pos="DT">the</wf>
<wf cmd="tag" pos="NNP">Lake_Placid</wf>
<wf cmd="tag" pos="NN">area</wf>
<punc>.</punc>
</s>
<s snum="18">
<wf cmd="tag" pos="RB">Farther</wf>
<wf cmd="tag" pos="RB">south</wf>
<wf cmd="ignore" pos="IN">in</wf>
<wf cmd="tag" pos="NN">New_York</wf>
<wf cmd="ignore" pos="EX">there</wf>
<wf cmd="done" pos="VB" lemma="be" wnsn="5" lexsn="2:42:04::">is</wf>
<wf cmd="ignore" pos="DT">a</wf>
<wf cmd="tag" pos="JJ">heavy</wf>
<wf cmd="tag" pos="NN">haze</wf>
<wf cmd="ignore" pos="IN">of</wf>
<wf cmd="tag" pos="NN">color</wf>
<wf cmd="ignore" pos="IN">over</wf>
<wf cmd="ignore" pos="DT">the</wf>
<wf cmd="tag" pos="NNPS">Catskills</wf>
<wf cmd="ignore" pos="IN">in</wf>
<wf cmd="tag" pos="NNP">mid-October</wf>
<punc>,</punc>
<wf cmd="tag" pos="RB">notably</wf>
<wf cmd="ignore" pos="IN">along</wf>
<wf cmd="tag" pos="NNS">routes</wf>
<wf cmd="tag" pos="CD">23</wf>
<wf cmd="ignore" pos="CC">and</wf>
<wf cmd="tag" pos="CD">23</wf>
<wf cmd="ignore" pos="DT">A</wf>
<punc>.</punc>
</s>
<s snum="19">
<wf cmd="ignore" pos="IN">About</wf>
<wf cmd="ignore" pos="DT">the</wf>
<wf cmd="tag" pos="JJ">same</wf>
<wf cmd="tag" pos="NN">time</wf>
<wf cmd="ignore" pos="DT">the</wf>
<wf cmd="tag" pos="NNPS">Alleghenies</wf>
<wf cmd="ignore" pos="CC">and</wf>
<wf cmd="tag" pos="NNPS">Poconos</wf>
<wf cmd="ignore" pos="IN">in</wf>
<wf cmd="tag" pos="NNP">Pennsylvania</wf>
<wf cmd="done" pos="VB" lemma="be" wnsn="1" lexsn="2:42:03::">are</wf>
<wf cmd="tag" pos="JJ">magnificent</wf>
<punc>-</punc>
<wf cmd="tag" pos="NNP">Renovo</wf>
<wf cmd="done" pos="VB" lemma="hold" wnsn="3" lexsn="2:36:00::">holds</wf>
<wf cmd="ignore" pos="PRP$">its</wf>
<wf cmd="tag" pos="JJ">annual</wf>
<wf cmd="tag" pos="NNP">Flaming</wf>
<wf cmd="tag" pos="NN">Foliage</wf>
<wf cmd="tag" pos="NNP">Festival</wf>
<wf cmd="ignore" pos="IN">on</wf>
<wf cmd="tag" pos="NNP">Oct.</wf>
<wf cmd="tag" pos="CD">14</wf>
<punc>,</punc>
<wf cmd="tag" pos="CD">15</wf>
<punc>.</punc>
</s>
<s snum="20">
<wf cmd="tag" pos="NN">New_Jersey</wf>
<wf cmd="ignore" pos="POS">'s</wf>
<wf cmd="tag" pos="NN">color</wf>
<wf cmd="done" pos="VB" lemma="vary" wnsn="1" lexsn="2:30:01::">varies</wf>
<wf cmd="ignore" pos="IN">from</wf>
<wf cmd="tag" pos="NN">staccato</wf>
<wf cmd="ignore" pos="TO">to</wf>
<wf cmd="tag" pos="JJ">pastel</wf>
<wf cmd="tag" pos="RB">all_the_way</wf>
<wf cmd="ignore" pos="IN">from</wf>
<wf cmd="ignore" pos="DT">the</wf>
<wf cmd="tag" pos="NNP">Delaware</wf>
<wf cmd="tag" pos="NN">Water_Gap</wf>
<wf cmd="ignore" pos="TO">to</wf>
<wf cmd="tag" pos="NNP">Cape_May</wf>
<punc>.</punc>
</s>
</p>
<p pnum="5">
<s snum="21">
<wf cmd="ignore" pos="IN">During</wf>
<wf cmd="ignore" pos="DT">the</wf>
<wf cmd="tag" pos="NN">first_half</wf>
<wf cmd="ignore" pos="IN">of</wf>
<wf cmd="tag" pos="NNP">October</wf>
<wf cmd="tag" pos="NN">the_Blue</wf>
<wf cmd="tag" pos="NNP">Ridge</wf>
<wf cmd="ignore" pos="CC">and</wf>
<wf cmd="tag" pos="JJ">other</wf>
<wf cmd="tag" pos="NNS">parts</wf>
<wf cmd="ignore" pos="IN">of</wf>
<wf cmd="ignore" pos="DT">the</wf>
<wf cmd="tag" pos="NNPS">Appalachians</wf>
<wf cmd="done" pos="VB" lemma="provide" wnsn="1" lexsn="2:40:00::">provide</wf>
<wf cmd="ignore" pos="DT">a</wf>
<wf cmd="tag" pos="NN">spectacle</wf>
<wf cmd="done" pos="VB" lemma="stretch" wnsn="1" lexsn="2:42:00::">stretching</wf>
<wf cmd="ignore" pos="IN">from</wf>
<wf cmd="tag" pos="NNP">Maryland</wf>
<wf cmd="ignore" pos="CC">and</wf>
<wf cmd="tag" pos="NN">West_Virginia</wf>
<wf cmd="ignore" pos="TO">to</wf>
<wf cmd="tag" pos="NNP">Georgia</wf>
<punc>.</punc>
</s>
<s snum="22">
<wf cmd="tag" pos="RB">The_most</wf>
<wf cmd="tag" pos="JJ">brilliant</wf>
<wf cmd="tag" pos="NNS">displays</wf>
<wf cmd="done" pos="VB" lemma="be" wnsn="5" lexsn="2:42:04::">are</wf>
<wf cmd="ignore" pos="IN">along</wf>
<wf cmd="ignore" pos="DT">the</wf>
<wf cmd="tag" pos="NNP">Skyline_Drive</wf>
<wf cmd="ignore" pos="IN">above</wf>
<wf cmd="tag" pos="NNP">Virginia</wf>
<wf cmd="ignore" pos="POS">'s</wf>
<wf cmd="tag" pos="NNP">Shenandoah_Valley</wf>
<wf cmd="ignore" pos="CC">and</wf>
<wf cmd="ignore" pos="IN">throughout</wf>
<wf cmd="ignore" pos="DT">the</wf>
<wf cmd="tag" pos="NNP">Great</wf>
<wf cmd="tag" pos="NNPS">Smokies</wf>
<wf cmd="ignore" pos="IN">between</wf>
<wf cmd="tag" pos="NN">North_Carolina</wf>
<wf cmd="ignore" pos="CC">and</wf>
<wf cmd="tag" pos="NNP">Tennessee</wf>
<punc>.</punc>
</s>
</p>
<p pnum="6">
<s snum="23">
<wf cmd="tag" pos="NNP">Michigan</wf>
<punc>,</punc>
<wf cmd="tag" pos="NNP">Wisconsin</wf>
<wf cmd="ignore" pos="CC">and</wf>
<wf cmd="tag" pos="NNP">Minnesota</wf>
<wf cmd="done" pos="VB" lemma="have" wnsn="1" lexsn="2:40:00::">have</wf>
<wf cmd="tag" pos="JJ">many</wf>
<wf cmd="tag" pos="JJ">superb</wf>
<wf cmd="tag" pos="NNS">stretches</wf>
<wf cmd="ignore" pos="IN">of</wf>
<wf cmd="tag" pos="NN">color</wf>
<wf cmd="ignore" pos="WDT">which</wf>
<wf cmd="done" pos="VB" lemma="reach" wnsn="2" lexsn="2:38:00::">reach</wf>
<wf cmd="ignore" pos="PRP$">their</wf>
<wf cmd="tag" pos="NN">height</wf>
<wf cmd="ignore" pos="IN">from</wf>
<wf cmd="ignore" pos="DT">the</wf>
<wf cmd="tag" pos="JJ">last</wf>
<wf cmd="tag" pos="JJ">few</wf>
<wf cmd="tag" pos="NNS">days</wf>
<wf cmd="ignore" pos="IN">of</wf>
<wf cmd="tag" pos="NNP">September</wf>
<wf cmd="tag" pos="RB">well</wf>
<wf cmd="ignore" pos="IN">into</wf>
<wf cmd="tag" pos="NNP">October</wf>
<punc>,</punc>
<wf cmd="tag" pos="RB">especially</wf>
<wf cmd="ignore" pos="IN">in</wf>
<wf cmd="ignore" pos="PRP$">their</wf>
<wf cmd="tag" pos="JJ">northern</wf>
<wf cmd="tag" pos="NNS">sections</wf>
<punc>,</punc>
<wf cmd="tag" pos="NNP">e._g.</wf>
<punc>,</punc>
<wf cmd="tag" pos="NNP">Wisconsin</wf>
<wf cmd="ignore" pos="POS">'s</wf>
<wf cmd="tag" pos="NNP">Vilas_County</wf>
<wf cmd="ignore" pos="WP$">whose</wf>
<wf cmd="tag" pos="NN">Colorama</wf>
<wf cmd="tag" pos="NN">celebration</wf>
<wf cmd="done" pos="VB" lemma="be" wnsn="1" lexsn="2:42:03::">is</wf>
<wf cmd="tag" pos="NNP">Sept.</wf>
<wf cmd="tag" pos="CD">29</wf>
<punc>-</punc>
<wf cmd="tag" pos="NNP">Oct</wf>
<wf cmd="tag" pos="CD">.8</wf>
<punc>.</punc>
</s>
<s snum="24">
<wf cmd="ignore" pos="IN">In</wf>
<wf cmd="tag" pos="NNP">Wisconsin</wf>
<punc>,</punc>
<wf cmd="done" pos="VB" lemma="take" wnsn="9" lexsn="2:38:02::">take</wf>
<wf cmd="tag" pos="NN">route</wf>
<wf cmd="tag" pos="CD">55</wf>
<wf cmd="tag" pos="RB">north</wf>
<wf cmd="ignore" pos="IN">of</wf>
<wf cmd="tag" pos="NNP">Shawano</wf>
<wf cmd="ignore" pos="CC">or</wf>
<wf cmd="tag" pos="NNS">routes</wf>
<wf cmd="tag" pos="CD">78</wf>
<wf cmd="ignore" pos="CC">and</wf>
<wf cmd="tag" pos="CD">60</wf>
<wf cmd="ignore" pos="IN">from</wf>
<wf cmd="tag" pos="NNP">Portage</wf>
<wf cmd="ignore" pos="TO">to</wf>
<wf cmd="tag" pos="NNP">Prairie_du_Chien</wf>
<punc>.</punc>
</s>
<s snum="25">
<wf cmd="ignore" pos="IN">In</wf>
<wf cmd="tag" pos="NNP">Michigan</wf>
<punc>,</punc>
<wf cmd="ignore" pos="EX">there</wf>
<wf cmd="done" pos="VB" lemma="be" wnsn="5" lexsn="2:42:04::">is</wf>
<wf cmd="tag" pos="JJ">fine</wf>
<wf cmd="tag" pos="NN">color</wf>
<wf cmd="ignore" pos="IN">on</wf>
<wf cmd="tag" pos="NN">route</wf>
<wf cmd="tag" pos="CD">27</wf>
<wf cmd="tag" pos="JJ">up_to</wf>
<wf cmd="ignore" pos="DT">the</wf>
<wf cmd="tag" pos="NNP">Mackinac</wf>
<wf cmd="tag" pos="NNPS">Straits</wf>
<punc>,</punc>
<wf cmd="ignore" pos="IN">while</wf>
<wf cmd="ignore" pos="DT">the</wf>
<wf cmd="tag" pos="NNS">views</wf>
<wf cmd="ignore" pos="IN">around</wf>
<wf cmd="tag" pos="NNP">Marquette</wf>
<wf cmd="ignore" pos="CC">and</wf>
<wf cmd="tag" pos="NNP">Iron_Mountain</wf>
<wf cmd="ignore" pos="IN">in</wf>
<wf cmd="ignore" pos="DT">the</wf>
<wf cmd="tag" pos="NNP">Upper_Peninsula</wf>
<wf cmd="done" pos="VB" lemma="be" wnsn="1" lexsn="2:42:03::">are</wf>
<wf cmd="tag" pos="JJ">spectacular</wf>
<punc>.</punc>
</s>
<s snum="26">
<wf cmd="ignore" pos="IN">In</wf>
<wf cmd="tag" pos="NNP">Minnesota</wf>
<punc>,</punc>
<wf cmd="tag" pos="NNP">Arrowhead_County</wf>
<wf cmd="ignore" pos="CC">and</wf>
<wf cmd="tag" pos="NN">route</wf>
<wf cmd="tag" pos="CD">53</wf>
<wf cmd="tag" pos="RB">north</wf>
<wf cmd="ignore" pos="TO">to</wf>
<wf cmd="tag" pos="NNP">International_Falls</wf>
<wf cmd="done" pos="VB" lemma="be" wnsn="1" lexsn="2:42:03::">are</wf>
<wf cmd="tag" pos="JJ">outstanding</wf>
<punc>.</punc>
</s>
<s snum="27">
<wf cmd="tag" pos="RB">Farther</wf>
<wf cmd="tag" pos="RB">south</wf>
<punc>,</punc>
<wf cmd="ignore" pos="EX">there</wf>
<wf cmd="done" pos="VB" lemma="be" wnsn="5" lexsn="2:42:04::">are</wf>
<wf cmd="tag" pos="JJ">attractive</wf>
<wf cmd="tag" pos="NNS">patches</wf>
<wf cmd="tag" pos="RB">all_the_way</wf>
<wf cmd="ignore" pos="TO">to</wf>
<wf cmd="ignore" pos="DT">the</wf>
<wf cmd="tag" pos="NNPS">Ozarks</wf>
<punc>,</punc>
<wf cmd="ignore" pos="IN">with</wf>
<wf cmd="ignore" pos="DT">some</wf>
<wf cmd="tag" pos="JJ">seasonal</wf>
<wf cmd="tag" pos="NNS">peaks</wf>
<wf cmd="tag" pos="RB">as</wf>
<wf cmd="tag" pos="JJ">late</wf>
<wf cmd="ignore" pos="IN">as</wf>
<wf cmd="tag" pos="JJ">early</wf>
<wf cmd="tag" pos="NNP">November</wf>
<punc>.</punc>
</s>
<s snum="28">
<wf cmd="tag" pos="NNP">Illinois</wf>
<punc>'</punc>
<wf cmd="tag" pos="NNP">Shawnee_National_Forest</wf>
<punc>,</punc>
<wf cmd="tag" pos="NNP">Missouri</wf>
<wf cmd="ignore" pos="POS">'s</wf>
<wf cmd="tag" pos="NNP">Iron_County</wf>
<wf cmd="ignore" pos="CC">and</wf>
<wf cmd="ignore" pos="DT">the</wf>
<wf cmd="tag" pos="NNS">maples</wf>
<wf cmd="ignore" pos="IN">of</wf>
<wf cmd="tag" pos="NNP">Hiawatha</wf>
<punc>,</punc>
<wf cmd="tag" pos="NNP">Kan.</wf>
<wf cmd="ignore" pos="MD">should</wf>
<wf cmd="done" pos="VB" lemma="be" wnsn="1" lexsn="2:42:03::">be</wf>
<wf cmd="ignore" pos="IN">at</wf>
<wf cmd="ignore" pos="PRP$">their</wf>
<wf cmd="tag" pos="JJS">best</wf>
<wf cmd="ignore" pos="IN">in</wf>
<wf cmd="tag" pos="NNP">mid-October</wf>
<punc>.</punc>
</s>
</p>
<p pnum="7">
<s snum="29">
<wf cmd="ignore" pos="DT">The</wf>
<wf cmd="tag" pos="NNPS">Rockies</wf>
<wf cmd="done" pos="VB" lemma="have" wnsn="2" lexsn="2:42:00::">have</wf>
<wf cmd="tag" pos="JJ">many</wf>
<punc>``</punc>
<wf cmd="tag" pos="NNPS">Aspencades</wf>
<punc>''</punc>
<punc>,</punc>
<wf cmd="ignore" pos="WDT">which</wf>
<wf cmd="done" pos="VB" lemma="be" wnsn="2" lexsn="2:42:06::">are</wf>
<wf cmd="tag" pos="JJ">organized</wf>
<wf cmd="tag" pos="NNS">tours</wf>
<wf cmd="ignore" pos="IN">of</wf>
<wf cmd="ignore" pos="DT">the</wf>
<wf cmd="tag" pos="NN">aspen</wf>
<wf cmd="tag" pos="NNS">areas</wf>
<wf cmd="ignore" pos="IN">with</wf>
<wf cmd="tag" pos="JJ">frequent</wf>
<wf cmd="tag" pos="NN">stops</wf>
<wf cmd="ignore" pos="IN">at</wf>
<wf cmd="tag" pos="NN">vantage_points</wf>
<wf cmd="ignore" pos="IN">for</wf>
<wf cmd="done" pos="VB" lemma="view" wnsn="2" lexsn="2:39:00::">viewing</wf>
<wf cmd="ignore" pos="DT">the</wf>
<wf cmd="tag" pos="JJ">golden</wf>
<wf cmd="tag" pos="NNS">panoramas</wf>
<punc>.</punc>
</s>
<s snum="30">
<wf cmd="ignore" pos="IN">In</wf>
<wf cmd="tag" pos="NNP">Colorado</wf>
<punc>,</punc>
<wf cmd="tag" pos="NNP">Ouray</wf>
<wf cmd="done" pos="VB" lemma="have" wnsn="2" lexsn="2:42:00::">has</wf>
<wf cmd="ignore" pos="PRP$">its</wf>
<wf cmd="tag" pos="NNP">Fall_Color_Week_Sept.</wf>
<wf cmd="tag" pos="CD">22</wf>
<punc>-</punc>
<wf cmd="tag" pos="CD">29</wf>
<punc>,</punc>
<wf cmd="tag" pos="NNP">Rye</wf>
<wf cmd="ignore" pos="CC">and</wf>
<wf cmd="tag" pos="NNP">Salida</wf>
<wf cmd="ignore" pos="DT">both</wf>
<wf cmd="done" pos="VB" lemma="sponsor" wnsn="1" lexsn="2:40:00::">sponsor</wf>
<wf cmd="tag" pos="NNPS">Aspencades</wf>
<wf cmd="tag" pos="NNP">Sept.</wf>
<wf cmd="tag" pos="CD">24</wf>
<punc>,</punc>
<wf cmd="ignore" pos="CC">and</wf>
<wf cmd="tag" pos="NNP">Steamboat_Springs</wf>
<wf cmd="done" pos="VB" lemma="have" wnsn="2" lexsn="2:42:00::">has</wf>
<wf cmd="ignore" pos="DT">a</wf>
<wf cmd="tag" pos="JJ">week-long</wf>
<wf cmd="tag" pos="NNP">Aspencade_Sept.</wf>
<wf cmd="tag" pos="CD">25</wf>
<punc>-</punc>
<wf cmd="tag" pos="CD">30</wf>
<punc>.</punc>
</s>
<s snum="31">
<wf cmd="tag" pos="NN">New_Mexico</wf>
<wf cmd="ignore" pos="POS">'s</wf>
<wf cmd="tag" pos="JJS">biggest</wf>
<wf cmd="done" pos="VB" lemma="be" wnsn="5" lexsn="2:42:04::">is</wf>
<wf cmd="ignore" pos="IN">at</wf>
<wf cmd="tag" pos="NNP">Ruidoso_Oct.</wf>
<wf cmd="tag" pos="CD">7</wf>
<punc>,</punc>
<wf cmd="tag" pos="CD">8</wf>
<punc>,</punc>
<wf cmd="ignore" pos="IN">while</wf>
<wf cmd="tag" pos="NNP">Alamogordo</wf>
<wf cmd="ignore" pos="CC">and</wf>
<wf cmd="tag" pos="NNP">Cloudcroft</wf>
<wf cmd="done" pos="VB" lemma="cooperate" wnsn="1" lexsn="2:41:00::">cooperate</wf>
<wf cmd="ignore" pos="IN">in</wf>
<wf cmd="tag" pos="JJ">similar</wf>
<wf cmd="tag" pos="NNS">trips</wf>
<wf cmd="tag" pos="NNP">Oct.</wf>
<wf cmd="tag" pos="CD">1</wf>
<punc>.</punc>
</s>
</p>
<p pnum="8">
<s snum="32">
<wf cmd="tag" pos="CD">Two</wf>
<wf cmd="tag" pos="RB">sharply</wf>
<wf cmd="tag" pos="JJ">contrasting</wf>
<wf cmd="tag" pos="NNS">places</wf>
<wf cmd="done" pos="VB" lemma="design" wnsn="2" lexsn="2:31:00::">designed</wf>
<wf cmd="ignore" pos="IN">for</wf>
<wf cmd="tag" pos="JJ">public</wf>
<wf cmd="tag" pos="NN">enjoyment</wf>
<wf cmd="done" pos="VB" lemma="be" wnsn="1" lexsn="2:42:03::">are</wf>
<wf cmd="tag" pos="RB">now</wf>
<wf cmd="ignore" pos="IN">on</wf>
<wf cmd="tag" pos="NN">display</wf>
<punc>.</punc>
</s>
</p>
<p pnum="9">
<s snum="33">
<wf cmd="ignore" pos="DT">The</wf>
<wf cmd="tag" pos="NN">Corn</wf>
<wf cmd="tag" pos="NNP">Palace</wf>
<wf cmd="ignore" pos="IN">at</wf>
<wf cmd="tag" pos="NNP">Mitchell</wf>
<punc>,</punc>
<wf cmd="tag" pos="NNP">S._Dak.</wf>
<punc>,</punc>
<punc>``</punc>
<wf cmd="ignore" pos="DT">the</wf>
<wf cmd="tag" pos="NN">world</wf>
<wf cmd="ignore" pos="POS">'s</wf>
<wf cmd="tag" pos="JJS">corniest</wf>
<wf cmd="tag" pos="NN">building</wf>
<punc>''</punc>
<punc>,</punc>
<wf cmd="done" pos="VB" lemma="have" wnsn="2" lexsn="2:42:00::">has</wf>
<wf cmd="ignore" pos="DT">a</wf>
<wf cmd="tag" pos="NN">carnival</wf>
<wf cmd="ignore" pos="IN">through</wf>
<wf cmd="tag" pos="NNP">Sept.</wf>
<wf cmd="tag" pos="CD">23</wf>
<wf cmd="done" pos="VB" lemma="headline" wnsn="1" lexsn="2:32:00::">headlining</wf>
<wf cmd="ignore" pos="DT">the</wf>
<wf cmd="tag" pos="CD">Three</wf>
<wf cmd="tag" pos="NNPS">Stooges</wf>
<wf cmd="ignore" pos="CC">and</wf>
<wf cmd="tag" pos="NNP">Pee_Wee_Hunt</wf>
<punc>.</punc>
</s>
<s snum="34">
<wf cmd="ignore" pos="IN">Since</wf>
<wf cmd="tag" pos="CD">1892</wf>
<wf cmd="tag" pos="NNS">ears</wf>
<wf cmd="ignore" pos="IN">of</wf>
<wf cmd="tag" pos="JJ">red</wf>
<punc>,</punc>
<wf cmd="tag" pos="JJ">yellow</wf>
<punc>,</punc>
<wf cmd="tag" pos="JJ">purple</wf>
<wf cmd="ignore" pos="CC">and</wf>
<wf cmd="tag" pos="JJ">white</wf>
<wf cmd="tag" pos="NN">corn</wf>
<wf cmd="done" pos="VBP" ot="notag">have</wf>
<wf cmd="tag" pos="RB">annually</wf>
<wf cmd="done" pos="VBN" ot="notag">been</wf>
<wf cmd="done" pos="VB" lemma="nail" wnsn="1" lexsn="2:35:00::">nailed</wf>
<wf cmd="ignore" pos="TO">to</wf>
<wf cmd="tag" pos="CD">11</wf>
<wf cmd="tag" pos="JJ">big</wf>
<wf cmd="tag" pos="NN">picture</wf>
<wf cmd="tag" pos="NNS">panels</wf>
<wf cmd="ignore" pos="TO">to</wf>
<wf cmd="done" pos="VB" lemma="create" wnsn="1" lexsn="2:36:00::">create</wf>
<wf cmd="tag" pos="JJ">hugh</wf>
<punc>``</punc>
<wf cmd="tag" pos="NNS">paintings</wf>
<punc>''</punc>
<punc>.</punc>
</s>
<s snum="35">
<wf cmd="ignore" pos="DT">The</wf>
<wf cmd="tag" pos="CD">1961</wf>
<wf cmd="tag" pos="NN">theme</wf>
<wf cmd="done" pos="VB" lemma="be" wnsn="2" lexsn="2:42:06::">is</wf>
<wf cmd="ignore" pos="DT">the</wf>
<wf cmd="tag" pos="NNP">Dakota_Territorial_Centennial</wf>
<punc>,</punc>
<wf cmd="ignore" pos="IN">with</wf>
<wf cmd="ignore" pos="DT">the</wf>
<wf cmd="tag" pos="NNS">pictures</wf>
<wf cmd="done" pos="VB" lemma="include" wnsn="1" lexsn="2:42:00::">including</wf>
<wf cmd="ignore" pos="DT">the</wf>
<wf cmd="tag" pos="NNP">Lewis</wf>
<wf cmd="ignore" pos="CC">and</wf>
<wf cmd="tag" pos="NNP">Clark</wf>
<wf cmd="tag" pos="NN">expedition</wf>
<punc>,</punc>
<wf cmd="ignore" pos="DT">the</wf>
<wf cmd="tag" pos="JJ">first</wf>
<wf cmd="tag" pos="NN">river</wf>
<wf cmd="tag" pos="NN">steamboat</wf>
<punc>,</punc>
<wf cmd="ignore" pos="DT">the</wf>
<wf cmd="tag" pos="CD">1876</wf>
<wf cmd="tag" pos="NN">gold_rush</wf>
<punc>,</punc>
<wf cmd="tag" pos="RB">a_little</wf>
<wf cmd="tag" pos="JJ">red</wf>
<wf cmd="tag" pos="NN">schoolhouse</wf>
<wf cmd="ignore" pos="IN">on</wf>
<wf cmd="ignore" pos="DT">the</wf>
<wf cmd="tag" pos="NN">prairie</wf>
<punc>,</punc>
<wf cmd="ignore" pos="CC">and</wf>
<wf cmd="tag" pos="NN">today</wf>
<wf cmd="ignore" pos="POS">'s</wf>
<wf cmd="tag" pos="NN">construction</wf>
<wf cmd="ignore" pos="IN">of</wf>
<wf cmd="tag" pos="JJ">large</wf>
<wf cmd="tag" pos="NN">Missouri_River</wf>
<wf cmd="tag" pos="NNS">reservoirs</wf>
<punc>.</punc>
</s>
<s snum="36">
<wf cmd="ignore" pos="DT">The</wf>
<wf cmd="tag" pos="NNS">panels</wf>
<wf cmd="ignore" pos="MD">will</wf>
<wf cmd="done" pos="VB" lemma="stay" wnsn="2" lexsn="2:38:00::">stay</wf>
<wf cmd="tag" pos="JJ">up</wf>
<wf cmd="ignore" pos="IN">until</wf>
<wf cmd="ignore" pos="PRP">they</wf>
<wf cmd="done" pos="VBP" ot="notag">are</wf>
<wf cmd="done" pos="VB" lemma="replace" wnsn="1" lexsn="2:30:00::">replaced</wf>
<wf cmd="tag" pos="JJ">next</wf>
<wf cmd="tag" pos="NN">summer</wf>
<punc>.</punc>
</s>
</p>
<p pnum="10">
<s snum="37">
<wf cmd="tag" pos="NNP">Longwood_Gardens</wf>
<punc>,</punc>
<wf cmd="ignore" pos="IN">near</wf>
<wf cmd="tag" pos="NNP">Kennett_Square</wf>
<punc>,</punc>
<wf cmd="tag" pos="NNP">Pa.</wf>
<punc>(</punc>
<wf cmd="ignore" pos="IN">about</wf>
<wf cmd="tag" pos="CD">12</wf>
<wf cmd="tag" pos="NNS">miles</wf>
<wf cmd="ignore" pos="IN">from</wf>
<wf cmd="tag" pos="NNP">Wilmington</wf>
<punc>,</punc>
<wf cmd="tag" pos="NNP">Del</wf>
<punc>.</punc>
<punc>)</punc>
<punc>,</punc>
<wf cmd="done" pos="VBD" ot="notag">was</wf>
<wf cmd="done" pos="VB" lemma="develop" wnsn="6" lexsn="2:30:04::">developed</wf>
<wf cmd="ignore" pos="CC">and</wf>
<wf cmd="tag" pos="RB">heavily</wf>
<wf cmd="done" pos="VB" lemma="endow" wnsn="2" lexsn="2:40:00::">endowed</wf>
<wf cmd="ignore" pos="IN">by</wf>
<wf cmd="ignore" pos="DT">the</wf>
<wf cmd="tag" pos="JJ">late</wf>
<wf cmd="tag" pos="NNP">Pierre_S._du_Pont</wf>
<punc>.</punc>
</s>
<s snum="38">
<wf cmd="ignore" pos="DT">Every</wf>
<wf cmd="tag" pos="NNP">Wednesday</wf>
<wf cmd="tag" pos="NN">night</wf>
<wf cmd="ignore" pos="IN">through</wf>
<wf cmd="tag" pos="NNP">Oct.</wf>
<wf cmd="tag" pos="CD">11</wf>
<wf cmd="ignore" pos="EX">there</wf>
<wf cmd="ignore" pos="MD">will</wf>
<wf cmd="done" pos="VB" lemma="be" wnsn="5" lexsn="2:42:04::">be</wf>
<wf cmd="ignore" pos="DT">an</wf>
<wf cmd="tag" pos="JJ">elaborate</wf>
<wf cmd="tag" pos="JJ">colored</wf>
<wf cmd="tag" pos="NN">fountain</wf>
<wf cmd="tag" pos="NN">display</wf>
<punc>,</punc>
<wf cmd="ignore" pos="IN">with</wf>
<wf cmd="tag" pos="CD">229</wf>
<wf cmd="tag" pos="NNS">nozzles</wf>
<wf cmd="done" pos="VB" lemma="throw" wnsn="1" lexsn="2:35:00::">throwing</wf>
<wf cmd="tag" pos="NNS">jets</wf>
<wf cmd="ignore" pos="IN">of</wf>
<wf cmd="tag" pos="NN">water</wf>
<wf cmd="tag" pos="JJ">up_to</wf>
<wf cmd="tag" pos="CD">130</wf>
<wf cmd="tag" pos="NNS">feet</wf>
<punc>.</punc>
</s>
<s snum="39">
<wf cmd="ignore" pos="DT">The</wf>
<punc>``</punc>
<wf cmd="tag" pos="NN">peacock</wf>
<wf cmd="tag" pos="NN">tail</wf>
<punc>''</punc>
<wf cmd="tag" pos="NN">nozzle</wf>
<wf cmd="done" pos="VB" lemma="throw" wnsn="1" lexsn="2:35:00::">throws</wf>
<wf cmd="ignore" pos="DT">a</wf>
<wf cmd="tag" pos="NN">giant</wf>
<wf cmd="tag" pos="NN">fan</wf>
<wf cmd="ignore" pos="IN">of</wf>
<wf cmd="tag" pos="NN">water</wf>
<wf cmd="tag" pos="CD">100</wf>
<wf cmd="tag" pos="NNS">feet</wf>
<wf cmd="tag" pos="JJ">wide</wf>
<wf cmd="ignore" pos="CC">and</wf>
<wf cmd="tag" pos="CD">40</wf>
<wf cmd="tag" pos="NNS">feet</wf>
<wf cmd="tag" pos="JJ">high</wf>
<punc>.</punc>
</s>
<s snum="40">
<wf cmd="ignore" pos="DT">The</wf>
<wf cmd="tag" pos="NNS">gardens</wf>
<wf cmd="ignore" pos="PRP">themselves</wf>
<wf cmd="done" pos="VB" lemma="be" wnsn="1" lexsn="2:42:03::">are</wf>
<wf cmd="tag" pos="JJ">open</wf>
<wf cmd="tag" pos="RB">free_of_charge</wf>
<wf cmd="ignore" pos="DT">the</wf>
<wf cmd="tag" pos="NN">year</wf>
<wf cmd="tag" pos="NN">round</wf>
<punc>,</punc>
<wf cmd="ignore" pos="CC">and</wf>
<wf cmd="ignore" pos="DT">the</wf>
<wf cmd="tag" pos="CD">192</wf>
<wf cmd="tag" pos="JJ">permanent</wf>
<wf cmd="tag" pos="NNS">employes</wf>
<wf cmd="done" pos="VB" lemma="make" wnsn="3" lexsn="2:36:00::">make</wf>
<wf cmd="tag" pos="JJ">sure</wf>
<wf cmd="ignore" pos="IN">that</wf>
<wf cmd="tag" pos="RB">not</wf>
<wf cmd="ignore" pos="DT">a</wf>
<wf cmd="tag" pos="JJ">dead</wf>
<wf cmd="ignore" pos="CC">or</wf>
<wf cmd="tag" pos="JJ">wilted</wf>
<wf cmd="tag" pos="NN">flower</wf>
<wf cmd="done" pos="VBZ" ot="notag">is</wf>
<wf cmd="tag" pos="RB">ever</wf>
<wf cmd="done" pos="VB" lemma="see" wnsn="1" lexsn="2:39:00::">seen</wf>
<wf cmd="tag" pos="NN">indoors</wf>
<wf cmd="ignore" pos="CC">or</wf>
<wf cmd="ignore" pos="IN">out</wf>
<wf cmd="ignore" pos="IN">by</wf>
<wf cmd="ignore" pos="DT">any</wf>
<wf cmd="tag" pos="NN">visitor</wf>
<punc>.</punc>
</s>
<s snum="41">
<wf cmd="ignore" pos="DT">The</wf>
<wf cmd="tag" pos="NNS">greenhouses</wf>
<wf cmd="tag" pos="RB">alone</wf>
<wf cmd="done" pos="VB" lemma="cover" wnsn="3" lexsn="2:42:01::">cover</wf>
<wf cmd="tag" pos="CD">3</wf>
<punc>-</punc>
<wf cmd="tag" pos="CD">1</wf>
<wf cmd="tag" pos="CD">2</wf>
<wf cmd="tag" pos="NNS">acres</wf>
<punc>.</punc>
</s>
</p>
<p pnum="11">
<s snum="42">
<wf cmd="tag" pos="NNP">Carson_McCullers</wf>
<punc>,</punc>
<wf cmd="ignore" pos="IN">after</wf>
<wf cmd="ignore" pos="DT">a</wf>
<wf cmd="tag" pos="JJ">long</wf>
<punc>,</punc>
<wf cmd="tag" pos="JJ">painful</wf>
<wf cmd="tag" pos="NN">illness</wf>
<wf cmd="ignore" pos="WDT">that</wf>
<wf cmd="ignore" pos="MD">might</wf>
<wf cmd="done" pos="VB" ot="notag">have</wf>
<wf cmd="done" pos="VB" lemma="crush" wnsn="1" lexsn="2:41:00::">crushed</wf>
<wf cmd="ignore" pos="DT">a</wf>
<wf cmd="tag" pos="JJ">less-indomitable</wf>
<wf cmd="tag" pos="NN">soul</wf>
<punc>,</punc>
<wf cmd="done" pos="VBZ" ot="notag">has</wf>
<wf cmd="done" pos="VB" lemma="come_back" wnsn="0" lexsn="2:38:00::">come_back</wf>
<wf cmd="ignore" pos="IN">with</wf>
<wf cmd="ignore" pos="DT">an</wf>
<wf cmd="tag" pos="JJ">absolute</wf>
<wf cmd="tag" pos="NN">gem</wf>
<wf cmd="ignore" pos="IN">of</wf>
<wf cmd="ignore" pos="DT">a</wf>
<wf cmd="tag" pos="NN">novel</wf>
<wf cmd="ignore" pos="WDT">which</wf>
<wf cmd="done" pos="VB" lemma="jump" wnsn="7" lexsn="2:30:01::">jumped</wf>
<wf cmd="tag" pos="JJ">high</wf>
<wf cmd="ignore" pos="IN">on</wf>
<wf cmd="tag" pos="NN">best-seller</wf>
<wf cmd="tag" pos="NNS">lists</wf>
<wf cmd="tag" pos="RB">even</wf>
<wf cmd="ignore" pos="IN">before</wf>
<wf cmd="tag" pos="NN">official</wf>
<wf cmd="tag" pos="NN">publication</wf>
<punc>.</punc>
</s>
<s snum="43">
<wf cmd="ignore" pos="IN">Though</wf>
<wf cmd="ignore" pos="DT">the</wf>
<wf cmd="tag" pos="NN">subject</wf>
<punc>-</punc>
<wf cmd="tag" pos="NN">segregation</wf>
<wf cmd="ignore" pos="IN">in</wf>
<wf cmd="ignore" pos="PRP$">her</wf>
<wf cmd="tag" pos="JJ">native</wf>
<wf cmd="tag" pos="NNP">South</wf>
<punc>-</punc>
<wf cmd="done" pos="VBZ" ot="notag">has</wf>
<wf cmd="done" pos="VBN" ot="notag">been</wf>
<wf cmd="tag" pos="RB">thoroughly</wf>
<wf cmd="done" pos="VB" lemma="work" wnsn="0" lexsn="2:32:00::">worked</wf>
<punc>,</punc>
<wf cmd="tag" pos="NNP">Miss_McCullers</wf>
<wf cmd="done" pos="VB" lemma="use" wnsn="1" lexsn="2:34:01::">uses</wf>
<wf cmd="ignore" pos="PRP$">her</wf>
<wf cmd="tag" pos="NN">poet</wf>
<wf cmd="ignore" pos="POS">'s</wf>
<wf cmd="tag" pos="NN">instinct</wf>
<wf cmd="ignore" pos="CC">and</wf>
<wf cmd="tag" pos="NN">storyteller</wf>
<wf cmd="ignore" pos="POS">'s</wf>
<wf cmd="tag" pos="NN">skill</wf>
<wf cmd="ignore" pos="TO">to</wf>
<wf cmd="done" pos="VB" lemma="reaffirm" wnsn="1" lexsn="2:32:00::">reaffirm</wf>
<wf cmd="ignore" pos="PRP$">her</wf>
<wf cmd="tag" pos="NN">place</wf>
<wf cmd="done" pos="VB" ot="notag">at</wf>
<wf cmd="ignore" pos="DT">the</wf>
<wf cmd="tag" pos="RB">very</wf>
<wf cmd="tag" pos="JJ">top</wf>
<wf cmd="ignore" pos="IN">of</wf>
<wf cmd="tag" pos="JJ">modern</wf>
<wf cmd="tag" pos="NNP">American</wf>
<wf cmd="tag" pos="NN">writing</wf>
<punc>.</punc>
</s>
</p>
<p pnum="12">
<s snum="44">
<wf cmd="ignore" pos="IN">With</wf>
<wf cmd="ignore" pos="DT">an</wf>
<wf cmd="tag" pos="NN">art</wf>
<wf cmd="ignore" pos="WDT">that</wf>
<wf cmd="tag" pos="RB">almost</wf>
<wf cmd="done" pos="VB" lemma="conceal" wnsn="1" lexsn="2:39:01::">conceals</wf>
<wf cmd="tag" pos="NN">art</wf>
<punc>,</punc>
<wf cmd="tag" pos="NNP">J._D._Salinger</wf>
<wf cmd="ignore" pos="MD">can</wf>
<wf cmd="done" pos="VB" lemma="create" wnsn="3" lexsn="2:36:01::">create</wf>
<wf cmd="ignore" pos="DT">a</wf>
<wf cmd="tag" pos="JJ">fictional</wf>
<wf cmd="tag" pos="NN">world</wf>
<wf cmd="tag" pos="RB">so</wf>
<wf cmd="tag" pos="JJ">authentic</wf>
<wf cmd="ignore" pos="IN">that</wf>
<wf cmd="ignore" pos="PRP">it</wf>
<wf cmd="done" pos="VB" lemma="hurt" wnsn="1" lexsn="2:39:00::">hurts</wf>
<punc>.</punc>
</s>
<s snum="45">
<wf cmd="tag" pos="RB">Here</wf>
<punc>,</punc>
<wf cmd="ignore" pos="IN">in</wf>
<wf cmd="tag" pos="RB">the_most</wf>
<wf cmd="tag" pos="RB">eagerly</wf>
<wf cmd="tag" pos="JJ">awaited</wf>
<wf cmd="tag" pos="NN">novel</wf>
<wf cmd="ignore" pos="IN">of</wf>
<wf cmd="ignore" pos="DT">the</wf>
<wf cmd="tag" pos="NN">season</wf>
<punc>(</punc>
<wf cmd="ignore" pos="PRP$">his</wf>
<wf cmd="tag" pos="JJ">first</wf>
<wf cmd="ignore" pos="IN">since</wf>
<wf cmd="ignore" pos="DT">The</wf>
<wf cmd="tag" pos="NNP">Catcher</wf>
<wf cmd="ignore" pos="IN">in</wf>
<wf cmd="ignore" pos="DT">the</wf>
<wf cmd="tag" pos="NNP">Rye</wf>
<punc>)</punc>
<punc>,</punc>
<wf cmd="ignore" pos="PRP">he</wf>
<wf cmd="done" pos="VB" lemma="tell" wnsn="3" lexsn="2:32:01::">tells</wf>
<wf cmd="ignore" pos="IN">of</wf>
<wf cmd="ignore" pos="DT">a</wf>
<wf cmd="tag" pos="NN">college_girl</wf>
<wf cmd="ignore" pos="IN">in</wf>
<wf cmd="tag" pos="NN">flight</wf>
<wf cmd="ignore" pos="IN">from</wf>
<wf cmd="ignore" pos="DT">the</wf>
<wf cmd="tag" pos="NN">life</wf>
<wf cmd="ignore" pos="IN">around</wf>
<wf cmd="ignore" pos="PRP$">her</wf>
<wf cmd="ignore" pos="CC">and</wf>
<wf cmd="ignore" pos="DT">the</wf>
<wf cmd="tag" pos="JJ">tart</wf>
<wf cmd="ignore" pos="CC">but</wf>
<wf cmd="tag" pos="JJ">sympathetic</wf>
<wf cmd="tag" pos="NN">help</wf>
<wf cmd="ignore" pos="PRP">she</wf>
<wf cmd="done" pos="VB" lemma="get" wnsn="1" lexsn="2:40:00::">gets</wf>
<wf cmd="ignore" pos="IN">from</wf>
<wf cmd="ignore" pos="PRP$">her</wf>
<wf cmd="tag" pos="CD">25</wf>
<punc>-</punc>
<wf cmd="tag" pos="JJ">year-old</wf>
<wf cmd="tag" pos="NN">brother</wf>
<punc>.</punc>
</s>
</p>
<p pnum="13">
<s snum="46">
<wf cmd="tag" pos="NNP">Althea_Urn</wf>
<punc>.</punc>
</s>
<s snum="47">
<wf cmd="ignore" pos="DT">A</wf>
<wf cmd="tag" pos="JJ">deft</wf>
<punc>,</punc>
<wf cmd="tag" pos="JJ">hilarious</wf>
<wf cmd="tag" pos="NN">satire</wf>
<wf cmd="ignore" pos="IN">on</wf>
<wf cmd="tag" pos="RB">very</wf>
<wf cmd="tag" pos="JJ">high</wf>
<wf cmd="tag" pos="JJ">French</wf>
<wf cmd="tag" pos="NN">society</wf>
<wf cmd="done" pos="VB" lemma="involve" wnsn="1" lexsn="2:42:01::">involving</wf>
<wf cmd="ignore" pos="DT">a</wf>
<wf cmd="tag" pos="NN">statesman</wf>
<wf cmd="ignore" pos="IN">with</wf>
<wf cmd="tag" pos="CD">two</wf>
<wf cmd="tag" pos="JJ">enviable</wf>
<wf cmd="tag" pos="NNS">possessions</wf>
<punc>,</punc>
<wf cmd="ignore" pos="DT">a</wf>
<wf cmd="tag" pos="JJ">lovely</wf>
<wf cmd="tag" pos="JJ">young</wf>
<wf cmd="tag" pos="NN">bride</wf>
<wf cmd="ignore" pos="CC">and</wf>
<wf cmd="ignore" pos="DT">a</wf>
<wf cmd="tag" pos="NN">head</wf>
<wf cmd="done" pos="VB" lemma="contain" wnsn="2" lexsn="2:42:13::">containing</wf>
<wf cmd="tag" pos="JJ">such</wf>
<wf cmd="tag" pos="JJ">weighty</wf>
<wf cmd="tag" pos="NNS">thoughts</wf>
<wf cmd="ignore" pos="IN">that</wf>
<wf cmd="ignore" pos="PRP">he</wf>
<wf cmd="done" rdf="has_to" pos="VBZ" ot="notag">has</wf>
<wf cmd="tag" pos="RB">occasionally</wf>
<wf cmd="ignore" pos="TO">to</wf>
<wf cmd="done" pos="VB" lemma="remove" wnsn="1" lexsn="2:30:00::">remove</wf>
<wf cmd="ignore" pos="PRP">it</wf>
<wf cmd="ignore" pos="IN">for</wf>
<wf cmd="tag" pos="JJR">greater</wf>
<wf cmd="tag" pos="NN">comfort</wf>
<punc>.</punc>
</s>
<s snum="48">
<wf cmd="ignore" pos="EX">There</wf>
<wf cmd="done" pos="VB" lemma="be" wnsn="4" lexsn="2:42:00::">is</wf>
<wf cmd="tag" pos="RB">probably</wf>
<wf cmd="ignore" pos="DT">a</wf>
<wf cmd="tag" pos="JJ">moral</wf>
<wf cmd="tag" pos="RB">in_all</wf>
<wf cmd="ignore" pos="DT">this</wf>
<wf cmd="ignore" pos="IN">about</wf>
<punc>``</punc>
<wf cmd="tag" pos="NN">mind</wf>
<wf cmd="ignore" pos="IN">vs.</wf>
<wf cmd="tag" pos="NN">heart</wf>
<punc>''</punc>
<punc>.</punc>
</s>
</p>
<p pnum="14">
<s snum="49">
<wf cmd="tag" pos="NNP">Virgilia_Peterson</wf>
<punc>,</punc>
<wf cmd="ignore" pos="DT">a</wf>
<wf cmd="tag" pos="NN">critic</wf>
<wf cmd="ignore" pos="IN">by</wf>
<wf cmd="tag" pos="NN">trade</wf>
<punc>,</punc>
<wf cmd="done" pos="VBZ" ot="notag">has</wf>
<wf cmd="done" pos="VB" lemma="turn" wnsn="1" lexsn="2:38:00::">turned</wf>
<wf cmd="ignore" pos="PRP$">her</wf>
<wf cmd="tag" pos="JJ">critical</wf>
<wf cmd="tag" pos="NN">eye</wf>
<wf cmd="tag" pos="RB">pitilessly</wf>
<wf cmd="ignore" pos="CC">and</wf>
<wf cmd="tag" pos="RB">honestly</wf>
<wf cmd="ignore" pos="IN">on</wf>
<wf cmd="ignore" pos="PRP">herself</wf>
<wf cmd="ignore" pos="IN">in</wf>
<wf cmd="ignore" pos="DT">an</wf>
<wf cmd="tag" pos="NN">autobiography</wf>
<wf cmd="tag" pos="JJR">more</wf>
<wf cmd="ignore" pos="IN">of</wf>
<wf cmd="ignore" pos="DT">the</wf>
<wf cmd="tag" pos="NN">mind</wf>
<wf cmd="ignore" pos="CC">and</wf>
<wf cmd="tag" pos="NN">heart</wf>
<wf cmd="ignore" pos="IN">than</wf>
<wf cmd="ignore" pos="IN">of</wf>
<wf cmd="tag" pos="JJ">specific</wf>
<wf cmd="tag" pos="NNS">events</wf>
<punc>.</punc>
</s>
<s snum="50">
<wf cmd="ignore" pos="PRP">It</wf>
<wf cmd="done" pos="VB" lemma="be" wnsn="2" lexsn="2:42:06::">is</wf>
<wf cmd="ignore" pos="DT">an</wf>
<wf cmd="tag" pos="JJ">engrossing</wf>
<wf cmd="tag" pos="NN">commentary</wf>
<wf cmd="ignore" pos="IN">on</wf>
<wf cmd="ignore" pos="DT">a</wf>
<wf cmd="tag" pos="JJ">repressive</wf>
<punc>,</punc>
<wf cmd="tag" pos="JJ">upper-middle-class</wf>
<wf cmd="tag" pos="NN">New_York</wf>
<wf cmd="tag" pos="NN">way_of_life</wf>
<wf cmd="ignore" pos="IN">in</wf>
<wf cmd="ignore" pos="DT">the</wf>
<wf cmd="tag" pos="JJ">first</wf>
<wf cmd="tag" pos="NN">part</wf>
<wf cmd="tag" pos="RB">of_this</wf>
<wf cmd="tag" pos="NN">century</wf>
<punc>.</punc>
</s>
</p>
<p pnum="15">
<s snum="51">
<wf cmd="ignore" pos="DT">This</wf>
<wf cmd="tag" pos="NN">retelling</wf>
<wf cmd="ignore" pos="IN">by</wf>
<wf cmd="tag" pos="NNP">Louis_Zara</wf>
<wf cmd="ignore" pos="IN">of</wf>
<wf cmd="ignore" pos="DT">the</wf>
<wf cmd="tag" pos="JJ">brief</wf>
<punc>,</punc>
<wf cmd="tag" pos="JJ">anguished</wf>
<wf cmd="tag" pos="NN">life</wf>
<wf cmd="ignore" pos="IN">of</wf>
<wf cmd="tag" pos="NNP">Stephen_Crane</wf>
<punc>-</punc>
<wf cmd="tag" pos="NN">poet</wf>
<wf cmd="ignore" pos="CC">and</wf>
<wf cmd="tag" pos="NN">master</wf>
<wf cmd="tag" pos="NN">novelist</wf>
<wf cmd="ignore" pos="IN">at</wf>
<wf cmd="tag" pos="CD">23</wf>
<punc>,</punc>
<wf cmd="tag" pos="JJ">dead</wf>
<wf cmd="ignore" pos="IN">at</wf>
<wf cmd="tag" pos="CD">28</wf>
<punc>-</punc>
<wf cmd="done" pos="VB" lemma="be" wnsn="5" lexsn="2:42:04::">is</wf>
<wf cmd="ignore" pos="IN">in</wf>
<wf cmd="tag" pos="JJ">novelized</wf>
<wf cmd="tag" pos="NN">form</wf>
<wf cmd="ignore" pos="CC">but</wf>
<wf cmd="done" pos="VBZ" ot="notag">does</wf>
<wf cmd="tag" pos="RB">not</wf>
<wf cmd="done" pos="VB" lemma="abuse" wnsn="2" lexsn="2:30:00::">abuse</wf>
<wf cmd="ignore" pos="PRP$">its</wf>
<wf cmd="tag" pos="JJ">tragic</wf>
<wf cmd="tag" pos="NN">subject</wf>
<punc>.</punc>
</s>
</p>
<p pnum="16">
<s snum="52">
<wf cmd="tag" pos="NNP">Rachel_Peden</wf>
<punc>.</punc>
</s>
<s snum="53">
<wf cmd="tag" pos="JJ">Subtitled</wf>
<wf cmd="ignore" pos="DT">A</wf>
<wf cmd="tag" pos="NNP">Farmwife</wf>
<wf cmd="ignore" pos="POS">'s</wf>
<wf cmd="tag" pos="NNP">Almanac</wf>
<wf cmd="ignore" pos="IN">of</wf>
<wf cmd="tag" pos="NNP">Country_Living</wf>
<punc>,</punc>
<wf cmd="ignore" pos="DT">this</wf>
<wf cmd="done" pos="VB" lemma="be" wnsn="2" lexsn="2:42:06::">is</wf>
<wf cmd="ignore" pos="DT">a</wf>
<wf cmd="tag" pos="JJ">gentle</wf>
<wf cmd="ignore" pos="CC">and</wf>
<wf cmd="tag" pos="JJ">nostalgic</wf>
<wf cmd="tag" pos="NN">chronicle</wf>
<wf cmd="ignore" pos="IN">of</wf>
<wf cmd="ignore" pos="DT">the</wf>
<wf cmd="tag" pos="JJ">changing</wf>
<wf cmd="tag" pos="NNS">seasons</wf>
<wf cmd="done" pos="VB" lemma="see" wnsn="4" lexsn="2:36:00::">seen</wf>
<wf cmd="done" pos="VB" ot="notag">through</wf>
<wf cmd="ignore" pos="DT">the</wf>
<wf cmd="tag" pos="JJ">clear</wf>
<punc>,</punc>
<wf cmd="tag" pos="JJ">humorous</wf>
<wf cmd="tag" pos="NN">eye</wf>
<wf cmd="ignore" pos="IN">of</wf>
<wf cmd="ignore" pos="DT">a</wf>
<wf cmd="tag" pos="NNP">Hoosier</wf>
<wf cmd="tag" pos="NN">housewife</wf>
<wf cmd="ignore" pos="CC">and</wf>
<wf cmd="tag" pos="JJ">popular</wf>
<wf cmd="tag" pos="NN">columnist</wf>
<punc>.</punc>
</s>
</p>
<p pnum="17">
<s snum="54">
<wf cmd="tag" pos="CD">Two</wf>
<wf cmd="tag" pos="JJ">noted</wf>
<wf cmd="tag" pos="NNS">troupes</wf>
<wf cmd="ignore" pos="IN">from</wf>
<wf cmd="tag" pos="NN">overseas</wf>
<wf cmd="ignore" pos="MD">will</wf>
<wf cmd="done" pos="VB" lemma="get" wnsn="3" lexsn="2:30:02::">get</wf>
<wf cmd="ignore" pos="DT">the</wf>
<wf cmd="tag" pos="NN">fall</wf>
<wf cmd="tag" pos="NN">dance</wf>
<wf cmd="tag" pos="NN">season</wf>
<wf cmd="tag" pos="RB">off</wf>
<wf cmd="ignore" pos="TO">to</wf>
<wf cmd="ignore" pos="DT">a</wf>
<wf cmd="tag" pos="JJ">sparkling</wf>
<wf cmd="tag" pos="NN">start</wf>
<punc>.</punc>
</s>
<s snum="55">
<wf cmd="tag" pos="NNP">Leningrad</wf>
<wf cmd="ignore" pos="POS">'s</wf>
<wf cmd="tag" pos="NNP">Kirov_Ballet</wf>
<punc>,</punc>
<wf cmd="tag" pos="JJ">famous</wf>
<wf cmd="ignore" pos="IN">for</wf>
<wf cmd="tag" pos="JJ">classic</wf>
<wf cmd="tag" pos="NN">purity</wf>
<wf cmd="ignore" pos="IN">of</wf>
<wf cmd="tag" pos="NN">technique</wf>
<punc>,</punc>
<wf cmd="done" pos="VB" lemma="begin" wnsn="3" lexsn="2:30:01::">begins</wf>
<wf cmd="ignore" pos="PRP$">its</wf>
<wf cmd="tag" pos="JJ">first</wf>
<wf cmd="tag" pos="NNP">U._S.</wf>
<wf cmd="tag" pos="NN">tour</wf>
<wf cmd="ignore" pos="IN">in</wf>
<wf cmd="tag" pos="NN">New_York</wf>
<punc>(</punc>
<wf cmd="ignore" pos="IN">through</wf>
<wf cmd="tag" pos="NNP">Sept</wf>
<wf cmd="tag" pos="CD">.30</wf>
<punc>)</punc>
<punc>.</punc>
</s>
<s snum="56">
<wf cmd="ignore" pos="DT">The</wf>
<wf cmd="tag" pos="NNP">Bayanihan_Philippine_Dance_Company</wf>
<punc>,</punc>
<wf cmd="ignore" pos="IN">with</wf>
<wf cmd="tag" pos="NN">music</wf>
<wf cmd="ignore" pos="CC">and</wf>
<wf cmd="tag" pos="NNS">dances</wf>
<wf cmd="ignore" pos="WDT">that</wf>
<wf cmd="done" pos="VB" lemma="depict" wnsn="2" lexsn="2:32:01::">depict</wf>
<wf cmd="ignore" pos="DT">the</wf>
<wf cmd="tag" pos="JJ">many</wf>
<wf cmd="tag" pos="NNS">facets</wf>
<wf cmd="ignore" pos="IN">of</wf>
<wf cmd="tag" pos="NNP">Filipino</wf>
<wf cmd="tag" pos="NN">culture</wf>
<punc>,</punc>
<wf cmd="done" pos="VB" lemma="open" wnsn="2" lexsn="2:41:00::">opens</wf>
<wf cmd="ignore" pos="PRP$">its</wf>
<wf cmd="tag" pos="CD">60</wf>
<punc>-</punc>
<wf cmd="tag" pos="NN">city</wf>
<wf cmd="tag" pos="NNP">U._S.</wf>
<wf cmd="tag" pos="NN">tour</wf>
<wf cmd="ignore" pos="IN">in</wf>
<wf cmd="tag" pos="NN">San_Francisco</wf>
<punc>(</punc>
<wf cmd="ignore" pos="IN">through</wf>
<wf cmd="tag" pos="NNP">Sept.</wf>
<wf cmd="tag" pos="CD">24</wf>
<punc>)</punc>
<wf cmd="tag" pos="RB">then</wf>
<punc>,</punc>
<wf cmd="ignore" pos="IN">via</wf>
<wf cmd="tag" pos="JJ">one-night</wf>
<wf cmd="tag" pos="NN">stands</wf>
<punc>,</punc>
<wf cmd="done" pos="VB" lemma="move_on" wnsn="1" lexsn="2:38:00::">moves_on</wf>
<wf cmd="ignore" pos="TO">to</wf>
<wf cmd="tag" pos="NNP">Los</wf>
<wf cmd="tag" pos="NN">los_Angeles</wf>
<punc>(</punc>
<wf cmd="tag" pos="NNP">Sept.</wf>
<wf cmd="tag" pos="CD">29</wf>
<punc>-</punc>
<wf cmd="tag" pos="NNP">Oct.</wf>
<wf cmd="tag" pos="CD">1</wf>
<punc>)</punc>
<punc>.</punc>
</s>
</p>
<p pnum="18">
<s snum="57">
<wf cmd="ignore" pos="IN">With</wf>
<wf cmd="tag" pos="NNS">harvests</wf>
<wf cmd="tag" pos="RB">in_full_swing</wf>
<punc>,</punc>
<wf cmd="ignore" pos="PRP">you</wf>
<wf cmd="ignore" pos="MD">can</wf>
<wf cmd="done" pos="VB" lemma="enjoy" wnsn="1" lexsn="2:37:00::">enjoy</wf>
<wf cmd="tag" pos="NNS">festivals</wf>
<wf cmd="ignore" pos="IN">for</wf>
<wf cmd="tag" pos="NNS">grapes</wf>
<wf cmd="ignore" pos="IN">at</wf>
<wf cmd="tag" pos="NNP">Sonoma</wf>
<punc>,</punc>
<wf cmd="tag" pos="NNP">Calif.</wf>
<punc>(</punc>
<wf cmd="tag" pos="NNP">Sept.</wf>
<wf cmd="tag" pos="CD">22</wf>
<punc>-</punc>
<wf cmd="tag" pos="CD">24</wf>
<punc>)</punc>
<punc>,</punc>
<wf cmd="tag" pos="RB">as_well</wf>
<wf cmd="ignore" pos="IN">as</wf>
<wf cmd="ignore" pos="IN">for</wf>
<wf cmd="tag" pos="NNS">cranberries</wf>
<wf cmd="ignore" pos="IN">at</wf>
<wf cmd="tag" pos="NNP">Bandon</wf>
<punc>,</punc>
<wf cmd="tag" pos="NNP">Ore.</wf>
<punc>(</punc>
<wf cmd="tag" pos="NNP">Sept.</wf>
<wf cmd="tag" pos="CD">28</wf>
<punc>-</punc>
<wf cmd="tag" pos="NNP">Oct.</wf>
<wf cmd="tag" pos="CD">1</wf>
<punc>)</punc>
<punc>,</punc>
<wf cmd="ignore" pos="IN">for</wf>
<wf cmd="tag" pos="NN">buckwheat</wf>
<wf cmd="ignore" pos="IN">at</wf>
<wf cmd="tag" pos="NNP">Kingwood</wf>
<punc>,</punc>
<wf cmd="tag" pos="NNP">W._Va.</wf>
<punc>(</punc>
<wf cmd="tag" pos="NNP">Sept.</wf>
<wf cmd="tag" pos="CD">28</wf>
<punc>-</punc>
<wf cmd="tag" pos="CD">30</wf>
<punc>)</punc>
<punc>,</punc>
<wf cmd="tag" pos="NN">sugar_cane</wf>
<wf cmd="ignore" pos="IN">at</wf>
<wf cmd="tag" pos="NNP">New_Iberia</wf>
<punc>,</punc>
<wf cmd="tag" pos="NNP">La.</wf>
<punc>(</punc>
<wf cmd="tag" pos="NNP">Sept.</wf>
<wf cmd="tag" pos="CD">29</wf>
<punc>-</punc>
<wf cmd="tag" pos="NNP">Oct.</wf>
<wf cmd="tag" pos="CD">1</wf>
<punc>)</punc>
<wf cmd="ignore" pos="CC">and</wf>
<wf cmd="tag" pos="NN">tobacco</wf>
<wf cmd="ignore" pos="IN">at</wf>
<wf cmd="tag" pos="NNP">Richmond</wf>
<punc>,</punc>
<wf cmd="tag" pos="NNP">Va.</wf>
<punc>(</punc>
<wf cmd="tag" pos="NNP">Sept.</wf>
<wf cmd="tag" pos="CD">23</wf>
<punc>-</punc>
<wf cmd="tag" pos="CD">30</wf>
<punc>)</punc>
<punc>.</punc>
</s>
</p>
<p pnum="19">
<s snum="58">
<wf cmd="ignore" pos="DT">The</wf>
<wf cmd="tag" pos="NN">mule</wf>
<wf cmd="done" pos="VBZ" ot="notag">is</wf>
<wf cmd="done" pos="VB" lemma="honor" wnsn="1" lexsn="2:41:00::">honored</wf>
<wf cmd="ignore" pos="IN">at</wf>
<wf cmd="tag" pos="NNP">Benson</wf>
<punc>,</punc>
<wf cmd="tag" pos="NNP">N._C.</wf>
<punc>(</punc>
<wf cmd="tag" pos="NNP">Sept.</wf>
<wf cmd="tag" pos="CD">22</wf>
<punc>,</punc>
<wf cmd="tag" pos="CD">23</wf>
<punc>)</punc>
<wf cmd="ignore" pos="CC">and</wf>
<wf cmd="ignore" pos="IN">at</wf>
<wf cmd="tag" pos="NNP">Boron</wf>
<punc>,</punc>
<wf cmd="tag" pos="NNP">Calif.</wf>
<punc>(</punc>
<wf cmd="tag" pos="NNP">Sept.</wf>
<wf cmd="tag" pos="CD">24</wf>
<punc>-</punc>
<wf cmd="tag" pos="NNP">Oct.</wf>
<wf cmd="tag" pos="CD">1</wf>
<punc>)</punc>
<punc>,</punc>
<wf cmd="ignore" pos="IN">while</wf>
<wf cmd="ignore" pos="DT">the</wf>
<wf cmd="tag" pos="NN">legend</wf>
<wf cmd="ignore" pos="IN">of</wf>
<wf cmd="ignore" pos="DT">the</wf>
<wf cmd="tag" pos="NNP">Maid</wf>
<wf cmd="ignore" pos="IN">of</wf>
<wf cmd="ignore" pos="DT">the</wf>
<wf cmd="tag" pos="NNP">Mist</wf>
<wf cmd="done" pos="VBZ" ot="notag">is</wf>
<wf cmd="done" pos="VB" lemma="celebrate" wnsn="3" lexsn="2:41:02::">celebrated</wf>
<wf cmd="ignore" pos="IN">at</wf>
<wf cmd="tag" pos="NN">Niagara_Falls</wf>
<wf cmd="done" pos="VB" ot="notag">through</wf>
<wf cmd="ignore" pos="DT">the</wf>
<wf cmd="tag" pos="CD">24</wf>
<wf cmd="ignore" pos="DT">th</wf>
<punc>.</punc>
</s>
<s snum="59">
<wf cmd="ignore" pos="DT">The</wf>
<wf cmd="tag" pos="JJ">fine</wf>
<wf cmd="tag" pos="JJ">old</wf>
<wf cmd="tag" pos="NNS">mansions</wf>
<wf cmd="ignore" pos="IN">of</wf>
<wf cmd="tag" pos="NNP">U._S._Grant</wf>
<wf cmd="ignore" pos="POS">'s</wf>
<wf cmd="tag" pos="JJ">old</wf>
<wf cmd="tag" pos="NN">home</wf>
<wf cmd="tag" pos="NN">town</wf>
<wf cmd="ignore" pos="IN">of</wf>
<wf cmd="tag" pos="NNP">Galena</wf>
<punc>,</punc>
<wf cmd="tag" pos="NNP">Ill.</wf>
<wf cmd="done" pos="VB" lemma="be" wnsn="1" lexsn="2:42:03::">are</wf>
<wf cmd="tag" pos="JJ">open</wf>
<wf cmd="ignore" pos="IN">for</wf>
<wf cmd="tag" pos="NN">inspection</wf>
<punc>(</punc>
<wf cmd="tag" pos="NNP">Sept.</wf>
<wf cmd="tag" pos="CD">23</wf>
<punc>,</punc>
<wf cmd="tag" pos="CD">24</wf>
<punc>)</punc>
<punc>.</punc>
</s>
<s snum="60">
<wf cmd="ignore" pos="DT">An</wf>
<wf cmd="tag" pos="NN">archery</wf>
<wf cmd="tag" pos="NN">tournament</wf>
<wf cmd="ignore" pos="MD">will</wf>
<wf cmd="done" pos="VB" ot="notag">be</wf>
<wf cmd="done" pos="VB" lemma="hold" wnsn="3" lexsn="2:36:00::">held</wf>
<wf cmd="ignore" pos="IN">at</wf>
<wf cmd="tag" pos="NNP">North_Falmouth</wf>
<punc>,</punc>
<wf cmd="tag" pos="NNP">Mass.</wf>
<punc>(</punc>
<wf cmd="tag" pos="NNP">Sept.</wf>
<wf cmd="tag" pos="CD">23</wf>
<punc>,</punc>
<wf cmd="tag" pos="CD">24</wf>
<punc>)</punc>
<punc>.</punc>
</s>
<s snum="61">
<wf cmd="ignore" pos="DT">The</wf>
<wf cmd="tag" pos="CD">300</wf>
<wf cmd="ignore" pos="DT">th</wf>
<wf cmd="tag" pos="NNS">anniversaries</wf>
<wf cmd="ignore" pos="IN">of</wf>
<wf cmd="tag" pos="NN">Staten_Island</wf>
<punc>(</punc>
<wf cmd="ignore" pos="IN">through</wf>
<wf cmd="tag" pos="NNP">Sept.</wf>
<wf cmd="tag" pos="CD">23</wf>
<punc>)</punc>
<wf cmd="ignore" pos="CC">and</wf>
<wf cmd="ignore" pos="IN">of</wf>
<wf cmd="tag" pos="NNP">Mamaroneck</wf>
<punc>,</punc>
<wf cmd="tag" pos="NNP">N._Y.</wf>
<punc>(</punc>
<wf cmd="ignore" pos="IN">through</wf>
<wf cmd="tag" pos="NNP">Sept.</wf>
<wf cmd="tag" pos="CD">24</wf>
<punc>)</punc>
<wf cmd="ignore" pos="MD">will</wf>
<wf cmd="ignore" pos="DT">both</wf>
<wf cmd="done" pos="VB" lemma="include" wnsn="1" lexsn="2:42:00::">include</wf>
<wf cmd="tag" pos="NNS">parades</wf>
<wf cmd="ignore" pos="CC">and</wf>
<wf cmd="tag" pos="NNS">pageants</wf>
<punc>.</punc>
</s>
</p>
<p pnum="20">
<s snum="62">
<wf cmd="ignore" pos="DT">This</wf>
<wf cmd="tag" pos="JJ">French</wf>
<wf cmd="tag" pos="NN">film</wf>
<punc>,</punc>
<wf cmd="done" pos="VB" lemma="set" wnsn="9" lexsn="2:36:01::">set</wf>
<wf cmd="done" pos="VB" ot="notag">in</wf>
<wf cmd="tag" pos="NNP">Italy</wf>
<punc>,</punc>
<wf cmd="done" pos="VB" lemma="be" wnsn="2" lexsn="2:42:06::">is</wf>
<wf cmd="ignore" pos="DT">a</wf>
<wf cmd="tag" pos="NN">summertime</wf>
<wf cmd="tag" pos="NN">splurge</wf>
<wf cmd="ignore" pos="IN">in</wf>
<wf cmd="tag" pos="NN">shock</wf>
<wf cmd="ignore" pos="CC">and</wf>
<wf cmd="tag" pos="NN">terror</wf>
<wf cmd="ignore" pos="DT">all</wf>
<wf cmd="done" pos="VB" lemma="shoot" wnsn="4" lexsn="2:32:01::">shot</wf>
<wf cmd="ignore" pos="IN">in</wf>
<wf cmd="tag" pos="JJ">lovely</wf>
<wf cmd="tag" pos="JJ">sunny</wf>
<wf cmd="tag" pos="NN">scenery</wf>
<punc>-</punc>
<wf cmd="tag" pos="RB">so</wf>
<wf cmd="tag" pos="JJ">breath-taking</wf>
<wf cmd="ignore" pos="IN">that</wf>
<wf cmd="tag" pos="RB">at_times</wf>
<wf cmd="ignore" pos="PRP">you</wf>
<wf cmd="tag" pos="RB">almost</wf>
<wf cmd="done" pos="VB" lemma="forget" wnsn="1" lexsn="2:31:01::">forget</wf>
<wf cmd="ignore" pos="DT">the</wf>
<wf cmd="tag" pos="NNS">horrors</wf>
<wf cmd="ignore" pos="DT">the</wf>
<wf cmd="tag" pos="NN">movie</wf>
<wf cmd="done" pos="VBZ" ot="notag">is</wf>
<wf cmd="done" pos="VB" lemma="deal" wnsn="1" lexsn="2:32:08::">dealing</wf>
<wf cmd="done" pos="VB" ot="notag">with</wf>
<punc>.</punc>
</s>
<s snum="63">
<wf cmd="ignore" pos="CC">But</wf>
<wf cmd="tag" pos="RB">slowly</wf>
<wf cmd="ignore" pos="PRP">they</wf>
<wf cmd="done" pos="VB" lemma="take_over" wnsn="3" lexsn="2:41:00::">take_over</wf>
<wf cmd="ignore" pos="IN">as</wf>
<wf cmd="tag" pos="NNP">Alain_Delon</wf>
<punc>(</punc>
<wf cmd="tag" pos="NNP">Life</wf>
<punc>,</punc>
<wf cmd="tag" pos="NNP">Sept.</wf>
<wf cmd="tag" pos="CD">15</wf>
<punc>)</punc>
<punc>,</punc>
<wf cmd="done" pos="VB" lemma="play" wnsn="4" lexsn="2:36:02::">playing</wf>
<wf cmd="ignore" pos="DT">a</wf>
<wf cmd="tag" pos="RB">sometimes</wf>
<wf cmd="tag" pos="JJ">appealing</wf>
<wf cmd="ignore" pos="CC">but</wf>
<wf cmd="tag" pos="RB">always</wf>
<wf cmd="tag" pos="JJ">criminal</wf>
<wf cmd="tag" pos="NN">boy</wf>
<punc>,</punc>
<wf cmd="tag" pos="RB">casually</wf>
<wf cmd="done" pos="VB" lemma="tell" wnsn="1" lexsn="2:32:04::">tells</wf>
<wf cmd="ignore" pos="DT">a</wf>
<wf cmd="tag" pos="JJ">rich</wf>
<wf cmd="ignore" pos="CC">and</wf>
<wf cmd="tag" pos="JJ">foot-loose</wf>
<wf cmd="tag" pos="NNP">American</wf>
<wf cmd="ignore" pos="IN">that</wf>
<wf cmd="ignore" pos="PRP">he</wf>
<wf cmd="done" pos="VBZ" ot="notag">is</wf>
<wf cmd="done" pos="VB" ot="notag">going_to</wf>
<wf cmd="done" pos="VB" lemma="murder" wnsn="1" lexsn="2:41:00::">murder</wf>
<wf cmd="ignore" pos="PRP">him</wf>
<punc>,</punc>
<wf cmd="tag" pos="RB">then</wf>
<wf cmd="done" pos="VB" lemma="do" wnsn="1" lexsn="2:41:01::">does</wf>
<wf cmd="done" pos="VB" ot="notag">it</wf>
<wf cmd="tag" pos="RB">even</wf>
<wf cmd="ignore" pos="IN">while</wf>
<wf cmd="ignore" pos="DT">the</wf>
<wf cmd="tag" pos="NNP">American</wf>
<wf cmd="done" pos="VBZ" ot="notag">is</wf>
<wf cmd="done" pos="VB" lemma="try" wnsn="1" lexsn="2:41:00::">trying</wf>
<wf cmd="ignore" pos="TO">to</wf>
<wf cmd="done" pos="VB" lemma="puzzle_out" wnsn="1" lexsn="2:31:00::">puzzle_out</wf>
<wf cmd="ignore" pos="WRB">how</wf>
<wf cmd="tag" pos="NNP">Delon</wf>
<wf cmd="done" pos="VB" lemma="expect" wnsn="1" lexsn="2:31:00::">expects</wf>
<wf cmd="ignore" pos="TO">to</wf>
<wf cmd="done" pos="VB" lemma="profit" wnsn="2" lexsn="2:40:00::">profit</wf>
<wf cmd="done" pos="VB" ot="notag">from</wf>
<wf cmd="ignore" pos="DT">the</wf>
<wf cmd="tag" pos="NN">act</wf>
<punc>.</punc>
</s>
</p>
<p pnum="21">
<s snum="64">
<wf cmd="tag" pos="NNP">Callas</wf>
<wf cmd="tag" pos="NNS">devotees</wf>
<wf cmd="ignore" pos="MD">will</wf>
<wf cmd="done" pos="VB" lemma="have" wnsn="1" lexsn="2:40:00::">have</wf>
<wf cmd="tag" pos="JJ">good</wf>
<wf cmd="tag" pos="NN">reason</wf>
<wf cmd="ignore" pos="TO">to</wf>
<wf cmd="done" pos="VB" lemma="do" wnsn="2" lexsn="2:36:01::">do</wf>
<wf cmd="ignore" pos="PRP$">their</wf>
<wf cmd="tag" pos="JJ">customary</wf>
<wf cmd="tag" pos="NN">cart</wf>
<wf cmd="tag" pos="NNS">wheels</wf>
<wf cmd="ignore" pos="IN">over</wf>
<wf cmd="ignore" pos="DT">a</wf>
<wf cmd="tag" pos="JJ">new</wf>
<wf cmd="ignore" pos="CC">and</wf>
<wf cmd="tag" pos="JJ">complete</wf>
<wf cmd="tag" pos="NN">stereo</wf>
<wf cmd="tag" pos="NN">version</wf>
<wf cmd="ignore" pos="IN">of</wf>
<wf cmd="ignore" pos="DT">the</wf>
<wf cmd="tag" pos="NNP">Bellini</wf>
<wf cmd="tag" pos="NN">opera</wf>
<punc>.</punc>
</s>
<s snum="65">
<wf cmd="tag" pos="NNP">Maria</wf>
<wf cmd="done" pos="VB" lemma="go_all_out" wnsn="1" lexsn="2:41:00::">goes_all_out</wf>
<wf cmd="ignore" pos="IN">as</wf>
<wf cmd="ignore" pos="DT">a</wf>
<wf cmd="tag" pos="NN">Druid</wf>
<wf cmd="tag" pos="NN">princess</wf>
<wf cmd="ignore" pos="WP">who</wf>
<wf cmd="done" pos="VBZ" ot="notag">gets</wf>
<wf cmd="done" pos="VB" lemma="twotime" wnsn="0" lexsn="2:41:00::">two-timed</wf>
<wf cmd="ignore" pos="IN">by</wf>
<wf cmd="ignore" pos="DT">a</wf>
<wf cmd="tag" pos="NNP">Roman</wf>
<wf cmd="tag" pos="NN">big_shot</wf>
<punc>.</punc>
</s>
<s snum="66">
<wf cmd="ignore" pos="IN">By</wf>
<wf cmd="tag" pos="NN">turns</wf>
<punc>,</punc>
<wf cmd="ignore" pos="PRP$">her</wf>
<wf cmd="tag" pos="RB">beautifully</wf>
<wf cmd="done" pos="VB" lemma="sing" wnsn="1" lexsn="2:36:01::">sung</wf>
<wf cmd="tag" pos="NNP">Norma</wf>
<wf cmd="done" pos="VB" lemma="be" wnsn="1" lexsn="2:42:03::">is</wf>
<wf cmd="tag" pos="JJ">fierce</wf>
<punc>,</punc>
<wf cmd="tag" pos="NN">tender</wf>
<punc>,</punc>
<wf cmd="tag" pos="JJ">venomous</wf>
<wf cmd="ignore" pos="CC">and</wf>
<wf cmd="tag" pos="JJ">pitiful</wf>
<punc>.</punc>
</s>
<s snum="67">
<wf cmd="ignore" pos="DT">The</wf>
<wf cmd="tag" pos="NN">tenor</wf>
<wf cmd="tag" pos="NN">lead</wf>
<punc>,</punc>
<wf cmd="tag" pos="NNP">Franco_Corelli</wf>
<punc>,</punc>
<wf cmd="ignore" pos="CC">and</wf>
<wf cmd="tag" pos="NNP">La_Scala</wf>
<wf cmd="tag" pos="NN">cast</wf>
<wf cmd="ignore" pos="IN">under</wf>
<wf cmd="tag" pos="NNP">Maestro_Tullio_Serafin</wf>
<wf cmd="done" pos="VB" lemma="be" wnsn="1" lexsn="2:42:03::">are</wf>
<wf cmd="ignore" pos="DT">all</wf>
<wf cmd="tag" pos="JJ">first</wf>
<wf cmd="tag" pos="NN">rate</wf>
<punc>.</punc>
</s>
</p>
<p pnum="22">
<s snum="68">
<wf cmd="ignore" pos="IN">In</wf>
<wf cmd="ignore" pos="DT">a</wf>
<wf cmd="tag" pos="JJ">raucous</wf>
<wf cmd="tag" pos="NN">take-off</wf>
<wf cmd="ignore" pos="IN">on</wf>
<wf cmd="tag" pos="NN">radio</wf>
<wf cmd="tag" pos="NNS">commercials</wf>
<punc>,</punc>
<wf cmd="tag" pos="NNP">Singer_Ray_Stevens</wf>
<wf cmd="done" pos="VB" lemma="hawk" wnsn="1" lexsn="2:40:00::">hawks</wf>
<wf cmd="ignore" pos="DT">a</wf>
<wf cmd="tag" pos="NN">cure-all</wf>
<wf cmd="ignore" pos="IN">for</wf>
<wf cmd="tag" pos="NN">neuritis</wf>
<punc>,</punc>
<wf cmd="tag" pos="NN">neuralgia</wf>
<punc>,</punc>
<wf cmd="tag" pos="NN">head-cold</wf>
<wf cmd="tag" pos="NN">distress</wf>
<punc>,</punc>
<wf cmd="tag" pos="NN">beriberi</wf>
<punc>,</punc>
<wf cmd="tag" pos="JJ">overweight</wf>
<punc>,</punc>
<wf cmd="tag" pos="NN">fungus</wf>
<punc>,</punc>
<wf cmd="tag" pos="NN">mungus</wf>
<wf cmd="ignore" pos="CC">and</wf>
<wf cmd="tag" pos="NN">water</wf>
<wf cmd="ignore" pos="IN">on</wf>
<wf cmd="ignore" pos="DT">the</wf>
<wf cmd="tag" pos="NN">knee</wf>
<punc>.</punc>
</s>
<s snum="69">
<wf cmd="ignore" pos="IN">Of</wf>
<wf cmd="ignore" pos="DT">the</wf>
<wf cmd="tag" pos="NN">nation</wf>
<wf cmd="ignore" pos="POS">'s</wf>
<wf cmd="tag" pos="CD">eight</wf>
<wf cmd="tag" pos="CD">million</wf>
<wf cmd="tag" pos="NN">pleasure-boat</wf>
<wf cmd="tag" pos="NNS">owners</wf>
<wf cmd="ignore" pos="DT">a</wf>
<wf cmd="tag" pos="JJ">sizable</wf>
<wf cmd="tag" pos="NN">number</wf>
<wf cmd="done" pos="VBP" ot="notag">have</wf>
<wf cmd="done" pos="VB" lemma="learn" wnsn="2" lexsn="2:31:01::">learned</wf>
<wf cmd="ignore" pos="IN">that</wf>
<wf cmd="tag" pos="JJ">late</wf>
<wf cmd="tag" pos="NN">autumn</wf>
<wf cmd="done" pos="VB" lemma="be" wnsn="2" lexsn="2:42:06::">is</wf>
<wf cmd="tag" pos="CD">one</wf>
<wf cmd="ignore" pos="IN">of</wf>
<wf cmd="ignore" pos="DT">the</wf>
<wf cmd="tag" pos="JJS">loveliest</wf>
<wf cmd="tag" pos="NNS">seasons</wf>
<wf cmd="ignore" pos="TO">to</wf>
<wf cmd="done" pos="VB" lemma="be" wnsn="1" lexsn="2:42:03::">be</wf>
<wf cmd="tag" pos="JJ">afloat</wf>
<punc>-</punc>
<wf cmd="tag" pos="RB">at_least</wf>
<wf cmd="tag" pos="RB">in_that</wf>
<wf cmd="tag" pos="JJ">broad</wf>
<wf cmd="tag" pos="JJ">balmy</wf>
<wf cmd="tag" pos="NN">region</wf>
<wf cmd="ignore" pos="WDT">that</wf>
<wf cmd="done" pos="VB" lemma="lie" wnsn="1" lexsn="2:42:00::">lies</wf>
<wf cmd="ignore" pos="IN">below</wf>
<wf cmd="tag" pos="NNP">America</wf>
<wf cmd="ignore" pos="POS">'s</wf>
<wf cmd="tag" pos="NN">belt</wf>
<wf cmd="tag" pos="NN">line</wf>
<punc>.</punc>
</s>
<s snum="70">
<wf cmd="tag" pos="NNS">Waterways</wf>
<wf cmd="done" pos="VB" lemma="be" wnsn="1" lexsn="2:42:03::">are</wf>
<wf cmd="tag" pos="JJ">busy</wf>
<wf cmd="tag" pos="RB">right_now</wf>
<wf cmd="ignore" pos="IN">from</wf>
<wf cmd="ignore" pos="DT">the</wf>
<wf cmd="tag" pos="NNP">Virginia</wf>
<wf cmd="tag" pos="NNS">capes</wf>
<wf cmd="ignore" pos="TO">to</wf>
<wf cmd="ignore" pos="DT">the</wf>
<wf cmd="tag" pos="NNP">Texas</wf>
<wf cmd="tag" pos="NN">coast</wf>
<punc>.</punc>
</s>
<s snum="71">
<wf cmd="ignore" pos="EX">There</wf>
<wf cmd="tag" pos="JJ">true</wf>
<wf cmd="tag" pos="NNS">yachtsmen</wf>
<wf cmd="tag" pos="RB">often</wf>
<wf cmd="done" pos="VB" lemma="find" wnsn="5" lexsn="2:31:10::">find</wf>
<wf cmd="tag" pos="NNP">November</wf>
<wf cmd="tag" pos="NNS">winds</wf>
<wf cmd="tag" pos="JJR">steadier</wf>
<punc>,</punc>
<wf cmd="ignore" pos="DT">the</wf>
<wf cmd="tag" pos="NN">waters_cooler</wf>
<punc>,</punc>
<wf cmd="ignore" pos="DT">the</wf>
<wf cmd="tag" pos="NN">fish</wf>
<wf cmd="tag" pos="JJR">hungrier</wf>
<punc>,</punc>
<wf cmd="ignore" pos="CC">and</wf>
<wf cmd="tag" pos="NNS">rivers</wf>
<wf cmd="tag" pos="RBR">more</wf>
<wf cmd="tag" pos="JJ">pleasant</wf>
<punc>-</punc>
<wf cmd="tag" pos="JJR">less</wf>
<wf cmd="tag" pos="NN">turbulence</wf>
<wf cmd="ignore" pos="CC">and</wf>
<wf cmd="tag" pos="NN">mud</wf>
<punc>,</punc>
<wf cmd="ignore" pos="CC">and</wf>
<wf cmd="tag" pos="JJR">fewer</wf>
<wf cmd="tag" pos="JJ">floating</wf>
<wf cmd="tag" pos="NNS">logs</wf>
<punc>.</punc>
</s>
</p>
<p pnum="23">
<s snum="72">
<wf cmd="tag" pos="RB">More_and_more</wf>
<wf cmd="tag" pos="NNS">boats</wf>
<wf cmd="done" pos="VB" lemma="move" wnsn="1" lexsn="2:38:03::">move</wf>
<wf cmd="tag" pos="RB">overland</wf>
<wf cmd="ignore" pos="IN">on</wf>
<wf cmd="tag" pos="NNS">wheels</wf>
<punc>(</punc>
<wf cmd="tag" pos="CD">1.8</wf>
<wf cmd="tag" pos="CD">million</wf>
<wf cmd="tag" pos="NNS">trailers</wf>
<wf cmd="done" pos="VB" lemma="be" wnsn="1" lexsn="2:42:03::">are</wf>
<wf cmd="tag" pos="RB">now</wf>
<wf cmd="tag" pos="JJ">in_use</wf>
<punc>)</punc>
<wf cmd="ignore" pos="CC">and</wf>
<wf cmd="tag" pos="NNS">Midwesterners</wf>
<wf cmd="done" pos="VBG" ot="notag">taking</wf>
<wf cmd="tag" pos="JJ">long</wf>
<wf cmd="tag" pos="NNS">weekends</wf>
<wf cmd="ignore" pos="MD">can</wf>
<wf cmd="done" pos="VB" lemma="travel" wnsn="3" lexsn="2:38:01::">travel</wf>
<wf cmd="tag" pos="RB">south</wf>
<wf cmd="ignore" pos="IN">with</wf>
<wf cmd="ignore" pos="PRP$">their</wf>
<wf cmd="tag" pos="NN">craft</wf>
<punc>.</punc>
</s>
<s snum="73">
<wf cmd="ignore" pos="IN">In</wf>
<wf cmd="ignore" pos="DT">the</wf>
<wf cmd="tag" pos="NNP">Southwest</wf>
<punc>,</punc>
<wf cmd="ignore" pos="DT">the</wf>
<wf cmd="tag" pos="NN">fall</wf>
<wf cmd="done" pos="VB" lemma="bring_out" wnsn="1" lexsn="2:39:00::">brings_out</wf>
<wf cmd="tag" pos="NNS">flotillas</wf>
<wf cmd="ignore" pos="IN">of</wf>
<wf cmd="tag" pos="NNS">boatsmen</wf>
<wf cmd="ignore" pos="WP">who</wf>
<wf cmd="done" pos="VB" lemma="find" wnsn="5" lexsn="2:31:10::">find</wf>
<wf cmd="ignore" pos="DT">the</wf>
<wf cmd="tag" pos="NN">summer</wf>
<wf cmd="tag" pos="RB">too</wf>
<wf cmd="tag" pos="JJ">hot</wf>
<wf cmd="ignore" pos="IN">for</wf>
<wf cmd="tag" pos="NN">comfort</wf>
<punc>.</punc>
</s>
<s snum="74">
<wf cmd="ignore" pos="CC">And</wf>
<wf cmd="ignore" pos="IN">on</wf>
<wf cmd="tag" pos="JJ">northern</wf>
<wf cmd="tag" pos="NNS">shores</wf>
<wf cmd="tag" pos="JJ">indomitable</wf>
<wf cmd="tag" pos="NNS">sailors</wf>
<wf cmd="ignore" pos="IN">from</wf>
<wf cmd="tag" pos="NN">Long_Island</wf>
<wf cmd="ignore" pos="TO">to</wf>
<wf cmd="tag" pos="NN">Lake_Michigan</wf>
<wf cmd="ignore" pos="MD">will</wf>
<wf cmd="done" pos="VB" lemma="beat" wnsn="9" lexsn="2:38:01::">beat</wf>
<wf cmd="ignore" pos="IN">around</wf>
<wf cmd="ignore" pos="DT">the</wf>
<wf cmd="tag" pos="NNS">buoys</wf>
<wf cmd="ignore" pos="IN">in</wf>
<wf cmd="tag" pos="NNS">dozens</wf>
<wf cmd="ignore" pos="IN">of</wf>
<wf cmd="tag" pos="NN">frostbite</wf>
<wf cmd="tag" pos="NNS">races</wf>
<punc>.</punc>
</s>
<s snum="75">
<wf cmd="ignore" pos="DT">Some</wf>
<wf cmd="tag" pos="JJ">pleasant</wf>
<wf cmd="tag" pos="NN">fall</wf>
<wf cmd="tag" pos="JJ">cruising</wf>
<wf cmd="tag" pos="NN">country</wf>
<wf cmd="done" pos="VBZ" ot="notag">is</wf>
<wf cmd="done" pos="VB" lemma="map" wnsn="1" lexsn="2:36:00::">mapped</wf>
<wf cmd="done" pos="VB" ot="notag">out</wf>
<wf cmd="tag" pos="RB">below</wf>
<punc>.</punc>
</s>
</p>
<p pnum="24">
<s snum="76">
<wf cmd="tag" pos="NN">Pleasure</wf>
<wf cmd="tag" pos="NN">boating</wf>
<wf cmd="done" pos="VBZ" ot="notag">is</wf>
<wf cmd="tag" pos="RB">just</wf>
<wf cmd="done" pos="VB" lemma="scoot" wnsn="1" lexsn="2:38:00::">scooting</wf>
<wf cmd="ignore" pos="IN">into</wf>
<wf cmd="ignore" pos="PRP$">its</wf>
<wf cmd="tag" pos="JJS">best</wf>
<wf cmd="tag" pos="NNS">months</wf>
<wf cmd="tag" pos="RB">in</wf>
<wf cmd="tag" pos="NNP">California</wf>
<wf cmd="ignore" pos="IN">as</wf>
<wf cmd="tag" pos="JJ">crisp</wf>
<wf cmd="tag" pos="NNS">breezes</wf>
<wf cmd="done" pos="VB" lemma="bring_out" wnsn="1" lexsn="2:39:00::">bring_out</wf>
<wf cmd="tag" pos="NN">craft</wf>
<wf cmd="ignore" pos="IN">of</wf>
<wf cmd="ignore" pos="DT">every</wf>
<wf cmd="tag" pos="NN">size</wf>
<wf cmd="ignore" pos="IN">on</wf>
<wf cmd="ignore" pos="DT">every</wf>
<wf cmd="tag" pos="RB">kind_of</wf>
<wf cmd="tag" pos="NN">water</wf>
<punc>-</punc>
<wf cmd="tag" pos="NN">ocean</wf>
<punc>,</punc>
<wf cmd="tag" pos="NN">lake</wf>
<wf cmd="ignore" pos="CC">and</wf>
<wf cmd="tag" pos="NN">reservoir</wf>
<punc>.</punc>
</s>
<s snum="77">
<wf cmd="tag" pos="NN">Shore</wf>
<wf cmd="tag" pos="NNS">facilities</wf>
<wf cmd="done" pos="VB" lemma="be" wnsn="1" lexsn="2:42:03::">are</wf>
<wf cmd="tag" pos="JJ">enormous</wf>
<punc>-</punc>
<wf cmd="tag" pos="NN">Los_Angeles</wf>
<wf cmd="done" pos="VB" lemma="harbor" wnsn="3" lexsn="2:40:00::">harbors</wf>
<wf cmd="tag" pos="CD">5000</wf>
<wf cmd="tag" pos="NNS">boats</wf>
<punc>,</punc>
<wf cmd="ignore" pos="CC">and</wf>
<wf cmd="tag" pos="NNP">Long_Beach</wf>
<wf cmd="tag" pos="CD">3000</wf>
<punc>-</punc>
<wf cmd="ignore" pos="CC">but</wf>
<wf cmd="tag" pos="NNS">marinas</wf>
<wf cmd="done" pos="VB" lemma="be" wnsn="1" lexsn="2:42:03::">are</wf>
<wf cmd="tag" pos="JJ">crowded</wf>
<wf cmd="tag" pos="RB">everywhere</wf>
<punc>.</punc>
</s>
<s snum="78">
<wf cmd="tag" pos="NN">New</wf>
<wf cmd="tag" pos="NNS">docks</wf>
<wf cmd="ignore" pos="CC">and</wf>
<wf cmd="tag" pos="NNS">ramps</wf>
<wf cmd="done" pos="VBP" ot="notag">are</wf>
<wf cmd="done" pos="VBG" ot="notag">being</wf>
<wf cmd="tag" pos="JJ">rushed</wf>
<wf cmd="done" pos="VB" ot="notag">at</wf>
<wf cmd="tag" pos="NNP">Playa_del_Rey</wf>
<punc>,</punc>
<wf cmd="tag" pos="NNP">Ventura</wf>
<punc>,</punc>
<wf cmd="tag" pos="NNP">Dana_Point</wf>
<punc>,</punc>
<wf cmd="tag" pos="NNP">Oceanside</wf>
<wf cmd="ignore" pos="CC">and</wf>
<wf cmd="tag" pos="NNP">Mission_Bay</wf>
<punc>.</punc>
</s>
</p>
<p pnum="25">
<s snum="79">
<wf cmd="tag" pos="NNP">Inland</wf>
<punc>,</punc>
<wf cmd="tag" pos="JJ">outboard</wf>
<wf cmd="tag" pos="NNS">motorists</wf>
<wf cmd="done" pos="VB" lemma="welcome" wnsn="1" lexsn="2:40:00::">welcome</wf>
<wf cmd="tag" pos="JJR">cooler</wf>
<wf cmd="tag" pos="NN">weather</wf>
<wf cmd="ignore" pos="CC">and</wf>
<wf cmd="ignore" pos="DT">the</wf>
<wf cmd="tag" pos="NN">chance</wf>
<wf cmd="ignore" pos="TO">to</wf>
<wf cmd="done" pos="VB" lemma="buzz" wnsn="2" lexsn="2:38:00::">buzz</wf>
<wf cmd="ignore" pos="IN">over</wf>
<wf cmd="tag" pos="NN">Colorado_River</wf>
<wf cmd="tag" pos="NNS">sandbars</wf>
<wf cmd="ignore" pos="CC">and</wf>
<wf cmd="tag" pos="NNP">Lake_Mead</wf>
<punc>.</punc>
</s>
<s snum="80">
<wf cmd="tag" pos="JJS">Newest</wf>
<wf cmd="tag" pos="NN">small-boat</wf>
<wf cmd="tag" pos="NN">playground</wf>
<wf cmd="done" pos="VB" lemma="be" wnsn="2" lexsn="2:42:06::">is</wf>
<wf cmd="ignore" pos="DT">the</wf>
<wf cmd="tag" pos="NNP">Salton_Sea</wf>
<punc>,</punc>
<wf cmd="ignore" pos="DT">a</wf>
<wf cmd="tag" pos="JJ">once-dry</wf>
<wf cmd="tag" pos="NN">desert</wf>
<wf cmd="tag" pos="NN">sinkhole</wf>
<wf cmd="ignore" pos="WDT">which</wf>
<wf cmd="done" pos="VB" lemma="be" wnsn="2" lexsn="2:42:06::">is</wf>
<wf cmd="tag" pos="RB">now</wf>
<wf cmd="ignore" pos="DT">a</wf>
<wf cmd="tag" pos="JJ">salty</wf>
<wf cmd="tag" pos="NN">lake</wf>
<wf cmd="tag" pos="CD">42</wf>
<wf cmd="tag" pos="NNS">miles</wf>
<wf cmd="tag" pos="JJ">long</wf>
<wf cmd="ignore" pos="CC">and</wf>
<wf cmd="tag" pos="CD">235</wf>
<wf cmd="tag" pos="NNS">feet</wf>
<wf cmd="ignore" pos="IN">below</wf>
<wf cmd="tag" pos="NN">sea_level</wf>
<punc>.</punc>
</s>
<s snum="81">
<wf cmd="ignore" pos="IN">On</wf>
<wf cmd="tag" pos="NNP">Nov.</wf>
<wf cmd="tag" pos="CD">11</wf>
<punc>,</punc>
<wf cmd="tag" pos="CD">12</wf>
<punc>,</punc>
<wf cmd="tag" pos="NNS">racers</wf>
<wf cmd="ignore" pos="MD">will</wf>
<wf cmd="done" pos="VB" lemma="drive" wnsn="1" lexsn="2:38:01::">drive</wf>
<wf cmd="ignore" pos="PRP$">their</wf>
<wf cmd="tag" pos="JJ">flying</wf>
<wf cmd="tag" pos="NNS">shingles</wf>
<wf cmd="ignore" pos="IN">in</wf>
<wf cmd="tag" pos="CD">5</wf>
<punc>-</punc>
<wf cmd="tag" pos="NN">mile</wf>
<wf cmd="tag" pos="NNS">laps</wf>
<wf cmd="ignore" pos="IN">over</wf>
<wf cmd="ignore" pos="PRP$">its</wf>
<wf cmd="tag" pos="CD">500</wf>
<punc>-</punc>
<wf cmd="tag" pos="NN">mile</wf>
<wf cmd="tag" pos="NN">speedboat</wf>
<wf cmd="tag" pos="NN">course</wf>
<punc>.</punc>
</s>
<s snum="82">
<wf cmd="ignore" pos="IN">In</wf>
<wf cmd="tag" pos="NN">San_Francisco</wf>
<wf cmd="tag" pos="NNP">Bay</wf>
<punc>,</punc>
<wf cmd="tag" pos="NNS">winds</wf>
<wf cmd="done" pos="VB" lemma="be" wnsn="1" lexsn="2:42:03::">are</wf>
<wf cmd="tag" pos="JJ">gusty</wf>
<wf cmd="ignore" pos="CC">and</wf>
<wf cmd="tag" pos="JJ">undependable</wf>
<wf cmd="ignore" pos="IN">during</wf>
<wf cmd="ignore" pos="DT">this</wf>
<wf cmd="tag" pos="NN">season</wf>
<punc>.</punc>
</s>
<s snum="83">
<wf cmd="ignore" pos="DT">A</wf>
<wf cmd="tag" pos="NN">sailboat</wf>
<wf cmd="ignore" pos="MD">may</wf>
<wf cmd="done" pos="VB" lemma="have" wnsn="1" lexsn="2:40:00::">have</wf>
<wf cmd="ignore" pos="DT">a</wf>
<wf cmd="tag" pos="NN">bone</wf>
<wf cmd="ignore" pos="IN">in</wf>
<wf cmd="ignore" pos="PRP$">her</wf>
<wf cmd="tag" pos="NNS">teeth</wf>
<wf cmd="tag" pos="CD">one</wf>
<wf cmd="tag" pos="NN">minute</wf>
<wf cmd="ignore" pos="CC">and</wf>
<wf cmd="done" pos="VB" lemma="lie" wnsn="1" lexsn="2:42:00::">lie</wf>
<wf cmd="tag" pos="JJ">becalmed</wf>
<wf cmd="ignore" pos="DT">the</wf>
<wf cmd="tag" pos="JJ">next</wf>
<punc>.</punc>
</s>
<s snum="84">
<wf cmd="ignore" pos="CC">But</wf>
<wf cmd="tag" pos="NNS">regattas</wf>
<wf cmd="done" pos="VBP" ot="notag">are</wf>
<wf cmd="done" pos="VB" lemma="schedule" wnsn="1" lexsn="2:31:00::">scheduled</wf>
<wf cmd="tag" pos="NN">right</wf>
<wf cmd="tag" pos="JJ">up_to</wf>
<wf cmd="tag" pos="NNP">Christmas</wf>
<punc>.</punc>
</s>
<s snum="85">
<wf cmd="ignore" pos="DT">The</wf>
<wf cmd="tag" pos="JJ">Corinthian</wf>
<wf cmd="tag" pos="NN">Yacht_Club</wf>
<wf cmd="ignore" pos="IN">in</wf>
<wf cmd="tag" pos="NNP">Tiburon</wf>
<wf cmd="done" pos="VB" lemma="launch" wnsn="1" lexsn="2:41:01::">launches</wf>
<wf cmd="ignore" pos="PRP$">its</wf>
<wf cmd="tag" pos="NN">winter</wf>
<wf cmd="tag" pos="NNS">races</wf>
<wf cmd="tag" pos="NNP">Nov</wf>
<wf cmd="tag" pos="CD">.5</wf>
<punc>.</punc>
</s>
</p>
<p pnum="26">
<s snum="86">
<wf cmd="tag" pos="NNP">Hurricane_Carla</wf>
<wf cmd="done" pos="VB" lemma="damage" wnsn="1" lexsn="2:30:00::">damaged</wf>
<wf cmd="tag" pos="CD">70</wf>
<punc>%</punc>
<wf cmd="ignore" pos="IN">of</wf>
<wf cmd="ignore" pos="DT">the</wf>
<wf cmd="tag" pos="NNS">marinas</wf>
<wf cmd="ignore" pos="IN">in</wf>
<wf cmd="ignore" pos="DT">the</wf>
<wf cmd="tag" pos="NNP">Galveston-Port_Aransas</wf>
<wf cmd="tag" pos="NN">area</wf>
<wf cmd="ignore" pos="CC">but</wf>
<wf cmd="tag" pos="NN">fuel</wf>
<wf cmd="tag" pos="NN">service</wf>
<wf cmd="done" pos="VB" lemma="be" wnsn="1" lexsn="2:42:03::">is</wf>
<wf cmd="tag" pos="RB">back</wf>
<wf cmd="ignore" pos="TO">to</wf>
<wf cmd="tag" pos="JJ">normal</wf>
<punc>,</punc>
<wf cmd="ignore" pos="CC">and</wf>
<wf cmd="tag" pos="NNS">explorers</wf>
<wf cmd="ignore" pos="MD">can</wf>
<wf cmd="done" pos="VB" lemma="roam" wnsn="1" lexsn="2:38:00::">roam</wf>
<wf cmd="tag" pos="RB">as</wf>
<wf cmd="tag" pos="RB">far</wf>
<wf cmd="tag" pos="NN">west</wf>
<wf cmd="ignore" pos="IN">as</wf>
<wf cmd="tag" pos="NNP">Port_Isabel</wf>
<wf cmd="ignore" pos="IN">on</wf>
<wf cmd="ignore" pos="DT">the</wf>
<wf cmd="tag" pos="JJ">Mexican</wf>
<wf cmd="tag" pos="NN">border</wf>
<punc>.</punc>
</s>
<s snum="87">
<wf cmd="tag" pos="NNP">Sailing</wf>
<wf cmd="tag" pos="NN">activity</wf>
<wf cmd="done" pos="VBZ" ot="notag">is</wf>
<wf cmd="done" pos="VB" lemma="slow_down" wnsn="1" lexsn="2:30:00::">slowed_down</wf>
<wf cmd="ignore" pos="IN">by</wf>
<wf cmd="tag" pos="NNP">Texas</wf>
<wf cmd="tag" pos="NNS">northers</wf>
<punc>,</punc>
<wf cmd="ignore" pos="CC">but</wf>
<wf cmd="tag" pos="NN">power</wf>
<wf cmd="tag" pos="NNS">cruisers</wf>
<wf cmd="ignore" pos="MD">can</wf>
<wf cmd="done" pos="VB" lemma="move" wnsn="1" lexsn="2:38:03::">move</wf>
<wf cmd="tag" pos="RB">freely</wf>
<punc>,</punc>
<wf cmd="done" pos="VB" lemma="poke_into" wnsn="1" lexsn="2:35:01::">poking_into</wf>
<wf cmd="ignore" pos="DT">the</wf>
<wf cmd="tag" pos="NNP">San_Jacinto</wf>
<punc>,</punc>
<wf cmd="tag" pos="NNP">Trinity</wf>
<wf cmd="ignore" pos="CC">and</wf>
<wf cmd="tag" pos="NN">Brazos_rivers</wf>
<punc>(</punc>
<wf cmd="tag" pos="JJ">fine</wf>
<wf cmd="tag" pos="NN">tarpon</wf>
<wf cmd="tag" pos="NN">fishing</wf>
<wf cmd="ignore" pos="IN">in</wf>
<wf cmd="ignore" pos="DT">the</wf>
<wf cmd="tag" pos="NNP">Brazos</wf>
<punc>)</punc>
<wf cmd="ignore" pos="CC">or</wf>
<wf cmd="done" pos="VB" lemma="push" wnsn="6" lexsn="2:38:01::">pushing</wf>
<wf cmd="tag" pos="RB">eastward</wf>
<wf cmd="ignore" pos="TO">to</wf>
<wf cmd="ignore" pos="DT">the</wf>
<wf cmd="tag" pos="NN">pirate</wf>
<wf cmd="tag" pos="NN">country</wf>
<wf cmd="ignore" pos="IN">of</wf>
<wf cmd="tag" pos="NNP">Barataria</wf>
<punc>.</punc>
</s>
<s snum="88">
<wf cmd="ignore" pos="IN">Off</wf>
<wf cmd="tag" pos="NNP">Grand_Isle</wf>
<punc>,</punc>
<wf cmd="tag" pos="NNS">yachters</wf>
<wf cmd="tag" pos="RB">often</wf>
<wf cmd="done" pos="VB" lemma="visit" wnsn="2" lexsn="2:38:00::">visit</wf>
<wf cmd="ignore" pos="DT">the</wf>
<wf cmd="tag" pos="JJ">towering</wf>
<wf cmd="tag" pos="NN">oil_rigs</wf>
<punc>.</punc>
</s>
<s snum="89">
<wf cmd="ignore" pos="DT">The</wf>
<wf cmd="tag" pos="NNP">Mississippi_Sound</wf>
<wf cmd="done" pos="VB" lemma="lead" wnsn="6" lexsn="2:42:00::">leads</wf>
<wf cmd="ignore" pos="IN">into</wf>
<wf cmd="ignore" pos="DT">a</wf>
<wf cmd="tag" pos="JJ">protected</wf>
<wf cmd="tag" pos="NN">waterway</wf>
<wf cmd="done" pos="VB" lemma="run" wnsn="3" lexsn="2:42:00::">running</wf>
<wf cmd="ignore" pos="IN">about</wf>
<wf cmd="tag" pos="CD">200</wf>
<wf cmd="tag" pos="NNS">miles</wf>
<wf cmd="ignore" pos="IN">from</wf>
<wf cmd="tag" pos="NNP">Pascagoula</wf>
<wf cmd="ignore" pos="TO">to</wf>
<wf cmd="tag" pos="NNP">Apalachicola</wf>
<punc>.</punc>
</s>
</p>
<p pnum="27">
<s snum="90">
<wf cmd="tag" pos="NNP">Memphis</wf>
<wf cmd="tag" pos="NNS">stinkpotters</wf>
<wf cmd="ignore" pos="IN">like</wf>
<wf cmd="tag" pos="NNP">McKellar_Lake</wf>
<punc>,</punc>
<wf cmd="ignore" pos="IN">inside</wf>
<wf cmd="ignore" pos="DT">the</wf>
<wf cmd="tag" pos="NN">city_limits</wf>
<punc>,</punc>
<wf cmd="ignore" pos="CC">and</wf>
<wf cmd="tag" pos="NNS">sailors</wf>
<wf cmd="done" pos="VB" lemma="look_for" wnsn="1" lexsn="2:35:00::">look_for</wf>
<wf cmd="tag" pos="NN">autumn</wf>
<wf cmd="tag" pos="NNS">winds</wf>
<wf cmd="ignore" pos="IN">at</wf>
<wf cmd="tag" pos="NNP">Arkabutla_Lake</wf>
<wf cmd="ignore" pos="WRB">where</wf>
<wf cmd="tag" pos="NN">fall</wf>
<wf cmd="tag" pos="NN">racing</wf>
<wf cmd="done" pos="VB" lemma="be" wnsn="1" lexsn="2:42:03::">is</wf>
<wf cmd="tag" pos="RB">now</wf>
<wf cmd="tag" pos="JJ">in_progress</wf>
<punc>.</punc>
</s>
<s snum="91">
<wf cmd="tag" pos="NNP">River</wf>
<wf cmd="tag" pos="NN">cruising</wf>
<wf cmd="ignore" pos="IN">for</wf>
<wf cmd="tag" pos="JJ">small</wf>
<wf cmd="tag" pos="NN">craft</wf>
<wf cmd="done" pos="VB" lemma="be" wnsn="1" lexsn="2:42:03::">is</wf>
<wf cmd="tag" pos="JJ">ideal</wf>
<wf cmd="ignore" pos="IN">in</wf>
<wf cmd="tag" pos="NNP">November</wf>
<punc>.</punc>
</s>
<s snum="92">
<wf cmd="ignore" pos="IN">At</wf>
<wf cmd="tag" pos="NN">New_Orleans</wf>
<punc>,</punc>
<wf cmd="tag" pos="CD">25</wf>
<punc>-</punc>
<wf cmd="tag" pos="JJ">mile-square</wf>
<wf cmd="tag" pos="NNP">Lake_Pontchartrain</wf>
<wf cmd="done" pos="VB" lemma="have" wnsn="1" lexsn="2:40:00::">has</wf>
<wf cmd="tag" pos="JJ">few</wf>
<wf cmd="tag" pos="NNS">squalls</wf>
<wf cmd="ignore" pos="CC">and</wf>
<wf cmd="tag" pos="JJ">year-long</wf>
<wf cmd="tag" pos="NN">boating</wf>
<punc>.</punc>
</s>
<s snum="93">
<wf cmd="tag" pos="NNS">Marinas</wf>
<wf cmd="done" pos="VB" lemma="be" wnsn="1" lexsn="2:42:03::">are</wf>
<wf cmd="tag" pos="RBR">less</wf>
<wf cmd="tag" pos="JJ">plush</wf>
<wf cmd="ignore" pos="IN">than</wf>
<wf cmd="ignore" pos="DT">the</wf>
<wf cmd="tag" pos="NNP">Florida</wf>
<wf cmd="tag" pos="NN">type</wf>
<wf cmd="ignore" pos="CC">but</wf>
<wf cmd="tag" pos="NN">service</wf>
<wf cmd="done" pos="VB" lemma="be" wnsn="1" lexsn="2:42:03::">is</wf>
<wf cmd="tag" pos="JJ">good</wf>
<wf cmd="ignore" pos="CC">and</wf>
<wf cmd="tag" pos="NNP">Creole</wf>
<wf cmd="tag" pos="NN">cooking</wf>
<wf cmd="tag" pos="JJR">better</wf>
<punc>.</punc>
</s>
</p>
<p pnum="28">
<s snum="94">
<wf cmd="tag" pos="NN">Ten_thousand</wf>
<wf cmd="tag" pos="JJ">twisty</wf>
<wf cmd="tag" pos="NNS">miles</wf>
<wf cmd="ignore" pos="IN">of</wf>
<wf cmd="tag" pos="NN">shoreline</wf>
<wf cmd="done" pos="VB" lemma="frame" wnsn="1" lexsn="2:35:00::">frame</wf>
<wf cmd="ignore" pos="DT">the</wf>
<wf cmd="tag" pos="CD">30</wf>
<punc>-</punc>
<wf cmd="tag" pos="JJ">odd</wf>
<wf cmd="tag" pos="NNS">lakes</wf>
<wf cmd="ignore" pos="IN">in</wf>
<wf cmd="ignore" pos="DT">the</wf>
<wf cmd="tag" pos="JJ">vast</wf>
<wf cmd="tag" pos="NN">Tennessee_River</wf>
<wf cmd="tag" pos="NN">system</wf>
<wf cmd="ignore" pos="IN">that</wf>
<wf cmd="done" pos="VB" lemma="loop" wnsn="1" lexsn="2:38:01::">loops</wf>
<wf cmd="tag" pos="RB">in</wf>
<wf cmd="ignore" pos="CC">and</wf>
<wf cmd="ignore" pos="IN">out</wf>
<wf cmd="ignore" pos="IN">of</wf>
<wf cmd="tag" pos="CD">seven</wf>
<wf cmd="tag" pos="NNS">states</wf>
<punc>.</punc>
</s>
<s snum="95">
<wf cmd="ignore" pos="WRB">When</wf>
<wf cmd="tag" pos="NN">dam</wf>
<wf cmd="tag" pos="NN">construction</wf>
<wf cmd="done" pos="VB" lemma="begin" wnsn="1" lexsn="2:30:00::">began</wf>
<wf cmd="ignore" pos="IN">in</wf>
<wf cmd="tag" pos="CD">1933</wf>
<punc>,</punc>
<wf cmd="tag" pos="JJR">fewer</wf>
<wf cmd="ignore" pos="IN">than</wf>
<wf cmd="tag" pos="CD">600</wf>
<wf cmd="tag" pos="NNS">boats</wf>
<wf cmd="done" pos="VB" lemma="use" wnsn="2" lexsn="2:34:02::">used</wf>
<wf cmd="ignore" pos="DT">these</wf>
<wf cmd="tag" pos="NNS">waters</wf>
<punc>;</punc>
<wf cmd="tag" pos="NN">today</wf>
<wf cmd="ignore" pos="EX">there</wf>
<wf cmd="done" pos="VB" lemma="be" wnsn="4" lexsn="2:42:00::">are</wf>
<wf cmd="tag" pos="CD">48500</wf>
<punc>.</punc>
</s>
</p>
</context>
</contextfile>
