<contextfile concordance="brown">
<context filename="br-d12" paras="yes">
<p pnum="1">
<s snum="1">
<wf cmd="tag" pos="RB">Much</wf>
<wf cmd="tag" pos="RB">more_than</wf>
<wf cmd="tag" pos="NN">shelter</wf>
<punc>,</punc>
<wf cmd="tag" pos="NN">housing</wf>
<wf cmd="done" pos="VB" lemma="symbolize" wnsn="1" lexsn="2:32:00::">symbolizes</wf>
<wf cmd="tag" pos="NN">social_status</wf>
<punc>,</punc>
<wf cmd="ignore" pos="DT">a</wf>
<wf cmd="tag" pos="NN">sense</wf>
<wf cmd="ignore" pos="IN">of</wf>
<punc>``</punc>
<wf cmd="tag" pos="NN">belonging</wf>
<punc>''</punc>
<punc>,</punc>
<wf cmd="tag" pos="NN">acceptance</wf>
<wf cmd="ignore" pos="IN">within</wf>
<wf cmd="ignore" pos="DT">a</wf>
<wf cmd="tag" pos="JJ">given</wf>
<wf cmd="tag" pos="NN">group</wf>
<wf cmd="ignore" pos="CC">or</wf>
<wf cmd="tag" pos="NN">neighborhood</wf>
<punc>,</punc>
<wf cmd="tag" pos="NN">identification</wf>
<wf cmd="ignore" pos="IN">with</wf>
<wf cmd="tag" pos="JJ">particular</wf>
<wf cmd="tag" pos="JJ">cultural</wf>
<wf cmd="tag" pos="NNS">values</wf>
<wf cmd="ignore" pos="CC">and</wf>
<wf cmd="tag" pos="JJ">social</wf>
<wf cmd="tag" pos="NNS">institutions</wf>
<punc>,</punc>
<wf cmd="tag" pos="NNS">feelings</wf>
<wf cmd="ignore" pos="IN">of</wf>
<wf cmd="tag" pos="NN">pride</wf>
<wf cmd="ignore" pos="CC">and</wf>
<wf cmd="tag" pos="JJ">worth</wf>
<punc>,</punc>
<wf cmd="tag" pos="NNS">aspirations</wf>
<wf cmd="ignore" pos="CC">and</wf>
<wf cmd="tag" pos="NN">hopes</wf>
<wf cmd="tag" pos="JJ">basic</wf>
<wf cmd="ignore" pos="TO">to</wf>
<wf cmd="tag" pos="JJ">human</wf>
<wf cmd="tag" pos="NN">well-being</wf>
<punc>.</punc>
</s>
<s snum="2">
<wf cmd="ignore" pos="IN">For</wf>
<wf cmd="tag" pos="RB">almost</wf>
<wf cmd="tag" pos="JJ">one-sixth</wf>
<wf cmd="ignore" pos="IN">of</wf>
<wf cmd="ignore" pos="DT">the</wf>
<wf cmd="tag" pos="JJ">national</wf>
<wf cmd="tag" pos="NN">population</wf>
<wf cmd="tag" pos="NN">discrimination</wf>
<wf cmd="ignore" pos="IN">in</wf>
<wf cmd="ignore" pos="DT">the</wf>
<wf cmd="tag" pos="JJ">free</wf>
<wf cmd="tag" pos="NN">selection</wf>
<wf cmd="ignore" pos="IN">of</wf>
<wf cmd="tag" pos="NN">residence</wf>
<wf cmd="done" pos="VB" lemma="cast" wnsn="1" lexsn="2:36:02::">casts</wf>
<wf cmd="ignore" pos="DT">a</wf>
<wf cmd="tag" pos="JJ">considerable</wf>
<wf cmd="tag" pos="NN">shadow</wf>
<wf cmd="ignore" pos="IN">upon</wf>
<wf cmd="ignore" pos="DT">these</wf>
<wf cmd="tag" pos="NNS">values</wf>
<wf cmd="done" pos="VB" lemma="assume" wnsn="1" lexsn="2:31:00::">assumed</wf>
<wf cmd="ignore" pos="IN">as</wf>
<wf cmd="tag" pos="JJ">self-evident</wf>
<wf cmd="ignore" pos="IN">by</wf>
<wf cmd="tag" pos="RBS">most</wf>
<wf cmd="tag" pos="NNPS">Americans</wf>
<punc>.</punc>
</s>
</p>
<p pnum="2">
<s snum="3">
<wf cmd="tag" pos="JJ">Few</wf>
<wf cmd="tag" pos="NN">business</wf>
<wf cmd="tag" pos="NNS">groups</wf>
<wf cmd="ignore" pos="IN">in</wf>
<wf cmd="tag" pos="JJ">recent</wf>
<wf cmd="tag" pos="NNS">years</wf>
<wf cmd="done" pos="VBP" ot="notag">have</wf>
<wf cmd="done" pos="VB" lemma="come" wnsn="4" lexsn="2:30:03::">come</wf>
<wf cmd="ignore" pos="IN">under</wf>
<wf cmd="tag" pos="JJR">heavier</wf>
<wf cmd="tag" pos="NN">pressure</wf>
<wf cmd="ignore" pos="TO">to</wf>
<wf cmd="done" pos="VB" lemma="face" wnsn="1" lexsn="2:32:00::">face</wf>
<wf cmd="ignore" pos="DT">these</wf>
<wf cmd="tag" pos="NNS">realities</wf>
<wf cmd="ignore" pos="IN">than</wf>
<wf cmd="tag" pos="NN">real_estate_brokers</wf>
<wf cmd="ignore" pos="CC">and</wf>
<wf cmd="tag" pos="NN">home</wf>
<wf cmd="tag" pos="NNS">builders</wf>
<punc>.</punc>
</s>
<s snum="4">
<wf cmd="ignore" pos="DT">This</wf>
<wf cmd="tag" pos="NN">pressure</wf>
<wf cmd="done" pos="VBZ" ot="notag">has</wf>
<wf cmd="done" pos="VB" lemma="urge" wnsn="1" lexsn="2:32:00::">urged</wf>
<wf cmd="tag" pos="NN">re-evaluation</wf>
<wf cmd="ignore" pos="IN">of</wf>
<wf cmd="ignore" pos="DT">the</wf>
<wf cmd="tag" pos="NNS">assumptions</wf>
<wf cmd="done" pos="VB" lemma="underlie" wnsn="1" lexsn="2:42:00::">underlying</wf>
<wf cmd="ignore" pos="PRP$">their</wf>
<wf cmd="tag" pos="JJ">professional</wf>
<wf cmd="tag" pos="NNS">ethics</wf>
<punc>;</punc>
<wf cmd="ignore" pos="PRP">it</wf>
<wf cmd="done" pos="VBZ" ot="notag">has</wf>
<wf cmd="done" pos="VB" lemma="seek" wnsn="2" lexsn="2:35:00::">sought</wf>
<wf cmd="tag" pos="JJ">new</wf>
<wf cmd="tag" pos="NN">sympathy</wf>
<wf cmd="ignore" pos="IN">for</wf>
<wf cmd="ignore" pos="DT">the</wf>
<wf cmd="tag" pos="JJ">human</wf>
<wf cmd="tag" pos="NNS">aspirations</wf>
<wf cmd="ignore" pos="IN">of</wf>
<wf cmd="tag" pos="JJ">racial</wf>
<wf cmd="tag" pos="NN">minority</wf>
<wf cmd="tag" pos="NNS">groups</wf>
<wf cmd="tag" pos="RB">in_this</wf>
<wf cmd="tag" pos="NN">country</wf>
<punc>.</punc>
</s>
<s snum="5">
<wf cmd="ignore" pos="PRP">It</wf>
<wf cmd="done" pos="VB" lemma="be" wnsn="1" lexsn="2:42:03::">is</wf>
<wf cmd="tag" pos="RB">not</wf>
<wf cmd="tag" pos="JJ">surprising</wf>
<wf cmd="tag" pos="RB">that</wf>
<punc>,</punc>
<wf cmd="ignore" pos="IN">as</wf>
<wf cmd="tag" pos="NN">spokesman</wf>
<wf cmd="ignore" pos="IN">for</wf>
<wf cmd="tag" pos="NN">real_estate</wf>
<wf cmd="tag" pos="NNS">interests</wf>
<punc>,</punc>
<wf cmd="ignore" pos="DT">the</wf>
<wf cmd="tag" pos="NNP">National_Association</wf>
<wf cmd="ignore" pos="IN">of</wf>
<wf cmd="tag" pos="NN">Real_Estate</wf>
<wf cmd="tag" pos="NNPS">Boards</wf>
<punc>(</punc>
<wf cmd="tag" pos="NNP">NAREB</wf>
<punc>)</punc>
<wf cmd="ignore" pos="CC">and</wf>
<wf cmd="ignore" pos="PRP$">its</wf>
<wf cmd="tag" pos="JJ">local</wf>
<wf cmd="tag" pos="NNS">associations</wf>
<wf cmd="done" pos="VBP" ot="notag">have</wf>
<wf cmd="done" pos="VB" lemma="seek" wnsn="3" lexsn="2:41:00::">sought</wf>
<wf cmd="ignore" pos="TO">to</wf>
<wf cmd="done" pos="VB" lemma="limit" wnsn="0" lexsn="2:41:00::">limit</wf>
<wf cmd="ignore" pos="CC">and</wf>
<wf cmd="tag" pos="RB">often</wf>
<wf cmd="done" pos="VB" lemma="ignore" wnsn="2" lexsn="2:32:00::">ignore</wf>
<wf cmd="tag" pos="JJ">much</wf>
<wf cmd="tag" pos="RB">of_this</wf>
<wf cmd="tag" pos="NN">pressure</wf>
<punc>.</punc>
</s>
</p>
<p pnum="3">
<s snum="6">
<wf cmd="ignore" pos="WRB">How</wf>
<wf cmd="done" pos="VBZ" ot="notag">does</wf>
<wf cmd="ignore" pos="DT">the</wf>
<wf cmd="tag" pos="JJ">local</wf>
<wf cmd="tag" pos="NN">realtor</wf>
<wf cmd="done" pos="VB" lemma="see" wnsn="4" lexsn="2:36:00::">see</wf>
<wf cmd="ignore" pos="PRP">himself</wf>
<wf cmd="ignore" pos="IN">in</wf>
<wf cmd="ignore" pos="DT">the</wf>
<wf cmd="tag" pos="NN">context</wf>
<wf cmd="ignore" pos="IN">of</wf>
<wf cmd="tag" pos="NN">housing</wf>
<wf cmd="tag" pos="NNS">restrictions</wf>
<wf cmd="done" pos="VB" lemma="base" wnsn="1" lexsn="2:31:00::">based</wf>
<wf cmd="ignore" pos="IN">on</wf>
<wf cmd="tag" pos="NN">race</wf>
<punc>,</punc>
<wf cmd="tag" pos="NN">religion</wf>
<wf cmd="ignore" pos="CC">or</wf>
<wf cmd="tag" pos="JJ">ethnic</wf>
<wf cmd="tag" pos="NN">attachment</wf>
<punc>?</punc>
</s>
<s snum="7">
<wf cmd="ignore" pos="WP">What</wf>
<wf cmd="done" pos="VBZ" ot="notag">does</wf>
<wf cmd="ignore" pos="PRP">he</wf>
<wf cmd="done" pos="VB" lemma="conceive" wnsn="1" lexsn="2:36:00::">conceive</wf>
<wf cmd="ignore" pos="PRP$">his</wf>
<wf cmd="tag" pos="NN">role</wf>
<wf cmd="ignore" pos="TO">to</wf>
<wf cmd="done" pos="VB" lemma="be" wnsn="7" lexsn="2:42:02::">be</wf>
<wf cmd="tag" pos="RB">in_this</wf>
<wf cmd="tag" pos="NN">area</wf>
<wf cmd="ignore" pos="IN">of</wf>
<wf cmd="tag" pos="JJ">social</wf>
<wf cmd="tag" pos="NN">unrest</wf>
<punc>?</punc>
</s>
<s snum="8">
<wf cmd="ignore" pos="WP">What</wf>
<wf cmd="done" pos="VB" ot="notag">ought</wf>
<wf cmd="done" pos="VB" ot="notag">to</wf>
<wf cmd="done" pos="VB" lemma="be" wnsn="4" lexsn="2:42:00::">be</wf>
<punc>,</punc>
<wf cmd="ignore" pos="WP">what</wf>
<wf cmd="done" pos="VB" lemma="be" wnsn="2" lexsn="2:42:06::">is</wf>
<wf cmd="ignore" pos="PRP$">his</wf>
<wf cmd="tag" pos="JJ">potential</wf>
<wf cmd="tag" pos="NN">role</wf>
<wf cmd="ignore" pos="IN">as</wf>
<wf cmd="ignore" pos="DT">a</wf>
<wf cmd="tag" pos="NN">force</wf>
<wf cmd="ignore" pos="IN">for</wf>
<wf cmd="tag" pos="JJ">constructive</wf>
<wf cmd="tag" pos="JJ">social</wf>
<wf cmd="tag" pos="NN">change</wf>
<punc>?</punc>
</s>
<s snum="9">
<wf cmd="ignore" pos="WP">What</wf>
<wf cmd="tag" pos="JJ">social</wf>
<punc>,</punc>
<wf cmd="tag" pos="JJ">ethical</wf>
<wf cmd="ignore" pos="CC">and</wf>
<wf cmd="tag" pos="JJ">theological</wf>
<wf cmd="tag" pos="NNS">insights</wf>
<wf cmd="ignore" pos="MD">can</wf>
<wf cmd="ignore" pos="DT">the</wf>
<wf cmd="tag" pos="NN">church</wf>
<wf cmd="ignore" pos="CC">and</wf>
<wf cmd="tag" pos="NN">university</wf>
<wf cmd="done" pos="VB" lemma="help" wnsn="1" lexsn="2:41:00::">help</wf>
<wf cmd="ignore" pos="PRP">him</wf>
<wf cmd="done" pos="VB" lemma="bring_to_bear" wnsn="1" lexsn="2:41:00::">bring_to_bear</wf>
<wf cmd="done" pos="VB" ot="notag">upon</wf>
<wf cmd="ignore" pos="PRP$">his</wf>
<wf cmd="tag" pos="NN">situation</wf>
<punc>?</punc>
</s>
</p>
<p pnum="4">
<s snum="10">
<wf cmd="tag" pos="RB">Recently</wf>
<punc>,</punc>
<wf cmd="ignore" pos="DT">a</wf>
<wf cmd="tag" pos="NN">group</wf>
<wf cmd="ignore" pos="IN">of</wf>
<wf cmd="ignore" pos="DT">the</wf>
<wf cmd="tag" pos="NN">faculty</wf>
<wf cmd="ignore" pos="IN">at</wf>
<wf cmd="tag" pos="NNP">Wesleyan_University</wf>
<wf cmd="ignore" pos="POS">'s</wf>
<wf cmd="tag" pos="NNP">Public_Affairs_Center</wf>
<wf cmd="done" pos="VB" lemma="seek" wnsn="2" lexsn="2:35:00::">sought</wf>
<wf cmd="ignore" pos="DT">some</wf>
<wf cmd="tag" pos="NNS">answers</wf>
<wf cmd="ignore" pos="TO">to</wf>
<wf cmd="ignore" pos="DT">these</wf>
<wf cmd="tag" pos="NNS">questions</wf>
<punc>.</punc>
</s>
<s snum="11">
<wf cmd="tag" pos="JJ">Several</wf>
<wf cmd="tag" pos="NN">New_England</wf>
<wf cmd="tag" pos="NNS">realtors</wf>
<wf cmd="done" pos="VBD" ot="notag">were</wf>
<wf cmd="done" pos="VB" lemma="invite" wnsn="7" lexsn="2:32:01::">invited</wf>
<wf cmd="ignore" pos="TO">to</wf>
<wf cmd="done" pos="VB" lemma="participate" wnsn="1" lexsn="2:41:00::">participate</wf>
<wf cmd="ignore" pos="IN">in</wf>
<wf cmd="ignore" pos="DT">a</wf>
<wf cmd="tag" pos="JJ">small</wf>
<wf cmd="tag" pos="NN">colloquium</wf>
<wf cmd="ignore" pos="IN">of</wf>
<wf cmd="tag" pos="NN">property</wf>
<wf cmd="tag" pos="NNS">lawyers</wf>
<punc>,</punc>
<wf cmd="tag" pos="NN">political_scientists</wf>
<punc>,</punc>
<wf cmd="tag" pos="NNS">economists</wf>
<punc>,</punc>
<wf cmd="tag" pos="JJ">social</wf>
<wf cmd="tag" pos="NNS">psychologists</wf>
<punc>,</punc>
<wf cmd="tag" pos="JJ">social</wf>
<wf cmd="tag" pos="NNS">ethicists</wf>
<wf cmd="ignore" pos="CC">and</wf>
<wf cmd="tag" pos="NNS">theologians</wf>
<punc>.</punc>
</s>
<s snum="12">
<wf cmd="tag" pos="RB">Here</wf>
<punc>,</punc>
<wf cmd="ignore" pos="IN">in</wf>
<wf cmd="ignore" pos="DT">an</wf>
<wf cmd="tag" pos="NN">atmosphere</wf>
<wf cmd="ignore" pos="IN">of</wf>
<wf cmd="tag" pos="NN">forthrightness</wf>
<wf cmd="ignore" pos="CC">and</wf>
<wf cmd="tag" pos="JJ">mutual</wf>
<wf cmd="tag" pos="NN">criticism</wf>
<punc>,</punc>
<wf cmd="ignore" pos="DT">each</wf>
<wf cmd="done" pos="VB" lemma="seek" wnsn="3" lexsn="2:41:00::">sought</wf>
<wf cmd="ignore" pos="TO">to</wf>
<wf cmd="done" pos="VB" lemma="bring" wnsn="2" lexsn="2:35:04::">bring</wf>
<wf cmd="ignore" pos="PRP$">his</wf>
<wf cmd="tag" pos="JJ">particular</wf>
<wf cmd="tag" pos="NNS">insights</wf>
<wf cmd="ignore" pos="TO">to</wf>
<wf cmd="done" pos="VB" lemma="bear_upon" wnsn="1" lexsn="2:30:00::">bear_upon</wf>
<wf cmd="ignore" pos="DT">the</wf>
<wf cmd="tag" pos="NN">question</wf>
<wf cmd="ignore" pos="IN">of</wf>
<wf cmd="tag" pos="NN">discrimination</wf>
<wf cmd="ignore" pos="IN">in</wf>
<wf cmd="tag" pos="NN">housing</wf>
<wf cmd="ignore" pos="CC">and</wf>
<wf cmd="ignore" pos="DT">the</wf>
<wf cmd="tag" pos="NN">part</wf>
<wf cmd="ignore" pos="DT">each</wf>
<wf cmd="tag" pos="NN">man</wf>
<wf cmd="tag" pos="JJ">present</wf>
<wf cmd="done" pos="VB" lemma="play" wnsn="2" lexsn="2:41:12::">played</wf>
<wf cmd="ignore" pos="IN">in</wf>
<wf cmd="ignore" pos="PRP">it</wf>
<punc>.</punc>
</s>
</p>
<p pnum="5">
<s snum="13">
<wf cmd="ignore" pos="IN">For</wf>
<wf cmd="tag" pos="JJ">a_number_of</wf>
<wf cmd="tag" pos="NNS">years</wf>
<punc>,</punc>
<wf cmd="tag" pos="NNP">Wesleyan</wf>
<wf cmd="done" pos="VBZ" ot="notag">has</wf>
<wf cmd="done" pos="VBN" ot="notag">been</wf>
<wf cmd="done" rdf="draw" pos="VB" lemma="draw" wnsn="0" lexsn="2:37:03::">drawing</wf>
<wf cmd="tag" pos="JJ">varied</wf>
<wf cmd="tag" pos="NNS">groups</wf>
<wf cmd="ignore" pos="IN">of</wf>
<wf cmd="tag" pos="JJ">political</wf>
<wf cmd="ignore" pos="CC">and</wf>
<wf cmd="tag" pos="NN">business_leaders</wf>
<wf cmd="ignore" pos="IN">into</wf>
<wf cmd="ignore" pos="DT">these</wf>
<wf cmd="tag" pos="JJ">informal</wf>
<wf cmd="tag" pos="NNS">discussions</wf>
<wf cmd="ignore" pos="IN">with</wf>
<wf cmd="tag" pos="NNS">members</wf>
<wf cmd="ignore" pos="IN">of</wf>
<wf cmd="ignore" pos="DT">the</wf>
<wf cmd="tag" pos="NN">faculty</wf>
<wf cmd="ignore" pos="CC">and</wf>
<wf cmd="tag" pos="NN">student</wf>
<wf cmd="tag" pos="NN">body</wf>
<punc>,</punc>
<wf cmd="done" pos="VB" lemma="attempt" wnsn="1" lexsn="2:41:00::">attempting</wf>
<wf cmd="ignore" pos="TO">to</wf>
<wf cmd="done" pos="VB" lemma="explore" wnsn="1" lexsn="2:31:00::">explore</wf>
<wf cmd="ignore" pos="CC">and</wf>
<wf cmd="done" pos="VB" lemma="clarify" wnsn="0" lexsn="2:30:00::">clarify</wf>
<wf cmd="tag" pos="NNS">aspects</wf>
<wf cmd="ignore" pos="IN">of</wf>
<wf cmd="ignore" pos="PRP$">their</wf>
<wf cmd="tag" pos="NN">responsibility</wf>
<wf cmd="ignore" pos="IN">for</wf>
<wf cmd="tag" pos="JJ">public</wf>
<wf cmd="tag" pos="NN">policy</wf>
<punc>.</punc>
</s>
<s snum="14">
<wf cmd="ignore" pos="DT">This</wf>
<wf cmd="tag" pos="NN">article</wf>
<wf cmd="done" pos="VB" lemma="present" wnsn="1" lexsn="2:39:00::">presents</wf>
<wf cmd="ignore" pos="PRP$">our</wf>
<wf cmd="tag" pos="NNS">observations</wf>
<wf cmd="tag" pos="RB">of_that</wf>
<wf cmd="tag" pos="NN">session</wf>
<punc>,</punc>
<wf cmd="ignore" pos="IN">of</wf>
<wf cmd="ignore" pos="DT">the</wf>
<wf cmd="tag" pos="NNS">realtors</wf>
<wf cmd="ignore" pos="IN">as</wf>
<wf cmd="ignore" pos="PRP">they</wf>
<wf cmd="done" pos="VB" lemma="see" wnsn="5" lexsn="2:31:00::">saw</wf>
<wf cmd="ignore" pos="PRP">themselves</wf>
<wf cmd="ignore" pos="CC">and</wf>
<wf cmd="ignore" pos="IN">as</wf>
<wf cmd="ignore" pos="DT">the</wf>
<wf cmd="tag" pos="NN">faculty</wf>
<wf cmd="ignore" pos="CC">and</wf>
<wf cmd="tag" pos="NNS">students</wf>
<wf cmd="done" pos="VB" lemma="see" wnsn="5" lexsn="2:31:00::">saw</wf>
<wf cmd="ignore" pos="PRP">them</wf>
<punc>.</punc>
</s>
</p>
<p pnum="6">
<s snum="15">
<wf cmd="tag" pos="JJ">Such</wf>
<wf cmd="tag" pos="NN">conversation</wf>
<wf cmd="tag" pos="RB">quickly</wf>
<wf cmd="done" pos="VB" lemma="reveal" wnsn="1" lexsn="2:39:00::">reveals</wf>
<wf cmd="ignore" pos="DT">an</wf>
<wf cmd="tag" pos="RB">ethically</wf>
<wf cmd="tag" pos="JJ">significant</wf>
<wf cmd="tag" pos="NN">ambivalence</wf>
<wf cmd="ignore" pos="IN">in</wf>
<wf cmd="ignore" pos="DT">the</wf>
<wf cmd="tag" pos="NN">self-images</wf>
<wf cmd="done" pos="VB" lemma="hold" wnsn="6" lexsn="2:37:00::">held</wf>
<wf cmd="done" pos="VB" ot="notag">by</wf>
<wf cmd="tag" pos="JJS">most</wf>
<wf cmd="tag" pos="NNS">realtors</wf>
<punc>.</punc>
</s>
<s snum="16">
<wf cmd="ignore" pos="IN">Within</wf>
<wf cmd="ignore" pos="DT">the</wf>
<wf cmd="tag" pos="NN">membership</wf>
<wf cmd="tag" pos="RB">of_this</wf>
<wf cmd="tag" pos="NN">group</wf>
<punc>,</punc>
<wf cmd="ignore" pos="IN">as</wf>
<wf cmd="done" pos="VBZ" ot="notag">has</wf>
<wf cmd="done" pos="VB" ot="notag">been</wf>
<wf cmd="done" pos="VB" lemma="find" wnsn="2" lexsn="2:39:02::">found</wf>
<wf cmd="tag" pos="JJ">true</wf>
<wf cmd="ignore" pos="IN">of</wf>
<wf cmd="tag" pos="NNS">men</wf>
<wf cmd="ignore" pos="IN">in</wf>
<wf cmd="tag" pos="JJ">other</wf>
<wf cmd="tag" pos="JJ">professional</wf>
<wf cmd="ignore" pos="CC">or</wf>
<wf cmd="tag" pos="NN">trade</wf>
<wf cmd="tag" pos="NNS">associations</wf>
<punc>,</punc>
<wf cmd="tag" pos="RB">the_most</wf>
<wf cmd="tag" pos="JJ">ready</wf>
<wf cmd="tag" pos="NN">portrayal</wf>
<wf cmd="ignore" pos="IN">of</wf>
<wf cmd="ignore" pos="PRP">oneself</wf>
<wf cmd="ignore" pos="TO">to</wf>
<punc>``</punc>
<wf cmd="ignore" pos="DT">the</wf>
<wf cmd="tag" pos="JJ">public</wf>
<punc>''</punc>
<wf cmd="done" pos="VB" lemma="be" wnsn="1" lexsn="2:42:03::">is</wf>
<wf cmd="ignore" pos="IN">that</wf>
<wf cmd="ignore" pos="IN">of</wf>
<wf cmd="ignore" pos="DT">a</wf>
<wf cmd="tag" pos="JJ">neutral</wf>
<wf cmd="tag" pos="NN">agent</wf>
<wf cmd="tag" pos="RB">simply</wf>
<wf cmd="done" pos="VB" lemma="serve" wnsn="7" lexsn="2:41:02::">serving</wf>
<wf cmd="ignore" pos="DT">the</wf>
<wf cmd="tag" pos="NNS">interests</wf>
<wf cmd="ignore" pos="IN">of</wf>
<wf cmd="ignore" pos="DT">a</wf>
<wf cmd="tag" pos="NN">seller</wf>
<wf cmd="ignore" pos="CC">or</wf>
<wf cmd="tag" pos="NN">buyer</wf>
<wf cmd="ignore" pos="CC">and</wf>
<wf cmd="done" pos="VB" lemma="mediate" wnsn="1" lexsn="2:32:00::">mediating</wf>
<wf cmd="ignore" pos="IN">between</wf>
<wf cmd="ignore" pos="PRP">them</wf>
<punc>.</punc>
</s>
<s snum="17">
<wf cmd="tag" pos="NNP">Professional</wf>
<wf cmd="tag" pos="NN">responsibility</wf>
<wf cmd="done" pos="VBZ" ot="notag">is</wf>
<wf cmd="done" pos="VB" lemma="see" wnsn="3" lexsn="2:39:02::">seen</wf>
<wf cmd="done" pos="VB" ot="notag">to</wf>
<wf cmd="done" pos="VB" lemma="consist" wnsn="1" lexsn="2:42:00::">consist</wf>
<wf cmd="tag" pos="RB">largely</wf>
<wf cmd="ignore" pos="IN">in</wf>
<wf cmd="done" pos="VB" lemma="serve" wnsn="7" lexsn="2:41:02::">serving</wf>
<wf cmd="ignore" pos="DT">the</wf>
<wf cmd="tag" pos="NN">wishes</wf>
<wf cmd="ignore" pos="IN">of</wf>
<wf cmd="ignore" pos="DT">the</wf>
<wf cmd="tag" pos="NN">client</wf>
<wf cmd="tag" pos="RB">fairly</wf>
<wf cmd="ignore" pos="CC">and</wf>
<wf cmd="ignore" pos="IN">in</wf>
<wf cmd="ignore" pos="DT">an</wf>
<wf cmd="tag" pos="JJ">efficient</wf>
<wf cmd="tag" pos="NN">manner</wf>
<punc>.</punc>
</s>
<s snum="18">
<wf cmd="ignore" pos="CC">But</wf>
<wf cmd="ignore" pos="IN">as</wf>
<wf cmd="tag" pos="NN">conversation</wf>
<wf cmd="done" pos="VB" lemma="go_on" wnsn="1" lexsn="2:42:00::">goes_on</wf>
<punc>,</punc>
<wf cmd="tag" pos="RB">particularly</wf>
<wf cmd="ignore" pos="IN">among</wf>
<wf cmd="ignore" pos="DT">the</wf>
<wf cmd="tag" pos="NNS">realtors</wf>
<wf cmd="ignore" pos="PRP">themselves</wf>
<punc>,</punc>
<wf cmd="ignore" pos="DT">another</wf>
<wf cmd="tag" pos="NN">image</wf>
<wf cmd="done" pos="VB" lemma="emerge" wnsn="3" lexsn="2:30:01::">emerges</wf>
<punc>,</punc>
<wf cmd="ignore" pos="IN">that</wf>
<wf cmd="ignore" pos="IN">of</wf>
<wf cmd="tag" pos="JJ">considerable</wf>
<wf cmd="tag" pos="NN">power</wf>
<wf cmd="ignore" pos="CC">and</wf>
<wf cmd="tag" pos="NN">influence</wf>
<wf cmd="ignore" pos="IN">in</wf>
<wf cmd="ignore" pos="DT">the</wf>
<wf cmd="tag" pos="NN">community</wf>
<punc>.</punc>
</s>
<s snum="19">
<wf cmd="tag" pos="RB">Obviously</wf>
<punc>,</punc>
<wf cmd="tag" pos="JJ">much</wf>
<wf cmd="tag" pos="RB">more_than</wf>
<wf cmd="tag" pos="NN">customer</wf>
<wf cmd="tag" pos="NN">expectation</wf>
<wf cmd="done" pos="VBZ" ot="notag">is</wf>
<wf cmd="done" pos="VB" lemma="determine" wnsn="2" lexsn="2:31:02::">determining</wf>
<wf cmd="ignore" pos="DT">the</wf>
<wf cmd="tag" pos="NN">realtor</wf>
<wf cmd="ignore" pos="POS">'s</wf>
<wf cmd="tag" pos="NN">role</wf>
<punc>.</punc>
</s>
<s snum="20">
<wf cmd="tag" pos="NNS">Judgments</wf>
<wf cmd="done" pos="VBP" ot="notag">are</wf>
<wf cmd="tag" pos="RB">continually</wf>
<wf cmd="done" pos="VB" lemma="render" wnsn="2" lexsn="2:40:02::">rendered</wf>
<wf cmd="tag" pos="JJ">regarding</wf>
<wf cmd="ignore" pos="DT">the</wf>
<wf cmd="tag" pos="JJ">potential</wf>
<wf cmd="tag" pos="NNS">buyers</wf>
<punc>'</punc>
<wf cmd="tag" pos="NN">income</wf>
<punc>,</punc>
<wf cmd="tag" pos="JJ">educational</wf>
<wf cmd="tag" pos="NN">level</wf>
<wf cmd="ignore" pos="CC">and</wf>
<wf cmd="tag" pos="RB">above_all</wf>
<punc>,</punc>
<wf cmd="tag" pos="JJ">racial</wf>
<wf cmd="tag" pos="NN">extraction</wf>
<punc>;</punc>
<wf cmd="ignore" pos="CC">and</wf>
<wf cmd="ignore" pos="IN">whether</wf>
<wf cmd="ignore" pos="DT">these</wf>
<wf cmd="ignore" pos="MD">would</wf>
<wf cmd="done" pos="VB" lemma="qualify" wnsn="2" lexsn="2:32:02::">qualify</wf>
<wf cmd="ignore" pos="PRP">them</wf>
<wf cmd="ignore" pos="IN">for</wf>
<punc>``</punc>
<wf cmd="tag" pos="JJ">congenial</wf>
<punc>''</punc>
<punc>,</punc>
<punc>``</punc>
<wf cmd="tag" pos="JJ">happy</wf>
<punc>''</punc>
<wf cmd="tag" pos="NN">relations_to</wf>
<wf cmd="tag" pos="JJ">other</wf>
<wf cmd="tag" pos="NNS">people</wf>
<wf cmd="ignore" pos="IN">in</wf>
<wf cmd="tag" pos="JJ">certain</wf>
<wf cmd="tag" pos="NN">community</wf>
<wf cmd="tag" pos="NNS">areas</wf>
<punc>.</punc>
</s>
</p>
<p pnum="7">
<s snum="21">
<wf cmd="ignore" pos="WRB">How</wf>
<wf cmd="tag" pos="JJ">explicit</wf>
<wf cmd="tag" pos="JJ">such</wf>
<wf cmd="tag" pos="NNS">factors</wf>
<wf cmd="done" pos="VBP" ot="notag">have</wf>
<wf cmd="done" pos="VB" lemma="be" wnsn="1" lexsn="2:42:03::">been</wf>
<wf cmd="tag" pos="RB">historically</wf>
<wf cmd="done" pos="VB" lemma="be" wnsn="1" lexsn="2:42:03::">is</wf>
<wf cmd="tag" pos="JJ">evident</wf>
<wf cmd="ignore" pos="IN">in</wf>
<wf cmd="ignore" pos="DT">any</wf>
<wf cmd="tag" pos="NN">chronology</wf>
<wf cmd="ignore" pos="IN">of</wf>
<wf cmd="tag" pos="JJ">restrictive</wf>
<wf cmd="tag" pos="NN">covenant</wf>
<wf cmd="tag" pos="NNS">cases</wf>
<wf cmd="ignore" pos="CC">or</wf>
<wf cmd="ignore" pos="IN">in</wf>
<wf cmd="ignore" pos="DT">a</wf>
<wf cmd="tag" pos="NN">review</wf>
<wf cmd="ignore" pos="IN">of</wf>
<wf cmd="tag" pos="NNP">NAREB</wf>
<wf cmd="ignore" pos="POS">'s</wf>
<wf cmd="tag" pos="NNP">Code</wf>
<wf cmd="ignore" pos="IN">of</wf>
<wf cmd="tag" pos="NNP">Ethics</wf>
<wf cmd="tag" pos="NN">Article</wf>
<wf cmd="tag" pos="CD">34</wf>
<wf cmd="ignore" pos="IN">in</wf>
<wf cmd="ignore" pos="DT">the</wf>
<wf cmd="tag" pos="NNP">Code</wf>
<punc>,</punc>
<wf cmd="done" pos="VB" lemma="adopt" wnsn="1" lexsn="2:40:02::">adopted</wf>
<wf cmd="ignore" pos="IN">in</wf>
<wf cmd="tag" pos="CD">1924</wf>
<punc>,</punc>
<wf cmd="tag" pos="NNS">states</wf>
<wf cmd="ignore" pos="IN">that</wf>
<punc>``</punc>
<wf cmd="ignore" pos="DT">a</wf>
<wf cmd="tag" pos="NN">Realtor</wf>
<wf cmd="ignore" pos="MD">should</wf>
<wf cmd="tag" pos="RB">never</wf>
<wf cmd="done" pos="VB" lemma="be" wnsn="1" lexsn="2:42:03::">be</wf>
<wf cmd="tag" pos="JJ">instrumental</wf>
<wf cmd="ignore" pos="IN">in</wf>
<wf cmd="done" pos="VB" lemma="introduce" wnsn="3" lexsn="2:30:03::">introducing</wf>
<wf cmd="ignore" pos="IN">into</wf>
<wf cmd="ignore" pos="DT">a</wf>
<wf cmd="tag" pos="NN">neighborhood</wf>
<wf cmd="ignore" pos="DT">a</wf>
<wf cmd="tag" pos="NN">character</wf>
<wf cmd="ignore" pos="IN">of</wf>
<wf cmd="tag" pos="NN">property</wf>
<wf cmd="ignore" pos="CC">or</wf>
<wf cmd="tag" pos="NN">occupancy</wf>
<punc>,</punc>
<wf cmd="tag" pos="NNS">members</wf>
<wf cmd="ignore" pos="IN">of</wf>
<wf cmd="ignore" pos="DT">any</wf>
<wf cmd="tag" pos="NN">race</wf>
<wf cmd="ignore" pos="CC">or</wf>
<wf cmd="tag" pos="NN">nationality</wf>
<punc>,</punc>
<wf cmd="ignore" pos="CC">or</wf>
<wf cmd="ignore" pos="DT">any</wf>
<wf cmd="tag" pos="NNS">individuals</wf>
<wf cmd="ignore" pos="WP$">whose</wf>
<wf cmd="tag" pos="NN">presence</wf>
<wf cmd="ignore" pos="MD">will</wf>
<wf cmd="tag" pos="RB">clearly</wf>
<wf cmd="done" pos="VB" lemma="be" wnsn="1" lexsn="2:42:03::">be</wf>
<wf cmd="tag" pos="JJ">detrimental_to</wf>
<wf cmd="tag" pos="NN">property</wf>
<wf cmd="tag" pos="NNS">values</wf>
<wf cmd="tag" pos="RB">in_that</wf>
<wf cmd="tag" pos="NN">neighborhood</wf>
<punc>''</punc>
<punc>.</punc>
</s>
<s snum="22">
<wf cmd="ignore" pos="IN">Though</wf>
<wf cmd="ignore" pos="DT">the</wf>
<wf cmd="tag" pos="NN">reference_to</wf>
<wf cmd="tag" pos="NN">race</wf>
<wf cmd="done" pos="VBD" ot="notag">was</wf>
<wf cmd="done" rdf="struck" pos="VB" lemma="strike" wnsn="14" lexsn="2:35:08::">stricken</wf>
<wf cmd="ignore" pos="IN">by</wf>
<wf cmd="ignore" pos="DT">the</wf>
<wf cmd="tag" pos="NN">association</wf>
<wf cmd="ignore" pos="IN">in</wf>
<wf cmd="tag" pos="CD">1950</wf>
<punc>,</punc>
<wf cmd="done" pos="VB" lemma="be" wnsn="1" lexsn="2:42:03::">being</wf>
<wf cmd="ignore" pos="DT">an</wf>
<wf cmd="tag" pos="NN">agent</wf>
<wf cmd="ignore" pos="IN">of</wf>
<wf cmd="tag" pos="JJ">such</wf>
<punc>``</punc>
<wf cmd="tag" pos="JJ">detrimental</wf>
<punc>''</punc>
<wf cmd="tag" pos="NNS">influences</wf>
<wf cmd="tag" pos="RB">still</wf>
<wf cmd="done" pos="VB" lemma="appear" wnsn="1" lexsn="2:39:00::">appears</wf>
<wf cmd="ignore" pos="IN">as</wf>
<wf cmd="ignore" pos="DT">the</wf>
<wf cmd="tag" pos="JJ">cardinal</wf>
<wf cmd="tag" pos="NN">sin</wf>
<wf cmd="tag" pos="NNS">realtors</wf>
<wf cmd="done" pos="VB" lemma="see" wnsn="4;5" lexsn="2:36:00::;2:31:00::">see</wf>
<wf cmd="ignore" pos="PRP">themselves</wf>
<wf cmd="done" pos="VB" lemma="commit" wnsn="2" lexsn="2:32:01::">committed</wf>
<wf cmd="ignore" pos="TO">to</wf>
<wf cmd="done" pos="VB" lemma="avoid" wnsn="1" lexsn="2:32:00::">avoid</wf>
<punc>.</punc>
</s>
</p>
<p pnum="8">
<s snum="23">
<wf cmd="ignore" pos="DT">The</wf>
<wf cmd="tag" pos="NN">rationale</wf>
<wf cmd="ignore" pos="IN">for</wf>
<wf cmd="ignore" pos="DT">this</wf>
<wf cmd="tag" pos="NN">avoidance</wf>
<wf cmd="done" pos="VBD" ot="notag">was</wf>
<wf cmd="tag" pos="RBS">most</wf>
<wf cmd="tag" pos="RB">frequently</wf>
<wf cmd="done" pos="VB" lemma="express" wnsn="1" lexsn="2:32:01::">expressed</wf>
<wf cmd="ignore" pos="IN">in</wf>
<wf cmd="tag" pos="JJ">economic</wf>
<wf cmd="tag" pos="NNS">terms</wf>
<punc>;</punc>
<wf cmd="ignore" pos="DT">all</wf>
<wf cmd="done" pos="VB" lemma="fear" wnsn="2" lexsn="2:37:00::">feared</wf>
<wf cmd="ignore" pos="DT">the</wf>
<wf cmd="tag" pos="JJ">supposed</wf>
<wf cmd="tag" pos="NN">stigma</wf>
<wf cmd="ignore" pos="PRP">they</wf>
<wf cmd="done" pos="VB" lemma="believe" wnsn="2" lexsn="2:31:04::">believed</wf>
<wf cmd="ignore" pos="MD">would</wf>
<wf cmd="tag" pos="RB">inevitably</wf>
<wf cmd="done" pos="VB" lemma="attach_to" wnsn="1" lexsn="2:42:01::">attach_to</wf>
<wf cmd="ignore" pos="DT">any</wf>
<wf cmd="tag" pos="NN">realtor</wf>
<wf cmd="ignore" pos="WP">who</wf>
<wf cmd="tag" pos="RB">openly</wf>
<wf cmd="done" pos="VB" lemma="introduce" wnsn="3" lexsn="2:30:03::">introduced</wf>
<wf cmd="tag" pos="JJ">non-white</wf>
<punc>,</punc>
<wf cmd="tag" pos="RB">particularly</wf>
<wf cmd="tag" pos="NNP">Negro</wf>
<punc>,</punc>
<wf cmd="tag" pos="NNS">peoples</wf>
<wf cmd="ignore" pos="IN">into</wf>
<wf cmd="tag" pos="JJ">all-white</wf>
<punc>,</punc>
<wf cmd="tag" pos="JJ">restricted</wf>
<wf cmd="tag" pos="NNS">areas</wf>
<punc>.</punc>
</s>
<s snum="24">
<wf cmd="ignore" pos="PRP">They</wf>
<wf cmd="ignore" pos="MD">would</wf>
<wf cmd="done" pos="VB" lemma="become" wnsn="1" lexsn="2:30:00::">become</wf>
<wf cmd="tag" pos="JJ">tagged</wf>
<wf cmd="ignore" pos="IN">as</wf>
<wf cmd="tag" pos="NNS">men</wf>
<wf cmd="tag" pos="RB">not</wf>
<wf cmd="tag" pos="JJ">interested</wf>
<wf cmd="ignore" pos="IN">in</wf>
<wf cmd="done" pos="VB" lemma="be" wnsn="7" lexsn="2:42:02::">being</wf>
<wf cmd="tag" pos="RB">purely</wf>
<wf cmd="tag" pos="NN">real_estate</wf>
<punc>``</punc>
<wf cmd="tag" pos="NNS">professionals</wf>
<punc>''</punc>
<wf cmd="ignore" pos="CC">but</wf>
<wf cmd="tag" pos="NNS">agitators</wf>
<wf cmd="ignore" pos="IN">for</wf>
<wf cmd="ignore" pos="DT">some</wf>
<wf cmd="tag" pos="RB">kind_of</wf>
<punc>``</punc>
<wf cmd="tag" pos="NN">cause</wf>
<punc>''</punc>
<wf cmd="ignore" pos="CC">or</wf>
<punc>``</punc>
<wf cmd="tag" pos="NN">reform</wf>
<punc>''</punc>
<punc>,</punc>
<wf cmd="ignore" pos="CC">and</wf>
<wf cmd="ignore" pos="DT">this</wf>
<wf cmd="done" pos="VB" lemma="be" wnsn="1" lexsn="2:42:03::">was</wf>
<wf cmd="tag" pos="RB">no_longer</wf>
<wf cmd="ignore" pos="TO">to</wf>
<wf cmd="done" pos="VB" lemma="be" wnsn="1" lexsn="2:42:03::">be</wf>
<wf cmd="ignore" pos="DT">a</wf>
<punc>``</punc>
<wf cmd="ignore" pos="FW">pro</wf>
<punc>''</punc>
<punc>.</punc>
</s>
</p>
<p pnum="9">
<s snum="25">
<wf cmd="tag" pos="RB">Obviously</wf>
<wf cmd="ignore" pos="WP">what</wf>
<wf cmd="ignore" pos="PRP">we</wf>
<wf cmd="done" pos="VBP" ot="notag">are</wf>
<wf cmd="done" pos="VB" lemma="confront" wnsn="2" lexsn="2:32:00::">confronted</wf>
<wf cmd="ignore" pos="IN">with</wf>
<wf cmd="tag" pos="RB">here</wf>
<wf cmd="done" pos="VB" lemma="be" wnsn="6" lexsn="2:42:07::">is</wf>
<wf cmd="ignore" pos="DT">the</wf>
<wf cmd="tag" pos="NN">identification</wf>
<wf cmd="ignore" pos="IN">of</wf>
<punc>``</punc>
<wf cmd="tag" pos="JJ">professional</wf>
<punc>''</punc>
<wf cmd="ignore" pos="IN">with</wf>
<wf cmd="tag" pos="JJ">narrow</wf>
<wf cmd="tag" pos="NNS">skills</wf>
<wf cmd="ignore" pos="CC">and</wf>
<wf cmd="tag" pos="NN">specialization</wf>
<punc>,</punc>
<wf cmd="ignore" pos="DT">the</wf>
<wf cmd="tag" pos="JJ">effective</wf>
<wf cmd="tag" pos="NN">servicing</wf>
<wf cmd="ignore" pos="IN">of</wf>
<wf cmd="ignore" pos="DT">a</wf>
<wf cmd="tag" pos="NN">client</wf>
<punc>,</punc>
<wf cmd="tag" pos="RB">rather_than</wf>
<wf cmd="tag" pos="NN">responsiveness</wf>
<wf cmd="ignore" pos="TO">to</wf>
<wf cmd="ignore" pos="DT">the</wf>
<wf cmd="tag" pos="JJR">wider</wf>
<wf cmd="ignore" pos="CC">and</wf>
<wf cmd="tag" pos="JJR">deeper</wf>
<wf cmd="tag" pos="NN">meaning</wf>
<wf cmd="ignore" pos="CC">and</wf>
<wf cmd="tag" pos="NNS">associations</wf>
<wf cmd="ignore" pos="IN">of</wf>
<wf cmd="tag" pos="CD">one</wf>
<wf cmd="ignore" pos="POS">'s</wf>
<wf cmd="tag" pos="NN">work</wf>
<punc>.</punc>
</s>
<s snum="26">
<wf cmd="ignore" pos="DT">These</wf>
<wf cmd="tag" pos="NNS">men</wf>
<punc>-</punc>
<wf cmd="tag" pos="RB">for_the_most_part</wf>
<wf cmd="done" pos="VB" lemma="educate" wnsn="1" lexsn="2:41:00::">educated</wf>
<wf cmd="ignore" pos="IN">in</wf>
<wf cmd="ignore" pos="PRP$">our</wf>
<punc>``</punc>
<wf cmd="tag" pos="JJS">best</wf>
<punc>''</punc>
<wf cmd="tag" pos="NN">New_England</wf>
<wf cmd="tag" pos="NNS">colleges</wf>
<punc>,</punc>
<wf cmd="tag" pos="RB">well</wf>
<wf cmd="tag" pos="JJ">established</wf>
<wf cmd="tag" pos="RB">financially</wf>
<wf cmd="ignore" pos="CC">and</wf>
<wf cmd="tag" pos="RB">socially</wf>
<wf cmd="ignore" pos="IN">in</wf>
<wf cmd="ignore" pos="DT">the</wf>
<wf cmd="tag" pos="NN">community</wf>
<punc>-</punc>
<wf cmd="ignore" pos="IN">under</wf>
<wf cmd="tag" pos="RB">kindly</wf>
<wf cmd="ignore" pos="CC">but</wf>
<wf cmd="tag" pos="JJ">insistent</wf>
<wf cmd="tag" pos="NN">probing</wf>
<punc>,</punc>
<wf cmd="done" pos="VB" lemma="reveal" wnsn="1" lexsn="2:39:00::">reveal</wf>
<wf cmd="tag" pos="JJ">little</wf>
<wf cmd="ignore" pos="CC">or</wf>
<wf cmd="ignore" pos="DT">no</wf>
<wf cmd="tag" pos="NN">objective</wf>
<wf cmd="ignore" pos="CC">or</wf>
<wf cmd="tag" pos="JJ">explicit</wf>
<wf cmd="tag" pos="NNS">criteria</wf>
<wf cmd="ignore" pos="CC">or</wf>
<wf cmd="tag" pos="NNS">data</wf>
<wf cmd="ignore" pos="IN">for</wf>
<wf cmd="ignore" pos="PRP$">their</wf>
<wf cmd="tag" pos="NNS">generalizations</wf>
<wf cmd="ignore" pos="IN">about</wf>
<wf cmd="ignore" pos="DT">the</wf>
<wf cmd="tag" pos="NNS">interests</wf>
<wf cmd="ignore" pos="CC">and</wf>
<wf cmd="tag" pos="NNS">attitudes</wf>
<wf cmd="ignore" pos="IN">of</wf>
<wf cmd="ignore" pos="DT">the</wf>
<wf cmd="tag" pos="NNS">people</wf>
<wf cmd="ignore" pos="PRP">they</wf>
<wf cmd="done" pos="VB" lemma="claim" wnsn="1" lexsn="2:32:00::">claim</wf>
<wf cmd="ignore" pos="TO">to</wf>
<wf cmd="done" pos="VB" lemma="serve" wnsn="7" lexsn="2:41:02::">serve</wf>
<punc>,</punc>
<wf cmd="ignore" pos="CC">or</wf>
<wf cmd="ignore" pos="IN">about</wf>
<wf cmd="ignore" pos="DT">the</wf>
<wf cmd="tag" pos="JJ">public</wf>
<wf cmd="tag" pos="NNS">responses</wf>
<wf cmd="ignore" pos="IN">that</wf>
<wf cmd="tag" pos="RB">actually</wf>
<wf cmd="done" pos="VB" lemma="follow" wnsn="2" lexsn="2:42:00::">follow</wf>
<wf cmd="ignore" pos="PRP$">their</wf>
<wf cmd="tag" pos="JJ">occasional</wf>
<wf cmd="tag" pos="NN">breach</wf>
<wf cmd="ignore" pos="IN">of</wf>
<wf cmd="ignore" pos="DT">a</wf>
<punc>``</punc>
<wf cmd="tag" pos="JJ">client-service</wf>
<wf cmd="tag" pos="NN">relationship</wf>
<punc>''</punc>
<punc>.</punc>
</s>
</p>
<p pnum="10">
<s snum="27">
<wf cmd="ignore" pos="DT">This</wf>
<wf cmd="tag" pos="JJ">narrow</wf>
<punc>``</punc>
<wf cmd="tag" pos="NN">professionalism</wf>
<punc>''</punc>
<wf cmd="done" pos="VBZ" ot="notag">does</wf>
<wf cmd="tag" pos="RB">not</wf>
<wf cmd="tag" pos="RB">even</wf>
<wf cmd="done" pos="VB" lemma="fit" wnsn="6" lexsn="2:42:04::">fit</wf>
<wf cmd="ignore" pos="DT">the</wf>
<wf cmd="tag" pos="JJ">present</wf>
<wf cmd="tag" pos="NNS">realities</wf>
<wf cmd="ignore" pos="IN">of</wf>
<wf cmd="ignore" pos="PRP$">their</wf>
<wf cmd="tag" pos="NN">situation</wf>
<punc>,</punc>
<wf cmd="ignore" pos="IN">as</wf>
<wf cmd="ignore" pos="DT">the</wf>
<wf cmd="tag" pos="NN">pressure</wf>
<wf cmd="ignore" pos="IN">of</wf>
<wf cmd="tag" pos="NNS">minorities</wf>
<wf cmd="ignore" pos="CC">and</wf>
<wf cmd="ignore" pos="DT">the</wf>
<wf cmd="tag" pos="NN">power</wf>
<wf cmd="ignore" pos="CC">and</wf>
<wf cmd="tag" pos="NN">respectability</wf>
<wf cmd="ignore" pos="IN">of</wf>
<wf cmd="ignore" pos="DT">the</wf>
<wf cmd="tag" pos="NNS">realtors</wf>
<wf cmd="done" pos="VB" lemma="increase" wnsn="1" lexsn="2:30:00::">increase</wf>
<punc>.</punc>
</s>
<s snum="28">
<wf cmd="ignore" pos="IN">As</wf>
<wf cmd="ignore" pos="PRP$">our</wf>
<wf cmd="tag" pos="NN">discussion</wf>
<wf cmd="done" pos="VB" lemma="continue" wnsn="1" lexsn="2:42:01::">continued</wf>
<punc>,</punc>
<wf cmd="ignore" pos="DT">the</wf>
<wf cmd="tag" pos="NN">inadequacy</wf>
<wf cmd="ignore" pos="IN">of</wf>
<wf cmd="ignore" pos="DT">the</wf>
<punc>``</punc>
<wf cmd="tag" pos="NN">client</wf>
<wf cmd="tag" pos="NN">relationship</wf>
<punc>''</punc>
<wf cmd="ignore" pos="IN">as</wf>
<wf cmd="ignore" pos="DT">an</wf>
<wf cmd="tag" pos="NN">interpretation</wf>
<wf cmd="ignore" pos="IN">of</wf>
<wf cmd="ignore" pos="PRP$">their</wf>
<punc>``</punc>
<wf cmd="tag" pos="NN">way</wf>
<wf cmd="ignore" pos="IN">of</wf>
<wf cmd="done" pos="VB" lemma="operate" wnsn="1" lexsn="2:41:00::">operating</wf>
<punc>''</punc>
<wf cmd="done" pos="VB" lemma="become" wnsn="1" lexsn="2:30:00::">became</wf>
<wf cmd="tag" pos="JJ">evident</wf>
<punc>.</punc>
</s>
<s snum="29">
<wf cmd="tag" pos="NNS">Realtors</wf>
<wf cmd="done" pos="VB" lemma="live" wnsn="1" lexsn="2:42:08::">live</wf>
<wf cmd="tag" pos="RB">in</wf>
<wf cmd="ignore" pos="PRP$">their</wf>
<wf cmd="tag" pos="NNS">communities</wf>
<wf cmd="ignore" pos="IN">as</wf>
<wf cmd="tag" pos="NNS">specialists</wf>
<wf cmd="ignore" pos="IN">in</wf>
<wf cmd="ignore" pos="DT">a</wf>
<wf cmd="tag" pos="JJ">given</wf>
<wf cmd="tag" pos="NN">area</wf>
<wf cmd="ignore" pos="IN">of</wf>
<wf cmd="tag" pos="NN">work</wf>
<punc>,</punc>
<wf cmd="ignore" pos="IN">as</wf>
<wf cmd="tag" pos="NNS">members</wf>
<wf cmd="ignore" pos="IN">of</wf>
<wf cmd="tag" pos="JJ">social</wf>
<wf cmd="ignore" pos="CC">and</wf>
<wf cmd="tag" pos="JJ">professional</wf>
<wf cmd="tag" pos="NNS">organizations</wf>
<punc>,</punc>
<wf cmd="ignore" pos="IN">as</wf>
<wf cmd="tag" pos="NNS">citizens</wf>
<wf cmd="ignore" pos="CC">and</wf>
<wf cmd="tag" pos="NN">civic_leaders</wf>
<punc>,</punc>
<wf cmd="ignore" pos="IN">as</wf>
<wf cmd="tag" pos="NN">church</wf>
<wf cmd="tag" pos="NNS">laymen</wf>
<punc>,</punc>
<wf cmd="ignore" pos="IN">as</wf>
<wf cmd="tag" pos="NN">university</wf>
<wf cmd="tag" pos="NNS">alumni</wf>
<punc>,</punc>
<wf cmd="ignore" pos="IN">as</wf>
<wf cmd="tag" pos="NN">newspaper</wf>
<wf cmd="tag" pos="NNS">readers</wf>
<punc>,</punc>
<wf cmd="ignore" pos="FW">etc.</wf>
<punc>.</punc>
</s>
<s snum="30">
<wf cmd="ignore" pos="IN">From</wf>
<wf cmd="tag" pos="JJ">such</wf>
<wf cmd="tag" pos="JJ">communal</wf>
<wf cmd="tag" pos="NNS">roles</wf>
<wf cmd="ignore" pos="DT">the</wf>
<wf cmd="tag" pos="NN">realtor</wf>
<wf cmd="done" pos="VB" lemma="find" wnsn="4" lexsn="2:32:00::">finds</wf>
<wf cmd="ignore" pos="DT">the</wf>
<wf cmd="tag" pos="NN">substance</wf>
<wf cmd="ignore" pos="IN">that</wf>
<wf cmd="done" pos="VB" lemma="shape" wnsn="2" lexsn="2:36:00::">shapes</wf>
<wf cmd="ignore" pos="PRP$">his</wf>
<wf cmd="tag" pos="JJ">moral</wf>
<wf cmd="tag" pos="NN">understanding</wf>
<punc>.</punc>
</s>
</p>
<p pnum="11">
<s snum="31">
<wf cmd="ignore" pos="PRP">It</wf>
<wf cmd="done" pos="VB" lemma="seem" wnsn="1" lexsn="2:39:00::">seems</wf>
<wf cmd="ignore" pos="TO">to</wf>
<wf cmd="ignore" pos="PRP">us</wf>
<wf cmd="ignore" pos="IN">that</wf>
<wf cmd="tag" pos="NNS">choices</wf>
<wf cmd="done" pos="VB" lemma="exercise" wnsn="2" lexsn="2:41:00::">exercised</wf>
<wf cmd="ignore" pos="IN">by</wf>
<wf cmd="tag" pos="NNS">realtors</wf>
<wf cmd="ignore" pos="IN">in</wf>
<wf cmd="tag" pos="JJ">moral</wf>
<wf cmd="tag" pos="NNS">situations</wf>
<wf cmd="done" pos="VB" lemma="center" wnsn="2" lexsn="2:31:00::">center</wf>
<wf cmd="ignore" pos="IN">in</wf>
<wf cmd="tag" pos="RB">at_least</wf>
<wf cmd="tag" pos="CD">three</wf>
<wf cmd="tag" pos="NNS">areas</wf>
<punc>:</punc>
</s>
<s snum="32">
<punc>(</punc>
<wf cmd="tag" pos="CD">1</wf>
<punc>)</punc>
<wf cmd="ignore" pos="DT">the</wf>
<wf cmd="tag" pos="JJ">various</wf>
<wf cmd="tag" pos="NNS">ways</wf>
<wf cmd="tag" pos="RB">in_which</wf>
<wf cmd="ignore" pos="PRP">they</wf>
<wf cmd="done" pos="VB" lemma="interpret" wnsn="2" lexsn="2:32:00::">interpret</wf>
<wf cmd="ignore" pos="DT">a</wf>
<wf cmd="tag" pos="JJ">particular</wf>
<wf cmd="tag" pos="JJ">social</wf>
<wf cmd="tag" pos="NN">issue</wf>
<punc>;</punc>
<punc>(</punc>
<wf cmd="tag" pos="CD">2</wf>
<punc>)</punc>
<wf cmd="ignore" pos="PRP$">their</wf>
<wf cmd="tag" pos="NN">pattern</wf>
<wf cmd="ignore" pos="IN">of</wf>
<wf cmd="tag" pos="NN">involvement</wf>
<wf cmd="ignore" pos="IN">in</wf>
<wf cmd="ignore" pos="DT">the</wf>
<wf cmd="tag" pos="JJ">regular</wf>
<wf cmd="tag" pos="JJ">legal</wf>
<wf cmd="ignore" pos="CC">and</wf>
<wf cmd="tag" pos="JJ">political</wf>
<wf cmd="tag" pos="NNS">processes</wf>
<punc>;</punc>
<wf cmd="ignore" pos="CC">and</wf>
<punc>,</punc>
<wf cmd="tag" pos="RBS">most</wf>
<wf cmd="tag" pos="RB">pervasively</wf>
<punc>,</punc>
<punc>(</punc>
<wf cmd="tag" pos="CD">3</wf>
<punc>)</punc>
<wf cmd="ignore" pos="PRP$">their</wf>
<wf cmd="tag" pos="NN">interpretation</wf>
<wf cmd="ignore" pos="IN">of</wf>
<wf cmd="ignore" pos="WP">who</wf>
<wf cmd="done" pos="VB" lemma="be" wnsn="1" lexsn="2:42:03::">is</wf>
<wf cmd="ignore" pos="DT">a</wf>
<punc>``</punc>
<wf cmd="tag" pos="JJ">real</wf>
<wf cmd="ignore" pos="FW">pro</wf>
<punc>''</punc>
<punc>,</punc>
<wf cmd="tag" pos="RB">of_what</wf>
<wf cmd="ignore" pos="PRP">it</wf>
<wf cmd="done" pos="VB" lemma="mean" wnsn="2" lexsn="2:42:00::">means</wf>
<wf cmd="ignore" pos="TO">to</wf>
<wf cmd="done" pos="VB" lemma="be" wnsn="1" lexsn="2:42:03::">be</wf>
<wf cmd="ignore" pos="DT">a</wf>
<wf cmd="tag" pos="JJ">professional</wf>
<wf cmd="tag" pos="NN">man</wf>
<wf cmd="ignore" pos="IN">in</wf>
<wf cmd="ignore" pos="DT">a</wf>
<wf cmd="tag" pos="JJ">technical</wf>
<punc>,</punc>
<wf cmd="tag" pos="JJ">fragmented</wf>
<wf cmd="tag" pos="NN">society</wf>
<punc>.</punc>
</s>
</p>
<p pnum="12">
<s snum="33">
<punc>(</punc>
<wf cmd="tag" pos="CD">1</wf>
<punc>)</punc>
<wf cmd="tag" pos="JJ">Most_of</wf>
<wf cmd="ignore" pos="DT">the</wf>
<wf cmd="tag" pos="NNS">realtors</wf>
<wf cmd="done" pos="VB" lemma="minimize" wnsn="2" lexsn="2:32:01::">minimized</wf>
<wf cmd="ignore" pos="PRP$">their</wf>
<wf cmd="tag" pos="JJ">own</wf>
<wf cmd="tag" pos="NN">understanding</wf>
<wf cmd="tag" pos="RB">of</wf>
<wf cmd="ignore" pos="CC">and</wf>
<wf cmd="tag" pos="NN">role</wf>
<wf cmd="ignore" pos="IN">in</wf>
<wf cmd="ignore" pos="DT">the</wf>
<wf cmd="tag" pos="JJ">racial</wf>
<wf cmd="tag" pos="NN">issue</wf>
<punc>,</punc>
<wf cmd="done" pos="VB" lemma="plead" wnsn="2" lexsn="2:32:02::">pleading</wf>
<wf cmd="ignore" pos="IN">that</wf>
<wf cmd="ignore" pos="PRP">they</wf>
<wf cmd="tag" pos="RB">only</wf>
<wf cmd="done" pos="VB" lemma="reflect" wnsn="3" lexsn="2:39:00::">reflect</wf>
<wf cmd="ignore" pos="DT">the</wf>
<wf cmd="tag" pos="NNS">attitudes</wf>
<wf cmd="ignore" pos="CC">and</wf>
<wf cmd="tag" pos="NNS">intentions</wf>
<wf cmd="ignore" pos="IN">of</wf>
<wf cmd="ignore" pos="PRP$">their</wf>
<wf cmd="tag" pos="NN">society</wf>
<punc>.</punc>
</s>
<s snum="34">
<wf cmd="ignore" pos="EX">There</wf>
<wf cmd="done" pos="VB" lemma="be" wnsn="4" lexsn="2:42:00::">is</wf>
<wf cmd="ignore" pos="DT">some</wf>
<wf cmd="tag" pos="NN">reality</wf>
<wf cmd="ignore" pos="TO">to</wf>
<wf cmd="ignore" pos="DT">this</wf>
<punc>;</punc>
<wf cmd="ignore" pos="DT">the</wf>
<wf cmd="tag" pos="NNP">Commission</wf>
<wf cmd="ignore" pos="IN">on</wf>
<wf cmd="tag" pos="NNP">Race</wf>
<wf cmd="ignore" pos="CC">and</wf>
<wf cmd="tag" pos="NNP">Housing</wf>
<wf cmd="done" pos="VB" lemma="conclude" wnsn="1" lexsn="2:31:00::">concluded</wf>
<wf cmd="ignore" pos="IN">that</wf>
<punc>``</punc>
<wf cmd="ignore" pos="EX">there</wf>
<wf cmd="done" pos="VB" lemma="be" wnsn="4" lexsn="2:42:00::">is</wf>
<wf cmd="ignore" pos="DT">no</wf>
<wf cmd="tag" pos="NN">reason</wf>
<wf cmd="ignore" pos="TO">to</wf>
<wf cmd="done" pos="VB" lemma="believe" wnsn="1" lexsn="2:31:00::">believe</wf>
<wf cmd="ignore" pos="IN">that</wf>
<wf cmd="tag" pos="NN">real_estate</wf>
<wf cmd="tag" pos="NNS">men</wf>
<wf cmd="done" pos="VB" lemma="be" wnsn="1" lexsn="2:42:03::">are</wf>
<wf cmd="ignore" pos="DT">either</wf>
<wf cmd="tag" pos="RB">more_or_less</wf>
<wf cmd="tag" pos="RB">racially</wf>
<wf cmd="tag" pos="JJ">prejudiced</wf>
<punc>,</punc>
<wf cmd="tag" pos="RB">on_the_whole</wf>
<punc>,</punc>
<wf cmd="ignore" pos="IN">than</wf>
<wf cmd="ignore" pos="DT">any</wf>
<wf cmd="tag" pos="JJ">other</wf>
<wf cmd="tag" pos="NN">segment</wf>
<wf cmd="ignore" pos="IN">of</wf>
<wf cmd="ignore" pos="DT">the</wf>
<wf cmd="tag" pos="NNP">American</wf>
<wf cmd="tag" pos="NN">population</wf>
<punc>''</punc>
<punc>.</punc>
</s>
<s snum="35">
<wf cmd="ignore" pos="CC">But</wf>
<wf cmd="tag" pos="JJ">such</wf>
<wf cmd="ignore" pos="DT">a</wf>
<wf cmd="tag" pos="NN">reaction</wf>
<wf cmd="done" pos="VB" lemma="obscure" wnsn="2" lexsn="2:31:00::">obscures</wf>
<wf cmd="ignore" pos="DT">the</wf>
<wf cmd="tag" pos="JJ">powerful</wf>
<wf cmd="tag" pos="NNS">efforts</wf>
<wf cmd="done" pos="VB" lemma="make" wnsn="1" lexsn="2:41:00::">made</wf>
<wf cmd="tag" pos="RB">in_the_past</wf>
<wf cmd="ignore" pos="IN">by</wf>
<wf cmd="ignore" pos="DT">both</wf>
<wf cmd="tag" pos="NNP">NAREB</wf>
<wf cmd="ignore" pos="CC">and</wf>
<wf cmd="ignore" pos="PRP$">its</wf>
<wf cmd="tag" pos="JJ">local</wf>
<wf cmd="tag" pos="NNS">boards</wf>
<wf cmd="ignore" pos="IN">for</wf>
<wf cmd="ignore" pos="DT">the</wf>
<wf cmd="tag" pos="NN">maintenance</wf>
<wf cmd="ignore" pos="IN">of</wf>
<wf cmd="tag" pos="JJ">restrictive</wf>
<wf cmd="tag" pos="NNS">clauses</wf>
<wf cmd="ignore" pos="CC">and</wf>
<wf cmd="tag" pos="NNS">practices</wf>
<punc>.</punc>
</s>
<s snum="36">
<wf cmd="tag" pos="RB">Also</wf>
<punc>,</punc>
<wf cmd="ignore" pos="PRP">it</wf>
<wf cmd="done" pos="VBZ" ot="notag">does</wf>
<wf cmd="tag" pos="RB">not</wf>
<wf cmd="done" pos="VB" lemma="recognize" wnsn="1" lexsn="2:31:02::">recognize</wf>
<wf cmd="ignore" pos="DT">the</wf>
<wf cmd="tag" pos="NNS">elements</wf>
<wf cmd="ignore" pos="IN">of</wf>
<wf cmd="tag" pos="NN">choice</wf>
<wf cmd="ignore" pos="CC">and</wf>
<wf cmd="tag" pos="NN">judgment</wf>
<wf cmd="tag" pos="RB">continually</wf>
<wf cmd="done" pos="VB" lemma="employ" wnsn="1" lexsn="2:34:00::">employed</wf>
<punc>.</punc>
</s>
</p>
<p pnum="13">
<s snum="37">
<wf cmd="ignore" pos="IN">Like</wf>
<wf cmd="tag" pos="NN">business</wf>
<wf cmd="ignore" pos="CC">and</wf>
<wf cmd="tag" pos="NN">university</wf>
<wf cmd="tag" pos="NNS">groups</wf>
<wf cmd="tag" pos="RB">generally</wf>
<punc>,</punc>
<wf cmd="ignore" pos="DT">these</wf>
<wf cmd="tag" pos="NNS">men</wf>
<wf cmd="done" pos="VB" lemma="have" wnsn="4" lexsn="2:40:04::">had</wf>
<wf cmd="tag" pos="RB">very</wf>
<wf cmd="tag" pos="JJ">limited</wf>
<wf cmd="tag" pos="NN">knowledge</wf>
<wf cmd="ignore" pos="IN">of</wf>
<wf cmd="tag" pos="JJ">recent</wf>
<wf cmd="tag" pos="JJ">sociological</wf>
<wf cmd="ignore" pos="CC">and</wf>
<wf cmd="tag" pos="JJ">psychological</wf>
<wf cmd="tag" pos="NNS">studies</wf>
<wf cmd="ignore" pos="CC">and</wf>
<wf cmd="tag" pos="NNS">findings</wf>
<wf cmd="ignore" pos="WDT">that</wf>
<wf cmd="ignore" pos="MD">might</wf>
<wf cmd="done" pos="VB" lemma="illumine" wnsn="1" lexsn="2:30:00::">illumine</wf>
<wf cmd="ignore" pos="DT">the</wf>
<wf cmd="tag" pos="NNS">decisions</wf>
<wf cmd="ignore" pos="PRP">they</wf>
<wf cmd="done" pos="VB" lemma="make" wnsn="7" lexsn="2:31:00::">make</wf>
<punc>.</punc>
</s>
<s snum="38">
<wf cmd="tag" pos="NNS">Realtors</wf>
<punc>,</punc>
<wf cmd="ignore" pos="DT">both</wf>
<wf cmd="tag" pos="RB">generally</wf>
<wf cmd="ignore" pos="CC">and</wf>
<wf cmd="tag" pos="RB">in_this</wf>
<wf cmd="tag" pos="NN">group</wf>
<punc>,</punc>
<wf cmd="done" pos="VBP" ot="notag">have</wf>
<wf cmd="tag" pos="RB">invariably</wf>
<wf cmd="done" pos="VB" lemma="equate" wnsn="1" lexsn="2:31:00::">equated</wf>
<wf cmd="tag" pos="JJ">residential</wf>
<wf cmd="tag" pos="NN">integration</wf>
<wf cmd="ignore" pos="IN">with</wf>
<wf cmd="ignore" pos="DT">a</wf>
<wf cmd="tag" pos="NN">decline</wf>
<wf cmd="ignore" pos="IN">in</wf>
<wf cmd="tag" pos="NN">property</wf>
<wf cmd="tag" pos="NNS">values</wf>
<punc>,</punc>
<wf cmd="ignore" pos="DT">a</wf>
<wf cmd="tag" pos="NN">circumstance</wf>
<wf cmd="done" pos="VB" lemma="view" wnsn="1" lexsn="2:31:00::">viewed</wf>
<wf cmd="ignore" pos="IN">with</wf>
<wf cmd="tag" pos="JJ">considerable</wf>
<wf cmd="tag" pos="NN">apprehension</wf>
<punc>.</punc>
</s>
</p>
<p pnum="14">
<s snum="39">
<wf cmd="tag" pos="JJ">Recent</wf>
<wf cmd="tag" pos="NNS">studies</wf>
<wf cmd="ignore" pos="IN">by</wf>
<wf cmd="ignore" pos="DT">the</wf>
<wf cmd="tag" pos="NNP">Commission</wf>
<wf cmd="ignore" pos="IN">on</wf>
<wf cmd="tag" pos="NNP">Race</wf>
<wf cmd="ignore" pos="CC">and</wf>
<wf cmd="tag" pos="NNP">Housing</wf>
<wf cmd="tag" pos="RB">and_others</wf>
<punc>,</punc>
<wf cmd="tag" pos="RB">however</wf>
<punc>,</punc>
<wf cmd="done" pos="VB" lemma="point" wnsn="1" lexsn="2:32:00::">point</wf>
<wf cmd="done" pos="VB" ot="notag">to</wf>
<wf cmd="ignore" pos="DT">a</wf>
<wf cmd="tag" pos="JJ">vast</wf>
<wf cmd="tag" pos="NN">complex</wf>
<wf cmd="ignore" pos="IN">of</wf>
<wf cmd="tag" pos="NNS">factors</wf>
<wf cmd="ignore" pos="IN">that</wf>
<wf cmd="tag" pos="RB">often</wf>
<wf cmd="done" pos="VBP" ot="notag">do</wf>
<wf cmd="tag" pos="RB">not</wf>
<wf cmd="done" pos="VB" lemma="warrant" wnsn="1" lexsn="2:32:00::">warrant</wf>
<wf cmd="ignore" pos="DT">this</wf>
<wf cmd="tag" pos="NN">conclusion</wf>
<punc>.</punc>
</s>
<s snum="40">
<wf cmd="ignore" pos="EX">There</wf>
<wf cmd="done" pos="VB" lemma="be" wnsn="4" lexsn="2:42:00::">are</wf>
<wf cmd="tag" pos="JJ">increasing</wf>
<wf cmd="tag" pos="NNS">numbers</wf>
<wf cmd="ignore" pos="IN">of</wf>
<wf cmd="tag" pos="NNS">neighborhoods</wf>
<wf cmd="ignore" pos="WDT">that</wf>
<wf cmd="done" pos="VB" lemma="be" wnsn="1" lexsn="2:42:03::">are</wf>
<wf cmd="done" pos="VB" lemma="integrate" wnsn="3" lexsn="2:30:01::">integrated</wf>
<wf cmd="tag" pos="RB">residentially</wf>
<wf cmd="ignore" pos="IN">without</wf>
<wf cmd="tag" pos="JJ">great</wf>
<wf cmd="tag" pos="NN">loss</wf>
<wf cmd="ignore" pos="IN">of</wf>
<wf cmd="tag" pos="NN">property</wf>
<wf cmd="tag" pos="NNS">values</wf>
<punc>,</punc>
<wf cmd="ignore" pos="DT">the</wf>
<wf cmd="tag" pos="JJ">white</wf>
<wf cmd="tag" pos="NN">population</wf>
<wf cmd="done" pos="VBG" ot="notag">having</wf>
<wf cmd="done" pos="VB" lemma="take" wnsn="1" lexsn="2:41:04::">taken</wf>
<wf cmd="done" pos="VB" ot="notag">the</wf>
<wf cmd="done" pos="VB" ot="notag">initiative</wf>
<wf cmd="ignore" pos="IN">in</wf>
<wf cmd="done" pos="VB" lemma="prepare" wnsn="6" lexsn="2:31:01::">preparing</wf>
<wf cmd="ignore" pos="DT">the</wf>
<wf cmd="tag" pos="NNS">areas</wf>
<wf cmd="ignore" pos="IN">for</wf>
<wf cmd="ignore" pos="DT">an</wf>
<wf cmd="tag" pos="NN">appreciation</wf>
<wf cmd="ignore" pos="IN">of</wf>
<wf cmd="ignore" pos="DT">the</wf>
<wf cmd="tag" pos="NNPS">Negroes</wf>
<punc>'</punc>
<wf cmd="tag" pos="NN">desire</wf>
<wf cmd="ignore" pos="IN">for</wf>
<wf cmd="tag" pos="JJ">well-kept</wf>
<wf cmd="tag" pos="NN">housing</wf>
<punc>,</punc>
<wf cmd="tag" pos="NN">privacy</wf>
<punc>,</punc>
<wf cmd="ignore" pos="FW">etc.</wf>
<punc>.</punc>
</s>
<s snum="41">
<wf cmd="tag" pos="NNP">Data</wf>
<wf cmd="ignore" pos="IN">on</wf>
<wf cmd="ignore" pos="DT">the</wf>
<wf cmd="tag" pos="NN">decline</wf>
<wf cmd="ignore" pos="IN">of</wf>
<wf cmd="tag" pos="NN">property</wf>
<wf cmd="tag" pos="NNS">values</wf>
<wf cmd="ignore" pos="IN">in</wf>
<wf cmd="ignore" pos="DT">an</wf>
<wf cmd="tag" pos="NN">area</wf>
<wf cmd="ignore" pos="IN">after</wf>
<wf cmd="ignore" pos="DT">a</wf>
<wf cmd="tag" pos="JJ">new</wf>
<wf cmd="tag" pos="JJ">racial</wf>
<wf cmd="tag" pos="NN">group</wf>
<wf cmd="done" pos="VB" lemma="enter" wnsn="1" lexsn="2:38:00::">enters</wf>
<wf cmd="ignore" pos="PRP">it</wf>
<wf cmd="done" pos="VB" ot="notag">has</wf>
<wf cmd="done" pos="VB" ot="notag">to</wf>
<wf cmd="done" pos="VB" ot="notag">be</wf>
<wf cmd="done" pos="VB" lemma="assess" wnsn="1" lexsn="2:31:00::">assessed</wf>
<wf cmd="tag" pos="JJ">in_terms_of</wf>
<wf cmd="ignore" pos="DT">the</wf>
<wf cmd="tag" pos="NNS">trends</wf>
<wf cmd="ignore" pos="IN">in</wf>
<wf cmd="tag" pos="NN">property</wf>
<wf cmd="tag" pos="NNS">values</wf>
<wf cmd="ignore" pos="IN">before</wf>
<wf cmd="ignore" pos="DT">the</wf>
<wf cmd="tag" pos="NN">group</wf>
<wf cmd="done" pos="VB" lemma="come_in" wnsn="1" lexsn="2:38:02::">comes_in</wf>
<punc>.</punc>
</s>
<s snum="42">
<wf cmd="tag" pos="RB">Often</wf>
<wf cmd="ignore" pos="PRP">they</wf>
<wf cmd="done" pos="VB" lemma="be" wnsn="1" lexsn="2:42:03::">are</wf>
<wf cmd="tag" pos="JJ">able</wf>
<wf cmd="done" pos="VB" ot="notag">to</wf>
<wf cmd="done" pos="VB" lemma="get_in" wnsn="1" lexsn="2:38:01::">get_in</wf>
<wf cmd="tag" pos="RB">only</wf>
<wf cmd="ignore" pos="IN">because</wf>
<wf cmd="ignore" pos="DT">the</wf>
<wf cmd="tag" pos="NN">area</wf>
<wf cmd="done" pos="VBZ" ot="notag">is</wf>
<wf cmd="done" pos="VB" lemma="decline" wnsn="4" lexsn="2:30:00::">declining</wf>
<wf cmd="tag" pos="RB">economically</wf>
<punc>.</punc>
</s>
</p>
<p pnum="15">
<s snum="43">
<wf cmd="tag" pos="RB">Significantly</wf>
<punc>,</punc>
<wf cmd="ignore" pos="DT">no</wf>
<wf cmd="tag" pos="NN">realtor</wf>
<wf cmd="ignore" pos="CC">and</wf>
<wf cmd="tag" pos="JJ">few</wf>
<wf cmd="ignore" pos="IN">of</wf>
<wf cmd="ignore" pos="DT">the</wf>
<wf cmd="tag" pos="NN">faculty</wf>
<wf cmd="tag" pos="JJ">present</wf>
<wf cmd="done" pos="VB" lemma="be" wnsn="1" lexsn="2:42:03::">were</wf>
<wf cmd="tag" pos="JJ">familiar</wf>
<wf cmd="done" pos="VB" ot="notag">with</wf>
<wf cmd="ignore" pos="DT">any</wf>
<wf cmd="ignore" pos="IN">of</wf>
<wf cmd="ignore" pos="DT">the</wf>
<wf cmd="tag" pos="CD">six</wf>
<wf cmd="tag" pos="NNS">volumes</wf>
<punc>(</punc>
<wf cmd="done" pos="VB" lemma="publish" wnsn="1" lexsn="2:36:01::">published</wf>
<wf cmd="ignore" pos="IN">by</wf>
<wf cmd="ignore" pos="DT">the</wf>
<wf cmd="tag" pos="NNP">University</wf>
<wf cmd="ignore" pos="IN">of</wf>
<wf cmd="tag" pos="NNP">California_Press</wf>
<punc>)</punc>
<wf cmd="ignore" pos="IN">that</wf>
<wf cmd="done" pos="VB" lemma="present" wnsn="1" lexsn="2:39:00::">present</wf>
<wf cmd="ignore" pos="DT">the</wf>
<wf cmd="tag" pos="NN">commission</wf>
<wf cmd="ignore" pos="POS">'s</wf>
<wf cmd="tag" pos="NNS">findings</wf>
<punc>.</punc>
</s>
<s snum="44">
<wf cmd="ignore" pos="DT">No</wf>
<wf cmd="tag" pos="CD">one</wf>
<wf cmd="done" pos="VB" lemma="anticipate" wnsn="1" lexsn="2:31:00::">anticipates</wf>
<wf cmd="ignore" pos="DT">any</wf>
<wf cmd="tag" pos="JJ">radical</wf>
<wf cmd="tag" pos="NN">shift</wf>
<wf cmd="tag" pos="RB">in_this</wf>
<wf cmd="tag" pos="NN">situation</wf>
<punc>,</punc>
<wf cmd="ignore" pos="CC">but</wf>
<wf cmd="tag" pos="NNS">questions</wf>
<wf cmd="done" pos="VB" lemma="concern" wnsn="1" lexsn="2:42:00::">concerning</wf>
<wf cmd="tag" pos="NN">reading</wf>
<wf cmd="tag" pos="NNS">habits</wf>
<punc>,</punc>
<wf cmd="ignore" pos="DT">the</wf>
<wf cmd="tag" pos="NN">availability</wf>
<wf cmd="ignore" pos="IN">of</wf>
<wf cmd="tag" pos="JJ">such</wf>
<wf cmd="tag" pos="NNS">data</wf>
<wf cmd="ignore" pos="CC">and</wf>
<wf cmd="ignore" pos="DT">the</wf>
<wf cmd="tag" pos="NNS">places</wf>
<wf cmd="ignore" pos="WRB">where</wf>
<wf cmd="ignore" pos="PRP">it</wf>
<wf cmd="done" pos="VBZ" ot="notag">is</wf>
<wf cmd="done" pos="VB" lemma="discuss" wnsn="2" lexsn="2:32:00::">discussed</wf>
<wf cmd="ignore" pos="MD">must</wf>
<wf cmd="tag" pos="RB">surely</wf>
<wf cmd="done" pos="VB" ot="notag">be</wf>
<wf cmd="done" pos="VB" lemma="raise" wnsn="3" lexsn="2:32:00::">raised</wf>
<punc>.</punc>
</s>
<s snum="45">
<wf cmd="ignore" pos="DT">The</wf>
<wf cmd="tag" pos="NN">role</wf>
<wf cmd="ignore" pos="IN">of</wf>
<wf cmd="ignore" pos="DT">both</wf>
<wf cmd="tag" pos="NN">church</wf>
<wf cmd="ignore" pos="CC">and</wf>
<wf cmd="tag" pos="NN">university</wf>
<wf cmd="ignore" pos="IN">as</wf>
<wf cmd="tag" pos="NNS">sources</wf>
<wf cmd="ignore" pos="IN">of</wf>
<wf cmd="tag" pos="NN">information</wf>
<wf cmd="ignore" pos="CC">and</wf>
<wf cmd="tag" pos="NNS">settings</wf>
<wf cmd="ignore" pos="IN">within</wf>
<wf cmd="ignore" pos="WDT">which</wf>
<wf cmd="ignore" pos="DT">the</wf>
<wf cmd="tag" pos="NNS">implications</wf>
<wf cmd="ignore" pos="IN">of</wf>
<wf cmd="tag" pos="JJ">such</wf>
<wf cmd="tag" pos="NN">information</wf>
<wf cmd="ignore" pos="MD">may</wf>
<wf cmd="done" pos="VB" ot="notag">be</wf>
<wf cmd="done" pos="VB" lemma="explore" wnsn="1" lexsn="2:31:00::">explored</wf>
<wf cmd="done" pos="VB" lemma="need" wnsn="1" lexsn="2:42:00::">needs</wf>
<wf cmd="tag" pos="NN">consideration</wf>
<punc>.</punc>
</s>
</p>
<p pnum="16">
<s snum="46">
<wf cmd="tag" pos="JJ">Relevant</wf>
<punc>``</punc>
<wf cmd="tag" pos="NNS">facts</wf>
<punc>''</punc>
<punc>,</punc>
<wf cmd="tag" pos="RB">however</wf>
<punc>,</punc>
<wf cmd="done" pos="VB" lemma="extend" wnsn="2" lexsn="2:42:03::">extend</wf>
<wf cmd="ignore" pos="IN">beyond</wf>
<wf cmd="tag" pos="NNS">considerations</wf>
<wf cmd="ignore" pos="IN">of</wf>
<wf cmd="tag" pos="NN">property</wf>
<wf cmd="tag" pos="NNS">values</wf>
<wf cmd="ignore" pos="CC">and</wf>
<wf cmd="tag" pos="NN">maintenance</wf>
<wf cmd="ignore" pos="IN">of</wf>
<punc>``</punc>
<wf cmd="tag" pos="JJ">harmonious</wf>
<punc>''</punc>
<wf cmd="tag" pos="NNS">neighborhoods</wf>
<punc>.</punc>
</s>
<s snum="47">
<wf cmd="tag" pos="NN">Discussion</wf>
<wf cmd="ignore" pos="IN">of</wf>
<wf cmd="tag" pos="NN">minority</wf>
<wf cmd="tag" pos="NN">housing</wf>
<wf cmd="tag" pos="RB">necessarily</wf>
<wf cmd="done" pos="VB" lemma="involve" wnsn="1" lexsn="2:42:01::">involves</wf>
<wf cmd="tag" pos="JJ">such</wf>
<wf cmd="tag" pos="JJ">basic</wf>
<wf cmd="tag" pos="NNS">issues</wf>
<wf cmd="ignore" pos="IN">as</wf>
<wf cmd="ignore" pos="DT">the</wf>
<wf cmd="tag" pos="NN">intensity</wf>
<wf cmd="ignore" pos="IN">of</wf>
<wf cmd="tag" pos="CD">one</wf>
<wf cmd="ignore" pos="POS">'s</wf>
<wf cmd="tag" pos="JJ">democratic</wf>
<wf cmd="tag" pos="NN">conviction</wf>
<wf cmd="ignore" pos="CC">and</wf>
<wf cmd="tag" pos="NN">religious_belief</wf>
<wf cmd="done" pos="VB" lemma="concern" wnsn="1" lexsn="2:42:00::">concerning</wf>
<wf cmd="tag" pos="NN">equality</wf>
<wf cmd="ignore" pos="IN">of</wf>
<wf cmd="tag" pos="NN">opportunity</wf>
<punc>,</punc>
<wf cmd="ignore" pos="DT">the</wf>
<wf cmd="tag" pos="NN">function</wf>
<wf cmd="ignore" pos="CC">and</wf>
<wf cmd="tag" pos="NNS">limitations</wf>
<wf cmd="ignore" pos="IN">of</wf>
<wf cmd="tag" pos="NN">government</wf>
<wf cmd="ignore" pos="IN">in</wf>
<wf cmd="ignore" pos="DT">the</wf>
<wf cmd="tag" pos="NN">securing</wf>
<wf cmd="ignore" pos="IN">of</wf>
<wf cmd="tag" pos="JJ">such</wf>
<wf cmd="tag" pos="NN">equality</wf>
<punc>,</punc>
<wf cmd="ignore" pos="CC">and</wf>
<wf cmd="ignore" pos="DT">the</wf>
<wf cmd="tag" pos="NN">spotlight</wf>
<wf cmd="ignore" pos="IN">that</wf>
<wf cmd="tag" pos="NN">world</wf>
<wf cmd="tag" pos="NN">opinion</wf>
<wf cmd="done" pos="VB" lemma="play" wnsn="9" lexsn="2:38:00::">plays</wf>
<wf cmd="ignore" pos="IN">upon</wf>
<wf cmd="tag" pos="JJ">local</wf>
<wf cmd="tag" pos="NNS">incidents</wf>
<wf cmd="ignore" pos="IN">of</wf>
<wf cmd="tag" pos="JJ">racial</wf>
<wf cmd="tag" pos="NN">agitation</wf>
<wf cmd="ignore" pos="CC">and</wf>
<wf cmd="tag" pos="NN">strife</wf>
<punc>.</punc>
</s>
</p>
<p pnum="17">
<s snum="48">
<punc>(</punc>
<wf cmd="tag" pos="CD">2</wf>
<punc>)</punc>
<wf cmd="tag" pos="NNS">Realtors</wf>
<wf cmd="done" pos="VB" lemma="realize" wnsn="2" lexsn="2:31:00::">realize</wf>
<punc>,</punc>
<wf cmd="tag" pos="RB">of_course</wf>
<punc>,</punc>
<wf cmd="ignore" pos="IN">that</wf>
<wf cmd="ignore" pos="PRP">they</wf>
<wf cmd="done" pos="VB" ot="notag">are</wf>
<wf cmd="done" pos="VB" lemma="involve" wnsn="2" lexsn="2:42:04::">involved</wf>
<wf cmd="ignore" pos="IN">in</wf>
<wf cmd="ignore" pos="DT">an</wf>
<wf cmd="tag" pos="RB">increasingly</wf>
<wf cmd="tag" pos="JJ">complex</wf>
<wf cmd="tag" pos="JJ">legal</wf>
<wf cmd="ignore" pos="CC">and</wf>
<wf cmd="tag" pos="NN">political_system</wf>
<wf cmd="tag" pos="RB">that_is</wf>
<wf cmd="done" pos="VB" lemma="open_up" wnsn="1" lexsn="2:35:00::">opening_up</wf>
<wf cmd="tag" pos="NNS">opportunities</wf>
<wf cmd="ignore" pos="IN">for</wf>
<wf cmd="tag" pos="NN">leverage</wf>
<wf cmd="ignore" pos="IN">on</wf>
<wf cmd="ignore" pos="PRP$">their</wf>
<wf cmd="tag" pos="NN">relation_to</wf>
<wf cmd="tag" pos="NNS">clients</wf>
<wf cmd="tag" pos="RB">as_well</wf>
<wf cmd="ignore" pos="IN">as</wf>
<wf cmd="tag" pos="NNS">opportunities</wf>
<wf cmd="ignore" pos="IN">for</wf>
<wf cmd="tag" pos="NN">evasion</wf>
<wf cmd="ignore" pos="IN">of</wf>
<wf cmd="ignore" pos="PRP$">their</wf>
<wf cmd="tag" pos="NN">responsibility</wf>
<wf cmd="ignore" pos="IN">for</wf>
<wf cmd="tag" pos="JJ">racial</wf>
<wf cmd="tag" pos="NN">discrimination</wf>
<wf cmd="ignore" pos="IN">in</wf>
<wf cmd="tag" pos="NN">housing</wf>
<punc>.</punc>
</s>
<s snum="49">
<wf cmd="ignore" pos="IN">On</wf>
<wf cmd="ignore" pos="DT">the</wf>
<wf cmd="tag" pos="JJ">positive</wf>
<wf cmd="tag" pos="NN">side</wf>
<punc>,</punc>
<wf cmd="tag" pos="JJ">recent</wf>
<wf cmd="tag" pos="NNP">Federal</wf>
<wf cmd="tag" pos="NN">action</wf>
<wf cmd="done" pos="VBZ" ot="notag">has</wf>
<wf cmd="tag" pos="RB">largely</wf>
<wf cmd="done" pos="VB" lemma="undermine" wnsn="1" lexsn="2:41:00::">undermined</wf>
<wf cmd="ignore" pos="DT">the</wf>
<wf cmd="tag" pos="JJ">legal</wf>
<wf cmd="tag" pos="NN">sanction</wf>
<wf cmd="tag" pos="NN">so_long</wf>
<wf cmd="done" pos="VB" lemma="enjoy" wnsn="1" lexsn="2:37:00::">enjoyed</wf>
<wf cmd="ignore" pos="IN">by</wf>
<wf cmd="ignore" pos="DT">the</wf>
<wf cmd="tag" pos="NN">segregationist</wf>
<wf cmd="tag" pos="NN">position</wf>
<punc>;</punc>
<wf cmd="tag" pos="JJ">anti-discriminatory</wf>
<wf cmd="tag" pos="NNS">statutes</wf>
<wf cmd="ignore" pos="IN">in</wf>
<wf cmd="tag" pos="NN">housing</wf>
<wf cmd="done" pos="VBP" ot="notag">have</wf>
<wf cmd="tag" pos="RB">now</wf>
<wf cmd="done" pos="VBN" ot="notag">been</wf>
<wf cmd="done" pos="VB" lemma="adopt" wnsn="1" lexsn="2:40:02::">adopted</wf>
<wf cmd="ignore" pos="IN">by</wf>
<wf cmd="tag" pos="CD">thirteen</wf>
<wf cmd="tag" pos="NNS">states</wf>
<wf cmd="ignore" pos="CC">and</wf>
<punc>,</punc>
<wf cmd="ignore" pos="IN">while</wf>
<wf cmd="tag" pos="JJ">specific</wf>
<wf cmd="tag" pos="NNS">provisions</wf>
<wf cmd="done" pos="VBP" ot="notag">have</wf>
<wf cmd="done" pos="VB" lemma="vary" wnsn="1" lexsn="2:30:01::">varied</wf>
<punc>,</punc>
<wf cmd="ignore" pos="DT">the</wf>
<wf cmd="tag" pos="NN">tendency</wf>
<wf cmd="done" pos="VB" lemma="be" wnsn="1" lexsn="2:42:03::">is</wf>
<wf cmd="tag" pos="RB">clearly</wf>
<wf cmd="ignore" pos="IN">toward</wf>
<wf cmd="done" pos="VB" lemma="expand" wnsn="3" lexsn="2:30:12::">expanding</wf>
<wf cmd="tag" pos="NN">coverage</wf>
<punc>.</punc>
</s>
</p>
<p pnum="18">
<s snum="50">
<wf cmd="tag" pos="NNS">Realtors</wf>
<wf cmd="tag" pos="JJ">in_attendance</wf>
<wf cmd="ignore" pos="IN">at</wf>
<wf cmd="ignore" pos="DT">the</wf>
<wf cmd="tag" pos="NN">colloquium</wf>
<wf cmd="done" pos="VB" lemma="express" wnsn="1" lexsn="2:32:01::">expressed</wf>
<wf cmd="tag" pos="NN">interest</wf>
<punc>,</punc>
<wf cmd="tag" pos="RB">for_example</wf>
<punc>,</punc>
<wf cmd="ignore" pos="IN">in</wf>
<wf cmd="tag" pos="NNP">Connecticut</wf>
<wf cmd="ignore" pos="POS">'s</wf>
<wf cmd="tag" pos="JJ">new</wf>
<wf cmd="tag" pos="NN">housing</wf>
<wf cmd="tag" pos="NN">law</wf>
<wf cmd="ignore" pos="IN">as</wf>
<wf cmd="done" pos="VB" lemma="set" wnsn="2" lexsn="2:31:04::">setting</wf>
<wf cmd="tag" pos="NNS">standards</wf>
<wf cmd="ignore" pos="IN">of</wf>
<wf cmd="tag" pos="NN">equity</wf>
<wf cmd="ignore" pos="IN">that</wf>
<wf cmd="ignore" pos="PRP">they</wf>
<wf cmd="done" pos="VB" ot="notag">would</wf>
<wf cmd="done" pos="VB" lemma="like" wnsn="1" lexsn="2:37:01::">like</wf>
<punc>``</punc>
<wf cmd="ignore" pos="TO">to</wf>
<wf cmd="done" pos="VB" ot="notag">have</wf>
<wf cmd="done" pos="VB" ot="notag">to</wf>
<wf cmd="done" pos="VB" lemma="obey" wnsn="1" lexsn="2:41:00::">obey</wf>
<punc>''</punc>
<punc>,</punc>
<wf cmd="ignore" pos="CC">but</wf>
<wf cmd="ignore" pos="IN">in</wf>
<wf cmd="tag" pos="NN">support</wf>
<wf cmd="tag" pos="RB">of_which</wf>
<wf cmd="tag" pos="NN">none</wf>
<wf cmd="done" pos="VBD" ot="notag">had</wf>
<wf cmd="done" pos="VBN" ot="notag">been</wf>
<wf cmd="tag" pos="JJ">willing</wf>
<wf cmd="ignore" pos="TO">to</wf>
<wf cmd="done" pos="VB" lemma="go" wnsn="4" lexsn="2:30:04::">go</wf>
<wf cmd="done" pos="VB" ot="notag">on</wf>
<wf cmd="tag" pos="JJ">public</wf>
<wf cmd="tag" pos="NN">record</wf>
<punc>.</punc>
</s>
<s snum="51">
<wf cmd="tag" pos="RB">As</wf>
<wf cmd="tag" pos="RB">far</wf>
<wf cmd="ignore" pos="IN">as</wf>
<wf cmd="ignore" pos="PRP">they</wf>
<wf cmd="done" pos="VB" lemma="be" wnsn="1" lexsn="2:42:03::">were</wf>
<wf cmd="tag" pos="JJ">aware</wf>
<punc>,</punc>
<wf cmd="ignore" pos="DT">the</wf>
<wf cmd="tag" pos="NNP">Connecticut_Association</wf>
<wf cmd="ignore" pos="IN">of</wf>
<wf cmd="tag" pos="NN">Real_Estate</wf>
<wf cmd="tag" pos="NNPS">Boards</wf>
<wf cmd="done" pos="VBD" ot="notag">had</wf>
<wf cmd="tag" pos="RB">not</wf>
<wf cmd="tag" pos="RB">officially</wf>
<wf cmd="done" pos="VB" lemma="oppose" wnsn="1" lexsn="2:32:01::">opposed</wf>
<wf cmd="ignore" pos="DT">the</wf>
<wf cmd="tag" pos="NN">bill</wf>
<wf cmd="ignore" pos="POS">'s</wf>
<wf cmd="tag" pos="NN">passage</wf>
<wf cmd="ignore" pos="CC">or</wf>
<wf cmd="done" pos="VB" lemma="lobby" wnsn="1" lexsn="2:41:00::">lobbied</wf>
<wf cmd="ignore" pos="IN">in</wf>
<wf cmd="ignore" pos="PRP$">its</wf>
<wf cmd="tag" pos="NN">support</wf>
<punc>.</punc>
</s>
<s snum="52">
<punc>(</punc>
<wf cmd="ignore" pos="DT">This</wf>
<wf cmd="done" pos="VBZ" ot="notag">has</wf>
<wf cmd="tag" pos="RB">not</wf>
<wf cmd="done" pos="VB" lemma="be" wnsn="1" lexsn="2:42:03::">been</wf>
<wf cmd="ignore" pos="DT">the</wf>
<wf cmd="tag" pos="NN">case</wf>
<wf cmd="tag" pos="RB">everywhere</wf>
<punc>.</punc>
</s>
<s snum="53">
<wf cmd="ignore" pos="IN">In</wf>
<wf cmd="tag" pos="CD">1957</wf>
<punc>,</punc>
<wf cmd="ignore" pos="DT">the</wf>
<wf cmd="tag" pos="NN">Real_Estate</wf>
<wf cmd="tag" pos="NNPS">Boards</wf>
<wf cmd="ignore" pos="IN">of</wf>
<wf cmd="tag" pos="NN">New_York_City</wf>
<wf cmd="tag" pos="RB">actively</wf>
<wf cmd="done" pos="VB" lemma="oppose" wnsn="1" lexsn="2:32:01::">opposed</wf>
<wf cmd="ignore" pos="DT">the</wf>
<wf cmd="tag" pos="RB">then</wf>
<wf cmd="tag" pos="JJ">pending</wf>
<wf cmd="tag" pos="JJ">private</wf>
<wf cmd="tag" pos="NN">housing</wf>
<wf cmd="tag" pos="JJ">anti-discrimination</wf>
<wf cmd="tag" pos="NN">law</wf>
<punc>.</punc>
</s>
<s snum="54">
<wf cmd="tag" pos="JJ">Official</wf>
<wf cmd="tag" pos="NN">reasoning</wf>
<punc>:</punc>
</s>
<s snum="55">
<wf cmd="ignore" pos="DT">the</wf>
<wf cmd="tag" pos="NN">bill</wf>
<wf cmd="done" pos="VB" lemma="be" wnsn="1" lexsn="2:42:03::">was</wf>
<wf cmd="ignore" pos="DT">a</wf>
<punc>``</punc>
<wf cmd="tag" pos="JJ">wanton</wf>
<wf cmd="tag" pos="NN">invasion</wf>
<wf cmd="ignore" pos="IN">of</wf>
<wf cmd="tag" pos="JJ">basic</wf>
<wf cmd="tag" pos="NN">property_rights</wf>
<punc>''</punc>
<punc>.</punc>
<punc>)</punc>
</s>
</p>
<p pnum="19">
<s snum="56">
<wf cmd="ignore" pos="EX">There</wf>
<wf cmd="done" pos="VB" lemma="be" wnsn="4" lexsn="2:42:00::">are</wf>
<wf cmd="tag" pos="NNS">sins</wf>
<wf cmd="ignore" pos="IN">of</wf>
<wf cmd="tag" pos="NN">omission</wf>
<wf cmd="tag" pos="RB">as_well</wf>
<wf cmd="ignore" pos="IN">as</wf>
<wf cmd="tag" pos="NN">commission</wf>
<punc>;</punc>
<wf cmd="ignore" pos="DT">the</wf>
<wf cmd="tag" pos="NN">attitude</wf>
<wf cmd="done" pos="VB" lemma="adopt" wnsn="1" lexsn="2:40:02::">adopted</wf>
<wf cmd="ignore" pos="IN">by</wf>
<wf cmd="tag" pos="NNS">realtors</wf>
<wf cmd="ignore" pos="CC">and</wf>
<wf cmd="ignore" pos="PRP$">their</wf>
<wf cmd="tag" pos="NNS">associations</wf>
<punc>,</punc>
<wf cmd="ignore" pos="DT">either</wf>
<wf cmd="tag" pos="JJ">negative</wf>
<wf cmd="ignore" pos="CC">or</wf>
<wf cmd="tag" pos="JJ">positive</wf>
<punc>,</punc>
<wf cmd="done" pos="VB" lemma="play" wnsn="2" lexsn="2:41:12::">plays</wf>
<wf cmd="ignore" pos="DT">a</wf>
<wf cmd="tag" pos="JJ">large</wf>
<wf cmd="tag" pos="NN">part</wf>
<wf cmd="ignore" pos="IN">in</wf>
<wf cmd="ignore" pos="DT">the</wf>
<wf cmd="tag" pos="JJ">public</wf>
<wf cmd="tag" pos="NN">acceptance</wf>
<wf cmd="ignore" pos="IN">of</wf>
<wf cmd="tag" pos="JJ">such</wf>
<wf cmd="tag" pos="NNS">measures</wf>
<wf cmd="ignore" pos="CC">and</wf>
<wf cmd="ignore" pos="DT">the</wf>
<wf cmd="tag" pos="NN">degree</wf>
<wf cmd="tag" pos="RB">to_which</wf>
<wf cmd="ignore" pos="PRP">they</wf>
<wf cmd="ignore" pos="MD">may</wf>
<wf cmd="done" pos="VB" ot="notag">be</wf>
<wf cmd="tag" pos="RB">effectively</wf>
<wf cmd="done" pos="VB" lemma="enforce" wnsn="1" lexsn="2:41:00::">enforced</wf>
<punc>.</punc>
</s>
<s snum="57">
<wf cmd="tag" pos="NNP">Judicial</wf>
<wf cmd="tag" pos="NN">opinion</wf>
<wf cmd="ignore" pos="IN">since</wf>
<wf cmd="ignore" pos="DT">the</wf>
<wf cmd="tag" pos="NN">Supreme_Court</wf>
<wf cmd="tag" pos="NN">decision</wf>
<wf cmd="ignore" pos="IN">on</wf>
<wf cmd="tag" pos="NNP">Shelley</wf>
<wf cmd="ignore" pos="CC">v.</wf>
<wf cmd="tag" pos="NN">Kraemer</wf>
<punc>(</punc>
<wf cmd="tag" pos="CD">1948</wf>
<punc>)</punc>
<wf cmd="done" pos="VBZ" ot="notag">has</wf>
<wf cmd="done" pos="VB" lemma="render" wnsn="1" lexsn="2:30:00::">rendered</wf>
<wf cmd="tag" pos="JJ">racial</wf>
<wf cmd="tag" pos="JJ">restrictive</wf>
<wf cmd="tag" pos="NNS">covenants</wf>
<wf cmd="tag" pos="JJ">unenforcible</wf>
<punc>.</punc>
</s>
<s snum="58">
<wf cmd="tag" pos="JJ">Such</wf>
<wf cmd="ignore" pos="DT">a</wf>
<wf cmd="tag" pos="NN">decision</wf>
<wf cmd="ignore" pos="MD">should</wf>
<wf cmd="done" pos="VB" ot="notag">have</wf>
<wf cmd="done" pos="VB" lemma="place" wnsn="1" lexsn="2:35:00::">placed</wf>
<wf cmd="ignore" pos="DT">a</wf>
<wf cmd="tag" pos="JJ">powerful</wf>
<wf cmd="tag" pos="NN">weapon</wf>
<wf cmd="ignore" pos="IN">in</wf>
<wf cmd="ignore" pos="DT">the</wf>
<wf cmd="tag" pos="NNS">hands</wf>
<wf cmd="ignore" pos="IN">of</wf>
<wf cmd="ignore" pos="DT">the</wf>
<wf cmd="tag" pos="JJ">entire</wf>
<wf cmd="tag" pos="NN">housing_industry</wf>
<punc>,</punc>
<wf cmd="ignore" pos="CC">but</wf>
<wf cmd="ignore" pos="EX">there</wf>
<wf cmd="done" pos="VB" lemma="be" wnsn="4" lexsn="2:42:00::">is</wf>
<wf cmd="tag" pos="JJ">little</wf>
<wf cmd="tag" pos="NN">evidence</wf>
<wf cmd="ignore" pos="IN">that</wf>
<wf cmd="tag" pos="NNS">realtors</wf>
<punc>,</punc>
<wf cmd="ignore" pos="CC">or</wf>
<wf cmd="tag" pos="RB">at_least</wf>
<wf cmd="ignore" pos="PRP$">their</wf>
<wf cmd="tag" pos="NNS">associations</wf>
<punc>,</punc>
<wf cmd="done" pos="VBP" ot="notag">have</wf>
<wf cmd="done" pos="VB" lemma="repudiate" wnsn="1" lexsn="2:32:00::">repudiated</wf>
<wf cmd="ignore" pos="DT">the</wf>
<wf cmd="tag" pos="NN">principle</wf>
<wf cmd="ignore" pos="IN">in</wf>
<wf cmd="tag" pos="JJ">such</wf>
<wf cmd="tag" pos="NNS">clauses</wf>
<punc>.</punc>
</s>
</p>
<p pnum="20">
<s snum="59">
<wf cmd="ignore" pos="IN">In</wf>
<wf cmd="ignore" pos="DT">the</wf>
<wf cmd="tag" pos="NNS">states</wf>
<wf cmd="ignore" pos="WDT">that</wf>
<wf cmd="done" pos="VBP" ot="notag">have</wf>
<wf cmd="done" pos="VB" lemma="pass" wnsn="3" lexsn="2:41:02::">passed</wf>
<wf cmd="tag" pos="NNS">laws</wf>
<wf cmd="done" pos="VB" lemma="prevent" wnsn="1" lexsn="2:41:01::">preventing</wf>
<wf cmd="tag" pos="NN">discrimination</wf>
<wf cmd="ignore" pos="IN">in</wf>
<wf cmd="ignore" pos="DT">the</wf>
<wf cmd="tag" pos="NN">sale</wf>
<wf cmd="ignore" pos="CC">or</wf>
<wf cmd="tag" pos="JJ">rental</wf>
<wf cmd="ignore" pos="IN">of</wf>
<wf cmd="tag" pos="NN">housing</wf>
<punc>,</punc>
<wf cmd="tag" pos="NN">support</wf>
<wf cmd="ignore" pos="IN">by</wf>
<wf cmd="tag" pos="NN">real_estate</wf>
<wf cmd="tag" pos="NNS">associations</wf>
<wf cmd="ignore" pos="IN">for</wf>
<wf cmd="tag" pos="NN">compliance</wf>
<wf cmd="ignore" pos="CC">and</wf>
<wf cmd="tag" pos="JJ">broadened</wf>
<wf cmd="tag" pos="NN">coverage</wf>
<wf cmd="ignore" pos="IN">through</wf>
<wf cmd="tag" pos="JJ">additional</wf>
<wf cmd="tag" pos="NN">legislation</wf>
<wf cmd="ignore" pos="MD">could</wf>
<wf cmd="done" pos="VB" lemma="help" wnsn="1" lexsn="2:41:00::">help</wf>
<wf cmd="done" pos="VB" lemma="remove" wnsn="1" lexsn="2:30:00::">remove</wf>
<wf cmd="ignore" pos="DT">the</wf>
<wf cmd="tag" pos="NN">label</wf>
<wf cmd="ignore" pos="IN">of</wf>
<punc>``</punc>
<wf cmd="tag" pos="JJ">social</wf>
<wf cmd="tag" pos="NN">reformism</wf>
<punc>''</punc>
<wf cmd="ignore" pos="IN">that</wf>
<wf cmd="tag" pos="RBS">most</wf>
<wf cmd="tag" pos="NNS">realtors</wf>
<wf cmd="tag" pos="RB">individually</wf>
<wf cmd="done" pos="VB" lemma="seem" wnsn="1" lexsn="2:39:00::">seem</wf>
<wf cmd="tag" pos="JJ">determined</wf>
<wf cmd="ignore" pos="TO">to</wf>
<wf cmd="done" pos="VB" lemma="avoid" wnsn="1" lexsn="2:32:00::">avoid</wf>
<punc>.</punc>
</s>
<s snum="60">
<wf cmd="ignore" pos="CC">But</wf>
<wf cmd="tag" pos="RB">as_yet</wf>
<punc>,</punc>
<wf cmd="ignore" pos="DT">no</wf>
<wf cmd="tag" pos="NN">real_estate</wf>
<wf cmd="tag" pos="NN">board</wf>
<wf cmd="done" pos="VBZ" ot="notag">has</wf>
<wf cmd="done" pos="VB" lemma="be" wnsn="1" lexsn="2:42:03::">been</wf>
<wf cmd="tag" pos="JJ">willing</wf>
<wf cmd="tag" pos="RB">officially</wf>
<wf cmd="ignore" pos="TO">to</wf>
<wf cmd="done" pos="VB" lemma="support" wnsn="1" lexsn="2:41:00::">support</wf>
<wf cmd="tag" pos="JJ">such</wf>
<wf cmd="tag" pos="NNS">laws</wf>
<wf cmd="ignore" pos="CC">or</wf>
<wf cmd="ignore" pos="TO">to</wf>
<wf cmd="done" pos="VB" lemma="admit" wnsn="1" lexsn="2:32:00::">admit</wf>
<wf cmd="ignore" pos="DT">the</wf>
<wf cmd="tag" pos="NN">permissibility</wf>
<wf cmd="ignore" pos="IN">of</wf>
<wf cmd="done" pos="VB" lemma="introduce" wnsn="3" lexsn="2:30:03::">introducing</wf>
<wf cmd="tag" pos="NN">minority</wf>
<wf cmd="tag" pos="NNS">buyers</wf>
<wf cmd="ignore" pos="IN">into</wf>
<wf cmd="tag" pos="JJ">all-white</wf>
<wf cmd="tag" pos="NNS">neighborhoods</wf>
<punc>.</punc>
</s>
</p>
<p pnum="21">
<s snum="61">
<wf cmd="tag" pos="CD">One</wf>
<wf cmd="ignore" pos="IN">of</wf>
<wf cmd="ignore" pos="DT">the</wf>
<wf cmd="tag" pos="NNS">roles</wf>
<wf cmd="ignore" pos="IN">of</wf>
<wf cmd="ignore" pos="DT">the</wf>
<wf cmd="tag" pos="NN">social_scientist</wf>
<punc>,</punc>
<wf cmd="tag" pos="NN">ethicist</wf>
<wf cmd="ignore" pos="CC">or</wf>
<wf cmd="tag" pos="NN">theologian</wf>
<wf cmd="ignore" pos="IN">in</wf>
<wf cmd="ignore" pos="PRP$">our</wf>
<wf cmd="tag" pos="NNS">discussions</wf>
<wf cmd="ignore" pos="IN">with</wf>
<wf cmd="ignore" pos="DT">the</wf>
<wf cmd="tag" pos="NNS">realtors</wf>
<wf cmd="done" pos="VB" lemma="become" wnsn="2" lexsn="2:42:01::">became</wf>
<wf cmd="ignore" pos="IN">that</wf>
<wf cmd="ignore" pos="IN">of</wf>
<wf cmd="done" pos="VB" lemma="encourage" wnsn="1" lexsn="2:41:00::">encouraging</wf>
<wf cmd="tag" pos="JJR">greater</wf>
<wf cmd="tag" pos="NN">awareness</wf>
<wf cmd="ignore" pos="IN">of</wf>
<wf cmd="ignore" pos="DT">the</wf>
<wf cmd="tag" pos="NNS">opportunities</wf>
<wf cmd="done" pos="VB" lemma="offer" wnsn="1" lexsn="2:40:02::">offered</wf>
<wf cmd="ignore" pos="IN">by</wf>
<wf cmd="ignore" pos="DT">the</wf>
<wf cmd="tag" pos="JJ">legal</wf>
<wf cmd="ignore" pos="CC">and</wf>
<wf cmd="tag" pos="JJ">political</wf>
<wf cmd="tag" pos="NNS">processes</wf>
<wf cmd="ignore" pos="IN">for</wf>
<wf cmd="ignore" pos="DT">the</wf>
<wf cmd="tag" pos="NN">exercise</wf>
<wf cmd="ignore" pos="IN">of</wf>
<wf cmd="tag" pos="JJ">broad</wf>
<wf cmd="tag" pos="JJ">social</wf>
<wf cmd="tag" pos="NNS">responsibilities</wf>
<wf cmd="ignore" pos="IN">in</wf>
<wf cmd="ignore" pos="PRP$">their</wf>
<wf cmd="tag" pos="NN">work</wf>
<punc>.</punc>
</s>
<s snum="62">
<wf cmd="ignore" pos="CC">But</wf>
<wf cmd="tag" pos="NN">responsiveness</wf>
<wf cmd="ignore" pos="TO">to</wf>
<wf cmd="ignore" pos="DT">these</wf>
<wf cmd="tag" pos="NNS">opportunities</wf>
<wf cmd="done" pos="VB" lemma="presume" wnsn="1" lexsn="2:31:00::">presumes</wf>
<wf cmd="ignore" pos="IN">that</wf>
<wf cmd="tag" pos="JJ">all_of</wf>
<wf cmd="ignore" pos="PRP">us</wf>
<wf cmd="done" pos="VB" lemma="judge" wnsn="2" lexsn="2:31:00::">judge</wf>
<wf cmd="ignore" pos="DT">the</wf>
<wf cmd="tag" pos="NN">good</wf>
<wf cmd="ignore" pos="IN">as</wf>
<wf cmd="ignore" pos="DT">a</wf>
<wf cmd="tag" pos="JJ">human</wf>
<wf cmd="tag" pos="JJ">good</wf>
<wf cmd="ignore" pos="CC">and</wf>
<wf cmd="tag" pos="RB">not</wf>
<wf cmd="tag" pos="RB">simply</wf>
<wf cmd="ignore" pos="IN">as</wf>
<wf cmd="ignore" pos="DT">a</wf>
<wf cmd="tag" pos="JJ">professional</wf>
<punc>,</punc>
<wf cmd="tag" pos="JJ">white</wf>
<punc>,</punc>
<wf cmd="tag" pos="NNP">American</wf>
<wf cmd="tag" pos="JJ">good</wf>
<punc>.</punc>
</s>
<s snum="63">
<wf cmd="tag" pos="JJ">Such</wf>
<wf cmd="tag" pos="NNS">judgments</wf>
<wf cmd="done" pos="VB" lemma="be" wnsn="1" lexsn="2:42:03::">are</wf>
<wf cmd="tag" pos="JJ">meaningful</wf>
<wf cmd="tag" pos="RB">only</wf>
<wf cmd="tag" pos="RB">in_so_far</wf>
<wf cmd="ignore" pos="IN">as</wf>
<wf cmd="tag" pos="NNS">persons</wf>
<wf cmd="done" pos="VB" lemma="be" wnsn="1" lexsn="2:42:03::">are</wf>
<wf cmd="tag" pos="NNS">members</wf>
<wf cmd="ignore" pos="IN">of</wf>
<wf cmd="ignore" pos="DT">a</wf>
<wf cmd="tag" pos="NN">world</wf>
<punc>,</punc>
<wf cmd="done" pos="VB" ot="notag">let</wf>
<wf cmd="ignore" pos="PRP">us</wf>
<wf cmd="done" pos="VB" lemma="say" wnsn="3" lexsn="2:32:03::">say</wf>
<wf cmd="ignore" pos="DT">a</wf>
<wf cmd="tag" pos="NN">community</wf>
<punc>,</punc>
<wf cmd="ignore" pos="IN">that</wf>
<wf cmd="done" pos="VB" lemma="embrace" wnsn="1" lexsn="2:42:00::">embraces</wf>
<wf cmd="tag" pos="NNP">Scarsdale</wf>
<wf cmd="ignore" pos="CC">or</wf>
<wf cmd="tag" pos="NNP">Yonkers</wf>
<punc>,</punc>
<wf cmd="ignore" pos="CC">but</wf>
<wf cmd="done" pos="VB" lemma="be" wnsn="1" lexsn="2:42:03::">is</wf>
<wf cmd="tag" pos="RB">also</wf>
<wf cmd="tag" pos="RB">infinitely</wf>
<wf cmd="tag" pos="JJR">richer</wf>
<wf cmd="ignore" pos="IN">since</wf>
<wf cmd="ignore" pos="PRP">it</wf>
<wf cmd="done" pos="VB" lemma="be" wnsn="1" lexsn="2:42:03::">is</wf>
<wf cmd="tag" pos="JJ">all-inclusive</wf>
<punc>.</punc>
</s>
</p>
<p pnum="22">
<s snum="64">
<wf cmd="ignore" pos="DT">That</wf>
<wf cmd="tag" pos="NN">community</wf>
<wf cmd="ignore" pos="IN">of</wf>
<wf cmd="ignore" pos="DT">all</wf>
<wf cmd="tag" pos="NN">creation</wf>
<wf cmd="done" pos="VB" lemma="be" wnsn="1" lexsn="2:42:03::">is</wf>
<punc>,</punc>
<wf cmd="tag" pos="RB">then</wf>
<punc>,</punc>
<wf cmd="ignore" pos="DT">the</wf>
<wf cmd="tag" pos="JJ">ultimate</wf>
<wf cmd="tag" pos="NN">object</wf>
<wf cmd="ignore" pos="IN">of</wf>
<wf cmd="ignore" pos="PRP$">our</wf>
<wf cmd="tag" pos="NN">loyalty</wf>
<wf cmd="ignore" pos="CC">and</wf>
<wf cmd="ignore" pos="DT">the</wf>
<wf cmd="tag" pos="JJ">concrete</wf>
<wf cmd="tag" pos="NN">norm</wf>
<wf cmd="ignore" pos="IN">of</wf>
<wf cmd="ignore" pos="DT">all</wf>
<wf cmd="tag" pos="JJ">moral</wf>
<wf cmd="tag" pos="NN">judgment</wf>
<punc>.</punc>
</s>
<s snum="65">
<wf cmd="tag" pos="JJ">Racial</wf>
<wf cmd="tag" pos="NN">discrimination</wf>
<wf cmd="done" pos="VB" lemma="be" wnsn="1" lexsn="2:42:03::">is</wf>
<wf cmd="tag" pos="JJ">wrong</wf>
<punc>,</punc>
<wf cmd="tag" pos="RB">then</wf>
<punc>,</punc>
<wf cmd="tag" pos="RB">not</wf>
<wf cmd="ignore" pos="IN">because</wf>
<wf cmd="ignore" pos="PRP">it</wf>
<wf cmd="done" pos="VB" lemma="go_against" wnsn="1" lexsn="2:42:00::">goes_against</wf>
<wf cmd="ignore" pos="DT">the</wf>
<wf cmd="tag" pos="NN">grain</wf>
<wf cmd="ignore" pos="IN">of</wf>
<wf cmd="ignore" pos="DT">a</wf>
<wf cmd="tag" pos="NN">faculty_member</wf>
<wf cmd="done" pos="VB" lemma="try" wnsn="1" lexsn="2:41:00::">trying</wf>
<wf cmd="ignore" pos="TO">to</wf>
<wf cmd="done" pos="VB" lemma="converse" wnsn="1" lexsn="2:32:00::">converse</wf>
<wf cmd="ignore" pos="IN">with</wf>
<wf cmd="tag" pos="JJ">a_few</wf>
<wf cmd="tag" pos="NNS">realtors</wf>
<wf cmd="ignore" pos="CC">but</wf>
<wf cmd="ignore" pos="IN">because</wf>
<wf cmd="ignore" pos="PRP">it</wf>
<wf cmd="done" pos="VB" lemma="go_against" wnsn="1" lexsn="2:42:00::">goes_against</wf>
<wf cmd="ignore" pos="DT">the</wf>
<wf cmd="tag" pos="NN">grain</wf>
<wf cmd="ignore" pos="IN">of</wf>
<wf cmd="tag" pos="NN">creation</wf>
<wf cmd="ignore" pos="CC">and</wf>
<wf cmd="ignore" pos="IN">against</wf>
<wf cmd="ignore" pos="DT">the</wf>
<wf cmd="ignore" pos="MD">will</wf>
<wf cmd="ignore" pos="IN">of</wf>
<wf cmd="ignore" pos="DT">the</wf>
<wf cmd="tag" pos="NNP">Creator</wf>
<punc>.</punc>
</s>
<s snum="66">
<wf cmd="tag" pos="RB">Thus</wf>
<punc>,</punc>
<wf cmd="tag" pos="JJ">moral</wf>
<wf cmd="tag" pos="NNS">issues</wf>
<wf cmd="done" pos="VB" lemma="concern" wnsn="1" lexsn="2:42:00::">concerning</wf>
<wf cmd="ignore" pos="DT">the</wf>
<wf cmd="tag" pos="NN">nature</wf>
<wf cmd="ignore" pos="IN">of</wf>
<wf cmd="ignore" pos="DT">the</wf>
<wf cmd="tag" pos="JJ">legal</wf>
<wf cmd="ignore" pos="CC">and</wf>
<wf cmd="tag" pos="JJ">political</wf>
<wf cmd="tag" pos="NNS">processes</wf>
<wf cmd="done" pos="VB" lemma="take_on" wnsn="1" lexsn="2:30:00::">take_on</wf>
<wf cmd="tag" pos="JJ">theological</wf>
<wf cmd="tag" pos="NNS">dimensions</wf>
<punc>.</punc>
</s>
</p>
<p pnum="23">
<s snum="67">
<punc>(</punc>
<wf cmd="tag" pos="CD">3</wf>
<punc>)</punc>
<wf cmd="ignore" pos="IN">Over</wf>
<wf cmd="ignore" pos="DT">the</wf>
<wf cmd="tag" pos="NNS">years</wf>
<punc>,</punc>
<wf cmd="tag" pos="NNS">individuals</wf>
<wf cmd="done" pos="VB" lemma="engage" wnsn="1" lexsn="2:41:06::">engaged</wf>
<wf cmd="done" pos="VB" ot="notag">in</wf>
<wf cmd="ignore" pos="DT">the</wf>
<wf cmd="tag" pos="NN">sale</wf>
<wf cmd="ignore" pos="IN">of</wf>
<wf cmd="tag" pos="NN">real_estate</wf>
<wf cmd="done" pos="VBP" ot="notag">have</wf>
<wf cmd="done" pos="VB" lemma="develop" wnsn="3" lexsn="2:30:06::">developed</wf>
<wf cmd="tag" pos="JJ">remarkable</wf>
<wf cmd="tag" pos="NN">unity</wf>
<wf cmd="ignore" pos="IN">in</wf>
<wf cmd="ignore" pos="DT">the</wf>
<wf cmd="tag" pos="NNS">methods</wf>
<wf cmd="ignore" pos="CC">and</wf>
<wf cmd="tag" pos="NNS">practices</wf>
<wf cmd="done" pos="VB" lemma="employ" wnsn="1" lexsn="2:34:00::">employed</wf>
<punc>.</punc>
</s>
<s snum="68">
<wf cmd="tag" pos="JJS">Most</wf>
<wf cmd="tag" pos="NNS">realtors</wf>
<wf cmd="ignore" pos="CC">and</wf>
<wf cmd="tag" pos="NN">real_estate_brokers</wf>
<wf cmd="done" pos="VB" lemma="talk" wnsn="1" lexsn="2:32:01::">talk</wf>
<wf cmd="tag" pos="RB">of</wf>
<wf cmd="ignore" pos="PRP">themselves</wf>
<wf cmd="ignore" pos="IN">as</wf>
<punc>``</punc>
<wf cmd="tag" pos="JJ">professional</wf>
<wf cmd="tag" pos="NNS">people</wf>
<punc>''</punc>
<wf cmd="ignore" pos="IN">with</wf>
<wf cmd="ignore" pos="DT">the</wf>
<wf cmd="tag" pos="JJ">cultural</wf>
<wf cmd="ignore" pos="CC">and</wf>
<wf cmd="tag" pos="JJ">moral</wf>
<wf cmd="tag" pos="NNS">values</wf>
<wf cmd="done" pos="VB" lemma="hold" wnsn="6" lexsn="2:37:00::">held</wf>
<wf cmd="done" pos="VB" ot="notag">by</wf>
<wf cmd="ignore" pos="DT">the</wf>
<wf cmd="tag" pos="JJ">traditional</wf>
<wf cmd="tag" pos="NNS">professions</wf>
<punc>.</punc>
</s>
<s snum="69">
<wf cmd="ignore" pos="CC">But</wf>
<wf cmd="ignore" pos="WP">what</wf>
<wf cmd="tag" pos="NN">significance</wf>
<wf cmd="done" pos="VB" lemma="attach_to" wnsn="1" lexsn="2:42:01::">attaches_to</wf>
<punc>``</punc>
<wf cmd="tag" pos="JJ">professional</wf>
<punc>''</punc>
<punc>,</punc>
<wf cmd="ignore" pos="IN">beyond</wf>
<wf cmd="ignore" pos="DT">the</wf>
<wf cmd="tag" pos="JJ">narrow</wf>
<wf cmd="tag" pos="NN">sense</wf>
<wf cmd="ignore" pos="IN">of</wf>
<wf cmd="tag" pos="NN">skillfulness</wf>
<wf cmd="ignore" pos="IN">in</wf>
<wf cmd="done" pos="VB" lemma="meet" wnsn="5" lexsn="2:42:01::">meeting</wf>
<wf cmd="ignore" pos="DT">a</wf>
<wf cmd="tag" pos="NN">client</wf>
<wf cmd="ignore" pos="POS">'s</wf>
<wf cmd="tag" pos="JJ">stated</wf>
<wf cmd="tag" pos="NN">needs</wf>
<wf cmd="ignore" pos="IN">as</wf>
<wf cmd="tag" pos="RB">already</wf>
<wf cmd="done" pos="VB" lemma="note" wnsn="1" lexsn="2:32:00::">noted</wf>
<punc>?</punc>
</s>
<s snum="70">
<wf cmd="ignore" pos="PRP$">Our</wf>
<wf cmd="tag" pos="NN">faculty</wf>
<wf cmd="ignore" pos="CC">and</wf>
<wf cmd="tag" pos="NNS">students</wf>
<wf cmd="done" pos="VB" lemma="press" wnsn="2" lexsn="2:32:00::">pressed</wf>
<wf cmd="ignore" pos="DT">this</wf>
<wf cmd="tag" pos="NN">issue</wf>
<wf cmd="tag" pos="RB">more_than</wf>
<wf cmd="ignore" pos="DT">any</wf>
<wf cmd="tag" pos="NN">other</wf>
<punc>.</punc>
</s>
</p>
<p pnum="24">
<s snum="71">
<wf cmd="ignore" pos="IN">As</wf>
<wf cmd="ignore" pos="DT">a</wf>
<wf cmd="tag" pos="NN">theologian</wf>
<wf cmd="ignore" pos="IN">in</wf>
<wf cmd="ignore" pos="DT">the</wf>
<wf cmd="tag" pos="NN">group</wf>
<wf cmd="done" pos="VB" lemma="point_out" wnsn="1" lexsn="2:32:01::">pointed_out</wf>
<punc>,</punc>
<wf cmd="ignore" pos="DT">a</wf>
<wf cmd="tag" pos="JJ">professional</wf>
<wf cmd="done" pos="VB" lemma="be" wnsn="1" lexsn="2:42:03::">was</wf>
<punc>,</punc>
<wf cmd="ignore" pos="IN">before</wf>
<wf cmd="ignore" pos="DT">the</wf>
<wf cmd="tag" pos="JJ">modern</wf>
<wf cmd="tag" pos="NN">period</wf>
<wf cmd="ignore" pos="IN">of</wf>
<wf cmd="tag" pos="JJ">technical</wf>
<wf cmd="tag" pos="NN">specialization</wf>
<punc>,</punc>
<wf cmd="tag" pos="CD">one</wf>
<wf cmd="ignore" pos="WP">who</wf>
<punc>``</punc>
<wf cmd="done" pos="VB" lemma="profess" wnsn="1" lexsn="2:32:00::">professed</wf>
<punc>''</punc>
<wf cmd="ignore" pos="TO">to</wf>
<wf cmd="done" pos="VB" lemma="be" wnsn="1" lexsn="2:42:03::">be</wf>
<wf cmd="ignore" pos="DT">a</wf>
<wf cmd="tag" pos="NN">bearer</wf>
<wf cmd="ignore" pos="CC">and</wf>
<wf cmd="tag" pos="NN">critic</wf>
<wf cmd="ignore" pos="IN">of</wf>
<wf cmd="ignore" pos="PRP$">his</wf>
<wf cmd="tag" pos="NN">culture</wf>
<wf cmd="ignore" pos="IN">in</wf>
<wf cmd="ignore" pos="DT">the</wf>
<wf cmd="tag" pos="NN">use</wf>
<wf cmd="ignore" pos="IN">of</wf>
<wf cmd="ignore" pos="PRP$">his</wf>
<wf cmd="tag" pos="JJ">particular</wf>
<wf cmd="tag" pos="NNS">skills</wf>
<punc>.</punc>
</s>
</p>
</context>
</contextfile>
