<contextfile concordance="brown">
<context filename="br-e06" paras="yes">
<p pnum="1">
<s snum="1">
<wf cmd="tag" pos="RB">At_one_time</wf>
<punc>,</punc>
<wf cmd="ignore" pos="TO">to</wf>
<wf cmd="tag" pos="RBS">most</wf>
<wf cmd="tag" pos="NNPS">Americans</wf>
<punc>,</punc>
<wf cmd="ignore" pos="IN">unless</wf>
<wf cmd="ignore" pos="PRP">they</wf>
<wf cmd="done" pos="VB" lemma="be" wnsn="1" lexsn="2:42:03::">were</wf>
<wf cmd="tag" pos="JJ">fortunate</wf>
<wf cmd="tag" pos="RB">enough</wf>
<wf cmd="ignore" pos="TO">to</wf>
<wf cmd="done" pos="VB" lemma="live" wnsn="1" lexsn="2:42:08::">live</wf>
<wf cmd="ignore" pos="IN">near</wf>
<wf cmd="ignore" pos="DT">a</wf>
<wf cmd="tag" pos="NN">body</wf>
<wf cmd="ignore" pos="IN">of</wf>
<wf cmd="tag" pos="JJ">navigable</wf>
<wf cmd="tag" pos="NN">water</wf>
<punc>,</punc>
<wf cmd="tag" pos="NNS">boats</wf>
<wf cmd="done" pos="VBD" ot="notag">were</wf>
<wf cmd="done" pos="VB" lemma="consider" wnsn="1" lexsn="2:31:00::">considered</wf>
<wf cmd="ignore" pos="DT">the</wf>
<wf cmd="tag" pos="JJ">sole</wf>
<wf cmd="tag" pos="NN">concern</wf>
<wf cmd="ignore" pos="IN">of</wf>
<wf cmd="tag" pos="NNS">fishermen</wf>
<punc>,</punc>
<wf cmd="tag" pos="JJ">rich</wf>
<wf cmd="tag" pos="NNS">people</wf>
<punc>,</punc>
<wf cmd="ignore" pos="CC">and</wf>
<wf cmd="ignore" pos="DT">the</wf>
<wf cmd="tag" pos="NN">United_States</wf>
<wf cmd="tag" pos="NNP">Navy</wf>
<punc>.</punc>
</s>
</p>
<p pnum="2">
<s snum="2">
<wf cmd="tag" pos="NN">Today</wf>
<wf cmd="ignore" pos="DT">the</wf>
<wf cmd="tag" pos="JJ">recreational</wf>
<wf cmd="tag" pos="NN">boating</wf>
<wf cmd="tag" pos="NN">scene</wf>
<wf cmd="done" pos="VB" lemma="be" wnsn="1" lexsn="2:42:03::">is</wf>
<wf cmd="tag" pos="JJ">awash</wf>
<wf cmd="ignore" pos="IN">with</wf>
<wf cmd="tag" pos="JJ">heartening</wf>
<wf cmd="tag" pos="NNS">statistics</wf>
<wf cmd="ignore" pos="WDT">which</wf>
<wf cmd="done" pos="VB" lemma="prove" wnsn="2" lexsn="2:31:00::">prove</wf>
<wf cmd="ignore" pos="DT">the</wf>
<wf cmd="tag" pos="JJ">enormous</wf>
<wf cmd="tag" pos="NN">growth</wf>
<wf cmd="tag" pos="RB">of_that</wf>
<wf cmd="tag" pos="NN">sport</wf>
<punc>.</punc>
</s>
<s snum="3">
<wf cmd="ignore" pos="EX">There</wf>
<wf cmd="done" pos="VB" lemma="be" wnsn="5" lexsn="2:42:04::">are</wf>
<wf cmd="tag" pos="RB">more_than</wf>
<wf cmd="tag" pos="CD">8000000</wf>
<wf cmd="tag" pos="JJ">recreational</wf>
<wf cmd="tag" pos="NNS">boats</wf>
<wf cmd="tag" pos="JJ">in_use</wf>
<wf cmd="ignore" pos="IN">in</wf>
<wf cmd="ignore" pos="DT">the</wf>
<wf cmd="tag" pos="NN">United_States</wf>
<wf cmd="ignore" pos="IN">with</wf>
<wf cmd="tag" pos="RB">almost</wf>
<wf cmd="tag" pos="CD">10000000</wf>
<wf cmd="ignore" pos="DT">the</wf>
<wf cmd="tag" pos="NN">prediction</wf>
<wf cmd="ignore" pos="IN">for</wf>
<wf cmd="ignore" pos="IN">within</wf>
<wf cmd="ignore" pos="DT">the</wf>
<wf cmd="tag" pos="JJ">next</wf>
<wf cmd="tag" pos="NN">decade</wf>
<punc>.</punc>
</s>
<s snum="4">
<wf cmd="ignore" pos="IN">About</wf>
<wf cmd="tag" pos="CD">40000000</wf>
<wf cmd="tag" pos="NNS">people</wf>
<wf cmd="done" pos="VB" lemma="participate" wnsn="1" lexsn="2:41:00::">participated</wf>
<wf cmd="ignore" pos="IN">in</wf>
<wf cmd="tag" pos="NN">boating</wf>
<wf cmd="ignore" pos="IN">in</wf>
<wf cmd="tag" pos="CD">1960</wf>
<punc>.</punc>
</s>
<s snum="5">
<wf cmd="tag" pos="NNP">Boating</wf>
<wf cmd="done" pos="VBZ" ot="notag">has</wf>
<wf cmd="done" pos="VB" lemma="become" wnsn="1" lexsn="2:30:00::">become</wf>
<wf cmd="ignore" pos="DT">a</wf>
<wf cmd="tag" pos="NN">giant</wf>
<wf cmd="ignore" pos="WP$">whose</wf>
<wf cmd="tag" pos="NNS">strides</wf>
<wf cmd="done" pos="VB" lemma="cover" wnsn="3" lexsn="2:42:01::">cover</wf>
<wf cmd="ignore" pos="DT">the</wf>
<wf cmd="tag" pos="JJ">entire</wf>
<wf cmd="tag" pos="NN">nation</wf>
<wf cmd="ignore" pos="IN">from</wf>
<wf cmd="tag" pos="NN">sea</wf>
<wf cmd="ignore" pos="TO">to</wf>
<wf cmd="tag" pos="NN">shining</wf>
<wf cmd="tag" pos="NN">sea</wf>
<punc>.</punc>
</s>
<s snum="6">
<wf cmd="tag" pos="NNS">Boats</wf>
<wf cmd="done" pos="VBP" ot="notag">are</wf>
<wf cmd="done" pos="VB" lemma="operate" wnsn="3" lexsn="2:35:00::">operated</wf>
<wf cmd="ignore" pos="IN">in</wf>
<wf cmd="ignore" pos="DT">every</wf>
<wf cmd="tag" pos="NN">state</wf>
<wf cmd="ignore" pos="IN">in</wf>
<wf cmd="ignore" pos="DT">the</wf>
<wf cmd="tag" pos="NNP">Union</wf>
<punc>,</punc>
<wf cmd="ignore" pos="IN">with</wf>
<wf cmd="ignore" pos="DT">the</wf>
<wf cmd="tag" pos="JJS">heaviest</wf>
<wf cmd="tag" pos="NNS">concentrations</wf>
<wf cmd="ignore" pos="IN">along</wf>
<wf cmd="ignore" pos="DT">both</wf>
<wf cmd="tag" pos="NNS">coasts</wf>
<wf cmd="ignore" pos="CC">and</wf>
<wf cmd="tag" pos="RB">in_the_Middle</wf>
<wf cmd="tag" pos="NNP">West</wf>
<punc>.</punc>
</s>
</p>
<p pnum="3">
<s snum="7">
<wf cmd="ignore" pos="DT">The</wf>
<wf cmd="tag" pos="JJ">spectacular</wf>
<wf cmd="tag" pos="NN">upsurge</wf>
<wf cmd="ignore" pos="IN">in</wf>
<wf cmd="tag" pos="NN">pleasure</wf>
<wf cmd="tag" pos="NN">boating</wf>
<wf cmd="done" pos="VB" lemma="be" wnsn="1" lexsn="2:42:03::">is</wf>
<wf cmd="tag" pos="RB">markedly</wf>
<wf cmd="tag" pos="JJ">evident</wf>
<punc>,</punc>
<wf cmd="tag" pos="RB">expectedly</wf>
<punc>,</punc>
<wf cmd="ignore" pos="IN">in</wf>
<wf cmd="ignore" pos="DT">the</wf>
<wf cmd="tag" pos="NNS">areas</wf>
<wf cmd="ignore" pos="WRB">where</wf>
<wf cmd="tag" pos="NNS">boats</wf>
<wf cmd="done" pos="VBP" ot="notag">have</wf>
<wf cmd="tag" pos="RB">always</wf>
<wf cmd="done" pos="VB" ot="notag">been</wf>
<wf cmd="done" pos="VB" lemma="find" wnsn="2" lexsn="2:39:02::">found</wf>
<punc>:</punc>
<wf cmd="ignore" pos="DT">the</wf>
<wf cmd="tag" pos="JJ">natural</wf>
<wf cmd="tag" pos="NNS">lakes</wf>
<punc>,</punc>
<wf cmd="tag" pos="NNS">rivers</wf>
<punc>,</punc>
<wf cmd="ignore" pos="CC">and</wf>
<wf cmd="ignore" pos="IN">along</wf>
<wf cmd="ignore" pos="DT">the</wf>
<wf cmd="tag" pos="NN">nation</wf>
<wf cmd="ignore" pos="POS">'s</wf>
<wf cmd="tag" pos="NN">coastline</wf>
<punc>.</punc>
</s>
<s snum="8">
<wf cmd="ignore" pos="CC">But</wf>
<wf cmd="ignore" pos="IN">during</wf>
<wf cmd="ignore" pos="DT">the</wf>
<wf cmd="tag" pos="JJ">last</wf>
<wf cmd="tag" pos="JJ">several</wf>
<wf cmd="tag" pos="NNS">years</wf>
<wf cmd="tag" pos="NNS">boats</wf>
<wf cmd="done" pos="VBD" ot="notag">were</wf>
<wf cmd="done" pos="VB" lemma="launch" wnsn="3" lexsn="2:35:02::">launched</wf>
<wf cmd="ignore" pos="IN">in</wf>
<wf cmd="tag" pos="NNS">areas</wf>
<wf cmd="ignore" pos="WRB">where</wf>
<punc>,</punc>
<wf cmd="ignore" pos="DT">a</wf>
<wf cmd="tag" pos="NN">short_time</wf>
<wf cmd="tag" pos="RB">ago</wf>
<punc>,</punc>
<wf cmd="ignore" pos="DT">the</wf>
<wf cmd="tag" pos="JJ">only</wf>
<wf cmd="tag" pos="NN">water</wf>
<wf cmd="ignore" pos="TO">to</wf>
<wf cmd="done" pos="VB" ot="notag">be</wf>
<wf cmd="done" pos="VB" lemma="find" wnsn="3" lexsn="2:40:00::">found</wf>
<wf cmd="done" pos="VB" lemma="be" wnsn="3" lexsn="2:42:05::">was</wf>
<wf cmd="ignore" pos="IN">in</wf>
<wf cmd="tag" pos="NNS">wells</wf>
<wf cmd="ignore" pos="CC">and</wf>
<wf cmd="done" pos="VB" lemma="water" wnsn="2" lexsn="2:40:00::">watering</wf>
<wf cmd="tag" pos="NNS">troughs</wf>
<wf cmd="ignore" pos="IN">for</wf>
<wf cmd="tag" pos="NN">livestock</wf>
<punc>.</punc>
</s>
</p>
<p pnum="4">
<s snum="9">
<wf cmd="done" pos="VB" lemma="develop" wnsn="6" lexsn="2:30:04::">Developed</wf>
<wf cmd="ignore" pos="IN">as</wf>
<wf cmd="ignore" pos="DT">a</wf>
<wf cmd="tag" pos="NN">result</wf>
<wf cmd="ignore" pos="IN">of</wf>
<wf cmd="ignore" pos="DT">the</wf>
<wf cmd="tag" pos="JJ">multi-purpose</wf>
<wf cmd="tag" pos="NNS">resources</wf>
<wf cmd="tag" pos="NN">control</wf>
<wf cmd="tag" pos="NN">program</wf>
<wf cmd="ignore" pos="IN">of</wf>
<wf cmd="ignore" pos="DT">the</wf>
<wf cmd="tag" pos="NN">government</wf>
<punc>,</punc>
<wf cmd="tag" pos="JJ">vast</wf>
<punc>,</punc>
<wf cmd="tag" pos="JJ">man-made</wf>
<wf cmd="tag" pos="NN">bodies_of_water</wf>
<wf cmd="done" pos="VB" lemma="represent" wnsn="1" lexsn="2:42:02::">represent</wf>
<wf cmd="ignore" pos="DT">a</wf>
<wf cmd="tag" pos="RB">kind_of</wf>
<wf cmd="tag" pos="JJ">glorious</wf>
<wf cmd="tag" pos="NN">fringe_benefit</wf>
<punc>,</punc>
<wf cmd="done" pos="VB" lemma="provide" wnsn="1" lexsn="2:40:00::">providing</wf>
<wf cmd="tag" pos="NN">boating</wf>
<wf cmd="ignore" pos="CC">and</wf>
<wf cmd="tag" pos="NN">fishing</wf>
<wf cmd="tag" pos="NNS">havens</wf>
<wf cmd="tag" pos="RB">all_over</wf>
<wf cmd="ignore" pos="DT">the</wf>
<wf cmd="tag" pos="NN">country</wf>
<punc>.</punc>
</s>
</p>
<p pnum="5">
<s snum="10">
<wf cmd="tag" pos="RB">No_matter_how</wf>
<wf cmd="tag" pos="JJ">determined</wf>
<wf cmd="ignore" pos="CC">or</wf>
<wf cmd="tag" pos="JJ">wealthy</wf>
<wf cmd="tag" pos="NN">boating</wf>
<wf cmd="tag" pos="NNS">lovers</wf>
<wf cmd="ignore" pos="IN">of</wf>
<wf cmd="ignore" pos="DT">the</wf>
<wf cmd="tag" pos="NNP">Southwest</wf>
<wf cmd="done" pos="VBD" ot="notag">had</wf>
<wf cmd="done" pos="VB" lemma="be" wnsn="1" lexsn="2:42:03::">been</wf>
<punc>,</punc>
<wf cmd="tag" pos="RB">for_example</wf>
<punc>,</punc>
<wf cmd="ignore" pos="PRP">they</wf>
<wf cmd="ignore" pos="MD">could</wf>
<wf cmd="tag" pos="RB">never</wf>
<wf cmd="done" pos="VB" ot="notag">have</wf>
<wf cmd="done" pos="VB" lemma="create" wnsn="2" lexsn="2:36:02::">created</wf>
<wf cmd="tag" pos="NN">anything</wf>
<wf cmd="done" pos="VB" lemma="approach" wnsn="2" lexsn="2:42:00::">approaching</wf>
<wf cmd="ignore" pos="DT">the</wf>
<wf cmd="tag" pos="CD">fifty</wf>
<wf cmd="tag" pos="JJ">square-mile</wf>
<wf cmd="tag" pos="NNP">Lake_Texoma</wf>
<punc>,</punc>
<wf cmd="tag" pos="JJ">located</wf>
<wf cmd="ignore" pos="IN">between</wf>
<wf cmd="tag" pos="NNP">Texas</wf>
<wf cmd="ignore" pos="CC">and</wf>
<wf cmd="tag" pos="NNP">Oklahoma</wf>
<punc>,</punc>
<wf cmd="ignore" pos="WDT">which</wf>
<wf cmd="done" pos="VB" lemma="result" wnsn="1" lexsn="2:42:00::">resulted</wf>
<wf cmd="ignore" pos="WRB">when</wf>
<wf cmd="ignore" pos="DT">the</wf>
<wf cmd="tag" pos="NNP">Corp</wf>
<wf cmd="ignore" pos="IN">of</wf>
<wf cmd="tag" pos="NN">Army_Engineers</wf>
<wf cmd="done" pos="VB" lemma="dam" wnsn="1" lexsn="2:35:00::">dammed</wf>
<wf cmd="ignore" pos="DT">the</wf>
<wf cmd="tag" pos="NN">Red_River</wf>
<punc>.</punc>
</s>
<s snum="11">
<wf cmd="ignore" pos="IN">In</wf>
<wf cmd="tag" pos="CD">1959</wf>
<punc>,</punc>
<wf cmd="done" pos="VB" lemma="accord" wnsn="1" lexsn="2:42:00::">according</wf>
<wf cmd="ignore" pos="TO">to</wf>
<wf cmd="ignore" pos="DT">the</wf>
<wf cmd="tag" pos="NNPS">Engineers</wf>
<punc>,</punc>
<wf cmd="tag" pos="NNP">Lake_Texoma</wf>
<wf cmd="done" pos="VB" lemma="be" wnsn="2" lexsn="2:42:06::">was</wf>
<wf cmd="tag" pos="RB">only</wf>
<wf cmd="tag" pos="CD">one</wf>
<wf cmd="ignore" pos="IN">of</wf>
<wf cmd="tag" pos="CD">thirty-two</wf>
<wf cmd="tag" pos="NN">artificial_lakes</wf>
<wf cmd="ignore" pos="CC">and</wf>
<wf cmd="tag" pos="NNS">reservoirs</wf>
<wf cmd="ignore" pos="WDT">which</wf>
<wf cmd="done" pos="VBD" ot="notag">were</wf>
<wf cmd="done" pos="VB" lemma="use" wnsn="2" lexsn="2:34:02::">used</wf>
<wf cmd="ignore" pos="IN">for</wf>
<wf cmd="tag" pos="NN">recreation</wf>
<wf cmd="ignore" pos="IN">by</wf>
<wf cmd="ignore" pos="IN">over</wf>
<wf cmd="tag" pos="CD">1000000</wf>
<wf cmd="tag" pos="NNS">persons</wf>
<punc>.</punc>
</s>
</p>
<p pnum="6">
<s snum="12">
<wf cmd="ignore" pos="WRB">Where</wf>
<wf cmd="ignore" pos="DT">an</wf>
<wf cmd="tag" pos="NN">opportunity</wf>
<wf cmd="ignore" pos="TO">to</wf>
<wf cmd="done" pos="VB" lemma="enjoy" wnsn="1" lexsn="2:37:00::">enjoy</wf>
<wf cmd="tag" pos="NN">boating</wf>
<wf cmd="done" pos="VBZ" ot="notag">has</wf>
<wf cmd="tag" pos="RB">not</wf>
<wf cmd="done" pos="VBN" ot="notag">been</wf>
<wf cmd="done" pos="VB" lemma="create" wnsn="2" lexsn="2:36:02::">created</wf>
<wf cmd="ignore" pos="IN">by</wf>
<wf cmd="done" pos="VB" lemma="bring" wnsn="1" lexsn="2:38:00::">bringing</wf>
<wf cmd="tag" pos="NN">bodies_of_water</wf>
<wf cmd="ignore" pos="TO">to</wf>
<wf cmd="ignore" pos="DT">the</wf>
<wf cmd="tag" pos="NNS">people</wf>
<punc>,</punc>
<wf cmd="tag" pos="NN">means</wf>
<wf cmd="done" pos="VBP" ot="notag">have</wf>
<wf cmd="done" pos="VB" ot="notag">been</wf>
<wf cmd="done" pos="VB" lemma="find" wnsn="8" lexsn="2:36:00::">found</wf>
<wf cmd="ignore" pos="TO">to</wf>
<wf cmd="done" pos="VB" lemma="take" wnsn="3" lexsn="2:38:09::">take</wf>
<wf cmd="ignore" pos="DT">the</wf>
<wf cmd="tag" pos="NNS">people</wf>
<wf cmd="ignore" pos="CC">and</wf>
<wf cmd="ignore" pos="PRP$">their</wf>
<wf cmd="tag" pos="NNS">boats</wf>
<wf cmd="ignore" pos="TO">to</wf>
<wf cmd="ignore" pos="DT">the</wf>
<wf cmd="tag" pos="NN">water</wf>
<punc>.</punc>
</s>
<s snum="13">
<wf cmd="done" pos="VB" lemma="provide" wnsn="1" lexsn="2:40:00::">Providing</wf>
<wf cmd="ignore" pos="DT">these</wf>
<wf cmd="tag" pos="NN">means</wf>
<wf cmd="done" pos="VB" ot="notag">are_about</wf>
<wf cmd="tag" pos="CD">ninety</wf>
<wf cmd="tag" pos="NNS">companies</wf>
<wf cmd="ignore" pos="WDT">which</wf>
<wf cmd="done" pos="VB" lemma="manufacture" wnsn="1" lexsn="2:36:00::">manufactured</wf>
<wf cmd="ignore" pos="DT">the</wf>
<wf cmd="tag" pos="JJ">estimated</wf>
<wf cmd="tag" pos="CD">1800000</wf>
<wf cmd="tag" pos="NN">boat</wf>
<wf cmd="tag" pos="NNS">trailers</wf>
<wf cmd="tag" pos="RB">now</wf>
<wf cmd="tag" pos="JJ">in_use</wf>
<punc>.</punc>
</s>
<s snum="14">
<wf cmd="ignore" pos="PRP">It</wf>
<wf cmd="done" pos="VB" lemma="be" wnsn="2" lexsn="2:42:06::">is</wf>
<wf cmd="ignore" pos="DT">a</wf>
<wf cmd="tag" pos="JJ">simple</wf>
<wf cmd="tag" pos="NN">task</wf>
<wf cmd="ignore" pos="TO">to</wf>
<wf cmd="done" pos="VB" lemma="haul" wnsn="2" lexsn="2:35:00::">haul</wf>
<wf cmd="ignore" pos="DT">a</wf>
<wf cmd="tag" pos="NN">boat</wf>
<wf cmd="tag" pos="CD">fifty</wf>
<wf cmd="ignore" pos="CC">or</wf>
<wf cmd="tag" pos="JJ">one_hundred</wf>
<wf cmd="tag" pos="NNS">miles</wf>
<wf cmd="ignore" pos="TO">to</wf>
<wf cmd="ignore" pos="DT">a</wf>
<wf cmd="tag" pos="NN">lake</wf>
<wf cmd="ignore" pos="CC">or</wf>
<wf cmd="tag" pos="NN">reservoir</wf>
<wf cmd="ignore" pos="IN">on</wf>
<wf cmd="ignore" pos="DT">the</wf>
<wf cmd="tag" pos="JJ">new</wf>
<punc>,</punc>
<wf cmd="tag" pos="NN">light</wf>
<punc>,</punc>
<wf cmd="tag" pos="JJ">strong</wf>
<punc>,</punc>
<wf cmd="tag" pos="JJ">easy-to-operate</wf>
<wf cmd="tag" pos="NNS">trailers</wf>
<wf cmd="ignore" pos="WDT">which</wf>
<wf cmd="done" pos="VB" ot="notag">are_built</wf>
<wf cmd="ignore" pos="TO">to</wf>
<wf cmd="done" pos="VB" lemma="accommodate" wnsn="1" lexsn="2:42:00::">accommodate</wf>
<wf cmd="tag" pos="RB">almost</wf>
<wf cmd="ignore" pos="DT">any</wf>
<wf cmd="tag" pos="RB">kind_of</wf>
<wf cmd="tag" pos="NN">small_boat</wf>
<wf cmd="ignore" pos="CC">and</wf>
<wf cmd="done" pos="VB" lemma="retail" wnsn="1" lexsn="2:42:00::">retail</wf>
<wf cmd="ignore" pos="IN">from</wf>
<punc>$</punc>
<wf cmd="tag" pos="CD">100</wf>
<wf cmd="ignore" pos="TO">to</wf>
<punc>$</punc>
<wf cmd="tag" pos="CD">2000</wf>
<punc>.</punc>
</s>
<s snum="15">
<wf cmd="ignore" pos="DT">The</wf>
<wf cmd="tag" pos="NN">sight</wf>
<wf cmd="ignore" pos="IN">of</wf>
<wf cmd="tag" pos="JJ">sleek</wf>
<wf cmd="tag" pos="NNS">inboards</wf>
<punc>,</punc>
<wf cmd="tag" pos="NNS">outboards</wf>
<punc>,</punc>
<wf cmd="ignore" pos="CC">and</wf>
<wf cmd="tag" pos="NNS">sailboats</wf>
<wf cmd="done" pos="VBG" ot="notag">being</wf>
<wf cmd="done" pos="VB" lemma="wheel" wnsn="2" lexsn="2:38:04::">wheeled</wf>
<wf cmd="tag" pos="RB">smartly</wf>
<wf cmd="ignore" pos="IN">along</wf>
<wf cmd="tag" pos="NNS">highways</wf>
<wf cmd="tag" pos="JJ">many</wf>
<wf cmd="tag" pos="NNS">miles</wf>
<wf cmd="ignore" pos="IN">from</wf>
<wf cmd="ignore" pos="DT">any</wf>
<wf cmd="tag" pos="NN">water</wf>
<wf cmd="done" pos="VB" lemma="be" wnsn="1" lexsn="2:42:03::">is</wf>
<wf cmd="tag" pos="JJ">commonplace</wf>
<punc>.</punc>
</s>
</p>
<p pnum="7">
<s snum="16">
<wf cmd="tag" pos="NNPS">Boatmen</wf>
<wf cmd="tag" pos="JJ">lucky</wf>
<wf cmd="tag" pos="RB">enough</wf>
<wf cmd="ignore" pos="TO">to</wf>
<wf cmd="done" pos="VB" lemma="have" wnsn="1" lexsn="2:40:00::">have</wf>
<wf cmd="tag" pos="NNS">facilities</wf>
<wf cmd="ignore" pos="IN">for</wf>
<wf cmd="tag" pos="NN">year</wf>
<punc>'</punc>
<wf cmd="tag" pos="NN">round</wf>
<wf cmd="tag" pos="NN">anchorage</wf>
<wf cmd="ignore" pos="IN">for</wf>
<wf cmd="ignore" pos="PRP$">their</wf>
<wf cmd="tag" pos="NN">craft</wf>
<punc>,</punc>
<wf cmd="ignore" pos="MD">will</wf>
<wf cmd="done" pos="VB" lemma="recall" wnsn="1" lexsn="2:31:00::">recall</wf>
<wf cmd="ignore" pos="DT">the</wf>
<wf cmd="tag" pos="JJ">tedious</wf>
<wf cmd="tag" pos="NN">procedure</wf>
<wf cmd="ignore" pos="IN">of</wf>
<wf cmd="done" pos="VB" lemma="load" wnsn="1" lexsn="2:35:01::">loading</wf>
<wf cmd="ignore" pos="PRP$">their</wf>
<wf cmd="tag" pos="NN">gear</wf>
<wf cmd="ignore" pos="IN">into</wf>
<wf cmd="ignore" pos="DT">the</wf>
<wf cmd="tag" pos="NN">car</wf>
<punc>,</punc>
<wf cmd="done" pos="VB" lemma="drive" wnsn="2" lexsn="2:38:00::">driving</wf>
<wf cmd="done" pos="VB" ot="notag">to</wf>
<wf cmd="ignore" pos="DT">the</wf>
<wf cmd="tag" pos="NN">water</wf>
<punc>,</punc>
<wf cmd="ignore" pos="CC">and</wf>
<wf cmd="done" pos="VB" lemma="make" wnsn="1" lexsn="2:41:00::">making</wf>
<wf cmd="tag" pos="NN">trip</wf>
<wf cmd="ignore" pos="IN">after</wf>
<wf cmd="tag" pos="NN">trip</wf>
<wf cmd="ignore" pos="TO">to</wf>
<wf cmd="done" pos="VB" lemma="transfer" wnsn="4" lexsn="2:38:00::">transfer</wf>
<wf cmd="ignore" pos="DT">the</wf>
<wf cmd="tag" pos="NN">gear</wf>
<wf cmd="ignore" pos="TO">to</wf>
<wf cmd="ignore" pos="DT">the</wf>
<wf cmd="tag" pos="NN">boat</wf>
<punc>.</punc>
</s>
<s snum="17">
<wf cmd="tag" pos="NN">Today</wf>
<punc>,</punc>
<wf cmd="ignore" pos="DT">the</wf>
<wf cmd="tag" pos="NN">boat</wf>
<punc>,</punc>
<wf cmd="ignore" pos="IN">on</wf>
<wf cmd="ignore" pos="PRP$">its</wf>
<wf cmd="tag" pos="NN">trailer</wf>
<punc>,</punc>
<wf cmd="done" pos="VBZ" ot="notag">is</wf>
<wf cmd="done" pos="VB" lemma="bring" wnsn="1" lexsn="2:38:00::">brought</wf>
<wf cmd="done" pos="VB" ot="notag">to</wf>
<wf cmd="ignore" pos="DT">the</wf>
<wf cmd="tag" pos="NN">gear</wf>
<wf cmd="ignore" pos="CC">and</wf>
<wf cmd="done" pos="VB" lemma="load" wnsn="1" lexsn="2:35:01::">loaded</wf>
<wf cmd="ignore" pos="IN">at</wf>
<wf cmd="ignore" pos="DT">the</wf>
<wf cmd="tag" pos="NN">door</wf>
<punc>.</punc>
</s>
<s snum="18">
<wf cmd="done" pos="VB" lemma="arrive_at" wnsn="1" lexsn="2:38:00::">Arriving_at</wf>
<wf cmd="ignore" pos="DT">the</wf>
<wf cmd="tag" pos="NN">waterside</wf>
<punc>,</punc>
<wf cmd="ignore" pos="DT">the</wf>
<wf cmd="tag" pos="NN">boat</wf>
<wf cmd="done" pos="VBZ" ot="notag">is</wf>
<wf cmd="done" pos="VB" lemma="launch" wnsn="3" lexsn="2:35:02::">launched</wf>
<punc>,</punc>
<wf cmd="ignore" pos="DT">the</wf>
<wf cmd="tag" pos="NN">family</wf>
<wf cmd="done" pos="VB" lemma="take" wnsn="23" lexsn="2:40:07::">taken</wf>
<wf cmd="tag" pos="RB">aboard</wf>
<wf cmd="ignore" pos="CC">and</wf>
<punc>,</punc>
<wf cmd="ignore" pos="IN">that</wf>
<wf cmd="tag" pos="RB">easily</wf>
<punc>,</punc>
<wf cmd="ignore" pos="DT">another</wf>
<wf cmd="tag" pos="NN">day</wf>
<wf cmd="tag" pos="RB">afloat</wf>
<wf cmd="done" pos="VBZ" ot="notag">is</wf>
<wf cmd="done" pos="VB" lemma="begin" wnsn="2" lexsn="2:42:00::">begun</wf>
<punc>.</punc>
</s>
</p>
<p pnum="8">
<s snum="19">
<wf cmd="ignore" pos="CC">And</wf>
<wf cmd="tag" pos="NNS">trailers</wf>
<wf cmd="ignore" pos="IN">for</wf>
<wf cmd="tag" pos="NNS">boats</wf>
<wf cmd="done" pos="VB" lemma="be" wnsn="1" lexsn="2:42:03::">are</wf>
<wf cmd="tag" pos="RB">not</wf>
<wf cmd="ignore" pos="WP">what</wf>
<wf cmd="ignore" pos="PRP">they</wf>
<wf cmd="done" pos="VB" lemma="start_out" wnsn="1" lexsn="2:30:00::">started_out</wf>
<wf cmd="ignore" pos="TO">to</wf>
<wf cmd="done" pos="VB" lemma="be" wnsn="1" lexsn="2:42:03::">be</wf>
<wf cmd="tag" pos="CD">ten</wf>
<wf cmd="tag" pos="NNS">years</wf>
<wf cmd="tag" pos="RB">ago</wf>
<punc>.</punc>
</s>
<s snum="20">
<wf cmd="ignore" pos="DT">This</wf>
<wf cmd="tag" pos="NN">year</wf>
<punc>,</punc>
<wf cmd="tag" pos="NNPS">Americans</wf>
<wf cmd="ignore" pos="MD">will</wf>
<wf cmd="done" pos="VB" lemma="discover" wnsn="2" lexsn="2:31:01::">discover</wf>
<wf cmd="tag" pos="RB">previously</wf>
<wf cmd="tag" pos="JJ">unheard</wf>
<wf cmd="ignore" pos="IN">of</wf>
<wf cmd="tag" pos="NNS">refinements</wf>
<wf cmd="ignore" pos="IN">in</wf>
<wf cmd="tag" pos="NNS">trailers</wf>
<wf cmd="ignore" pos="WDT">that</wf>
<wf cmd="ignore" pos="MD">will</wf>
<wf cmd="done" pos="VB" ot="notag">be</wf>
<wf cmd="done" pos="VB" lemma="exhibit" wnsn="2" lexsn="2:39:01::">exhibited</wf>
<wf cmd="ignore" pos="IN">in</wf>
<wf cmd="ignore" pos="IN">about</wf>
<wf cmd="tag" pos="JJ">one_hundred</wf>
<wf cmd="ignore" pos="IN">of</wf>
<wf cmd="ignore" pos="PRP$">our</wf>
<wf cmd="tag" pos="NN">nation</wf>
<wf cmd="ignore" pos="POS">'s</wf>
<wf cmd="tag" pos="JJ">national</wf>
<punc>,</punc>
<wf cmd="tag" pos="JJ">regional</wf>
<wf cmd="ignore" pos="CC">and</wf>
<wf cmd="tag" pos="JJ">local</wf>
<wf cmd="tag" pos="NN">boat</wf>
<wf cmd="tag" pos="NN">shows</wf>
<punc>.</punc>
</s>
<s snum="21">
<wf cmd="ignore" pos="DT">The</wf>
<wf cmd="tag" pos="NNS">boats</wf>
<wf cmd="ignore" pos="IN">of</wf>
<wf cmd="tag" pos="NNP">America</wf>
<wf cmd="ignore" pos="POS">'s</wf>
<wf cmd="tag" pos="NN">trailer</wf>
<wf cmd="tag" pos="NNS">sailors</wf>
<wf cmd="ignore" pos="IN">in</wf>
<wf cmd="tag" pos="CD">1961</wf>
<wf cmd="ignore" pos="MD">will</wf>
<wf cmd="done" pos="VB" ot="notag">be</wf>
<wf cmd="done" pos="VB" lemma="coddle" wnsn="1" lexsn="2:41:00::">coddled</wf>
<wf cmd="tag" pos="RB">on</wf>
<wf cmd="tag" pos="NNS">clouds</wf>
<wf cmd="ignore" pos="IN">as</wf>
<wf cmd="ignore" pos="PRP">they</wf>
<wf cmd="done" pos="VBP" ot="notag">are</wf>
<wf cmd="done" pos="VB" lemma="haul" wnsn="2" lexsn="2:35:00::">hauled</wf>
<wf cmd="ignore" pos="TO">to</wf>
<wf cmd="tag" pos="JJ">new</wf>
<wf cmd="tag" pos="NNS">horizons</wf>
<punc>.</punc>
</s>
</p>
<p pnum="9">
<s snum="22">
<wf cmd="ignore" pos="DT">The</wf>
<wf cmd="tag" pos="NN">variety</wf>
<wf cmd="ignore" pos="IN">of</wf>
<wf cmd="tag" pos="NN">craft</wf>
<wf cmd="ignore" pos="IN">on</wf>
<wf cmd="ignore" pos="DT">the</wf>
<wf cmd="tag" pos="NN">country</wf>
<wf cmd="ignore" pos="POS">'s</wf>
<wf cmd="tag" pos="NNS">waters</wf>
<wf cmd="tag" pos="NN">today</wf>
<wf cmd="done" pos="VB" lemma="be" wnsn="1" lexsn="2:42:03::">is</wf>
<wf cmd="tag" pos="JJ">overwhelming</wf>
<punc>.</punc>
</s>
<s snum="23">
<wf cmd="ignore" pos="PRP">They</wf>
<wf cmd="done" pos="VB" lemma="range" wnsn="1" lexsn="2:42:01::">range</wf>
<wf cmd="ignore" pos="IN">from</wf>
<wf cmd="ignore" pos="DT">an</wf>
<wf cmd="tag" pos="JJ">eight-foot</wf>
<wf cmd="tag" pos="NN">pram</wf>
<punc>,</punc>
<wf cmd="ignore" pos="WDT">which</wf>
<wf cmd="ignore" pos="PRP">you</wf>
<wf cmd="ignore" pos="MD">can</wf>
<wf cmd="done" pos="VB" lemma="build" wnsn="1" lexsn="2:36:00::">build</wf>
<wf cmd="ignore" pos="PRP">yourself</wf>
<wf cmd="ignore" pos="IN">for</wf>
<wf cmd="tag" pos="RB">less_than</wf>
<punc>$</punc>
<wf cmd="tag" pos="CD">50</wf>
<punc>,</punc>
<wf cmd="ignore" pos="TO">to</wf>
<wf cmd="tag" pos="JJ">auxiliary</wf>
<wf cmd="tag" pos="NNS">sailboats</wf>
<wf cmd="ignore" pos="WDT">which</wf>
<wf cmd="ignore" pos="MD">can</wf>
<wf cmd="done" pos="VB" lemma="cost" wnsn="1" lexsn="2:42:00::">cost</wf>
<wf cmd="ignore" pos="IN">over</wf>
<punc>$</punc>
<wf cmd="tag" pos="CD">100000</wf>
<punc>.</punc>
</s>
<s snum="24">
<wf cmd="tag" pos="NN">Boat</wf>
<wf cmd="tag" pos="NNS">prices</wf>
<wf cmd="done" pos="VB" lemma="vary" wnsn="2" lexsn="2:42:00::">vary</wf>
<wf cmd="done" pos="VB" lemma="accord" wnsn="1" lexsn="2:42:00::">according</wf>
<wf cmd="ignore" pos="TO">to</wf>
<wf cmd="ignore" pos="DT">the</wf>
<wf cmd="tag" pos="NN">buyer</wf>
<wf cmd="ignore" pos="POS">'s</wf>
<wf cmd="tag" pos="NNS">desires</wf>
<wf cmd="ignore" pos="CC">or</wf>
<wf cmd="tag" pos="NN">needs</wf>
<punc>.</punc>
</s>
<s snum="25">
<wf cmd="tag" pos="RB">In_this</wf>
<wf cmd="tag" pos="NN">respect</wf>
<punc>,</punc>
<wf cmd="tag" pos="NNS">boats</wf>
<wf cmd="ignore" pos="MD">can</wf>
<wf cmd="done" pos="VB" ot="notag">be</wf>
<wf cmd="done" pos="VB" lemma="compare" wnsn="1" lexsn="2:31:00::">compared</wf>
<wf cmd="ignore" pos="IN">with</wf>
<wf cmd="tag" pos="NNS">houses</wf>
<punc>.</punc>
</s>
<s snum="26">
<wf cmd="ignore" pos="EX">There</wf>
<wf cmd="done" pos="VB" lemma="be" wnsn="5" lexsn="2:42:04::">is</wf>
<wf cmd="ignore" pos="DT">no</wf>
<wf cmd="tag" pos="NN">limit</wf>
<wf cmd="ignore" pos="TO">to</wf>
<wf cmd="ignore" pos="WP">what</wf>
<wf cmd="ignore" pos="PRP">you</wf>
<wf cmd="ignore" pos="MD">can</wf>
<wf cmd="done" pos="VB" lemma="spend" wnsn="2" lexsn="2:40:00::">spend</wf>
<punc>,</punc>
<wf cmd="tag" pos="RB">yet</wf>
<wf cmd="ignore" pos="PRP">it</wf>
<wf cmd="done" pos="VB" lemma="be" wnsn="1" lexsn="2:42:03::">is</wf>
<wf cmd="tag" pos="RB">easily</wf>
<wf cmd="tag" pos="JJ">possible</wf>
<wf cmd="ignore" pos="TO">to</wf>
<wf cmd="done" pos="VB" lemma="keep" wnsn="1" lexsn="2:42:00::">keep</wf>
<wf cmd="ignore" pos="IN">within</wf>
<wf cmd="ignore" pos="DT">a</wf>
<wf cmd="tag" pos="JJ">set</wf>
<wf cmd="tag" pos="NN">budget</wf>
<punc>.</punc>
</s>
<s snum="27">
<wf cmd="ignore" pos="EX">There</wf>
<wf cmd="done" pos="VB" lemma="be" wnsn="5" lexsn="2:42:04::">is</wf>
<wf cmd="ignore" pos="DT">no</wf>
<wf cmd="tag" pos="NN">question</wf>
<wf cmd="tag" pos="RB">as</wf>
<wf cmd="ignore" pos="TO">to</wf>
<wf cmd="tag" pos="RB">just</wf>
<wf cmd="ignore" pos="WP">what</wf>
<wf cmd="done" pos="VB" lemma="be" wnsn="1" lexsn="2:42:03::">is</wf>
<wf cmd="tag" pos="JJ">available</wf>
<punc>.</punc>
</s>
<s snum="28">
<wf cmd="ignore" pos="PRP">You</wf>
<wf cmd="done" pos="VB" lemma="name" wnsn="5" lexsn="2:32:07::">name</wf>
<wf cmd="ignore" pos="PRP">it</wf>
<punc>,</punc>
<wf cmd="ignore" pos="PRP$">our</wf>
<wf cmd="tag" pos="NN">industry</wf>
<wf cmd="done" pos="VBZ" ot="notag">is</wf>
<wf cmd="done" pos="VB" lemma="produce" wnsn="2" lexsn="2:36:00::">producing</wf>
<wf cmd="ignore" pos="PRP">it</wf>
<punc>,</punc>
<wf cmd="ignore" pos="CC">and</wf>
<wf cmd="ignore" pos="PRP">it</wf>
<wf cmd="tag" pos="RB">probably</wf>
<wf cmd="done" pos="VBZ" ot="notag">is</wf>
<wf cmd="done" pos="VB" lemma="make" wnsn="6" lexsn="2:36:01::">made</wf>
<wf cmd="ignore" pos="IN">in</wf>
<wf cmd="tag" pos="JJ">different</wf>
<wf cmd="tag" pos="NNS">models</wf>
<punc>.</punc>
</s>
</p>
<p pnum="10">
<s snum="29">
<wf cmd="ignore" pos="EX">There</wf>
<wf cmd="done" pos="VB" lemma="be" wnsn="5" lexsn="2:42:04::">are</wf>
<wf cmd="tag" pos="NNS">canoes</wf>
<wf cmd="tag" pos="JJ">ideal</wf>
<wf cmd="ignore" pos="IN">for</wf>
<wf cmd="tag" pos="NN">fishing</wf>
<wf cmd="ignore" pos="IN">in</wf>
<wf cmd="tag" pos="JJ">protected</wf>
<wf cmd="tag" pos="NNS">waters</wf>
<wf cmd="ignore" pos="CC">or</wf>
<wf cmd="ignore" pos="IN">for</wf>
<wf cmd="tag" pos="NN">camping</wf>
<wf cmd="tag" pos="NNS">trips</wf>
<punc>.</punc>
</s>
<s snum="30">
<wf cmd="ignore" pos="EX">There</wf>
<wf cmd="done" pos="VB" lemma="be" wnsn="5" lexsn="2:42:04::">are</wf>
<wf cmd="tag" pos="NNS">houseboats</wf>
<wf cmd="ignore" pos="WDT">which</wf>
<wf cmd="done" pos="VB" lemma="be" wnsn="2" lexsn="2:42:06::">are</wf>
<wf cmd="tag" pos="RB">literally</wf>
<wf cmd="tag" pos="NNS">homes</wf>
<wf cmd="tag" pos="RB">afloat</wf>
<punc>,</punc>
<wf cmd="done" pos="VB" lemma="accommodate" wnsn="4" lexsn="2:42:03::">accommodating</wf>
<wf cmd="tag" pos="JJ">whole</wf>
<wf cmd="tag" pos="NNS">families</wf>
<wf cmd="ignore" pos="IN">in</wf>
<wf cmd="tag" pos="NN">comfort</wf>
<wf cmd="ignore" pos="CC">and</wf>
<wf cmd="tag" pos="NN">convenience</wf>
<punc>.</punc>
</s>
<s snum="31">
<wf cmd="ignore" pos="PRP">You</wf>
<wf cmd="ignore" pos="MD">can</wf>
<wf cmd="done" pos="VB" lemma="cross" wnsn="1" lexsn="2:38:00::">cross</wf>
<wf cmd="ignore" pos="DT">an</wf>
<wf cmd="tag" pos="NN">ocean</wf>
<wf cmd="ignore" pos="IN">in</wf>
<wf cmd="ignore" pos="DT">a</wf>
<wf cmd="tag" pos="RB">fully</wf>
<wf cmd="tag" pos="JJ">equipped</wf>
<wf cmd="tag" pos="NN">craft</wf>
<punc>,</punc>
<wf cmd="tag" pos="NN">sail</wf>
<punc>,</punc>
<wf cmd="tag" pos="NN">power</wf>
<punc>,</punc>
<wf cmd="ignore" pos="CC">or</wf>
<wf cmd="ignore" pos="DT">both</wf>
<punc>,</punc>
<wf cmd="ignore" pos="CC">or</wf>
<wf cmd="done" pos="VB" lemma="laze" wnsn="1" lexsn="2:41:00::">laze</wf>
<wf cmd="tag" pos="RB">away</wf>
<wf cmd="ignore" pos="DT">a</wf>
<wf cmd="tag" pos="JJ">fine</wf>
<wf cmd="tag" pos="NN">day</wf>
<wf cmd="ignore" pos="IN">in</wf>
<wf cmd="ignore" pos="DT">a</wf>
<wf cmd="tag" pos="JJ">small</wf>
<wf cmd="tag" pos="NN">dinghy</wf>
<wf cmd="ignore" pos="IN">on</wf>
<wf cmd="ignore" pos="DT">a</wf>
<wf cmd="tag" pos="JJ">local</wf>
<wf cmd="tag" pos="NN">pond</wf>
<punc>.</punc>
</s>
</p>
<p pnum="11">
<s snum="32">
<wf cmd="ignore" pos="PRP">You</wf>
<wf cmd="ignore" pos="MD">may</wf>
<wf cmd="done" pos="VB" lemma="have" wnsn="1" lexsn="2:40:00::">have</wf>
<wf cmd="ignore" pos="PRP$">your</wf>
<wf cmd="tag" pos="NN">boat</wf>
<wf cmd="ignore" pos="IN">of</wf>
<wf cmd="tag" pos="NN">wood</wf>
<punc>,</punc>
<wf cmd="tag" pos="NN">canvas</wf>
<punc>,</punc>
<wf cmd="tag" pos="NN">plywood</wf>
<punc>,</punc>
<wf cmd="tag" pos="NN">plastic</wf>
<punc>,</punc>
<wf cmd="ignore" pos="CC">or</wf>
<wf cmd="tag" pos="NN">metal</wf>
<punc>.</punc>
</s>
<s snum="33">
<wf cmd="ignore" pos="PRP">You</wf>
<wf cmd="ignore" pos="MD">may</wf>
<wf cmd="done" pos="VB" lemma="order" wnsn="2" lexsn="2:32:00::">order</wf>
<wf cmd="tag" pos="NN">utility</wf>
<wf cmd="tag" pos="NNS">models</wf>
<punc>,</punc>
<wf cmd="tag" pos="JJ">inboard</wf>
<wf cmd="ignore" pos="CC">or</wf>
<wf cmd="tag" pos="JJ">outboard</wf>
<punc>,</punc>
<wf cmd="tag" pos="RB">with</wf>
<wf cmd="ignore" pos="CC">or</wf>
<wf cmd="ignore" pos="IN">without</wf>
<wf cmd="tag" pos="NNS">toilets</wf>
<punc>,</punc>
<wf cmd="tag" pos="NNS">galleys</wf>
<punc>,</punc>
<wf cmd="ignore" pos="CC">and</wf>
<wf cmd="tag" pos="NNS">bunks</wf>
<punc>.</punc>
</s>
<s snum="34">
<wf cmd="ignore" pos="PRP">You</wf>
<wf cmd="ignore" pos="MD">may</wf>
<wf cmd="done" rdf="dress_up" pos="VB" lemma="dress_up" wnsn="2" lexsn="2:30:00::">dress</wf>
<wf cmd="ignore" pos="PRP">it</wf>
<wf cmd="ignore" pos="IN">up</wf>
<wf cmd="ignore" pos="IN">with</wf>
<wf cmd="ignore" pos="DT">any</wf>
<wf cmd="tag" pos="NN">number</wf>
<wf cmd="ignore" pos="IN">of</wf>
<wf cmd="tag" pos="NNS">accessories</wf>
<wf cmd="ignore" pos="CC">or</wf>
<wf cmd="done" pos="VB" lemma="keep" wnsn="1" lexsn="2:42:00::">keep</wf>
<wf cmd="ignore" pos="PRP">it</wf>
<wf cmd="tag" pos="RB">as</wf>
<wf cmd="tag" pos="JJ">simple</wf>
<wf cmd="ignore" pos="IN">as</wf>
<wf cmd="ignore" pos="PRP">you</wf>
<wf cmd="done" pos="VB" lemma="choose" wnsn="1" lexsn="2:31:00::">choose</wf>
<punc>.</punc>
</s>
</p>
<p pnum="12">
<s snum="35">
<wf cmd="tag" pos="NNPS">Designers</wf>
<wf cmd="ignore" pos="CC">and</wf>
<wf cmd="tag" pos="NNS">manufacturers</wf>
<wf cmd="done" pos="VBP" ot="notag">have</wf>
<wf cmd="done" pos="VB" lemma="produce" wnsn="2" lexsn="2:36:00::">produced</wf>
<wf cmd="tag" pos="NNS">models</wf>
<wf cmd="ignore" pos="IN">for</wf>
<wf cmd="tag" pos="NNS">purchasers</wf>
<wf cmd="ignore" pos="WP">who</wf>
<wf cmd="done" pos="VB" lemma="run" wnsn="8" lexsn="2:42:07::">run</wf>
<wf cmd="ignore" pos="DT">the</wf>
<wf cmd="tag" pos="NN">gamut</wf>
<wf cmd="ignore" pos="IN">from</wf>
<wf cmd="ignore" pos="DT">a</wf>
<wf cmd="tag" pos="JJ">nautical</wf>
<wf cmd="tag" pos="NN">version</wf>
<wf cmd="ignore" pos="IN">of</wf>
<wf cmd="ignore" pos="DT">the</wf>
<wf cmd="tag" pos="JJ">elderly</wf>
<wf cmd="tag" pos="NNP">Pasadena</wf>
<wf cmd="tag" pos="NN">lady</wf>
<wf cmd="ignore" pos="WP">who</wf>
<wf cmd="tag" pos="RB">never</wf>
<wf cmd="done" pos="VB" lemma="drive" wnsn="1" lexsn="2:38:01::">drove</wf>
<wf cmd="tag" pos="RB">more_than</wf>
<wf cmd="tag" pos="CD">five</wf>
<wf cmd="tag" pos="NNS">miles</wf>
<wf cmd="ignore" pos="DT">an</wf>
<wf cmd="tag" pos="NN">hour</wf>
<wf cmd="ignore" pos="IN">on</wf>
<wf cmd="ignore" pos="PRP$">her</wf>
<wf cmd="tag" pos="JJ">once-a-month</wf>
<wf cmd="tag" pos="NN">ride</wf>
<wf cmd="ignore" pos="IN">around</wf>
<wf cmd="ignore" pos="DT">the</wf>
<wf cmd="tag" pos="NN">block</wf>
<punc>,</punc>
<wf cmd="ignore" pos="TO">to</wf>
<wf cmd="ignore" pos="DT">the</wf>
<wf cmd="tag" pos="JJS">sportiest</wf>
<wf cmd="tag" pos="NN">boatman</wf>
<wf cmd="ignore" pos="WP">who</wf>
<wf cmd="done" pos="VB" lemma="insist" wnsn="1" lexsn="2:32:00::">insists</wf>
<wf cmd="ignore" pos="IN">on</wf>
<wf cmd="ignore" pos="PDT">all</wf>
<wf cmd="ignore" pos="DT">the</wf>
<wf cmd="tag" pos="NN">dash</wf>
<punc>,</punc>
<wf cmd="tag" pos="NN">color</wf>
<punc>,</punc>
<wf cmd="tag" pos="NN">flair</wf>
<wf cmd="ignore" pos="CC">and</wf>
<wf cmd="tag" pos="NN">speed</wf>
<wf cmd="tag" pos="JJ">possible</wf>
<wf cmd="ignore" pos="TO">to</wf>
<wf cmd="done" pos="VB" lemma="encompass" wnsn="1" lexsn="2:42:00::">encompass</wf>
<wf cmd="ignore" pos="IN">in</wf>
<wf cmd="ignore" pos="DT">a</wf>
<wf cmd="tag" pos="JJ">single</wf>
<wf cmd="tag" pos="NN">boat</wf>
<punc>.</punc>
</s>
<s snum="36">
<wf cmd="ignore" pos="PRP">You</wf>
<wf cmd="done" pos="VB" lemma="pay" wnsn="1" lexsn="2:40:00::">pay</wf>
<wf cmd="ignore" pos="PRP$">your</wf>
<wf cmd="tag" pos="NN">money</wf>
<wf cmd="ignore" pos="CC">and</wf>
<wf cmd="ignore" pos="PRP">you</wf>
<wf cmd="done" pos="VB" lemma="take" wnsn="8" lexsn="2:40:00::">take</wf>
<wf cmd="ignore" pos="PRP$">your</wf>
<wf cmd="tag" pos="NN">choice</wf>
<punc>.</punc>
</s>
</p>
<p pnum="13">
<s snum="37">
<wf cmd="tag" pos="NNP">American</wf>
<wf cmd="tag" pos="NN">technology</wf>
<wf cmd="ignore" pos="IN">in</wf>
<wf cmd="tag" pos="NN">engine</wf>
<wf cmd="ignore" pos="CC">and</wf>
<wf cmd="tag" pos="NN">hull</wf>
<wf cmd="tag" pos="NN">design</wf>
<wf cmd="done" pos="VB" lemma="be" wnsn="1" lexsn="2:42:03::">is</wf>
<wf cmd="tag" pos="RB">largely</wf>
<wf cmd="tag" pos="JJ">responsible_for</wf>
<wf cmd="ignore" pos="DT">the</wf>
<wf cmd="tag" pos="JJ">plentiful</wf>
<wf cmd="tag" pos="NN">interest</wf>
<wf cmd="ignore" pos="IN">in</wf>
<wf cmd="tag" pos="NNP">American</wf>
<wf cmd="tag" pos="NN">boating</wf>
<punc>.</punc>
</s>
<s snum="38">
<wf cmd="ignore" pos="PRP">I</wf>
<wf cmd="done" pos="VB" lemma="wonder" wnsn="1" lexsn="2:31:00::">wonder</wf>
<wf cmd="ignore" pos="IN">if</wf>
<wf cmd="tag" pos="NN">anyone</wf>
<wf cmd="tag" pos="RB">ever</wf>
<wf cmd="done" pos="VB" lemma="bother" wnsn="1" lexsn="2:41:00::">bothered</wf>
<wf cmd="ignore" pos="TO">to</wf>
<wf cmd="done" pos="VB" lemma="make" wnsn="23" lexsn="2:31:13::">make</wf>
<wf cmd="ignore" pos="DT">the</wf>
<wf cmd="tag" pos="NN">point</wf>
<wf cmd="ignore" pos="IN">that</wf>
<wf cmd="ignore" pos="WRB">when</wf>
<wf cmd="ignore" pos="PRP">it</wf>
<wf cmd="done" pos="VB" lemma="come_to" wnsn="2" lexsn="2:42:03::">comes_to</wf>
<wf cmd="tag" pos="NNS">boats</wf>
<wf cmd="ignore" pos="CC">and</wf>
<wf cmd="ignore" pos="PRP$">their</wf>
<wf cmd="tag" pos="NNS">motors</wf>
<punc>,</punc>
<wf cmd="tag" pos="NNPS">Americans</wf>
<wf cmd="done" pos="VB" lemma="excel" wnsn="1" lexsn="2:42:00::">excel</wf>
<wf cmd="ignore" pos="IN">over</wf>
<wf cmd="ignore" pos="DT">any</wf>
<wf cmd="tag" pos="NN">country</wf>
<wf cmd="ignore" pos="IN">in</wf>
<wf cmd="ignore" pos="DT">the</wf>
<wf cmd="tag" pos="NN">world</wf>
<wf cmd="tag" pos="RB">in_the_long_run</wf>
<punc>.</punc>
</s>
</p>
<p pnum="14">
<s snum="39">
<wf cmd="tag" pos="NNP">Russia</wf>
<punc>,</punc>
<wf cmd="ignore" pos="WP$">whose</wf>
<wf cmd="tag" pos="NN">technology</wf>
<wf cmd="done" pos="VB" lemma="be" wnsn="1" lexsn="2:42:03::">is</wf>
<wf cmd="tag" pos="RB">not_quite</wf>
<wf cmd="tag" pos="JJ">primitive</wf>
<punc>,</punc>
<wf cmd="done" pos="VB" lemma="be" wnsn="3" lexsn="2:42:05::">is</wf>
<wf cmd="tag" pos="RB">still</wf>
<wf cmd="ignore" pos="IN">in</wf>
<wf cmd="ignore" pos="DT">the</wf>
<wf cmd="tag" pos="NN">dark_ages</wf>
<wf cmd="ignore" pos="WRB">when</wf>
<wf cmd="ignore" pos="PRP">it</wf>
<wf cmd="done" pos="VB" lemma="come_to" wnsn="2" lexsn="2:42:03::">comes_to</wf>
<wf cmd="done" pos="VB" lemma="improve" wnsn="1" lexsn="2:30:01::">improving</wf>
<wf cmd="ignore" pos="DT">the</wf>
<wf cmd="tag" pos="NN">outboard_motor</wf>
<punc>,</punc>
<wf cmd="tag" pos="RB">for_instance</wf>
<punc>.</punc>
</s>
</p>
<p pnum="15">
<s snum="40">
<wf cmd="tag" pos="RB">Now</wf>
<wf cmd="tag" pos="RB">here</wf>
<wf cmd="done" pos="VB" lemma="be" wnsn="5" lexsn="2:42:04::">is</wf>
<wf cmd="tag" pos="RB">truly</wf>
<wf cmd="ignore" pos="DT">a</wf>
<wf cmd="tag" pos="NN">marvel</wf>
<punc>.</punc>
</s>
<s snum="41">
<wf cmd="ignore" pos="DT">The</wf>
<wf cmd="tag" pos="JJ">outboard</wf>
<wf cmd="tag" pos="NN">engine</wf>
<wf cmd="ignore" pos="IN">of</wf>
<wf cmd="tag" pos="NN">today</wf>
<wf cmd="done" pos="VB" lemma="have" wnsn="1" lexsn="2:40:00::">has</wf>
<wf cmd="ignore" pos="DT">a</wf>
<wf cmd="tag" pos="JJ">phenomenal</wf>
<wf cmd="tag" pos="NN">range</wf>
<wf cmd="ignore" pos="IN">of</wf>
<wf cmd="tag" pos="CD">one</wf>
<wf cmd="ignore" pos="TO">to</wf>
<wf cmd="tag" pos="CD">80</wf>
<wf cmd="tag" pos="NN">horsepower</wf>
<punc>,</punc>
<wf cmd="tag" pos="JJ">unheard</wf>
<wf cmd="ignore" pos="IN">of</wf>
<wf cmd="tag" pos="JJ">a_few</wf>
<wf cmd="tag" pos="NNS">years</wf>
<wf cmd="tag" pos="RB">ago</wf>
<wf cmd="ignore" pos="IN">for</wf>
<wf cmd="ignore" pos="DT">a</wf>
<wf cmd="tag" pos="CD">two</wf>
<wf cmd="tag" pos="NN">cycle</wf>
<wf cmd="tag" pos="NN">engine</wf>
<wf cmd="ignore" pos="IN">in</wf>
<wf cmd="tag" pos="NN">quantity</wf>
<wf cmd="tag" pos="NN">production</wf>
<punc>.</punc>
</s>
<s snum="42">
<wf cmd="ignore" pos="DT">These</wf>
<wf cmd="tag" pos="NNS">engines</wf>
<wf cmd="ignore" pos="MD">can</wf>
<wf cmd="done" pos="VB" ot="notag">be</wf>
<wf cmd="done" pos="VB" lemma="remove" wnsn="1" lexsn="2:30:00::">removed</wf>
<wf cmd="ignore" pos="IN">from</wf>
<wf cmd="ignore" pos="DT">a</wf>
<wf cmd="tag" pos="NN">boat</wf>
<wf cmd="ignore" pos="IN">with</wf>
<wf cmd="tag" pos="JJ">relative</wf>
<wf cmd="tag" pos="NN">ease</wf>
<punc>,</punc>
<wf cmd="ignore" pos="WRB">wherein</wf>
<wf cmd="done" pos="VB" lemma="lie" wnsn="3" lexsn="2:42:01::">lies</wf>
<wf cmd="ignore" pos="PRP$">their</wf>
<wf cmd="tag" pos="JJS">greatest</wf>
<wf cmd="tag" pos="NN">advantage</wf>
<punc>.</punc>
</s>
<s snum="43">
<wf cmd="ignore" pos="PRP$">Their</wf>
<wf cmd="tag" pos="NN">cost</wf>
<wf cmd="done" pos="VB" lemma="be" wnsn="1" lexsn="2:42:03::">is</wf>
<wf cmd="tag" pos="RB">not</wf>
<wf cmd="ignore" pos="IN">beyond</wf>
<wf cmd="ignore" pos="DT">the</wf>
<wf cmd="tag" pos="NN">hopes</wf>
<wf cmd="ignore" pos="IN">of</wf>
<wf cmd="ignore" pos="DT">the</wf>
<wf cmd="tag" pos="NNP">American</wf>
<wf cmd="tag" pos="NN">pocketbook</wf>
<punc>,</punc>
<wf cmd="ignore" pos="DT">the</wf>
<wf cmd="tag" pos="NN">range</wf>
<wf cmd="done" pos="VB" lemma="be" wnsn="6" lexsn="2:42:07::">being</wf>
<wf cmd="tag" pos="RB">about</wf>
<punc>$</punc>
<wf cmd="tag" pos="CD">150</wf>
<wf cmd="ignore" pos="TO">to</wf>
<punc>$</punc>
<wf cmd="tag" pos="CD">1000</wf>
<punc>,</punc>
<wf cmd="tag" pos="JJ">depending_on</wf>
<wf cmd="tag" pos="NN">size</wf>
<punc>.</punc>
</s>
</p>
<p pnum="16">
<s snum="44">
<wf cmd="tag" pos="NNP">Great</wf>
<wf cmd="tag" pos="NN">thought</wf>
<wf cmd="done" pos="VBZ" ot="notag">has</wf>
<wf cmd="done" pos="VBN" ot="notag">been</wf>
<wf cmd="done" pos="VB" lemma="give" wnsn="10" lexsn="2:31:02::">given</wf>
<wf cmd="ignore" pos="TO">to</wf>
<wf cmd="done" pos="VB" lemma="make" wnsn="2" lexsn="2:30:00::">making</wf>
<wf cmd="tag" pos="NN">life</wf>
<wf cmd="tag" pos="JJR">easier</wf>
<wf cmd="ignore" pos="IN">for</wf>
<wf cmd="ignore" pos="DT">the</wf>
<wf cmd="tag" pos="JJ">growing</wf>
<wf cmd="tag" pos="NN">boating</wf>
<wf cmd="tag" pos="NN">population</wf>
<wf cmd="ignore" pos="IN">of</wf>
<wf cmd="ignore" pos="DT">the</wf>
<wf cmd="tag" pos="NN">country</wf>
<punc>;</punc>
<wf cmd="ignore" pos="CC">and</wf>
<wf cmd="ignore" pos="TO">to</wf>
<wf cmd="done" pos="VB" lemma="make" wnsn="2" lexsn="2:30:00::">making</wf>
<wf cmd="ignore" pos="DT">the</wf>
<wf cmd="tag" pos="NN">owning</wf>
<wf cmd="ignore" pos="IN">of</wf>
<wf cmd="ignore" pos="DT">a</wf>
<wf cmd="tag" pos="NN">boat</wf>
<wf cmd="tag" pos="JJR">simpler</wf>
<punc>.</punc>
</s>
<s snum="45">
<wf cmd="ignore" pos="EX">There</wf>
<wf cmd="done" pos="VB" lemma="be" wnsn="4" lexsn="2:42:00::">was</wf>
<wf cmd="ignore" pos="DT">a</wf>
<wf cmd="tag" pos="NN">time</wf>
<wf cmd="ignore" pos="WRB">when</wf>
<punc>,</punc>
<wf cmd="ignore" pos="IN">if</wf>
<wf cmd="ignore" pos="DT">a</wf>
<wf cmd="tag" pos="NN">man</wf>
<wf cmd="done" pos="VB" lemma="want" wnsn="1" lexsn="2:37:00::">wanted</wf>
<wf cmd="done" pos="VB" ot="notag">to</wf>
<wf cmd="done" pos="VB" lemma="purchase" wnsn="1" lexsn="2:40:00::">purchase</wf>
<wf cmd="ignore" pos="DT">a</wf>
<wf cmd="tag" pos="NN">boat</wf>
<punc>,</punc>
<wf cmd="ignore" pos="PRP">it</wf>
<wf cmd="done" pos="VB" lemma="be" wnsn="1" lexsn="2:42:03::">was</wf>
<wf cmd="tag" pos="JJ">necessary</wf>
<wf cmd="ignore" pos="IN">for</wf>
<wf cmd="ignore" pos="PRP">him</wf>
<wf cmd="ignore" pos="TO">to</wf>
<wf cmd="done" pos="VB" lemma="be" wnsn="1" lexsn="2:42:03::">be</wf>
<wf cmd="tag" pos="JJ">able</wf>
<wf cmd="done" pos="VB" ot="notag">to</wf>
<wf cmd="done" pos="VB" lemma="produce" wnsn="4" lexsn="2:39:01::">produce</wf>
<wf cmd="ignore" pos="DT">a</wf>
<wf cmd="tag" pos="JJ">sizeable</wf>
<wf cmd="tag" pos="NN">amount</wf>
<wf cmd="ignore" pos="IN">of</wf>
<wf cmd="tag" pos="NN">cash</wf>
<wf cmd="ignore" pos="IN">before</wf>
<wf cmd="ignore" pos="PRP">he</wf>
<wf cmd="ignore" pos="MD">could</wf>
<wf cmd="done" pos="VB" lemma="touch" wnsn="1" lexsn="2:35:00::">touch</wf>
<wf cmd="ignore" pos="DT">the</wf>
<wf cmd="tag" pos="NN">tiller</wf>
<wf cmd="ignore" pos="CC">or</wf>
<wf cmd="tag" pos="NN">wheel</wf>
<punc>.</punc>
</s>
<s snum="46">
<wf cmd="done" pos="VBG" ot="notag">Having</wf>
<wf cmd="ignore" pos="DT">a</wf>
<wf cmd="tag" pos="NN">boat</wf>
<wf cmd="done" pos="VB" lemma="finance" wnsn="1" lexsn="2:40:00::">financed</wf>
<wf cmd="ignore" pos="IN">through</wf>
<wf cmd="ignore" pos="DT">a</wf>
<wf cmd="tag" pos="JJ">local</wf>
<wf cmd="tag" pos="NN">bank</wf>
<wf cmd="done" pos="VBZ" ot="notag">is</wf>
<wf cmd="done" pos="VB" lemma="do" wnsn="2" lexsn="2:36:01::">done</wf>
<wf cmd="tag" pos="JJ">much</wf>
<wf cmd="ignore" pos="DT">the</wf>
<wf cmd="tag" pos="JJ">same</wf>
<wf cmd="tag" pos="NN">way</wf>
<wf cmd="ignore" pos="IN">as</wf>
<wf cmd="ignore" pos="DT">an</wf>
<wf cmd="tag" pos="NN">automobile</wf>
<wf cmd="tag" pos="NN">loan</wf>
<wf cmd="done" pos="VBZ" ot="notag">is</wf>
<wf cmd="done" pos="VB" lemma="extend" wnsn="4" lexsn="2:40:05::">extended</wf>
<punc>.</punc>
</s>
<s snum="47">
<wf cmd="tag" pos="NN">Marine</wf>
<wf cmd="tag" pos="NNS">dealers</wf>
<wf cmd="ignore" pos="CC">and</wf>
<wf cmd="tag" pos="RB">even</wf>
<wf cmd="ignore" pos="DT">some</wf>
<wf cmd="tag" pos="NNS">manufacturers</wf>
<wf cmd="ignore" pos="WP">who</wf>
<wf cmd="done" pos="VB" lemma="sell" wnsn="1" lexsn="2:40:00::">sell</wf>
<wf cmd="tag" pos="JJ">direct</wf>
<wf cmd="ignore" pos="IN">in</wf>
<wf cmd="tag" pos="JJ">non-dealer</wf>
<wf cmd="tag" pos="NNS">areas</wf>
<wf cmd="done" pos="VB" lemma="cooperate" wnsn="1" lexsn="2:41:00::">cooperate</wf>
<wf cmd="ignore" pos="IN">in</wf>
<wf cmd="done" pos="VB" lemma="enable" wnsn="1" lexsn="2:30:00::">enabling</wf>
<wf cmd="ignore" pos="PRP">you</wf>
<wf cmd="ignore" pos="TO">to</wf>
<wf cmd="done" pos="VB" lemma="launch" wnsn="3" lexsn="2:35:02::">launch</wf>
<wf cmd="tag" pos="RB">now</wf>
<wf cmd="ignore" pos="CC">and</wf>
<wf cmd="done" pos="VB" lemma="pay" wnsn="1" lexsn="2:40:00::">pay</wf>
<wf cmd="tag" pos="RB">later</wf>
<punc>.</punc>
</s>
</p>
<p pnum="17">
<s snum="48">
<wf cmd="tag" pos="NNS">Terms</wf>
<wf cmd="done" pos="VB" lemma="range" wnsn="1" lexsn="2:42:01::">range</wf>
<wf cmd="ignore" pos="IN">from</wf>
<wf cmd="tag" pos="CD">one</wf>
<wf cmd="ignore" pos="TO">to</wf>
<wf cmd="tag" pos="CD">five</wf>
<wf cmd="tag" pos="NNS">years</wf>
<wf cmd="ignore" pos="CC">and</wf>
<wf cmd="ignore" pos="DT">the</wf>
<wf cmd="tag" pos="NN">interest_rates</wf>
<wf cmd="ignore" pos="CC">and</wf>
<wf cmd="tag" pos="NN">down_payments</wf>
<wf cmd="done" pos="VB" lemma="run" wnsn="8" lexsn="2:42:07::">run</wf>
<wf cmd="ignore" pos="IN">about</wf>
<wf cmd="ignore" pos="DT">the</wf>
<wf cmd="tag" pos="JJ">same</wf>
<wf cmd="ignore" pos="IN">as</wf>
<wf cmd="ignore" pos="IN">for</wf>
<wf cmd="tag" pos="NNS">automobiles</wf>
<punc>.</punc>
</s>
<s snum="49">
<wf cmd="tag" pos="RB">Of_course</wf>
<punc>,</punc>
<wf cmd="tag" pos="JJ">individual</wf>
<wf cmd="tag" pos="NN">financing</wf>
<wf cmd="tag" pos="NNS">arrangements</wf>
<wf cmd="done" rdf="depend_on" pos="VB" lemma="depend_on" wnsn="1" lexsn="2:42:00::">depend</wf>
<wf cmd="ignore" pos="DT">a</wf>
<wf cmd="tag" pos="NN">good_deal</wf>
<wf cmd="ignore" pos="IN">on</wf>
<wf cmd="ignore" pos="DT">the</wf>
<wf cmd="tag" pos="NN">purchaser</wf>
<wf cmd="ignore" pos="POS">'s</wf>
<wf cmd="done" pos="VB" lemma="earn" wnsn="2" lexsn="2:40:03::">earning</wf>
<wf cmd="tag" pos="NN">power</wf>
<punc>,</punc>
<wf cmd="tag" pos="NN">credit</wf>
<wf cmd="tag" pos="NN">rating</wf>
<wf cmd="ignore" pos="CC">and</wf>
<wf cmd="tag" pos="JJ">local</wf>
<wf cmd="tag" pos="NN">bank</wf>
<wf cmd="tag" pos="NN">policy</wf>
<punc>.</punc>
</s>
</p>
<p pnum="18">
<s snum="50">
<wf cmd="tag" pos="NN">Outboard_motors</wf>
<punc>,</punc>
<wf cmd="tag" pos="NN">insurance</wf>
<punc>,</punc>
<wf cmd="ignore" pos="CC">and</wf>
<wf cmd="tag" pos="NN">boat</wf>
<wf cmd="tag" pos="NNS">repairs</wf>
<wf cmd="ignore" pos="MD">may</wf>
<wf cmd="tag" pos="RB">also</wf>
<wf cmd="done" pos="VB" ot="notag">be</wf>
<wf cmd="done" pos="VB" lemma="finance" wnsn="1" lexsn="2:40:00::">financed</wf>
<wf cmd="ignore" pos="IN">in</wf>
<wf cmd="ignore" pos="DT">the</wf>
<wf cmd="tag" pos="JJ">same</wf>
<wf cmd="tag" pos="NN">way</wf>
<wf cmd="ignore" pos="IN">as</wf>
<wf cmd="tag" pos="NNS">boats</wf>
<punc>.</punc>
</s>
<s snum="51">
<wf cmd="tag" pos="NNS">Terms</wf>
<wf cmd="ignore" pos="CC">and</wf>
<wf cmd="tag" pos="NNS">rates</wf>
<wf cmd="ignore" pos="IN">of</wf>
<wf cmd="tag" pos="NN">interest</wf>
<wf cmd="ignore" pos="IN">for</wf>
<wf cmd="tag" pos="NNS">motors</wf>
<wf cmd="tag" pos="RB">generally</wf>
<wf cmd="done" pos="VB" lemma="follow" wnsn="7" lexsn="2:30:00::">follow</wf>
<wf cmd="ignore" pos="DT">those</wf>
<wf cmd="ignore" pos="IN">for</wf>
<wf cmd="tag" pos="NN">home_appliances</wf>
<punc>.</punc>
</s>
</p>
<p pnum="19">
<s snum="52">
<wf cmd="ignore" pos="WRB">When</wf>
<wf cmd="ignore" pos="DT">the</wf>
<wf cmd="tag" pos="NN">automobile</wf>
<wf cmd="done" pos="VB" lemma="be" wnsn="3" lexsn="2:42:05::">was</wf>
<wf cmd="ignore" pos="IN">in</wf>
<wf cmd="ignore" pos="PRP$">its</wf>
<wf cmd="tag" pos="JJ">embryonic</wf>
<wf cmd="tag" pos="NN">stage</wf>
<punc>,</punc>
<wf cmd="tag" pos="JJ">such</wf>
<wf cmd="tag" pos="NNS">roads</wf>
<wf cmd="ignore" pos="IN">as</wf>
<wf cmd="done" pos="VB" lemma="exist" wnsn="1" lexsn="2:42:00::">existed</wf>
<wf cmd="done" pos="VB" lemma="be" wnsn="1" lexsn="2:42:03::">were</wf>
<wf cmd="tag" pos="RB">pretty_much</wf>
<wf cmd="tag" pos="JJ">open</wf>
<wf cmd="tag" pos="NNS">roads</wf>
<wf cmd="ignore" pos="IN">with</wf>
<wf cmd="ignore" pos="DT">the</wf>
<wf cmd="tag" pos="JJ">tacit</wf>
<wf cmd="tag" pos="NN">understanding</wf>
<wf cmd="ignore" pos="IN">that</wf>
<wf cmd="tag" pos="NNS">horses</wf>
<wf cmd="ignore" pos="MD">should</wf>
<wf cmd="tag" pos="RB">not</wf>
<wf cmd="done" pos="VB" ot="notag">be</wf>
<wf cmd="tag" pos="RB">unduly</wf>
<wf cmd="done" pos="VB" lemma="terrify" wnsn="1" lexsn="2:37:00::">terrified</wf>
<wf cmd="done" pos="VB" lemma="be" wnsn="1" lexsn="2:42:03::">being</wf>
<wf cmd="tag" pos="RB">about</wf>
<wf cmd="ignore" pos="DT">the</wf>
<wf cmd="tag" pos="JJ">only</wf>
<wf cmd="tag" pos="NN">rule</wf>
<wf cmd="done" pos="VB" lemma="govern" wnsn="2" lexsn="2:41:01::">governing</wf>
<wf cmd="ignore" pos="WRB">where</wf>
<punc>,</punc>
<wf cmd="ignore" pos="WRB">when</wf>
<wf cmd="tag" pos="RB">and_how</wf>
<wf cmd="tag" pos="RB">fast</wf>
<wf cmd="ignore" pos="DT">a</wf>
<wf cmd="tag" pos="NN">car</wf>
<wf cmd="ignore" pos="MD">could</wf>
<wf cmd="done" pos="VB" lemma="go" wnsn="1" lexsn="2:38:00::">go</wf>
<punc>.</punc>
</s>
<s snum="53">
<wf cmd="ignore" pos="WRB">When</wf>
<wf cmd="tag" pos="NN">air_travel</wf>
<wf cmd="done" pos="VB" lemma="be" wnsn="3" lexsn="2:42:05::">was</wf>
<wf cmd="ignore" pos="IN">in</wf>
<wf cmd="ignore" pos="PRP$">its</wf>
<wf cmd="tag" pos="NN">infancy</wf>
<punc>,</punc>
<wf cmd="ignore" pos="DT">the</wf>
<wf cmd="tag" pos="NN">sky</wf>
<wf cmd="done" pos="VBD" ot="notag">was</wf>
<wf cmd="done" pos="VB" lemma="consider" wnsn="1" lexsn="2:31:00::">considered</wf>
<wf cmd="tag" pos="JJ">big</wf>
<wf cmd="tag" pos="RB">enough</wf>
<wf cmd="ignore" pos="CC">and</wf>
<wf cmd="tag" pos="JJ">high</wf>
<wf cmd="tag" pos="RB">enough</wf>
<wf cmd="ignore" pos="IN">for</wf>
<wf cmd="ignore" pos="DT">all</wf>
<punc>.</punc>
</s>
<s snum="54">
<wf cmd="tag" pos="NN">Man</wf>
<wf cmd="done" pos="VB" lemma="have" wnsn="1" lexsn="2:40:00::">had</wf>
<wf cmd="tag" pos="RB">enough</wf>
<wf cmd="ignore" pos="TO">to</wf>
<wf cmd="done" pos="VB" lemma="worry" wnsn="2" lexsn="2:37:12::">worry</wf>
<wf cmd="done" pos="VB" ot="notag">about</wf>
<wf cmd="done" pos="VB" lemma="manage" wnsn="1" lexsn="2:41:09::">managing</wf>
<wf cmd="ignore" pos="TO">to</wf>
<wf cmd="done" pos="VB" lemma="get" wnsn="5" lexsn="2:38:00::">get</wf>
<wf cmd="tag" pos="JJ">up</wf>
<wf cmd="ignore" pos="EX">there</wf>
<wf cmd="ignore" pos="CC">and</wf>
<wf cmd="done" pos="VB" lemma="stay" wnsn="1" lexsn="2:30:00::">stay</wf>
<wf cmd="ignore" pos="IN">without</wf>
<wf cmd="done" pos="VBG" lemma="be" wnsn="1" lexsn="2:42:03::">being</wf>
<wf cmd="tag" pos="JJ">burdened</wf>
<wf cmd="ignore" pos="IN">with</wf>
<wf cmd="tag" pos="NNS">rules</wf>
<wf cmd="tag" pos="RB">once</wf>
<wf cmd="tag" pos="RB">aloft</wf>
<punc>.</punc>
</s>
<s snum="55">
<wf cmd="ignore" pos="PRP">It</wf>
<wf cmd="done" pos="VB" lemma="be" wnsn="1" lexsn="2:42:03::">was</wf>
<wf cmd="tag" pos="JJ">much</wf>
<wf cmd="ignore" pos="DT">the</wf>
<wf cmd="tag" pos="JJ">same</wf>
<wf cmd="ignore" pos="IN">with</wf>
<wf cmd="tag" pos="NN">pleasure</wf>
<wf cmd="tag" pos="NN">boating</wf>
<wf cmd="tag" pos="RB">at_first</wf>
<punc>.</punc>
</s>
<s snum="56">
<wf cmd="done" pos="VB" lemma="come" wnsn="1" lexsn="2:38:00::">Come</wf>
<wf cmd="tag" pos="CD">one</wf>
<punc>,</punc>
<wf cmd="done" pos="VB" lemma="come" wnsn="1" lexsn="2:38:00::">come</wf>
<wf cmd="ignore" pos="DT">all</wf>
<punc>,</punc>
<wf cmd="ignore" pos="DT">the</wf>
<wf cmd="tag" pos="NN">water</wf>
<wf cmd="ignore" pos="POS">'s</wf>
<wf cmd="tag" pos="JJ">fine</wf>
<punc>!</punc>
</s>
</p>
<p pnum="20">
<s snum="57">
<wf cmd="ignore" pos="IN">As</wf>
<wf cmd="ignore" pos="DT">the</wf>
<wf cmd="tag" pos="JJ">ungoverned</wf>
<wf cmd="tag" pos="NNS">days</wf>
<wf cmd="ignore" pos="IN">of</wf>
<wf cmd="ignore" pos="DT">the</wf>
<wf cmd="tag" pos="NN">automobile</wf>
<wf cmd="ignore" pos="CC">and</wf>
<wf cmd="ignore" pos="DT">the</wf>
<wf cmd="tag" pos="NN">airplane</wf>
<wf cmd="done" pos="VB" lemma="be" wnsn="1" lexsn="2:42:03::">are</wf>
<wf cmd="tag" pos="RB">long_since</wf>
<wf cmd="done" pos="VB" lemma="relegate" wnsn="2" lexsn="2:41:00::">relegated</wf>
<wf cmd="ignore" pos="TO">to</wf>
<wf cmd="ignore" pos="DT">the</wf>
<wf cmd="tag" pos="JJ">past</wf>
<punc>,</punc>
<wf cmd="tag" pos="RB">so</wf>
<wf cmd="done" pos="VB" lemma="be" wnsn="1" lexsn="2:42:03::">is</wf>
<wf cmd="ignore" pos="DT">the</wf>
<wf cmd="tag" pos="JJ">carefree</wf>
<wf cmd="tag" pos="NN">attitude</wf>
<wf cmd="ignore" pos="IN">toward</wf>
<wf cmd="ignore" pos="WP">what</wf>
<wf cmd="ignore" pos="DT">a</wf>
<wf cmd="tag" pos="NN">boatman</wf>
<wf cmd="ignore" pos="MD">may</wf>
<wf cmd="ignore" pos="CC">and</wf>
<wf cmd="done" pos="VB" lemma="may_not" wnsn="0" lexsn="2:42:00::">may_not</wf>
<wf cmd="done" pos="VB" lemma="do" wnsn="2" lexsn="2:36:01::">do</wf>
<punc>;</punc>
<wf cmd="ignore" pos="MD">must</wf>
<wf cmd="ignore" pos="CC">and</wf>
<wf cmd="ignore" pos="MD">should</wf>
<wf cmd="done" pos="VB" lemma="do" wnsn="1" lexsn="2:41:01::">do</wf>
<punc>.</punc>
</s>
<s snum="58">
<wf cmd="tag" pos="RB">However</wf>
<punc>,</punc>
<wf cmd="ignore" pos="EX">there</wf>
<wf cmd="done" pos="VB" lemma="be" wnsn="4" lexsn="2:42:00::">is</wf>
<wf cmd="ignore" pos="DT">a</wf>
<wf cmd="tag" pos="NN">minimum</wf>
<wf cmd="ignore" pos="IN">of</wf>
<wf cmd="tag" pos="JJ">legislative</wf>
<wf cmd="tag" pos="NN">restriction</wf>
<wf cmd="ignore" pos="IN">on</wf>
<wf cmd="tag" pos="NN">boating</wf>
<punc>.</punc>
</s>
</p>
<p pnum="21">
<s snum="59">
<wf cmd="tag" pos="NNS">Laws</wf>
<wf cmd="ignore" pos="IN">on</wf>
<wf cmd="tag" pos="NN">boating</wf>
<wf cmd="done" pos="VB" lemma="vary" wnsn="2" lexsn="2:42:00::">vary</wf>
<wf cmd="done" pos="VB" lemma="accord" wnsn="1" lexsn="2:42:00::">according</wf>
<wf cmd="done" pos="VB" ot="notag">to</wf>
<wf cmd="ignore" pos="DT">the</wf>
<wf cmd="tag" pos="NN">state</wf>
<wf cmd="tag" pos="RB">in_which</wf>
<wf cmd="ignore" pos="DT">the</wf>
<wf cmd="tag" pos="NN">craft</wf>
<wf cmd="done" pos="VBZ" ot="notag">is</wf>
<wf cmd="ignore" pos="TO">to</wf>
<wf cmd="done" pos="VB" ot="notag">be</wf>
<wf cmd="done" pos="VB" lemma="use" wnsn="2" lexsn="2:34:02::">used</wf>
<wf cmd="ignore" pos="CC">and</wf>
<wf cmd="done" pos="VB" lemma="accord" wnsn="1" lexsn="2:42:00::">according</wf>
<wf cmd="done" pos="VB" ot="notag">to</wf>
<wf cmd="ignore" pos="PRP$">its</wf>
<wf cmd="tag" pos="NN">horsepower</wf>
<punc>.</punc>
</s>
<s snum="60">
<wf cmd="ignore" pos="WP">What</wf>
<wf cmd="ignore" pos="MD">may</wf>
<wf cmd="done" pos="VB" lemma="be" wnsn="1" lexsn="2:42:03::">be</wf>
<wf cmd="tag" pos="JJ">acceptable</wf>
<wf cmd="ignore" pos="IN">in</wf>
<wf cmd="tag" pos="CD">one</wf>
<wf cmd="tag" pos="NN">state</wf>
<wf cmd="ignore" pos="MD">may</wf>
<wf cmd="done" pos="VB" lemma="be" wnsn="1" lexsn="2:42:03::">be</wf>
<wf cmd="tag" pos="RB">strictly</wf>
<wf cmd="tag" pos="JJ">prohibited</wf>
<wf cmd="ignore" pos="IN">across</wf>
<wf cmd="ignore" pos="DT">the</wf>
<wf cmd="tag" pos="NN">boundary_line</wf>
<punc>.</punc>
</s>
<s snum="61">
<wf cmd="ignore" pos="DT">The</wf>
<wf cmd="tag" pos="JJ">main</wf>
<wf cmd="tag" pos="NN">requirement</wf>
<wf cmd="done" pos="VB" lemma="be" wnsn="2" lexsn="2:42:06::">is</wf>
<wf cmd="ignore" pos="TO">to</wf>
<wf cmd="done" pos="VB" lemma="be" wnsn="1" lexsn="2:42:03::">be</wf>
<wf cmd="tag" pos="JJ">sure</wf>
<wf cmd="ignore" pos="DT">the</wf>
<wf cmd="tag" pos="NN">boat</wf>
<wf cmd="done" pos="VB" lemma="be" wnsn="1" lexsn="2:42:03::">is</wf>
<wf cmd="done" pos="VB" lemma="number" wnsn="2" lexsn="2:32:03::">numbered</wf>
<wf cmd="done" pos="VB" lemma="accord" wnsn="1" lexsn="2:42:00::">according</wf>
<wf cmd="done" pos="VB" ot="notag">to</wf>
<wf cmd="ignore" pos="DT">the</wf>
<wf cmd="tag" pos="NNS">regulations</wf>
<wf cmd="ignore" pos="IN">of</wf>
<wf cmd="ignore" pos="DT">the</wf>
<wf cmd="tag" pos="NN">state</wf>
<wf cmd="tag" pos="RB">in_which</wf>
<wf cmd="ignore" pos="DT">the</wf>
<wf cmd="tag" pos="NN">boat</wf>
<wf cmd="ignore" pos="MD">will</wf>
<wf cmd="done" pos="VB" ot="notag">be</wf>
<wf cmd="tag" pos="RB">principally</wf>
<wf cmd="done" pos="VB" lemma="use" wnsn="2" lexsn="2:34:02::">used</wf>
<punc>.</punc>
</s>
<s snum="62">
<wf cmd="ignore" pos="IN">If</wf>
<wf cmd="ignore" pos="PRP$">your</wf>
<wf cmd="tag" pos="NN">state</wf>
<wf cmd="done" pos="VB" lemma="have" wnsn="1" lexsn="2:40:00::">has</wf>
<wf cmd="ignore" pos="DT">no</wf>
<wf cmd="tag" pos="NNS">provisions</wf>
<wf cmd="ignore" pos="IN">for</wf>
<wf cmd="ignore" pos="DT">the</wf>
<wf cmd="tag" pos="NN">numbering</wf>
<wf cmd="ignore" pos="IN">of</wf>
<wf cmd="tag" pos="NN">pleasure_boats</wf>
<punc>,</punc>
<wf cmd="ignore" pos="PRP">you</wf>
<wf cmd="ignore" pos="MD">must</wf>
<wf cmd="done" pos="VB" lemma="apply" wnsn="3" lexsn="2:32:00::">apply</wf>
<wf cmd="ignore" pos="IN">for</wf>
<wf cmd="ignore" pos="DT">a</wf>
<wf cmd="tag" pos="NN">number</wf>
<wf cmd="ignore" pos="IN">from</wf>
<wf cmd="ignore" pos="DT">the</wf>
<wf cmd="tag" pos="NNP">U._S._Coast_Guard</wf>
<wf cmd="ignore" pos="IN">for</wf>
<wf cmd="ignore" pos="DT">any</wf>
<wf cmd="tag" pos="RB">kind_of</wf>
<wf cmd="tag" pos="NN">boat</wf>
<wf cmd="ignore" pos="IN">with</wf>
<wf cmd="tag" pos="JJ">mechanical</wf>
<wf cmd="tag" pos="NN">propulsion</wf>
<wf cmd="done" pos="VB" lemma="rate" wnsn="1" lexsn="2:31:00::">rated</wf>
<wf cmd="ignore" pos="IN">at</wf>
<wf cmd="tag" pos="RB">more_than</wf>
<wf cmd="tag" pos="CD">10</wf>
<wf cmd="tag" pos="NN">horsepower</wf>
<wf cmd="ignore" pos="IN">before</wf>
<wf cmd="ignore" pos="PRP">it</wf>
<wf cmd="ignore" pos="MD">can</wf>
<wf cmd="done" pos="VB" ot="notag">be</wf>
<wf cmd="done" pos="VB" lemma="use" wnsn="1" lexsn="2:34:01::">used</wf>
<wf cmd="ignore" pos="IN">on</wf>
<wf cmd="tag" pos="NNP">Federal</wf>
<wf cmd="tag" pos="NNS">waterways</wf>
<punc>.</punc>
</s>
</p>
<p pnum="22">
<s snum="63">
<wf cmd="tag" pos="NNP">State</wf>
<wf cmd="tag" pos="NN">numbering</wf>
<wf cmd="tag" pos="NNS">laws</wf>
<wf cmd="done" pos="VB" lemma="differ" wnsn="1" lexsn="2:42:00::">differ</wf>
<wf cmd="ignore" pos="IN">from</wf>
<wf cmd="ignore" pos="DT">each</wf>
<wf cmd="tag" pos="NN">other</wf>
<wf cmd="ignore" pos="IN">in</wf>
<wf cmd="tag" pos="JJ">many</wf>
<wf cmd="tag" pos="NNS">ways</wf>
<punc>.</punc>
</s>
<s snum="64">
<wf cmd="tag" pos="NNS">Fees</wf>
<wf cmd="done" pos="VB" lemma="be" wnsn="1" lexsn="2:42:03::">are</wf>
<wf cmd="tag" pos="RB">not</wf>
<wf cmd="ignore" pos="DT">the</wf>
<wf cmd="tag" pos="JJ">same</wf>
<wf cmd="ignore" pos="CC">and</wf>
<wf cmd="ignore" pos="DT">some</wf>
<wf cmd="tag" pos="NNS">states</wf>
<wf cmd="done" pos="VBP" ot="notag">do</wf>
<wf cmd="tag" pos="RB">not</wf>
<wf cmd="done" pos="VB" lemma="require" wnsn="2" lexsn="2:32:01::">require</wf>
<wf cmd="tag" pos="JJ">certain</wf>
<wf cmd="tag" pos="NN">craft</wf>
<punc>,</punc>
<wf cmd="tag" pos="JJ">such_as</wf>
<wf cmd="tag" pos="NNS">sailboats</wf>
<wf cmd="ignore" pos="IN">with</wf>
<wf cmd="ignore" pos="DT">no</wf>
<wf cmd="tag" pos="NN">power</wf>
<punc>,</punc>
<wf cmd="ignore" pos="TO">to</wf>
<wf cmd="done" pos="VB" lemma="be" wnsn="1" lexsn="2:42:03::">be</wf>
<wf cmd="done" pos="VB" lemma="register" wnsn="1" lexsn="2:41:00::">registered</wf>
<wf cmd="tag" pos="RB">at_all</wf>
<punc>.</punc>
</s>
<s snum="65">
<wf cmd="tag" pos="JJ">Many</wf>
<wf cmd="tag" pos="NNS">states</wf>
<wf cmd="done" pos="VB" lemma="have" wnsn="1" lexsn="2:40:00::">have</wf>
<wf cmd="tag" pos="NNS">laws</wf>
<wf cmd="done" pos="VB" lemma="regulate" wnsn="2" lexsn="2:41:01::">regulating</wf>
<wf cmd="ignore" pos="DT">the</wf>
<wf cmd="tag" pos="NN">use</wf>
<wf cmd="ignore" pos="IN">of</wf>
<wf cmd="tag" pos="NN">boat</wf>
<wf cmd="tag" pos="NNS">trailers</wf>
<wf cmd="ignore" pos="CC">and</wf>
<wf cmd="ignore" pos="DT">some</wf>
<wf cmd="done" pos="VB" lemma="have" wnsn="1" lexsn="2:40:00::">have</wf>
<wf cmd="tag" pos="NNS">restrictions</wf>
<wf cmd="tag" pos="JJ">regarding</wf>
<wf cmd="ignore" pos="DT">the</wf>
<wf cmd="tag" pos="NN">age</wf>
<wf cmd="ignore" pos="IN">of</wf>
<wf cmd="tag" pos="NN">motor</wf>
<wf cmd="tag" pos="NN">boat</wf>
<wf cmd="tag" pos="NNS">operators</wf>
<punc>.</punc>
</s>
</p>
<p pnum="23">
<s snum="66">
<wf cmd="tag" pos="RB">Generally</wf>
<punc>,</punc>
<wf cmd="tag" pos="NNS">states</wf>
<wf cmd="done" pos="VB" lemma="reserve" wnsn="0" lexsn="2:40:00::">reserve</wf>
<wf cmd="ignore" pos="IN">for</wf>
<wf cmd="tag" pos="NNS">communities</wf>
<wf cmd="ignore" pos="DT">the</wf>
<wf cmd="tag" pos="NN">right</wf>
<wf cmd="ignore" pos="TO">to</wf>
<wf cmd="done" pos="VB" lemma="have" wnsn="1" lexsn="2:40:00::">have</wf>
<wf cmd="tag" pos="JJ">local</wf>
<wf cmd="tag" pos="NNS">ordinances</wf>
<wf cmd="done" pos="VB" lemma="regulate" wnsn="2" lexsn="2:41:01::">regulating</wf>
<wf cmd="tag" pos="NN">speed</wf>
<wf cmd="ignore" pos="CC">and</wf>
<wf cmd="tag" pos="JJ">other</wf>
<wf cmd="tag" pos="NNS">activities</wf>
<punc>.</punc>
</s>
<s snum="67">
<wf cmd="ignore" pos="PRP">It</wf>
<wf cmd="done" pos="VB" lemma="be" wnsn="1" lexsn="2:42:03::">is</wf>
<wf cmd="tag" pos="RB">always</wf>
<wf cmd="tag" pos="JJ">wise_to</wf>
<wf cmd="done" pos="VB" lemma="consult" wnsn="1" lexsn="2:32:02::">consult</wf>
<wf cmd="ignore" pos="PRP$">your</wf>
<wf cmd="tag" pos="NN">marine</wf>
<wf cmd="tag" pos="NN">dealer</wf>
<punc>,</punc>
<wf cmd="tag" pos="JJ">local</wf>
<wf cmd="tag" pos="NN">yacht</wf>
<wf cmd="ignore" pos="CC">or</wf>
<wf cmd="tag" pos="NN">boat</wf>
<wf cmd="tag" pos="NN">club</wf>
<wf cmd="tag" pos="NN">secretary</wf>
<punc>,</punc>
<wf cmd="ignore" pos="CC">or</wf>
<wf cmd="tag" pos="JJ">local</wf>
<wf cmd="tag" pos="NN">law_enforcement</wf>
<wf cmd="tag" pos="NNS">officers</wf>
<wf cmd="ignore" pos="IN">if</wf>
<wf cmd="ignore" pos="PRP">you</wf>
<wf cmd="done" pos="VB" lemma="be" wnsn="1" lexsn="2:42:03::">are</wf>
<wf cmd="tag" pos="RB">not</wf>
<wf cmd="tag" pos="JJ">positive</wf>
<wf cmd="ignore" pos="WP">what</wf>
<wf cmd="ignore" pos="DT">the</wf>
<wf cmd="tag" pos="NNS">regulations</wf>
<wf cmd="done" pos="VB" lemma="be" wnsn="2" lexsn="2:42:06::">are</wf>
<punc>.</punc>
</s>
<s snum="68">
<wf cmd="tag" pos="NN">Ignorance</wf>
<wf cmd="ignore" pos="IN">of</wf>
<wf cmd="ignore" pos="DT">the</wf>
<wf cmd="tag" pos="NN">law</wf>
<wf cmd="done" pos="VB" lemma="be" wnsn="1" lexsn="2:42:03::">is</wf>
<wf cmd="ignore" pos="DT">no</wf>
<wf cmd="tag" pos="JJR">better</wf>
<wf cmd="tag" pos="NN">excuse</wf>
<wf cmd="ignore" pos="IN">on</wf>
<wf cmd="ignore" pos="DT">the</wf>
<wf cmd="tag" pos="NN">water</wf>
<wf cmd="ignore" pos="IN">than</wf>
<wf cmd="ignore" pos="PRP">it</wf>
<wf cmd="done" pos="VB" lemma="be" wnsn="1" lexsn="2:42:03::">is</wf>
<wf cmd="ignore" pos="IN">on</wf>
<wf cmd="tag" pos="NN">land</wf>
<punc>;</punc>
<wf cmd="tag" pos="NN">lack</wf>
<wf cmd="ignore" pos="IN">of</wf>
<wf cmd="tag" pos="NN">ability</wf>
<wf cmd="ignore" pos="CC">and</wf>
<wf cmd="tag" pos="NN">common_sense</wf>
<wf cmd="ignore" pos="MD">can</wf>
<wf cmd="done" pos="VB" lemma="lead" wnsn="3" lexsn="2:42:12::">lead</wf>
<wf cmd="done" pos="VB" ot="notag">to</wf>
<wf cmd="tag" pos="RB">just_as</wf>
<wf cmd="tag" pos="JJ">much</wf>
<wf cmd="tag" pos="NN">tragedy</wf>
<punc>.</punc>
</s>
</p>
<p pnum="24">
<s snum="69">
<wf cmd="tag" pos="RB">Hand_in_hand</wf>
<wf cmd="ignore" pos="IN">with</wf>
<wf cmd="ignore" pos="DT">the</wf>
<wf cmd="tag" pos="JJ">legislative</wf>
<wf cmd="tag" pos="NN">program</wf>
<wf cmd="done" pos="VB" lemma="be" wnsn="1" lexsn="2:42:03::">is</wf>
<wf cmd="ignore" pos="DT">the</wf>
<wf cmd="tag" pos="NN">industry</wf>
<wf cmd="ignore" pos="POS">'s</wf>
<wf cmd="tag" pos="NN">self</wf>
<wf cmd="done" pos="VB" lemma="originate" wnsn="2" lexsn="2:36:00::">originated</wf>
<wf cmd="ignore" pos="CC">and</wf>
<wf cmd="tag" pos="JJ">directed</wf>
<wf cmd="tag" pos="NN">safety</wf>
<wf cmd="tag" pos="NN">program</wf>
<punc>.</punc>
</s>
<s snum="70">
<wf cmd="done" pos="VB" lemma="foresee" wnsn="3" lexsn="2:41:00::">Foreseeing</wf>
<wf cmd="ignore" pos="DT">the</wf>
<wf cmd="tag" pos="JJ">possible</wf>
<wf cmd="tag" pos="NNS">threats</wf>
<wf cmd="ignore" pos="TO">to</wf>
<wf cmd="tag" pos="NN">safety</wf>
<wf cmd="ignore" pos="IN">with</wf>
<wf cmd="ignore" pos="DT">the</wf>
<wf cmd="tag" pos="NN">rapid_growth</wf>
<wf cmd="ignore" pos="IN">of</wf>
<wf cmd="ignore" pos="DT">the</wf>
<wf cmd="tag" pos="NN">sport</wf>
<punc>,</punc>
<wf cmd="ignore" pos="DT">the</wf>
<wf cmd="tag" pos="NN">industry</wf>
<wf cmd="done" pos="VBZ" ot="notag">has</wf>
<wf cmd="done" pos="VBN" ot="notag">been</wf>
<wf cmd="done" pos="VB" lemma="support" wnsn="1" lexsn="2:41:00::">supporting</wf>
<wf cmd="ignore" pos="DT">an</wf>
<wf cmd="tag" pos="JJ">intense</wf>
<punc>,</punc>
<wf cmd="tag" pos="JJ">coordinated</wf>
<wf cmd="tag" pos="JJ">educational</wf>
<wf cmd="tag" pos="NN">program</wf>
<wf cmd="ignore" pos="IN">with</wf>
<wf cmd="tag" pos="JJ">great</wf>
<wf cmd="tag" pos="NN">success</wf>
<wf cmd="ignore" pos="IN">since</wf>
<wf cmd="tag" pos="CD">1947</wf>
<punc>.</punc>
</s>
</p>
<p pnum="25">
<s snum="71">
<wf cmd="ignore" pos="DT">A</wf>
<wf cmd="tag" pos="JJ">primary</wf>
<wf cmd="tag" pos="NN">factor</wf>
<wf cmd="done" pos="VB" ot="notag">in</wf>
<wf cmd="ignore" pos="DT">the</wf>
<wf cmd="tag" pos="NN">success</wf>
<wf cmd="ignore" pos="IN">of</wf>
<wf cmd="ignore" pos="DT">the</wf>
<wf cmd="tag" pos="NN">safety</wf>
<wf cmd="tag" pos="NN">program</wf>
<wf cmd="done" pos="VBZ" ot="notag">has</wf>
<wf cmd="done" pos="VB" lemma="be" wnsn="2" lexsn="2:42:06::">been</wf>
<wf cmd="ignore" pos="DT">the</wf>
<wf cmd="tag" pos="JJ">enthusiastic</wf>
<wf cmd="tag" pos="NN">cooperation</wf>
<wf cmd="ignore" pos="IN">of</wf>
<wf cmd="ignore" pos="DT">the</wf>
<wf cmd="tag" pos="JJ">individual</wf>
<wf cmd="tag" pos="NNS">manufacturers</wf>
<punc>.</punc>
</s>
<s snum="72">
<wf cmd="ignore" pos="DT">The</wf>
<wf cmd="tag" pos="NN">industry</wf>
<wf cmd="done" pos="VBZ" ot="notag">has</wf>
<wf cmd="done" pos="VB" lemma="be" wnsn="2" lexsn="2:42:06::">been</wf>
<wf cmd="ignore" pos="PRP$">its</wf>
<wf cmd="tag" pos="JJ">own</wf>
<wf cmd="tag" pos="NN">watch</wf>
<wf cmd="tag" pos="NN">dog</wf>
<punc>.</punc>
</s>
<s snum="73">
<wf cmd="ignore" pos="IN">With</wf>
<wf cmd="tag" pos="NNP">U._S._Coast_Guard</wf>
<wf cmd="tag" pos="NN">cooperation</wf>
<punc>,</punc>
<wf cmd="ignore" pos="DT">the</wf>
<wf cmd="tag" pos="NNP">American_Boat</wf>
<wf cmd="ignore" pos="CC">and</wf>
<wf cmd="tag" pos="NNP">Yacht_Council</wf>
<wf cmd="done" pos="VBD" ot="notag">was</wf>
<wf cmd="done" pos="VB" lemma="form" wnsn="1" lexsn="2:41:00::">formed</wf>
<wf cmd="ignore" pos="TO">to</wf>
<wf cmd="done" pos="VB" lemma="develop" wnsn="2" lexsn="2:36:00::">develop</wf>
<wf cmd="tag" pos="JJ">recommended</wf>
<wf cmd="tag" pos="NNS">practices</wf>
<wf cmd="ignore" pos="CC">and</wf>
<wf cmd="tag" pos="NNS">standards</wf>
<wf cmd="ignore" pos="IN">for</wf>
<wf cmd="tag" pos="NNS">boats</wf>
<wf cmd="ignore" pos="CC">and</wf>
<wf cmd="ignore" pos="PRP$">their</wf>
<wf cmd="tag" pos="NN">equipment</wf>
<wf cmd="tag" pos="JJ">with_reference_to</wf>
<wf cmd="tag" pos="NN">safety</wf>
<punc>.</punc>
</s>
</p>
<p pnum="26">
<s snum="74">
<wf cmd="tag" pos="NN">Industry</wf>
<wf cmd="tag" pos="NN">interest</wf>
<wf cmd="ignore" pos="IN">in</wf>
<wf cmd="tag" pos="NN">safety</wf>
<wf cmd="done" pos="VB" lemma="go" wnsn="2" lexsn="2:41:00::">goes</wf>
<wf cmd="tag" pos="RB">even</wf>
<wf cmd="tag" pos="RB">farther</wf>
<punc>.</punc>
</s>
<s snum="75">
<wf cmd="ignore" pos="IN">In</wf>
<wf cmd="tag" pos="CD">1959</wf>
<punc>,</punc>
<wf cmd="ignore" pos="DT">the</wf>
<wf cmd="tag" pos="NNP">Yacht_Safety_Bureau</wf>
<wf cmd="done" pos="VBD" ot="notag">was</wf>
<wf cmd="done" pos="VB" lemma="reorganize" wnsn="1" lexsn="2:41:00::">reorganized</wf>
<wf cmd="ignore" pos="IN">by</wf>
<wf cmd="ignore" pos="DT">the</wf>
<wf cmd="tag" pos="NNP">National_Association</wf>
<wf cmd="ignore" pos="IN">of</wf>
<wf cmd="tag" pos="NNP">Engine</wf>
<wf cmd="ignore" pos="CC">and</wf>
<wf cmd="tag" pos="NNP">Boat</wf>
<wf cmd="tag" pos="NNPS">Manufacturers</wf>
<wf cmd="ignore" pos="CC">and</wf>
<wf cmd="ignore" pos="DT">a</wf>
<wf cmd="tag" pos="NN">group</wf>
<wf cmd="ignore" pos="IN">of</wf>
<wf cmd="tag" pos="NN">insurance</wf>
<wf cmd="tag" pos="NNS">underwriters</wf>
<wf cmd="ignore" pos="TO">to</wf>
<wf cmd="done" pos="VB" lemma="provide" wnsn="1" lexsn="2:40:00::">provide</wf>
<wf cmd="ignore" pos="DT">a</wf>
<wf cmd="tag" pos="NN">testing</wf>
<wf cmd="tag" pos="NN">laboratory</wf>
<wf cmd="ignore" pos="CC">and</wf>
<wf cmd="done" pos="VB" lemma="label" wnsn="2" lexsn="2:35:00::">labeling</wf>
<wf cmd="tag" pos="NN">service</wf>
<wf cmd="ignore" pos="IN">for</wf>
<wf cmd="tag" pos="NNS">boats</wf>
<wf cmd="ignore" pos="CC">and</wf>
<wf cmd="ignore" pos="PRP$">their</wf>
<wf cmd="tag" pos="NN">equipment</wf>
<punc>.</punc>
</s>
<s snum="76">
<wf cmd="ignore" pos="DT">A</wf>
<wf cmd="tag" pos="JJ">new</wf>
<wf cmd="tag" pos="NN">waterfront</wf>
<wf cmd="tag" pos="NN">site</wf>
<wf cmd="ignore" pos="IN">for</wf>
<wf cmd="ignore" pos="DT">the</wf>
<wf cmd="tag" pos="NN">bureau</wf>
<wf cmd="done" pos="VBZ" ot="notag">is</wf>
<wf cmd="tag" pos="RB">now</wf>
<wf cmd="done" pos="VB" ot="notag">being</wf>
<wf cmd="done" pos="VB" lemma="build" wnsn="1" lexsn="2:36:00::">built</wf>
<wf cmd="ignore" pos="IN">at</wf>
<wf cmd="tag" pos="NNP">Atlantic_City</wf>
<punc>,</punc>
<wf cmd="tag" pos="NN">New_Jersey</wf>
<punc>,</punc>
<wf cmd="ignore" pos="TO">to</wf>
<wf cmd="done" pos="VB" lemma="provide" wnsn="1" lexsn="2:40:00::">provide</wf>
<wf cmd="tag" pos="RB">the_most</wf>
<wf cmd="tag" pos="JJ">modern</wf>
<wf cmd="tag" pos="NN">marine</wf>
<wf cmd="tag" pos="NN">testing</wf>
<wf cmd="tag" pos="NNS">facilities</wf>
<wf cmd="ignore" pos="IN">as</wf>
<wf cmd="ignore" pos="DT">a</wf>
<wf cmd="tag" pos="JJ">further</wf>
<wf cmd="tag" pos="NN">tool</wf>
<wf cmd="ignore" pos="TO">to</wf>
<wf cmd="done" pos="VB" lemma="keep" wnsn="1" lexsn="2:42:00::">keep</wf>
<wf cmd="ignore" pos="DT">the</wf>
<wf cmd="tag" pos="NN">sport</wf>
<wf cmd="tag" pos="JJ">safe</wf>
<punc>.</punc>
</s>
</p>
<p pnum="27">
<s snum="77">
<wf cmd="tag" pos="RB">In_addition</wf>
<wf cmd="ignore" pos="TO">to</wf>
<wf cmd="ignore" pos="DT">these</wf>
<wf cmd="tag" pos="NNS">activities</wf>
<punc>,</punc>
<wf cmd="ignore" pos="DT">the</wf>
<wf cmd="tag" pos="NNP">NAEBM</wf>
<punc>,</punc>
<wf cmd="ignore" pos="IN">with</wf>
<wf cmd="tag" pos="NN">headquarters</wf>
<wf cmd="ignore" pos="IN">at</wf>
<wf cmd="tag" pos="CD">420</wf>
<wf cmd="tag" pos="NN">lexington</wf>
<wf cmd="tag" pos="NNP">Avenue</wf>
<punc>,</punc>
<wf cmd="tag" pos="NN">New_York_City</wf>
<punc>,</punc>
<wf cmd="tag" pos="RB">as_well</wf>
<wf cmd="ignore" pos="IN">as</wf>
<wf cmd="tag" pos="JJ">other</wf>
<wf cmd="tag" pos="NNS">associations</wf>
<wf cmd="ignore" pos="CC">and</wf>
<wf cmd="tag" pos="JJ">individual</wf>
<wf cmd="tag" pos="NNS">manufacturers</wf>
<punc>,</punc>
<wf cmd="done" pos="VB" lemma="provide" wnsn="1" lexsn="2:40:00::">provide</wf>
<wf cmd="ignore" pos="CC">and</wf>
<wf cmd="done" pos="VB" lemma="distribute" wnsn="4" lexsn="2:40:01::">distribute</wf>
<wf cmd="tag" pos="NNS">films</wf>
<punc>,</punc>
<wf cmd="tag" pos="NNS">booklets</wf>
<punc>,</punc>
<wf cmd="ignore" pos="CC">and</wf>
<wf cmd="tag" pos="NN">public_services</wf>
<wf cmd="ignore" pos="IN">in</wf>
<wf cmd="tag" pos="NN">regard_to</wf>
<wf cmd="tag" pos="JJ">proper</wf>
<wf cmd="tag" pos="NN">boat</wf>
<wf cmd="tag" pos="NN">handling</wf>
<wf cmd="ignore" pos="CC">and</wf>
<wf cmd="tag" pos="NN">safety</wf>
<wf cmd="tag" pos="RB">afloat</wf>
<punc>.</punc>
</s>
</p>
<p pnum="28">
<s snum="78">
<wf cmd="ignore" pos="PRP">It</wf>
<wf cmd="done" pos="VB" lemma="be" wnsn="1" lexsn="2:42:03::">is</wf>
<wf cmd="tag" pos="JJ">important</wf>
<wf cmd="ignore" pos="TO">to</wf>
<wf cmd="done" pos="VB" lemma="note" wnsn="2" lexsn="2:39:00::">note</wf>
<wf cmd="ignore" pos="DT">the</wf>
<wf cmd="tag" pos="NN">work</wf>
<wf cmd="ignore" pos="IN">of</wf>
<wf cmd="ignore" pos="DT">the</wf>
<wf cmd="tag" pos="NN">United_States</wf>
<wf cmd="tag" pos="NNP">Power_Squadrons</wf>
<wf cmd="ignore" pos="CC">and</wf>
<wf cmd="ignore" pos="DT">the</wf>
<wf cmd="tag" pos="NNP">U._S._Coast_Guard_Auxiliary</wf>
<punc>.</punc>
</s>
<s snum="79">
<wf cmd="ignore" pos="DT">Each</wf>
<wf cmd="ignore" pos="IN">of</wf>
<wf cmd="ignore" pos="DT">these</wf>
<wf cmd="tag" pos="JJ">fine</wf>
<wf cmd="tag" pos="NNS">groups</wf>
<wf cmd="done" pos="VB" lemma="give" wnsn="6" lexsn="2:36:02::">gives</wf>
<wf cmd="tag" pos="JJ">free</wf>
<wf cmd="tag" pos="NN">boating</wf>
<wf cmd="tag" pos="NNS">classes</wf>
<wf cmd="ignore" pos="IN">in</wf>
<wf cmd="tag" pos="NN">seamanship</wf>
<wf cmd="tag" pos="NN">piloting</wf>
<wf cmd="ignore" pos="CC">and</wf>
<wf cmd="tag" pos="NN">small_boat</wf>
<wf cmd="tag" pos="NN">handling</wf>
<punc>.</punc>
</s>
<s snum="80">
<wf cmd="ignore" pos="DT">These</wf>
<wf cmd="done" pos="VB" lemma="be" wnsn="1" lexsn="2:42:03::">are</wf>
<wf cmd="tag" pos="RB">not</wf>
<wf cmd="tag" pos="RB">governmentally</wf>
<wf cmd="tag" pos="JJ">subsidized</wf>
<wf cmd="tag" pos="NNS">organizations</wf>
<punc>.</punc>
</s>
<s snum="81">
<wf cmd="ignore" pos="DT">This</wf>
<wf cmd="tag" pos="NN">year</wf>
<punc>,</punc>
<wf cmd="ignore" pos="IN">over</wf>
<wf cmd="tag" pos="CD">100000</wf>
<wf cmd="tag" pos="NNS">persons</wf>
<wf cmd="ignore" pos="MD">will</wf>
<wf cmd="done" pos="VB" lemma="receive" wnsn="4" lexsn="2:39:03::">receive</wf>
<wf cmd="ignore" pos="DT">this</wf>
<wf cmd="tag" pos="JJ">free</wf>
<wf cmd="tag" pos="NN">instruction</wf>
<punc>.</punc>
</s>
</p>
<p pnum="29">
<s snum="82">
<wf cmd="ignore" pos="IN">As</wf>
<wf cmd="tag" pos="NNP">America</wf>
<wf cmd="ignore" pos="IN">on</wf>
<wf cmd="tag" pos="NNS">wheels</wf>
<wf cmd="done" pos="VB" lemma="be" wnsn="1" lexsn="2:42:03::">was</wf>
<wf cmd="tag" pos="JJ">responsible_for</wf>
<wf cmd="ignore" pos="DT">an</wf>
<wf cmd="tag" pos="NN">industry</wf>
<wf cmd="ignore" pos="IN">of</wf>
<wf cmd="tag" pos="NN">motor</wf>
<wf cmd="tag" pos="NNS">courts</wf>
<punc>,</punc>
<wf cmd="tag" pos="NNS">motels</wf>
<punc>,</punc>
<wf cmd="ignore" pos="CC">and</wf>
<wf cmd="tag" pos="NN">drive-in</wf>
<wf cmd="tag" pos="NNS">establishments</wf>
<wf cmd="ignore" pos="WRB">where</wf>
<wf cmd="ignore" pos="PRP">you</wf>
<wf cmd="ignore" pos="MD">can</wf>
<wf cmd="done" pos="VB" lemma="dine" wnsn="1" lexsn="2:34:01::">dine</wf>
<punc>,</punc>
<wf cmd="done" pos="VB" lemma="see" wnsn="7" lexsn="2:39:03::">see</wf>
<wf cmd="ignore" pos="DT">a</wf>
<wf cmd="tag" pos="NN">movie</wf>
<punc>,</punc>
<wf cmd="done" pos="VB" lemma="shop" wnsn="1" lexsn="2:40:00::">shop</wf>
<punc>,</punc>
<wf cmd="ignore" pos="CC">or</wf>
<wf cmd="done" pos="VB" ot="notag">make</wf>
<wf cmd="ignore" pos="DT">a</wf>
<wf cmd="tag" pos="NN">bank_deposit</wf>
<punc>,</punc>
<wf cmd="ignore" pos="DT">the</wf>
<wf cmd="tag" pos="JJ">ever-increasing</wf>
<wf cmd="tag" pos="NN">number</wf>
<wf cmd="ignore" pos="IN">of</wf>
<wf cmd="tag" pos="NN">boating</wf>
<wf cmd="tag" pos="NNS">enthusiasts</wf>
<wf cmd="done" pos="VBP" ot="notag">have</wf>
<wf cmd="done" pos="VB" lemma="spark" wnsn="1" lexsn="2:36:00::">sparked</wf>
<wf cmd="tag" pos="NNS">industries</wf>
<wf cmd="done" pos="VB" lemma="design" wnsn="2" lexsn="2:31:00::">designed</wf>
<wf cmd="tag" pos="RB">especially</wf>
<wf cmd="ignore" pos="TO">to</wf>
<wf cmd="done" pos="VB" lemma="accommodate" wnsn="1" lexsn="2:42:00::">accommodate</wf>
<wf cmd="ignore" pos="PRP">them</wf>
<punc>.</punc>
</s>
<s snum="83">
<wf cmd="tag" pos="RB">Instead</wf>
<wf cmd="ignore" pos="IN">of</wf>
<wf cmd="tag" pos="NNS">motels</wf>
<punc>,</punc>
<wf cmd="ignore" pos="IN">for</wf>
<wf cmd="ignore" pos="DT">the</wf>
<wf cmd="tag" pos="NN">boatman</wf>
<wf cmd="ignore" pos="EX">there</wf>
<wf cmd="done" pos="VB" lemma="be" wnsn="4" lexsn="2:42:00::">are</wf>
<wf cmd="tag" pos="NNS">marinas</wf>
<punc>.</punc>
</s>
</p>
<p pnum="30">
<s snum="84">
<wf cmd="ignore" pos="DT">The</wf>
<wf cmd="tag" pos="NN">word</wf>
<wf cmd="tag" pos="NN">marina</wf>
<wf cmd="done" pos="VBD" ot="notag">was</wf>
<wf cmd="done" pos="VB" lemma="coin" wnsn="1" lexsn="2:36:01::">coined</wf>
<wf cmd="ignore" pos="IN">by</wf>
<wf cmd="tag" pos="NNP">NAEBM</wf>
<wf cmd="tag" pos="RB">originally</wf>
<wf cmd="ignore" pos="TO">to</wf>
<wf cmd="done" pos="VB" lemma="describe" wnsn="1" lexsn="2:32:00::">describe</wf>
<wf cmd="ignore" pos="DT">a</wf>
<wf cmd="tag" pos="NN">waterfront</wf>
<wf cmd="tag" pos="NN">facility</wf>
<wf cmd="ignore" pos="WRB">where</wf>
<wf cmd="tag" pos="JJ">recreational</wf>
<wf cmd="tag" pos="NNS">boats</wf>
<wf cmd="ignore" pos="MD">could</wf>
<wf cmd="done" pos="VB" lemma="find" wnsn="12" lexsn="2:30:00::">find</wf>
<wf cmd="tag" pos="NN">protection</wf>
<wf cmd="ignore" pos="CC">and</wf>
<wf cmd="tag" pos="JJ">basic</wf>
<wf cmd="tag" pos="NN">needs</wf>
<wf cmd="done" pos="VB" ot="notag">to</wf>
<wf cmd="done" pos="VB" lemma="lay_over" wnsn="1" lexsn="2:42:00::">lay_over</wf>
<wf cmd="ignore" pos="IN">in</wf>
<wf cmd="tag" pos="JJ">relative</wf>
<wf cmd="tag" pos="NN">comfort</wf>
<punc>.</punc>
</s>
<s snum="85">
<wf cmd="tag" pos="RB">Currently</wf>
<punc>,</punc>
<wf cmd="tag" pos="NN">marina</wf>
<wf cmd="done" pos="VBZ" ot="notag">is</wf>
<wf cmd="done" pos="VB" lemma="use" wnsn="1" lexsn="2:34:01::">used</wf>
<wf cmd="ignore" pos="TO">to</wf>
<wf cmd="done" pos="VB" lemma="indicate" wnsn="1" lexsn="2:32:01::">indicate</wf>
<wf cmd="ignore" pos="DT">a</wf>
<wf cmd="tag" pos="JJ">municipal</wf>
<wf cmd="ignore" pos="CC">or</wf>
<wf cmd="tag" pos="RB">commercially</wf>
<wf cmd="done" pos="VB" lemma="operate" wnsn="1" lexsn="2:41:00::">operated</wf>
<wf cmd="tag" pos="NN">facility</wf>
<wf cmd="ignore" pos="WRB">where</wf>
<wf cmd="ignore" pos="DT">a</wf>
<wf cmd="tag" pos="NN">pleasure_boat</wf>
<wf cmd="ignore" pos="MD">may</wf>
<wf cmd="done" pos="VB" lemma="dock" wnsn="1" lexsn="2:38:00::">dock</wf>
<wf cmd="ignore" pos="CC">and</wf>
<wf cmd="done" pos="VB" lemma="find" wnsn="3" lexsn="2:40:00::">find</wf>
<wf cmd="tag" pos="JJ">some</wf>
<wf cmd="ignore" pos="CC">or</wf>
<wf cmd="tag" pos="JJ">all_of</wf>
<wf cmd="ignore" pos="DT">the</wf>
<wf cmd="tag" pos="JJ">following</wf>
<wf cmd="tag" pos="JJ">available</wf>
<punc>:</punc>
<wf cmd="tag" pos="NN">gasoline</wf>
<punc>,</punc>
<wf cmd="tag" pos="JJ">fresh</wf>
<wf cmd="tag" pos="NN">water</wf>
<punc>,</punc>
<wf cmd="tag" pos="NN">electricity</wf>
<punc>,</punc>
<wf cmd="tag" pos="NN">telephone_service</wf>
<punc>,</punc>
<wf cmd="tag" pos="NN">ice</wf>
<punc>,</punc>
<wf cmd="tag" pos="NN">repair</wf>
<wf cmd="tag" pos="NNS">facilities</wf>
<punc>,</punc>
<wf cmd="tag" pos="NNS">restaurants</wf>
<punc>,</punc>
<wf cmd="done" pos="VB" lemma="sleep" wnsn="1" lexsn="2:29:00::">sleeping</wf>
<wf cmd="tag" pos="NNS">accommodations</wf>
<punc>,</punc>
<wf cmd="ignore" pos="DT">a</wf>
<wf cmd="tag" pos="NN">general_store</wf>
<punc>,</punc>
<wf cmd="ignore" pos="CC">and</wf>
<wf cmd="ignore" pos="DT">a</wf>
<wf cmd="tag" pos="NN">grocery_store</wf>
<punc>.</punc>
</s>
</p>
<p pnum="31">
<s snum="86">
<wf cmd="tag" pos="NN">Yachtel</wf>
<punc>,</punc>
<wf cmd="ignore" pos="DT">a</wf>
<wf cmd="tag" pos="RB">relatively</wf>
<wf cmd="tag" pos="JJ">new</wf>
<wf cmd="tag" pos="NN">word</wf>
<punc>,</punc>
<wf cmd="done" pos="VB" lemma="indicate" wnsn="1" lexsn="2:32:01::">indicates</wf>
<wf cmd="ignore" pos="DT">a</wf>
<wf cmd="tag" pos="NN">waterfront</wf>
<wf cmd="tag" pos="NN">type</wf>
<wf cmd="ignore" pos="IN">of</wf>
<wf cmd="tag" pos="NN">hotel</wf>
<wf cmd="ignore" pos="WRB">where</wf>
<wf cmd="ignore" pos="DT">a</wf>
<wf cmd="tag" pos="NN">yachtsman</wf>
<wf cmd="ignore" pos="MD">may</wf>
<wf cmd="done" pos="VB" lemma="dock" wnsn="1" lexsn="2:38:00::">dock</wf>
<wf cmd="ignore" pos="CC">and</wf>
<wf cmd="done" pos="VB" lemma="find" wnsn="12" lexsn="2:30:00::">find</wf>
<wf cmd="tag" pos="JJ">overnight</wf>
<wf cmd="tag" pos="NNS">accommodations</wf>
<wf cmd="ignore" pos="IN">on</wf>
<wf cmd="ignore" pos="DT">the</wf>
<wf cmd="tag" pos="NNS">premises</wf>
<wf cmd="tag" pos="RB">as_well</wf>
<wf cmd="ignore" pos="IN">as</wf>
<wf cmd="tag" pos="JJ">other</wf>
<wf cmd="tag" pos="NNS">services</wf>
<punc>.</punc>
</s>
<s snum="87">
<wf cmd="tag" pos="NN">Boatel</wf>
<wf cmd="done" pos="VB" lemma="have" wnsn="1" lexsn="2:40:00::">has</wf>
<wf cmd="ignore" pos="DT">a</wf>
<wf cmd="tag" pos="JJ">similar</wf>
<wf cmd="tag" pos="NN">meaning</wf>
<wf cmd="ignore" pos="TO">to</wf>
<wf cmd="tag" pos="NN">yachtel</wf>
<punc>.</punc>
</s>
<s snum="88">
<wf cmd="ignore" pos="PRP">It</wf>
<wf cmd="done" pos="VB" lemma="indicate" wnsn="1" lexsn="2:32:01::">indicates</wf>
<wf cmd="ignore" pos="DT">the</wf>
<wf cmd="tag" pos="JJ">same</wf>
<wf cmd="tag" pos="NN">thing</wf>
<wf cmd="ignore" pos="CC">but</wf>
<wf cmd="ignore" pos="PRP">it</wf>
<wf cmd="done" pos="VB" lemma="be" wnsn="1" lexsn="2:42:03::">is</wf>
<wf cmd="done" pos="VB" lemma="mean" wnsn="1" lexsn="2:32:01::">meant</wf>
<wf cmd="ignore" pos="TO">to</wf>
<wf cmd="done" pos="VB" lemma="pertain" wnsn="1" lexsn="2:42:01::">pertain</wf>
<wf cmd="tag" pos="RBR">more</wf>
<wf cmd="tag" pos="RB">specifically</wf>
<wf cmd="ignore" pos="TO">to</wf>
<wf cmd="tag" pos="NNS">establishments</wf>
<wf cmd="done" pos="VB" lemma="design" wnsn="2" lexsn="2:31:00::">designed</wf>
<wf cmd="ignore" pos="TO">to</wf>
<wf cmd="done" pos="VB" lemma="cater" wnsn="1" lexsn="2:34:00::">cater</wf>
<wf cmd="ignore" pos="TO">to</wf>
<wf cmd="tag" pos="JJR">smaller</wf>
<wf cmd="tag" pos="NN">type</wf>
<wf cmd="tag" pos="NNS">boats</wf>
<wf cmd="tag" pos="JJ">such_as</wf>
<wf cmd="tag" pos="NNS">outboards</wf>
<punc>.</punc>
</s>
<s snum="89">
<wf cmd="tag" pos="RB">Regardless_of</wf>
<wf cmd="tag" pos="NN">nomenclature</wf>
<punc>,</punc>
<wf cmd="tag" pos="NNS">yachtels</wf>
<wf cmd="ignore" pos="CC">and</wf>
<wf cmd="tag" pos="NNS">boatels</wf>
<wf cmd="done" pos="VB" lemma="be" wnsn="2" lexsn="2:42:06::">are</wf>
<wf cmd="tag" pos="NNS">marinas</wf>
<punc>.</punc>
</s>
</p>
<p pnum="32">
<s snum="90">
<wf cmd="tag" pos="NNS">Boatyards</wf>
<wf cmd="ignore" pos="WDT">which</wf>
<wf cmd="tag" pos="RB">also</wf>
<wf cmd="done" pos="VB" lemma="provide" wnsn="1" lexsn="2:40:00::">provide</wf>
<wf cmd="ignore" pos="DT">some</wf>
<wf cmd="ignore" pos="IN">of</wf>
<wf cmd="ignore" pos="DT">the</wf>
<wf cmd="tag" pos="JJ">above</wf>
<wf cmd="tag" pos="NNS">facilities</wf>
<wf cmd="ignore" pos="MD">may</wf>
<wf cmd="tag" pos="RB">rightfully</wf>
<wf cmd="done" pos="VB" ot="notag">be</wf>
<wf cmd="done" pos="VB" lemma="call" wnsn="1" lexsn="2:32:02::">called</wf>
<wf cmd="tag" pos="NNS">marinas</wf>
<punc>.</punc>
</s>
</p>
<p pnum="33">
<s snum="91">
<wf cmd="ignore" pos="DT">A</wf>
<wf cmd="tag" pos="JJ">recent</wf>
<wf cmd="tag" pos="NN">survey</wf>
<wf cmd="done" pos="VB" lemma="disclose" wnsn="1" lexsn="2:32:00::">disclosed</wf>
<wf cmd="ignore" pos="EX">there</wf>
<wf cmd="done" pos="VB" lemma="be" wnsn="1" lexsn="2:42:03::">are</wf>
<wf cmd="tag" pos="RB">about</wf>
<wf cmd="tag" pos="CD">4000</wf>
<wf cmd="tag" pos="RB">commercially</wf>
<wf cmd="ignore" pos="CC">and</wf>
<wf cmd="tag" pos="RB">municipally</wf>
<wf cmd="tag" pos="JJ">operated</wf>
<wf cmd="tag" pos="NNS">marinas</wf>
<wf cmd="ignore" pos="CC">and</wf>
<wf cmd="tag" pos="NNS">boatyards</wf>
<wf cmd="ignore" pos="IN">in</wf>
<wf cmd="ignore" pos="DT">the</wf>
<wf cmd="tag" pos="NN">United_States</wf>
<punc>,</punc>
<wf cmd="ignore" pos="DT">the</wf>
<wf cmd="tag" pos="NN">majority</wf>
<wf cmd="tag" pos="RB">of_which</wf>
<wf cmd="done" pos="VB" lemma="be" wnsn="1" lexsn="2:42:03::">are</wf>
<wf cmd="tag" pos="JJ">equipped</wf>
<wf cmd="ignore" pos="TO">to</wf>
<wf cmd="done" pos="VB" lemma="handle" wnsn="1" lexsn="2:41:00::">handle</wf>
<wf cmd="tag" pos="JJ">outboard</wf>
<wf cmd="tag" pos="NNS">boats</wf>
<punc>.</punc>
</s>
</p>
</context>
</contextfile>
