<contextfile concordance="brown">
<context filename="br-e16" paras="yes">
<p pnum="1">
<s snum="1">
<wf cmd="tag" pos="NNP">Hotei</wf>
<wf cmd="done" pos="VB" lemma="be" wnsn="1" lexsn="2:42:03::">is</wf>
<wf cmd="tag" pos="CD">23</wf>
<wf cmd="tag" pos="NNS">feet</wf>
<wf cmd="tag" pos="JJ">long</wf>
<wf cmd="ignore" pos="IN">with</wf>
<wf cmd="ignore" pos="DT">an</wf>
<wf cmd="tag" pos="CD">8</wf>
<punc>-</punc>
<wf cmd="tag" pos="CD">1</wf>
<wf cmd="tag" pos="CD">2</wf>
<punc>-</punc>
<wf cmd="tag" pos="NN">foot</wf>
<wf cmd="tag" pos="NN">beam</wf>
<wf cmd="ignore" pos="CC">and</wf>
<wf cmd="tag" pos="RB">every_inch</wf>
<wf cmd="ignore" pos="DT">a</wf>
<wf cmd="tag" pos="NN">family</wf>
<wf cmd="tag" pos="NN">boat</wf>
<punc>.</punc>
</s>
<s snum="2">
<wf cmd="tag" pos="NNS">Menfolk</wf>
<wf cmd="ignore" pos="MD">can</wf>
<wf cmd="done" pos="VB" lemma="ride" wnsn="2" lexsn="2:38:00::">ride</wf>
<wf cmd="ignore" pos="IN">in</wf>
<wf cmd="ignore" pos="DT">the</wf>
<wf cmd="tag" pos="JJ">forward</wf>
<wf cmd="tag" pos="NN">cockpit</wf>
<wf cmd="ignore" pos="WRB">where</wf>
<wf cmd="ignore" pos="DT">the</wf>
<wf cmd="tag" pos="NN">helmsman</wf>
<wf cmd="done" pos="VB" lemma="have" wnsn="3" lexsn="2:39:06::">has</wf>
<wf cmd="ignore" pos="DT">a</wf>
<wf cmd="tag" pos="JJ">clear</wf>
<wf cmd="tag" pos="NN">view</wf>
<punc>.</punc>
</s>
<s snum="3">
<wf cmd="tag" pos="NNS">Youngsters</wf>
<wf cmd="ignore" pos="MD">can</wf>
<wf cmd="done" pos="VB" lemma="sleep" wnsn="1" lexsn="2:29:00::">sleep</wf>
<wf cmd="ignore" pos="CC">or</wf>
<wf cmd="done" pos="VB" lemma="amuse" wnsn="1" lexsn="2:41:00::">amuse</wf>
<wf cmd="ignore" pos="PRP">themselves</wf>
<wf cmd="tag" pos="RB">safely</wf>
<wf cmd="ignore" pos="IN">in</wf>
<wf cmd="ignore" pos="DT">the</wf>
<wf cmd="tag" pos="JJ">large</wf>
<wf cmd="tag" pos="NN">cabin</wf>
<wf cmd="ignore" pos="WDT">which</wf>
<wf cmd="done" pos="VB" lemma="have" wnsn="2" lexsn="2:42:00::">has</wf>
<wf cmd="tag" pos="CD">5</wf>
<punc>-</punc>
<wf cmd="tag" pos="NN">foot</wf>
<wf cmd="tag" pos="CD">11</wf>
<punc>-</punc>
<wf cmd="tag" pos="NN">inch</wf>
<wf cmd="tag" pos="NN">headroom</wf>
<punc>,</punc>
<wf cmd="tag" pos="NNS">bunks</wf>
<wf cmd="ignore" pos="IN">for</wf>
<wf cmd="tag" pos="CD">three</wf>
<punc>,</punc>
<wf cmd="tag" pos="NN">galley</wf>
<wf cmd="ignore" pos="CC">and</wf>
<wf cmd="tag" pos="NN">marine</wf>
<wf cmd="tag" pos="NN">toilet</wf>
<punc>.</punc>
</s>
<s snum="4">
<wf cmd="ignore" pos="DT">The</wf>
<wf cmd="tag" pos="NNS">gals</wf>
<wf cmd="ignore" pos="MD">can</wf>
<wf cmd="done" pos="VB" lemma="sun" wnsn="1" lexsn="2:29:00::">sun</wf>
<wf cmd="ignore" pos="PRP">themselves</wf>
<wf cmd="ignore" pos="IN">in</wf>
<wf cmd="ignore" pos="DT">the</wf>
<wf cmd="tag" pos="JJ">roomy</wf>
<wf cmd="tag" pos="JJ">aft</wf>
<wf cmd="tag" pos="NN">cockpit</wf>
<punc>.</punc>
</s>
<s snum="5">
<wf cmd="ignore" pos="DT">All</wf>
<wf cmd="done" pos="VB" lemma="be" wnsn="1" lexsn="2:42:03::">are</wf>
<wf cmd="tag" pos="RB">well</wf>
<wf cmd="tag" pos="JJ">distributed</wf>
<punc>,</punc>
<wf cmd="tag" pos="RB">not</wf>
<wf cmd="tag" pos="JJ">crowded_together</wf>
<wf cmd="ignore" pos="IN">near</wf>
<wf cmd="ignore" pos="DT">the</wf>
<wf cmd="tag" pos="NN">stern</wf>
<punc>.</punc>
</s>
<s snum="6">
<wf cmd="ignore" pos="CC">And</wf>
<wf cmd="ignore" pos="IN">with</wf>
<wf cmd="tag" pos="NN">passenger</wf>
<wf cmd="tag" pos="NN">weight</wf>
<wf cmd="done" pos="VB" lemma="shift" wnsn="2" lexsn="2:38:00::">shifted</wf>
<wf cmd="tag" pos="RB">forward</wf>
<punc>,</punc>
<wf cmd="tag" pos="NNP">Hotei</wf>
<wf cmd="done" pos="VB" lemma="level_off" wnsn="1" lexsn="2:30:00::">levels_off</wf>
<wf cmd="ignore" pos="IN">for</wf>
<wf cmd="tag" pos="NN">speed</wf>
<wf cmd="ignore" pos="IN">under</wf>
<wf cmd="tag" pos="NN">power</wf>
<wf cmd="ignore" pos="IN">of</wf>
<wf cmd="ignore" pos="DT">a</wf>
<wf cmd="tag" pos="NNP">Merc</wf>
<wf cmd="tag" pos="CD">800</wf>
<punc>.</punc>
</s>
<s snum="7">
<wf cmd="ignore" pos="DT">The</wf>
<wf cmd="tag" pos="CD">80</wf>
<punc>-</punc>
<wf cmd="tag" pos="NN">hp</wf>
<wf cmd="tag" pos="NN">motor</wf>
<wf cmd="done" pos="VB" lemma="drive" wnsn="4" lexsn="2:35:00::">drives</wf>
<wf cmd="ignore" pos="PRP">her</wf>
<wf cmd="ignore" pos="IN">at</wf>
<wf cmd="tag" pos="CD">25</wf>
<wf cmd="tag" pos="NN">mph</wf>
<wf cmd="ignore" pos="IN">with</wf>
<wf cmd="tag" pos="CD">six</wf>
<wf cmd="tag" pos="RB">aboard</wf>
<punc>!</punc>
</s>
</p>
<p pnum="2">
<s snum="8">
<wf cmd="ignore" pos="IN">With</wf>
<wf cmd="tag" pos="RB">only</wf>
<wf cmd="tag" pos="CD">two</wf>
<wf cmd="tag" pos="RB">aboard</wf>
<punc>,</punc>
<wf cmd="tag" pos="NNP">Hotei</wf>
<wf cmd="done" pos="VB" lemma="do" wnsn="13" lexsn="2:38:00::">does</wf>
<wf cmd="tag" pos="JJR">better</wf>
<wf cmd="ignore" pos="IN">than</wf>
<wf cmd="tag" pos="CD">27</wf>
<wf cmd="tag" pos="NN">mph</wf>
<punc>-</punc>
<wf cmd="ignore" pos="CC">and</wf>
<wf cmd="ignore" pos="PRP">she</wf>
<wf cmd="done" pos="VB" lemma="give" wnsn="1" lexsn="2:40:03::">gives</wf>
<wf cmd="ignore" pos="DT">a</wf>
<wf cmd="tag" pos="JJ">comfortable</wf>
<wf cmd="tag" pos="NN">ride</wf>
<wf cmd="ignore" pos="IN">at</wf>
<wf cmd="ignore" pos="DT">this</wf>
<wf cmd="tag" pos="NN">speed</wf>
<wf cmd="tag" pos="RB">even</wf>
<wf cmd="ignore" pos="IN">in</wf>
<wf cmd="ignore" pos="DT">a</wf>
<wf cmd="tag" pos="JJ">three-foot</wf>
<wf cmd="tag" pos="NN">chop</wf>
<punc>.</punc>
</s>
<s snum="9">
<wf cmd="ignore" pos="PRP">She</wf>
<wf cmd="tag" pos="RB">also</wf>
<wf cmd="done" pos="VB" lemma="bank" wnsn="1" lexsn="2:38:00::">banks</wf>
<wf cmd="ignore" pos="IN">into</wf>
<wf cmd="ignore" pos="DT">a</wf>
<wf cmd="tag" pos="NN">turn</wf>
<wf cmd="ignore" pos="IN">like</wf>
<wf cmd="ignore" pos="DT">a</wf>
<wf cmd="tag" pos="JJ">fine</wf>
<wf cmd="tag" pos="NN">runabout</wf>
<punc>-</punc>
<wf cmd="tag" pos="RB">not</wf>
<wf cmd="done" pos="VB" lemma="dig" wnsn="2" lexsn="2:35:01::">digging</wf>
<wf cmd="done" pos="VB" ot="notag">in</wf>
<wf cmd="tag" pos="RB">on_the_outside</wf>
<wf cmd="ignore" pos="TO">to</wf>
<wf cmd="done" pos="VB" lemma="throw" wnsn="1" lexsn="2:35:00::">throw</wf>
<wf cmd="tag" pos="NNS">passengers</wf>
<wf cmd="tag" pos="RB">all_over</wf>
<wf cmd="ignore" pos="DT">the</wf>
<wf cmd="tag" pos="NN">boat</wf>
<wf cmd="ignore" pos="IN">like</wf>
<wf cmd="tag" pos="JJ">many_a</wf>
<wf cmd="tag" pos="JJ">small</wf>
<wf cmd="tag" pos="NN">cabin_cruiser</wf>
<punc>.</punc>
</s>
<s snum="10">
<wf cmd="ignore" pos="CC">Nor</wf>
<wf cmd="done" pos="VB" lemma="be" wnsn="2" lexsn="2:42:06::">is</wf>
<wf cmd="ignore" pos="PRP">she</wf>
<wf cmd="ignore" pos="DT">a</wf>
<wf cmd="tag" pos="JJ">wet</wf>
<wf cmd="tag" pos="NN">boat</wf>
<punc>.</punc>
</s>
<s snum="11">
<wf cmd="ignore" pos="PRP">We</wf>
<wf cmd="done" pos="VBP" ot="notag">'ve</wf>
<wf cmd="done" pos="VB" lemma="be" wnsn="3" lexsn="2:42:05::">been</wf>
<wf cmd="ignore" pos="IN">out</wf>
<wf cmd="ignore" pos="IN">in</wf>
<wf cmd="tag" pos="JJ">five-foot</wf>
<wf cmd="tag" pos="NNS">waves</wf>
<wf cmd="ignore" pos="CC">and</wf>
<wf cmd="done" pos="VB" lemma="stay" wnsn="1" lexsn="2:30:00::">stayed</wf>
<wf cmd="tag" pos="JJ">dry</wf>
<punc>.</punc>
</s>
</p>
<p pnum="3">
<s snum="12">
<wf cmd="tag" pos="JJ">A_lot_of</wf>
<wf cmd="tag" pos="NN">thought</wf>
<wf cmd="done" pos="VB" lemma="go" wnsn="2" lexsn="2:41:00::">went</wf>
<wf cmd="done" pos="VB" ot="notag">into</wf>
<wf cmd="tag" pos="NN">storage_space</wf>
<wf cmd="tag" pos="NN">construction</wf>
<punc>.</punc>
</s>
<s snum="13">
<wf cmd="ignore" pos="EX">There</wf>
<wf cmd="done" pos="VBZ" ot="notag">'s</wf>
<wf cmd="ignore" pos="DT">a</wf>
<wf cmd="tag" pos="JJ">large</wf>
<wf cmd="tag" pos="NN">compartment</wf>
<wf cmd="ignore" pos="IN">in</wf>
<wf cmd="ignore" pos="DT">the</wf>
<wf cmd="tag" pos="JJ">forward</wf>
<wf cmd="tag" pos="NN">cockpit</wf>
<wf cmd="ignore" pos="IN">for</wf>
<wf cmd="tag" pos="NNS">charts</wf>
<wf cmd="ignore" pos="CC">and</wf>
<wf cmd="tag" pos="JJ">other</wf>
<wf cmd="tag" pos="NNS">items</wf>
<punc>.</punc>
</s>
<s snum="14">
<wf cmd="ignore" pos="DT">The</wf>
<wf cmd="tag" pos="NN">cabin</wf>
<wf cmd="done" pos="VB" lemma="have" wnsn="2" lexsn="2:42:00::">has</wf>
<wf cmd="tag" pos="JJ">several</wf>
<wf cmd="tag" pos="NNS">shelves</wf>
<wf cmd="ignore" pos="IN">for</wf>
<wf cmd="tag" pos="JJ">small</wf>
<wf cmd="tag" pos="NNS">items</wf>
<wf cmd="ignore" pos="CC">and</wf>
<wf cmd="tag" pos="NN">storage</wf>
<wf cmd="ignore" pos="IN">under</wf>
<wf cmd="ignore" pos="DT">the</wf>
<wf cmd="tag" pos="NNS">bunks</wf>
<wf cmd="ignore" pos="IN">for</wf>
<wf cmd="tag" pos="NN">water</wf>
<wf cmd="tag" pos="NNS">skiis</wf>
<punc>,</punc>
<wf cmd="tag" pos="NN">life_jackets</wf>
<punc>,</punc>
<wf cmd="ignore" pos="FW">etc.</wf>
<punc>.</punc>
</s>
<s snum="15">
<wf cmd="ignore" pos="DT">The</wf>
<wf cmd="tag" pos="JJ">aft</wf>
<wf cmd="tag" pos="NN">cockpit</wf>
<wf cmd="done" pos="VB" lemma="have" wnsn="2" lexsn="2:42:00::">has</wf>
<wf cmd="ignore" pos="DT">a</wf>
<punc>*</punc>
<punc>*</punc>
<wf cmd="tag" pos="NN">f</wf>
<wf cmd="tag" pos="NN">storage</wf>
<wf cmd="tag" pos="NN">bin</wf>
<wf cmd="ignore" pos="IN">over</wf>
<wf cmd="tag" pos="CD">six</wf>
<wf cmd="tag" pos="NNS">feet</wf>
<wf cmd="tag" pos="JJ">long</wf>
<wf cmd="tag" pos="RB">that</wf>
<wf cmd="done" pos="VB" lemma="double" wnsn="4" lexsn="2:35:01::">doubles</wf>
<wf cmd="ignore" pos="IN">as</wf>
<wf cmd="ignore" pos="DT">a</wf>
<wf cmd="tag" pos="NN">seat</wf>
<punc>.</punc>
</s>
<s snum="16">
<wf cmd="ignore" pos="IN">On</wf>
<wf cmd="ignore" pos="DT">each</wf>
<wf cmd="tag" pos="NN">side</wf>
<wf cmd="ignore" pos="IN">of</wf>
<wf cmd="ignore" pos="DT">the</wf>
<wf cmd="tag" pos="NN">motor</wf>
<wf cmd="tag" pos="RB">well</wf>
<wf cmd="ignore" pos="EX">there</wf>
<wf cmd="done" pos="VBZ" ot="notag">'s</wf>
<wf cmd="tag" pos="NN">storage</wf>
<wf cmd="ignore" pos="IN">for</wf>
<wf cmd="tag" pos="NN">battery</wf>
<punc>,</punc>
<wf cmd="tag" pos="NNS">bumpers</wf>
<punc>,</punc>
<wf cmd="tag" pos="NN">line</wf>
<wf cmd="ignore" pos="CC">and</wf>
<wf cmd="tag" pos="JJ">spare</wf>
<wf cmd="tag" pos="NNS">props</wf>
<wf cmd="ignore" pos="IN">with</wf>
<wf cmd="tag" pos="JJ">six-gallon</wf>
<wf cmd="tag" pos="NN">gas_tanks</wf>
<wf cmd="tag" pos="RB">below</wf>
<punc>.</punc>
</s>
<s snum="17">
<wf cmd="ignore" pos="DT">The</wf>
<wf cmd="tag" pos="RB">well</wf>
<wf cmd="ignore" pos="PRP">itself</wf>
<wf cmd="done" pos="VBZ" ot="notag">is</wf>
<wf cmd="done" pos="VB" lemma="design" wnsn="1" lexsn="2:36:02::">designed</wf>
<wf cmd="ignore" pos="TO">to</wf>
<wf cmd="done" pos="VB" lemma="take" wnsn="23" lexsn="2:40:07::">take</wf>
<wf cmd="tag" pos="CD">two</wf>
<wf cmd="tag" pos="NNP">Merc</wf>
<wf cmd="tag" pos="CD">800</wf>
<wf cmd="ignore" pos="POS">'s</wf>
<wf cmd="ignore" pos="CC">or</wf>
<wf cmd="tag" pos="CD">500</wf>
<wf cmd="ignore" pos="POS">'s</wf>
<wf cmd="ignore" pos="IN">if</wf>
<wf cmd="ignore" pos="PRP">you</wf>
<wf cmd="done" pos="VB" lemma="wish" wnsn="2" lexsn="2:37:02::">wish</wf>
<wf cmd="ignore" pos="CC">and</wf>
<wf cmd="ignore" pos="EX">there</wf>
<wf cmd="done" pos="VBZ" ot="notag">'s</wf>
<wf cmd="tag" pos="NN">room</wf>
<wf cmd="ignore" pos="IN">for</wf>
<wf cmd="ignore" pos="DT">a</wf>
<wf cmd="tag" pos="CD">25</wf>
<punc>-</punc>
<wf cmd="tag" pos="NN">gallon</wf>
<wf cmd="tag" pos="JJ">long-cruise</wf>
<wf cmd="tag" pos="NN">gas_tank</wf>
<wf cmd="ignore" pos="IN">below</wf>
<wf cmd="ignore" pos="PRP">it</wf>
<punc>.</punc>
</s>
</p>
<p pnum="4">
<s snum="18">
<wf cmd="tag" pos="JJ">Needless</wf>
<wf cmd="ignore" pos="TO">to</wf>
<wf cmd="done" pos="VB" ot="notag">say</wf>
<punc>,</punc>
<wf cmd="ignore" pos="PRP">you</wf>
<wf cmd="ignore" pos="MD">can</wf>
<wf cmd="tag" pos="RB">n't</wf>
<wf cmd="done" pos="VB" lemma="build" wnsn="1" lexsn="2:36:00::">build</wf>
<wf cmd="tag" pos="NNP">Hotei</wf>
<wf cmd="ignore" pos="IN">in</wf>
<wf cmd="tag" pos="JJ">a_couple_of</wf>
<wf cmd="tag" pos="NNS">weeks</wf>
<punc>.</punc>
</s>
<s snum="19">
<wf cmd="ignore" pos="PRP$">Our</wf>
<wf cmd="tag" pos="NN">building</wf>
<wf cmd="tag" pos="NN">time</wf>
<wf cmd="done" pos="VB" lemma="be" wnsn="2" lexsn="2:42:06::">was</wf>
<wf cmd="tag" pos="RB">slightly</wf>
<wf cmd="ignore" pos="IN">over</wf>
<wf cmd="tag" pos="CD">400</wf>
<wf cmd="tag" pos="NNS">hours</wf>
<punc>-</punc>
<wf cmd="ignore" pos="CC">but</wf>
<wf cmd="ignore" pos="DT">the</wf>
<wf cmd="tag" pos="JJ">total</wf>
<wf cmd="tag" pos="NN">cost</wf>
<wf cmd="ignore" pos="IN">for</wf>
<wf cmd="ignore" pos="DT">the</wf>
<wf cmd="tag" pos="NN">hull</wf>
<wf cmd="ignore" pos="IN">with</wf>
<wf cmd="tag" pos="JJ">Fiberglas</wf>
<wf cmd="tag" pos="NN">bottom</wf>
<punc>,</punc>
<wf cmd="tag" pos="NN">sink</wf>
<punc>,</punc>
<wf cmd="tag" pos="NN">head</wf>
<wf cmd="ignore" pos="CC">and</wf>
<wf cmd="tag" pos="NN">hardware</wf>
<wf cmd="done" pos="VB" lemma="be" wnsn="2" lexsn="2:42:06::">was</wf>
<wf cmd="ignore" pos="IN">under</wf>
<punc>$</punc>
<wf cmd="tag" pos="CD">800</wf>
<punc>.</punc>
</s>
<s snum="20">
<wf cmd="ignore" pos="DT">A</wf>
<wf cmd="tag" pos="JJ">comparable</wf>
<wf cmd="tag" pos="JJ">manufactured</wf>
<wf cmd="tag" pos="NN">boat</wf>
<wf cmd="ignore" pos="MD">would</wf>
<wf cmd="done" pos="VB" lemma="cost" wnsn="1" lexsn="2:42:00::">cost</wf>
<wf cmd="tag" pos="RB">close_to</wf>
<punc>$</punc>
<wf cmd="tag" pos="CD">3000</wf>
<punc>.</punc>
</s>
<s snum="21">
<wf cmd="done" pos="VB" lemma="consider" wnsn="3" lexsn="2:31:01::">Consider</wf>
<wf cmd="ignore" pos="WP">what</wf>
<wf cmd="ignore" pos="PRP">you</wf>
<wf cmd="done" pos="VB" ot="notag">have_to</wf>
<wf cmd="done" pos="VB" lemma="earn" wnsn="1" lexsn="2:40:01::">earn</wf>
<wf cmd="ignore" pos="TO">to</wf>
<wf cmd="done" pos="VB" lemma="be" wnsn="1" lexsn="2:42:03::">be</wf>
<wf cmd="tag" pos="JJ">able</wf>
<wf cmd="done" pos="VB" ot="notag">to</wf>
<wf cmd="done" pos="VB" lemma="spend" wnsn="2" lexsn="2:40:00::">spend</wf>
<wf cmd="ignore" pos="DT">the</wf>
<punc>$</punc>
<wf cmd="tag" pos="CD">3000</wf>
<wf cmd="ignore" pos="CC">and</wf>
<wf cmd="ignore" pos="PRP$">your</wf>
<wf cmd="tag" pos="NN">building</wf>
<wf cmd="tag" pos="NN">time</wf>
<wf cmd="done" pos="VB" lemma="be" wnsn="1" lexsn="2:42:03::">is</wf>
<wf cmd="tag" pos="RB">well</wf>
<wf cmd="tag" pos="JJ">worth</wf>
<wf cmd="ignore" pos="PRP">it</wf>
<punc>.</punc>
</s>
<s snum="22">
<wf cmd="ignore" pos="DT">A</wf>
<wf cmd="tag" pos="JJ">Gator</wf>
<wf cmd="tag" pos="NN">trailer</wf>
<punc>,</punc>
<wf cmd="tag" pos="NN">Model</wf>
<wf cmd="tag" pos="CD">565</wf>
<punc>,</punc>
<wf cmd="done" pos="VBZ" ot="notag">is</wf>
<wf cmd="done" pos="VB" lemma="use" wnsn="1" lexsn="2:34:01::">used</wf>
<wf cmd="tag" pos="TO">to</wf>
<wf cmd="done" pos="VB" lemma="transport" wnsn="1" lexsn="2:38:00::">transport</wf>
<wf cmd="ignore" pos="DT">the</wf>
<wf cmd="tag" pos="NN">boat</wf>
<wf cmd="ignore" pos="TO">to</wf>
<wf cmd="ignore" pos="DT">the</wf>
<wf cmd="tag" pos="NNS">waterways</wf>
<punc>.</punc>
</s>
<s snum="23">
<wf cmd="ignore" pos="DT">This</wf>
<wf cmd="tag" pos="NN">piece</wf>
<wf cmd="ignore" pos="IN">of</wf>
<wf cmd="tag" pos="NN">equipment</wf>
<wf cmd="done" pos="VB" lemma="cost" wnsn="1" lexsn="2:42:00::">costs</wf>
<wf cmd="tag" pos="RB">a_little</wf>
<wf cmd="ignore" pos="IN">over</wf>
<punc>$</punc>
<wf cmd="tag" pos="CD">600</wf>
<wf cmd="ignore" pos="CC">but</wf>
<wf cmd="ignore" pos="PRP">it</wf>
<wf cmd="ignore" pos="MD">will</wf>
<wf cmd="done" pos="VB" lemma="save" wnsn="4" lexsn="2:40:02::">save</wf>
<wf cmd="ignore" pos="PRP">you</wf>
<wf cmd="ignore" pos="IN">that</wf>
<wf cmd="ignore" pos="IN">in</wf>
<wf cmd="tag" pos="NN">mooring</wf>
<wf cmd="ignore" pos="CC">and</wf>
<wf cmd="tag" pos="NN">hauling</wf>
<wf cmd="tag" pos="NNS">fees</wf>
<wf cmd="ignore" pos="IN">in</wf>
<wf cmd="tag" pos="JJ">a_few</wf>
<wf cmd="tag" pos="NNS">years</wf>
<punc>.</punc>
</s>
</p>
<p pnum="5">
<s snum="24">
<wf cmd="ignore" pos="DT">All</wf>
<wf cmd="tag" pos="NN">framing</wf>
<wf cmd="done" pos="VB" ot="notag">in</wf>
<wf cmd="tag" pos="NNP">Hotei</wf>
<wf cmd="done" pos="VB" lemma="be" wnsn="2" lexsn="2:42:06::">is</wf>
<wf cmd="tag" pos="JJ">one-inch</wf>
<wf cmd="tag" pos="NN">mahogany</wf>
<wf cmd="ignore" pos="WDT">which</wf>
<punc>,</punc>
<wf cmd="ignore" pos="IN">in</wf>
<wf cmd="ignore" pos="DT">the</wf>
<wf cmd="tag" pos="JJ">dressed</wf>
<wf cmd="tag" pos="NN">state</wf>
<wf cmd="ignore" pos="PRP">you</wf>
<wf cmd="done" pos="VB" lemma="buy" wnsn="1" lexsn="2:40:00::">buy</wf>
<wf cmd="ignore" pos="PRP">it</wf>
<punc>,</punc>
<wf cmd="done" pos="VB" lemma="be" wnsn="1" lexsn="2:42:03::">is</wf>
<wf cmd="tag" pos="RB">about</wf>
<wf cmd="ignore" pos="DT">the</wf>
<wf cmd="tag" pos="CD">13</wf>
<wf cmd="tag" pos="CD">16</wf>
<punc>-</punc>
<wf cmd="tag" pos="NN">inch</wf>
<wf cmd="tag" pos="NN">thickness</wf>
<wf cmd="done" pos="VB" lemma="specify" wnsn="1" lexsn="2:32:03::">specified</wf>
<wf cmd="ignore" pos="IN">in</wf>
<wf cmd="ignore" pos="DT">the</wf>
<wf cmd="tag" pos="NNS">drawings</wf>
<punc>.</punc>
</s>
<s snum="25">
<wf cmd="tag" pos="RB">Therefore</wf>
<punc>,</punc>
<wf cmd="ignore" pos="DT">the</wf>
<wf cmd="tag" pos="NN">lumber</wf>
<wf cmd="done" pos="VBZ" ot="notag">is</wf>
<wf cmd="done" pos="VB" lemma="buy" wnsn="1" lexsn="2:40:00::">bought</wf>
<wf cmd="done" pos="VB" ot="notag">in</wf>
<wf cmd="tag" pos="NNS">planks</wf>
<wf cmd="ignore" pos="CC">and</wf>
<wf cmd="done" pos="VB" lemma="rip" wnsn="3" lexsn="2:35:01::">ripped</wf>
<wf cmd="ignore" pos="TO">to</wf>
<wf cmd="tag" pos="NN">size</wf>
<wf cmd="ignore" pos="IN">for</wf>
<wf cmd="tag" pos="NNS">battens</wf>
<punc>,</punc>
<wf cmd="ignore" pos="FW">etc.</wf>
<punc>,</punc>
<wf cmd="ignore" pos="IN">on</wf>
<wf cmd="ignore" pos="DT">a</wf>
<wf cmd="tag" pos="NN">table</wf>
<wf cmd="tag" pos="NN">saw</wf>
<punc>.</punc>
</s>
<s snum="26">
<wf cmd="ignore" pos="IN">Besides</wf>
<wf cmd="tag" pos="JJ">flathead</wf>
<wf cmd="tag" pos="NN">bronze</wf>
<wf cmd="tag" pos="NNS">screws</wf>
<punc>,</punc>
<wf cmd="tag" pos="NN">silicon</wf>
<wf cmd="tag" pos="NN">bronze</wf>
<wf cmd="tag" pos="JJ">Stronghold</wf>
<wf cmd="tag" pos="NNS">nails</wf>
<punc>(</punc>
<wf cmd="done" pos="VB" lemma="make" wnsn="3" lexsn="2:36:00::">made</wf>
<wf cmd="ignore" pos="IN">by</wf>
<wf cmd="tag" pos="NNP">Independent_Nail</wf>
<punc>+</punc>
<wf cmd="tag" pos="NNP">Packing_Co.</wf>
<punc>,</punc>
<wf cmd="tag" pos="NNP">Bridgewater</wf>
<punc>,</punc>
<wf cmd="tag" pos="NNP">Mass</wf>
<punc>.</punc>
<punc>)</punc>
<wf cmd="done" pos="VBP" ot="notag">are</wf>
<wf cmd="done" pos="VB" lemma="use" wnsn="1" lexsn="2:34:01::">used</wf>
<wf cmd="tag" pos="RB">extensively</wf>
<wf cmd="ignore" pos="IN">in</wf>
<wf cmd="tag" pos="NN">assembly</wf>
<wf cmd="ignore" pos="CC">and</wf>
<wf cmd="tag" pos="NNP">Weldwood</wf>
<wf cmd="tag" pos="JJ">resorcinal</wf>
<wf cmd="tag" pos="NN">glue</wf>
<wf cmd="done" pos="VBZ" ot="notag">is</wf>
<wf cmd="done" pos="VB" lemma="use" wnsn="1" lexsn="2:34:01::">used</wf>
<wf cmd="tag" pos="RB">in_all</wf>
<wf cmd="ignore" pos="DT">the</wf>
<wf cmd="tag" pos="NNS">joints</wf>
<punc>.</punc>
</s>
</p>
<p pnum="6">
<s snum="27">
<wf cmd="tag" pos="NN">Construction</wf>
<wf cmd="done" pos="VB" lemma="follow" wnsn="2" lexsn="2:42:00::">follows</wf>
<wf cmd="ignore" pos="DT">a</wf>
<wf cmd="tag" pos="JJ">thorough</wf>
<wf cmd="tag" pos="NN">study</wf>
<wf cmd="ignore" pos="IN">of</wf>
<wf cmd="ignore" pos="DT">the</wf>
<wf cmd="tag" pos="NNS">drawings</wf>
<punc>.</punc>
</s>
<s snum="28">
<wf cmd="done" pos="VB" lemma="start" wnsn="1" lexsn="2:30:00::">Start</wf>
<wf cmd="ignore" pos="IN">by</wf>
<wf cmd="done" pos="VB" lemma="lay_out" wnsn="1" lexsn="2:35:00::">laying_out</wf>
<wf cmd="ignore" pos="DT">the</wf>
<wf cmd="tag" pos="CD">six</wf>
<wf cmd="tag" pos="NNS">frames</wf>
<wf cmd="ignore" pos="CC">and</wf>
<wf cmd="ignore" pos="DT">the</wf>
<wf cmd="tag" pos="NN">transom</wf>
<wf cmd="ignore" pos="IN">on</wf>
<wf cmd="tag" pos="NN">a_level</wf>
<wf cmd="tag" pos="NN">floor</wf>
<punc>.</punc>
</s>
<s snum="29">
<wf cmd="done" pos="VB" lemma="draw" wnsn="3" lexsn="2:35:01::">Draw</wf>
<wf cmd="ignore" pos="DT">each</wf>
<wf cmd="tag" pos="NN">outline</wf>
<wf cmd="ignore" pos="IN">in</wf>
<wf cmd="ignore" pos="DT">a</wf>
<wf cmd="tag" pos="JJ">different-color</wf>
<wf cmd="tag" pos="NN">chalk</wf>
<punc>,</punc>
<wf cmd="tag" pos="CD">one</wf>
<wf cmd="ignore" pos="IN">on</wf>
<wf cmd="tag" pos="JJ">top</wf>
<wf cmd="ignore" pos="IN">of</wf>
<wf cmd="ignore" pos="DT">the</wf>
<wf cmd="tag" pos="NN">other</wf>
<punc>.</punc>
</s>
<s snum="30">
<wf cmd="tag" pos="RB">In_this_way</wf>
<wf cmd="ignore" pos="PRP">you</wf>
<wf cmd="ignore" pos="MD">will</wf>
<wf cmd="done" pos="VB" lemma="be" wnsn="1" lexsn="2:42:03::">be</wf>
<wf cmd="tag" pos="JJ">able</wf>
<wf cmd="done" pos="VB" ot="notag">to</wf>
<wf cmd="done" pos="VB" lemma="detect" wnsn="1" lexsn="2:39:00::">detect</wf>
<wf cmd="ignore" pos="DT">any</wf>
<wf cmd="tag" pos="JJ">obvious</wf>
<wf cmd="tag" pos="NNS">mistakes</wf>
<punc>.</punc>
</s>
</p>
<p pnum="7">
<s snum="31">
<wf cmd="ignore" pos="DT">The</wf>
<wf cmd="tag" pos="NN">transom</wf>
<wf cmd="tag" pos="NN">frame</wf>
<wf cmd="done" pos="VBZ" ot="notag">is</wf>
<wf cmd="done" pos="VB" lemma="make" wnsn="3" lexsn="2:36:00::">made</wf>
<wf cmd="tag" pos="JJ">first</wf>
<wf cmd="ignore" pos="IN">with</wf>
<wf cmd="ignore" pos="DT">the</wf>
<wf cmd="tag" pos="NNS">joints</wf>
<wf cmd="done" pos="VB" lemma="lap" wnsn="1" lexsn="2:42:00::">lapped</wf>
<punc>,</punc>
<wf cmd="done" pos="VB" lemma="glue" wnsn="1" lexsn="2:35:00::">glued</wf>
<wf cmd="ignore" pos="CC">and</wf>
<wf cmd="done" pos="VB" lemma="fasten" wnsn="1" lexsn="2:35:01::">fastened</wf>
<wf cmd="ignore" pos="IN">with</wf>
<wf cmd="tag" pos="JJ">one-inch</wf>
<punc>,</punc>
<wf cmd="tag" pos="NN">No.</wf>
<wf cmd="tag" pos="CD">12</wf>
<wf cmd="tag" pos="JJ">Stronghold</wf>
<wf cmd="tag" pos="NNS">nails</wf>
<punc>.</punc>
</s>
<s snum="32">
<wf cmd="ignore" pos="IN">After</wf>
<wf cmd="done" pos="VB" lemma="notch" wnsn="1" lexsn="2:35:00::">notching</wf>
<wf cmd="ignore" pos="PRP">it</wf>
<wf cmd="ignore" pos="IN">for</wf>
<wf cmd="ignore" pos="DT">the</wf>
<wf cmd="tag" pos="NN">keelson</wf>
<punc>,</punc>
<wf cmd="tag" pos="NNS">chines</wf>
<wf cmd="ignore" pos="CC">and</wf>
<wf cmd="tag" pos="NNS">battens</wf>
<punc>,</punc>
<wf cmd="ignore" pos="DT">the</wf>
<wf cmd="tag" pos="JJ">half-inch</wf>
<wf cmd="tag" pos="NN">plywood</wf>
<wf cmd="tag" pos="NN">transom</wf>
<wf cmd="done" pos="VBZ" ot="notag">is</wf>
<wf cmd="done" pos="VB" lemma="secure" wnsn="2" lexsn="2:35:01::">secured</wf>
<wf cmd="tag" pos="RB">to_it</wf>
<wf cmd="ignore" pos="IN">with</wf>
<wf cmd="tag" pos="NN">glue</wf>
<wf cmd="ignore" pos="CC">and</wf>
<wf cmd="ignore" pos="DT">the</wf>
<wf cmd="tag" pos="JJ">same</wf>
<wf cmd="tag" pos="NN">type</wf>
<wf cmd="tag" pos="NNS">nails</wf>
<punc>.</punc>
</s>
<s snum="33">
<wf cmd="ignore" pos="DT">All</wf>
<wf cmd="tag" pos="NNS">frames</wf>
<wf cmd="done" pos="VBP" ot="notag">are</wf>
<wf cmd="done" pos="VB" lemma="butt" wnsn="1" lexsn="2:35:02::">butted</wf>
<wf cmd="ignore" pos="IN">at</wf>
<wf cmd="ignore" pos="DT">the</wf>
<wf cmd="tag" pos="NNS">joints</wf>
<wf cmd="ignore" pos="CC">and</wf>
<wf cmd="tag" pos="CD">3</wf>
<wf cmd="tag" pos="CD">8</wf>
<punc>-</punc>
<wf cmd="tag" pos="NN">inch</wf>
<wf cmd="tag" pos="NN">plywood</wf>
<wf cmd="tag" pos="NNS">gussets</wf>
<wf cmd="done" pos="VBP" ot="notag">are</wf>
<wf cmd="done" pos="VB" lemma="glue" wnsn="1" lexsn="2:35:00::">glued</wf>
<wf cmd="ignore" pos="CC">and</wf>
<wf cmd="done" pos="VB" lemma="nail" wnsn="1" lexsn="2:35:00::">nailed</wf>
<wf cmd="ignore" pos="IN">on</wf>
<wf cmd="ignore" pos="DT">each</wf>
<wf cmd="tag" pos="NN">side</wf>
<wf cmd="ignore" pos="IN">of</wf>
<wf cmd="ignore" pos="DT">each</wf>
<wf cmd="tag" pos="JJ">joint</wf>
<punc>,</punc>
<wf cmd="tag" pos="RB">again</wf>
<wf cmd="done" pos="VB" lemma="use" wnsn="1" lexsn="2:34:01::">using</wf>
<wf cmd="ignore" pos="DT">the</wf>
<wf cmd="tag" pos="JJ">one-inch</wf>
<punc>,</punc>
<wf cmd="tag" pos="NN">No.</wf>
<wf cmd="tag" pos="CD">12</wf>
<wf cmd="tag" pos="NNS">nails</wf>
<punc>.</punc>
</s>
<s snum="34">
<wf cmd="ignore" pos="DT">The</wf>
<wf cmd="tag" pos="NNS">frames</wf>
<wf cmd="done" pos="VBP" ot="notag">are</wf>
<wf cmd="done" pos="VB" lemma="notch" wnsn="1" lexsn="2:35:00::">notched</wf>
<wf cmd="tag" pos="RB">only</wf>
<wf cmd="ignore" pos="IN">for</wf>
<wf cmd="ignore" pos="DT">the</wf>
<wf cmd="tag" pos="NN">keelson</wf>
<wf cmd="ignore" pos="CC">and</wf>
<wf cmd="ignore" pos="DT">the</wf>
<wf cmd="tag" pos="NNS">chines</wf>
<punc>.</punc>
</s>
<s snum="35">
<wf cmd="ignore" pos="IN">If</wf>
<wf cmd="done" pos="VB" lemma="notch" wnsn="1" lexsn="2:35:00::">notched</wf>
<wf cmd="ignore" pos="IN">for</wf>
<wf cmd="ignore" pos="DT">the</wf>
<wf cmd="tag" pos="NNS">battens</wf>
<punc>,</punc>
<wf cmd="ignore" pos="PRP">they</wf>
<wf cmd="ignore" pos="MD">would</wf>
<wf cmd="done" pos="VB" lemma="require" wnsn="1" lexsn="2:42:00::">require</wf>
<wf cmd="tag" pos="JJR">more</wf>
<wf cmd="tag" pos="NN">work</wf>
<punc>,</punc>
<wf cmd="done" pos="VB" ot="notag">be</wf>
<wf cmd="done" pos="VB" lemma="weaken" wnsn="1" lexsn="2:30:01::">weakened</wf>
<wf cmd="ignore" pos="CC">and</wf>
<wf cmd="tag" pos="JJ">limber</wf>
<wf cmd="tag" pos="NNS">holes</wf>
<wf cmd="ignore" pos="MD">would</wf>
<wf cmd="done" pos="VB" ot="notag">have_to</wf>
<wf cmd="done" pos="VB" ot="notag">be</wf>
<wf cmd="done" pos="VB" lemma="bore" wnsn="2" lexsn="2:35:00::">bored</wf>
<wf cmd="tag" pos="RB">so_that</wf>
<wf cmd="tag" pos="NN">bilge</wf>
<wf cmd="tag" pos="NN">water</wf>
<wf cmd="ignore" pos="MD">could</wf>
<wf cmd="done" pos="VB" lemma="flow" wnsn="2" lexsn="2:38:00::">flow</wf>
<wf cmd="tag" pos="RB">through</wf>
<punc>.</punc>
</s>
<s snum="36">
<wf cmd="tag" pos="RB">Nowhere</wf>
<wf cmd="ignore" pos="IN">in</wf>
<wf cmd="ignore" pos="DT">the</wf>
<wf cmd="tag" pos="NN">boat</wf>
<wf cmd="done" pos="VBP" ot="notag">do</wf>
<wf cmd="ignore" pos="DT">the</wf>
<wf cmd="tag" pos="NNS">frames</wf>
<wf cmd="done" pos="VB" lemma="come" wnsn="3" lexsn="2:30:01::">come</wf>
<wf cmd="done" pos="VB" ot="notag">in</wf>
<wf cmd="tag" pos="NN">contact</wf>
<wf cmd="done" pos="VB" ot="notag">with</wf>
<wf cmd="ignore" pos="DT">the</wf>
<wf cmd="tag" pos="NN">plywood</wf>
<wf cmd="tag" pos="NN">planking</wf>
<punc>.</punc>
</s>
</p>
<p pnum="8">
<s snum="37">
<wf cmd="ignore" pos="DT">The</wf>
<wf cmd="tag" pos="NN">jig</wf>
<wf cmd="done" pos="VB" ot="notag">is_erected</wf>
<wf cmd="ignore" pos="IN">after</wf>
<wf cmd="ignore" pos="DT">the</wf>
<wf cmd="tag" pos="NNS">frames</wf>
<wf cmd="ignore" pos="CC">and</wf>
<wf cmd="tag" pos="NN">transom</wf>
<wf cmd="done" pos="VB" lemma="be" wnsn="1" lexsn="2:42:03::">are</wf>
<wf cmd="tag" pos="JJ">complete</wf>
<punc>.</punc>
</s>
<s snum="38">
<wf cmd="ignore" pos="DT">This</wf>
<wf cmd="done" pos="VB" lemma="be" wnsn="1" lexsn="2:42:03::">is</wf>
<wf cmd="ignore" pos="DT">an</wf>
<wf cmd="tag" pos="JJ">important</wf>
<wf cmd="tag" pos="NN">step</wf>
<wf cmd="ignore" pos="IN">because</wf>
<wf cmd="ignore" pos="DT">any</wf>
<wf cmd="tag" pos="NN">misalignment</wf>
<wf cmd="ignore" pos="MD">would</wf>
<wf cmd="done" pos="VB" lemma="cause" wnsn="1" lexsn="2:36:00::">cause</wf>
<wf cmd="tag" pos="RB">progressively</wf>
<wf cmd="tag" pos="JJR">worse</wf>
<wf cmd="tag" pos="NN">misalignment</wf>
<wf cmd="ignore" pos="IN">in</wf>
<wf cmd="ignore" pos="DT">the</wf>
<wf cmd="tag" pos="NN">hull</wf>
<wf cmd="ignore" pos="IN">as</wf>
<wf cmd="ignore" pos="PRP">you</wf>
<wf cmd="done" pos="VB" lemma="advance" wnsn="6" lexsn="2:33:00::">advance</wf>
<wf cmd="ignore" pos="IN">in</wf>
<wf cmd="tag" pos="NN">construction</wf>
<punc>.</punc>
</s>
<s snum="39">
<wf cmd="done" pos="VB" lemma="be" wnsn="1" lexsn="2:42:03::">Be</wf>
<wf cmd="tag" pos="JJ">sure</wf>
<wf cmd="ignore" pos="DT">all</wf>
<wf cmd="tag" pos="NNS">members</wf>
<wf cmd="done" pos="VB" lemma="be" wnsn="1" lexsn="2:42:03::">are</wf>
<wf cmd="tag" pos="JJ">parallel</wf>
<punc>,</punc>
<wf cmd="tag" pos="JJ">vertical</wf>
<wf cmd="ignore" pos="CC">and</wf>
<wf cmd="tag" pos="NN">level</wf>
<wf cmd="tag" pos="RB">as_required</wf>
<punc>.</punc>
</s>
</p>
<p pnum="9">
<s snum="40">
<wf cmd="ignore" pos="IN">After</wf>
<wf cmd="ignore" pos="DT">the</wf>
<wf cmd="tag" pos="NNS">frames</wf>
<wf cmd="ignore" pos="CC">and</wf>
<wf cmd="tag" pos="NN">transom</wf>
<wf cmd="done" pos="VBP" ot="notag">are</wf>
<wf cmd="done" pos="VB" lemma="set_up" wnsn="2" lexsn="2:36:00::">set_up</wf>
<wf cmd="ignore" pos="IN">on</wf>
<wf cmd="ignore" pos="DT">the</wf>
<wf cmd="tag" pos="NN">jig</wf>
<wf cmd="ignore" pos="CC">and</wf>
<wf cmd="tag" pos="RB">temporarily</wf>
<wf cmd="done" pos="VB" lemma="brace" wnsn="3" lexsn="2:35:00::">braced</wf>
<punc>,</punc>
<wf cmd="tag" pos="RB">a_piece</wf>
<wf cmd="ignore" pos="IN">of</wf>
<wf cmd="tag" pos="JJ">three-inch-wide</wf>
<wf cmd="tag" pos="NN">mahogany</wf>
<punc>(</punc>
<wf cmd="tag" pos="RB">only</wf>
<wf cmd="tag" pos="NNS">widths</wf>
<wf cmd="ignore" pos="MD">will</wf>
<wf cmd="done" pos="VB" ot="notag">be</wf>
<wf cmd="done" pos="VB" lemma="give" wnsn="4" lexsn="2:40:07::">given</wf>
<wf cmd="ignore" pos="IN">since</wf>
<wf cmd="ignore" pos="DT">the</wf>
<wf cmd="tag" pos="CD">13</wf>
<wf cmd="tag" pos="CD">16</wf>
<punc>-</punc>
<wf cmd="tag" pos="NN">inch</wf>
<wf cmd="tag" pos="NN">thickness</wf>
<wf cmd="done" pos="VBZ" ot="notag">is</wf>
<wf cmd="done" pos="VB" lemma="use" wnsn="1" lexsn="2:34:01::">used</wf>
<wf cmd="ignore" pos="IN">throughout</wf>
<punc>)</punc>
<wf cmd="done" pos="VBZ" ot="notag">is</wf>
<wf cmd="done" pos="VB" lemma="butt" wnsn="1" lexsn="2:35:02::">butted</wf>
<wf cmd="ignore" pos="IN">between</wf>
<wf cmd="tag" pos="NNS">frames</wf>
<wf cmd="tag" pos="CD">one</wf>
<wf cmd="ignore" pos="CC">and</wf>
<wf cmd="tag" pos="CD">two</wf>
<wf cmd="ignore" pos="IN">below</wf>
<wf cmd="ignore" pos="DT">the</wf>
<wf cmd="tag" pos="NN">line</wf>
<wf cmd="ignore" pos="IN">of</wf>
<wf cmd="ignore" pos="DT">the</wf>
<wf cmd="tag" pos="NN">keelson</wf>
<punc>.</punc>
</s>
<s snum="41">
<wf cmd="ignore" pos="DT">The</wf>
<wf cmd="tag" pos="NNS">frames</wf>
<wf cmd="done" pos="VBP" ot="notag">are</wf>
<wf cmd="done" pos="VB" lemma="glue" wnsn="1" lexsn="2:35:00::">glued</wf>
<wf cmd="ignore" pos="CC">and</wf>
<wf cmd="done" pos="VB" lemma="screw" wnsn="0" lexsn="2:35:00::">screwed</wf>
<wf cmd="ignore" pos="TO">to</wf>
<wf cmd="ignore" pos="DT">this</wf>
<wf cmd="tag" pos="NN">piece</wf>
<punc>.</punc>
</s>
<s snum="42">
<wf cmd="ignore" pos="DT">The</wf>
<wf cmd="tag" pos="NNS">joints</wf>
<wf cmd="done" pos="VBP" ot="notag">are</wf>
<wf cmd="tag" pos="RB">also</wf>
<wf cmd="done" pos="VB" lemma="reinforce" wnsn="1" lexsn="2:30:00::">reinforced</wf>
<wf cmd="ignore" pos="IN">on</wf>
<wf cmd="ignore" pos="DT">each</wf>
<wf cmd="tag" pos="NN">side</wf>
<wf cmd="done" pos="VB" ot="notag">with</wf>
<wf cmd="tag" pos="JJ">small</wf>
<wf cmd="tag" pos="NNS">blocks</wf>
<wf cmd="done" pos="VB" lemma="set" wnsn="6" lexsn="2:35:02::">set</wf>
<wf cmd="done" pos="VB" ot="notag">in</wf>
<wf cmd="tag" pos="JJ">resin-saturated</wf>
<wf cmd="tag" pos="JJ">Fiberglas</wf>
<wf cmd="tag" pos="NN">cloth</wf>
<wf cmd="ignore" pos="CC">and</wf>
<wf cmd="done" pos="VB" lemma="nail" wnsn="1" lexsn="2:35:00::">nailed</wf>
<punc>.</punc>
</s>
<s snum="43">
<wf cmd="ignore" pos="PRP">It</wf>
<wf cmd="done" pos="VB" lemma="be" wnsn="3" lexsn="2:42:05::">is</wf>
<wf cmd="ignore" pos="IN">over</wf>
<wf cmd="ignore" pos="DT">this</wf>
<wf cmd="tag" pos="NN">piece</wf>
<wf cmd="ignore" pos="IN">that</wf>
<wf cmd="ignore" pos="DT">the</wf>
<wf cmd="tag" pos="JJ">laminated</wf>
<wf cmd="tag" pos="NN">stem</wf>
<wf cmd="ignore" pos="CC">and</wf>
<wf cmd="tag" pos="NN">keelson</wf>
<wf cmd="done" pos="VBP" ot="notag">are</wf>
<wf cmd="done" pos="VB" lemma="splice" wnsn="1" lexsn="2:35:01::">spliced</wf>
<punc>.</punc>
</s>
</p>
<p pnum="10">
<s snum="44">
<wf cmd="ignore" pos="DT">The</wf>
<wf cmd="tag" pos="NN">keelson</wf>
<punc>,</punc>
<wf cmd="done" pos="VB" lemma="make" wnsn="3" lexsn="2:36:00::">made</wf>
<wf cmd="ignore" pos="IN">of</wf>
<wf cmd="tag" pos="CD">two</wf>
<wf cmd="tag" pos="JJ">three-inch</wf>
<wf cmd="tag" pos="NNS">widths</wf>
<punc>,</punc>
<wf cmd="done" pos="VB" ot="notag">is_next</wf>
<wf cmd="done" pos="VB" lemma="instal" wnsn="1" lexsn="2:35:00::">installed</wf>
<punc>.</punc>
</s>
<s snum="45">
<wf cmd="ignore" pos="DT">The</wf>
<wf cmd="tag" pos="JJ">first</wf>
<wf cmd="tag" pos="NN">piece</wf>
<wf cmd="done" pos="VBZ" ot="notag">is</wf>
<wf cmd="done" pos="VB" lemma="glue" wnsn="1" lexsn="2:35:00::">glued</wf>
<wf cmd="ignore" pos="CC">and</wf>
<wf cmd="done" pos="VB" lemma="screw" wnsn="0" lexsn="2:35:00::">screwed</wf>
<wf cmd="ignore" pos="TO">to</wf>
<wf cmd="ignore" pos="DT">the</wf>
<wf cmd="tag" pos="NNS">frames</wf>
<wf cmd="ignore" pos="CC">and</wf>
<wf cmd="tag" pos="NN">transom</wf>
<wf cmd="ignore" pos="CC">and</wf>
<wf cmd="ignore" pos="DT">the</wf>
<wf cmd="tag" pos="NN">piece</wf>
<wf cmd="done" pos="VB" lemma="butt" wnsn="3" lexsn="2:35:01::">butted</wf>
<wf cmd="ignore" pos="IN">between</wf>
<wf cmd="tag" pos="NNS">frames</wf>
<wf cmd="tag" pos="CD">one</wf>
<wf cmd="ignore" pos="CC">and</wf>
<wf cmd="tag" pos="CD">two</wf>
<punc>.</punc>
</s>
<s snum="46">
<wf cmd="ignore" pos="DT">The</wf>
<wf cmd="tag" pos="JJ">second</wf>
<wf cmd="tag" pos="NN">piece</wf>
<wf cmd="done" pos="VBZ" ot="notag">is</wf>
<wf cmd="tag" pos="RB">in_turn</wf>
<wf cmd="done" pos="VB" lemma="glue" wnsn="1" lexsn="2:35:00::">glued</wf>
<wf cmd="ignore" pos="CC">and</wf>
<wf cmd="done" pos="VB" lemma="screw" wnsn="0" lexsn="2:35:00::">screwed</wf>
<wf cmd="ignore" pos="TO">to</wf>
<wf cmd="ignore" pos="DT">the</wf>
<wf cmd="tag" pos="NN">first</wf>
<punc>.</punc>
</s>
<s snum="47">
<wf cmd="done" pos="VB" lemma="note" wnsn="3" lexsn="2:39:02::">Note</wf>
<punc>,</punc>
<wf cmd="tag" pos="RB">however</wf>
<punc>,</punc>
<wf cmd="ignore" pos="IN">that</wf>
<wf cmd="ignore" pos="PRP">it</wf>
<wf cmd="done" pos="VB" lemma="be" wnsn="1" lexsn="2:42:03::">is</wf>
<wf cmd="tag" pos="CD">six</wf>
<wf cmd="tag" pos="NNS">inches</wf>
<wf cmd="tag" pos="JJR">shorter</wf>
<wf cmd="ignore" pos="IN">at</wf>
<wf cmd="ignore" pos="DT">the</wf>
<wf cmd="tag" pos="JJ">forward</wf>
<wf cmd="tag" pos="NN">end</wf>
<punc>.</punc>
</s>
<s snum="48">
<wf cmd="tag" pos="JJ">One-inch</wf>
<punc>,</punc>
<wf cmd="ignore" pos="DT">No</wf>
<wf cmd="tag" pos="CD">.10</wf>
<wf cmd="tag" pos="NNS">screws</wf>
<wf cmd="done" pos="VBP" ot="notag">are</wf>
<wf cmd="done" pos="VB" lemma="use" wnsn="1" lexsn="2:34:01::">used</wf>
<wf cmd="ignore" pos="IN">in</wf>
<wf cmd="ignore" pos="DT">both</wf>
<wf cmd="tag" pos="NNS">cases</wf>
<punc>.</punc>
</s>
</p>
<p pnum="11">
<s snum="49">
<wf cmd="ignore" pos="DT">A</wf>
<wf cmd="tag" pos="NN">stem</wf>
<wf cmd="tag" pos="NN">jig</wf>
<wf cmd="done" pos="VB" ot="notag">is_next</wf>
<wf cmd="done" pos="VB" lemma="cut" wnsn="1" lexsn="2:35:00::">cut</wf>
<wf cmd="done" pos="VB" ot="notag">to</wf>
<wf cmd="ignore" pos="DT">the</wf>
<wf cmd="tag" pos="JJ">proper</wf>
<wf cmd="tag" pos="NN">shape</wf>
<wf cmd="ignore" pos="CC">and</wf>
<wf cmd="tag" pos="RB">temporarily</wf>
<wf cmd="done" pos="VB" lemma="fasten" wnsn="1" lexsn="2:35:01::">fastened</wf>
<wf cmd="ignore" pos="TO">to</wf>
<wf cmd="tag" pos="NN">frame</wf>
<wf cmd="tag" pos="CD">one</wf>
<punc>.</punc>
</s>
<s snum="50">
<wf cmd="ignore" pos="DT">The</wf>
<wf cmd="tag" pos="NN">stem</wf>
<wf cmd="done" pos="VBZ" ot="notag">is</wf>
<wf cmd="done" pos="VB" lemma="laminate" wnsn="1" lexsn="2:36:00::">laminated</wf>
<wf cmd="ignore" pos="IN">from</wf>
<wf cmd="tag" pos="CD">four</wf>
<wf cmd="tag" pos="NNS">pieces</wf>
<punc>.</punc>
</s>
<s snum="51">
<wf cmd="done" pos="VB" lemma="take" wnsn="4" lexsn="2:35:00::">Take</wf>
<wf cmd="tag" pos="CD">two</wf>
<wf cmd="tag" pos="JJ">three-inch-wide</wf>
<wf cmd="tag" pos="NNS">pieces</wf>
<wf cmd="ignore" pos="CC">and</wf>
<wf cmd="done" pos="VB" lemma="rip" wnsn="3" lexsn="2:35:01::">rip</wf>
<wf cmd="ignore" pos="PRP">them</wf>
<wf cmd="tag" pos="RB">down</wf>
<wf cmd="ignore" pos="DT">the</wf>
<wf cmd="tag" pos="NN">center</wf>
<wf cmd="ignore" pos="IN">of</wf>
<wf cmd="ignore" pos="DT">the</wf>
<wf cmd="tag" pos="NN">thickness</wf>
<wf cmd="ignore" pos="TO">to</wf>
<wf cmd="done" pos="VB" lemma="make" wnsn="3" lexsn="2:36:00::">make</wf>
<wf cmd="ignore" pos="DT">the</wf>
<wf cmd="tag" pos="CD">four</wf>
<punc>.</punc>
</s>
<s snum="52">
<wf cmd="tag" pos="RB">Then</wf>
<wf cmd="done" pos="VB" lemma="spread" wnsn="1" lexsn="2:35:00::">spread</wf>
<wf cmd="ignore" pos="DT">a</wf>
<wf cmd="tag" pos="JJ">generous</wf>
<wf cmd="tag" pos="NN">amount</wf>
<wf cmd="ignore" pos="IN">of</wf>
<wf cmd="tag" pos="NN">glue</wf>
<wf cmd="ignore" pos="IN">on</wf>
<wf cmd="ignore" pos="DT">the</wf>
<wf cmd="tag" pos="CD">four</wf>
<wf cmd="tag" pos="NNS">pieces</wf>
<wf cmd="ignore" pos="CC">and</wf>
<wf cmd="done" pos="VB" lemma="bend" wnsn="1" lexsn="2:38:00::">bend</wf>
<wf cmd="ignore" pos="PRP">them</wf>
<wf cmd="ignore" pos="IN">into</wf>
<wf cmd="tag" pos="NN">place</wf>
<wf cmd="ignore" pos="IN">on</wf>
<wf cmd="ignore" pos="DT">the</wf>
<wf cmd="tag" pos="NN">jig</wf>
<punc>.</punc>
</s>
<s snum="53">
<wf cmd="ignore" pos="DT">The</wf>
<wf cmd="tag" pos="JJ">first</wf>
<wf cmd="tag" pos="CD">two</wf>
<wf cmd="tag" pos="NNS">pieces</wf>
<wf cmd="done" pos="VB" lemma="butt_against" wnsn="1" lexsn="2:35:00::">butt_against</wf>
<wf cmd="ignore" pos="DT">the</wf>
<wf cmd="tag" pos="JJ">inner</wf>
<wf cmd="tag" pos="NN">member</wf>
<wf cmd="ignore" pos="IN">of</wf>
<wf cmd="ignore" pos="DT">the</wf>
<wf cmd="tag" pos="NN">keelson</wf>
<wf cmd="ignore" pos="CC">and</wf>
<wf cmd="done" pos="VBP" ot="notag">are</wf>
<wf cmd="done" pos="VB" lemma="glue" wnsn="1" lexsn="2:35:00::">glued</wf>
<wf cmd="ignore" pos="CC">and</wf>
<wf cmd="done" pos="VB" lemma="screw" wnsn="0" lexsn="2:35:00::">screwed</wf>
<wf cmd="ignore" pos="TO">to</wf>
<wf cmd="ignore" pos="DT">the</wf>
<wf cmd="tag" pos="NN">brace</wf>
<wf cmd="ignore" pos="IN">between</wf>
<wf cmd="ignore" pos="DT">the</wf>
<wf cmd="tag" pos="JJ">first</wf>
<wf cmd="tag" pos="CD">two</wf>
<wf cmd="tag" pos="NNS">frames</wf>
<punc>.</punc>
</s>
<s snum="54">
<wf cmd="ignore" pos="DT">The</wf>
<wf cmd="tag" pos="JJ">second</wf>
<wf cmd="tag" pos="CD">two</wf>
<wf cmd="tag" pos="NNS">pieces</wf>
<wf cmd="done" pos="VB" lemma="lap" wnsn="1" lexsn="2:42:00::">lap</wf>
<wf cmd="ignore" pos="IN">over</wf>
<wf cmd="ignore" pos="DT">the</wf>
<wf cmd="tag" pos="JJ">inner</wf>
<wf cmd="tag" pos="NN">member</wf>
<wf cmd="ignore" pos="IN">of</wf>
<wf cmd="ignore" pos="DT">the</wf>
<wf cmd="tag" pos="NN">keelson</wf>
<wf cmd="ignore" pos="CC">and</wf>
<wf cmd="done" pos="VB" lemma="butt_against" wnsn="1" lexsn="2:35:00::">butt_against</wf>
<wf cmd="ignore" pos="DT">the</wf>
<wf cmd="tag" pos="JJ">outer</wf>
<wf cmd="tag" pos="NN">member</wf>
<punc>.</punc>
</s>
<s snum="55">
<wf cmd="ignore" pos="PRP">They</wf>
<wf cmd="done" pos="VBP" ot="notag">'re</wf>
<wf cmd="done" pos="VB" lemma="glue" wnsn="1" lexsn="2:35:00::">glued</wf>
<wf cmd="ignore" pos="CC">and</wf>
<wf cmd="done" pos="VB" lemma="screw" wnsn="0" lexsn="2:35:00::">screwed</wf>
<wf cmd="ignore" pos="TO">to</wf>
<wf cmd="ignore" pos="DT">the</wf>
<wf cmd="tag" pos="JJ">inner</wf>
<wf cmd="tag" pos="NN">member</wf>
<wf cmd="ignore" pos="IN">of</wf>
<wf cmd="ignore" pos="DT">the</wf>
<wf cmd="tag" pos="NN">keelson</wf>
<punc>.</punc>
</s>
<s snum="56">
<wf cmd="tag" pos="JJ">A_number_of</wf>
<wf cmd="tag" pos="NN">C</wf>
<wf cmd="tag" pos="NNS">clamps</wf>
<wf cmd="done" pos="VB" lemma="hold" wnsn="1" lexsn="2:42:00::">hold</wf>
<wf cmd="ignore" pos="DT">the</wf>
<wf cmd="tag" pos="NN">pieces</wf>
<wf cmd="tag" pos="RB">together</wf>
<wf cmd="ignore" pos="IN">on</wf>
<wf cmd="ignore" pos="DT">the</wf>
<wf cmd="tag" pos="NN">jig</wf>
<wf cmd="ignore" pos="IN">until</wf>
<wf cmd="ignore" pos="DT">the</wf>
<wf cmd="tag" pos="NN">glue</wf>
<wf cmd="done" pos="VB" lemma="set" wnsn="14" lexsn="2:30:07::">sets</wf>
<punc>.</punc>
</s>
</p>
<p pnum="12">
<s snum="57">
<wf cmd="ignore" pos="DT">All</wf>
<wf cmd="tag" pos="NN">bottom</wf>
<wf cmd="tag" pos="NNS">battens</wf>
<wf cmd="done" pos="VB" lemma="be" wnsn="1" lexsn="2:42:03::">are</wf>
<wf cmd="tag" pos="CD">two</wf>
<wf cmd="tag" pos="NNS">inches</wf>
<wf cmd="tag" pos="JJ">wide</wf>
<punc>.</punc>
</s>
<s snum="58">
<wf cmd="ignore" pos="DT">The</wf>
<wf cmd="tag" pos="NN">side</wf>
<wf cmd="tag" pos="NNS">ones</wf>
<wf cmd="done" pos="VB" lemma="be" wnsn="1" lexsn="2:42:03::">are</wf>
<wf cmd="ignore" pos="DT">a</wf>
<wf cmd="tag" pos="JJ">half-inch</wf>
<wf cmd="tag" pos="JJR">narrower</wf>
<punc>.</punc>
</s>
<s snum="59">
<wf cmd="ignore" pos="DT">The</wf>
<wf cmd="tag" pos="NNS">battens</wf>
<wf cmd="done" pos="VBP" ot="notag">are</wf>
<wf cmd="tag" pos="RB">carefully</wf>
<wf cmd="done" pos="VB" lemma="fasten" wnsn="1" lexsn="2:35:01::">fastened</wf>
<wf cmd="tag" pos="RB">in_place</wf>
<wf cmd="ignore" pos="IN">after</wf>
<wf cmd="ignore" pos="DT">some</wf>
<wf cmd="tag" pos="JJ">necessary</wf>
<wf cmd="done" pos="VB" lemma="fair" wnsn="1" lexsn="2:35:00::">fairing</wf>
<wf cmd="ignore" pos="IN">on</wf>
<wf cmd="ignore" pos="DT">all</wf>
<wf cmd="tag" pos="NNS">frames</wf>
<punc>.</punc>
</s>
<s snum="60">
<wf cmd="tag" pos="NN">Glue</wf>
<wf cmd="ignore" pos="CC">and</wf>
<wf cmd="tag" pos="CD">1</wf>
<punc>-</punc>
<wf cmd="tag" pos="CD">1</wf>
<wf cmd="tag" pos="CD">2</wf>
<punc>-</punc>
<wf cmd="tag" pos="NN">inch</wf>
<punc>,</punc>
<wf cmd="tag" pos="NN">No.</wf>
<wf cmd="tag" pos="CD">10</wf>
<wf cmd="tag" pos="NNS">screws</wf>
<wf cmd="done" pos="VBP" ot="notag">are</wf>
<wf cmd="done" pos="VB" lemma="use" wnsn="1" lexsn="2:34:01::">used</wf>
<punc>.</punc>
</s>
<s snum="61">
<wf cmd="tag" pos="NNP">Placement</wf>
<wf cmd="done" pos="VB" lemma="be" wnsn="1" lexsn="2:42:03::">is</wf>
<wf cmd="tag" pos="JJ">important</wf>
<wf cmd="ignore" pos="IN">because</wf>
<wf cmd="ignore" pos="DT">the</wf>
<wf cmd="tag" pos="JJ">rear</wf>
<wf cmd="tag" pos="NN">seat</wf>
<punc>,</punc>
<wf cmd="tag" pos="NNS">bunks</wf>
<wf cmd="ignore" pos="CC">and</wf>
<wf cmd="tag" pos="NN">front</wf>
<wf cmd="tag" pos="NN">jump_seats</wf>
<wf cmd="done" pos="VB" lemma="rest_on" wnsn="1" lexsn="2:35:00::">rest_on</wf>
<wf cmd="ignore" pos="CC">or</wf>
<wf cmd="done" pos="VBP" ot="notag">are</wf>
<wf cmd="done" pos="VB" lemma="fasten" wnsn="1" lexsn="2:35:01::">fastened</wf>
<wf cmd="ignore" pos="TO">to</wf>
<wf cmd="tag" pos="JJ">many_of</wf>
<wf cmd="ignore" pos="DT">the</wf>
<wf cmd="tag" pos="NN">side</wf>
<wf cmd="tag" pos="NNS">battens</wf>
<punc>.</punc>
</s>
<s snum="62">
<wf cmd="ignore" pos="IN">With</wf>
<wf cmd="ignore" pos="DT">the</wf>
<wf cmd="tag" pos="NN">exception</wf>
<wf cmd="ignore" pos="IN">of</wf>
<wf cmd="tag" pos="CD">two</wf>
<wf cmd="tag" pos="NNS">battens</wf>
<punc>,</punc>
<wf cmd="ignore" pos="DT">all</wf>
<wf cmd="done" pos="VB" lemma="run" wnsn="3" lexsn="2:42:00::">run</wf>
<wf cmd="ignore" pos="TO">to</wf>
<wf cmd="ignore" pos="DT">the</wf>
<wf cmd="tag" pos="NN">stem</wf>
<wf cmd="ignore" pos="WRB">where</wf>
<wf cmd="ignore" pos="PRP">they</wf>
<wf cmd="done" pos="VBP" ot="notag">are</wf>
<wf cmd="done" pos="VB" lemma="glue" wnsn="1" lexsn="2:35:00::">glued</wf>
<wf cmd="ignore" pos="CC">and</wf>
<wf cmd="done" pos="VB" lemma="screw" wnsn="0" lexsn="2:35:00::">screwed</wf>
<wf cmd="ignore" pos="IN">after</wf>
<wf cmd="tag" pos="JJ">careful</wf>
<wf cmd="done" pos="VB" lemma="bevel" wnsn="1" lexsn="2:35:00::">beveling</wf>
<punc>.</punc>
</s>
<s snum="63">
<wf cmd="ignore" pos="DT">The</wf>
<wf cmd="tag" pos="NNS">chines</wf>
<wf cmd="done" pos="VB" lemma="go_in" wnsn="0" lexsn="2:42:00::">go_in</wf>
<wf cmd="ignore" pos="DT">the</wf>
<wf cmd="tag" pos="JJ">same</wf>
<wf cmd="tag" pos="NN">way</wf>
<wf cmd="ignore" pos="IN">except</wf>
<wf cmd="ignore" pos="IN">that</wf>
<wf cmd="ignore" pos="PRP">they</wf>
<wf cmd="done" pos="VBP" ot="notag">are</wf>
<wf cmd="done" pos="VB" lemma="make" wnsn="3" lexsn="2:36:00::">made</wf>
<wf cmd="ignore" pos="IN">of</wf>
<wf cmd="tag" pos="CD">two</wf>
<wf cmd="tag" pos="NNS">pieces</wf>
<wf cmd="ignore" pos="IN">of</wf>
<wf cmd="tag" pos="JJ">two-inch</wf>
<wf cmd="tag" pos="NN">wood</wf>
<wf cmd="ignore" pos="IN">for</wf>
<wf cmd="tag" pos="NN">strength</wf>
<wf cmd="ignore" pos="CC">and</wf>
<wf cmd="tag" pos="JJR">easier</wf>
<wf cmd="done" pos="VB" lemma="bend" wnsn="1" lexsn="2:38:00::">bending</wf>
<punc>.</punc>
</s>
</p>
<p pnum="13">
<s snum="64">
<wf cmd="tag" pos="NN">Fairing</wf>
<wf cmd="done" pos="VB" lemma="be" wnsn="2" lexsn="2:42:06::">is</wf>
<wf cmd="tag" pos="RB">always</wf>
<wf cmd="ignore" pos="DT">a</wf>
<wf cmd="tag" pos="JJ">tedious</wf>
<wf cmd="tag" pos="NN">job</wf>
<wf cmd="ignore" pos="CC">but</wf>
<wf cmd="ignore" pos="DT">the</wf>
<wf cmd="tag" pos="NN">work</wf>
<wf cmd="ignore" pos="MD">can</wf>
<wf cmd="done" pos="VB" ot="notag">be</wf>
<wf cmd="done" pos="VB" lemma="cut_down" wnsn="1" lexsn="2:30:00::">cut_down</wf>
<wf cmd="tag" pos="RB">considerably</wf>
<wf cmd="ignore" pos="IN">with</wf>
<wf cmd="ignore" pos="DT">a</wf>
<wf cmd="tag" pos="JJ">Skill</wf>
<wf cmd="tag" pos="NN">planer</wf>
<wf cmd="ignore" pos="CC">and</wf>
<wf cmd="ignore" pos="DT">a</wf>
<wf cmd="tag" pos="JJ">simple</wf>
<wf cmd="tag" pos="NN">jig</wf>
<punc>.</punc>
</s>
<s snum="65">
<wf cmd="ignore" pos="PRP">I</wf>
<wf cmd="done" pos="VB" lemma="clamp" wnsn="1" lexsn="2:35:00::">clamped</wf>
<wf cmd="ignore" pos="DT">a</wf>
<wf cmd="tag" pos="CD">30</wf>
<punc>-</punc>
<wf cmd="tag" pos="NN">inch</wf>
<wf cmd="tag" pos="NN">piece</wf>
<wf cmd="ignore" pos="IN">of</wf>
<wf cmd="tag" pos="NN">aluminum</wf>
<wf cmd="ignore" pos="TO">to</wf>
<wf cmd="ignore" pos="DT">the</wf>
<wf cmd="tag" pos="NN">base</wf>
<wf cmd="ignore" pos="IN">of</wf>
<wf cmd="ignore" pos="DT">the</wf>
<wf cmd="tag" pos="NN">planer</wf>
<wf cmd="ignore" pos="IN">with</wf>
<wf cmd="ignore" pos="DT">a</wf>
<wf cmd="tag" pos="NN">pair</wf>
<wf cmd="ignore" pos="IN">of</wf>
<wf cmd="tag" pos="RB">Sure</wf>
<wf cmd="tag" pos="NNS">Grips</wf>
<punc>.</punc>
</s>
<s snum="66">
<wf cmd="ignore" pos="DT">The</wf>
<wf cmd="tag" pos="NN">aluminum</wf>
<punc>,</punc>
<wf cmd="tag" pos="JJ">flush</wf>
<wf cmd="ignore" pos="IN">against</wf>
<wf cmd="ignore" pos="DT">the</wf>
<wf cmd="tag" pos="NNS">battens</wf>
<punc>,</punc>
<wf cmd="done" pos="VB" lemma="act_as" wnsn="1" lexsn="2:42:00::">acted_as</wf>
<wf cmd="ignore" pos="DT">a</wf>
<wf cmd="tag" pos="NN">fairing</wf>
<wf cmd="tag" pos="NN">stick</wf>
<wf cmd="ignore" pos="CC">and</wf>
<wf cmd="done" pos="VB" lemma="enable" wnsn="1" lexsn="2:30:00::">enabled</wf>
<wf cmd="ignore" pos="PRP">me</wf>
<wf cmd="ignore" pos="TO">to</wf>
<wf cmd="done" pos="VB" lemma="plane" wnsn="1" lexsn="2:35:00::">plane</wf>
<wf cmd="ignore" pos="DT">the</wf>
<wf cmd="tag" pos="NNS">chines</wf>
<wf cmd="ignore" pos="CC">and</wf>
<wf cmd="tag" pos="NN">keelson</wf>
<wf cmd="ignore" pos="TO">to</wf>
<wf cmd="ignore" pos="DT">the</wf>
<wf cmd="tag" pos="JJ">proper</wf>
<wf cmd="tag" pos="NNS">bevels</wf>
<wf cmd="tag" pos="RB">easily</wf>
<punc>.</punc>
</s>
<s snum="67">
<wf cmd="ignore" pos="IN">If</wf>
<wf cmd="ignore" pos="PRP">you</wf>
<wf cmd="done" pos="VBP" ot="notag">do</wf>
<wf cmd="tag" pos="RB">n't</wf>
<wf cmd="done" pos="VB" lemma="own" wnsn="1" lexsn="2:40:00::">own</wf>
<wf cmd="ignore" pos="DT">a</wf>
<wf cmd="tag" pos="NN">planer</wf>
<wf cmd="ignore" pos="CC">and</wf>
<wf cmd="done" pos="VBP" ot="notag">do</wf>
<wf cmd="tag" pos="RB">n't</wf>
<wf cmd="done" pos="VB" lemma="want" wnsn="1" lexsn="2:37:00::">want</wf>
<wf cmd="done" pos="VB" ot="notag">to</wf>
<wf cmd="done" pos="VB" lemma="buy" wnsn="1" lexsn="2:40:00::">buy</wf>
<wf cmd="tag" pos="CD">one</wf>
<punc>,</punc>
<wf cmd="ignore" pos="PRP">it</wf>
<wf cmd="done" pos="VBZ" ot="notag">'s</wf>
<wf cmd="tag" pos="RB">well</wf>
<wf cmd="tag" pos="JJ">worth</wf>
<wf cmd="done" pos="VB" lemma="rent" wnsn="2" lexsn="2:40:01::">renting</wf>
<punc>.</punc>
</s>
</p>
<p pnum="14">
<s snum="68">
<wf cmd="ignore" pos="DT">The</wf>
<wf cmd="tag" pos="NN">planking</wf>
<wf cmd="done" pos="VB" lemma="be" wnsn="2" lexsn="2:42:06::">is</wf>
<wf cmd="tag" pos="JJ">five-ply</wf>
<punc>,</punc>
<wf cmd="tag" pos="CD">3</wf>
<wf cmd="tag" pos="CD">8</wf>
<punc>-</punc>
<wf cmd="tag" pos="JJ">inch-thick</wf>
<wf cmd="tag" pos="NNP">Weldwood_Royal_Marine</wf>
<wf cmd="tag" pos="NN">plywood</wf>
<punc>.</punc>
</s>
<s snum="69">
<wf cmd="ignore" pos="DT">This</wf>
<wf cmd="ignore" pos="MD">can</wf>
<wf cmd="done" pos="VB" ot="notag">be</wf>
<wf cmd="done" pos="VB" lemma="obtain" wnsn="1" lexsn="2:40:00::">obtained</wf>
<wf cmd="ignore" pos="IN">in</wf>
<wf cmd="tag" pos="CD">42</wf>
<punc>-</punc>
<wf cmd="tag" pos="NN">inch</wf>
<wf cmd="tag" pos="NNS">widths</wf>
<wf cmd="tag" pos="CD">24</wf>
<wf cmd="tag" pos="NNS">feet</wf>
<wf cmd="tag" pos="JJ">long</wf>
<punc>.</punc>
</s>
<s snum="70">
<wf cmd="ignore" pos="DT">The</wf>
<wf cmd="tag" pos="CD">42</wf>
<punc>-</punc>
<wf cmd="tag" pos="NN">inch</wf>
<wf cmd="tag" pos="NN">width</wf>
<wf cmd="done" pos="VB" lemma="leave" wnsn="11" lexsn="2:42:03::">leaves</wf>
<wf cmd="tag" pos="RB">very</wf>
<wf cmd="tag" pos="JJ">little</wf>
<wf cmd="tag" pos="NN">waste</wf>
<punc>.</punc>
</s>
<s snum="71">
<wf cmd="tag" pos="CD">Four</wf>
<wf cmd="tag" pos="NNS">pieces</wf>
<wf cmd="done" pos="VBP" ot="notag">are</wf>
<wf cmd="done" pos="VB" lemma="use" wnsn="1" lexsn="2:34:01::">used</wf>
<punc>.</punc>
</s>
<s snum="72">
<wf cmd="done" pos="VB" lemma="plank" wnsn="1" lexsn="2:35:00::">Plank</wf>
<wf cmd="ignore" pos="DT">the</wf>
<wf cmd="tag" pos="NNS">sides</wf>
<wf cmd="tag" pos="JJ">first</wf>
<punc>,</punc>
<wf cmd="done" pos="VB" lemma="use" wnsn="1" lexsn="2:34:01::">using</wf>
<wf cmd="tag" pos="NN">glue</wf>
<wf cmd="ignore" pos="CC">and</wf>
<wf cmd="tag" pos="JJ">one-inch</wf>
<punc>,</punc>
<wf cmd="tag" pos="NN">No.</wf>
<wf cmd="tag" pos="CD">12</wf>
<wf cmd="tag" pos="JJ">Stronghold</wf>
<wf cmd="tag" pos="NNS">nails</wf>
<wf cmd="tag" pos="RB">at_all</wf>
<wf cmd="tag" pos="NNS">battens</wf>
<punc>,</punc>
<wf cmd="ignore" pos="DT">the</wf>
<wf cmd="tag" pos="NN">stem</wf>
<wf cmd="ignore" pos="CC">and</wf>
<wf cmd="ignore" pos="DT">the</wf>
<wf cmd="tag" pos="NN">transom</wf>
<punc>.</punc>
</s>
<s snum="73">
<wf cmd="ignore" pos="DT">Another</wf>
<wf cmd="tag" pos="NN">person</wf>
<wf cmd="ignore" pos="IN">inside</wf>
<wf cmd="ignore" pos="IN">with</wf>
<wf cmd="ignore" pos="DT">a</wf>
<wf cmd="tag" pos="NN">weight</wf>
<wf cmd="ignore" pos="IN">against</wf>
<wf cmd="ignore" pos="DT">each</wf>
<wf cmd="tag" pos="NN">batten</wf>
<wf cmd="ignore" pos="MD">will</wf>
<wf cmd="done" pos="VB" lemma="help" wnsn="1" lexsn="2:41:00::">help</wf>
<wf cmd="ignore" pos="IN">in</wf>
<wf cmd="ignore" pos="DT">the</wf>
<wf cmd="tag" pos="NN">fastening</wf>
<punc>.</punc>
</s>
<s snum="74">
<wf cmd="ignore" pos="DT">The</wf>
<wf cmd="tag" pos="JJS">best</wf>
<wf cmd="tag" pos="NN">procedure</wf>
<wf cmd="done" pos="VB" lemma="be" wnsn="2" lexsn="2:42:06::">is</wf>
<wf cmd="ignore" pos="TO">to</wf>
<wf cmd="done" pos="VB" lemma="have" wnsn="5" lexsn="2:30:00::">have</wf>
<wf cmd="tag" pos="JJ">a_few</wf>
<wf cmd="tag" pos="NNS">friends</wf>
<wf cmd="done" pos="VB" lemma="hold" wnsn="1" lexsn="2:42:00::">hold</wf>
<wf cmd="ignore" pos="DT">the</wf>
<wf cmd="tag" pos="NN">planking</wf>
<wf cmd="tag" pos="RB">in_place</wf>
<wf cmd="ignore" pos="IN">while</wf>
<wf cmd="ignore" pos="PRP">you</wf>
<wf cmd="done" pos="VB" lemma="mark" wnsn="1" lexsn="2:35:09::">mark</wf>
<wf cmd="ignore" pos="PRP">it</wf>
<wf cmd="tag" pos="RB">off</wf>
<punc>.</punc>
</s>
<s snum="75">
<wf cmd="tag" pos="RB">Then</wf>
<wf cmd="done" pos="VB" lemma="trim" wnsn="1" lexsn="2:35:03::">trim</wf>
<wf cmd="ignore" pos="DT">the</wf>
<wf cmd="tag" pos="NN">excess</wf>
<punc>.</punc>
</s>
<s snum="76">
<wf cmd="ignore" pos="PRP">I</wf>
<wf cmd="done" pos="VB" lemma="use" wnsn="1" lexsn="2:34:01::">used</wf>
<wf cmd="ignore" pos="DT">a</wf>
<wf cmd="tag" pos="JJ">Homemaster</wf>
<wf cmd="tag" pos="NN">Routo-Jig</wf>
<wf cmd="done" pos="VB" lemma="make" wnsn="3" lexsn="2:36:00::">made</wf>
<wf cmd="ignore" pos="IN">by</wf>
<wf cmd="tag" pos="NNP">Porter_Cable</wf>
<wf cmd="ignore" pos="IN">for</wf>
<wf cmd="ignore" pos="DT">this</wf>
<wf cmd="tag" pos="NN">job</wf>
<punc>.</punc>
</s>
<s snum="77">
<wf cmd="ignore" pos="PRP">It</wf>
<wf cmd="done" pos="VBZ" ot="notag">'s</wf>
<wf cmd="tag" pos="JJ">good</wf>
<wf cmd="ignore" pos="IN">for</wf>
<wf cmd="done" pos="VB" lemma="cut" wnsn="1" lexsn="2:35:00::">cutting</wf>
<wf cmd="ignore" pos="PDT">all</wf>
<wf cmd="ignore" pos="DT">the</wf>
<wf cmd="tag" pos="NN">planking</wf>
<wf cmd="ignore" pos="IN">because</wf>
<wf cmd="ignore" pos="PRP">it</wf>
<wf cmd="done" pos="VB" lemma="cut" wnsn="1" lexsn="2:35:00::">cuts</wf>
<wf cmd="ignore" pos="IN">with</wf>
<wf cmd="ignore" pos="DT">a</wf>
<wf cmd="tag" pos="JJ">bit-like</wf>
<wf cmd="tag" pos="NN">blade</wf>
<wf cmd="ignore" pos="IN">at</wf>
<wf cmd="tag" pos="JJ">high</wf>
<wf cmd="tag" pos="NN">rpm</wf>
<wf cmd="ignore" pos="CC">and</wf>
<wf cmd="done" pos="VBZ" ot="notag">does</wf>
<wf cmd="tag" pos="RB">not</wf>
<wf cmd="done" pos="VB" lemma="chatter" wnsn="2" lexsn="2:35:00::">chatter</wf>
<wf cmd="ignore" pos="DT">the</wf>
<wf cmd="tag" pos="NN">plywood</wf>
<wf cmd="ignore" pos="IN">like</wf>
<wf cmd="ignore" pos="DT">a</wf>
<wf cmd="tag" pos="NN">saber</wf>
<wf cmd="tag" pos="NN">saw</wf>
<punc>.</punc>
</s>
</p>
<p pnum="15">
<s snum="78">
<wf cmd="ignore" pos="WRB">When</wf>
<wf cmd="done" pos="VB" lemma="cut" wnsn="1" lexsn="2:35:00::">cut</wf>
<punc>,</punc>
<wf cmd="ignore" pos="DT">the</wf>
<wf cmd="tag" pos="NN">planking</wf>
<wf cmd="done" pos="VBZ" ot="notag">is</wf>
<wf cmd="done" pos="VB" lemma="clamp" wnsn="1" lexsn="2:35:00::">clamped</wf>
<wf cmd="tag" pos="RB">in_place</wf>
<wf cmd="ignore" pos="IN">for</wf>
<wf cmd="ignore" pos="DT">a</wf>
<wf cmd="tag" pos="JJ">final</wf>
<wf cmd="ignore" pos="CC">and</wf>
<wf cmd="tag" pos="JJ">careful</wf>
<wf cmd="tag" pos="NN">trimming</wf>
<punc>.</punc>
</s>
<s snum="79">
<wf cmd="tag" pos="RB">Then</wf>
<wf cmd="ignore" pos="PRP">it</wf>
<wf cmd="done" pos="VBZ" ot="notag">is</wf>
<wf cmd="done" pos="VB" lemma="mark" wnsn="1" lexsn="2:35:09::">marked</wf>
<wf cmd="tag" pos="RB">on_the_inside</wf>
<wf cmd="ignore" pos="WRB">where</wf>
<wf cmd="ignore" pos="PRP">it</wf>
<wf cmd="done" pos="VB" lemma="come" wnsn="3" lexsn="2:30:01::">comes</wf>
<wf cmd="done" pos="VB" ot="notag">in</wf>
<wf cmd="tag" pos="NN">contact</wf>
<wf cmd="done" pos="VB" ot="notag">with</wf>
<wf cmd="ignore" pos="DT">the</wf>
<wf cmd="tag" pos="NN">transom</wf>
<punc>,</punc>
<wf cmd="tag" pos="NNS">frames</wf>
<punc>,</punc>
<wf cmd="tag" pos="NN">keelson</wf>
<wf cmd="ignore" pos="CC">and</wf>
<wf cmd="ignore" pos="PDT">all</wf>
<wf cmd="ignore" pos="DT">the</wf>
<wf cmd="tag" pos="NNS">battens</wf>
<punc>.</punc>
</s>
<s snum="80">
<wf cmd="ignore" pos="PRP">It</wf>
<wf cmd="ignore" pos="MD">may</wf>
<wf cmd="tag" pos="RB">then</wf>
<wf cmd="done" pos="VB" ot="notag">be</wf>
<wf cmd="tag" pos="JJ">pre</wf>
<wf cmd="done" pos="VB" lemma="drill" wnsn="1" lexsn="2:35:00::">drilled</wf>
<wf cmd="ignore" pos="IN">for</wf>
<wf cmd="ignore" pos="DT">the</wf>
<wf cmd="tag" pos="NNS">fastenings</wf>
<punc>.</punc>
</s>
<s snum="81">
<wf cmd="ignore" pos="DT">The</wf>
<wf cmd="tag" pos="JJ">next</wf>
<wf cmd="tag" pos="NN">step</wf>
<wf cmd="done" pos="VB" lemma="be" wnsn="2" lexsn="2:42:06::">is</wf>
<wf cmd="ignore" pos="TO">to</wf>
<wf cmd="done" pos="VB" lemma="remove" wnsn="1" lexsn="2:30:00::">remove</wf>
<wf cmd="ignore" pos="PRP">it</wf>
<wf cmd="ignore" pos="CC">and</wf>
<wf cmd="done" pos="VB" lemma="spread" wnsn="1" lexsn="2:35:00::">spread</wf>
<wf cmd="tag" pos="NN">glue</wf>
<wf cmd="ignore" pos="WRB">where</wf>
<wf cmd="ignore" pos="PRP">it</wf>
<wf cmd="done" pos="VBZ" ot="notag">has</wf>
<wf cmd="done" pos="VBN" ot="notag">been</wf>
<wf cmd="done" pos="VB" lemma="mark" wnsn="1" lexsn="2:35:09::">marked</wf>
<wf cmd="ignore" pos="IN">at</wf>
<wf cmd="ignore" pos="DT">the</wf>
<wf cmd="tag" pos="NN">contact</wf>
<wf cmd="tag" pos="NNS">points</wf>
<punc>.</punc>
</s>
<s snum="82">
<wf cmd="tag" pos="RB">Then</wf>
<wf cmd="ignore" pos="PRP">it</wf>
<wf cmd="done" pos="VBZ" ot="notag">is</wf>
<wf cmd="done" pos="VB" lemma="replace" wnsn="3" lexsn="2:35:00::">replaced</wf>
<wf cmd="ignore" pos="CC">and</wf>
<wf cmd="done" pos="VB" lemma="fasten" wnsn="1" lexsn="2:35:01::">fastened</wf>
<punc>.</punc>
</s>
<s snum="83">
<wf cmd="ignore" pos="DT">The</wf>
<wf cmd="tag" pos="NN">bottom</wf>
<wf cmd="tag" pos="NN">planking</wf>
<wf cmd="done" pos="VBZ" ot="notag">is</wf>
<wf cmd="done" pos="VB" lemma="apply" wnsn="4" lexsn="2:35:00::">applied</wf>
<wf cmd="ignore" pos="IN">in</wf>
<wf cmd="ignore" pos="DT">the</wf>
<wf cmd="tag" pos="JJ">same</wf>
<wf cmd="tag" pos="NN">manner</wf>
<punc>.</punc>
</s>
</p>
<p pnum="16">
<s snum="84">
<wf cmd="ignore" pos="IN">After</wf>
<wf cmd="done" pos="VB" lemma="plank" wnsn="1" lexsn="2:35:00::">planking</wf>
<punc>,</punc>
<wf cmd="ignore" pos="DT">the</wf>
<wf cmd="tag" pos="NN">bottom</wf>
<wf cmd="done" pos="VB" lemma="get" wnsn="1" lexsn="2:40:00::">gets</wf>
<wf cmd="ignore" pos="DT">a</wf>
<wf cmd="tag" pos="NN">layer</wf>
<wf cmd="ignore" pos="IN">of</wf>
<wf cmd="tag" pos="JJ">Fiberglas</wf>
<punc>.</punc>
</s>
<s snum="85">
<wf cmd="ignore" pos="DT">The</wf>
<wf cmd="tag" pos="NN">spray</wf>
<wf cmd="tag" pos="NNS">rails</wf>
<wf cmd="done" pos="VBP" ot="notag">are</wf>
<wf cmd="tag" pos="JJ">first</wf>
<wf cmd="done" pos="VB" lemma="glue" wnsn="1" lexsn="2:35:00::">glued</wf>
<wf cmd="tag" pos="RB">on_the_outside</wf>
<wf cmd="ignore" pos="CC">and</wf>
<wf cmd="done" pos="VB" lemma="fasten" wnsn="1" lexsn="2:35:01::">fastened</wf>
<wf cmd="ignore" pos="IN">from</wf>
<wf cmd="ignore" pos="DT">the</wf>
<wf cmd="tag" pos="JJ">inside</wf>
<wf cmd="ignore" pos="IN">with</wf>
<wf cmd="tag" pos="NNS">screws</wf>
<punc>.</punc>
</s>
<s snum="86">
<wf cmd="tag" pos="RB">Then</wf>
<wf cmd="ignore" pos="DT">the</wf>
<wf cmd="tag" pos="NNS">chines</wf>
<wf cmd="done" pos="VBP" ot="notag">are</wf>
<wf cmd="done" pos="VB" lemma="round_off" wnsn="1" lexsn="2:30:01::">rounded_off</wf>
<wf cmd="ignore" pos="CC">and</wf>
<wf cmd="ignore" pos="DT">the</wf>
<wf cmd="tag" pos="NN">bottom</wf>
<wf cmd="done" pos="VBZ" ot="notag">is</wf>
<wf cmd="tag" pos="JJ">rough</wf>
<wf cmd="done" pos="VB" lemma="sand" wnsn="1" lexsn="2:35:00::">sanded</wf>
<wf cmd="ignore" pos="IN">in</wf>
<wf cmd="tag" pos="NN">preparation</wf>
<punc>.</punc>
</s>
<s snum="87">
<wf cmd="ignore" pos="IN">Since</wf>
<wf cmd="ignore" pos="DT">the</wf>
<wf cmd="tag" pos="NNS">sides</wf>
<wf cmd="done" pos="VBP" ot="notag">are</wf>
<wf cmd="tag" pos="RB">also</wf>
<wf cmd="done" pos="VB" lemma="cover" wnsn="1" lexsn="2:35:00::">covered</wf>
<wf cmd="done" pos="VB" ot="notag">up</wf>
<wf cmd="ignore" pos="TO">to</wf>
<wf cmd="ignore" pos="DT">the</wf>
<wf cmd="tag" pos="NN">spray</wf>
<wf cmd="tag" pos="NNS">rails</wf>
<punc>,</punc>
<wf cmd="ignore" pos="PRP">they</wf>
<wf cmd="done" pos="VBP" ot="notag">are</wf>
<wf cmd="tag" pos="RB">also</wf>
<wf cmd="tag" pos="JJ">rough</wf>
<wf cmd="done" pos="VB" lemma="sand" wnsn="1" lexsn="2:35:00::">sanded</wf>
<wf cmd="tag" pos="RB">in_that</wf>
<wf cmd="tag" pos="NN">area</wf>
<punc>.</punc>
</s>
<s snum="88">
<wf cmd="ignore" pos="DT">The</wf>
<wf cmd="tag" pos="NN">cloth</wf>
<wf cmd="done" pos="VBZ" ot="notag">is</wf>
<wf cmd="done" pos="VB" lemma="lay" wnsn="1" lexsn="2:35:01::">laid</wf>
<wf cmd="done" pos="VB" ot="notag">on</wf>
<wf cmd="tag" pos="CD">one</wf>
<wf cmd="tag" pos="NN">half</wf>
<wf cmd="ignore" pos="IN">of</wf>
<wf cmd="ignore" pos="DT">the</wf>
<wf cmd="tag" pos="NN">bottom</wf>
<wf cmd="tag" pos="RB">at_a_time</wf>
<punc>.</punc>
</s>
<s snum="89">
<wf cmd="ignore" pos="DT">A</wf>
<wf cmd="tag" pos="CD">50</wf>
<punc>-</punc>
<wf cmd="tag" pos="NN">inch</wf>
<wf cmd="tag" pos="NN">width</wf>
<wf cmd="done" pos="VBZ" ot="notag">is</wf>
<wf cmd="done" pos="VB" lemma="use" wnsn="1" lexsn="2:34:01::">used</wf>
<wf cmd="ignore" pos="IN">on</wf>
<wf cmd="ignore" pos="DT">each</wf>
<wf cmd="tag" pos="NN">side</wf>
<wf cmd="ignore" pos="CC">and</wf>
<wf cmd="ignore" pos="PRP">it</wf>
<wf cmd="done" pos="VB" lemma="lap" wnsn="1" lexsn="2:42:00::">laps</wf>
<wf cmd="ignore" pos="DT">the</wf>
<wf cmd="tag" pos="NN">keel</wf>
<wf cmd="tag" pos="NN">line</wf>
<wf cmd="ignore" pos="IN">by</wf>
<wf cmd="ignore" pos="IN">about</wf>
<wf cmd="tag" pos="CD">three</wf>
<wf cmd="tag" pos="NNS">inches</wf>
<punc>.</punc>
</s>
<s snum="90">
<wf cmd="done" pos="VB" lemma="lie" wnsn="0" lexsn="2:35:01::">Lay</wf>
<wf cmd="ignore" pos="DT">the</wf>
<wf cmd="tag" pos="NN">cloth</wf>
<wf cmd="tag" pos="RB">in_place</wf>
<wf cmd="ignore" pos="CC">and</wf>
<wf cmd="done" pos="VB" lemma="trim" wnsn="1" lexsn="2:35:03::">trim</wf>
<wf cmd="ignore" pos="PRP">it</wf>
<wf cmd="ignore" pos="TO">to</wf>
<wf cmd="tag" pos="NN">size</wf>
<punc>.</punc>
</s>
<s snum="91">
<wf cmd="tag" pos="RB">Then</wf>
<wf cmd="done" pos="VB" lemma="remove" wnsn="1" lexsn="2:30:00::">remove</wf>
<wf cmd="ignore" pos="PRP">it</wf>
<wf cmd="ignore" pos="CC">and</wf>
<wf cmd="done" pos="VB" lemma="give" wnsn="18" lexsn="2:32:03::">give</wf>
<wf cmd="ignore" pos="DT">the</wf>
<wf cmd="tag" pos="JJ">whole</wf>
<wf cmd="tag" pos="NN">bottom</wf>
<wf cmd="ignore" pos="DT">a</wf>
<wf cmd="tag" pos="NN">coat</wf>
<wf cmd="ignore" pos="IN">of</wf>
<wf cmd="tag" pos="NN">resin</wf>
<punc>.</punc>
</s>
<s snum="92">
<wf cmd="ignore" pos="WRB">When</wf>
<wf cmd="ignore" pos="DT">the</wf>
<wf cmd="tag" pos="NN">resin</wf>
<wf cmd="done" pos="VBZ" ot="notag">has</wf>
<wf cmd="done" pos="VB" lemma="harden" wnsn="1" lexsn="2:30:00::">hardened</wf>
<punc>,</punc>
<wf cmd="done" pos="VB" lemma="mix" wnsn="1" lexsn="2:30:00::">mix</wf>
<wf cmd="done" pos="VB" ot="notag">up</wf>
<wf cmd="ignore" pos="DT">another</wf>
<wf cmd="tag" pos="NN">batch</wf>
<wf cmd="ignore" pos="IN">with</wf>
<wf cmd="ignore" pos="DT">a</wf>
<wf cmd="tag" pos="NN">pigment</wf>
<wf cmd="done" pos="VB" lemma="add" wnsn="1" lexsn="2:30:00::">added</wf>
<wf cmd="ignore" pos="IN">if</wf>
<wf cmd="ignore" pos="PRP">you</wf>
<wf cmd="done" pos="VB" lemma="wish" wnsn="2" lexsn="2:37:02::">wish</wf>
<punc>.</punc>
</s>
<s snum="93">
<wf cmd="ignore" pos="PRP">I</wf>
<wf cmd="done" pos="VB" lemma="use" wnsn="1" lexsn="2:34:01::">used</wf>
<wf cmd="tag" pos="JJ">bright</wf>
<wf cmd="tag" pos="JJ">red</wf>
<punc>,</punc>
<wf cmd="done" rdf="mixing_in" pos="VB" lemma="mix_in" wnsn="1" lexsn="2:30:00::">mixing</wf>
<wf cmd="ignore" pos="DT">the</wf>
<wf cmd="tag" pos="NN">pigment</wf>
<wf cmd="ignore" pos="IN">in</wf>
<wf cmd="tag" pos="RB">thoroughly</wf>
<wf cmd="ignore" pos="IN">before</wf>
<wf cmd="done" pos="VB" lemma="add" wnsn="1" lexsn="2:30:00::">adding</wf>
<wf cmd="ignore" pos="DT">the</wf>
<wf cmd="tag" pos="NN">hardener</wf>
<punc>.</punc>
</s>
<s snum="94">
<wf cmd="done" pos="VB" lemma="use" wnsn="1" lexsn="2:34:01::">Using</wf>
<wf cmd="ignore" pos="DT">a</wf>
<wf cmd="tag" pos="JJ">cheap</wf>
<wf cmd="tag" pos="NN">brush</wf>
<punc>,</punc>
<wf cmd="done" pos="VB" lemma="coat" wnsn="1" lexsn="2:35:00::">coat</wf>
<wf cmd="tag" pos="CD">one</wf>
<wf cmd="tag" pos="NN">side</wf>
<wf cmd="ignore" pos="IN">of</wf>
<wf cmd="ignore" pos="DT">the</wf>
<wf cmd="tag" pos="NN">bottom</wf>
<wf cmd="ignore" pos="IN">with</wf>
<wf cmd="ignore" pos="DT">the</wf>
<wf cmd="tag" pos="NN">resin</wf>
<wf cmd="tag" pos="RB">and_then</wf>
<wf cmd="done" pos="VB" lemma="apply" wnsn="4" lexsn="2:35:00::">apply</wf>
<wf cmd="ignore" pos="DT">the</wf>
<wf cmd="tag" pos="NN">cloth</wf>
<punc>.</punc>
</s>
<s snum="95">
<wf cmd="ignore" pos="WRB">When</wf>
<wf cmd="ignore" pos="DT">the</wf>
<wf cmd="tag" pos="NN">cloth</wf>
<wf cmd="done" pos="VB" lemma="be" wnsn="1" lexsn="2:42:03::">is</wf>
<wf cmd="tag" pos="JJ">smooth</wf>
<punc>,</punc>
<wf cmd="done" pos="VB" lemma="apply" wnsn="4" lexsn="2:35:00::">apply</wf>
<wf cmd="ignore" pos="DT">another</wf>
<wf cmd="tag" pos="NN">coat</wf>
<wf cmd="ignore" pos="IN">of</wf>
<wf cmd="tag" pos="NN">resin</wf>
<punc>,</punc>
<wf cmd="done" pos="VB" lemma="spread" wnsn="1" lexsn="2:35:00::">spreading</wf>
<wf cmd="ignore" pos="PRP">it</wf>
<wf cmd="ignore" pos="IN">with</wf>
<wf cmd="ignore" pos="DT">a</wf>
<wf cmd="tag" pos="NN">paint_roller</wf>
<punc>.</punc>
</s>
<s snum="96">
<wf cmd="done" pos="VB" lemma="be" wnsn="1" lexsn="2:42:03::">Be</wf>
<wf cmd="tag" pos="JJ">sure</wf>
<wf cmd="ignore" pos="PRP">it</wf>
<wf cmd="done" pos="VB" lemma="be" wnsn="1" lexsn="2:42:03::">is</wf>
<wf cmd="tag" pos="JJ">well</wf>
<wf cmd="tag" pos="JJ">saturated</wf>
<wf cmd="tag" pos="RB">and_then</wf>
<wf cmd="done" pos="VB" lemma="allow" wnsn="4" lexsn="2:31:01::">allow</wf>
<wf cmd="ignore" pos="PRP">it</wf>
<wf cmd="ignore" pos="TO">to</wf>
<wf cmd="done" pos="VB" lemma="harden" wnsn="1" lexsn="2:30:00::">harden</wf>
<punc>.</punc>
</s>
</p>
<p pnum="17">
<s snum="97">
<wf cmd="ignore" pos="WRB">When</wf>
<wf cmd="ignore" pos="DT">the</wf>
<wf cmd="tag" pos="JJ">whole</wf>
<wf cmd="tag" pos="NN">bottom</wf>
<wf cmd="done" pos="VBZ" ot="notag">has</wf>
<wf cmd="done" pos="VB" lemma="harden" wnsn="1" lexsn="2:30:00::">hardened</wf>
<punc>,</punc>
<wf cmd="done" pos="VB" lemma="use" wnsn="1" lexsn="2:34:01::">use</wf>
<wf cmd="ignore" pos="DT">a</wf>
<wf cmd="tag" pos="NN">disk</wf>
<wf cmd="tag" pos="NN">sander</wf>
<wf cmd="ignore" pos="TO">to</wf>
<wf cmd="done" pos="VB" lemma="feather" wnsn="1" lexsn="2:35:01::">feather</wf>
<wf cmd="ignore" pos="DT">the</wf>
<wf cmd="tag" pos="NNS">edges</wf>
<wf cmd="ignore" pos="IN">of</wf>
<wf cmd="ignore" pos="DT">the</wf>
<wf cmd="tag" pos="NN">cloth</wf>
<wf cmd="ignore" pos="IN">at</wf>
<wf cmd="ignore" pos="DT">the</wf>
<wf cmd="tag" pos="NN">keel</wf>
<wf cmd="tag" pos="NN">line</wf>
<wf cmd="ignore" pos="CC">and</wf>
<wf cmd="ignore" pos="IN">near</wf>
<wf cmd="ignore" pos="DT">the</wf>
<wf cmd="tag" pos="NN">spray</wf>
<wf cmd="tag" pos="NN">rail</wf>
<punc>.</punc>
</s>
<s snum="98">
<wf cmd="tag" pos="RB">Then</wf>
<wf cmd="done" pos="VB" lemma="lay" wnsn="1" lexsn="2:35:01::">lay</wf>
<wf cmd="ignore" pos="DT">a</wf>
<wf cmd="tag" pos="JJ">three-inch-wide</wf>
<wf cmd="tag" pos="NN">strip</wf>
<wf cmd="ignore" pos="IN">of</wf>
<wf cmd="tag" pos="NN">cloth</wf>
<wf cmd="ignore" pos="IN">along</wf>
<wf cmd="ignore" pos="DT">the</wf>
<wf cmd="tag" pos="NN">keel</wf>
<wf cmd="tag" pos="NN">line</wf>
<wf cmd="ignore" pos="IN">from</wf>
<wf cmd="ignore" pos="DT">the</wf>
<wf cmd="tag" pos="NN">transom</wf>
<wf cmd="tag" pos="JJ">to_the_point</wf>
<wf cmd="ignore" pos="IN">of</wf>
<wf cmd="ignore" pos="DT">the</wf>
<wf cmd="tag" pos="NN">stem</wf>
<punc>.</punc>
</s>
<s snum="99">
<wf cmd="ignore" pos="IN">Before</wf>
<wf cmd="ignore" pos="DT">the</wf>
<wf cmd="tag" pos="NN">resin</wf>
<wf cmd="done" pos="VBZ" ot="notag">has</wf>
<wf cmd="done" pos="VB" lemma="harden" wnsn="1" lexsn="2:30:00::">hardened</wf>
<punc>,</punc>
<wf cmd="done" pos="VB" lemma="screw" wnsn="0" lexsn="2:35:00::">screw</wf>
<wf cmd="ignore" pos="DT">a</wf>
<wf cmd="tag" pos="JJ">one-inch</wf>
<wf cmd="tag" pos="NN">mahogany</wf>
<wf cmd="tag" pos="NN">keel</wf>
<wf cmd="tag" pos="NN">strip</wf>
<wf cmd="ignore" pos="IN">along</wf>
<wf cmd="ignore" pos="DT">the</wf>
<wf cmd="tag" pos="NN">centerline</wf>
<punc>.</punc>
</s>
<s snum="100">
<wf cmd="ignore" pos="DT">This</wf>
<wf cmd="done" pos="VB" lemma="protect" wnsn="1" lexsn="2:33:00::">protects</wf>
<wf cmd="ignore" pos="DT">the</wf>
<wf cmd="tag" pos="NN">bottom</wf>
<wf cmd="ignore" pos="IN">in</wf>
<wf cmd="tag" pos="NN">beaching</wf>
<punc>.</punc>
</s>
<s snum="101">
<wf cmd="tag" pos="JJ">Fiberglas</wf>
<wf cmd="tag" pos="NNS">materials</wf>
<wf cmd="done" pos="VB" lemma="be" wnsn="1" lexsn="2:42:03::">are</wf>
<wf cmd="tag" pos="JJ">available</wf>
<wf cmd="ignore" pos="IN">from</wf>
<wf cmd="tag" pos="NNP">Glass_Plastic_Supply_Co.</wf>
<punc>,</punc>
<wf cmd="tag" pos="CD">1605</wf>
<wf cmd="tag" pos="NNP">W._Elizabeth_ave.</wf>
<punc>,</punc>
<wf cmd="tag" pos="NNP">Linden</wf>
<punc>,</punc>
<wf cmd="tag" pos="NNP">N._J.</wf>
<punc>.</punc>
</s>
<s snum="102">
<wf cmd="ignore" pos="PRP">They</wf>
<wf cmd="ignore" pos="MD">will</wf>
<wf cmd="tag" pos="RB">also</wf>
<wf cmd="done" pos="VB" lemma="supply" wnsn="1" lexsn="2:40:00::">supply</wf>
<wf cmd="tag" pos="NN">literature</wf>
<wf cmd="ignore" pos="IN">on</wf>
<wf cmd="tag" pos="NN">application</wf>
<punc>.</punc>
</s>
</p>
<p pnum="18">
<s snum="103">
<wf cmd="ignore" pos="DT">The</wf>
<wf cmd="tag" pos="NN">hull</wf>
<wf cmd="done" pos="VBZ" ot="notag">is</wf>
<wf cmd="tag" pos="RB">now</wf>
<wf cmd="done" pos="VB" lemma="turn_over" wnsn="2" lexsn="2:38:02::">turned_over</wf>
<punc>(</punc>
<wf cmd="ignore" pos="IN">with</wf>
<wf cmd="ignore" pos="DT">the</wf>
<wf cmd="tag" pos="NN">help</wf>
<wf cmd="ignore" pos="IN">of</wf>
<wf cmd="ignore" pos="IN">about</wf>
<wf cmd="tag" pos="CD">seven</wf>
<wf cmd="tag" pos="NNS">friends</wf>
<punc>)</punc>
<wf cmd="ignore" pos="CC">and</wf>
<wf cmd="done" pos="VB" lemma="place" wnsn="1" lexsn="2:35:00::">placed</wf>
<wf cmd="ignore" pos="IN">in</wf>
<wf cmd="tag" pos="NN">a_level</wf>
<punc>,</punc>
<wf cmd="tag" pos="JJ">well-braced</wf>
<wf cmd="tag" pos="NN">position</wf>
<punc>.</punc>
</s>
<s snum="104">
<wf cmd="ignore" pos="PRP">I</wf>
<wf cmd="done" pos="VB" lemma="set" wnsn="1" lexsn="2:35:00::">set</wf>
<wf cmd="ignore" pos="PRP">it</wf>
<wf cmd="ignore" pos="IN">on</wf>
<wf cmd="ignore" pos="DT">the</wf>
<wf cmd="tag" pos="JJ">Gator</wf>
<wf cmd="tag" pos="NN">trailer</wf>
<punc>.</punc>
</s>
<s snum="105">
<wf cmd="ignore" pos="PRP">I</wf>
<wf cmd="done" pos="VB" lemma="lay" wnsn="1" lexsn="2:35:01::">laid</wf>
<wf cmd="tag" pos="CD">three</wf>
<wf cmd="tag" pos="NNS">layers</wf>
<wf cmd="ignore" pos="IN">of</wf>
<wf cmd="tag" pos="NN">glass</wf>
<wf cmd="tag" pos="NN">cloth</wf>
<wf cmd="tag" pos="RB">on_the_inside</wf>
<wf cmd="ignore" pos="IN">of</wf>
<wf cmd="ignore" pos="DT">the</wf>
<wf cmd="tag" pos="NN">stem</wf>
<punc>,</punc>
<wf cmd="tag" pos="RB">also</wf>
<wf cmd="done" pos="VB" lemma="instal" wnsn="1" lexsn="2:35:00::">installing</wf>
<wf cmd="ignore" pos="DT">a</wf>
<wf cmd="tag" pos="NN">bow</wf>
<wf cmd="tag" pos="NN">eye</wf>
<wf cmd="ignore" pos="IN">at</wf>
<wf cmd="ignore" pos="DT">this</wf>
<wf cmd="tag" pos="NN">time</wf>
<punc>.</punc>
</s>
<s snum="106">
<wf cmd="ignore" pos="IN">For</wf>
<wf cmd="tag" pos="JJ">added</wf>
<wf cmd="tag" pos="NN">strength</wf>
<punc>,</punc>
<wf cmd="ignore" pos="PRP">I</wf>
<wf cmd="tag" pos="RB">also</wf>
<wf cmd="done" pos="VB" lemma="fasten" wnsn="1" lexsn="2:35:01::">fastened</wf>
<wf cmd="ignore" pos="DT">a</wf>
<wf cmd="tag" pos="JJ">small</wf>
<wf cmd="tag" pos="NN">block</wf>
<wf cmd="ignore" pos="IN">on</wf>
<wf cmd="ignore" pos="DT">each</wf>
<wf cmd="tag" pos="NN">side</wf>
<wf cmd="ignore" pos="IN">of</wf>
<wf cmd="ignore" pos="DT">every</wf>
<wf cmd="tag" pos="NN">frame</wf>
<wf cmd="ignore" pos="CC">and</wf>
<wf cmd="tag" pos="NN">batten</wf>
<wf cmd="tag" pos="JJ">joint</wf>
<punc>.</punc>
</s>
<s snum="107">
<wf cmd="tag" pos="RB">Again</wf>
<punc>,</punc>
<wf cmd="ignore" pos="DT">these</wf>
<wf cmd="tag" pos="NNS">blocks</wf>
<wf cmd="done" pos="VBD" ot="notag">were</wf>
<wf cmd="done" pos="VB" lemma="set" wnsn="6" lexsn="2:35:02::">set</wf>
<wf cmd="done" pos="VB" ot="notag">in</wf>
<wf cmd="tag" pos="JJ">resin-saturated</wf>
<wf cmd="tag" pos="NN">glass</wf>
<wf cmd="tag" pos="NN">cloth</wf>
<wf cmd="ignore" pos="CC">and</wf>
<wf cmd="done" pos="VB" lemma="nail" wnsn="1" lexsn="2:35:00::">nailed</wf>
<punc>.</punc>
</s>
</p>
<p pnum="19">
<s snum="108">
<wf cmd="ignore" pos="IN">After</wf>
<wf cmd="done" pos="VB" lemma="trim" wnsn="1" lexsn="2:35:03::">trimming</wf>
<wf cmd="ignore" pos="IN">off</wf>
<wf cmd="ignore" pos="DT">the</wf>
<wf cmd="tag" pos="NN">excess</wf>
<wf cmd="ignore" pos="IN">on</wf>
<wf cmd="ignore" pos="DT">the</wf>
<wf cmd="tag" pos="NNS">frames</wf>
<wf cmd="ignore" pos="CC">and</wf>
<wf cmd="tag" pos="NN">transom</wf>
<wf cmd="ignore" pos="WDT">which</wf>
<wf cmd="done" pos="VBD" ot="notag">was</wf>
<wf cmd="done" pos="VB" lemma="use" wnsn="1" lexsn="2:34:01::">used</wf>
<wf cmd="tag" pos="TO">to</wf>
<wf cmd="done" pos="VB" lemma="fasten" wnsn="1" lexsn="2:35:01::">fasten</wf>
<wf cmd="ignore" pos="PRP">them</wf>
<wf cmd="ignore" pos="TO">to</wf>
<wf cmd="ignore" pos="DT">the</wf>
<wf cmd="tag" pos="NN">jig</wf>
<wf cmd="ignore" pos="IN">at</wf>
<wf cmd="ignore" pos="DT">a</wf>
<wf cmd="tag" pos="JJ">working</wf>
<wf cmd="tag" pos="NN">height</wf>
<punc>,</punc>
<wf cmd="ignore" pos="DT">the</wf>
<wf cmd="tag" pos="NN">top</wf>
<wf cmd="ignore" pos="IN">of</wf>
<wf cmd="ignore" pos="DT">the</wf>
<wf cmd="tag" pos="NN">side</wf>
<wf cmd="tag" pos="NN">planking</wf>
<wf cmd="done" pos="VB" ot="notag">is_installed</wf>
<punc>.</punc>
</s>
<s snum="109">
<wf cmd="ignore" pos="DT">This</wf>
<wf cmd="done" pos="VB" ot="notag">is</wf>
<wf cmd="done" pos="VB" lemma="make_up" wnsn="1" lexsn="2:42:00::">made_up</wf>
<wf cmd="done" pos="VB" ot="notag">of</wf>
<wf cmd="tag" pos="NNS">scraps</wf>
<wf cmd="tag" pos="JJ">left_over</wf>
<wf cmd="ignore" pos="IN">from</wf>
<wf cmd="ignore" pos="DT">the</wf>
<wf cmd="tag" pos="NNS">sides</wf>
<wf cmd="ignore" pos="CC">and</wf>
<wf cmd="tag" pos="NN">bottom</wf>
<punc>.</punc>
</s>
<s snum="110">
<wf cmd="ignore" pos="DT">These</wf>
<wf cmd="tag" pos="JJ">flaring</wf>
<wf cmd="tag" pos="NNS">parts</wf>
<wf cmd="tag" pos="RB">really</wf>
<wf cmd="done" pos="VB" lemma="help" wnsn="1" lexsn="2:41:00::">help</wf>
<wf cmd="ignore" pos="TO">to</wf>
<wf cmd="done" pos="VB" lemma="keep" wnsn="1" lexsn="2:42:00::">keep</wf>
<wf cmd="ignore" pos="DT">the</wf>
<wf cmd="tag" pos="NN">boat</wf>
<wf cmd="tag" pos="JJ">dry</wf>
<punc>.</punc>
</s>
<s snum="111">
<wf cmd="ignore" pos="WRB">When</wf>
<wf cmd="ignore" pos="PRP">they</wf>
<wf cmd="done" pos="VBP" ot="notag">'re</wf>
<wf cmd="tag" pos="RB">on</wf>
<punc>,</punc>
<wf cmd="ignore" pos="DT">the</wf>
<wf cmd="tag" pos="JJ">top</wf>
<wf cmd="tag" pos="NNS">edges</wf>
<wf cmd="done" pos="VBP" ot="notag">are</wf>
<wf cmd="done" pos="VB" lemma="plane" wnsn="1" lexsn="2:35:00::">planed</wf>
<wf cmd="tag" pos="RB">even</wf>
<wf cmd="ignore" pos="IN">with</wf>
<wf cmd="ignore" pos="DT">the</wf>
<wf cmd="tag" pos="JJ">sheer</wf>
<wf cmd="tag" pos="NN">batten</wf>
<punc>.</punc>
</s>
</p>
<p pnum="20">
<s snum="112">
<wf cmd="ignore" pos="DT">The</wf>
<wf cmd="tag" pos="NNS">sides</wf>
<wf cmd="ignore" pos="IN">of</wf>
<wf cmd="ignore" pos="DT">the</wf>
<wf cmd="tag" pos="NN">motor</wf>
<wf cmd="tag" pos="RB">well</wf>
<wf cmd="done" pos="VB" lemma="run" wnsn="3" lexsn="2:42:00::">run</wf>
<wf cmd="ignore" pos="IN">from</wf>
<wf cmd="ignore" pos="DT">the</wf>
<wf cmd="tag" pos="NN">bottom</wf>
<wf cmd="tag" pos="NNS">battens</wf>
<wf cmd="ignore" pos="TO">to</wf>
<wf cmd="ignore" pos="DT">the</wf>
<wf cmd="tag" pos="JJ">top</wf>
<wf cmd="ignore" pos="CC">and</wf>
<wf cmd="ignore" pos="IN">from</wf>
<wf cmd="tag" pos="NN">frame</wf>
<wf cmd="tag" pos="CD">six</wf>
<wf cmd="ignore" pos="TO">to</wf>
<wf cmd="ignore" pos="DT">the</wf>
<wf cmd="tag" pos="NN">transom</wf>
<punc>,</punc>
<wf cmd="done" pos="VB" lemma="form" wnsn="2" lexsn="2:42:00::">forming</wf>
<wf cmd="ignore" pos="DT">a</wf>
<wf cmd="tag" pos="JJ">real</wf>
<wf cmd="tag" pos="JJ">strong</wf>
<wf cmd="tag" pos="NN">transom</wf>
<wf cmd="tag" pos="NN">brace</wf>
<punc>.</punc>
</s>
<s snum="113">
<wf cmd="done" pos="VB" lemma="note" wnsn="2" lexsn="2:39:00::">Note</wf>
<wf cmd="ignore" pos="DT">another</wf>
<wf cmd="tag" pos="NN">piece</wf>
<wf cmd="ignore" pos="IN">of</wf>
<wf cmd="tag" pos="NN">wood</wf>
<wf cmd="tag" pos="CD">six</wf>
<wf cmd="tag" pos="NNS">inches</wf>
<wf cmd="tag" pos="JJ">wide</wf>
<wf cmd="done" pos="VBZ" ot="notag">is</wf>
<wf cmd="done" pos="VB" lemma="fasten" wnsn="1" lexsn="2:35:01::">fastened</wf>
<wf cmd="ignore" pos="TO">to</wf>
<wf cmd="ignore" pos="DT">the</wf>
<wf cmd="tag" pos="NN">transom</wf>
<wf cmd="ignore" pos="IN">between</wf>
<wf cmd="ignore" pos="DT">these</wf>
<wf cmd="tag" pos="NNS">pieces</wf>
<punc>.</punc>
</s>
</p>
<p pnum="21">
<s snum="114">
<wf cmd="ignore" pos="DT">The</wf>
<wf cmd="tag" pos="NN">decking</wf>
<wf cmd="done" pos="VB" lemma="be" wnsn="2" lexsn="2:42:06::">is</wf>
<wf cmd="tag" pos="JJ">quarter-inch</wf>
<wf cmd="tag" pos="NN">mahogany</wf>
<wf cmd="tag" pos="NN">marine</wf>
<wf cmd="tag" pos="NN">plywood</wf>
<punc>.</punc>
</s>
<s snum="115">
<wf cmd="ignore" pos="PDT">All</wf>
<wf cmd="ignore" pos="DT">the</wf>
<wf cmd="tag" pos="NN">flooring</wf>
<wf cmd="ignore" pos="CC">and</wf>
<wf cmd="ignore" pos="DT">the</wf>
<wf cmd="tag" pos="NN">storage</wf>
<wf cmd="tag" pos="NN">bin</wf>
<wf cmd="done" pos="VB" lemma="be" wnsn="2" lexsn="2:42:06::">is</wf>
<wf cmd="tag" pos="JJ">half-inch</wf>
<wf cmd="tag" pos="JJ">exterior</wf>
<wf cmd="tag" pos="NN">fir</wf>
<wf cmd="tag" pos="NN">plywood</wf>
<punc>.</punc>
</s>
<s snum="116">
<wf cmd="tag" pos="JJS">Most</wf>
<wf cmd="tag" pos="NN">floor</wf>
<wf cmd="tag" pos="NNS">battens</wf>
<wf cmd="done" pos="VBP" ot="notag">are</wf>
<wf cmd="done" pos="VB" lemma="glue" wnsn="1" lexsn="2:35:00::">glued</wf>
<wf cmd="ignore" pos="CC">and</wf>
<wf cmd="done" pos="VB" lemma="screw" wnsn="0" lexsn="2:35:00::">screwed</wf>
<wf cmd="ignore" pos="TO">to</wf>
<wf cmd="ignore" pos="DT">the</wf>
<wf cmd="tag" pos="NN">flooring</wf>
<punc>.</punc>
</s>
<s snum="117">
<wf cmd="ignore" pos="DT">The</wf>
<wf cmd="tag" pos="NN">exception</wf>
<wf cmd="done" pos="VB" lemma="be" wnsn="2" lexsn="2:42:06::">is</wf>
<wf cmd="ignore" pos="WRB">where</wf>
<wf cmd="ignore" pos="DT">the</wf>
<wf cmd="tag" pos="NN">flooring</wf>
<wf cmd="done" pos="VB" lemma="butt" wnsn="1" lexsn="2:35:02::">butts</wf>
<punc>.</punc>
</s>
<s snum="118">
<wf cmd="ignore" pos="DT">These</wf>
<wf cmd="tag" pos="NNS">battens</wf>
<wf cmd="done" pos="VBP" ot="notag">are</wf>
<wf cmd="done" pos="VB" lemma="glue" wnsn="1" lexsn="2:35:00::">glued</wf>
<wf cmd="ignore" pos="CC">and</wf>
<wf cmd="done" pos="VB" lemma="screw" wnsn="0" lexsn="2:35:00::">screwed</wf>
<wf cmd="ignore" pos="TO">to</wf>
<wf cmd="ignore" pos="DT">the</wf>
<wf cmd="tag" pos="NNS">frames</wf>
<punc>.</punc>
</s>
</p>
<p pnum="22">
<s snum="119">
<wf cmd="ignore" pos="IN">With</wf>
<wf cmd="ignore" pos="DT">all</wf>
<wf cmd="tag" pos="NN">deck</wf>
<wf cmd="tag" pos="NNS">battens</wf>
<wf cmd="tag" pos="RB">in_place</wf>
<punc>,</punc>
<wf cmd="ignore" pos="DT">the</wf>
<wf cmd="tag" pos="NN">bilge</wf>
<wf cmd="done" pos="VBZ" ot="notag">is</wf>
<wf cmd="done" pos="VB" lemma="clean" wnsn="1" lexsn="2:35:00::">cleaned</wf>
<wf cmd="ignore" pos="CC">and</wf>
<wf cmd="done" pos="VB" lemma="paint" wnsn="2" lexsn="2:35:00::">painted</wf>
<wf cmd="tag" pos="JJ">up_to</wf>
<wf cmd="ignore" pos="DT">the</wf>
<wf cmd="tag" pos="NN">floor</wf>
<wf cmd="tag" pos="NN">line</wf>
<punc>.</punc>
</s>
<s snum="120">
<wf cmd="done" pos="VB" lemma="use" wnsn="1" lexsn="2:34:01::">Use</wf>
<wf cmd="tag" pos="CD">one</wf>
<wf cmd="tag" pos="NN">coat</wf>
<wf cmd="ignore" pos="IN">of</wf>
<wf cmd="tag" pos="NN">Firzite</wf>
<wf cmd="ignore" pos="CC">and</wf>
<wf cmd="tag" pos="CD">one</wf>
<wf cmd="tag" pos="NN">coat</wf>
<wf cmd="ignore" pos="IN">of</wf>
<wf cmd="tag" pos="NN">marine</wf>
<wf cmd="tag" pos="NN">paint</wf>
<punc>.</punc>
</s>
<s snum="121">
<wf cmd="tag" pos="NNS">Bottoms</wf>
<wf cmd="ignore" pos="IN">of</wf>
<wf cmd="ignore" pos="DT">the</wf>
<wf cmd="tag" pos="NNS">floorboards</wf>
<wf cmd="done" pos="VBP" ot="notag">are</wf>
<wf cmd="tag" pos="RB">also</wf>
<wf cmd="done" pos="VB" lemma="paint" wnsn="2" lexsn="2:35:00::">painted</wf>
<wf cmd="ignore" pos="CC">and</wf>
<wf cmd="ignore" pos="DT">the</wf>
<wf cmd="tag" pos="NN">flooring</wf>
<wf cmd="done" pos="VBZ" ot="notag">is</wf>
<wf cmd="tag" pos="RB">then</wf>
<wf cmd="done" pos="VB" lemma="screw" wnsn="0" lexsn="2:35:00::">screwed</wf>
<wf cmd="tag" pos="RB">in_place</wf>
<punc>.</punc>
</s>
</p>
<p pnum="23">
<s snum="122">
<wf cmd="ignore" pos="IN">After</wf>
<wf cmd="ignore" pos="DT">the</wf>
<wf cmd="tag" pos="NN">decking</wf>
<wf cmd="done" pos="VB" lemma="be" wnsn="1" lexsn="2:42:03::">is</wf>
<wf cmd="tag" pos="JJ">on</wf>
<punc>,</punc>
<wf cmd="ignore" pos="DT">the</wf>
<wf cmd="tag" pos="NN">cabin</wf>
<wf cmd="tag" pos="NNS">sides</wf>
<wf cmd="done" pos="VB" ot="notag">are_installed</wf>
<punc>.</punc>
</s>
<s snum="123">
<wf cmd="ignore" pos="PRP">They</wf>
<wf cmd="done" pos="VBP" ot="notag">'re</wf>
<wf cmd="done" pos="VB" lemma="follow" wnsn="1" lexsn="2:38:00::">followed</wf>
<wf cmd="ignore" pos="IN">by</wf>
<wf cmd="ignore" pos="DT">the</wf>
<wf cmd="tag" pos="NN">front</wf>
<wf cmd="ignore" pos="CC">and</wf>
<wf cmd="tag" pos="JJ">rear</wf>
<wf cmd="tag" pos="NNS">bulkheads</wf>
<wf cmd="ignore" pos="IN">as</wf>
<wf cmd="done" pos="VB" lemma="illustrate" wnsn="2" lexsn="2:36:00::">illustrated</wf>
<punc>.</punc>
</s>
<s snum="124">
<wf cmd="ignore" pos="DT">The</wf>
<wf cmd="tag" pos="NN">windshield</wf>
<wf cmd="tag" pos="NN">glass</wf>
<wf cmd="done" pos="VB" lemma="be" wnsn="1" lexsn="2:42:03::">is</wf>
<wf cmd="tag" pos="JJ">shatterproof</wf>
<wf cmd="ignore" pos="CC">and</wf>
<wf cmd="tag" pos="NN">Plexiglas</wf>
<wf cmd="done" pos="VBZ" ot="notag">is</wf>
<wf cmd="done" pos="VB" lemma="use" wnsn="1" lexsn="2:34:01::">used</wf>
<wf cmd="ignore" pos="IN">in</wf>
<wf cmd="ignore" pos="DT">the</wf>
<wf cmd="tag" pos="NN">cabin</wf>
<punc>.</punc>
</s>
</p>
<p pnum="24">
<s snum="125">
<wf cmd="tag" pos="RB">Inside</wf>
<punc>,</punc>
<wf cmd="tag" pos="NNS">bunks</wf>
<wf cmd="done" pos="VBP" ot="notag">are</wf>
<wf cmd="done" pos="VB" lemma="frame_up" wnsn="1" lexsn="2:36:00::">framed_up</wf>
<wf cmd="ignore" pos="CC">and</wf>
<wf cmd="done" pos="VB" lemma="instal" wnsn="1" lexsn="2:35:00::">installed</wf>
<wf cmd="ignore" pos="IN">as</wf>
<wf cmd="done" pos="VB" lemma="indicate" wnsn="2" lexsn="2:32:03::">indicated</wf>
<punc>.</punc>
</s>
<s snum="126">
<wf cmd="ignore" pos="DT">A</wf>
<wf cmd="tag" pos="NN">head</wf>
<wf cmd="done" pos="VB" lemma="be" wnsn="2" lexsn="2:42:06::">is</wf>
<wf cmd="ignore" pos="DT">a</wf>
<wf cmd="tag" pos="JJ">handy</wf>
<wf cmd="tag" pos="NN">thing</wf>
<wf cmd="ignore" pos="TO">to</wf>
<wf cmd="done" pos="VB" lemma="have" wnsn="1" lexsn="2:40:00::">have</wf>
<wf cmd="ignore" pos="CC">and</wf>
<wf cmd="ignore" pos="PRP">I</wf>
<wf cmd="done" pos="VB" lemma="instal" wnsn="1" lexsn="2:35:00::">installed</wf>
<wf cmd="tag" pos="CD">one</wf>
<wf cmd="ignore" pos="IN">under</wf>
<wf cmd="ignore" pos="DT">a</wf>
<wf cmd="tag" pos="JJ">removable</wf>
<wf cmd="tag" pos="NN">section</wf>
<wf cmd="ignore" pos="IN">of</wf>
<wf cmd="ignore" pos="DT">the</wf>
<wf cmd="tag" pos="NN">port</wf>
<wf cmd="tag" pos="NN">bunk</wf>
<punc>.</punc>
</s>
<s snum="127">
<wf cmd="ignore" pos="DT">The</wf>
<wf cmd="tag" pos="NN">sink</wf>
<wf cmd="done" pos="VB" ot="notag">in</wf>
<wf cmd="ignore" pos="DT">the</wf>
<wf cmd="tag" pos="JJ">hinged</wf>
<wf cmd="tag" pos="NN">panel</wf>
<wf cmd="ignore" pos="IN">above</wf>
<wf cmd="ignore" pos="DT">the</wf>
<wf cmd="tag" pos="NN">bunk</wf>
<wf cmd="done" pos="VB" lemma="drain" wnsn="1" lexsn="2:38:00::">drains</wf>
<wf cmd="ignore" pos="IN">into</wf>
<wf cmd="ignore" pos="DT">the</wf>
<wf cmd="tag" pos="NN">head</wf>
<wf cmd="ignore" pos="CC">and</wf>
<wf cmd="ignore" pos="DT">a</wf>
<wf cmd="tag" pos="JJ">five-gallon</wf>
<wf cmd="tag" pos="NN">water_tank</wf>
<wf cmd="done" pos="VBZ" ot="notag">is</wf>
<wf cmd="done" pos="VB" lemma="mount" wnsn="1" lexsn="2:35:00::">mounted</wf>
<wf cmd="ignore" pos="IN">on</wf>
<wf cmd="ignore" pos="DT">the</wf>
<wf cmd="tag" pos="NN">bulkhead</wf>
<wf cmd="ignore" pos="IN">above</wf>
<wf cmd="ignore" pos="DT">the</wf>
<wf cmd="tag" pos="NN">sink</wf>
<punc>.</punc>
</s>
<s snum="128">
<wf cmd="ignore" pos="IN">For</wf>
<wf cmd="tag" pos="NN">padding</wf>
<wf cmd="ignore" pos="DT">the</wf>
<wf cmd="tag" pos="NNS">seats</wf>
<wf cmd="ignore" pos="CC">and</wf>
<wf cmd="tag" pos="NNS">bunks</wf>
<punc>,</punc>
<wf cmd="ignore" pos="PRP">I</wf>
<wf cmd="done" pos="VB" lemma="use" wnsn="1" lexsn="2:34:01::">used</wf>
<wf cmd="tag" pos="NN">Ensolite</wf>
<punc>,</punc>
<wf cmd="tag" pos="NN">Type</wf>
<wf cmd="tag" pos="NNP">M</wf>
<punc>.</punc>
</s>
<s snum="129">
<wf cmd="tag" pos="JJ">Lightweight</wf>
<punc>,</punc>
<wf cmd="tag" pos="JJ">non-absorbent</wf>
<punc>,</punc>
<wf cmd="tag" pos="NN">fire</wf>
<wf cmd="tag" pos="JJ">resistant</wf>
<wf cmd="ignore" pos="CC">and</wf>
<wf cmd="tag" pos="RB">dimensionally</wf>
<wf cmd="tag" pos="JJ">stable</wf>
<punc>,</punc>
<wf cmd="ignore" pos="PRP">it</wf>
<wf cmd="done" pos="VBZ" ot="notag">is</wf>
<wf cmd="tag" pos="RB">easily</wf>
<wf cmd="done" pos="VB" lemma="bond" wnsn="1" lexsn="2:35:00::">bonded</wf>
<wf cmd="ignore" pos="TO">to</wf>
<wf cmd="ignore" pos="DT">the</wf>
<wf cmd="tag" pos="NN">wood</wf>
<wf cmd="ignore" pos="IN">with</wf>
<wf cmd="tag" pos="NN">contact</wf>
<wf cmd="tag" pos="NN">cement</wf>
<punc>.</punc>
</s>
<s snum="130">
<wf cmd="tag" pos="JJ">Available</wf>
<wf cmd="ignore" pos="IN">in</wf>
<punc>*</punc>
<punc>*</punc>
<wf cmd="tag" pos="NN">f</wf>
<wf cmd="tag" pos="NNS">sheets</wf>
<punc>,</punc>
<wf cmd="ignore" pos="PRP">it</wf>
<wf cmd="done" pos="VB" lemma="cost" wnsn="1" lexsn="2:42:00::">costs</wf>
<wf cmd="ignore" pos="IN">about</wf>
<wf cmd="ignore" pos="DT">a</wf>
<wf cmd="tag" pos="NN">dollar</wf>
<wf cmd="ignore" pos="DT">a</wf>
<wf cmd="tag" pos="NN">square_foot</wf>
<punc>.</punc>
</s>
</p>
</context>
</contextfile>
