<contextfile concordance="brown">
<context filename="br-e17" paras="yes">
<p pnum="1">
<s snum="1">
<wf cmd="ignore" pos="PRP">You</wf>
<wf cmd="ignore" pos="MD">can</wf>
<wf cmd="done" pos="VB" lemma="build" wnsn="1" lexsn="2:36:00::">build</wf>
<wf cmd="ignore" pos="DT">this</wf>
<wf cmd="tag" pos="NN">vacation</wf>
<wf cmd="tag" pos="NN">cottage</wf>
<wf cmd="ignore" pos="PRP">yourself</wf>
<punc>.</punc>
</s>
<s snum="2">
<wf cmd="ignore" pos="PRP">It</wf>
<wf cmd="done" pos="VB" lemma="be" wnsn="2" lexsn="2:42:06::">is</wf>
<wf cmd="ignore" pos="DT">a</wf>
<wf cmd="tag" pos="JJ">full</wf>
<wf cmd="tag" pos="NN">scale</wf>
<punc>,</punc>
<wf cmd="tag" pos="JJ">small</wf>
<punc>,</punc>
<wf cmd="ignore" pos="CC">but</wf>
<wf cmd="tag" pos="JJ">efficient</wf>
<wf cmd="tag" pos="NN">house</wf>
<wf cmd="ignore" pos="WDT">that</wf>
<wf cmd="ignore" pos="MD">can</wf>
<wf cmd="done" pos="VB" lemma="become" wnsn="2" lexsn="2:42:01::">become</wf>
<wf cmd="ignore" pos="DT">a</wf>
<wf cmd="tag" pos="NN">year</wf>
<punc>'</punc>
<wf cmd="tag" pos="NN">round</wf>
<wf cmd="tag" pos="NN">retreat</wf>
<wf cmd="tag" pos="JJ">complete</wf>
<wf cmd="ignore" pos="IN">in</wf>
<wf cmd="ignore" pos="DT">every</wf>
<wf cmd="tag" pos="NN">detail</wf>
<punc>.</punc>
</s>
<s snum="3">
<wf cmd="ignore" pos="IN">Because</wf>
<wf cmd="ignore" pos="IN">of</wf>
<wf cmd="ignore" pos="DT">the</wf>
<wf cmd="tag" pos="JJ">unique</wf>
<wf cmd="tag" pos="NN">design</wf>
<wf cmd="ignore" pos="IN">by</wf>
<wf cmd="ignore" pos="DT">the</wf>
<wf cmd="tag" pos="NN">architect</wf>
<wf cmd="tag" pos="NNP">Egils_Hermanovski</wf>
<punc>,</punc>
<wf cmd="ignore" pos="PRP">you</wf>
<wf cmd="ignore" pos="MD">can</wf>
<wf cmd="done" pos="VB" lemma="build" wnsn="1" lexsn="2:36:00::">build</wf>
<wf cmd="tag" pos="JJ">most_of</wf>
<wf cmd="ignore" pos="PRP">it</wf>
<wf cmd="ignore" pos="IN">in</wf>
<wf cmd="ignore" pos="PRP$">your</wf>
<wf cmd="tag" pos="JJ">own</wf>
<wf cmd="tag" pos="NN">home</wf>
<wf cmd="tag" pos="NN">workshop</wf>
<wf cmd="ignore" pos="IN">in</wf>
<wf cmd="ignore" pos="PRP$">your</wf>
<wf cmd="tag" pos="NN">spare_time</wf>
<punc>.</punc>
</s>
<s snum="4">
<wf cmd="tag" pos="JJ">Most_of</wf>
<wf cmd="ignore" pos="PRP">it</wf>
<wf cmd="done" pos="VB" lemma="be" wnsn="1" lexsn="2:42:03::">is</wf>
<wf cmd="tag" pos="NN">panelized</wf>
<wf cmd="ignore" pos="CC">and</wf>
<wf cmd="done" pos="VB" lemma="utilize" wnsn="1" lexsn="2:34:00::">utilizes</wf>
<wf cmd="tag" pos="JJ">standard</wf>
<wf cmd="tag" pos="NNS">materials</wf>
<punc>,</punc>
<wf cmd="ignore" pos="CC">and</wf>
<wf cmd="done" pos="VB" lemma="require" wnsn="1" lexsn="2:42:00::">requires</wf>
<wf cmd="ignore" pos="DT">the</wf>
<wf cmd="tag" pos="NN">use</wf>
<wf cmd="ignore" pos="IN">of</wf>
<wf cmd="tag" pos="RB">only</wf>
<wf cmd="tag" pos="JJ">simple</wf>
<wf cmd="tag" pos="NNS">tools</wf>
<punc>.</punc>
</s>
<s snum="5">
<wf cmd="ignore" pos="IN">On</wf>
<wf cmd="ignore" pos="DT">the</wf>
<wf cmd="tag" pos="JJ">following</wf>
<wf cmd="tag" pos="NNS">pages</wf>
<wf cmd="ignore" pos="CC">and</wf>
<wf cmd="ignore" pos="IN">in</wf>
<wf cmd="ignore" pos="DT">the</wf>
<wf cmd="tag" pos="JJ">following</wf>
<wf cmd="tag" pos="NNS">issues</wf>
<wf cmd="ignore" pos="PRP">we</wf>
<wf cmd="done" pos="VB" lemma="take" wnsn="3" lexsn="2:38:09::">take</wf>
<wf cmd="ignore" pos="PRP">you</wf>
<wf cmd="ignore" pos="DT">every</wf>
<wf cmd="tag" pos="NN">step</wf>
<wf cmd="ignore" pos="IN">of</wf>
<wf cmd="ignore" pos="DT">the</wf>
<wf cmd="tag" pos="NN">way</wf>
<wf cmd="ignore" pos="TO">to</wf>
<wf cmd="ignore" pos="PRP$">your</wf>
<wf cmd="tag" pos="NN">vacation</wf>
<wf cmd="tag" pos="NN">cottage</wf>
<punc>,</punc>
<wf cmd="ignore" pos="IN">from</wf>
<wf cmd="done" pos="VB" lemma="choose" wnsn="1" lexsn="2:31:00::">choosing</wf>
<wf cmd="ignore" pos="DT">the</wf>
<wf cmd="tag" pos="JJ">proper</wf>
<wf cmd="tag" pos="NN">site</wf>
<wf cmd="ignore" pos="TO">to</wf>
<wf cmd="done" pos="VB" lemma="apply" wnsn="4" lexsn="2:35:00::">applying</wf>
<wf cmd="ignore" pos="DT">the</wf>
<wf cmd="tag" pos="JJ">final</wf>
<wf cmd="tag" pos="NN">trim</wf>
<punc>.</punc>
</s>
</p>
<p pnum="2">
<s snum="6">
<wf cmd="ignore" pos="IN">In</wf>
<wf cmd="tag" pos="NN">recognition</wf>
<wf cmd="ignore" pos="IN">of</wf>
<wf cmd="ignore" pos="DT">the</wf>
<wf cmd="tag" pos="JJ">growing</wf>
<wf cmd="tag" pos="NN">trend</wf>
<wf cmd="ignore" pos="IN">for</wf>
<wf cmd="tag" pos="JJ">second</wf>
<wf cmd="tag" pos="NNS">homes</wf>
<punc>,</punc>
<wf cmd="ignore" pos="CC">or</wf>
<wf cmd="tag" pos="NN">vacation</wf>
<wf cmd="tag" pos="NNS">cottages</wf>
<punc>,</punc>
<wf cmd="ignore" pos="PRP">we</wf>
<wf cmd="done" pos="VBP" ot="notag">have</wf>
<wf cmd="done" pos="VB" lemma="design" wnsn="3" lexsn="2:36:01::">designed</wf>
<wf cmd="ignore" pos="DT">this</wf>
<wf cmd="tag" pos="CD">one</wf>
<wf cmd="tag" pos="RB">specifically</wf>
<wf cmd="ignore" pos="IN">with</wf>
<wf cmd="ignore" pos="DT">the</wf>
<wf cmd="tag" pos="NN">family</wf>
<wf cmd="tag" pos="NN">handyman</wf>
<wf cmd="ignore" pos="IN">in</wf>
<wf cmd="tag" pos="NN">mind</wf>
<punc>.</punc>
</s>
<s snum="7">
<wf cmd="ignore" pos="PRP">It</wf>
<wf cmd="done" pos="VB" lemma="be" wnsn="2" lexsn="2:42:06::">is</wf>
<wf cmd="ignore" pos="DT">a</wf>
<wf cmd="tag" pos="JJ">big</wf>
<wf cmd="tag" pos="NN">project</wf>
<punc>,</punc>
<wf cmd="tag" pos="RB">not</wf>
<wf cmd="ignore" pos="TO">to</wf>
<wf cmd="done" pos="VB" ot="notag">be</wf>
<wf cmd="done" pos="VB" lemma="take" wnsn="6" lexsn="2:31:07::">taken</wf>
<wf cmd="tag" pos="RB">lightly</wf>
<punc>.</punc>
</s>
<s snum="8">
<wf cmd="ignore" pos="CC">But</wf>
<wf cmd="ignore" pos="DT">each</wf>
<wf cmd="tag" pos="NN">step</wf>
<wf cmd="done" pos="VBZ" ot="notag">has</wf>
<wf cmd="done" pos="VBN" ot="notag">been</wf>
<wf cmd="done" pos="VB" lemma="break_down" wnsn="2" lexsn="2:31:00::">broken_down</wf>
<wf cmd="ignore" pos="IN">into</wf>
<wf cmd="tag" pos="JJ">easy</wf>
<wf cmd="tag" pos="NNS">stages</wf>
<punc>,</punc>
<wf cmd="done" pos="VB" lemma="utilize" wnsn="1" lexsn="2:34:00::">utilizing</wf>
<wf cmd="tag" pos="JJ">standard</wf>
<wf cmd="tag" pos="NNS">materials</wf>
<wf cmd="ignore" pos="CC">and</wf>
<wf cmd="tag" pos="JJ">simple</wf>
<wf cmd="tag" pos="NNS">tools</wf>
<punc>,</punc>
<wf cmd="tag" pos="RB">well</wf>
<wf cmd="ignore" pos="IN">within</wf>
<wf cmd="ignore" pos="DT">the</wf>
<wf cmd="tag" pos="NNS">capabilities</wf>
<wf cmd="ignore" pos="IN">of</wf>
<wf cmd="ignore" pos="DT">the</wf>
<wf cmd="tag" pos="NN">handyman</wf>
<punc>.</punc>
</s>
</p>
<p pnum="3">
<s snum="9">
<wf cmd="ignore" pos="DT">The</wf>
<wf cmd="tag" pos="NN">idea</wf>
<wf cmd="ignore" pos="IN">behind</wf>
<wf cmd="ignore" pos="PRP$">our</wf>
<wf cmd="tag" pos="NN">design</wf>
<wf cmd="done" pos="VB" lemma="be" wnsn="2" lexsn="2:42:06::">is</wf>
<wf cmd="tag" pos="JJ">modular</wf>
<wf cmd="tag" pos="NNS">units</wf>
<punc>,</punc>
<wf cmd="ignore" pos="CC">or</wf>
<wf cmd="tag" pos="NN">panelization</wf>
<punc>.</punc>
</s>
<s snum="10">
<wf cmd="tag" pos="NN">Everything</wf>
<wf cmd="tag" pos="JJ">possible</wf>
<wf cmd="done" pos="VBZ" ot="notag">has</wf>
<wf cmd="done" pos="VBN" ot="notag">been</wf>
<wf cmd="done" pos="VB" lemma="scale" wnsn="2" lexsn="2:36:00::">scaled</wf>
<wf cmd="ignore" pos="TO">to</wf>
<wf cmd="tag" pos="JJ">standard</wf>
<wf cmd="tag" pos="NNS">sizes</wf>
<wf cmd="ignore" pos="CC">and</wf>
<wf cmd="tag" pos="NNS">measurements</wf>
<wf cmd="ignore" pos="IN">of</wf>
<wf cmd="tag" pos="NNS">materials</wf>
<punc>.</punc>
</s>
<s snum="11">
<wf cmd="tag" pos="NN">Wall</wf>
<wf cmd="tag" pos="NNS">panels</wf>
<wf cmd="ignore" pos="CC">and</wf>
<wf cmd="tag" pos="JJ">structural</wf>
<wf cmd="tag" pos="NNS">timbers</wf>
<wf cmd="done" pos="VB" lemma="be" wnsn="1" lexsn="2:42:03::">are</wf>
<wf cmd="tag" pos="JJ">standard</wf>
<wf cmd="ignore" pos="IN">as</wf>
<wf cmd="done" pos="VB" lemma="be" wnsn="1" lexsn="2:42:03::">are</wf>
<wf cmd="tag" pos="NNS">windows</wf>
<wf cmd="ignore" pos="CC">and</wf>
<wf cmd="tag" pos="NNS">doors</wf>
<punc>,</punc>
<wf cmd="done" pos="VB" lemma="make_for" wnsn="1" lexsn="2:36:00::">making_for</wf>
<wf cmd="ignore" pos="DT">a</wf>
<wf cmd="tag" pos="NN">minimum</wf>
<wf cmd="ignore" pos="IN">of</wf>
<wf cmd="tag" pos="NN">cutting</wf>
<punc>.</punc>
</s>
<s snum="12">
<wf cmd="ignore" pos="PRP">We</wf>
<wf cmd="done" pos="VBP" ot="notag">have</wf>
<wf cmd="done" pos="VB" lemma="develop" wnsn="2" lexsn="2:36:00::">developed</wf>
<wf cmd="ignore" pos="DT">an</wf>
<wf cmd="tag" pos="JJ">ingenious</wf>
<wf cmd="tag" pos="NN">method</wf>
<wf cmd="ignore" pos="IN">of</wf>
<wf cmd="done" pos="VB" lemma="interlock" wnsn="1" lexsn="2:30:00::">interlocking</wf>
<wf cmd="ignore" pos="DT">these</wf>
<wf cmd="tag" pos="RB">so_that</wf>
<wf cmd="ignore" pos="PRP">you</wf>
<wf cmd="ignore" pos="MD">can</wf>
<wf cmd="done" pos="VB" lemma="make" wnsn="3" lexsn="2:36:00::">make</wf>
<wf cmd="ignore" pos="DT">the</wf>
<wf cmd="tag" pos="JJ">major</wf>
<wf cmd="tag" pos="NN">part</wf>
<wf cmd="ignore" pos="IN">of</wf>
<wf cmd="ignore" pos="PRP$">your</wf>
<wf cmd="tag" pos="NN">house</wf>
<wf cmd="ignore" pos="IN">in</wf>
<wf cmd="ignore" pos="PRP$">your</wf>
<wf cmd="tag" pos="JJ">own</wf>
<wf cmd="tag" pos="NN">workshop</wf>
<punc>,</punc>
<wf cmd="tag" pos="NN">panel</wf>
<wf cmd="ignore" pos="IN">by</wf>
<wf cmd="tag" pos="NN">panel</wf>
<punc>,</punc>
<wf cmd="done" pos="VBG" ot="notag">according</wf>
<wf cmd="ignore" pos="TO">to</wf>
<wf cmd="tag" pos="NN">plan</wf>
<punc>.</punc>
</s>
<s snum="13">
<wf cmd="tag" pos="RB">Thus</wf>
<punc>,</punc>
<wf cmd="ignore" pos="WRB">when</wf>
<wf cmd="ignore" pos="PRP">you</wf>
<wf cmd="done" pos="VBP" ot="notag">have</wf>
<wf cmd="done" pos="VB" lemma="prepare" wnsn="1" lexsn="2:30:00::">prepared</wf>
<wf cmd="ignore" pos="PRP$">your</wf>
<wf cmd="tag" pos="NN">foundation</wf>
<wf cmd="ignore" pos="CC">and</wf>
<wf cmd="done" pos="VB" lemma="lay" wnsn="1" lexsn="2:35:01::">laid</wf>
<wf cmd="ignore" pos="DT">the</wf>
<wf cmd="tag" pos="NN">floor</wf>
<punc>,</punc>
<wf cmd="ignore" pos="DT">these</wf>
<wf cmd="ignore" pos="MD">can</wf>
<wf cmd="done" pos="VB" ot="notag">be</wf>
<wf cmd="done" pos="VB" lemma="truck" wnsn="1" lexsn="2:38:00::">trucked</wf>
<wf cmd="ignore" pos="TO">to</wf>
<wf cmd="ignore" pos="DT">the</wf>
<wf cmd="tag" pos="NN">site</wf>
<wf cmd="ignore" pos="CC">and</wf>
<wf cmd="done" pos="VB" lemma="erect" wnsn="1" lexsn="2:36:00::">erected</wf>
<wf cmd="ignore" pos="IN">with</wf>
<wf cmd="ignore" pos="DT">a</wf>
<wf cmd="tag" pos="JJ">small</wf>
<wf cmd="tag" pos="NN">crew</wf>
<wf cmd="ignore" pos="IN">of</wf>
<wf cmd="tag" pos="NNS">friends</wf>
<wf cmd="ignore" pos="IN">in</wf>
<wf cmd="ignore" pos="DT">a</wf>
<wf cmd="tag" pos="NN">weekend</wf>
<punc>.</punc>
</s>
<s snum="14">
<wf cmd="ignore" pos="DT">The</wf>
<wf cmd="tag" pos="NN">roof</wf>
<wf cmd="tag" pos="NNS">timbers</wf>
<wf cmd="done" pos="VB" lemma="be" wnsn="1" lexsn="2:42:03::">are</wf>
<wf cmd="tag" pos="JJ">precut</wf>
<wf cmd="ignore" pos="CC">and</wf>
<wf cmd="ignore" pos="DT">the</wf>
<wf cmd="tag" pos="NNS">panels</wf>
<wf cmd="tag" pos="JJ">standard</wf>
<wf cmd="tag" pos="RB">so_that</wf>
<wf cmd="ignore" pos="DT">the</wf>
<wf cmd="tag" pos="NN">house</wf>
<wf cmd="ignore" pos="MD">can</wf>
<wf cmd="done" pos="VB" ot="notag">be</wf>
<wf cmd="tag" pos="RB">completely</wf>
<wf cmd="done" pos="VB" lemma="enclose" wnsn="1" lexsn="2:35:01::">enclosed</wf>
<wf cmd="ignore" pos="IN">in</wf>
<wf cmd="ignore" pos="DT">a</wf>
<wf cmd="tag" pos="NN">matter</wf>
<wf cmd="ignore" pos="IN">of</wf>
<wf cmd="tag" pos="CD">three</wf>
<wf cmd="ignore" pos="CC">or</wf>
<wf cmd="tag" pos="CD">four</wf>
<wf cmd="tag" pos="NNS">days</wf>
<punc>.</punc>
</s>
<s snum="15">
<wf cmd="tag" pos="RB">Then</wf>
<wf cmd="ignore" pos="PRP">you</wf>
<wf cmd="ignore" pos="MD">can</wf>
<wf cmd="done" pos="VB" lemma="do" wnsn="2" lexsn="2:36:01::">do</wf>
<wf cmd="ignore" pos="DT">the</wf>
<wf cmd="tag" pos="NN">finishing</wf>
<wf cmd="tag" pos="NNS">touches</wf>
<wf cmd="ignore" pos="IN">at</wf>
<wf cmd="ignore" pos="PRP$">your</wf>
<wf cmd="tag" pos="NN">leisure</wf>
<punc>.</punc>
</s>
</p>
<p pnum="4">
<s snum="16">
<wf cmd="tag" pos="JJ">Due_to</wf>
<wf cmd="ignore" pos="DT">the</wf>
<wf cmd="tag" pos="NN">fact</wf>
<wf cmd="ignore" pos="IN">that</wf>
<wf cmd="tag" pos="NN">building_codes</wf>
<wf cmd="ignore" pos="CC">and</wf>
<wf cmd="tag" pos="NNS">regulations</wf>
<wf cmd="done" pos="VB" lemma="vary" wnsn="2" lexsn="2:42:00::">vary</wf>
<wf cmd="tag" pos="RB">so_much</wf>
<wf cmd="ignore" pos="IN">throughout</wf>
<wf cmd="ignore" pos="DT">the</wf>
<wf cmd="tag" pos="NN">country</wf>
<punc>,</punc>
<wf cmd="ignore" pos="DT">the</wf>
<wf cmd="tag" pos="JJ">first</wf>
<wf cmd="tag" pos="NN">thing</wf>
<wf cmd="ignore" pos="TO">to</wf>
<wf cmd="done" pos="VB" lemma="do" wnsn="1" lexsn="2:41:01::">do</wf>
<wf cmd="done" pos="VB" lemma="be" wnsn="2" lexsn="2:42:06::">is</wf>
<wf cmd="ignore" pos="TO">to</wf>
<wf cmd="done" pos="VB" lemma="find_out" wnsn="1" lexsn="2:32:00::">find_out</wf>
<wf cmd="ignore" pos="WP">what</wf>
<punc>,</punc>
<wf cmd="ignore" pos="IN">if</wf>
<wf cmd="ignore" pos="DT">any</wf>
<punc>,</punc>
<wf cmd="ignore" pos="PRP">they</wf>
<wf cmd="done" pos="VB" lemma="be" wnsn="2" lexsn="2:42:06::">are</wf>
<punc>.</punc>
</s>
<s snum="17">
<wf cmd="tag" pos="RB">Close_to</wf>
<wf cmd="ignore" pos="DT">a</wf>
<wf cmd="tag" pos="JJ">large</wf>
<wf cmd="tag" pos="NN">city</wf>
<wf cmd="ignore" pos="PRP">they</wf>
<wf cmd="ignore" pos="MD">might</wf>
<wf cmd="tag" pos="RB">even</wf>
<wf cmd="done" pos="VB" lemma="specify" wnsn="3" lexsn="2:42:00::">specify</wf>
<wf cmd="ignore" pos="DT">the</wf>
<wf cmd="tag" pos="NN">size</wf>
<wf cmd="ignore" pos="IN">of</wf>
<wf cmd="ignore" pos="DT">the</wf>
<wf cmd="tag" pos="NNS">nails</wf>
<wf cmd="done" pos="VB" lemma="use" wnsn="1" lexsn="2:34:01::">used</wf>
<punc>;</punc>
<wf cmd="ignore" pos="IN">in</wf>
<wf cmd="ignore" pos="DT">a</wf>
<wf cmd="tag" pos="JJ">remote</wf>
<wf cmd="tag" pos="NN">section</wf>
<wf cmd="ignore" pos="EX">there</wf>
<wf cmd="ignore" pos="MD">might</wf>
<wf cmd="done" pos="VB" lemma="be" wnsn="4" lexsn="2:42:00::">be</wf>
<wf cmd="ignore" pos="DT">no</wf>
<wf cmd="tag" pos="NNS">restrictions</wf>
<wf cmd="tag" pos="RB">at_all</wf>
<punc>.</punc>
</s>
<s snum="18">
<wf cmd="ignore" pos="DT">This</wf>
<wf cmd="ignore" pos="MD">can</wf>
<wf cmd="tag" pos="RB">usually</wf>
<wf cmd="done" pos="VB" lemma="be" wnsn="1" lexsn="2:42:03::">be</wf>
<wf cmd="done" pos="VB" lemma="find_out" wnsn="1" lexsn="2:32:00::">found_out</wf>
<wf cmd="ignore" pos="IN">at</wf>
<wf cmd="ignore" pos="DT">the</wf>
<wf cmd="tag" pos="JJS">nearest</wf>
<wf cmd="tag" pos="NN">town_hall</wf>
<punc>.</punc>
</s>
<s snum="19">
<wf cmd="tag" pos="RB">At_the_same_time</wf>
<wf cmd="done" pos="VB" lemma="check" wnsn="1" lexsn="2:31:00::">check</wf>
<wf cmd="ignore" pos="DT">the</wf>
<wf cmd="tag" pos="JJ">electrical</wf>
<punc>,</punc>
<wf cmd="tag" pos="NN">plumbing</wf>
<punc>,</punc>
<wf cmd="ignore" pos="CC">and</wf>
<wf cmd="tag" pos="JJ">sanitary</wf>
<wf cmd="tag" pos="NNS">requirements</wf>
<punc>,</punc>
<wf cmd="tag" pos="RB">as_well</wf>
<wf cmd="ignore" pos="IN">as</wf>
<wf cmd="tag" pos="JJ">possible</wf>
<wf cmd="tag" pos="NN">zoning</wf>
<wf cmd="tag" pos="NNS">regulations</wf>
<punc>.</punc>
</s>
<s snum="20">
<wf cmd="ignore" pos="IN">Whether</wf>
<wf cmd="tag" pos="NN">electricity</wf>
<wf cmd="ignore" pos="CC">and</wf>
<wf cmd="tag" pos="JJ">public</wf>
<wf cmd="tag" pos="NN">water</wf>
<wf cmd="ignore" pos="CC">and</wf>
<wf cmd="tag" pos="NNS">sewers</wf>
<wf cmd="done" pos="VB" lemma="be" wnsn="1" lexsn="2:42:03::">are</wf>
<wf cmd="tag" pos="JJ">available</wf>
<wf cmd="ignore" pos="CC">or</wf>
<wf cmd="tag" pos="RB">not</wf>
<punc>,</punc>
<wf cmd="done" pos="VB" lemma="check" wnsn="1" lexsn="2:31:00::">check</wf>
<wf cmd="ignore" pos="DT">the</wf>
<wf cmd="tag" pos="JJ">local</wf>
<wf cmd="tag" pos="NNS">customs</wf>
<wf cmd="ignore" pos="IN">in</wf>
<wf cmd="ignore" pos="DT">the</wf>
<wf cmd="tag" pos="NN">use</wf>
<wf cmd="ignore" pos="IN">of</wf>
<wf cmd="tag" pos="JJ">bottled</wf>
<wf cmd="ignore" pos="CC">or</wf>
<wf cmd="tag" pos="NNP">L-P</wf>
<wf cmd="tag" pos="NN">gas</wf>
<punc>(</punc>
<wf cmd="ignore" pos="PRP">we</wf>
<wf cmd="done" pos="VB" lemma="give" wnsn="2" lexsn="2:40:05::">give</wf>
<wf cmd="ignore" pos="PRP">you</wf>
<wf cmd="tag" pos="NNS">alternatives</wf>
<wf cmd="tag" pos="RB">later_on</wf>
<punc>)</punc>
<punc>.</punc>
</s>
<s snum="21">
<wf cmd="done" pos="VB" lemma="be" wnsn="1" lexsn="2:42:03::">Be</wf>
<wf cmd="tag" pos="JJ">sure</wf>
<wf cmd="ignore" pos="IN">that</wf>
<wf cmd="ignore" pos="DT">this</wf>
<wf cmd="tag" pos="NN">information</wf>
<wf cmd="done" pos="VB" lemma="be" wnsn="1" lexsn="2:42:03::">is</wf>
<wf cmd="tag" pos="RB">reasonably</wf>
<wf cmd="tag" pos="NN">official</wf>
<wf cmd="ignore" pos="CC">and</wf>
<wf cmd="tag" pos="RB">not</wf>
<wf cmd="tag" pos="RB">just</wf>
<wf cmd="ignore" pos="DT">an</wf>
<wf cmd="tag" pos="JJ">unfounded</wf>
<wf cmd="tag" pos="NN">opinion</wf>
<punc>.</punc>
</s>
<s snum="22">
<wf cmd="ignore" pos="IN">If</wf>
<wf cmd="ignore" pos="EX">there</wf>
<wf cmd="done" pos="VB" lemma="be" wnsn="4" lexsn="2:42:00::">are</wf>
<wf cmd="ignore" pos="DT">any</wf>
<wf cmd="tag" pos="JJ">major</wf>
<wf cmd="tag" pos="NNS">restrictions</wf>
<punc>,</punc>
<wf cmd="ignore" pos="PRP">they</wf>
<wf cmd="tag" pos="RB">usually</wf>
<wf cmd="ignore" pos="MD">can</wf>
<wf cmd="done" pos="VB" ot="notag">be</wf>
<wf cmd="done" pos="VB" lemma="obtain" wnsn="1" lexsn="2:40:00::">obtained</wf>
<wf cmd="ignore" pos="IN">in</wf>
<wf cmd="tag" pos="JJ">printed</wf>
<wf cmd="tag" pos="NN">form</wf>
<punc>.</punc>
</s>
<s snum="23">
<wf cmd="ignore" pos="WRB">Where</wf>
<wf cmd="ignore" pos="DT">a</wf>
<wf cmd="tag" pos="NN">building_permit</wf>
<wf cmd="done" pos="VBZ" ot="notag">is</wf>
<wf cmd="done" pos="VB" lemma="require" wnsn="1" lexsn="2:42:00::">required</wf>
<punc>,</punc>
<wf cmd="done" pos="VB" lemma="find_out" wnsn="1" lexsn="2:32:00::">find_out</wf>
<wf cmd="ignore" pos="WP">what</wf>
<wf cmd="ignore" pos="PRP">you</wf>
<wf cmd="ignore" pos="MD">must</wf>
<wf cmd="done" pos="VB" lemma="present" wnsn="2" lexsn="2:32:00::">present</wf>
<wf cmd="ignore" pos="WRB">when</wf>
<wf cmd="done" pos="VB" lemma="apply" wnsn="3" lexsn="2:32:00::">applying</wf>
<wf cmd="ignore" pos="IN">for</wf>
<wf cmd="tag" pos="CD">one</wf>
<punc>.</punc>
</s>
<s snum="24">
<wf cmd="ignore" pos="IN">In</wf>
<wf cmd="tag" pos="JJ">many</wf>
<wf cmd="tag" pos="NNS">cases</wf>
<punc>,</punc>
<wf cmd="ignore" pos="PRP">you</wf>
<wf cmd="ignore" pos="MD">must</wf>
<wf cmd="done" pos="VB" lemma="file" wnsn="1" lexsn="2:32:02::">file</wf>
<wf cmd="ignore" pos="DT">a</wf>
<wf cmd="tag" pos="JJ">complete</wf>
<wf cmd="tag" pos="NN">set</wf>
<wf cmd="ignore" pos="IN">of</wf>
<wf cmd="tag" pos="NNS">plans</wf>
<wf cmd="ignore" pos="IN">with</wf>
<wf cmd="ignore" pos="DT">the</wf>
<wf cmd="tag" pos="JJ">local</wf>
<wf cmd="tag" pos="NN">building</wf>
<wf cmd="tag" pos="NN">inspector</wf>
<punc>.</punc>
</s>
<s snum="25">
<wf cmd="ignore" pos="DT">These</wf>
<wf cmd="ignore" pos="MD">will</wf>
<wf cmd="done" pos="VB" lemma="be" wnsn="1" lexsn="2:42:03::">be</wf>
<wf cmd="tag" pos="JJ">available</wf>
<wf cmd="ignore" pos="IN">at</wf>
<wf cmd="tag" pos="NN">cost</wf>
<wf cmd="ignore" pos="IN">from</wf>
<wf cmd="ignore" pos="PRP$">our</wf>
<wf cmd="tag" pos="NNS">Plans</wf>
<wf cmd="tag" pos="NNP">Department</wf>
<punc>.</punc>
</s>
</p>
<p pnum="5">
<s snum="26">
<wf cmd="ignore" pos="DT">Some</wf>
<wf cmd="tag" pos="JJ">general</wf>
<wf cmd="tag" pos="NNS">things</wf>
<wf cmd="ignore" pos="TO">to</wf>
<wf cmd="done" pos="VB" lemma="look_for" wnsn="1" lexsn="2:35:00::">look_for</wf>
<wf cmd="ignore" pos="IN">in</wf>
<wf cmd="ignore" pos="DT">a</wf>
<wf cmd="tag" pos="NN">site</wf>
<punc>,</punc>
<wf cmd="ignore" pos="IN">if</wf>
<wf cmd="ignore" pos="PRP">you</wf>
<wf cmd="done" pos="VBP" ot="notag">have</wf>
<wf cmd="tag" pos="RB">n't</wf>
<wf cmd="tag" pos="RB">already</wf>
<wf cmd="done" pos="VB" lemma="buy" wnsn="1" lexsn="2:40:00::">bought</wf>
<wf cmd="tag" pos="CD">one</wf>
<punc>,</punc>
<wf cmd="done" pos="VB" lemma="be" wnsn="1" lexsn="2:42:03::">are</wf>
<wf cmd="tag" pos="NN">accessibility</wf>
<punc>,</punc>
<wf cmd="tag" pos="NN">water</wf>
<wf cmd="tag" pos="NN">drainage</wf>
<punc>,</punc>
<wf cmd="ignore" pos="CC">and</wf>
<wf cmd="tag" pos="NN">orientation</wf>
<punc>.</punc>
</s>
<s snum="27">
<wf cmd="ignore" pos="WRB">How</wf>
<wf cmd="done" pos="VB" lemma="be" wnsn="1" lexsn="2:42:03::">are</wf>
<wf cmd="ignore" pos="DT">the</wf>
<wf cmd="tag" pos="NNS">roads</wf>
<punc>,</punc>
<wf cmd="tag" pos="RB">and_how</wf>
<wf cmd="ignore" pos="MD">will</wf>
<wf cmd="ignore" pos="PRP">they</wf>
<wf cmd="done" pos="VB" lemma="stand_up" wnsn="2" lexsn="2:33:00::">stand_up</wf>
<punc>?</punc>
</s>
<s snum="28">
<wf cmd="done" pos="VB" ot="notag">Is_there</wf>
<wf cmd="tag" pos="NN">evidence</wf>
<wf cmd="ignore" pos="IN">of</wf>
<wf cmd="tag" pos="NNS">wash-outs</wf>
<wf cmd="ignore" pos="IN">on</wf>
<wf cmd="ignore" pos="DT">the</wf>
<wf cmd="tag" pos="NN">property</wf>
<punc>;</punc>
<wf cmd="tag" pos="JJ">swampy</wf>
<wf cmd="tag" pos="NNS">areas</wf>
<wf cmd="ignore" pos="CC">or</wf>
<wf cmd="tag" pos="JJ">intermittent</wf>
<wf cmd="tag" pos="NNS">springs</wf>
<punc>?</punc>
</s>
<s snum="29">
<wf cmd="ignore" pos="DT">A</wf>
<wf cmd="tag" pos="NN">visit</wf>
<wf cmd="ignore" pos="IN">in</wf>
<wf cmd="ignore" pos="DT">the</wf>
<wf cmd="tag" pos="JJ">early</wf>
<wf cmd="tag" pos="NN">spring</wf>
<wf cmd="ignore" pos="IN">after</wf>
<wf cmd="ignore" pos="DT">a</wf>
<wf cmd="tag" pos="NN">thaw</wf>
<wf cmd="ignore" pos="MD">will</wf>
<wf cmd="done" pos="VB" lemma="be" wnsn="1" lexsn="2:42:03::">be</wf>
<wf cmd="tag" pos="RB">very</wf>
<wf cmd="tag" pos="JJ">informative</wf>
<punc>.</punc>
</s>
<s snum="30">
<wf cmd="done" pos="VB" lemma="note" wnsn="1" lexsn="2:32:00::">Note</wf>
<wf cmd="ignore" pos="WRB">where</wf>
<wf cmd="ignore" pos="DT">the</wf>
<wf cmd="tag" pos="NN">sun</wf>
<wf cmd="done" pos="VB" lemma="rise" wnsn="16" lexsn="2:38:08::">rises</wf>
<wf cmd="ignore" pos="CC">and</wf>
<wf cmd="done" pos="VB" lemma="set" wnsn="10" lexsn="2:38:00::">sets</wf>
<punc>,</punc>
<wf cmd="ignore" pos="CC">and</wf>
<wf cmd="done" pos="VB" lemma="ask" wnsn="1" lexsn="2:32:00::">ask</wf>
<wf cmd="ignore" pos="WDT">which</wf>
<wf cmd="tag" pos="NN">direction</wf>
<wf cmd="ignore" pos="DT">the</wf>
<wf cmd="tag" pos="NN">prevailing_winds</wf>
<wf cmd="ignore" pos="CC">and</wf>
<wf cmd="tag" pos="NNS">storms</wf>
<wf cmd="done" pos="VB" lemma="come" wnsn="2" lexsn="2:38:04::">come</wf>
<wf cmd="done" pos="VB" ot="notag">from</wf>
<punc>.</punc>
</s>
<s snum="31">
<wf cmd="ignore" pos="MD">Will</wf>
<wf cmd="ignore" pos="DT">the</wf>
<wf cmd="tag" pos="NN">view</wf>
<wf cmd="done" pos="VB" lemma="be" wnsn="1" lexsn="2:42:03::">be</wf>
<wf cmd="tag" pos="NN">something</wf>
<wf cmd="ignore" pos="PRP">you</wf>
<wf cmd="ignore" pos="MD">can</wf>
<wf cmd="done" pos="VB" lemma="live" wnsn="4" lexsn="2:42:01::">live</wf>
<wf cmd="tag" pos="RB">with</wf>
<punc>?</punc>
</s>
<s snum="32">
<wf cmd="done" pos="VBP" ot="notag">Do</wf>
<wf cmd="tag" pos="RB">n't</wf>
<wf cmd="done" pos="VB" lemma="worry" wnsn="1" lexsn="2:37:00::">worry</wf>
<wf cmd="tag" pos="RB">too_much</wf>
<wf cmd="ignore" pos="IN">about</wf>
<wf cmd="tag" pos="JJ">rocky</wf>
<wf cmd="ignore" pos="CC">or</wf>
<wf cmd="tag" pos="JJ">sloping</wf>
<wf cmd="tag" pos="NN">terrain</wf>
<punc>;</punc>
<wf cmd="ignore" pos="PRP">we</wf>
<wf cmd="ignore" pos="MD">will</wf>
<wf cmd="done" pos="VB" lemma="take_up" wnsn="1" lexsn="2:30:00::">take_up</wf>
<wf cmd="tag" pos="NN">alternative</wf>
<wf cmd="tag" pos="NNS">foundations</wf>
<wf cmd="tag" pos="RB">later_on</wf>
<punc>.</punc>
</s>
</p>
<p pnum="6">
<s snum="33">
<wf cmd="ignore" pos="IN">With</wf>
<wf cmd="ignore" pos="DT">this</wf>
<wf cmd="tag" pos="JJ">first</wf>
<wf cmd="tag" pos="NN">issue</wf>
<wf cmd="ignore" pos="PRP">we</wf>
<wf cmd="done" pos="VB" lemma="give" wnsn="2" lexsn="2:40:05::">give</wf>
<wf cmd="ignore" pos="PRP">you</wf>
<wf cmd="ignore" pos="DT">a</wf>
<wf cmd="tag" pos="NN">list</wf>
<wf cmd="ignore" pos="IN">of</wf>
<wf cmd="ignore" pos="DT">the</wf>
<wf cmd="tag" pos="NNS">materials</wf>
<wf cmd="tag" pos="JJ">needed</wf>
<wf cmd="done" pos="VB" ot="notag">to</wf>
<wf cmd="done" pos="VB" lemma="build" wnsn="1" lexsn="2:36:00::">build</wf>
<wf cmd="ignore" pos="DT">the</wf>
<wf cmd="tag" pos="JJ">basic</wf>
<punc>(</punc>
<wf cmd="ignore" pos="DT">A</wf>
<wf cmd="tag" pos="NN">version</wf>
<punc>)</punc>
<wf cmd="ignore" pos="CC">and</wf>
<wf cmd="ignore" pos="DT">the</wf>
<wf cmd="tag" pos="JJ">expandable</wf>
<punc>(</punc>
<wf cmd="tag" pos="NNP">B</wf>
<wf cmd="tag" pos="NN">version</wf>
<punc>)</punc>
<punc>.</punc>
</s>
<s snum="34">
<wf cmd="ignore" pos="DT">This</wf>
<wf cmd="ignore" pos="MD">will</wf>
<wf cmd="done" pos="VB" lemma="be" wnsn="4" lexsn="2:42:00::">be</wf>
<wf cmd="ignore" pos="IN">for</wf>
<wf cmd="ignore" pos="DT">the</wf>
<wf cmd="tag" pos="NN">shell</wf>
<wf cmd="ignore" pos="IN">of</wf>
<wf cmd="ignore" pos="DT">the</wf>
<wf cmd="tag" pos="NN">house</wf>
<wf cmd="tag" pos="RB">only</wf>
<punc>(</punc>
<wf cmd="tag" pos="NN">roof</wf>
<punc>,</punc>
<wf cmd="tag" pos="NNS">walls</wf>
<punc>,</punc>
<wf cmd="ignore" pos="CC">and</wf>
<wf cmd="tag" pos="NN">floor</wf>
<punc>)</punc>
<punc>,</punc>
<wf cmd="ignore" pos="CC">and</wf>
<wf cmd="done" pos="VBZ" ot="notag">does</wf>
<wf cmd="tag" pos="RB">not</wf>
<wf cmd="done" pos="VB" lemma="include" wnsn="1" lexsn="2:42:00::">include</wf>
<wf cmd="ignore" pos="DT">the</wf>
<wf cmd="tag" pos="NN">carport</wf>
<wf cmd="ignore" pos="CC">or</wf>
<wf cmd="tag" pos="NN">balcony</wf>
<punc>.</punc>
</s>
<s snum="35">
<wf cmd="ignore" pos="DT">This</wf>
<wf cmd="ignore" pos="MD">will</wf>
<wf cmd="done" pos="VB" lemma="permit" wnsn="2" lexsn="2:41:00::">permit</wf>
<wf cmd="ignore" pos="PRP">you</wf>
<wf cmd="ignore" pos="TO">to</wf>
<wf cmd="done" pos="VB" lemma="get" wnsn="1" lexsn="2:40:00::">get</wf>
<wf cmd="ignore" pos="DT">a</wf>
<wf cmd="tag" pos="JJ">rough</wf>
<wf cmd="tag" pos="NN">estimate</wf>
<wf cmd="ignore" pos="IN">of</wf>
<wf cmd="ignore" pos="WRB">how</wf>
<wf cmd="tag" pos="JJ">much</wf>
<wf cmd="ignore" pos="DT">the</wf>
<wf cmd="tag" pos="NNS">materials</wf>
<wf cmd="ignore" pos="IN">for</wf>
<wf cmd="ignore" pos="DT">the</wf>
<wf cmd="tag" pos="NN">shell</wf>
<wf cmd="ignore" pos="MD">will</wf>
<wf cmd="done" pos="VB" lemma="cost" wnsn="1" lexsn="2:42:00::">cost</wf>
<punc>.</punc>
</s>
<s snum="36">
<wf cmd="done" pos="VB" lemma="bear_in_mind" wnsn="1" lexsn="2:31:00::">Bear_in_mind</wf>
<wf cmd="ignore" pos="IN">that</wf>
<wf cmd="ignore" pos="DT">this</wf>
<wf cmd="done" pos="VBZ" ot="notag">does</wf>
<wf cmd="tag" pos="RB">not</wf>
<wf cmd="done" pos="VB" lemma="include" wnsn="1" lexsn="2:42:00::">include</wf>
<wf cmd="tag" pos="JJ">interior</wf>
<wf cmd="tag" pos="NNS">panels</wf>
<wf cmd="ignore" pos="IN">for</wf>
<wf cmd="tag" pos="NNS">partitions</wf>
<punc>,</punc>
<wf cmd="tag" pos="JJ">fancy</wf>
<wf cmd="tag" pos="NN">flooring</wf>
<punc>,</punc>
<wf cmd="tag" pos="NNS">appliances</wf>
<wf cmd="ignore" pos="CC">and</wf>
<wf cmd="tag" pos="NNS">fixtures</wf>
<punc>,</punc>
<wf cmd="tag" pos="JJ">electrical</wf>
<wf cmd="tag" pos="NN">wiring</wf>
<punc>,</punc>
<wf cmd="ignore" pos="CC">and</wf>
<wf cmd="tag" pos="NN">plumbing</wf>
<punc>,</punc>
<wf cmd="tag" pos="JJ">all_of</wf>
<wf cmd="ignore" pos="WDT">which</wf>
<wf cmd="ignore" pos="MD">will</wf>
<wf cmd="done" pos="VB" ot="notag">be</wf>
<wf cmd="done" pos="VB" lemma="take_up" wnsn="1" lexsn="2:30:00::">taken_up</wf>
<wf cmd="tag" pos="RB">in_detail</wf>
<wf cmd="ignore" pos="IN">in</wf>
<wf cmd="tag" pos="RB">later</wf>
<wf cmd="tag" pos="NNS">issues</wf>
<punc>.</punc>
</s>
</p>
<p pnum="7">
<s snum="37">
<wf cmd="ignore" pos="DT">The</wf>
<wf cmd="tag" pos="NN">wall</wf>
<wf cmd="tag" pos="NNS">panels</wf>
<wf cmd="done" pos="VB" ot="notag">are_constructed</wf>
<wf cmd="ignore" pos="IN">of</wf>
<wf cmd="ignore" pos="DT">a</wf>
<wf cmd="tag" pos="NN">framework</wf>
<wf cmd="ignore" pos="IN">of</wf>
<wf cmd="tag" pos="JJ">standard</wf>
<punc>*</punc>
<punc>*</punc>
<wf cmd="tag" pos="NN">f</wf>
<wf cmd="ignore" pos="CC">and</wf>
<punc>*</punc>
<punc>*</punc>
<wf cmd="tag" pos="NN">f</wf>
<wf cmd="ignore" pos="IN">of</wf>
<wf cmd="ignore" pos="DT">a</wf>
<wf cmd="tag" pos="JJ">good</wf>
<wf cmd="tag" pos="NN">grade</wf>
<punc>,</punc>
<wf cmd="tag" pos="JJ">free</wf>
<wf cmd="ignore" pos="IN">from</wf>
<wf cmd="tag" pos="JJ">structural</wf>
<wf cmd="tag" pos="NNS">faults</wf>
<punc>.</punc>
</s>
<s snum="38">
<wf cmd="ignore" pos="PRP">They</wf>
<wf cmd="ignore" pos="MD">should</wf>
<wf cmd="done" pos="VB" lemma="be" wnsn="1" lexsn="2:42:03::">be</wf>
<wf cmd="tag" pos="RB">as</wf>
<wf cmd="tag" pos="JJ">straight</wf>
<wf cmd="ignore" pos="IN">as</wf>
<wf cmd="tag" pos="JJ">possible</wf>
<punc>,</punc>
<wf cmd="ignore" pos="IN">as</wf>
<wf cmd="ignore" pos="DT">this</wf>
<wf cmd="ignore" pos="MD">will</wf>
<wf cmd="done" rdf="affect" pos="VB" lemma="affect" wnsn="1" lexsn="2:30:00::">effect</wf>
<wf cmd="ignore" pos="PRP$">their</wf>
<wf cmd="tag" pos="NN">ability</wf>
<wf cmd="ignore" pos="TO">to</wf>
<wf cmd="done" pos="VB" lemma="mesh" wnsn="1" lexsn="2:35:01::">mesh</wf>
<wf cmd="tag" pos="RB">properly</wf>
<wf cmd="ignore" pos="WRB">when</wf>
<wf cmd="ignore" pos="DT">the</wf>
<wf cmd="tag" pos="NNS">walls</wf>
<wf cmd="done" pos="VB" ot="notag">are_erected</wf>
<punc>.</punc>
</s>
<s snum="39">
<wf cmd="ignore" pos="DT">The</wf>
<wf cmd="ignore" pos="IN">outside</wf>
<wf cmd="tag" pos="NN">surface</wf>
<wf cmd="ignore" pos="IN">of</wf>
<wf cmd="ignore" pos="DT">the</wf>
<wf cmd="tag" pos="JJ">solid</wf>
<wf cmd="tag" pos="NNS">units</wf>
<wf cmd="ignore" pos="MD">shall</wf>
<wf cmd="done" pos="VB" lemma="be" wnsn="7" lexsn="2:42:02::">be</wf>
<wf cmd="ignore" pos="IN">of</wf>
<wf cmd="ignore" pos="DT">an</wf>
<wf cmd="tag" pos="JJ">exterior</wf>
<wf cmd="tag" pos="NN">grade</wf>
<wf cmd="ignore" pos="IN">of</wf>
<wf cmd="tag" pos="NN">panel</wf>
<wf cmd="tag" pos="NN">board</wf>
<wf cmd="tag" pos="JJ">such_as</wf>
<wf cmd="tag" pos="NN">plywood</wf>
<punc>,</punc>
<wf cmd="tag" pos="NN">plastic</wf>
<wf cmd="tag" pos="JJ">coated</wf>
<wf cmd="tag" pos="NN">panel</wf>
<wf cmd="tag" pos="NN">board</wf>
<punc>,</punc>
<wf cmd="tag" pos="JJ">high</wf>
<wf cmd="tag" pos="NN">density</wf>
<wf cmd="tag" pos="NN">particle</wf>
<wf cmd="tag" pos="NN">board</wf>
<punc>,</punc>
<wf cmd="tag" pos="JJ">asbestos-cement</wf>
<wf cmd="tag" pos="NN">board</wf>
<punc>,</punc>
<wf cmd="ignore" pos="CC">or</wf>
<wf cmd="ignore" pos="DT">any</wf>
<wf cmd="tag" pos="JJ">other</wf>
<wf cmd="tag" pos="NN">product</wf>
<wf cmd="tag" pos="RB">locally</wf>
<wf cmd="tag" pos="JJ">obtainable</wf>
<wf cmd="ignore" pos="IN">upon</wf>
<wf cmd="tag" pos="NN">recommendation</wf>
<wf cmd="ignore" pos="IN">of</wf>
<wf cmd="ignore" pos="PRP$">your</wf>
<wf cmd="tag" pos="NN">building</wf>
<wf cmd="tag" pos="NN">supply</wf>
<wf cmd="tag" pos="NN">dealer</wf>
<punc>.</punc>
</s>
<s snum="40">
<wf cmd="ignore" pos="DT">The</wf>
<wf cmd="tag" pos="JJ">inner</wf>
<wf cmd="tag" pos="NNS">panels</wf>
<wf cmd="done" pos="VBP" ot="notag">do</wf>
<wf cmd="tag" pos="RB">not</wf>
<wf cmd="done" pos="VB" ot="notag">have_to</wf>
<wf cmd="done" pos="VB" lemma="be" wnsn="1" lexsn="2:42:03::">be</wf>
<wf cmd="tag" pos="JJ">weatherproof</wf>
<punc>,</punc>
<wf cmd="ignore" pos="CC">and</wf>
<wf cmd="ignore" pos="DT">the</wf>
<wf cmd="tag" pos="NN">choice</wf>
<wf cmd="ignore" pos="MD">will</wf>
<wf cmd="done" pos="VB" lemma="depend_on" wnsn="1" lexsn="2:42:00::">depend_on</wf>
<wf cmd="ignore" pos="DT">the</wf>
<wf cmd="tag" pos="NN">quality</wf>
<wf cmd="ignore" pos="IN">of</wf>
<wf cmd="tag" pos="NN">finish</wf>
<wf cmd="done" pos="VB" lemma="desire" wnsn="1" lexsn="2:37:00::">desired</wf>
<punc>.</punc>
</s>
<s snum="41">
<wf cmd="ignore" pos="DT">All</wf>
<wf cmd="tag" pos="NN">panel</wf>
<wf cmd="tag" pos="NN">board</wf>
<wf cmd="done" pos="VB" lemma="come" wnsn="6" lexsn="2:30:02::">comes</wf>
<wf cmd="done" pos="VB" ot="notag">in</wf>
<wf cmd="tag" pos="JJ">standard</wf>
<punc>*</punc>
<punc>*</punc>
<wf cmd="tag" pos="NN">f</wf>
<wf cmd="tag" pos="NN">foot</wf>
<wf cmd="tag" pos="NN">size</wf>
<punc>.</punc>
</s>
<s snum="42">
<wf cmd="ignore" pos="PRP">It</wf>
<wf cmd="done" pos="VBZ" ot="notag">is</wf>
<wf cmd="done" pos="VB" lemma="recommend" wnsn="1" lexsn="2:32:01::">recommended</wf>
<wf cmd="ignore" pos="IN">that</wf>
<wf cmd="tag" pos="NNS">panels</wf>
<wf cmd="done" pos="VBP" ot="notag">be</wf>
<wf cmd="ignore" pos="DT">both</wf>
<wf cmd="done" pos="VB" lemma="glue" wnsn="1" lexsn="2:35:00::">glued</wf>
<wf cmd="tag" pos="RB">as_well</wf>
<wf cmd="ignore" pos="IN">as</wf>
<wf cmd="done" pos="VB" lemma="nail" wnsn="1" lexsn="2:35:00::">nailed</wf>
<wf cmd="ignore" pos="TO">to</wf>
<wf cmd="ignore" pos="DT">the</wf>
<wf cmd="tag" pos="NN">frame</wf>
<punc>.</punc>
</s>
<s snum="43">
<wf cmd="ignore" pos="DT">The</wf>
<wf cmd="tag" pos="JJ">fixed</wf>
<wf cmd="tag" pos="NN">window</wf>
<wf cmd="tag" pos="NNS">panels</wf>
<wf cmd="ignore" pos="IN">with</wf>
<wf cmd="tag" pos="NNS">louvers</wf>
<wf cmd="ignore" pos="MD">should</wf>
<wf cmd="done" pos="VB" lemma="have" wnsn="2" lexsn="2:42:00::">have</wf>
<wf cmd="ignore" pos="DT">a</wf>
<wf cmd="tag" pos="JJ">good</wf>
<wf cmd="tag" pos="NN">grade</wf>
<wf cmd="ignore" pos="IN">of</wf>
<wf cmd="tag" pos="CD">1</wf>
<wf cmd="tag" pos="CD">8</wf>
<punc>-</punc>
<wf cmd="tag" pos="NN">inch</wf>
<wf cmd="tag" pos="JJ">double-strength</wf>
<wf cmd="tag" pos="NN">glass</wf>
<wf cmd="done" pos="VB" lemma="set" wnsn="6" lexsn="2:35:02::">set</wf>
<wf cmd="done" pos="VB" ot="notag">in</wf>
<wf cmd="ignore" pos="DT">a</wf>
<wf cmd="tag" pos="JJ">mastic</wf>
<wf cmd="tag" pos="NN">glazing</wf>
<wf cmd="tag" pos="NN">compound</wf>
<punc>.</punc>
</s>
<s snum="44">
<wf cmd="ignore" pos="DT">The</wf>
<wf cmd="tag" pos="NNS">louvers</wf>
<wf cmd="done" pos="VB" ot="notag">are_constructed</wf>
<wf cmd="ignore" pos="IN">as</wf>
<wf cmd="done" pos="VB" lemma="show" wnsn="1" lexsn="2:39:02::">shown</wf>
<wf cmd="ignore" pos="IN">in</wf>
<wf cmd="ignore" pos="DT">the</wf>
<wf cmd="tag" pos="NN">detail</wf>
<punc>,</punc>
<wf cmd="ignore" pos="IN">with</wf>
<wf cmd="ignore" pos="DT">a</wf>
<wf cmd="tag" pos="NN">drop</wf>
<wf cmd="tag" pos="NN">door</wf>
<wf cmd="ignore" pos="IN">for</wf>
<wf cmd="tag" pos="NN">ventilation</wf>
<punc>.</punc>
</s>
<s snum="45">
<wf cmd="ignore" pos="EX">There</wf>
<wf cmd="done" pos="VB" lemma="be" wnsn="4" lexsn="2:42:00::">are</wf>
<wf cmd="tag" pos="JJ">standard</wf>
<wf cmd="tag" pos="JJ">sliding</wf>
<wf cmd="tag" pos="NN">glass</wf>
<wf cmd="tag" pos="NNS">windows</wf>
<wf cmd="ignore" pos="IN">in</wf>
<wf cmd="tag" pos="NN">wood</wf>
<wf cmd="ignore" pos="CC">or</wf>
<wf cmd="tag" pos="NN">aluminum</wf>
<wf cmd="tag" pos="NNS">frames</wf>
<wf cmd="ignore" pos="IN">for</wf>
<wf cmd="ignore" pos="DT">those</wf>
<wf cmd="tag" pos="NNS">panels</wf>
<wf cmd="done" pos="VB" lemma="require" wnsn="1" lexsn="2:42:00::">requiring</wf>
<wf cmd="ignore" pos="PRP">them</wf>
<punc>.</punc>
</s>
<s snum="46">
<wf cmd="ignore" pos="DT">The</wf>
<wf cmd="tag" pos="NN">door</wf>
<wf cmd="tag" pos="NNS">panels</wf>
<wf cmd="done" pos="VBP" ot="notag">are</wf>
<wf cmd="done" pos="VB" lemma="design" wnsn="3" lexsn="2:36:01::">designed</wf>
<wf cmd="ignore" pos="TO">to</wf>
<wf cmd="done" pos="VB" lemma="accommodate" wnsn="1" lexsn="2:42:00::">accommodate</wf>
<wf cmd="tag" pos="JJ">standard</wf>
<wf cmd="tag" pos="NNS">doors</wf>
<wf cmd="ignore" pos="WDT">which</wf>
<wf cmd="ignore" pos="MD">should</wf>
<wf cmd="done" pos="VB" lemma="be" wnsn="1" lexsn="2:42:03::">be</wf>
<wf cmd="ignore" pos="IN">of</wf>
<wf cmd="tag" pos="JJ">exterior</wf>
<wf cmd="tag" pos="NN">grade</wf>
<punc>.</punc>
</s>
<s snum="47">
<wf cmd="ignore" pos="DT">The</wf>
<wf cmd="tag" pos="NN">filler</wf>
<wf cmd="tag" pos="NNS">panels</wf>
<wf cmd="ignore" pos="IN">for</wf>
<wf cmd="ignore" pos="DT">the</wf>
<wf cmd="tag" pos="NN">gable_ends</wf>
<wf cmd="done" pos="VBP" ot="notag">are</wf>
<wf cmd="done" pos="VB" lemma="cut" wnsn="1" lexsn="2:35:00::">cut</wf>
<wf cmd="ignore" pos="IN">from</wf>
<wf cmd="tag" pos="JJ">full</wf>
<punc>*</punc>
<punc>*</punc>
<wf cmd="tag" pos="NN">f</wf>
<wf cmd="tag" pos="NNS">sheets</wf>
<wf cmd="ignore" pos="IN">as</wf>
<wf cmd="done" pos="VB" lemma="show" wnsn="1" lexsn="2:39:02::">shown</wf>
<punc>,</punc>
<wf cmd="done" pos="VB" lemma="leave" wnsn="2" lexsn="2:31:05::">leaving</wf>
<wf cmd="ignore" pos="DT">no</wf>
<wf cmd="tag" pos="NN">wastage</wf>
<punc>.</punc>
</s>
<s snum="48">
<wf cmd="ignore" pos="DT">The</wf>
<wf cmd="tag" pos="NNS">battens</wf>
<wf cmd="done" pos="VB" lemma="cover" wnsn="2" lexsn="2:35:01::">covering</wf>
<wf cmd="ignore" pos="DT">the</wf>
<wf cmd="tag" pos="NNS">joints</wf>
<wf cmd="done" pos="VB" lemma="be" wnsn="1" lexsn="2:42:03::">are</wf>
<wf cmd="ignore" pos="IN">of</wf>
<punc>*</punc>
<punc>*</punc>
<wf cmd="tag" pos="NN">f</wf>
<wf cmd="tag" pos="NN">stock</wf>
<wf cmd="ignore" pos="CC">and</wf>
<wf cmd="done" pos="VBP" ot="notag">are</wf>
<wf cmd="done" pos="VB" lemma="apply" wnsn="4" lexsn="2:35:00::">applied</wf>
<wf cmd="ignore" pos="IN">after</wf>
<wf cmd="ignore" pos="DT">the</wf>
<wf cmd="tag" pos="NNS">walls</wf>
<wf cmd="done" pos="VB" ot="notag">are_erected</wf>
<punc>.</punc>
</s>
<s snum="49">
<wf cmd="ignore" pos="DT">All</wf>
<wf cmd="tag" pos="NNS">nails</wf>
<wf cmd="ignore" pos="MD">should</wf>
<wf cmd="done" pos="VB" lemma="be" wnsn="1" lexsn="2:42:03::">be</wf>
<wf cmd="tag" pos="NN">rustproof</wf>
<punc>,</punc>
<wf cmd="ignore" pos="CC">and</wf>
<wf cmd="tag" pos="NN">aluminum</wf>
<wf cmd="done" pos="VBZ" ot="notag">is</wf>
<wf cmd="tag" pos="RB">highly</wf>
<wf cmd="done" pos="VB" lemma="recommend" wnsn="1" lexsn="2:32:01::">recommended</wf>
<punc>.</punc>
</s>
<s snum="50">
<wf cmd="done" pos="VB" lemma="note" wnsn="1" lexsn="2:32:00::">Note</wf>
<punc>:</punc>
<wf cmd="ignore" pos="IN">If</wf>
<wf cmd="tag" pos="CD">1</wf>
<wf cmd="tag" pos="CD">2</wf>
<punc>-</punc>
<wf cmd="tag" pos="NN">inch</wf>
<wf cmd="tag" pos="NN">panel</wf>
<wf cmd="tag" pos="NN">board</wf>
<wf cmd="done" pos="VBZ" ot="notag">is</wf>
<wf cmd="done" pos="VB" lemma="use" wnsn="1" lexsn="2:34:01::">used</wf>
<wf cmd="tag" pos="RB">inside</wf>
<wf cmd="ignore" pos="CC">and</wf>
<wf cmd="tag" pos="RB">out</wf>
<punc>,</punc>
<wf cmd="ignore" pos="CC">or</wf>
<wf cmd="tag" pos="CD">5</wf>
<wf cmd="tag" pos="CD">8</wf>
<punc>-</punc>
<wf cmd="tag" pos="NN">inch</wf>
<wf cmd="tag" pos="CD">one</wf>
<wf cmd="tag" pos="NN">side</wf>
<wf cmd="ignore" pos="CC">and</wf>
<wf cmd="tag" pos="CD">3</wf>
<wf cmd="tag" pos="CD">8</wf>
<punc>-</punc>
<wf cmd="tag" pos="NN">inch</wf>
<wf cmd="ignore" pos="DT">the</wf>
<wf cmd="tag" pos="JJ">other</wf>
<punc>,</punc>
<wf cmd="ignore" pos="CC">and</wf>
<wf cmd="tag" pos="CD">1</wf>
<wf cmd="tag" pos="CD">8</wf>
<punc>-</punc>
<wf cmd="tag" pos="NN">inch</wf>
<wf cmd="tag" pos="NN">glass</wf>
<wf cmd="done" pos="VBZ" ot="notag">is</wf>
<wf cmd="done" pos="VB" lemma="use" wnsn="1" lexsn="2:34:01::">used</wf>
<punc>,</punc>
<wf cmd="tag" pos="NN">stock</wf>
<wf cmd="tag" pos="NN">lumber</wf>
<wf cmd="ignore" pos="IN">in</wf>
<punc>*</punc>
<punc>*</punc>
<wf cmd="tag" pos="NN">f</wf>
<punc>,</punc>
<punc>*</punc>
<punc>*</punc>
<wf cmd="tag" pos="NN">f</wf>
<punc>,</punc>
<wf cmd="ignore" pos="CC">and</wf>
<punc>*</punc>
<punc>*</punc>
<wf cmd="tag" pos="NN">f</wf>
<wf cmd="ignore" pos="MD">can</wf>
<wf cmd="done" pos="VB" ot="notag">be</wf>
<wf cmd="done" pos="VB" lemma="use" wnsn="1" lexsn="2:34:01::">used</wf>
<wf cmd="ignore" pos="IN">in</wf>
<wf cmd="done" pos="VB" lemma="make" wnsn="3" lexsn="2:36:00::">making</wf>
<wf cmd="ignore" pos="DT">the</wf>
<wf cmd="tag" pos="NN">glass</wf>
<wf cmd="tag" pos="NNS">panels</wf>
<punc>.</punc>
</s>
<s snum="51">
<wf cmd="tag" pos="JJ">Other</wf>
<wf cmd="tag" pos="NNS">thicknesses</wf>
<wf cmd="ignore" pos="MD">may</wf>
<wf cmd="done" pos="VB" lemma="necessitate" wnsn="1" lexsn="2:42:00::">necessitate</wf>
<wf cmd="done" pos="VB" lemma="rip" wnsn="1" lexsn="2:35:00::">ripping</wf>
<wf cmd="ignore" pos="DT">a</wf>
<wf cmd="tag" pos="JJ">special</wf>
<wf cmd="tag" pos="NN">size</wf>
<wf cmd="tag" pos="NN">lumber</wf>
<wf cmd="ignore" pos="IN">for</wf>
<wf cmd="ignore" pos="DT">the</wf>
<wf cmd="tag" pos="NN">glass</wf>
<wf cmd="tag" pos="NN">trim</wf>
<punc>.</punc>
</s>
<s snum="52">
<wf cmd="tag" pos="RB">In_any_case</wf>
<punc>,</punc>
<wf cmd="ignore" pos="EX">there</wf>
<wf cmd="done" pos="VB" lemma="be" wnsn="4" lexsn="2:42:00::">is</wf>
<wf cmd="ignore" pos="DT">no</wf>
<wf cmd="tag" pos="JJ">special</wf>
<wf cmd="tag" pos="NN">milling</wf>
<wf cmd="ignore" pos="CC">or</wf>
<wf cmd="tag" pos="NN">rabbeting</wf>
<wf cmd="done" pos="VB" lemma="require" wnsn="1" lexsn="2:42:00::">required</wf>
<wf cmd="ignore" pos="IN">for</wf>
<wf cmd="ignore" pos="DT">the</wf>
<wf cmd="tag" pos="NNS">panels</wf>
<punc>.</punc>
</s>
</p>
<p pnum="8">
<s snum="53">
<wf cmd="ignore" pos="IN">With</wf>
<wf cmd="tag" pos="JJ">modern</wf>
<wf cmd="tag" pos="NNS">techniques</wf>
<wf cmd="ignore" pos="IN">of</wf>
<wf cmd="tag" pos="NN">woodworking</wf>
<wf cmd="ignore" pos="CC">and</wf>
<wf cmd="ignore" pos="DT">the</wf>
<wf cmd="tag" pos="NN">multitude</wf>
<wf cmd="ignore" pos="IN">of</wf>
<wf cmd="tag" pos="NN">cutting_tools</wf>
<punc>,</punc>
<wf cmd="tag" pos="NNS">fixtures</wf>
<punc>,</punc>
<wf cmd="ignore" pos="CC">and</wf>
<wf cmd="tag" pos="NNS">attachments</wf>
<wf cmd="tag" pos="JJ">available</wf>
<punc>,</punc>
<wf cmd="ignore" pos="DT">the</wf>
<wf cmd="tag" pos="NN">drill</wf>
<wf cmd="tag" pos="NN">press</wf>
<wf cmd="done" pos="VBZ" ot="notag">has</wf>
<wf cmd="done" pos="VB" lemma="become" wnsn="2" lexsn="2:42:01::">become</wf>
<wf cmd="ignore" pos="DT">a</wf>
<wf cmd="tag" pos="JJ">basic</wf>
<wf cmd="tag" pos="NN">home</wf>
<wf cmd="tag" pos="NN">workshop</wf>
<wf cmd="tag" pos="NN">tool</wf>
<punc>.</punc>
</s>
<s snum="54">
<wf cmd="ignore" pos="DT">The</wf>
<wf cmd="tag" pos="NN">drill</wf>
<wf cmd="tag" pos="NN">press</wf>
<wf cmd="done" pos="VB" lemma="consist_of" wnsn="0" lexsn="2:42:00::">consists_of</wf>
<wf cmd="ignore" pos="DT">a</wf>
<wf cmd="tag" pos="JJ">vertical</wf>
<wf cmd="tag" pos="NN">shaft</wf>
<punc>(</punc>
<wf cmd="tag" pos="NN">spindle</wf>
<punc>)</punc>
<wf cmd="ignore" pos="WDT">which</wf>
<wf cmd="done" pos="VB" lemma="be" wnsn="1" lexsn="2:42:03::">is</wf>
<wf cmd="tag" pos="JJ">tapered</wf>
<wf cmd="ignore" pos="CC">or</wf>
<wf cmd="tag" pos="JJ">threaded</wf>
<wf cmd="ignore" pos="IN">on</wf>
<wf cmd="tag" pos="CD">one</wf>
<wf cmd="tag" pos="NN">end</wf>
<wf cmd="ignore" pos="TO">to</wf>
<wf cmd="done" pos="VB" lemma="hold" wnsn="2" lexsn="2:35:00::">hold</wf>
<wf cmd="ignore" pos="DT">a</wf>
<wf cmd="tag" pos="NN">drill</wf>
<wf cmd="tag" pos="NN">chuck</wf>
<punc>,</punc>
<wf cmd="ignore" pos="DT">a</wf>
<wf cmd="tag" pos="JJ">tubular</wf>
<wf cmd="tag" pos="NN">housing</wf>
<punc>(</punc>
<wf cmd="tag" pos="NN">quill</wf>
<punc>)</punc>
<wf cmd="tag" pos="RB">in_which</wf>
<wf cmd="ignore" pos="DT">the</wf>
<wf cmd="tag" pos="NN">spindle</wf>
<wf cmd="done" pos="VBZ" ot="notag">is</wf>
<wf cmd="done" pos="VB" lemma="mount" wnsn="1" lexsn="2:35:00::">mounted</wf>
<punc>,</punc>
<wf cmd="ignore" pos="DT">a</wf>
<wf cmd="tag" pos="NN">head</wf>
<wf cmd="tag" pos="RB">in_which</wf>
<wf cmd="ignore" pos="DT">the</wf>
<wf cmd="tag" pos="NN">quill</wf>
<wf cmd="done" pos="VBZ" ot="notag">is</wf>
<wf cmd="done" pos="VB" lemma="mount" wnsn="1" lexsn="2:35:00::">mounted</wf>
<punc>,</punc>
<wf cmd="ignore" pos="DT">a</wf>
<wf cmd="tag" pos="NN">feed</wf>
<wf cmd="tag" pos="NN">lever</wf>
<wf cmd="ignore" pos="WDT">which</wf>
<wf cmd="done" pos="VB" lemma="move" wnsn="2" lexsn="2:38:01::">moves</wf>
<wf cmd="ignore" pos="DT">the</wf>
<wf cmd="tag" pos="NN">quill</wf>
<wf cmd="tag" pos="RB">up</wf>
<wf cmd="ignore" pos="CC">or</wf>
<wf cmd="tag" pos="RB">down</wf>
<punc>,</punc>
<wf cmd="ignore" pos="DT">a</wf>
<wf cmd="tag" pos="NN">power</wf>
<wf cmd="tag" pos="NN">source</wf>
<punc>,</punc>
<wf cmd="ignore" pos="CC">and</wf>
<wf cmd="ignore" pos="DT">a</wf>
<wf cmd="tag" pos="JJ">movable</wf>
<wf cmd="tag" pos="NN">table</wf>
<wf cmd="tag" pos="RB">upon_which</wf>
<wf cmd="ignore" pos="DT">the</wf>
<wf cmd="tag" pos="NN">work</wf>
<wf cmd="done" pos="VBZ" ot="notag">is</wf>
<wf cmd="done" pos="VB" lemma="place" wnsn="1" lexsn="2:35:00::">placed</wf>
<punc>.</punc>
</s>
<s snum="55">
<wf cmd="ignore" pos="EX">There</wf>
<wf cmd="done" pos="VB" lemma="be" wnsn="4" lexsn="2:42:00::">is</wf>
<wf cmd="tag" pos="RB">often</wf>
<wf cmd="ignore" pos="DT">a</wf>
<wf cmd="tag" pos="NN">means</wf>
<wf cmd="ignore" pos="IN">of</wf>
<wf cmd="done" pos="VB" lemma="lock" wnsn="1" lexsn="2:35:00::">locking</wf>
<wf cmd="ignore" pos="DT">the</wf>
<wf cmd="tag" pos="NN">quill</wf>
<wf cmd="ignore" pos="CC">and</wf>
<punc>,</punc>
<wf cmd="ignore" pos="IN">on</wf>
<wf cmd="tag" pos="JJR">larger</wf>
<wf cmd="tag" pos="NNS">presses</wf>
<punc>,</punc>
<wf cmd="ignore" pos="DT">the</wf>
<wf cmd="tag" pos="NN">table</wf>
<wf cmd="ignore" pos="MD">can</wf>
<wf cmd="done" pos="VB" ot="notag">be</wf>
<wf cmd="done" pos="VB" lemma="tilt" wnsn="1" lexsn="2:38:00::">tilted</wf>
<punc>.</punc>
</s>
</p>
<p pnum="9">
<s snum="56">
<wf cmd="ignore" pos="DT">The</wf>
<wf cmd="tag" pos="NN">size</wf>
<wf cmd="ignore" pos="IN">of</wf>
<wf cmd="ignore" pos="DT">the</wf>
<wf cmd="tag" pos="NN">press</wf>
<wf cmd="done" pos="VBZ" ot="notag">is</wf>
<wf cmd="tag" pos="RB">usually</wf>
<wf cmd="done" pos="VB" lemma="express" wnsn="1" lexsn="2:32:01::">expressed</wf>
<wf cmd="tag" pos="JJ">in_terms_of</wf>
<wf cmd="tag" pos="NN">chuck</wf>
<wf cmd="tag" pos="NN">capacity</wf>
<punc>(</punc>
<wf cmd="ignore" pos="DT">the</wf>
<wf cmd="tag" pos="JJ">maximum</wf>
<wf cmd="tag" pos="NN">diameter</wf>
<wf cmd="tag" pos="NN">tool</wf>
<wf cmd="tag" pos="NN">shank</wf>
<wf cmd="ignore" pos="PRP">it</wf>
<wf cmd="ignore" pos="MD">will</wf>
<wf cmd="done" pos="VB" lemma="hold" wnsn="18" lexsn="2:42:14::">hold</wf>
<punc>)</punc>
<wf cmd="ignore" pos="CC">or</wf>
<wf cmd="tag" pos="NN">distance</wf>
<wf cmd="ignore" pos="IN">between</wf>
<wf cmd="ignore" pos="DT">the</wf>
<wf cmd="tag" pos="NN">spindle</wf>
<wf cmd="tag" pos="NN">center</wf>
<wf cmd="ignore" pos="CC">and</wf>
<wf cmd="ignore" pos="DT">the</wf>
<wf cmd="tag" pos="NN">column</wf>
<punc>.</punc>
</s>
<s snum="57">
<wf cmd="ignore" pos="DT">A</wf>
<wf cmd="tag" pos="NN">press</wf>
<wf cmd="ignore" pos="IN">with</wf>
<wf cmd="ignore" pos="DT">an</wf>
<wf cmd="tag" pos="CD">11</wf>
<wf cmd="tag" pos="NN">inch</wf>
<wf cmd="tag" pos="NN">capacity</wf>
<wf cmd="done" pos="VB" lemma="let" wnsn="1" lexsn="2:41:00::">lets</wf>
<wf cmd="ignore" pos="PRP">you</wf>
<wf cmd="done" pos="VB" lemma="drill" wnsn="1" lexsn="2:35:00::">drill</wf>
<wf cmd="ignore" pos="TO">to</wf>
<wf cmd="ignore" pos="DT">the</wf>
<wf cmd="tag" pos="NN">center</wf>
<wf cmd="ignore" pos="IN">of</wf>
<wf cmd="ignore" pos="DT">a</wf>
<wf cmd="tag" pos="CD">22</wf>
<wf cmd="tag" pos="NN">inch</wf>
<wf cmd="tag" pos="NN">board</wf>
<wf cmd="ignore" pos="CC">or</wf>
<wf cmd="tag" pos="NN">circle</wf>
<punc>.</punc>
</s>
</p>
<p pnum="10">
<s snum="58">
<wf cmd="ignore" pos="DT">A</wf>
<wf cmd="tag" pos="JJ">new</wf>
<wf cmd="tag" pos="JJ">radial</wf>
<wf cmd="tag" pos="NN">drill</wf>
<wf cmd="tag" pos="NN">press</wf>
<wf cmd="ignore" pos="IN">with</wf>
<wf cmd="ignore" pos="DT">a</wf>
<wf cmd="tag" pos="CD">16</wf>
<wf cmd="tag" pos="NN">inch</wf>
<wf cmd="tag" pos="NN">capacity</wf>
<wf cmd="done" pos="VB" lemma="have" wnsn="2" lexsn="2:42:00::">has</wf>
<wf cmd="ignore" pos="DT">a</wf>
<wf cmd="done" pos="VB" lemma="tilt" wnsn="1" lexsn="2:38:00::">tilting</wf>
<wf cmd="tag" pos="NN">head</wf>
<wf cmd="ignore" pos="WDT">that</wf>
<wf cmd="done" pos="VB" lemma="allow" wnsn="1" lexsn="2:41:00::">allows</wf>
<wf cmd="tag" pos="NN">drilling</wf>
<wf cmd="ignore" pos="TO">to</wf>
<wf cmd="done" pos="VB" ot="notag">be</wf>
<wf cmd="done" pos="VB" lemma="do" wnsn="1" lexsn="2:41:01::">done</wf>
<wf cmd="ignore" pos="IN">at</wf>
<wf cmd="ignore" pos="DT">any</wf>
<wf cmd="tag" pos="NN">angle</wf>
<punc>.</punc>
</s>
<s snum="59">
<wf cmd="ignore" pos="DT">The</wf>
<wf cmd="tag" pos="NN">head</wf>
<wf cmd="done" pos="VBZ" ot="notag">is</wf>
<wf cmd="done" pos="VB" lemma="mount" wnsn="1" lexsn="2:35:00::">mounted</wf>
<wf cmd="ignore" pos="IN">on</wf>
<wf cmd="ignore" pos="DT">a</wf>
<wf cmd="tag" pos="JJ">horizontal</wf>
<wf cmd="tag" pos="NN">arm</wf>
<wf cmd="ignore" pos="IN">that</wf>
<wf cmd="done" pos="VB" lemma="swivel" wnsn="1" lexsn="2:38:00::">swivels</wf>
<wf cmd="ignore" pos="IN">on</wf>
<wf cmd="ignore" pos="DT">the</wf>
<wf cmd="tag" pos="JJ">supporting</wf>
<wf cmd="tag" pos="NN">column</wf>
<wf cmd="ignore" pos="TO">to</wf>
<wf cmd="done" pos="VB" lemma="position" wnsn="1" lexsn="2:38:00::">position</wf>
<wf cmd="ignore" pos="DT">the</wf>
<wf cmd="tag" pos="NN">drill_bit</wf>
<wf cmd="tag" pos="RB">instead</wf>
<wf cmd="ignore" pos="IN">of</wf>
<wf cmd="ignore" pos="DT">the</wf>
<wf cmd="tag" pos="NN">work</wf>
<punc>.</punc>
</s>
</p>
<p pnum="11">
<s snum="60">
<wf cmd="ignore" pos="DT">The</wf>
<wf cmd="tag" pos="NN">drill</wf>
<wf cmd="tag" pos="NN">press</wf>
<wf cmd="ignore" pos="MD">should</wf>
<wf cmd="done" pos="VB" ot="notag">be</wf>
<wf cmd="done" pos="VB" lemma="level" wnsn="2" lexsn="2:36:00::">leveled</wf>
<wf cmd="ignore" pos="CC">and</wf>
<punc>,</punc>
<wf cmd="tag" pos="JJ">depending_on</wf>
<wf cmd="ignore" pos="IN">whether</wf>
<wf cmd="ignore" pos="PRP">it</wf>
<wf cmd="done" pos="VB" lemma="be" wnsn="1" lexsn="2:42:03::">is</wf>
<wf cmd="ignore" pos="DT">a</wf>
<wf cmd="tag" pos="NN">bench</wf>
<wf cmd="ignore" pos="CC">or</wf>
<wf cmd="tag" pos="NN">floor</wf>
<wf cmd="tag" pos="NN">model</wf>
<punc>,</punc>
<wf cmd="done" pos="VB" lemma="bolt" wnsn="2" lexsn="2:35:00::">bolted</wf>
<wf cmd="tag" pos="RB">securely</wf>
<wf cmd="ignore" pos="TO">to</wf>
<wf cmd="ignore" pos="DT">a</wf>
<wf cmd="tag" pos="JJ">sturdy</wf>
<wf cmd="tag" pos="NN">bench</wf>
<wf cmd="ignore" pos="CC">or</wf>
<wf cmd="tag" pos="NN">stand</wf>
<wf cmd="ignore" pos="CC">or</wf>
<wf cmd="done" pos="VB" lemma="screw" wnsn="0" lexsn="2:35:00::">screwed</wf>
<wf cmd="ignore" pos="TO">to</wf>
<wf cmd="ignore" pos="DT">the</wf>
<wf cmd="tag" pos="NN">floor</wf>
<wf cmd="ignore" pos="IN">with</wf>
<wf cmd="tag" pos="NN">lag</wf>
<wf cmd="ignore" pos="CC">or</wf>
<wf cmd="tag" pos="NN">expansion</wf>
<wf cmd="tag" pos="NNS">screws</wf>
<punc>.</punc>
</s>
<s snum="61">
<wf cmd="ignore" pos="DT">This</wf>
<wf cmd="ignore" pos="MD">will</wf>
<wf cmd="done" pos="VB" lemma="reduce" wnsn="1" lexsn="2:30:00::">reduce</wf>
<wf cmd="tag" pos="NN">vibration</wf>
<wf cmd="ignore" pos="CC">and</wf>
<wf cmd="done" pos="VB" lemma="increase" wnsn="1" lexsn="2:30:00::">increase</wf>
<wf cmd="tag" pos="NN">accuracy</wf>
<punc>.</punc>
</s>
</p>
<p pnum="12">
<s snum="62">
<wf cmd="ignore" pos="DT">A</wf>
<wf cmd="tag" pos="NN">coat</wf>
<wf cmd="ignore" pos="IN">of</wf>
<wf cmd="tag" pos="NN">paste</wf>
<wf cmd="tag" pos="NN">wax</wf>
<wf cmd="ignore" pos="CC">or</wf>
<wf cmd="ignore" pos="DT">a</wf>
<wf cmd="tag" pos="NN">rubdown</wf>
<wf cmd="ignore" pos="IN">with</wf>
<wf cmd="tag" pos="RB">a_piece</wf>
<wf cmd="ignore" pos="IN">of</wf>
<wf cmd="tag" pos="NN">wax_paper</wf>
<wf cmd="ignore" pos="MD">will</wf>
<wf cmd="done" pos="VB" lemma="protect" wnsn="1" lexsn="2:33:00::">protect</wf>
<wf cmd="ignore" pos="DT">the</wf>
<wf cmd="tag" pos="JJ">polished</wf>
<wf cmd="tag" pos="NN">surface</wf>
<wf cmd="ignore" pos="IN">of</wf>
<wf cmd="ignore" pos="DT">the</wf>
<wf cmd="tag" pos="NN">table</wf>
<punc>;</punc>
<wf cmd="done" pos="VB" lemma="wipe" wnsn="1" lexsn="2:35:00::">wiping</wf>
<wf cmd="ignore" pos="IN">with</wf>
<wf cmd="ignore" pos="DT">a</wf>
<wf cmd="tag" pos="RB">slightly</wf>
<wf cmd="tag" pos="JJ">oiled</wf>
<wf cmd="tag" pos="NN">cloth</wf>
<wf cmd="ignore" pos="MD">will</wf>
<wf cmd="done" pos="VB" lemma="discourage" wnsn="1" lexsn="2:32:01::">discourage</wf>
<wf cmd="done" pos="VB" lemma="rust" wnsn="1" lexsn="2:30:00::">rusting</wf>
<wf cmd="ignore" pos="IN">of</wf>
<wf cmd="ignore" pos="DT">the</wf>
<wf cmd="tag" pos="NN">column</wf>
<wf cmd="ignore" pos="CC">and</wf>
<wf cmd="tag" pos="NN">quill</wf>
<punc>.</punc>
</s>
<s snum="63">
<wf cmd="tag" pos="NNP">Presses</wf>
<wf cmd="tag" pos="RB">not</wf>
<wf cmd="done" pos="VB" lemma="fit" wnsn="4" lexsn="2:30:01::">fitted</wf>
<wf cmd="ignore" pos="IN">with</wf>
<wf cmd="tag" pos="JJ">sealed</wf>
<wf cmd="tag" pos="NN">spindle</wf>
<wf cmd="tag" pos="NNS">bearings</wf>
<wf cmd="ignore" pos="MD">will</wf>
<wf cmd="done" pos="VB" lemma="need" wnsn="1" lexsn="2:42:00::">need</wf>
<wf cmd="ignore" pos="DT">a</wf>
<wf cmd="tag" pos="NN">drop</wf>
<wf cmd="ignore" pos="IN">of</wf>
<wf cmd="tag" pos="NN">oil</wf>
<wf cmd="tag" pos="RB">now_and_then</wf>
<wf cmd="ignore" pos="IN">in</wf>
<wf cmd="ignore" pos="DT">the</wf>
<wf cmd="tag" pos="NN">lubrication</wf>
<wf cmd="tag" pos="NNS">holes</wf>
<wf cmd="ignore" pos="IN">in</wf>
<wf cmd="ignore" pos="DT">the</wf>
<wf cmd="tag" pos="NN">quill</wf>
<punc>.</punc>
</s>
<s snum="64">
<wf cmd="ignore" pos="DT">The</wf>
<wf cmd="tag" pos="NN">rest</wf>
<wf cmd="ignore" pos="IN">of</wf>
<wf cmd="ignore" pos="DT">the</wf>
<wf cmd="tag" pos="NN">press</wf>
<wf cmd="ignore" pos="MD">should</wf>
<wf cmd="done" pos="VB" ot="notag">be</wf>
<wf cmd="done" pos="VB" lemma="keep" wnsn="1" lexsn="2:42:00::">kept</wf>
<wf cmd="tag" pos="JJ">clean</wf>
<wf cmd="ignore" pos="IN">by</wf>
<wf cmd="done" pos="VB" lemma="dust" wnsn="1" lexsn="2:35:00::">dusting</wf>
<wf cmd="ignore" pos="IN">with</wf>
<wf cmd="ignore" pos="DT">a</wf>
<wf cmd="tag" pos="JJ">clean</wf>
<wf cmd="tag" pos="NN">rag</wf>
<wf cmd="ignore" pos="CC">or</wf>
<wf cmd="tag" pos="NN">brush</wf>
<punc>.</punc>
</s>
</p>
<p pnum="13">
<s snum="65">
<wf cmd="done" pos="VB" lemma="be" wnsn="1" lexsn="2:42:03::">Be</wf>
<wf cmd="tag" pos="JJ">careful</wf>
<wf cmd="ignore" pos="TO">to</wf>
<wf cmd="done" pos="VB" lemma="keep" wnsn="1" lexsn="2:42:00::">keep</wf>
<wf cmd="ignore" pos="DT">the</wf>
<wf cmd="tag" pos="NN">drive</wf>
<wf cmd="tag" pos="NN">belt</wf>
<wf cmd="tag" pos="JJ">free_of</wf>
<wf cmd="tag" pos="NN">oil</wf>
<wf cmd="ignore" pos="CC">and</wf>
<wf cmd="tag" pos="NN">grease</wf>
<punc>.</punc>
</s>
<s snum="66">
<wf cmd="tag" pos="NNP">Belt</wf>
<wf cmd="tag" pos="NN">tension</wf>
<wf cmd="done" pos="VBZ" ot="notag">is</wf>
<wf cmd="done" pos="VB" lemma="adjust" wnsn="1" lexsn="2:30:00::">adjusted</wf>
<wf cmd="ignore" pos="IN">by</wf>
<wf cmd="tag" pos="NN">manipulation</wf>
<wf cmd="ignore" pos="IN">of</wf>
<wf cmd="tag" pos="CD">two</wf>
<wf cmd="tag" pos="JJ">locking</wf>
<wf cmd="tag" pos="NNS">bolts</wf>
<wf cmd="ignore" pos="CC">and</wf>
<wf cmd="ignore" pos="DT">a</wf>
<wf cmd="tag" pos="JJ">movable</wf>
<wf cmd="tag" pos="NN">motor</wf>
<wf cmd="tag" pos="NN">mount</wf>
<punc>.</punc>
</s>
<s snum="67">
<wf cmd="done" pos="VB" lemma="keep" wnsn="1" lexsn="2:42:00::">Keep</wf>
<wf cmd="ignore" pos="DT">the</wf>
<wf cmd="tag" pos="NN">belt</wf>
<wf cmd="tag" pos="RB">just</wf>
<wf cmd="tag" pos="JJ">tight</wf>
<wf cmd="tag" pos="RB">enough</wf>
<wf cmd="tag" pos="RB">so</wf>
<wf cmd="ignore" pos="DT">the</wf>
<wf cmd="tag" pos="NNS">pulleys</wf>
<wf cmd="done" pos="VBD" ot="notag">won</wf>
<wf cmd="tag" pos="RB">n't</wf>
<wf cmd="done" pos="VB" lemma="slip" wnsn="5" lexsn="2:38:05::">slip</wf>
<wf cmd="ignore" pos="WRB">when</wf>
<wf cmd="done" pos="VB" lemma="pull" wnsn="1" lexsn="2:35:00::">pulled</wf>
<wf cmd="tag" pos="RB">by_hand</wf>
<punc>;</punc>
<wf cmd="tag" pos="JJ">excess</wf>
<wf cmd="tag" pos="NN">tension</wf>
<wf cmd="ignore" pos="MD">will</wf>
<wf cmd="tag" pos="RB">only</wf>
<wf cmd="done" pos="VB" lemma="cause" wnsn="1" lexsn="2:36:00::">cause</wf>
<wf cmd="tag" pos="JJ">undue</wf>
<wf cmd="tag" pos="NN">wear</wf>
<wf cmd="done" pos="VB" ot="notag">on</wf>
<wf cmd="ignore" pos="DT">the</wf>
<wf cmd="tag" pos="NN">motor</wf>
<wf cmd="ignore" pos="CC">and</wf>
<wf cmd="tag" pos="NN">spindle</wf>
<wf cmd="tag" pos="NNS">bearings</wf>
<punc>.</punc>
</s>
<s snum="68">
<wf cmd="tag" pos="JJS">Most</wf>
<wf cmd="tag" pos="NN">drill</wf>
<wf cmd="tag" pos="NNS">presses</wf>
<wf cmd="done" pos="VB" lemma="have" wnsn="2" lexsn="2:42:00::">have</wf>
<wf cmd="ignore" pos="DT">a</wf>
<wf cmd="tag" pos="NN">quill</wf>
<wf cmd="tag" pos="NN">return</wf>
<wf cmd="tag" pos="NN">spring</wf>
<wf cmd="ignore" pos="WDT">that</wf>
<wf cmd="done" pos="VB" lemma="raise" wnsn="2" lexsn="2:38:00::">raises</wf>
<wf cmd="ignore" pos="DT">the</wf>
<wf cmd="tag" pos="NN">spindle</wf>
<wf cmd="tag" pos="RB">automatically</wf>
<wf cmd="ignore" pos="WRB">when</wf>
<wf cmd="ignore" pos="DT">the</wf>
<wf cmd="tag" pos="NN">feed</wf>
<wf cmd="tag" pos="NN">lever</wf>
<wf cmd="done" pos="VB" ot="notag">is_released</wf>
<wf cmd="ignore" pos="CC">and</wf>
<wf cmd="done" pos="VB" lemma="hold" wnsn="1" lexsn="2:42:00::">holds</wf>
<wf cmd="ignore" pos="DT">the</wf>
<wf cmd="tag" pos="NN">quill</wf>
<wf cmd="ignore" pos="IN">in</wf>
<wf cmd="ignore" pos="DT">the</wf>
<wf cmd="tag" pos="JJ">raised</wf>
<wf cmd="tag" pos="NN">position</wf>
<punc>.</punc>
</s>
<s snum="69">
<wf cmd="ignore" pos="DT">The</wf>
<wf cmd="tag" pos="NN">return</wf>
<wf cmd="tag" pos="NN">spring</wf>
<wf cmd="tag" pos="NN">tension</wf>
<wf cmd="ignore" pos="MD">may</wf>
<wf cmd="done" pos="VB" ot="notag">be</wf>
<wf cmd="done" pos="VB" lemma="adjust" wnsn="1" lexsn="2:30:00::">adjusted</wf>
<wf cmd="ignore" pos="TO">to</wf>
<wf cmd="done" pos="VB" lemma="suit" wnsn="1" lexsn="2:42:05::">suit</wf>
<wf cmd="tag" pos="JJ">individual</wf>
<wf cmd="tag" pos="NNS">requirements</wf>
<wf cmd="ignore" pos="IN">by</wf>
<wf cmd="done" pos="VB" lemma="grip" wnsn="1" lexsn="2:35:00::">gripping</wf>
<wf cmd="ignore" pos="DT">the</wf>
<wf cmd="tag" pos="NN">spring</wf>
<wf cmd="tag" pos="NN">housing</wf>
<wf cmd="ignore" pos="IN">with</wf>
<wf cmd="ignore" pos="DT">a</wf>
<wf cmd="tag" pos="NN">pair</wf>
<wf cmd="ignore" pos="IN">of</wf>
<wf cmd="tag" pos="NNS">pliers</wf>
<punc>(</punc>
<wf cmd="ignore" pos="TO">to</wf>
<wf cmd="done" pos="VB" lemma="prevent" wnsn="2" lexsn="2:41:00::">prevent</wf>
<wf cmd="ignore" pos="DT">the</wf>
<wf cmd="tag" pos="NN">spring</wf>
<wf cmd="ignore" pos="IN">from</wf>
<wf cmd="done" pos="VB" lemma="unwind" wnsn="1" lexsn="2:35:06::">unwinding</wf>
<wf cmd="ignore" pos="WRB">when</wf>
<wf cmd="ignore" pos="PRP">it</wf>
<wf cmd="done" pos="VB" ot="notag">is_released</wf>
<punc>)</punc>
<punc>,</punc>
<wf cmd="done" pos="VB" lemma="loosen" wnsn="1" lexsn="2:30:01::">loosening</wf>
<wf cmd="ignore" pos="DT">the</wf>
<wf cmd="tag" pos="NN">lock</wf>
<wf cmd="tag" pos="NN">nut</wf>
<wf cmd="ignore" pos="CC">or</wf>
<wf cmd="tag" pos="NN">screw</wf>
<punc>,</punc>
<wf cmd="ignore" pos="CC">and</wf>
<wf cmd="done" pos="VB" lemma="rotate" wnsn="1" lexsn="2:38:01::">rotating</wf>
<wf cmd="ignore" pos="DT">the</wf>
<wf cmd="tag" pos="NN">housing</wf>
<wf cmd="ignore" pos="IN">until</wf>
<wf cmd="ignore" pos="DT">the</wf>
<wf cmd="tag" pos="JJ">desired</wf>
<wf cmd="tag" pos="NN">tension</wf>
<wf cmd="done" pos="VBZ" ot="notag">is</wf>
<wf cmd="done" pos="VB" lemma="achieve" wnsn="1" lexsn="2:41:00::">achieved</wf>
<punc>.</punc>
</s>
<s snum="70">
<wf cmd="done" pos="VB" lemma="turn" wnsn="1" lexsn="2:38:00::">Turning</wf>
<wf cmd="ignore" pos="DT">the</wf>
<wf cmd="tag" pos="NN">housing</wf>
<wf cmd="tag" pos="RB">clockwise</wf>
<wf cmd="ignore" pos="MD">will</wf>
<wf cmd="done" pos="VB" lemma="reduce" wnsn="1" lexsn="2:30:00::">reduce</wf>
<wf cmd="tag" pos="NN">tension</wf>
<punc>,</punc>
<wf cmd="tag" pos="NN">counter-clockwise</wf>
<wf cmd="ignore" pos="MD">will</wf>
<wf cmd="done" pos="VB" lemma="increase" wnsn="1" lexsn="2:30:00::">increase</wf>
<wf cmd="ignore" pos="PRP">it</wf>
<punc>.</punc>
</s>
</p>
<p pnum="14">
<s snum="71">
<wf cmd="ignore" pos="DT">Some</wf>
<wf cmd="tag" pos="NNS">manufacturers</wf>
<wf cmd="done" pos="VBP" ot="notag">have</wf>
<wf cmd="done" pos="VB" lemma="have" wnsn="1" lexsn="2:40:00::">had</wf>
<wf cmd="ignore" pos="DT">the</wf>
<wf cmd="tag" pos="NN">foresight</wf>
<wf cmd="ignore" pos="TO">to</wf>
<wf cmd="done" pos="VB" lemma="provide" wnsn="1" lexsn="2:40:00::">provide</wf>
<wf cmd="ignore" pos="DT">a</wf>
<wf cmd="tag" pos="NN">socket</wf>
<wf cmd="ignore" pos="IN">for</wf>
<wf cmd="ignore" pos="DT">the</wf>
<wf cmd="tag" pos="NN">chuck</wf>
<wf cmd="tag" pos="JJ">key</wf>
<punc>;</punc>
<wf cmd="tag" pos="RB">otherwise</wf>
<punc>,</punc>
<wf cmd="ignore" pos="PRP">you</wf>
<wf cmd="ignore" pos="MD">'ll</wf>
<wf cmd="done" pos="VB" ot="notag">have_to</wf>
<wf cmd="done" pos="VB" lemma="spend" wnsn="1" lexsn="2:42:00::">spend</wf>
<wf cmd="tag" pos="JJ">a_few</wf>
<wf cmd="tag" pos="NNS">minutes</wf>
<wf cmd="ignore" pos="TO">to</wf>
<wf cmd="ignore" pos="DT">either</wf>
<wf cmd="done" pos="VB" lemma="attach" wnsn="1" lexsn="2:35:01::">attach</wf>
<wf cmd="ignore" pos="DT">a</wf>
<wf cmd="tag" pos="JJ">suitable</wf>
<wf cmd="tag" pos="NN">spring</wf>
<wf cmd="tag" pos="NN">clip</wf>
<wf cmd="tag" pos="RB">somewhere</wf>
<wf cmd="ignore" pos="IN">on</wf>
<wf cmd="ignore" pos="DT">the</wf>
<wf cmd="tag" pos="NN">press</wf>
<wf cmd="tag" pos="NN">head</wf>
<wf cmd="ignore" pos="CC">or</wf>
<wf cmd="done" pos="VB" lemma="fit" wnsn="4" lexsn="2:30:01::">fit</wf>
<wf cmd="ignore" pos="DT">the</wf>
<wf cmd="tag" pos="NN">key</wf>
<wf cmd="done" pos="VB" ot="notag">to</wf>
<wf cmd="ignore" pos="DT">a</wf>
<wf cmd="tag" pos="NN">length</wf>
<wf cmd="ignore" pos="IN">of</wf>
<wf cmd="tag" pos="NN">light</wf>
<wf cmd="tag" pos="NN">chain</wf>
<wf cmd="ignore" pos="CC">and</wf>
<wf cmd="done" pos="VB" lemma="fasten" wnsn="2" lexsn="2:35:00::">fasten</wf>
<wf cmd="ignore" pos="TO">to</wf>
<wf cmd="ignore" pos="DT">the</wf>
<wf cmd="tag" pos="NN">bottom</wf>
<wf cmd="ignore" pos="IN">of</wf>
<wf cmd="ignore" pos="DT">the</wf>
<wf cmd="tag" pos="NN">motor</wf>
<wf cmd="tag" pos="NN">mount</wf>
<wf cmd="tag" pos="RB">so_that</wf>
<wf cmd="ignore" pos="DT">the</wf>
<wf cmd="tag" pos="JJ">key</wf>
<wf cmd="done" pos="VB" lemma="be" wnsn="1" lexsn="2:42:03::">is</wf>
<wf cmd="tag" pos="RB">out_of_the_way</wf>
<wf cmd="ignore" pos="WRB">when</wf>
<wf cmd="tag" pos="RB">not</wf>
<wf cmd="tag" pos="JJ">in_use</wf>
<punc>.</punc>
</s>
</p>
<p pnum="15">
<s snum="72">
<wf cmd="tag" pos="NN">Drill</wf>
<wf cmd="tag" pos="NNS">speeds</wf>
<wf cmd="done" pos="VB" lemma="be" wnsn="1" lexsn="2:42:03::">are</wf>
<wf cmd="tag" pos="JJ">important</wf>
<wf cmd="ignore" pos="IN">if</wf>
<wf cmd="ignore" pos="PRP">you</wf>
<wf cmd="done" pos="VB" lemma="want" wnsn="1" lexsn="2:37:00::">want</wf>
<wf cmd="ignore" pos="DT">a</wf>
<wf cmd="tag" pos="JJ">good</wf>
<wf cmd="tag" pos="NN">job</wf>
<punc>.</punc>
</s>
<s snum="73">
<wf cmd="ignore" pos="DT">Each</wf>
<wf cmd="tag" pos="NN">cutting_tool</wf>
<wf cmd="ignore" pos="MD">will</wf>
<wf cmd="done" pos="VB" lemma="operate" wnsn="1" lexsn="2:41:00::">operate</wf>
<wf cmd="tag" pos="JJS">best</wf>
<wf cmd="ignore" pos="IN">at</wf>
<wf cmd="ignore" pos="DT">a</wf>
<wf cmd="tag" pos="JJ">given</wf>
<wf cmd="tag" pos="NN">speed</wf>
<punc>,</punc>
<wf cmd="tag" pos="JJ">depending_on</wf>
<wf cmd="ignore" pos="DT">the</wf>
<wf cmd="tag" pos="NN">material</wf>
<wf cmd="done" pos="VB" lemma="work" wnsn="2" lexsn="2:41:00::">worked</wf>
<punc>.</punc>
</s>
<s snum="74">
<wf cmd="ignore" pos="IN">On</wf>
<wf cmd="tag" pos="JJS">most</wf>
<wf cmd="tag" pos="NN">drill</wf>
<wf cmd="tag" pos="NNS">presses</wf>
<punc>,</punc>
<wf cmd="ignore" pos="PRP">it</wf>
<wf cmd="done" pos="VB" lemma="be" wnsn="1" lexsn="2:42:03::">is</wf>
<wf cmd="tag" pos="JJ">impossible</wf>
<wf cmd="ignore" pos="TO">to</wf>
<wf cmd="done" pos="VB" lemma="get" wnsn="1" lexsn="2:40:00::">get</wf>
<wf cmd="ignore" pos="DT">the</wf>
<wf cmd="tag" pos="JJ">exact</wf>
<wf cmd="tag" pos="NN">speed</wf>
<punc>,</punc>
<wf cmd="ignore" pos="CC">but</wf>
<wf cmd="ignore" pos="PRP">you</wf>
<wf cmd="ignore" pos="MD">can</wf>
<wf cmd="done" pos="VB" lemma="come" wnsn="6" lexsn="2:30:02::">come</wf>
<wf cmd="tag" pos="JJ">close_by</wf>
<wf cmd="done" pos="VB" lemma="adjust" wnsn="1" lexsn="2:30:00::">adjusting</wf>
<wf cmd="ignore" pos="DT">the</wf>
<wf cmd="tag" pos="NN">drive</wf>
<wf cmd="tag" pos="NN">belt</wf>
<wf cmd="ignore" pos="IN">on</wf>
<wf cmd="ignore" pos="DT">the</wf>
<wf cmd="tag" pos="JJ">step-cone</wf>
<wf cmd="tag" pos="NNS">pulleys</wf>
<punc>.</punc>
</s>
<s snum="75">
<wf cmd="ignore" pos="PRP">You</wf>
<wf cmd="ignore" pos="MD">will</wf>
<wf cmd="done" pos="VB" lemma="find" wnsn="2" lexsn="2:39:02::">find</wf>
<wf cmd="ignore" pos="DT">a</wf>
<wf cmd="tag" pos="NN">chart</wf>
<wf cmd="done" pos="VB" lemma="give" wnsn="2" lexsn="2:40:05::">giving</wf>
<wf cmd="ignore" pos="DT">the</wf>
<wf cmd="tag" pos="JJ">various</wf>
<wf cmd="tag" pos="NN">speed</wf>
<wf cmd="tag" pos="NNS">ratios</wf>
<wf cmd="tag" pos="JJ">available</wf>
<wf cmd="ignore" pos="IN">with</wf>
<wf cmd="ignore" pos="PRP$">your</wf>
<wf cmd="tag" pos="JJ">particular</wf>
<wf cmd="tag" pos="NN">drill</wf>
<wf cmd="tag" pos="NN">press</wf>
<wf cmd="tag" pos="RB">somewhere</wf>
<wf cmd="ignore" pos="IN">in</wf>
<wf cmd="ignore" pos="DT">the</wf>
<wf cmd="tag" pos="NN">instruction</wf>
<wf cmd="tag" pos="NN">booklet</wf>
<wf cmd="ignore" pos="IN">that</wf>
<wf cmd="done" pos="VB" lemma="come_with" wnsn="1" lexsn="2:42:00::">came_with</wf>
<wf cmd="ignore" pos="DT">the</wf>
<wf cmd="tag" pos="NN">tool</wf>
<punc>.</punc>
</s>
<s snum="76">
<wf cmd="done" pos="VB" lemma="see" wnsn="1" lexsn="2:39:00::">See</wf>
<wf cmd="ignore" pos="DT">the</wf>
<wf cmd="tag" pos="NN">table</wf>
<wf cmd="ignore" pos="IN">on</wf>
<wf cmd="tag" pos="NN">page</wf>
<wf cmd="tag" pos="CD">34</wf>
<wf cmd="ignore" pos="IN">for</wf>
<wf cmd="tag" pos="JJ">exact</wf>
<wf cmd="tag" pos="JJ">recommended</wf>
<wf cmd="tag" pos="NNS">speeds</wf>
<punc>.</punc>
</s>
<s snum="77">
<wf cmd="tag" pos="RB">Generally</wf>
<punc>,</punc>
<wf cmd="ignore" pos="DT">the</wf>
<wf cmd="tag" pos="RBR">larger</wf>
<wf cmd="ignore" pos="DT">the</wf>
<wf cmd="tag" pos="NN">tool</wf>
<wf cmd="ignore" pos="CC">and</wf>
<wf cmd="ignore" pos="DT">the</wf>
<wf cmd="tag" pos="RBR">harder</wf>
<wf cmd="ignore" pos="DT">the</wf>
<wf cmd="tag" pos="NN">material</wf>
<punc>,</punc>
<wf cmd="ignore" pos="DT">the</wf>
<wf cmd="tag" pos="RBR">slower</wf>
<wf cmd="ignore" pos="DT">the</wf>
<wf cmd="tag" pos="NN">speed</wf>
<punc>.</punc>
</s>
</p>
<p pnum="16">
<s snum="78">
<wf cmd="tag" pos="NN">Feed</wf>
<wf cmd="tag" pos="NN">pressure</wf>
<wf cmd="done" pos="VB" lemma="be" wnsn="1" lexsn="2:42:03::">is</wf>
<wf cmd="tag" pos="RB">also</wf>
<wf cmd="ignore" pos="IN">of</wf>
<wf cmd="tag" pos="JJ">major</wf>
<wf cmd="tag" pos="NN">importance</wf>
<punc>.</punc>
</s>
<s snum="79">
<wf cmd="tag" pos="RB">Too_much</wf>
<wf cmd="tag" pos="NN">pressure</wf>
<wf cmd="ignore" pos="MD">will</wf>
<wf cmd="done" pos="VB" lemma="force" wnsn="3" lexsn="2:38:00::">force</wf>
<wf cmd="ignore" pos="DT">the</wf>
<wf cmd="tag" pos="NN">tool</wf>
<wf cmd="ignore" pos="IN">beyond</wf>
<wf cmd="ignore" pos="PRP$">its</wf>
<wf cmd="tag" pos="NN">cutting</wf>
<wf cmd="tag" pos="NN">capacity</wf>
<wf cmd="ignore" pos="CC">and</wf>
<wf cmd="done" pos="VB" lemma="result" wnsn="2" lexsn="2:42:02::">result</wf>
<wf cmd="done" pos="VB" ot="notag">in</wf>
<wf cmd="tag" pos="JJ">rough</wf>
<wf cmd="tag" pos="NNS">cuts</wf>
<wf cmd="ignore" pos="CC">and</wf>
<wf cmd="tag" pos="JJ">jammed</wf>
<wf cmd="ignore" pos="CC">or</wf>
<wf cmd="tag" pos="JJ">broken</wf>
<wf cmd="tag" pos="NNS">tools</wf>
<punc>.</punc>
</s>
<s snum="80">
<wf cmd="tag" pos="RB">Too</wf>
<wf cmd="tag" pos="NN">light</wf>
<wf cmd="ignore" pos="DT">a</wf>
<wf cmd="tag" pos="NN">feed</wf>
<punc>,</punc>
<wf cmd="tag" pos="RB">particularly</wf>
<wf cmd="ignore" pos="IN">with</wf>
<wf cmd="tag" pos="NN">metal</wf>
<wf cmd="ignore" pos="CC">or</wf>
<wf cmd="tag" pos="JJ">other</wf>
<wf cmd="tag" pos="JJ">hard</wf>
<wf cmd="tag" pos="NN">material</wf>
<punc>,</punc>
<wf cmd="done" pos="VB" lemma="cause" wnsn="1" lexsn="2:36:00::">causes</wf>
<wf cmd="tag" pos="NN">overheating</wf>
<wf cmd="ignore" pos="IN">of</wf>
<wf cmd="ignore" pos="DT">the</wf>
<wf cmd="tag" pos="NN">tool</wf>
<wf cmd="ignore" pos="CC">and</wf>
<wf cmd="tag" pos="NN">burning</wf>
<wf cmd="ignore" pos="IN">of</wf>
<wf cmd="ignore" pos="DT">the</wf>
<wf cmd="tag" pos="NN">cutting_edge</wf>
<punc>.</punc>
</s>
<s snum="81">
<wf cmd="ignore" pos="DT">The</wf>
<wf cmd="tag" pos="JJS">best</wf>
<wf cmd="tag" pos="NNS">results</wf>
<wf cmd="ignore" pos="MD">will</wf>
<wf cmd="done" pos="VB" ot="notag">be</wf>
<wf cmd="done" pos="VB" lemma="obtain" wnsn="1" lexsn="2:40:00::">obtained</wf>
<wf cmd="ignore" pos="IN">by</wf>
<wf cmd="done" pos="VB" lemma="match" wnsn="1" lexsn="2:42:00::">matching</wf>
<wf cmd="ignore" pos="DT">the</wf>
<wf cmd="tag" pos="JJ">correct</wf>
<wf cmd="tag" pos="NN">speed</wf>
<wf cmd="ignore" pos="IN">with</wf>
<wf cmd="ignore" pos="DT">a</wf>
<wf cmd="tag" pos="JJ">steady</wf>
<wf cmd="tag" pos="NN">feed</wf>
<wf cmd="tag" pos="NN">pressure</wf>
<wf cmd="ignore" pos="WDT">that</wf>
<wf cmd="done" pos="VB" lemma="let" wnsn="1" lexsn="2:41:00::">lets</wf>
<wf cmd="ignore" pos="DT">the</wf>
<wf cmd="tag" pos="NN">tool</wf>
<wf cmd="done" pos="VB" lemma="cut" wnsn="1" lexsn="2:35:00::">cut</wf>
<wf cmd="tag" pos="RB">easily</wf>
<wf cmd="ignore" pos="IN">at</wf>
<wf cmd="ignore" pos="DT">an</wf>
<wf cmd="tag" pos="JJ">even</wf>
<wf cmd="tag" pos="NN">rate</wf>
<punc>.</punc>
</s>
</p>
<p pnum="17">
<s snum="82">
<wf cmd="ignore" pos="EX">There</wf>
<wf cmd="done" pos="VB" lemma="be" wnsn="4" lexsn="2:42:00::">are</wf>
<wf cmd="tag" pos="JJ">numerous</wf>
<wf cmd="tag" pos="NNS">types</wf>
<wf cmd="ignore" pos="CC">and</wf>
<wf cmd="tag" pos="NNS">styles</wf>
<wf cmd="ignore" pos="IN">of</wf>
<wf cmd="tag" pos="NNS">tools</wf>
<wf cmd="ignore" pos="TO">to</wf>
<wf cmd="done" pos="VB" lemma="drill" wnsn="1" lexsn="2:35:00::">drill</wf>
<wf cmd="tag" pos="NN">holes</wf>
<punc>.</punc>
</s>
<s snum="83">
<wf cmd="tag" pos="RB">The_most</wf>
<wf cmd="tag" pos="JJ">common</wf>
<wf cmd="done" pos="VB" lemma="be" wnsn="2" lexsn="2:42:06::">are</wf>
<wf cmd="ignore" pos="DT">the</wf>
<wf cmd="tag" pos="NN">twist_drill</wf>
<punc>,</punc>
<wf cmd="ignore" pos="DT">the</wf>
<wf cmd="tag" pos="JJ">solid</wf>
<wf cmd="tag" pos="NN">center</wf>
<wf cmd="tag" pos="NN">shaft</wf>
<wf cmd="ignore" pos="IN">with</wf>
<wf cmd="tag" pos="JJ">interchangeable</wf>
<wf cmd="tag" pos="NN">cutting</wf>
<wf cmd="tag" pos="NNS">blades</wf>
<punc>,</punc>
<wf cmd="ignore" pos="DT">the</wf>
<wf cmd="tag" pos="JJ">double</wf>
<wf cmd="tag" pos="NN">spur</wf>
<wf cmd="tag" pos="NN">bit</wf>
<punc>,</punc>
<wf cmd="ignore" pos="CC">and</wf>
<wf cmd="ignore" pos="DT">the</wf>
<wf cmd="tag" pos="NN">power</wf>
<wf cmd="tag" pos="NN">wood</wf>
<wf cmd="tag" pos="NN">bit</wf>
<punc>.</punc>
</s>
<s snum="84">
<wf cmd="ignore" pos="DT">All</wf>
<wf cmd="ignore" pos="MD">will</wf>
<wf cmd="done" pos="VB" lemma="do" wnsn="2" lexsn="2:36:01::">do</wf>
<wf cmd="ignore" pos="DT">a</wf>
<wf cmd="tag" pos="JJ">good</wf>
<wf cmd="tag" pos="NN">job</wf>
<wf cmd="ignore" pos="IN">if</wf>
<wf cmd="tag" pos="JJ">sharp</wf>
<punc>,</punc>
<wf cmd="ignore" pos="CC">but</wf>
<wf cmd="ignore" pos="DT">the</wf>
<wf cmd="tag" pos="NN">twist_drills</wf>
<wf cmd="done" pos="VBP" ot="notag">do</wf>
<wf cmd="tag" pos="RB">n't</wf>
<wf cmd="done" pos="VB" lemma="cut" wnsn="1" lexsn="2:35:00::">cut</wf>
<wf cmd="tag" pos="RB">quite</wf>
<wf cmd="tag" pos="RB">as</wf>
<wf cmd="tag" pos="RB">smoothly</wf>
<wf cmd="ignore" pos="IN">as</wf>
<wf cmd="ignore" pos="DT">the</wf>
<wf cmd="tag" pos="NNS">others</wf>
<punc>,</punc>
<wf cmd="ignore" pos="IN">since</wf>
<wf cmd="ignore" pos="PRP">they</wf>
<wf cmd="done" pos="VBP" ot="notag">do</wf>
<wf cmd="tag" pos="RB">not</wf>
<wf cmd="done" pos="VB" lemma="have" wnsn="2" lexsn="2:42:00::">have</wf>
<wf cmd="ignore" pos="DT">the</wf>
<wf cmd="tag" pos="JJ">outlining</wf>
<wf cmd="tag" pos="NNS">spurs</wf>
<wf cmd="ignore" pos="WDT">that</wf>
<wf cmd="done" pos="VB" lemma="sever" wnsn="1" lexsn="2:35:01::">sever</wf>
<wf cmd="ignore" pos="DT">the</wf>
<wf cmd="tag" pos="NNS">fibers</wf>
<wf cmd="ignore" pos="IN">before</wf>
<wf cmd="tag" pos="JJ">actual</wf>
<wf cmd="tag" pos="JJ">boring</wf>
<wf cmd="done" pos="VB" lemma="start" wnsn="1" lexsn="2:30:00::">starts</wf>
<punc>.</punc>
</s>
</p>
<p pnum="18">
<s snum="85">
<wf cmd="ignore" pos="DT">The</wf>
<wf cmd="tag" pos="JJ">adjustable</wf>
<wf cmd="tag" pos="NN">fly</wf>
<wf cmd="tag" pos="NN">cutter</wf>
<wf cmd="done" pos="VB" lemma="be" wnsn="1" lexsn="2:42:03::">is</wf>
<wf cmd="tag" pos="RB">very</wf>
<wf cmd="tag" pos="JJ">useful</wf>
<wf cmd="ignore" pos="IN">for</wf>
<wf cmd="done" pos="VB" lemma="cut" wnsn="1" lexsn="2:35:00::">cutting</wf>
<wf cmd="tag" pos="JJ">large</wf>
<wf cmd="tag" pos="NN">diameter</wf>
<wf cmd="tag" pos="NNS">holes</wf>
<wf cmd="ignore" pos="CC">and</wf>
<wf cmd="ignore" pos="MD">can</wf>
<wf cmd="done" pos="VB" ot="notag">be</wf>
<wf cmd="done" pos="VB" lemma="use" wnsn="1" lexsn="2:34:01::">used</wf>
<wf cmd="ignore" pos="TO">to</wf>
<wf cmd="done" pos="VB" lemma="cut" wnsn="1" lexsn="2:35:00::">cut</wf>
<wf cmd="tag" pos="JJ">exact-size</wf>
<wf cmd="tag" pos="NNS">discs</wf>
<wf cmd="ignore" pos="IN">by</wf>
<wf cmd="done" pos="VB" lemma="reverse" wnsn="2" lexsn="2:30:01::">reversing</wf>
<wf cmd="ignore" pos="DT">the</wf>
<wf cmd="tag" pos="NN">cutter</wf>
<wf cmd="tag" pos="NN">blade</wf>
<punc>.</punc>
</s>
<s snum="86">
<wf cmd="ignore" pos="IN">Since</wf>
<wf cmd="tag" pos="NN">fly</wf>
<wf cmd="tag" pos="NNS">cutters</wf>
<wf cmd="done" pos="VB" lemma="be" wnsn="1" lexsn="2:42:03::">are</wf>
<wf cmd="tag" pos="CD">one</wf>
<wf cmd="tag" pos="NN">sided</wf>
<wf cmd="ignore" pos="CC">and</wf>
<wf cmd="tag" pos="RB">not</wf>
<wf cmd="tag" pos="JJ">balanced</wf>
<punc>,</punc>
<wf cmd="ignore" pos="PRP">they</wf>
<wf cmd="ignore" pos="MD">should</wf>
<wf cmd="done" pos="VB" ot="notag">be</wf>
<wf cmd="done" pos="VB" lemma="use" wnsn="1" lexsn="2:34:01::">used</wf>
<wf cmd="ignore" pos="IN">at</wf>
<wf cmd="ignore" pos="DT">the</wf>
<wf cmd="tag" pos="JJS">slowest</wf>
<wf cmd="tag" pos="NN">speed</wf>
<wf cmd="tag" pos="JJ">available</wf>
<punc>,</punc>
<wf cmd="ignore" pos="CC">and</wf>
<wf cmd="done" pos="VB" lemma="feed" wnsn="3" lexsn="2:34:03::">fed</wf>
<wf cmd="tag" pos="RB">very</wf>
<wf cmd="tag" pos="RB">slowly</wf>
<wf cmd="ignore" pos="TO">to</wf>
<wf cmd="done" pos="VB" lemma="avoid" wnsn="3" lexsn="2:41:03::">avoid</wf>
<wf cmd="tag" pos="NN">binding</wf>
<punc>.</punc>
</s>
<s snum="87">
<wf cmd="tag" pos="NN">Fly</wf>
<wf cmd="tag" pos="NNS">cutters</wf>
<wf cmd="ignore" pos="MD">can</wf>
<wf cmd="done" pos="VB" lemma="fool" wnsn="1" lexsn="2:41:00::">fool</wf>
<wf cmd="ignore" pos="PRP">you</wf>
<wf cmd="ignore" pos="IN">into</wf>
<wf cmd="done" pos="VB" lemma="put" wnsn="1" lexsn="2:35:00::">putting</wf>
<wf cmd="ignore" pos="PRP$">your</wf>
<wf cmd="tag" pos="NN">hand</wf>
<wf cmd="tag" pos="JJ">too_close</wf>
<wf cmd="ignore" pos="TO">to</wf>
<wf cmd="ignore" pos="DT">the</wf>
<wf cmd="tag" pos="NN">tool</wf>
<punc>,</punc>
<wf cmd="tag" pos="RB">so</wf>
<wf cmd="ignore" pos="IN">if</wf>
<wf cmd="ignore" pos="PRP">you</wf>
<wf cmd="done" pos="VB" lemma="want" wnsn="1" lexsn="2:37:00::">want</wf>
<wf cmd="done" pos="VB" ot="notag">to</wf>
<wf cmd="done" pos="VB" lemma="avoid" wnsn="3" lexsn="2:41:03::">avoid</wf>
<wf cmd="tag" pos="JJ">nicked</wf>
<wf cmd="tag" pos="NNS">fingers</wf>
<punc>,</punc>
<wf cmd="done" pos="VB" lemma="keep" wnsn="1" lexsn="2:42:00::">keep</wf>
<wf cmd="ignore" pos="PRP$">your</wf>
<wf cmd="tag" pos="NNS">hands</wf>
<wf cmd="tag" pos="JJ">well_out</wf>
<wf cmd="ignore" pos="IN">of</wf>
<wf cmd="ignore" pos="DT">the</wf>
<wf cmd="tag" pos="NN">way</wf>
<punc>.</punc>
</s>
</p>
<p pnum="19">
<s snum="88">
<wf cmd="ignore" pos="WRB">When</wf>
<wf cmd="done" pos="VB" lemma="drill" wnsn="1" lexsn="2:35:00::">drilling</wf>
<wf cmd="tag" pos="RB">all_the_way</wf>
<wf cmd="ignore" pos="IN">through</wf>
<wf cmd="ignore" pos="DT">a</wf>
<wf cmd="tag" pos="NN">workpiece</wf>
<punc>,</punc>
<wf cmd="tag" pos="RB">always</wf>
<wf cmd="done" pos="VB" lemma="place" wnsn="1" lexsn="2:35:00::">place</wf>
<wf cmd="tag" pos="RB">a_piece</wf>
<wf cmd="ignore" pos="IN">of</wf>
<wf cmd="tag" pos="NN">scrap</wf>
<wf cmd="tag" pos="NN">wood</wf>
<wf cmd="ignore" pos="IN">underneath</wf>
<punc>.</punc>
</s>
<s snum="89">
<wf cmd="ignore" pos="DT">This</wf>
<wf cmd="ignore" pos="MD">will</wf>
<wf cmd="tag" pos="RB">not_only</wf>
<wf cmd="done" pos="VB" lemma="protect" wnsn="1" lexsn="2:33:00::">protect</wf>
<wf cmd="ignore" pos="DT">the</wf>
<wf cmd="tag" pos="NN">work_table</wf>
<punc>,</punc>
<wf cmd="ignore" pos="CC">but</wf>
<wf cmd="tag" pos="RB">also</wf>
<wf cmd="done" pos="VB" lemma="assure" wnsn="1" lexsn="2:32:03::">assure</wf>
<wf cmd="ignore" pos="DT">a</wf>
<wf cmd="tag" pos="JJ">clean</wf>
<wf cmd="tag" pos="NN">breakthrough</wf>
<punc>.</punc>
</s>
<s snum="90">
<wf cmd="ignore" pos="DT">Another</wf>
<wf cmd="tag" pos="NN">method</wf>
<wf cmd="ignore" pos="IN">of</wf>
<wf cmd="done" pos="VB" lemma="assure" wnsn="1" lexsn="2:32:03::">assuring</wf>
<wf cmd="ignore" pos="DT">a</wf>
<wf cmd="tag" pos="JJ">clean</wf>
<wf cmd="tag" pos="NN">hole</wf>
<wf cmd="done" pos="VB" lemma="be" wnsn="7" lexsn="2:42:02::">is</wf>
<wf cmd="ignore" pos="TO">to</wf>
<wf cmd="tag" pos="JJ">first</wf>
<wf cmd="done" pos="VB" lemma="drill" wnsn="1" lexsn="2:35:00::">drill</wf>
<wf cmd="ignore" pos="DT">a</wf>
<wf cmd="tag" pos="JJ">small</wf>
<wf cmd="tag" pos="NN">pilot</wf>
<wf cmd="tag" pos="NN">hole</wf>
<wf cmd="tag" pos="RB">all_the_way</wf>
<wf cmd="tag" pos="RB">through</wf>
<punc>,</punc>
<wf cmd="tag" pos="RB">then</wf>
<wf cmd="done" pos="VB" lemma="drill" wnsn="1" lexsn="2:35:00::">drill</wf>
<wf cmd="tag" pos="RB">half_way</wf>
<wf cmd="ignore" pos="IN">with</wf>
<wf cmd="ignore" pos="DT">the</wf>
<wf cmd="tag" pos="JJ">dimensional</wf>
<wf cmd="tag" pos="NN">bit</wf>
<punc>,</punc>
<wf cmd="done" pos="VB" lemma="turn" wnsn="1" lexsn="2:38:00::">turn</wf>
<wf cmd="ignore" pos="DT">the</wf>
<wf cmd="tag" pos="NN">piece</wf>
<wf cmd="tag" pos="RB">over</wf>
<punc>,</punc>
<wf cmd="ignore" pos="CC">and</wf>
<wf cmd="done" pos="VB" lemma="finish" wnsn="4" lexsn="2:35:00::">finish</wf>
<wf cmd="ignore" pos="IN">from</wf>
<wf cmd="ignore" pos="DT">the</wf>
<wf cmd="tag" pos="JJ">other</wf>
<wf cmd="tag" pos="NN">side</wf>
<punc>.</punc>
</s>
<s snum="91">
<wf cmd="ignore" pos="IN">In</wf>
<wf cmd="tag" pos="JJ">soft</wf>
<wf cmd="tag" pos="NNS">woods</wf>
<wf cmd="ignore" pos="IN">with</wf>
<wf cmd="tag" pos="JJ">pronounced</wf>
<wf cmd="tag" pos="NN">grain</wf>
<punc>,</punc>
<wf cmd="ignore" pos="EX">there</wf>
<wf cmd="done" pos="VB" lemma="be" wnsn="4" lexsn="2:42:00::">is</wf>
<wf cmd="tag" pos="RB">sometimes</wf>
<wf cmd="ignore" pos="DT">a</wf>
<wf cmd="tag" pos="NN">tendency</wf>
<wf cmd="ignore" pos="IN">for</wf>
<wf cmd="ignore" pos="DT">the</wf>
<wf cmd="tag" pos="NN">hole</wf>
<wf cmd="ignore" pos="TO">to</wf>
<wf cmd="done" pos="VB" lemma="wander" wnsn="1" lexsn="2:38:00::">wander</wf>
<punc>,</punc>
<wf cmd="tag" pos="JJ">due_to</wf>
<wf cmd="ignore" pos="DT">the</wf>
<wf cmd="tag" pos="JJ">varying</wf>
<wf cmd="tag" pos="NN">hardness</wf>
<wf cmd="ignore" pos="IN">of</wf>
<wf cmd="ignore" pos="DT">the</wf>
<wf cmd="tag" pos="NN">wood</wf>
<punc>.</punc>
</s>
<s snum="92">
<wf cmd="tag" pos="RB">In_this</wf>
<wf cmd="tag" pos="NN">case</wf>
<punc>,</punc>
<wf cmd="done" pos="VB" lemma="drill" wnsn="1" lexsn="2:35:00::">drilling</wf>
<wf cmd="ignore" pos="DT">a</wf>
<wf cmd="tag" pos="JJ">small</wf>
<wf cmd="tag" pos="NN">pilot</wf>
<wf cmd="tag" pos="NN">hole</wf>
<wf cmd="ignore" pos="CC">or</wf>
<wf cmd="done" pos="VB" lemma="clamp" wnsn="1" lexsn="2:35:00::">clamping</wf>
<wf cmd="ignore" pos="DT">the</wf>
<wf cmd="tag" pos="NN">work</wf>
<wf cmd="ignore" pos="MD">will</wf>
<wf cmd="done" pos="VB" lemma="do" wnsn="1" lexsn="2:41:01::">do</wf>
<wf cmd="tag" pos="JJ">much</wf>
<wf cmd="ignore" pos="TO">to</wf>
<wf cmd="done" pos="VB" lemma="improve" wnsn="1" lexsn="2:30:01::">improve</wf>
<wf cmd="tag" pos="NN">accuracy</wf>
<punc>.</punc>
</s>
</p>
<p pnum="20">
<s snum="93">
<wf cmd="ignore" pos="WRB">When</wf>
<wf cmd="ignore" pos="DT">a</wf>
<wf cmd="tag" pos="NN">hole</wf>
<wf cmd="done" pos="VB" lemma="be" wnsn="1" lexsn="2:42:03::">is</wf>
<wf cmd="ignore" pos="TO">to</wf>
<wf cmd="done" pos="VB" ot="notag">be</wf>
<wf cmd="done" pos="VB" lemma="bore" wnsn="2" lexsn="2:35:00::">bored</wf>
<wf cmd="ignore" pos="TO">to</wf>
<wf cmd="ignore" pos="DT">a</wf>
<wf cmd="tag" pos="JJ">predetermined</wf>
<wf cmd="tag" pos="NN">depth</wf>
<punc>,</punc>
<wf cmd="done" pos="VB" lemma="mark" wnsn="1" lexsn="2:35:09::">mark</wf>
<wf cmd="ignore" pos="DT">the</wf>
<wf cmd="tag" pos="NN">depth</wf>
<wf cmd="tag" pos="RB">on_the_side</wf>
<wf cmd="ignore" pos="IN">of</wf>
<wf cmd="ignore" pos="DT">the</wf>
<wf cmd="tag" pos="NN">stock</wf>
<punc>,</punc>
<wf cmd="tag" pos="RB">then</wf>
<wf cmd="done" pos="VB" lemma="run" wnsn="4" lexsn="2:41:02::">run</wf>
<wf cmd="ignore" pos="DT">the</wf>
<wf cmd="tag" pos="NN">bit</wf>
<wf cmd="tag" pos="RB">down</wf>
<wf cmd="tag" pos="RB">so_that</wf>
<wf cmd="ignore" pos="PRP">it</wf>
<wf cmd="done" pos="VB" lemma="be" wnsn="1" lexsn="2:42:03::">is</wf>
<wf cmd="tag" pos="RB">even</wf>
<wf cmd="ignore" pos="IN">with</wf>
<wf cmd="ignore" pos="DT">the</wf>
<wf cmd="tag" pos="NN">mark</wf>
<punc>.</punc>
</s>
<s snum="94">
<wf cmd="ignore" pos="DT">The</wf>
<wf cmd="tag" pos="NN">depth</wf>
<wf cmd="tag" pos="NN">gauge</wf>
<wf cmd="tag" pos="NN">rod</wf>
<wf cmd="ignore" pos="MD">can</wf>
<wf cmd="tag" pos="RB">now</wf>
<wf cmd="done" pos="VB" ot="notag">be</wf>
<wf cmd="done" pos="VB" lemma="set" wnsn="8" lexsn="2:30:02::">set</wf>
<punc>,</punc>
<wf cmd="ignore" pos="CC">and</wf>
<wf cmd="ignore" pos="DT">any</wf>
<wf cmd="tag" pos="NN">number</wf>
<wf cmd="ignore" pos="IN">of</wf>
<wf cmd="tag" pos="NNS">holes</wf>
<wf cmd="done" pos="VB" lemma="bore" wnsn="2" lexsn="2:35:00::">bored</wf>
<wf cmd="ignore" pos="TO">to</wf>
<wf cmd="tag" pos="JJ">exact</wf>
<wf cmd="ignore" pos="CC">and</wf>
<wf cmd="tag" pos="JJ">identical</wf>
<wf cmd="tag" pos="NN">depth</wf>
<punc>.</punc>
</s>
</p>
</context>
</contextfile>
