<contextfile concordance="brown">
<context filename="br-f07" paras="yes">
<p pnum="1">
<s snum="1">
<wf cmd="ignore" pos="DT">Some</wf>
<wf cmd="tag" pos="JJ">recent</wf>
<wf cmd="tag" pos="NNS">writings</wf>
<wf cmd="done" pos="VB" lemma="assume" wnsn="1" lexsn="2:31:00::">assume</wf>
<wf cmd="ignore" pos="IN">that</wf>
<wf cmd="ignore" pos="DT">the</wf>
<wf cmd="tag" pos="JJ">ignorant</wf>
<wf cmd="tag" pos="JJ">young</wf>
<wf cmd="tag" pos="NNS">couples</wf>
<wf cmd="done" pos="VB" lemma="be" wnsn="1" lexsn="2:42:03::">are</wf>
<wf cmd="ignore" pos="DT">a</wf>
<wf cmd="tag" pos="NN">thing</wf>
<wf cmd="ignore" pos="IN">of</wf>
<wf cmd="ignore" pos="DT">the</wf>
<wf cmd="tag" pos="JJ">remote</wf>
<punc>,</punc>
<wf cmd="tag" pos="JJ">Victorian</wf>
<wf cmd="tag" pos="JJ">past</wf>
<punc>;</punc>
<wf cmd="ignore" pos="IN">that</wf>
<wf cmd="tag" pos="RB">nowadays</wf>
<wf cmd="ignore" pos="DT">all</wf>
<wf cmd="tag" pos="NNS">honeymooners</wf>
<wf cmd="done" pos="VB" lemma="be" wnsn="1" lexsn="2:42:03::">are</wf>
<wf cmd="tag" pos="RB">thoroughly</wf>
<wf cmd="tag" pos="JJ">familiar_with</wf>
<wf cmd="ignore" pos="DT">the</wf>
<wf cmd="tag" pos="JJS">best</wf>
<wf cmd="tag" pos="NNS">sex-manuals</wf>
<wf cmd="ignore" pos="CC">and</wf>
<wf cmd="done" pos="VB" lemma="know" wnsn="1" lexsn="2:31:01::">know</wf>
<wf cmd="tag" pos="RB">enough</wf>
<wf cmd="ignore" pos="IN">from</wf>
<wf cmd="tag" pos="NN">talk</wf>
<wf cmd="ignore" pos="IN">with</wf>
<wf cmd="tag" pos="NNS">friends</wf>
<wf cmd="ignore" pos="CC">and</wf>
<wf cmd="tag" pos="JJ">personal</wf>
<wf cmd="tag" pos="NN">experimentation</wf>
<wf cmd="ignore" pos="TO">to</wf>
<wf cmd="done" rdf="take_out" pos="VB" ot="notag">take</wf>
<wf cmd="ignore" pos="PDT">all</wf>
<wf cmd="ignore" pos="DT">the</wf>
<wf cmd="tag" pos="NN">anxiety</wf>
<wf cmd="ignore" pos="CC">and</wf>
<wf cmd="tag" pos="NNS">hazards</wf>
<wf cmd="ignore" pos="IN">out</wf>
<wf cmd="ignore" pos="IN">of</wf>
<wf cmd="ignore" pos="DT">the</wf>
<wf cmd="tag" pos="NN">situation</wf>
<punc>.</punc>
</s>
</p>
<p pnum="2">
<s snum="2">
<wf cmd="tag" pos="RB">Perhaps</wf>
<punc>-</punc>
<wf cmd="ignore" pos="CC">but</wf>
<wf cmd="tag" pos="JJ">extensive</wf>
<wf cmd="tag" pos="NNS">discussions</wf>
<wf cmd="ignore" pos="IN">with</wf>
<wf cmd="tag" pos="JJ">contemporary</wf>
<wf cmd="tag" pos="NNS">practitioners</wf>
<punc>,</punc>
<wf cmd="tag" pos="NN">family_doctors</wf>
<wf cmd="ignore" pos="CC">and</wf>
<wf cmd="tag" pos="NNS">gynecologists</wf>
<wf cmd="done" pos="VB" lemma="indicate" wnsn="4" lexsn="2:32:02::">indicate</wf>
<wf cmd="ignore" pos="IN">that</wf>
<wf cmd="ignore" pos="DT">this</wf>
<wf cmd="done" pos="VB" lemma="be" wnsn="2" lexsn="2:42:06::">is</wf>
<wf cmd="tag" pos="RB">still</wf>
<wf cmd="ignore" pos="DT">an</wf>
<wf cmd="tag" pos="NN">area</wf>
<wf cmd="ignore" pos="IN">of</wf>
<wf cmd="tag" pos="JJ">enormous</wf>
<wf cmd="tag" pos="NN">ignorance</wf>
<punc>.</punc>
</s>
<s snum="3">
<wf cmd="tag" pos="NN">Joking</wf>
<wf cmd="ignore" pos="CC">and</wf>
<wf cmd="tag" pos="NN">talking</wf>
<wf cmd="ignore" pos="MD">may</wf>
<wf cmd="done" pos="VB" lemma="be" wnsn="1" lexsn="2:42:03::">be</wf>
<wf cmd="tag" pos="JJR">freer</wf>
<wf cmd="ignore" pos="CC">and</wf>
<wf cmd="tag" pos="JJR">easier</wf>
<punc>,</punc>
<wf cmd="ignore" pos="CC">but</wf>
<wf cmd="ignore" pos="DT">the</wf>
<wf cmd="tag" pos="JJ">important</wf>
<wf cmd="tag" pos="JJ">factual</wf>
<wf cmd="tag" pos="NN">information</wf>
<wf cmd="done" pos="VB" lemma="be" wnsn="1" lexsn="2:42:03::">is</wf>
<wf cmd="tag" pos="RB">still</wf>
<wf cmd="tag" pos="JJ">lacking</wf>
<wf cmd="tag" pos="RB">for</wf>
<wf cmd="tag" pos="RB">far</wf>
<wf cmd="tag" pos="RB">too</wf>
<wf cmd="tag" pos="JJ">many</wf>
<wf cmd="tag" pos="JJ">newly-married</wf>
<wf cmd="tag" pos="NNS">men</wf>
<wf cmd="ignore" pos="CC">and</wf>
<wf cmd="tag" pos="NNS">women</wf>
<punc>.</punc>
</s>
</p>
<p pnum="3">
<s snum="4">
<wf cmd="tag" pos="JJ">Various</wf>
<wf cmd="tag" pos="NN">factors</wf>
<wf cmd="done" pos="VB" ot="notag">in</wf>
<wf cmd="ignore" pos="DT">the</wf>
<wf cmd="tag" pos="NN">setting</wf>
<wf cmd="ignore" pos="MD">can</wf>
<wf cmd="tag" pos="RB">still</wf>
<wf cmd="done" pos="VB" lemma="be" wnsn="1" lexsn="2:42:03::">be</wf>
<wf cmd="ignore" pos="IN">of</wf>
<wf cmd="tag" pos="JJ">great</wf>
<wf cmd="tag" pos="NN">advantage</wf>
<wf cmd="ignore" pos="IN">in</wf>
<wf cmd="done" pos="VB" lemma="make" wnsn="2" lexsn="2:30:00::">making</wf>
<wf cmd="ignore" pos="DT">the</wf>
<wf cmd="tag" pos="JJ">first</wf>
<wf cmd="tag" pos="NN">intercourse</wf>
<wf cmd="ignore" pos="DT">a</wf>
<wf cmd="tag" pos="JJ">good</wf>
<wf cmd="tag" pos="RB">rather_than</wf>
<wf cmd="ignore" pos="DT">a</wf>
<wf cmd="tag" pos="JJ">bad</wf>
<wf cmd="tag" pos="NN">memory</wf>
<wf cmd="ignore" pos="IN">for</wf>
<wf cmd="tag" pos="CD">one</wf>
<wf cmd="ignore" pos="CC">or</wf>
<wf cmd="ignore" pos="DT">both</wf>
<punc>.</punc>
</s>
<s snum="5">
<wf cmd="tag" pos="NN">Privacy</wf>
<wf cmd="ignore" pos="MD">must</wf>
<wf cmd="done" pos="VB" ot="notag">be</wf>
<wf cmd="tag" pos="RB">highly</wf>
<wf cmd="done" pos="VB" lemma="assure" wnsn="4" lexsn="2:31:00::">assured</wf>
<wf cmd="ignore" pos="DT">both</wf>
<wf cmd="tag" pos="RB">in_time</wf>
<wf cmd="ignore" pos="CC">and</wf>
<wf cmd="tag" pos="NN">place</wf>
<punc>.</punc>
</s>
<s snum="6">
<wf cmd="tag" pos="RB">That_is</wf>
<punc>,</punc>
<wf cmd="done" pos="VB" lemma="lock" wnsn="1" lexsn="2:35:00::">locking</wf>
<wf cmd="ignore" pos="DT">the</wf>
<wf cmd="tag" pos="NN">room</wf>
<wf cmd="ignore" pos="CC">or</wf>
<wf cmd="tag" pos="NN">stateroom</wf>
<wf cmd="tag" pos="NN">door</wf>
<wf cmd="done" pos="VB" lemma="give" wnsn="2" lexsn="2:40:05::">gives</wf>
<wf cmd="tag" pos="NN">privacy</wf>
<wf cmd="ignore" pos="IN">of</wf>
<wf cmd="tag" pos="NN">location</wf>
<punc>,</punc>
<wf cmd="ignore" pos="CC">but</wf>
<wf cmd="ignore" pos="PRP">it</wf>
<wf cmd="done" pos="VB" lemma="be" wnsn="1" lexsn="2:42:03::">is</wf>
<wf cmd="tag" pos="RB">equally</wf>
<wf cmd="tag" pos="JJ">important</wf>
<wf cmd="tag" pos="TO">to</wf>
<wf cmd="done" pos="VB" lemma="be" wnsn="1" lexsn="2:42:03::">be</wf>
<wf cmd="tag" pos="JJ">sure</wf>
<wf cmd="ignore" pos="EX">there</wf>
<wf cmd="done" pos="VB" lemma="be" wnsn="4" lexsn="2:42:00::">is</wf>
<wf cmd="tag" pos="NN">time</wf>
<wf cmd="tag" pos="RB">enough</wf>
<wf cmd="ignore" pos="IN">for</wf>
<wf cmd="ignore" pos="DT">an</wf>
<wf cmd="tag" pos="RB">utterly</wf>
<wf cmd="tag" pos="JJ">unhurried</wf>
<wf cmd="tag" pos="NN">fulfillment</wf>
<punc>.</punc>
</s>
</p>
<p pnum="4">
<s snum="7">
<wf cmd="ignore" pos="IN">If</wf>
<wf cmd="ignore" pos="DT">the</wf>
<wf cmd="tag" pos="NN">wedding_party</wf>
<wf cmd="done" pos="VB" lemma="last" wnsn="1" lexsn="2:42:00::">lasted</wf>
<wf cmd="tag" pos="JJ">late</wf>
<punc>,</punc>
<wf cmd="ignore" pos="CC">and</wf>
<wf cmd="ignore" pos="DT">the</wf>
<wf cmd="tag" pos="NN">travel</wf>
<wf cmd="tag" pos="NN">schedule</wf>
<wf cmd="done" pos="VB" lemma="mean" wnsn="2" lexsn="2:42:00::">means</wf>
<wf cmd="ignore" pos="EX">there</wf>
<wf cmd="done" pos="VB" lemma="be" wnsn="4" lexsn="2:42:00::">are</wf>
<wf cmd="tag" pos="RB">only</wf>
<wf cmd="tag" pos="JJ">a_few</wf>
<wf cmd="tag" pos="NNS">hours</wf>
<wf cmd="ignore" pos="IN">before</wf>
<wf cmd="done" pos="VB" lemma="resume" wnsn="1" lexsn="2:30:00::">resuming</wf>
<wf cmd="ignore" pos="DT">the</wf>
<wf cmd="tag" pos="NN">trip</wf>
<wf cmd="ignore" pos="CC">or</wf>
<wf cmd="done" pos="VB" lemma="make" wnsn="1" lexsn="2:41:00::">making</wf>
<wf cmd="ignore" pos="DT">an</wf>
<wf cmd="tag" pos="JJ">early</wf>
<wf cmd="tag" pos="NN">start</wf>
<punc>,</punc>
<wf cmd="ignore" pos="DT">the</wf>
<wf cmd="tag" pos="NN">husband</wf>
<wf cmd="ignore" pos="MD">may</wf>
<wf cmd="done" pos="VB" lemma="forestall" wnsn="1" lexsn="2:41:01::">forestall</wf>
<wf cmd="tag" pos="NNS">tensions</wf>
<wf cmd="ignore" pos="CC">and</wf>
<wf cmd="tag" pos="NNS">uncertainties</wf>
<wf cmd="ignore" pos="IN">by</wf>
<wf cmd="done" pos="VB" lemma="confide" wnsn="1" lexsn="2:32:00::">confiding</wf>
<wf cmd="ignore" pos="TO">to</wf>
<wf cmd="ignore" pos="PRP$">his</wf>
<wf cmd="tag" pos="NN">bride</wf>
<wf cmd="ignore" pos="IN">that</wf>
<wf cmd="done" pos="VB" lemma="lie" wnsn="7" lexsn="2:38:00::">lying</wf>
<wf cmd="done" pos="VB" ot="notag">in</wf>
<wf cmd="ignore" pos="DT">each</wf>
<wf cmd="tag" pos="JJ">other</wf>
<wf cmd="ignore" pos="POS">'s</wf>
<wf cmd="tag" pos="NNS">arms</wf>
<wf cmd="ignore" pos="MD">will</wf>
<wf cmd="done" pos="VB" lemma="be" wnsn="1" lexsn="2:42:03::">be</wf>
<wf cmd="tag" pos="NN">bliss</wf>
<wf cmd="tag" pos="RB">enough</wf>
<wf cmd="ignore" pos="IN">for</wf>
<wf cmd="ignore" pos="DT">these</wf>
<wf cmd="tag" pos="JJ">few</wf>
<wf cmd="tag" pos="NNS">hours</wf>
<punc>.</punc>
</s>
<s snum="8">
<wf cmd="ignore" pos="DT">The</wf>
<wf cmd="tag" pos="NN">consummation</wf>
<wf cmd="ignore" pos="MD">should</wf>
<wf cmd="done" pos="VB" lemma="come" wnsn="3" lexsn="2:30:01::">come</wf>
<wf cmd="ignore" pos="IN">at</wf>
<wf cmd="ignore" pos="DT">the</wf>
<wf cmd="tag" pos="JJ">next</wf>
<wf cmd="tag" pos="NN">stopping</wf>
<wf cmd="tag" pos="NN">place</wf>
<wf cmd="ignore" pos="WRB">when</wf>
<wf cmd="ignore" pos="PRP">they</wf>
<wf cmd="done" pos="VB" lemma="have" wnsn="1" lexsn="2:40:00::">have</wf>
<wf cmd="ignore" pos="DT">a</wf>
<wf cmd="tag" pos="JJ">long</wf>
<wf cmd="tag" pos="JJ">private</wf>
<wf cmd="tag" pos="NN">time</wf>
<punc>(</punc>
<wf cmd="tag" pos="NN">day</wf>
<wf cmd="ignore" pos="CC">or</wf>
<wf cmd="tag" pos="NN">night</wf>
<punc>)</punc>
<wf cmd="ignore" pos="IN">for</wf>
<wf cmd="ignore" pos="IN">that</wf>
<wf cmd="tag" pos="NN">purpose</wf>
<punc>.</punc>
</s>
</p>
<p pnum="5">
<s snum="9">
<wf cmd="tag" pos="NNP">First</wf>
<wf cmd="tag" pos="NN">intercourse</wf>
<wf cmd="ignore" pos="IN">for</wf>
<wf cmd="ignore" pos="DT">the</wf>
<wf cmd="tag" pos="NN">bride</wf>
<wf cmd="done" pos="VB" lemma="bring" wnsn="2" lexsn="2:35:04::">brings</wf>
<wf cmd="done" pos="VB" ot="notag">with</wf>
<wf cmd="ignore" pos="PRP">it</wf>
<wf cmd="ignore" pos="DT">the</wf>
<wf cmd="tag" pos="JJ">various</wf>
<wf cmd="tag" pos="NNS">problems</wf>
<wf cmd="done" pos="VB" lemma="connect" wnsn="1" lexsn="2:35:00::">connected</wf>
<wf cmd="ignore" pos="IN">with</wf>
<wf cmd="tag" pos="NN">virginity</wf>
<wf cmd="ignore" pos="CC">and</wf>
<wf cmd="ignore" pos="DT">the</wf>
<wf cmd="tag" pos="NN">hymen</wf>
<punc>.</punc>
</s>
</p>
<p pnum="6">
<s snum="10">
<wf cmd="tag" pos="CD">One</wf>
<wf cmd="tag" pos="NN">thing</wf>
<wf cmd="ignore" pos="MD">should</wf>
<wf cmd="done" pos="VB" lemma="be" wnsn="1" lexsn="2:42:03::">be</wf>
<wf cmd="tag" pos="JJ">clear</wf>
<wf cmd="ignore" pos="TO">to</wf>
<wf cmd="ignore" pos="DT">both</wf>
<wf cmd="tag" pos="NN">husband</wf>
<wf cmd="ignore" pos="CC">and</wf>
<wf cmd="tag" pos="NN">wife</wf>
<punc>-</punc>
<wf cmd="ignore" pos="DT">neither</wf>
<wf cmd="tag" pos="NN">pain</wf>
<wf cmd="ignore" pos="CC">nor</wf>
<wf cmd="tag" pos="JJ">profuse</wf>
<wf cmd="tag" pos="NN">bleeding</wf>
<wf cmd="done" pos="VB" ot="notag">has_to</wf>
<wf cmd="done" pos="VB" lemma="occur" wnsn="1" lexsn="2:30:00::">occur</wf>
<wf cmd="ignore" pos="WRB">when</wf>
<wf cmd="ignore" pos="DT">the</wf>
<wf cmd="tag" pos="NN">hymen</wf>
<wf cmd="done" pos="VBZ" ot="notag">is</wf>
<wf cmd="done" pos="VB" lemma="rupture" wnsn="1" lexsn="2:35:00::">ruptured</wf>
<wf cmd="ignore" pos="IN">during</wf>
<wf cmd="ignore" pos="DT">the</wf>
<wf cmd="tag" pos="JJ">first</wf>
<wf cmd="tag" pos="NN">sex_act</wf>
<punc>.</punc>
</s>
<s snum="11">
<wf cmd="tag" pos="NN">Ignorance</wf>
<wf cmd="ignore" pos="IN">on</wf>
<wf cmd="ignore" pos="DT">this</wf>
<wf cmd="tag" pos="NN">point</wf>
<wf cmd="done" pos="VBZ" ot="notag">has</wf>
<wf cmd="done" pos="VB" lemma="cause" wnsn="1" lexsn="2:36:00::">caused</wf>
<wf cmd="ignore" pos="DT">a</wf>
<wf cmd="tag" pos="NN">great_deal</wf>
<wf cmd="ignore" pos="IN">of</wf>
<wf cmd="tag" pos="JJ">needless</wf>
<wf cmd="tag" pos="NN">anxiety</wf>
<punc>,</punc>
<wf cmd="tag" pos="NN">misunderstanding</wf>
<wf cmd="ignore" pos="CC">and</wf>
<wf cmd="tag" pos="NN">suspicion</wf>
<punc>.</punc>
</s>
</p>
<p pnum="7">
<s snum="12">
<wf cmd="ignore" pos="DT">The</wf>
<wf cmd="tag" pos="NN">hymen</wf>
<wf cmd="done" pos="VB" lemma="be" wnsn="2" lexsn="2:42:06::">is</wf>
<punc>,</punc>
<wf cmd="tag" pos="RB">in_essence</wf>
<punc>,</punc>
<wf cmd="ignore" pos="DT">a</wf>
<wf cmd="tag" pos="JJ">fragile</wf>
<wf cmd="tag" pos="NN">membrane</wf>
<wf cmd="ignore" pos="IN">that</wf>
<wf cmd="tag" pos="RB">more_or_less</wf>
<wf cmd="tag" pos="RB">completely</wf>
<wf cmd="done" pos="VB" lemma="cover" wnsn="1" lexsn="2:35:00::">covers</wf>
<wf cmd="ignore" pos="DT">the</wf>
<wf cmd="tag" pos="NN">entrance</wf>
<wf cmd="ignore" pos="TO">to</wf>
<wf cmd="ignore" pos="DT">the</wf>
<wf cmd="tag" pos="NN">vagina</wf>
<wf cmd="ignore" pos="IN">in</wf>
<wf cmd="tag" pos="RBS">most</wf>
<wf cmd="tag" pos="JJ">female</wf>
<wf cmd="tag" pos="NN">human_beings</wf>
<wf cmd="ignore" pos="WP">who</wf>
<wf cmd="done" pos="VBP" ot="notag">have</wf>
<wf cmd="tag" pos="RB">not</wf>
<wf cmd="done" pos="VB" lemma="have" wnsn="3" lexsn="2:39:06::">had</wf>
<wf cmd="tag" pos="NN">sex</wf>
<wf cmd="tag" pos="NNS">relations</wf>
<punc>.</punc>
</s>
<s snum="13">
<punc>(</punc>
<wf cmd="tag" pos="NN">Hymen</wf>
<punc>,</punc>
<wf cmd="tag" pos="RB">in_fact</wf>
<punc>,</punc>
<wf cmd="done" pos="VB" lemma="be" wnsn="2" lexsn="2:42:06::">is</wf>
<wf cmd="ignore" pos="DT">the</wf>
<wf cmd="tag" pos="NNP">Greek</wf>
<wf cmd="tag" pos="NN">word</wf>
<wf cmd="ignore" pos="IN">for</wf>
<wf cmd="tag" pos="NN">membrane</wf>
<punc>.</punc>
<punc>)</punc>
</s>
</p>
<p pnum="8">
<s snum="14">
<wf cmd="tag" pos="RB">Often</wf>
<wf cmd="ignore" pos="PRP">it</wf>
<wf cmd="done" pos="VB" lemma="be" wnsn="1" lexsn="2:42:03::">is</wf>
<wf cmd="tag" pos="JJ">thin</wf>
<wf cmd="ignore" pos="CC">and</wf>
<wf cmd="tag" pos="JJ">fragile</wf>
<wf cmd="ignore" pos="CC">and</wf>
<wf cmd="done" pos="VB" lemma="give_way" wnsn="2" lexsn="2:38:01::">gives_way</wf>
<wf cmd="tag" pos="RB">readily</wf>
<wf cmd="ignore" pos="TO">to</wf>
<wf cmd="ignore" pos="DT">the</wf>
<wf cmd="tag" pos="JJ">male</wf>
<wf cmd="tag" pos="NN">organ</wf>
<wf cmd="ignore" pos="IN">at</wf>
<wf cmd="ignore" pos="DT">the</wf>
<wf cmd="tag" pos="JJ">first</wf>
<wf cmd="tag" pos="NN">attempt</wf>
<wf cmd="ignore" pos="IN">at</wf>
<wf cmd="tag" pos="NN">intercourse</wf>
<punc>.</punc>
</s>
<s snum="15">
<wf cmd="tag" pos="RB">As_might_be_expected</wf>
<punc>,</punc>
<wf cmd="tag" pos="NNS">girls</wf>
<wf cmd="tag" pos="RB">in_this</wf>
<wf cmd="tag" pos="NN">situation</wf>
<wf cmd="done" pos="VB" lemma="bleed" wnsn="1" lexsn="2:29:00::">bleed</wf>
<wf cmd="tag" pos="RB">very</wf>
<wf cmd="tag" pos="JJ">little</wf>
<wf cmd="ignore" pos="CC">and</wf>
<wf cmd="tag" pos="RB">perhaps</wf>
<wf cmd="tag" pos="RB">not_at_all</wf>
<wf cmd="ignore" pos="IN">in</wf>
<wf cmd="ignore" pos="DT">the</wf>
<wf cmd="tag" pos="NN">process</wf>
<wf cmd="ignore" pos="IN">of</wf>
<wf cmd="done" pos="VB" lemma="lose" wnsn="1" lexsn="2:40:02::">losing</wf>
<wf cmd="ignore" pos="PRP$">their</wf>
<wf cmd="tag" pos="NN">virginity</wf>
<punc>.</punc>
</s>
</p>
<p pnum="9">
<s snum="16">
<wf cmd="ignore" pos="PRP">It</wf>
<wf cmd="done" pos="VB" lemma="be" wnsn="1" lexsn="2:42:03::">is</wf>
<wf cmd="tag" pos="RB">also</wf>
<wf cmd="tag" pos="JJ">important</wf>
<wf cmd="ignore" pos="TO">to</wf>
<wf cmd="done" pos="VB" lemma="realize" wnsn="1" lexsn="2:31:01::">realize</wf>
<wf cmd="ignore" pos="IN">that</wf>
<wf cmd="tag" pos="JJ">many</wf>
<wf cmd="tag" pos="NNS">girls</wf>
<wf cmd="done" rdf="be_born" pos="VB" lemma="be_born" wnsn="1" lexsn="2:30:00::">are_born</wf>
<wf cmd="ignore" pos="IN">without</wf>
<wf cmd="ignore" pos="DT">a</wf>
<wf cmd="tag" pos="NN">hymen</wf>
<wf cmd="ignore" pos="CC">or</wf>
<wf cmd="tag" pos="RB">at_most</wf>
<wf cmd="tag" pos="RB">only</wf>
<wf cmd="ignore" pos="DT">a</wf>
<wf cmd="tag" pos="JJ">tiny</wf>
<wf cmd="tag" pos="NN">trace</wf>
<wf cmd="ignore" pos="IN">of</wf>
<wf cmd="tag" pos="CD">one</wf>
<punc>;</punc>
<wf cmd="tag" pos="RB">so_that</wf>
<wf cmd="ignore" pos="DT">the</wf>
<wf cmd="tag" pos="NN">absence</wf>
<wf cmd="ignore" pos="IN">of</wf>
<wf cmd="ignore" pos="DT">the</wf>
<wf cmd="tag" pos="NN">hymen</wf>
<wf cmd="done" pos="VB" lemma="be" wnsn="2" lexsn="2:42:06::">is</wf>
<wf cmd="tag" pos="RB">by_no_means</wf>
<wf cmd="tag" pos="JJ">positive</wf>
<wf cmd="tag" pos="NN">proof</wf>
<wf cmd="ignore" pos="IN">that</wf>
<wf cmd="ignore" pos="DT">a</wf>
<wf cmd="tag" pos="NN">girl</wf>
<wf cmd="done" pos="VBZ" ot="notag">has</wf>
<wf cmd="done" pos="VB" lemma="have" wnsn="3" lexsn="2:39:06::">had</wf>
<wf cmd="tag" pos="NN">sex</wf>
<wf cmd="tag" pos="NNS">relations</wf>
<punc>.</punc>
</s>
</p>
<p pnum="10">
<s snum="17">
<wf cmd="ignore" pos="CC">But</wf>
<wf cmd="ignore" pos="EX">there</wf>
<wf cmd="done" pos="VB" lemma="be" wnsn="4" lexsn="2:42:00::">is</wf>
<wf cmd="ignore" pos="DT">a</wf>
<wf cmd="tag" pos="NN">basis</wf>
<wf cmd="tag" pos="RB">in_fact</wf>
<wf cmd="ignore" pos="IN">for</wf>
<wf cmd="ignore" pos="DT">the</wf>
<wf cmd="tag" pos="NNS">exaggerations</wf>
<wf cmd="ignore" pos="IN">of</wf>
<wf cmd="ignore" pos="DT">the</wf>
<wf cmd="tag" pos="NN">folk-lore</wf>
<wf cmd="tag" pos="NNS">beliefs</wf>
<punc>.</punc>
</s>
<s snum="18">
<wf cmd="ignore" pos="DT">Some</wf>
<wf cmd="tag" pos="NNS">hymens</wf>
<wf cmd="done" pos="VB" lemma="be" wnsn="1" lexsn="2:42:03::">are</wf>
<wf cmd="tag" pos="RB">so</wf>
<wf cmd="tag" pos="RB">strongly</wf>
<wf cmd="tag" pos="JJ">developed</wf>
<wf cmd="ignore" pos="IN">that</wf>
<wf cmd="ignore" pos="PRP">they</wf>
<wf cmd="ignore" pos="MD">cannot</wf>
<wf cmd="done" pos="VB" ot="notag">be</wf>
<wf cmd="done" pos="VB" lemma="tear" wnsn="1" lexsn="2:35:00::">torn</wf>
<wf cmd="ignore" pos="IN">without</wf>
<wf cmd="tag" pos="JJ">considerable</wf>
<wf cmd="tag" pos="NN">pain</wf>
<wf cmd="ignore" pos="TO">to</wf>
<wf cmd="ignore" pos="DT">the</wf>
<wf cmd="tag" pos="NN">girl</wf>
<wf cmd="ignore" pos="CC">and</wf>
<wf cmd="tag" pos="JJ">marked</wf>
<wf cmd="tag" pos="NN">loss</wf>
<wf cmd="ignore" pos="IN">of</wf>
<wf cmd="tag" pos="NN">blood</wf>
<punc>.</punc>
</s>
<s snum="19">
<wf cmd="tag" pos="RBR">More</wf>
<wf cmd="tag" pos="RB">rarely</wf>
<punc>,</punc>
<wf cmd="ignore" pos="DT">the</wf>
<wf cmd="tag" pos="NN">hymen</wf>
<wf cmd="done" pos="VB" lemma="be" wnsn="1" lexsn="2:42:03::">is</wf>
<wf cmd="tag" pos="RB">so</wf>
<wf cmd="tag" pos="JJ">sturdy</wf>
<wf cmd="ignore" pos="IN">that</wf>
<wf cmd="ignore" pos="PRP">it</wf>
<wf cmd="done" pos="VBZ" ot="notag">does</wf>
<wf cmd="tag" pos="RB">not</wf>
<wf cmd="done" pos="VB" lemma="yield" wnsn="2" lexsn="2:30:00::">yield</wf>
<wf cmd="done" pos="VB" ot="notag">to</wf>
<wf cmd="tag" pos="NN">penetration</wf>
<punc>.</punc>
</s>
</p>
<p pnum="11">
<s snum="20">
<wf cmd="tag" pos="JJ">Extreme</wf>
<wf cmd="tag" pos="NNS">cases</wf>
<wf cmd="done" pos="VB" lemma="be" wnsn="1" lexsn="2:42:03::">are</wf>
<wf cmd="done" pos="VB" ot="notag">on</wf>
<wf cmd="tag" pos="NN">record</wf>
<wf cmd="tag" pos="RB">in_which</wf>
<wf cmd="ignore" pos="DT">the</wf>
<wf cmd="tag" pos="NN">doctor</wf>
<wf cmd="done" pos="VBZ" ot="notag">has</wf>
<wf cmd="done" pos="VB" ot="notag">had</wf>
<wf cmd="done" pos="VB" ot="notag">to</wf>
<wf cmd="done" pos="VB" lemma="use" wnsn="1" lexsn="2:34:01::">use</wf>
<wf cmd="tag" pos="NNS">instruments</wf>
<wf cmd="ignore" pos="TO">to</wf>
<wf cmd="done" pos="VB" lemma="cut" wnsn="1" lexsn="2:35:00::">cut</wf>
<wf cmd="tag" pos="RB">through</wf>
<wf cmd="ignore" pos="DT">the</wf>
<wf cmd="tag" pos="NN">hymen</wf>
<wf cmd="ignore" pos="TO">to</wf>
<wf cmd="done" pos="VB" lemma="permit" wnsn="2" lexsn="2:41:00::">permit</wf>
<wf cmd="tag" pos="JJ">marital</wf>
<wf cmd="tag" pos="NN">relations_to</wf>
<wf cmd="done" pos="VB" ot="notag">be</wf>
<wf cmd="done" pos="VB" lemma="consummate" wnsn="1" lexsn="2:36:01::">consummated</wf>
<punc>.</punc>
</s>
<s snum="21">
<wf cmd="ignore" pos="DT">These</wf>
<wf cmd="tag" pos="NNS">cases</wf>
<punc>,</punc>
<wf cmd="ignore" pos="IN">for</wf>
<wf cmd="ignore" pos="DT">all</wf>
<wf cmd="ignore" pos="PRP$">their</wf>
<wf cmd="tag" pos="NN">rarity</wf>
<punc>,</punc>
<wf cmd="done" pos="VB" lemma="be" wnsn="1" lexsn="2:42:03::">are</wf>
<wf cmd="tag" pos="RB">so</wf>
<wf cmd="tag" pos="JJ">dramatic</wf>
<wf cmd="ignore" pos="IN">that</wf>
<wf cmd="tag" pos="NNS">friends</wf>
<wf cmd="ignore" pos="CC">and</wf>
<wf cmd="tag" pos="NNS">relations</wf>
<wf cmd="done" pos="VB" lemma="repeat" wnsn="1" lexsn="2:32:00::">repeat</wf>
<wf cmd="ignore" pos="DT">the</wf>
<wf cmd="tag" pos="NN">story</wf>
<wf cmd="ignore" pos="IN">until</wf>
<wf cmd="ignore" pos="DT">the</wf>
<wf cmd="tag" pos="JJ">general</wf>
<wf cmd="tag" pos="NN">population</wf>
<wf cmd="ignore" pos="MD">may</wf>
<wf cmd="done" pos="VB" lemma="get" wnsn="7" lexsn="2:39:00::">get</wf>
<wf cmd="ignore" pos="DT">an</wf>
<wf cmd="tag" pos="RB">entirely</wf>
<wf cmd="tag" pos="JJ">false</wf>
<wf cmd="tag" pos="NN">notion</wf>
<wf cmd="ignore" pos="IN">of</wf>
<wf cmd="ignore" pos="WRB">how</wf>
<wf cmd="tag" pos="RB">often</wf>
<wf cmd="ignore" pos="DT">the</wf>
<wf cmd="tag" pos="NN">hymen</wf>
<wf cmd="done" pos="VB" lemma="be" wnsn="1" lexsn="2:42:03::">is</wf>
<wf cmd="ignore" pos="DT">a</wf>
<wf cmd="tag" pos="JJ">serious</wf>
<wf cmd="tag" pos="NN">problem</wf>
<wf cmd="ignore" pos="TO">to</wf>
<wf cmd="tag" pos="NNS">newly-weds</wf>
<punc>.</punc>
</s>
</p>
<p pnum="12">
<s snum="22">
<wf cmd="tag" pos="RB">In_recent_times</wf>
<punc>,</punc>
<wf cmd="ignore" pos="WRB">when</wf>
<wf cmd="tag" pos="JJ">sexual</wf>
<wf cmd="tag" pos="NNS">matters</wf>
<wf cmd="done" pos="VB" lemma="begin" wnsn="1" lexsn="2:30:00::">began</wf>
<wf cmd="ignore" pos="TO">to</wf>
<wf cmd="done" pos="VB" ot="notag">be</wf>
<wf cmd="done" pos="VB" lemma="discuss" wnsn="2" lexsn="2:32:00::">discussed</wf>
<wf cmd="tag" pos="RBR">more</wf>
<wf cmd="tag" pos="RB">scientifically</wf>
<wf cmd="ignore" pos="CC">and</wf>
<wf cmd="tag" pos="RBR">more</wf>
<wf cmd="tag" pos="RB">openly</wf>
<punc>,</punc>
<wf cmd="ignore" pos="DT">the</wf>
<wf cmd="tag" pos="JJ">emotional</wf>
<wf cmd="tag" pos="NNS">aspects</wf>
<wf cmd="ignore" pos="IN">of</wf>
<wf cmd="tag" pos="NN">virginity</wf>
<wf cmd="done" pos="VB" lemma="receive" wnsn="2" lexsn="2:30:01::">received</wf>
<wf cmd="tag" pos="JJ">considerable</wf>
<wf cmd="tag" pos="NN">attention</wf>
<punc>.</punc>
</s>
<s snum="23">
<wf cmd="tag" pos="RB">Obviously</wf>
<punc>,</punc>
<wf cmd="ignore" pos="DT">the</wf>
<wf cmd="tag" pos="JJ">bridal</wf>
<wf cmd="tag" pos="NN">pair</wf>
<wf cmd="done" pos="VB" lemma="have" wnsn="3" lexsn="2:39:06::">has</wf>
<wf cmd="tag" pos="JJ">many</wf>
<wf cmd="tag" pos="NNS">adjustments</wf>
<wf cmd="ignore" pos="TO">to</wf>
<wf cmd="done" pos="VB" lemma="make" wnsn="1" lexsn="2:41:00::">make</wf>
<wf cmd="ignore" pos="TO">to</wf>
<wf cmd="ignore" pos="PRP$">their</wf>
<wf cmd="tag" pos="JJ">new</wf>
<wf cmd="tag" pos="NN">situation</wf>
<punc>.</punc>
</s>
<s snum="24">
<wf cmd="done" pos="VBZ" ot="notag">Is</wf>
<wf cmd="ignore" pos="PRP">it</wf>
<wf cmd="tag" pos="JJ">necessary</wf>
<wf cmd="ignore" pos="TO">to</wf>
<wf cmd="done" pos="VB" lemma="add" wnsn="1" lexsn="2:30:00::">add</wf>
<wf cmd="ignore" pos="TO">to</wf>
<wf cmd="ignore" pos="DT">the</wf>
<wf cmd="tag" pos="JJ">other</wf>
<wf cmd="tag" pos="NNS">tensions</wf>
<wf cmd="ignore" pos="DT">the</wf>
<wf cmd="tag" pos="NN">hazard</wf>
<wf cmd="ignore" pos="IN">of</wf>
<wf cmd="done" pos="VB" lemma="make" wnsn="2" lexsn="2:30:00::">making</wf>
<wf cmd="ignore" pos="DT">the</wf>
<wf cmd="tag" pos="JJ">loving</wf>
<wf cmd="tag" pos="NN">husband</wf>
<wf cmd="ignore" pos="DT">the</wf>
<wf cmd="tag" pos="CD">one</wf>
<wf cmd="ignore" pos="WP">who</wf>
<wf cmd="done" pos="VB" lemma="bring" wnsn="3" lexsn="2:36:00::">brought</wf>
<wf cmd="tag" pos="NN">pain</wf>
<wf cmd="ignore" pos="TO">to</wf>
<wf cmd="ignore" pos="PRP$">his</wf>
<wf cmd="tag" pos="NN">bride</wf>
<punc>?</punc>
</s>
</p>
<p pnum="13">
<s snum="25">
<wf cmd="tag" pos="NNS">Gynecologists</wf>
<wf cmd="ignore" pos="CC">and</wf>
<wf cmd="tag" pos="NN">marriage</wf>
<wf cmd="tag" pos="NNS">manuals</wf>
<wf cmd="done" pos="VB" lemma="begin" wnsn="1" lexsn="2:30:00::">began</wf>
<wf cmd="ignore" pos="TO">to</wf>
<wf cmd="done" pos="VB" lemma="advise" wnsn="1" lexsn="2:32:00::">advise</wf>
<wf cmd="ignore" pos="IN">that</wf>
<wf cmd="ignore" pos="DT">the</wf>
<wf cmd="tag" pos="NN">bride</wf>
<wf cmd="ignore" pos="MD">should</wf>
<wf cmd="done" pos="VB" lemma="consult" wnsn="1" lexsn="2:32:02::">consult</wf>
<wf cmd="ignore" pos="DT">a</wf>
<wf cmd="tag" pos="NN">physician</wf>
<wf cmd="ignore" pos="IN">before</wf>
<wf cmd="tag" pos="NN">marriage</wf>
<punc>.</punc>
</s>
<s snum="26">
<wf cmd="ignore" pos="IN">If</wf>
<wf cmd="ignore" pos="PRP">he</wf>
<wf cmd="done" pos="VB" lemma="foresee" wnsn="2" lexsn="2:36:00::">foresaw</wf>
<wf cmd="ignore" pos="DT">any</wf>
<wf cmd="tag" pos="NN">problem</wf>
<wf cmd="ignore" pos="IN">because</wf>
<wf cmd="ignore" pos="IN">of</wf>
<wf cmd="ignore" pos="DT">the</wf>
<wf cmd="tag" pos="NN">quality</wf>
<wf cmd="ignore" pos="IN">of</wf>
<wf cmd="ignore" pos="DT">the</wf>
<wf cmd="tag" pos="NN">hymen</wf>
<punc>,</punc>
<wf cmd="ignore" pos="PRP">it</wf>
<wf cmd="done" pos="VBD" ot="notag">was</wf>
<wf cmd="done" pos="VB" lemma="recommend" wnsn="1" lexsn="2:32:01::">recommended</wf>
<wf cmd="ignore" pos="IN">that</wf>
<wf cmd="tag" pos="JJ">simple</wf>
<wf cmd="tag" pos="NNS">procedures</wf>
<wf cmd="done" pos="VBP" ot="notag">be</wf>
<wf cmd="done" pos="VB" lemma="undertake" wnsn="1" lexsn="2:36:00::">undertaken</wf>
<wf cmd="tag" pos="RB">at_once</wf>
<wf cmd="ignore" pos="TO">to</wf>
<wf cmd="done" pos="VB" lemma="incise" wnsn="1" lexsn="2:35:00::">incise</wf>
<wf cmd="ignore" pos="DT">the</wf>
<wf cmd="tag" pos="NN">hymen</wf>
<wf cmd="ignore" pos="CC">or</wf>
<punc>,</punc>
<wf cmd="tag" pos="RB">preferably</wf>
<punc>,</punc>
<wf cmd="ignore" pos="TO">to</wf>
<wf cmd="done" pos="VB" lemma="dilate" wnsn="1" lexsn="2:30:01::">dilate</wf>
<wf cmd="ignore" pos="PRP">it</wf>
<punc>.</punc>
</s>
</p>
<p pnum="14">
<s snum="27">
<wf cmd="ignore" pos="IN">As</wf>
<wf cmd="ignore" pos="DT">a</wf>
<wf cmd="tag" pos="JJ">natural</wf>
<wf cmd="tag" pos="NN">outgrowth</wf>
<wf cmd="tag" pos="RB">of_this</wf>
<wf cmd="tag" pos="NN">approach</wf>
<wf cmd="ignore" pos="PRP">it</wf>
<wf cmd="done" pos="VBD" ot="notag">was</wf>
<wf cmd="tag" pos="RB">often</wf>
<wf cmd="done" pos="VB" lemma="suggest" wnsn="1" lexsn="2:32:00::">suggested</wf>
<wf cmd="ignore" pos="IN">that</wf>
<wf cmd="ignore" pos="DT">the</wf>
<wf cmd="tag" pos="NN">doctor</wf>
<wf cmd="ignore" pos="MD">should</wf>
<wf cmd="done" pos="VB" lemma="complete" wnsn="1" lexsn="2:30:02::">complete</wf>
<wf cmd="ignore" pos="DT">the</wf>
<wf cmd="tag" pos="NN">preparation</wf>
<wf cmd="ignore" pos="IN">for</wf>
<wf cmd="tag" pos="JJ">painless</wf>
<wf cmd="tag" pos="NN">intercourse</wf>
<wf cmd="ignore" pos="IN">by</wf>
<wf cmd="done" pos="VB" lemma="dilate" wnsn="1" lexsn="2:30:01::">dilating</wf>
<wf cmd="ignore" pos="DT">the</wf>
<wf cmd="tag" pos="NN">vagina</wf>
<punc>.</punc>
</s>
</p>
<p pnum="15">
<s snum="28">
<wf cmd="ignore" pos="DT">This</wf>
<wf cmd="tag" pos="NN">recommendation</wf>
<wf cmd="done" pos="VB" ot="notag">was</wf>
<wf cmd="done" pos="VB" lemma="base" wnsn="1" lexsn="2:31:00::">based</wf>
<wf cmd="done" pos="VB" ot="notag">on</wf>
<wf cmd="ignore" pos="DT">the</wf>
<wf cmd="tag" pos="NN">fact</wf>
<wf cmd="ignore" pos="IN">that</wf>
<wf cmd="ignore" pos="DT">the</wf>
<wf cmd="tag" pos="NN">hymen</wf>
<wf cmd="done" pos="VB" lemma="be" wnsn="2" lexsn="2:42:06::">was</wf>
<wf cmd="tag" pos="RB">not</wf>
<wf cmd="ignore" pos="DT">the</wf>
<wf cmd="tag" pos="JJ">only</wf>
<wf cmd="tag" pos="NN">barrier</wf>
<wf cmd="ignore" pos="TO">to</wf>
<wf cmd="tag" pos="JJ">smooth</wf>
<wf cmd="tag" pos="NN">consummation</wf>
<wf cmd="ignore" pos="IN">of</wf>
<wf cmd="ignore" pos="DT">the</wf>
<wf cmd="tag" pos="NN">sex_act</wf>
<punc>.</punc>
</s>
<s snum="29">
<wf cmd="ignore" pos="DT">The</wf>
<wf cmd="tag" pos="NN">vagina</wf>
<wf cmd="done" pos="VB" lemma="be" wnsn="2" lexsn="2:42:06::">is</wf>
<wf cmd="ignore" pos="DT">an</wf>
<wf cmd="tag" pos="NN">organ</wf>
<wf cmd="tag" pos="JJ">capable_of</wf>
<wf cmd="tag" pos="JJ">remarkable</wf>
<wf cmd="tag" pos="NN">contraction</wf>
<wf cmd="ignore" pos="CC">and</wf>
<wf cmd="tag" pos="NN">dilation</wf>
<punc>.</punc>
</s>
<s snum="30">
<wf cmd="ignore" pos="DT">This</wf>
<wf cmd="done" pos="VB" lemma="be" wnsn="1" lexsn="2:42:03::">is</wf>
<wf cmd="tag" pos="JJ">obvious</wf>
<wf cmd="ignore" pos="WRB">when</wf>
<wf cmd="ignore" pos="PRP">it</wf>
<wf cmd="done" pos="VB" lemma="be" wnsn="1" lexsn="2:42:03::">is</wf>
<wf cmd="tag" pos="JJ">remembered</wf>
<wf cmd="tag" pos="RB">that</wf>
<punc>,</punc>
<wf cmd="ignore" pos="IN">during</wf>
<wf cmd="tag" pos="NN">childbirth</wf>
<punc>,</punc>
<wf cmd="ignore" pos="DT">the</wf>
<wf cmd="tag" pos="NN">vagina</wf>
<wf cmd="ignore" pos="MD">must</wf>
<wf cmd="done" pos="VB" lemma="dilate" wnsn="1" lexsn="2:30:01::">dilate</wf>
<wf cmd="tag" pos="RB">enough</wf>
<wf cmd="ignore" pos="TO">to</wf>
<wf cmd="done" pos="VB" lemma="permit" wnsn="2" lexsn="2:41:00::">permit</wf>
<wf cmd="ignore" pos="DT">the</wf>
<wf cmd="tag" pos="NN">passage</wf>
<wf cmd="ignore" pos="IN">of</wf>
<wf cmd="ignore" pos="DT">the</wf>
<wf cmd="tag" pos="NN">baby</wf>
<punc>.</punc>
</s>
</p>
<p pnum="16">
<s snum="31">
<wf cmd="ignore" pos="DT">The</wf>
<wf cmd="tag" pos="JJ">intricate</wf>
<wf cmd="tag" pos="NN">system</wf>
<wf cmd="ignore" pos="IN">of</wf>
<wf cmd="tag" pos="NNS">muscles</wf>
<wf cmd="ignore" pos="WDT">that</wf>
<wf cmd="done" pos="VB" lemma="manage" wnsn="2" lexsn="2:41:00::">manage</wf>
<wf cmd="ignore" pos="DT">the</wf>
<wf cmd="tag" pos="NN">contraction</wf>
<wf cmd="ignore" pos="CC">and</wf>
<wf cmd="tag" pos="NN">dilatation</wf>
<wf cmd="ignore" pos="IN">of</wf>
<wf cmd="ignore" pos="DT">the</wf>
<wf cmd="tag" pos="NN">vagina</wf>
<wf cmd="done" pos="VB" lemma="be" wnsn="1" lexsn="2:42:03::">are</wf>
<wf cmd="tag" pos="RB">partly</wf>
<wf cmd="ignore" pos="IN">under</wf>
<wf cmd="tag" pos="JJ">voluntary</wf>
<wf cmd="tag" pos="NN">control</wf>
<punc>.</punc>
</s>
<s snum="32">
<wf cmd="ignore" pos="CC">But</wf>
<wf cmd="ignore" pos="DT">an</wf>
<wf cmd="tag" pos="JJ">instinctive</wf>
<wf cmd="tag" pos="NN">reflex</wf>
<wf cmd="ignore" pos="MD">may</wf>
<wf cmd="done" pos="VB" lemma="work" wnsn="4" lexsn="2:35:02::">work</wf>
<wf cmd="ignore" pos="IN">against</wf>
<wf cmd="ignore" pos="DT">the</wf>
<wf cmd="tag" pos="JJ">conscious</wf>
<wf cmd="tag" pos="NN">intention</wf>
<wf cmd="ignore" pos="IN">of</wf>
<wf cmd="ignore" pos="DT">the</wf>
<wf cmd="tag" pos="NN">woman</wf>
<punc>.</punc>
</s>
<s snum="33">
<wf cmd="tag" pos="RB">That_is</wf>
<punc>,</punc>
<wf cmd="ignore" pos="WRB">when</wf>
<wf cmd="tag" pos="JJ">first</wf>
<wf cmd="tag" pos="NN">penetration</wf>
<wf cmd="done" pos="VB" lemma="take_place" wnsn="1" lexsn="2:30:00::">takes_place</wf>
<punc>,</punc>
<wf cmd="ignore" pos="DT">the</wf>
<wf cmd="tag" pos="NN">pressure</wf>
<wf cmd="ignore" pos="CC">and</wf>
<wf cmd="tag" pos="NN">pain</wf>
<wf cmd="tag" pos="NNS">signals</wf>
<wf cmd="ignore" pos="MD">may</wf>
<wf cmd="tag" pos="RB">involuntarily</wf>
<wf cmd="done" pos="VB" lemma="cause" wnsn="2" lexsn="2:32:00::">cause</wf>
<wf cmd="ignore" pos="DT">all</wf>
<wf cmd="ignore" pos="DT">the</wf>
<wf cmd="tag" pos="JJ">vaginal</wf>
<wf cmd="tag" pos="NNS">muscles</wf>
<wf cmd="ignore" pos="TO">to</wf>
<wf cmd="done" pos="VB" lemma="contract" wnsn="3" lexsn="2:35:04::">contract</wf>
<wf cmd="done" pos="VB" ot="notag">in</wf>
<wf cmd="ignore" pos="DT">an</wf>
<wf cmd="tag" pos="NN">effort</wf>
<wf cmd="ignore" pos="TO">to</wf>
<wf cmd="done" pos="VB" lemma="bar" wnsn="2" lexsn="2:35:00::">bar</wf>
<wf cmd="ignore" pos="DT">the</wf>
<wf cmd="tag" pos="NN">intrusion</wf>
<wf cmd="ignore" pos="CC">and</wf>
<wf cmd="done" pos="VB" lemma="prevent" wnsn="1" lexsn="2:41:01::">prevent</wf>
<wf cmd="tag" pos="JJ">further</wf>
<wf cmd="tag" pos="NN">pain</wf>
<punc>.</punc>
</s>
</p>
<p pnum="17">
<s snum="34">
<wf cmd="ignore" pos="DT">The</wf>
<wf cmd="tag" pos="NNS">advantages</wf>
<wf cmd="ignore" pos="IN">of</wf>
<wf cmd="tag" pos="NN">dilatation</wf>
<wf cmd="ignore" pos="IN">by</wf>
<wf cmd="ignore" pos="DT">the</wf>
<wf cmd="tag" pos="NN">physician</wf>
<wf cmd="done" pos="VB" lemma="be" wnsn="1" lexsn="2:42:03::">are</wf>
<wf cmd="ignore" pos="DT">both</wf>
<wf cmd="tag" pos="JJ">physical</wf>
<wf cmd="ignore" pos="CC">and</wf>
<wf cmd="tag" pos="JJ">psychological</wf>
<punc>.</punc>
</s>
<s snum="35">
<wf cmd="ignore" pos="IN">Since</wf>
<wf cmd="ignore" pos="PRP">it</wf>
<wf cmd="done" pos="VB" lemma="be" wnsn="1" lexsn="2:42:03::">is</wf>
<wf cmd="ignore" pos="DT">a</wf>
<wf cmd="tag" pos="RB">purely</wf>
<wf cmd="tag" pos="JJ">professional</wf>
<wf cmd="tag" pos="NN">situation</wf>
<punc>,</punc>
<wf cmd="tag" pos="NN">none</wf>
<wf cmd="ignore" pos="IN">of</wf>
<wf cmd="ignore" pos="DT">the</wf>
<wf cmd="tag" pos="NN">pain</wf>
<wf cmd="done" pos="VBZ" ot="notag">is</wf>
<wf cmd="done" pos="VB" lemma="associate" wnsn="1" lexsn="2:31:00::">associated</wf>
<wf cmd="done" pos="VB" ot="notag">with</wf>
<wf cmd="tag" pos="NN">love-making</wf>
<wf cmd="ignore" pos="CC">or</wf>
<wf cmd="ignore" pos="DT">the</wf>
<wf cmd="tag" pos="NN">beloved</wf>
<punc>.</punc>
</s>
<s snum="36">
<wf cmd="ignore" pos="IN">By</wf>
<wf cmd="done" pos="VB" lemma="use" wnsn="1" lexsn="2:34:01::">using</wf>
<wf cmd="tag" pos="NNS">instruments</wf>
<wf cmd="ignore" pos="IN">of</wf>
<wf cmd="tag" pos="RB">gradually</wf>
<wf cmd="tag" pos="JJ">increasing</wf>
<wf cmd="tag" pos="NN">size</wf>
<punc>,</punc>
<wf cmd="ignore" pos="DT">the</wf>
<wf cmd="tag" pos="NN">vagina</wf>
<wf cmd="done" pos="VBZ" ot="notag">is</wf>
<wf cmd="tag" pos="RB">gently</wf>
<punc>,</punc>
<wf cmd="ignore" pos="CC">and</wf>
<wf cmd="ignore" pos="IN">with</wf>
<wf cmd="tag" pos="JJ">minimum</wf>
<wf cmd="tag" pos="NN">pain</wf>
<wf cmd="ignore" pos="IN">at</wf>
<wf cmd="ignore" pos="DT">each</wf>
<wf cmd="tag" pos="NN">stage</wf>
<punc>,</punc>
<wf cmd="done" pos="VB" lemma="teach" wnsn="2" lexsn="2:30:00::">taught</wf>
<wf cmd="ignore" pos="TO">to</wf>
<wf cmd="done" pos="VB" lemma="yield" wnsn="2" lexsn="2:30:00::">yield</wf>
<wf cmd="done" pos="VB" ot="notag">to</wf>
<wf cmd="ignore" pos="DT">an</wf>
<wf cmd="tag" pos="NN">object</wf>
<wf cmd="ignore" pos="IN">of</wf>
<wf cmd="ignore" pos="DT">the</wf>
<wf cmd="tag" pos="JJ">appropriate</wf>
<wf cmd="tag" pos="NN">shape</wf>
<punc>.</punc>
</s>
</p>
<p pnum="18">
<s snum="37">
<wf cmd="tag" pos="RB">In_this</wf>
<wf cmd="tag" pos="NN">process</wf>
<wf cmd="ignore" pos="DT">the</wf>
<wf cmd="tag" pos="JJ">vaginal</wf>
<wf cmd="tag" pos="NNS">muscles</wf>
<wf cmd="done" pos="VB" lemma="come" wnsn="4" lexsn="2:30:03::">come</wf>
<wf cmd="ignore" pos="IN">under</wf>
<wf cmd="tag" pos="RBR">better</wf>
<wf cmd="tag" pos="JJ">conscious</wf>
<wf cmd="tag" pos="NN">control</wf>
<wf cmd="ignore" pos="IN">by</wf>
<wf cmd="ignore" pos="DT">the</wf>
<wf cmd="tag" pos="NN">girl</wf>
<punc>.</punc>
</s>
<s snum="38">
<wf cmd="ignore" pos="PRP">She</wf>
<wf cmd="done" pos="VB" lemma="learn" wnsn="1" lexsn="2:31:00::">learns</wf>
<wf cmd="ignore" pos="WRB">how</wf>
<wf cmd="ignore" pos="TO">to</wf>
<wf cmd="done" pos="VB" lemma="relax" wnsn="2" lexsn="2:30:01::">relax</wf>
<wf cmd="ignore" pos="PRP">them</wf>
<wf cmd="ignore" pos="TO">to</wf>
<wf cmd="done" pos="VB" lemma="accept" wnsn="5" lexsn="2:40:03::">accept</wf>
<punc>-</punc>
<wf cmd="tag" pos="RB">instead</wf>
<wf cmd="ignore" pos="IN">of</wf>
<wf cmd="done" pos="VB" lemma="contract" wnsn="3" lexsn="2:35:04::">contracting</wf>
<wf cmd="ignore" pos="PRP">them</wf>
<wf cmd="ignore" pos="TO">to</wf>
<wf cmd="done" pos="VB" lemma="repel" wnsn="1" lexsn="2:35:00::">repel</wf>
<wf cmd="ignore" pos="DT">the</wf>
<wf cmd="tag" pos="JJ">entering</wf>
<wf cmd="tag" pos="NN">object</wf>
<punc>.</punc>
</s>
</p>
<p pnum="19">
<s snum="39">
<wf cmd="tag" pos="RB">Apart</wf>
<wf cmd="ignore" pos="IN">from</wf>
<wf cmd="ignore" pos="DT">the</wf>
<wf cmd="tag" pos="JJ">standard</wf>
<wf cmd="tag" pos="NN">problem</wf>
<wf cmd="ignore" pos="IN">of</wf>
<wf cmd="done" pos="VB" lemma="control" wnsn="2" lexsn="2:41:01::">controlling</wf>
<wf cmd="ignore" pos="DT">the</wf>
<wf cmd="tag" pos="JJ">vaginal</wf>
<wf cmd="tag" pos="NNS">muscles</wf>
<punc>,</punc>
<wf cmd="tag" pos="JJ">other</wf>
<wf cmd="tag" pos="JJ">serious</wf>
<wf cmd="tag" pos="NNS">barriers</wf>
<wf cmd="ignore" pos="MD">may</wf>
<wf cmd="done" pos="VB" lemma="exist" wnsn="1" lexsn="2:42:00::">exist</wf>
<wf cmd="ignore" pos="IN">that</wf>
<wf cmd="done" pos="VB" lemma="need" wnsn="1" lexsn="2:42:00::">need</wf>
<wf cmd="tag" pos="JJ">special</wf>
<wf cmd="tag" pos="JJ">gynecological</wf>
<wf cmd="tag" pos="NN">treatment</wf>
<punc>.</punc>
</s>
<s snum="40">
<wf cmd="ignore" pos="PRP">It</wf>
<wf cmd="done" pos="VB" lemma="be" wnsn="1" lexsn="2:42:03::">is</wf>
<wf cmd="tag" pos="RB">far</wf>
<wf cmd="tag" pos="JJR">better</wf>
<wf cmd="ignore" pos="TO">to</wf>
<wf cmd="done" pos="VB" lemma="have" wnsn="5" lexsn="2:30:00::">have</wf>
<wf cmd="tag" pos="JJ">such</wf>
<wf cmd="tag" pos="NNS">conditions</wf>
<wf cmd="done" pos="VB" lemma="treat" wnsn="3" lexsn="2:29:00::">treated</wf>
<wf cmd="tag" pos="RB">in_advance</wf>
<wf cmd="tag" pos="RB">than</wf>
<wf cmd="ignore" pos="TO">to</wf>
<wf cmd="done" pos="VB" lemma="have" wnsn="5" lexsn="2:30:00::">have</wf>
<wf cmd="ignore" pos="PRP">them</wf>
<wf cmd="done" pos="VB" lemma="show_up" wnsn="1" lexsn="2:30:00::">show_up</wf>
<wf cmd="ignore" pos="IN">on</wf>
<wf cmd="ignore" pos="DT">the</wf>
<wf cmd="tag" pos="NN">honeymoon</wf>
<wf cmd="ignore" pos="WRB">where</wf>
<wf cmd="ignore" pos="PRP">they</wf>
<wf cmd="ignore" pos="MD">can</wf>
<wf cmd="done" pos="VB" lemma="create" wnsn="1" lexsn="2:36:00::">create</wf>
<wf cmd="ignore" pos="DT">a</wf>
<wf cmd="tag" pos="RB">really</wf>
<wf cmd="tag" pos="JJ">serious</wf>
<wf cmd="tag" pos="NN">situation</wf>
<punc>.</punc>
</s>
</p>
<p pnum="20">
<s snum="41">
<wf cmd="ignore" pos="WRB">When</wf>
<wf cmd="ignore" pos="DT">no</wf>
<wf cmd="tag" pos="JJ">medical</wf>
<wf cmd="tag" pos="NNS">problems</wf>
<wf cmd="done" pos="VB" lemma="exist" wnsn="1" lexsn="2:42:00::">exist</wf>
<punc>,</punc>
<wf cmd="ignore" pos="DT">the</wf>
<wf cmd="tag" pos="JJ">newly</wf>
<wf cmd="tag" pos="NN">married_couple</wf>
<wf cmd="tag" pos="RB">generally</wf>
<wf cmd="done" pos="VB" lemma="prefer" wnsn="1" lexsn="2:37:00::">prefer</wf>
<wf cmd="ignore" pos="TO">to</wf>
<wf cmd="done" pos="VB" lemma="cope_with" wnsn="1" lexsn="2:41:00::">cope_with</wf>
<wf cmd="ignore" pos="DT">the</wf>
<wf cmd="tag" pos="NNS">adjustments</wf>
<wf cmd="ignore" pos="IN">of</wf>
<wf cmd="ignore" pos="PRP$">their</wf>
<wf cmd="tag" pos="JJ">new</wf>
<wf cmd="tag" pos="NN">relationship</wf>
<wf cmd="ignore" pos="IN">by</wf>
<wf cmd="ignore" pos="PRP">themselves</wf>
<punc>.</punc>
</s>
<s snum="42">
<wf cmd="tag" pos="JJ">Special</wf>
<wf cmd="tag" pos="NN">information</wf>
<wf cmd="ignore" pos="CC">and</wf>
<wf cmd="tag" pos="NN">guidance</wf>
<wf cmd="ignore" pos="IN">about</wf>
<wf cmd="ignore" pos="DT">the</wf>
<wf cmd="tag" pos="JJ">possible</wf>
<wf cmd="tag" pos="NNS">difficulties</wf>
<wf cmd="done" pos="VB" lemma="be" wnsn="1" lexsn="2:42:03::">are</wf>
<wf cmd="tag" pos="RB">still</wf>
<wf cmd="ignore" pos="IN">of</wf>
<wf cmd="tag" pos="JJ">great</wf>
<wf cmd="tag" pos="NN">value</wf>
<punc>.</punc>
</s>
<s snum="43">
<wf cmd="tag" pos="NN">Folk-lore</wf>
<punc>,</punc>
<wf cmd="tag" pos="NN">superstition</wf>
<wf cmd="ignore" pos="CC">and</wf>
<wf cmd="tag" pos="JJ">remembered</wf>
<wf cmd="tag" pos="NNS">passages</wf>
<wf cmd="ignore" pos="IN">from</wf>
<wf cmd="tag" pos="JJ">erotic</wf>
<wf cmd="tag" pos="NN">literature</wf>
<wf cmd="ignore" pos="MD">can</wf>
<wf cmd="done" pos="VB" lemma="create" wnsn="1" lexsn="2:36:00::">create</wf>
<wf cmd="tag" pos="JJ">physical</wf>
<wf cmd="ignore" pos="CC">and</wf>
<wf cmd="tag" pos="JJ">emotional</wf>
<wf cmd="tag" pos="NNS">problems</wf>
<wf cmd="ignore" pos="IN">if</wf>
<wf cmd="tag" pos="RB">blindly</wf>
<wf cmd="done" pos="VB" lemma="take" wnsn="6" lexsn="2:31:07::">taken</wf>
<wf cmd="ignore" pos="IN">as</wf>
<wf cmd="tag" pos="JJ">scientific</wf>
<wf cmd="tag" pos="NNS">facts</wf>
<wf cmd="ignore" pos="CC">and</wf>
<wf cmd="tag" pos="JJ">useful</wf>
<wf cmd="tag" pos="NNS">hints</wf>
<punc>.</punc>
</s>
</p>
<p pnum="21">
<s snum="44">
<wf cmd="ignore" pos="DT">The</wf>
<wf cmd="tag" pos="NN">importance</wf>
<wf cmd="ignore" pos="IN">of</wf>
<wf cmd="tag" pos="JJ">loving</wf>
<wf cmd="tag" pos="NN">tenderness</wf>
<wf cmd="done" pos="VB" lemma="be" wnsn="1" lexsn="2:42:03::">is</wf>
<wf cmd="tag" pos="JJ">obvious</wf>
<punc>.</punc>
</s>
<s snum="45">
<wf cmd="ignore" pos="DT">The</wf>
<wf cmd="tag" pos="JJ">long</wf>
<punc>,</punc>
<wf cmd="tag" pos="JJ">unhurried</wf>
<wf cmd="tag" pos="NN">approach</wf>
<wf cmd="ignore" pos="CC">and</wf>
<wf cmd="ignore" pos="DT">the</wf>
<wf cmd="tag" pos="JJ">deliberate</wf>
<wf cmd="tag" pos="NN">prolongation</wf>
<wf cmd="ignore" pos="IN">of</wf>
<wf cmd="tag" pos="NN">fore-play</wf>
<wf cmd="done" pos="VB" lemma="work" wnsn="3" lexsn="2:41:03::">work</wf>
<wf cmd="done" pos="VB" ot="notag">on</wf>
<wf cmd="tag" pos="JJ">several</wf>
<wf cmd="tag" pos="NNS">levels</wf>
<punc>.</punc>
</s>
<s snum="46">
<wf cmd="ignore" pos="IN">Under</wf>
<wf cmd="ignore" pos="DT">the</wf>
<wf cmd="tag" pos="NN">excitement</wf>
<wf cmd="ignore" pos="IN">of</wf>
<wf cmd="tag" pos="NNS">caresses</wf>
<wf cmd="ignore" pos="CC">and</wf>
<wf cmd="tag" pos="JJ">sexual</wf>
<wf cmd="tag" pos="NN">stimulation</wf>
<wf cmd="ignore" pos="DT">the</wf>
<wf cmd="tag" pos="NN">vagina</wf>
<wf cmd="done" pos="VB" lemma="relax" wnsn="3" lexsn="2:30:02::">relaxes</wf>
<wf cmd="ignore" pos="CC">and</wf>
<wf cmd="done" pos="VB" lemma="dilate" wnsn="1" lexsn="2:30:01::">dilates</wf>
<wf cmd="ignore" pos="CC">and</wf>
<wf cmd="ignore" pos="DT">the</wf>
<wf cmd="tag" pos="JJ">local</wf>
<wf cmd="tag" pos="NN">moisture</wf>
<wf cmd="tag" pos="RB">greatly</wf>
<wf cmd="done" pos="VB" lemma="increase" wnsn="1" lexsn="2:30:00::">increases</wf>
<punc>,</punc>
<wf cmd="done" pos="VB" lemma="provide" wnsn="1" lexsn="2:40:00::">providing</wf>
<wf cmd="ignore" pos="DT">an</wf>
<wf cmd="tag" pos="JJ">excellent</wf>
<wf cmd="tag" pos="NN">lubricant</wf>
<wf cmd="ignore" pos="TO">to</wf>
<wf cmd="done" pos="VB" lemma="help" wnsn="1" lexsn="2:41:00::">help</wf>
<wf cmd="done" pos="VB" lemma="achieve" wnsn="1" lexsn="2:41:00::">achieve</wf>
<wf cmd="ignore" pos="DT">an</wf>
<wf cmd="tag" pos="JJR">easier</wf>
<wf cmd="tag" pos="NN">penetration</wf>
<punc>.</punc>
</s>
</p>
<p pnum="22">
<s snum="47">
<wf cmd="tag" pos="JJ">Extensive</wf>
<wf cmd="tag" pos="NNS">observations</wf>
<wf cmd="ignore" pos="IN">by</wf>
<wf cmd="tag" pos="NNS">physicians</wf>
<wf cmd="ignore" pos="IN">during</wf>
<wf cmd="tag" pos="JJ">vaginal</wf>
<wf cmd="tag" pos="NNS">examinations</wf>
<wf cmd="done" pos="VBP" ot="notag">have</wf>
<wf cmd="done" pos="VB" lemma="establish" wnsn="3" lexsn="2:31:00::">established</wf>
<wf cmd="ignore" pos="DT">the</wf>
<wf cmd="tag" pos="NN">fact</wf>
<wf cmd="ignore" pos="IN">that</wf>
<wf cmd="ignore" pos="DT">a</wf>
<wf cmd="tag" pos="JJ">single</wf>
<wf cmd="tag" pos="NN">finger</wf>
<wf cmd="done" pos="VB" lemma="insert" wnsn="1" lexsn="2:35:00::">inserted</wf>
<wf cmd="ignore" pos="IN">along</wf>
<wf cmd="ignore" pos="DT">the</wf>
<wf cmd="tag" pos="JJ">anterior</wf>
<wf cmd="tag" pos="NN">wall</wf>
<punc>(</punc>
<wf cmd="ignore" pos="DT">the</wf>
<wf cmd="tag" pos="JJ">top</wf>
<wf cmd="tag" pos="NN">line</wf>
<wf cmd="ignore" pos="IN">of</wf>
<wf cmd="ignore" pos="DT">the</wf>
<wf cmd="tag" pos="NN">vagina</wf>
<wf cmd="ignore" pos="IN">as</wf>
<wf cmd="ignore" pos="DT">the</wf>
<wf cmd="tag" pos="NN">woman</wf>
<wf cmd="done" pos="VB" lemma="lie" wnsn="2" lexsn="2:35:00::">lies</wf>
<wf cmd="done" pos="VB" ot="notag">on</wf>
<wf cmd="ignore" pos="PRP$">her</wf>
<wf cmd="tag" pos="RB">back</wf>
<punc>)</punc>
<wf cmd="ignore" pos="MD">may</wf>
<wf cmd="done" pos="VB" lemma="cause" wnsn="1" lexsn="2:36:00::">cause</wf>
<wf cmd="ignore" pos="DT">a</wf>
<wf cmd="tag" pos="NN">great_deal</wf>
<wf cmd="ignore" pos="IN">of</wf>
<wf cmd="tag" pos="NN">distress</wf>
<wf cmd="ignore" pos="IN">in</wf>
<wf cmd="ignore" pos="DT">a</wf>
<wf cmd="tag" pos="NN">virgin</wf>
<punc>.</punc>
</s>
<s snum="48">
<wf cmd="ignore" pos="CC">But</wf>
<wf cmd="ignore" pos="IN">during</wf>
<wf cmd="ignore" pos="DT">the</wf>
<wf cmd="tag" pos="JJ">same</wf>
<wf cmd="tag" pos="NN">examination</wf>
<punc>,</punc>
<wf cmd="tag" pos="CD">two</wf>
<wf cmd="tag" pos="NNS">fingers</wf>
<wf cmd="ignore" pos="MD">may</wf>
<wf cmd="done" pos="VB" ot="notag">be</wf>
<wf cmd="done" pos="VB" lemma="insert" wnsn="1" lexsn="2:35:00::">inserted</wf>
<wf cmd="ignore" pos="IN">along</wf>
<wf cmd="ignore" pos="DT">the</wf>
<wf cmd="tag" pos="JJ">posterior</wf>
<wf cmd="tag" pos="NN">wall</wf>
<punc>(</punc>
<wf cmd="ignore" pos="DT">the</wf>
<wf cmd="tag" pos="NN">bottom</wf>
<wf cmd="ignore" pos="IN">of</wf>
<wf cmd="ignore" pos="DT">the</wf>
<wf cmd="tag" pos="NN">vagina</wf>
<wf cmd="ignore" pos="IN">in</wf>
<wf cmd="ignore" pos="DT">the</wf>
<wf cmd="tag" pos="JJ">same</wf>
<wf cmd="tag" pos="NN">position</wf>
<punc>)</punc>
<wf cmd="ignore" pos="IN">without</wf>
<wf cmd="ignore" pos="DT">any</wf>
<wf cmd="tag" pos="NN">pain</wf>
<punc>;</punc>
<wf cmd="ignore" pos="CC">and</wf>
<wf cmd="tag" pos="RB">in_fact</wf>
<wf cmd="ignore" pos="IN">without</wf>
<wf cmd="ignore" pos="DT">any</wf>
<wf cmd="tag" pos="NN">difficulty</wf>
<wf cmd="ignore" pos="IN">if</wf>
<wf cmd="ignore" pos="DT">the</wf>
<wf cmd="tag" pos="NN">pressure</wf>
<wf cmd="done" pos="VBZ" ot="notag">is</wf>
<wf cmd="done" pos="VB" lemma="keep" wnsn="1" lexsn="2:42:00::">kept</wf>
<wf cmd="tag" pos="JJ">downward</wf>
<wf cmd="tag" pos="RB">at_all_times</wf>
<punc>.</punc>
</s>
</p>
<p pnum="23">
<s snum="49">
<wf cmd="ignore" pos="DT">These</wf>
<wf cmd="tag" pos="JJ">regional</wf>
<wf cmd="tag" pos="NNS">differences</wf>
<wf cmd="ignore" pos="IN">of</wf>
<wf cmd="tag" pos="NN">sensitivity</wf>
<wf cmd="ignore" pos="TO">to</wf>
<wf cmd="tag" pos="NN">pain</wf>
<wf cmd="ignore" pos="MD">may</wf>
<wf cmd="done" pos="VB" lemma="be" wnsn="1" lexsn="2:42:03::">be</wf>
<wf cmd="ignore" pos="IN">of</wf>
<wf cmd="tag" pos="JJ">crucial</wf>
<wf cmd="tag" pos="NN">significance</wf>
<wf cmd="ignore" pos="IN">during</wf>
<wf cmd="ignore" pos="DT">the</wf>
<wf cmd="tag" pos="JJS">earliest</wf>
<wf cmd="tag" pos="NN">intercourse</wf>
<punc>.</punc>
</s>
<s snum="50">
<wf cmd="ignore" pos="DT">The</wf>
<wf cmd="tag" pos="NN">husband</wf>
<wf cmd="ignore" pos="CC">and</wf>
<wf cmd="tag" pos="NN">wife</wf>
<wf cmd="ignore" pos="MD">should</wf>
<wf cmd="done" pos="VB" lemma="start" wnsn="1" lexsn="2:30:00::">start</wf>
<wf cmd="ignore" pos="IN">with</wf>
<wf cmd="ignore" pos="DT">this</wf>
<wf cmd="tag" pos="JJ">anatomical</wf>
<wf cmd="tag" pos="NN">information</wf>
<wf cmd="tag" pos="RB">clearly</wf>
<wf cmd="ignore" pos="IN">in</wf>
<wf cmd="tag" pos="NN">mind</wf>
<punc>.</punc>
</s>
<s snum="51">
<wf cmd="ignore" pos="PRP">They</wf>
<wf cmd="ignore" pos="MD">may</wf>
<wf cmd="tag" pos="RB">then</wf>
<wf cmd="done" pos="VB" lemma="adjust" wnsn="0" lexsn="2:30:02::">adjust</wf>
<wf cmd="ignore" pos="PRP$">their</wf>
<wf cmd="tag" pos="NNS">positions</wf>
<wf cmd="ignore" pos="CC">and</wf>
<wf cmd="tag" pos="NNS">movements</wf>
<wf cmd="ignore" pos="TO">to</wf>
<wf cmd="done" pos="VB" lemma="avoid" wnsn="2" lexsn="2:41:01::">avoid</wf>
<wf cmd="tag" pos="RB">too_much</wf>
<wf cmd="tag" pos="NN">pressure</wf>
<wf cmd="ignore" pos="IN">on</wf>
<wf cmd="ignore" pos="DT">the</wf>
<wf cmd="tag" pos="NN">urethra</wf>
<wf cmd="ignore" pos="CC">and</wf>
<wf cmd="ignore" pos="DT">the</wf>
<wf cmd="tag" pos="JJ">anterior</wf>
<wf cmd="tag" pos="NN">wall</wf>
<wf cmd="ignore" pos="IN">of</wf>
<wf cmd="ignore" pos="DT">the</wf>
<wf cmd="tag" pos="NN">vagina</wf>
<punc>;</punc>
<wf cmd="tag" pos="RB">at_least</wf>
<wf cmd="ignore" pos="IN">until</wf>
<wf cmd="tag" pos="JJ">repeated</wf>
<wf cmd="tag" pos="NN">intercourse</wf>
<wf cmd="done" pos="VBZ" ot="notag">has</wf>
<wf cmd="done" pos="VB" lemma="dilate" wnsn="1" lexsn="2:30:01::">dilated</wf>
<wf cmd="ignore" pos="PRP">it</wf>
<wf cmd="ignore" pos="CC">and</wf>
<wf cmd="tag" pos="NN">pain</wf>
<wf cmd="done" pos="VB" lemma="be" wnsn="2" lexsn="2:42:06::">is</wf>
<wf cmd="tag" pos="RB">no_longer</wf>
<wf cmd="ignore" pos="DT">a</wf>
<wf cmd="tag" pos="JJ">possible</wf>
<wf cmd="tag" pos="NN">threat</wf>
<wf cmd="ignore" pos="IN">against</wf>
<wf cmd="ignore" pos="DT">the</wf>
<wf cmd="tag" pos="JJ">full</wf>
<wf cmd="tag" pos="NN">pleasure</wf>
<wf cmd="ignore" pos="IN">of</wf>
<wf cmd="tag" pos="NN">love-making</wf>
<punc>.</punc>
</s>
</p>
<p pnum="24">
<s snum="52">
<wf cmd="tag" pos="RB">In_fact</wf>
<punc>,</punc>
<wf cmd="ignore" pos="DT">the</wf>
<wf cmd="tag" pos="JJ">technical</wf>
<wf cmd="tag" pos="NN">procedure</wf>
<wf cmd="ignore" pos="IN">in</wf>
<wf cmd="tag" pos="NN">medical_examinations</wf>
<wf cmd="ignore" pos="MD">may</wf>
<wf cmd="done" pos="VB" ot="notag">be</wf>
<wf cmd="tag" pos="RB">wisely</wf>
<wf cmd="done" pos="VB" lemma="adapt" wnsn="1" lexsn="2:30:01::">adapted</wf>
<wf cmd="ignore" pos="TO">to</wf>
<wf cmd="ignore" pos="PRP$">his</wf>
<wf cmd="tag" pos="JJ">romantic</wf>
<wf cmd="tag" pos="NNS">purposes</wf>
<wf cmd="ignore" pos="IN">by</wf>
<wf cmd="ignore" pos="DT">the</wf>
<wf cmd="tag" pos="NN">husband</wf>
<wf cmd="ignore" pos="IN">during</wf>
<wf cmd="ignore" pos="DT">the</wf>
<wf cmd="tag" pos="NN">honeymoon</wf>
<punc>.</punc>
</s>
</p>
<p pnum="25">
<s snum="53">
<wf cmd="tag" pos="NN">Locker-room</wf>
<wf cmd="tag" pos="NN">talk</wf>
<wf cmd="tag" pos="RB">often</wf>
<wf cmd="done" pos="VB" lemma="stress" wnsn="1" lexsn="2:32:00::">stresses</wf>
<wf cmd="ignore" pos="DT">the</wf>
<wf cmd="tag" pos="NN">idea</wf>
<wf cmd="ignore" pos="IN">that</wf>
<wf cmd="ignore" pos="DT">a</wf>
<wf cmd="tag" pos="NN">man</wf>
<wf cmd="done" pos="VBZ" ot="notag">is</wf>
<wf cmd="done" rdf="do_a_favor" pos="VB" lemma="do" wnsn="1" lexsn="2:41:01::">doing</wf>
<wf cmd="ignore" pos="DT">the</wf>
<wf cmd="tag" pos="NN">girl</wf>
<wf cmd="ignore" pos="DT">a</wf>
<wf cmd="tag" pos="NN">favor</wf>
<wf cmd="ignore" pos="IN">if</wf>
<wf cmd="ignore" pos="PRP">he</wf>
<wf cmd="done" pos="VB" lemma="be" wnsn="1" lexsn="2:42:03::">is</wf>
<wf cmd="tag" pos="JJ">forceful</wf>
<wf cmd="ignore" pos="CC">and</wf>
<wf cmd="tag" pos="JJ">ruthless</wf>
<wf cmd="ignore" pos="IN">during</wf>
<wf cmd="ignore" pos="DT">the</wf>
<wf cmd="tag" pos="JJ">first</wf>
<wf cmd="tag" pos="NN">penetration</wf>
<punc>.</punc>
</s>
<s snum="54">
<wf cmd="ignore" pos="DT">The</wf>
<wf cmd="tag" pos="JJ">false</wf>
<wf cmd="tag" pos="NN">reasoning</wf>
<wf cmd="done" pos="VB" lemma="be" wnsn="2" lexsn="2:42:06::">is</wf>
<wf cmd="ignore" pos="IN">that</wf>
<wf cmd="ignore" pos="DT">a</wf>
<wf cmd="tag" pos="JJ">gradual</wf>
<wf cmd="tag" pos="NN">advance</wf>
<wf cmd="done" pos="VB" lemma="prolong" wnsn="1" lexsn="2:30:00::">prolongs</wf>
<wf cmd="ignore" pos="DT">the</wf>
<wf cmd="tag" pos="NN">pain</wf>
<wf cmd="ignore" pos="IN">while</wf>
<wf cmd="ignore" pos="DT">a</wf>
<wf cmd="tag" pos="JJ">swift</wf>
<wf cmd="tag" pos="JJ">powerful</wf>
<wf cmd="tag" pos="NN">act</wf>
<wf cmd="done" pos="VB" lemma="get" wnsn="3" lexsn="2:30:02::">gets</wf>
<wf cmd="done" pos="VB" ot="notag">it</wf>
<wf cmd="ignore" pos="IN">over</wf>
<wf cmd="tag" pos="RB">with</wf>
<wf cmd="ignore" pos="CC">and</wf>
<wf cmd="done" pos="VB" lemma="leave" wnsn="3" lexsn="2:42:02::">leaves</wf>
<wf cmd="ignore" pos="DT">the</wf>
<wf cmd="tag" pos="NN">girl</wf>
<wf cmd="tag" pos="JJ">pleased</wf>
<wf cmd="ignore" pos="IN">with</wf>
<wf cmd="ignore" pos="PRP$">his</wf>
<wf cmd="tag" pos="NN">virility</wf>
<wf cmd="ignore" pos="CC">and</wf>
<wf cmd="tag" pos="JJ">grateful</wf>
<wf cmd="ignore" pos="IN">for</wf>
<wf cmd="ignore" pos="PRP$">his</wf>
<wf cmd="tag" pos="NN">decisiveness</wf>
<wf cmd="ignore" pos="IN">in</wf>
<wf cmd="done" pos="VB" lemma="settle" wnsn="2" lexsn="2:31:00::">settling</wf>
<wf cmd="ignore" pos="DT">the</wf>
<wf cmd="tag" pos="NN">problem</wf>
<wf cmd="tag" pos="RB">once_and_for_all</wf>
<punc>.</punc>
</s>
</p>
<p pnum="26">
<s snum="55">
<wf cmd="tag" pos="JJ">Such</wf>
<wf cmd="tag" pos="NN">talk</wf>
<wf cmd="done" pos="VB" lemma="be" wnsn="1" lexsn="2:42:03::">is</wf>
<wf cmd="tag" pos="RB">seriously</wf>
<wf cmd="ignore" pos="IN">in</wf>
<wf cmd="tag" pos="NN">error</wf>
<punc>.</punc>
</s>
<s snum="56">
<wf cmd="tag" pos="NN">Ruthlessness</wf>
<wf cmd="ignore" pos="IN">at</wf>
<wf cmd="ignore" pos="DT">this</wf>
<wf cmd="tag" pos="NN">time</wf>
<wf cmd="ignore" pos="MD">can</wf>
<wf cmd="done" pos="VB" lemma="be" wnsn="1" lexsn="2:42:03::">be</wf>
<wf cmd="ignore" pos="DT">a</wf>
<wf cmd="tag" pos="RB">very</wf>
<wf cmd="tag" pos="JJ">severe</wf>
<wf cmd="tag" pos="NN">shock</wf>
<wf cmd="ignore" pos="TO">to</wf>
<wf cmd="ignore" pos="DT">the</wf>
<wf cmd="tag" pos="NN">bride</wf>
<punc>,</punc>
<wf cmd="ignore" pos="DT">both</wf>
<wf cmd="tag" pos="RB">physically</wf>
<wf cmd="ignore" pos="CC">and</wf>
<wf cmd="tag" pos="RB">psychologically</wf>
<punc>.</punc>
</s>
<s snum="57">
<wf cmd="ignore" pos="DT">The</wf>
<wf cmd="tag" pos="JJ">insistent</wf>
<punc>,</punc>
<wf cmd="tag" pos="JJ">forceful</wf>
<wf cmd="tag" pos="NN">penetration</wf>
<wf cmd="ignore" pos="MD">may</wf>
<wf cmd="done" pos="VB" lemma="tear" wnsn="1" lexsn="2:35:00::">tear</wf>
<wf cmd="ignore" pos="CC">and</wf>
<wf cmd="done" pos="VB" lemma="inflame" wnsn="1" lexsn="2:29:01::">inflame</wf>
<wf cmd="ignore" pos="DT">the</wf>
<wf cmd="tag" pos="JJ">vaginal</wf>
<wf cmd="tag" pos="NNS">walls</wf>
<wf cmd="tag" pos="RB">as_well</wf>
<wf cmd="ignore" pos="IN">as</wf>
<wf cmd="done" pos="VB" lemma="do" wnsn="5" lexsn="2:36:02::">do</wf>
<wf cmd="tag" pos="JJ">excessive</wf>
<wf cmd="tag" pos="NN">damage</wf>
<wf cmd="ignore" pos="TO">to</wf>
<wf cmd="ignore" pos="DT">the</wf>
<wf cmd="tag" pos="NN">hymen</wf>
<punc>.</punc>
</s>
</p>
<p pnum="27">
<s snum="58">
<wf cmd="ignore" pos="DT">The</wf>
<wf cmd="tag" pos="NN">pain</wf>
<wf cmd="ignore" pos="CC">and</wf>
<wf cmd="tag" pos="NN">distress</wf>
<wf cmd="done" pos="VB" lemma="associate" wnsn="1" lexsn="2:31:00::">associated</wf>
<wf cmd="done" pos="VB" ot="notag">with</wf>
<wf cmd="ignore" pos="DT">the</wf>
<wf cmd="tag" pos="NN">performance</wf>
<wf cmd="ignore" pos="MD">may</wf>
<wf cmd="tag" pos="RB">easily</wf>
<wf cmd="done" pos="VB" lemma="give" wnsn="1" lexsn="2:40:03::">give</wf>
<wf cmd="ignore" pos="DT">the</wf>
<wf cmd="tag" pos="NN">wife</wf>
<wf cmd="ignore" pos="DT">a</wf>
<wf cmd="tag" pos="JJ">deep-seated</wf>
<wf cmd="tag" pos="NN">dread</wf>
<wf cmd="ignore" pos="IN">of</wf>
<wf cmd="tag" pos="JJ">marital</wf>
<wf cmd="tag" pos="NNS">relations</wf>
<wf cmd="ignore" pos="CC">and</wf>
<wf cmd="done" pos="VB" lemma="cause" wnsn="2" lexsn="2:32:00::">cause</wf>
<wf cmd="ignore" pos="PRP$">her</wf>
<punc>,</punc>
<wf cmd="tag" pos="RB">unconsciously</wf>
<punc>,</punc>
<wf cmd="ignore" pos="TO">to</wf>
<wf cmd="done" pos="VB" lemma="make" wnsn="2" lexsn="2:30:00::">make</wf>
<wf cmd="ignore" pos="DT">the</wf>
<wf cmd="tag" pos="NN">sex_act</wf>
<wf cmd="tag" pos="JJ">unpleasant</wf>
<wf cmd="ignore" pos="CC">and</wf>
<wf cmd="tag" pos="JJ">difficult</wf>
<wf cmd="ignore" pos="IN">for</wf>
<wf cmd="ignore" pos="DT">both</wf>
<wf cmd="ignore" pos="IN">by</wf>
<wf cmd="done" pos="VB" lemma="exercise" wnsn="1" lexsn="2:34:00::">exercising</wf>
<wf cmd="ignore" pos="PRP$">her</wf>
<wf cmd="tag" pos="JJ">vaginal</wf>
<wf cmd="tag" pos="NNS">muscles</wf>
<wf cmd="ignore" pos="TO">to</wf>
<wf cmd="done" pos="VB" lemma="complicate" wnsn="1" lexsn="2:30:00::">complicate</wf>
<wf cmd="ignore" pos="PRP$">his</wf>
<wf cmd="tag" pos="NN">penetration</wf>
<wf cmd="tag" pos="RB">instead</wf>
<wf cmd="ignore" pos="IN">of</wf>
<wf cmd="done" pos="VB" lemma="relax" wnsn="2" lexsn="2:30:01::">relaxing</wf>
<wf cmd="ignore" pos="PRP">them</wf>
<wf cmd="ignore" pos="TO">to</wf>
<wf cmd="done" pos="VB" lemma="facilitate" wnsn="1" lexsn="2:30:00::">facilitate</wf>
<wf cmd="ignore" pos="PRP">it</wf>
<punc>.</punc>
</s>
</p>
<p pnum="28">
<s snum="59">
<wf cmd="tag" pos="JJ">Serious</wf>
<wf cmd="tag" pos="NN">attention</wf>
<wf cmd="ignore" pos="MD">must</wf>
<wf cmd="tag" pos="RB">also</wf>
<wf cmd="done" pos="VB" ot="notag">be</wf>
<wf cmd="done" pos="VB" lemma="give" wnsn="10" lexsn="2:31:02::">given</wf>
<wf cmd="ignore" pos="TO">to</wf>
<wf cmd="ignore" pos="DT">the</wf>
<wf cmd="tag" pos="NN">husband</wf>
<wf cmd="ignore" pos="POS">'s</wf>
<wf cmd="tag" pos="NNS">problems</wf>
<wf cmd="ignore" pos="IN">in</wf>
<wf cmd="ignore" pos="DT">the</wf>
<wf cmd="tag" pos="NN">honeymoon</wf>
<wf cmd="tag" pos="NN">situation</wf>
<punc>.</punc>
</s>
<s snum="60">
<wf cmd="ignore" pos="DT">The</wf>
<wf cmd="tag" pos="NN">necessity</wf>
<wf cmd="ignore" pos="IN">for</wf>
<wf cmd="done" pos="VB" lemma="keep" wnsn="1" lexsn="2:42:00::">keeping</wf>
<wf cmd="tag" pos="JJ">alert</wf>
<wf cmd="ignore" pos="TO">to</wf>
<wf cmd="ignore" pos="PRP$">his</wf>
<wf cmd="tag" pos="NN">bride</wf>
<wf cmd="ignore" pos="POS">'s</wf>
<wf cmd="tag" pos="NNS">hazards</wf>
<wf cmd="ignore" pos="MD">can</wf>
<wf cmd="done" pos="VB" lemma="act_as" wnsn="1" lexsn="2:42:00::">act_as</wf>
<wf cmd="ignore" pos="DT">an</wf>
<wf cmd="tag" pos="NN">interference</wf>
<wf cmd="ignore" pos="IN">with</wf>
<wf cmd="ignore" pos="DT">the</wf>
<wf cmd="tag" pos="NN">man</wf>
<wf cmd="ignore" pos="POS">'s</wf>
<wf cmd="tag" pos="JJ">spontaneous</wf>
<wf cmd="tag" pos="NN">desire</wf>
<punc>.</punc>
</s>
<s snum="61">
<wf cmd="ignore" pos="DT">The</wf>
<wf cmd="tag" pos="JJ">emotional</wf>
<wf cmd="tag" pos="NN">stimulation</wf>
<wf cmd="ignore" pos="MD">may</wf>
<wf cmd="done" pos="VB" lemma="be" wnsn="1" lexsn="2:42:03::">be</wf>
<wf cmd="tag" pos="RB">so</wf>
<wf cmd="tag" pos="JJ">great</wf>
<wf cmd="ignore" pos="IN">that</wf>
<wf cmd="ignore" pos="PRP">he</wf>
<wf cmd="ignore" pos="MD">may</wf>
<wf cmd="done" pos="VB" lemma="experience" wnsn="3" lexsn="2:39:00::">experience</wf>
<wf cmd="ignore" pos="DT">a</wf>
<wf cmd="tag" pos="JJ">premature</wf>
<wf cmd="tag" pos="NN">climax</wf>
<punc>.</punc>
</s>
<s snum="62">
<wf cmd="ignore" pos="DT">This</wf>
<wf cmd="done" pos="VB" lemma="be" wnsn="1" lexsn="2:42:03::">is</wf>
<wf cmd="ignore" pos="DT">a</wf>
<wf cmd="tag" pos="RB">very</wf>
<wf cmd="tag" pos="JJ">common</wf>
<wf cmd="tag" pos="NN">experience</wf>
<wf cmd="ignore" pos="CC">and</wf>
<wf cmd="ignore" pos="MD">should</wf>
<wf cmd="tag" pos="RB">in_no_way</wf>
<wf cmd="done" pos="VB" lemma="discourage" wnsn="2" lexsn="2:37:00::">discourage</wf>
<wf cmd="ignore" pos="CC">or</wf>
<wf cmd="done" pos="VB" lemma="dishearten" wnsn="1" lexsn="2:37:00::">dishearten</wf>
<wf cmd="ignore" pos="DT">either</wf>
<wf cmd="tag" pos="NN">husband</wf>
<wf cmd="ignore" pos="CC">or</wf>
<wf cmd="tag" pos="NN">wife</wf>
<punc>.</punc>
</s>
</p>
<p pnum="29">
<s snum="63">
<wf cmd="ignore" pos="CC">Or</wf>
<wf cmd="ignore" pos="DT">the</wf>
<wf cmd="tag" pos="JJ">frequent</wf>
<wf cmd="tag" pos="NN">need</wf>
<wf cmd="done" pos="VB" ot="notag">to</wf>
<wf cmd="done" pos="VB" lemma="check" wnsn="4" lexsn="2:41:08::">check</wf>
<wf cmd="ignore" pos="CC">and</wf>
<wf cmd="done" pos="VB" lemma="discipline" wnsn="1" lexsn="2:41:01::">discipline</wf>
<wf cmd="ignore" pos="PRP">himself</wf>
<wf cmd="ignore" pos="TO">to</wf>
<wf cmd="ignore" pos="DT">the</wf>
<wf cmd="tag" pos="JJS">wisest</wf>
<wf cmd="tag" pos="NN">pace</wf>
<wf cmd="ignore" pos="IN">of</wf>
<wf cmd="ignore" pos="DT">the</wf>
<wf cmd="tag" pos="NN">consummation</wf>
<wf cmd="ignore" pos="MD">can</wf>
<wf cmd="done" pos="VB" lemma="put" wnsn="2" lexsn="2:35:05::">put</wf>
<wf cmd="ignore" pos="PRP">him</wf>
<wf cmd="ignore" pos="IN">off</wf>
<wf cmd="tag" pos="NN">stride</wf>
<wf cmd="ignore" pos="CC">and</wf>
<wf cmd="done" pos="VB" lemma="make" wnsn="1" lexsn="2:41:00::">make</wf>
<wf cmd="done" pos="VB" ot="notag">it</wf>
<wf cmd="tag" pos="JJ">impossible</wf>
<wf cmd="ignore" pos="IN">for</wf>
<wf cmd="ignore" pos="PRP">him</wf>
<wf cmd="ignore" pos="TO">to</wf>
<wf cmd="done" pos="VB" lemma="be" wnsn="1" lexsn="2:42:03::">be</wf>
<wf cmd="tag" pos="RB">continuously</wf>
<wf cmd="tag" pos="JJ">ready</wf>
<wf cmd="ignore" pos="IN">for</wf>
<wf cmd="tag" pos="NN">penetration</wf>
<wf cmd="ignore" pos="IN">over</wf>
<wf cmd="ignore" pos="DT">a</wf>
<wf cmd="tag" pos="JJ">long</wf>
<wf cmd="tag" pos="NN">period</wf>
<punc>.</punc>
</s>
<s snum="64">
<wf cmd="ignore" pos="DT">The</wf>
<wf cmd="tag" pos="NNS">signals</wf>
<wf cmd="ignore" pos="TO">to</wf>
<wf cmd="done" pos="VB" lemma="proceed" wnsn="3" lexsn="2:41:00::">proceed</wf>
<wf cmd="ignore" pos="MD">may</wf>
<wf cmd="tag" pos="RB">therefore</wf>
<wf cmd="done" pos="VB" lemma="come" wnsn="2" lexsn="2:38:04::">come</wf>
<wf cmd="ignore" pos="WRB">when</wf>
<wf cmd="ignore" pos="PRP">he</wf>
<wf cmd="done" pos="VB" lemma="be" wnsn="1" lexsn="2:42:03::">is</wf>
<wf cmd="tag" pos="RB">momentarily</wf>
<wf cmd="tag" pos="RB">not</wf>
<wf cmd="tag" pos="JJ">able</wf>
<wf cmd="ignore" pos="TO">to</wf>
<wf cmd="done" pos="VB" lemma="take_advantage" wnsn="1" lexsn="2:40:00::">take_advantage</wf>
<wf cmd="ignore" pos="VB">IN</wf>
<wf cmd="ignore" pos="PRP">them</wf>
<punc>.</punc>
</s>
</p>
<p pnum="30">
<s snum="65">
<wf cmd="ignore" pos="DT">The</wf>
<wf cmd="tag" pos="JJS">best</wf>
<wf cmd="tag" pos="NN">course</wf>
<wf cmd="done" pos="VB" lemma="be" wnsn="2" lexsn="2:42:06::">is</wf>
<wf cmd="ignore" pos="TO">to</wf>
<wf cmd="done" pos="VB" lemma="recover" wnsn="1" lexsn="2:40:00::">recover</wf>
<wf cmd="ignore" pos="PRP$">his</wf>
<wf cmd="tag" pos="JJ">physical</wf>
<wf cmd="tag" pos="NN">excitement</wf>
<wf cmd="ignore" pos="IN">by</wf>
<wf cmd="ignore" pos="DT">a</wf>
<wf cmd="tag" pos="NN">change</wf>
<wf cmd="ignore" pos="IN">of</wf>
<wf cmd="tag" pos="NN">pace</wf>
<wf cmd="ignore" pos="WDT">that</wf>
<wf cmd="done" pos="VB" lemma="make" wnsn="2" lexsn="2:30:00::">makes</wf>
<wf cmd="ignore" pos="PRP">him</wf>
<wf cmd="tag" pos="JJ">ardent</wf>
<wf cmd="tag" pos="RB">again</wf>
<punc>.</punc>
</s>
<s snum="66">
<wf cmd="ignore" pos="DT">This</wf>
<wf cmd="ignore" pos="MD">may</wf>
<wf cmd="done" pos="VB" lemma="require" wnsn="1" lexsn="2:42:00::">require</wf>
<wf cmd="tag" pos="NN">imagination</wf>
<wf cmd="ignore" pos="CC">and</wf>
<wf cmd="done" pos="VB" lemma="remind" wnsn="1" lexsn="2:31:00::">reminding</wf>
<wf cmd="ignore" pos="PRP">himself</wf>
<wf cmd="ignore" pos="IN">that</wf>
<wf cmd="tag" pos="RB">now</wf>
<wf cmd="ignore" pos="PRP">he</wf>
<wf cmd="ignore" pos="MD">can</wf>
<wf cmd="done" pos="VB" lemma="be" wnsn="1" lexsn="2:42:03::">be</wf>
<wf cmd="tag" pos="JJ">demanding</wf>
<wf cmd="ignore" pos="CC">and</wf>
<wf cmd="tag" pos="JJ">self-centered</wf>
<punc>.</punc>
</s>
<s snum="67">
<wf cmd="ignore" pos="PRP">He</wf>
<wf cmd="ignore" pos="MD">can</wf>
<wf cmd="done" pos="VB" lemma="take" wnsn="15" lexsn="2:39:00::">take</wf>
<wf cmd="tag" pos="NN">security</wf>
<wf cmd="ignore" pos="IN">from</wf>
<wf cmd="ignore" pos="DT">the</wf>
<wf cmd="tag" pos="NN">fact</wf>
<wf cmd="ignore" pos="IN">that</wf>
<wf cmd="ignore" pos="DT">the</wf>
<wf cmd="tag" pos="NN">progress</wf>
<wf cmd="ignore" pos="PRP">he</wf>
<wf cmd="done" pos="VBZ" ot="notag">has</wf>
<wf cmd="done" pos="VB" lemma="make" wnsn="5" lexsn="2:36:08::">made</wf>
<wf cmd="ignore" pos="IN">by</wf>
<wf cmd="ignore" pos="PRP$">his</wf>
<wf cmd="tag" pos="JJ">gentle</wf>
<wf cmd="tag" pos="NN">approach</wf>
<wf cmd="ignore" pos="MD">will</wf>
<wf cmd="tag" pos="RB">not</wf>
<wf cmd="done" pos="VB" ot="notag">be</wf>
<wf cmd="done" pos="VB" lemma="lose" wnsn="1" lexsn="2:40:02::">lost</wf>
<punc>.</punc>
</s>
</p>
<p pnum="31">
<s snum="68">
<wf cmd="tag" pos="RB">Now</wf>
<wf cmd="ignore" pos="IN">while</wf>
<wf cmd="ignore" pos="PRP">he</wf>
<wf cmd="done" pos="VB" lemma="use" wnsn="1" lexsn="2:34:01::">uses</wf>
<wf cmd="tag" pos="NN">talk</wf>
<punc>,</punc>
<wf cmd="tag" pos="NNS">caresses</wf>
<wf cmd="ignore" pos="CC">or</wf>
<wf cmd="done" pos="VB" lemma="require" wnsn="4" lexsn="2:34:00::">requires</wf>
<wf cmd="tag" pos="NNS">caresses</wf>
<wf cmd="ignore" pos="IN">from</wf>
<wf cmd="ignore" pos="PRP$">her</wf>
<punc>,</punc>
<wf cmd="ignore" pos="PRP$">his</wf>
<wf cmd="tag" pos="NN">bride</wf>
<wf cmd="ignore" pos="MD">will</wf>
<wf cmd="tag" pos="RB">sympathetically</wf>
<wf cmd="done" pos="VB" lemma="understand" wnsn="2" lexsn="2:31:01::">understand</wf>
<wf cmd="ignore" pos="DT">the</wf>
<wf cmd="tag" pos="NN">situation</wf>
<wf cmd="ignore" pos="CC">and</wf>
<wf cmd="tag" pos="RB">eagerly</wf>
<wf cmd="done" pos="VB" lemma="help" wnsn="1" lexsn="2:41:00::">help</wf>
<wf cmd="ignore" pos="PRP">him</wf>
<wf cmd="done" pos="VB" lemma="restore" wnsn="1" lexsn="2:41:01::">restore</wf>
<wf cmd="ignore" pos="PRP$">his</wf>
<wf cmd="tag" pos="JJ">physical</wf>
<wf cmd="tag" pos="NN">situation</wf>
<wf cmd="tag" pos="RB">so</wf>
<wf cmd="ignore" pos="PRP">they</wf>
<wf cmd="ignore" pos="MD">can</wf>
<wf cmd="done" pos="VB" lemma="have" wnsn="3" lexsn="2:39:06::">have</wf>
<wf cmd="ignore" pos="DT">the</wf>
<wf cmd="tag" pos="NN">consummation</wf>
<wf cmd="ignore" pos="PRP">they</wf>
<wf cmd="ignore" pos="DT">both</wf>
<wf cmd="tag" pos="RB">so</wf>
<wf cmd="tag" pos="RB">eagerly</wf>
<wf cmd="done" pos="VB" lemma="desire" wnsn="1" lexsn="2:37:00::">desire</wf>
<punc>.</punc>
</s>
</p>
<p pnum="32">
<s snum="69">
<wf cmd="ignore" pos="DT">A</wf>
<wf cmd="tag" pos="JJ">final</wf>
<wf cmd="tag" pos="NN">word</wf>
<punc>.</punc>
</s>
<s snum="70">
<wf cmd="ignore" pos="DT">The</wf>
<wf cmd="tag" pos="JJ">accumulated</wf>
<wf cmd="tag" pos="NN">information</wf>
<wf cmd="ignore" pos="IN">on</wf>
<wf cmd="ignore" pos="DT">this</wf>
<wf cmd="tag" pos="NN">point</wf>
<wf cmd="done" pos="VB" lemma="show" wnsn="3" lexsn="2:32:00::">shows</wf>
<wf cmd="ignore" pos="IN">that</wf>
<wf cmd="tag" pos="JJ">first</wf>
<wf cmd="tag" pos="NN">intercourse</wf>
<punc>,</punc>
<wf cmd="tag" pos="RB">even</wf>
<wf cmd="ignore" pos="WRB">when</wf>
<wf cmd="ignore" pos="PRP">it</wf>
<wf cmd="done" pos="VBZ" ot="notag">is</wf>
<wf cmd="done" pos="VB" lemma="achieve" wnsn="1" lexsn="2:41:00::">achieved</wf>
<wf cmd="ignore" pos="IN">with</wf>
<wf cmd="tag" pos="JJ">minimum</wf>
<wf cmd="tag" pos="NN">pain</wf>
<wf cmd="ignore" pos="CC">or</wf>
<wf cmd="tag" pos="NN">difficulty</wf>
<punc>,</punc>
<wf cmd="done" pos="VB" lemma="be" wnsn="1" lexsn="2:42:03::">is</wf>
<wf cmd="tag" pos="RB">seldom</wf>
<wf cmd="ignore" pos="DT">an</wf>
<wf cmd="tag" pos="JJ">overwhelming</wf>
<wf cmd="tag" pos="JJ">sexual</wf>
<wf cmd="tag" pos="NN">experience</wf>
<wf cmd="ignore" pos="TO">to</wf>
<wf cmd="ignore" pos="DT">a</wf>
<wf cmd="tag" pos="NN">woman</wf>
<punc>.</punc>
</s>
<s snum="71">
<wf cmd="tag" pos="RB">Too</wf>
<wf cmd="tag" pos="JJ">many</wf>
<wf cmd="tag" pos="JJ">new</wf>
<wf cmd="tag" pos="NNS">things</wf>
<wf cmd="done" pos="VBP" ot="notag">are</wf>
<wf cmd="done" pos="VB" lemma="happen" wnsn="1" lexsn="2:30:00::">happening</wf>
<wf cmd="ignore" pos="IN">for</wf>
<wf cmd="ignore" pos="PRP">it</wf>
<wf cmd="ignore" pos="TO">to</wf>
<wf cmd="done" pos="VB" lemma="be" wnsn="1" lexsn="2:42:03::">be</wf>
<wf cmd="ignore" pos="DT">a</wf>
<wf cmd="tag" pos="JJ">complete</wf>
<wf cmd="tag" pos="JJ">erotic</wf>
<wf cmd="tag" pos="NN">fulfillment</wf>
<punc>.</punc>
</s>
</p>
<p pnum="33">
<s snum="72">
<wf cmd="tag" pos="RB">Only</wf>
<wf cmd="ignore" pos="IN">under</wf>
<wf cmd="tag" pos="JJ">rare</wf>
<wf cmd="tag" pos="NNS">circumstances</wf>
<wf cmd="ignore" pos="MD">would</wf>
<wf cmd="ignore" pos="DT">a</wf>
<wf cmd="tag" pos="NN">bride</wf>
<wf cmd="done" pos="VB" lemma="experience" wnsn="3" lexsn="2:39:00::">experience</wf>
<wf cmd="ignore" pos="DT">an</wf>
<wf cmd="tag" pos="NN">orgasm</wf>
<wf cmd="ignore" pos="IN">during</wf>
<wf cmd="ignore" pos="PRP$">her</wf>
<wf cmd="tag" pos="JJ">first</wf>
<wf cmd="tag" pos="NN">intercourse</wf>
<punc>.</punc>
</s>
<s snum="73">
<wf cmd="ignore" pos="DT">Both</wf>
<wf cmd="tag" pos="NN">man_and_wife</wf>
<wf cmd="ignore" pos="MD">should</wf>
<wf cmd="done" pos="VB" lemma="be" wnsn="1" lexsn="2:42:03::">be</wf>
<wf cmd="tag" pos="JJ">aware_of</wf>
<wf cmd="ignore" pos="DT">the</wf>
<wf cmd="tag" pos="NN">fact</wf>
<wf cmd="ignore" pos="IN">that</wf>
<wf cmd="ignore" pos="DT">a</wf>
<wf cmd="tag" pos="NN">lack</wf>
<wf cmd="ignore" pos="IN">of</wf>
<wf cmd="tag" pos="NN">climax</wf>
<punc>,</punc>
<wf cmd="ignore" pos="CC">and</wf>
<wf cmd="tag" pos="RB">even</wf>
<wf cmd="ignore" pos="DT">the</wf>
<wf cmd="tag" pos="NN">absence</wf>
<wf cmd="ignore" pos="IN">of</wf>
<wf cmd="ignore" pos="DT">the</wf>
<wf cmd="tag" pos="JJ">anticipated</wf>
<wf cmd="tag" pos="JJ">keen</wf>
<wf cmd="tag" pos="NN">pleasure</wf>
<wf cmd="done" pos="VB" lemma="be" wnsn="2" lexsn="2:42:06::">are</wf>
<wf cmd="tag" pos="RB">not</wf>
<wf cmd="ignore" pos="DT">a</wf>
<wf cmd="tag" pos="NN">sign</wf>
<wf cmd="ignore" pos="IN">that</wf>
<wf cmd="ignore" pos="DT">the</wf>
<wf cmd="tag" pos="NN">wife</wf>
<wf cmd="ignore" pos="MD">may</wf>
<wf cmd="done" pos="VB" lemma="be" wnsn="1" lexsn="2:42:03::">be</wf>
<wf cmd="tag" pos="JJ">cold</wf>
<wf cmd="ignore" pos="CC">or</wf>
<wf cmd="tag" pos="JJ">frigid</wf>
<punc>.</punc>
</s>
</p>
<p pnum="34">
<s snum="74">
<wf cmd="ignore" pos="IN">If</wf>
<wf cmd="ignore" pos="DT">the</wf>
<wf cmd="tag" pos="JJ">early</wf>
<wf cmd="tag" pos="NNS">approaches</wf>
<wf cmd="done" pos="VB" lemma="be" wnsn="1" lexsn="2:42:03::">are</wf>
<wf cmd="tag" pos="JJ">wise</wf>
<punc>,</punc>
<wf cmd="tag" pos="NN">understanding</wf>
<wf cmd="ignore" pos="CC">and</wf>
<wf cmd="tag" pos="NN">patient</wf>
<punc>,</punc>
<wf cmd="ignore" pos="DT">the</wf>
<wf cmd="tag" pos="NNS">satisfactions</wf>
<wf cmd="ignore" pos="IN">of</wf>
<wf cmd="tag" pos="JJ">marital</wf>
<wf cmd="tag" pos="NN">fulfillment</wf>
<wf cmd="ignore" pos="MD">will</wf>
<wf cmd="tag" pos="RB">probably</wf>
<wf cmd="done" pos="VB" ot="notag">be</wf>
<wf cmd="done" pos="VB" lemma="discover" wnsn="2" lexsn="2:31:01::">discovered</wf>
<wf cmd="ignore" pos="IN">before</wf>
<wf cmd="ignore" pos="DT">the</wf>
<wf cmd="tag" pos="NN">marriage</wf>
<wf cmd="done" pos="VB" lemma="be" wnsn="1" lexsn="2:42:03::">is</wf>
<wf cmd="tag" pos="RB">much</wf>
<wf cmd="tag" pos="JJR">older</wf>
<punc>.</punc>
</s>
</p>
<p pnum="35">
<s snum="75">
<wf cmd="done" pos="VB" lemma="write" wnsn="1" lexsn="2:36:00::">Writing</wf>
<wf cmd="ignore" pos="IN">in</wf>
<wf cmd="ignore" pos="DT">a</wf>
<wf cmd="tag" pos="JJ">large</wf>
<wf cmd="tag" pos="NN">volume</wf>
<wf cmd="ignore" pos="IN">on</wf>
<wf cmd="ignore" pos="DT">the</wf>
<wf cmd="tag" pos="NN">nude</wf>
<wf cmd="ignore" pos="IN">in</wf>
<wf cmd="tag" pos="NN">painting</wf>
<wf cmd="ignore" pos="CC">and</wf>
<wf cmd="tag" pos="NNS">sculptures</wf>
<punc>,</punc>
<wf cmd="tag" pos="JJ">titled</wf>
<wf cmd="ignore" pos="DT">The</wf>
<wf cmd="tag" pos="NNP">Nude</wf>
<punc>:</punc>
<wf cmd="ignore" pos="DT">A</wf>
<wf cmd="tag" pos="NNP">Study</wf>
<wf cmd="ignore" pos="IN">in</wf>
<wf cmd="tag" pos="NNP">Ideal</wf>
<wf cmd="tag" pos="NN">Form</wf>
<punc>,</punc>
<wf cmd="tag" pos="NNP">Kenneth_Clark</wf>
<wf cmd="done" pos="VB" lemma="declare" wnsn="4" lexsn="2:32:04::">declares</wf>
<punc>:</punc>
<punc>``</punc>
<wf cmd="ignore" pos="PRP">he</wf>
<wf cmd="tag" pos="NN">human_body</wf>
<punc>,</punc>
<wf cmd="ignore" pos="IN">as</wf>
<wf cmd="ignore" pos="DT">a</wf>
<wf cmd="tag" pos="NN">nucleus</wf>
<punc>,</punc>
<wf cmd="done" pos="VB" lemma="be" wnsn="1" lexsn="2:42:03::">is</wf>
<wf cmd="tag" pos="JJ">rich_in</wf>
<wf cmd="tag" pos="NNS">associations</wf>
<punc>.</punc>
</s>
<s snum="76">
<wf cmd="ignore" pos="PRP">It</wf>
<wf cmd="done" pos="VB" lemma="be" wnsn="2" lexsn="2:42:06::">is</wf>
<wf cmd="ignore" pos="PRP">ourselves</wf>
<wf cmd="ignore" pos="CC">and</wf>
<wf cmd="done" pos="VB" lemma="arouse" wnsn="1" lexsn="2:37:00::">arouses</wf>
<wf cmd="tag" pos="NNS">memories</wf>
<wf cmd="ignore" pos="IN">of</wf>
<wf cmd="ignore" pos="PDT">all</wf>
<wf cmd="ignore" pos="DT">the</wf>
<wf cmd="tag" pos="NNS">things</wf>
<wf cmd="ignore" pos="PRP">we</wf>
<wf cmd="done" pos="VB" lemma="wish" wnsn="2" lexsn="2:37:02::">wish</wf>
<wf cmd="done" pos="VB" ot="notag">to</wf>
<wf cmd="done" pos="VB" lemma="do" wnsn="1" lexsn="2:41:01::">do</wf>
<wf cmd="ignore" pos="IN">with</wf>
<wf cmd="ignore" pos="PRP">ourselves</wf>
<punc>''</punc>
<punc>.</punc>
</s>
</p>
<p pnum="36">
<s snum="77">
<wf cmd="tag" pos="RB">Perhaps</wf>
<wf cmd="ignore" pos="DT">this</wf>
<wf cmd="done" pos="VB" lemma="be" wnsn="2" lexsn="2:42:06::">is</wf>
<wf cmd="ignore" pos="DT">a</wf>
<wf cmd="tag" pos="NN">clue</wf>
<wf cmd="ignore" pos="TO">to</wf>
<wf cmd="ignore" pos="DT">the</wf>
<wf cmd="tag" pos="JJ">amazing</wf>
<wf cmd="tag" pos="NN">variety</wf>
<wf cmd="ignore" pos="CC">and</wf>
<wf cmd="tag" pos="NN">power</wf>
<wf cmd="ignore" pos="IN">of</wf>
<wf cmd="tag" pos="NNS">reactions</wf>
<punc>,</punc>
<wf cmd="tag" pos="NNS">attitudes</wf>
<punc>,</punc>
<wf cmd="ignore" pos="CC">and</wf>
<wf cmd="tag" pos="NNS">emotions</wf>
<wf cmd="done" pos="VB" lemma="precipitate" wnsn="1" lexsn="2:36:00::">precipitated</wf>
<wf cmd="ignore" pos="IN">by</wf>
<wf cmd="ignore" pos="DT">the</wf>
<wf cmd="tag" pos="JJ">nude</wf>
<wf cmd="tag" pos="NN">form</wf>
<punc>.</punc>
</s>
</p>
<p pnum="37">
<s snum="78">
<wf cmd="ignore" pos="DT">The</wf>
<wf cmd="tag" pos="JJ">wide</wf>
<wf cmd="tag" pos="NN">divergence</wf>
<wf cmd="ignore" pos="IN">of</wf>
<wf cmd="tag" pos="NNS">reactions</wf>
<wf cmd="done" pos="VBZ" ot="notag">is</wf>
<wf cmd="tag" pos="RB">clearly</wf>
<wf cmd="done" pos="VB" lemma="illustrate" wnsn="1" lexsn="2:32:00::">illustrated</wf>
<wf cmd="ignore" pos="IN">in</wf>
<wf cmd="ignore" pos="DT">the</wf>
<wf cmd="tag" pos="NNP">Kinsey</wf>
<wf cmd="tag" pos="NNS">studies</wf>
<wf cmd="ignore" pos="IN">in</wf>
<wf cmd="tag" pos="JJ">human</wf>
<wf cmd="tag" pos="NN">sexuality</wf>
<punc>.</punc>
</s>
<s snum="79">
<wf cmd="tag" pos="NNS">Differences</wf>
<wf cmd="done" pos="VB" ot="notag">were_related</wf>
<wf cmd="ignore" pos="TO">to</wf>
<wf cmd="tag" pos="JJ">social</wf>
<punc>,</punc>
<wf cmd="tag" pos="JJ">economic</wf>
<punc>,</punc>
<wf cmd="ignore" pos="CC">and</wf>
<wf cmd="tag" pos="JJ">educational</wf>
<wf cmd="tag" pos="NNS">backgrounds</wf>
<punc>.</punc>
</s>
<s snum="80">
<wf cmd="ignore" pos="IN">Whereas</wf>
<wf cmd="tag" pos="NNS">persons</wf>
<wf cmd="ignore" pos="IN">of</wf>
<wf cmd="tag" pos="JJ">eighth</wf>
<wf cmd="tag" pos="NN">grade</wf>
<wf cmd="tag" pos="NN">education</wf>
<wf cmd="ignore" pos="CC">or</wf>
<wf cmd="tag" pos="JJR">less</wf>
<wf cmd="done" pos="VB" lemma="be" wnsn="1" lexsn="2:42:03::">were</wf>
<wf cmd="tag" pos="RBR">more</wf>
<wf cmd="tag" pos="JJ">apt</wf>
<wf cmd="ignore" pos="TO">to</wf>
<wf cmd="done" pos="VB" lemma="avoid" wnsn="1" lexsn="2:32:00::">avoid</wf>
<wf cmd="ignore" pos="CC">or</wf>
<wf cmd="done" pos="VB" ot="notag">be</wf>
<wf cmd="done" pos="VB" lemma="shock" wnsn="2" lexsn="2:37:02::">shocked</wf>
<wf cmd="ignore" pos="IN">by</wf>
<wf cmd="tag" pos="NN">nudity</wf>
<punc>,</punc>
<wf cmd="ignore" pos="DT">those</wf>
<wf cmd="done" pos="VB" lemma="educate" wnsn="1" lexsn="2:41:00::">educated</wf>
<wf cmd="ignore" pos="IN">beyond</wf>
<wf cmd="ignore" pos="DT">the</wf>
<wf cmd="tag" pos="JJ">eighth</wf>
<wf cmd="tag" pos="NN">grade</wf>
<wf cmd="tag" pos="RB">increasingly</wf>
<wf cmd="done" pos="VB" lemma="welcome" wnsn="1" lexsn="2:40:00::">welcomed</wf>
<wf cmd="ignore" pos="CC">and</wf>
<wf cmd="done" pos="VB" lemma="approve" wnsn="2" lexsn="2:31:00::">approved</wf>
<wf cmd="tag" pos="NN">nudity</wf>
<wf cmd="ignore" pos="IN">in</wf>
<wf cmd="tag" pos="NN">sexual_relations</wf>
<punc>.</punc>
</s>
</p>
<p pnum="38">
<s snum="81">
<wf cmd="tag" pos="JJ">Such</wf>
<wf cmd="tag" pos="NN">understanding</wf>
<wf cmd="done" pos="VB" lemma="help" wnsn="1" lexsn="2:41:00::">helps</wf>
<wf cmd="ignore" pos="TO">to</wf>
<wf cmd="done" pos="VB" lemma="explain" wnsn="1" lexsn="2:32:00::">explain</wf>
<wf cmd="ignore" pos="WRB">why</wf>
<wf cmd="tag" pos="CD">one</wf>
<wf cmd="tag" pos="NN">matron</wf>
<wf cmd="done" pos="VB" lemma="celebrate" wnsn="1" lexsn="2:41:01::">celebrating</wf>
<wf cmd="tag" pos="CD">thirty-five</wf>
<wf cmd="tag" pos="NNS">years</wf>
<wf cmd="ignore" pos="IN">of</wf>
<wf cmd="tag" pos="JJ">married</wf>
<wf cmd="tag" pos="NN">life</wf>
<wf cmd="ignore" pos="MD">could</wf>
<wf cmd="done" pos="VB" lemma="declare" wnsn="1" lexsn="2:32:00::">declare</wf>
<wf cmd="ignore" pos="IN">with</wf>
<wf cmd="ignore" pos="DT">some</wf>
<wf cmd="tag" pos="NN">pride</wf>
<wf cmd="ignore" pos="IN">that</wf>
<wf cmd="ignore" pos="PRP$">her</wf>
<wf cmd="tag" pos="NN">husband</wf>
<wf cmd="done" pos="VBD" ot="notag">had</wf>
<punc>``</punc>
<wf cmd="tag" pos="RB">never</wf>
<wf cmd="done" pos="VB" lemma="see" wnsn="1" lexsn="2:39:00::">seen</wf>
<wf cmd="ignore" pos="PRP$">her</wf>
<wf cmd="tag" pos="RB">entirely</wf>
<wf cmd="tag" pos="JJ">naked</wf>
<punc>''</punc>
<punc>,</punc>
<wf cmd="ignore" pos="IN">while</wf>
<wf cmd="ignore" pos="DT">another</wf>
<wf cmd="tag" pos="NN">woman</wf>
<punc>,</punc>
<wf cmd="done" pos="VB" lemma="boast" wnsn="2" lexsn="2:42:00::">boasting</wf>
<wf cmd="ignore" pos="DT">an</wf>
<wf cmd="tag" pos="JJ">equal</wf>
<wf cmd="tag" pos="NN">number</wf>
<wf cmd="ignore" pos="IN">of</wf>
<wf cmd="tag" pos="NNS">years</wf>
<wf cmd="ignore" pos="IN">of</wf>
<wf cmd="tag" pos="JJ">married</wf>
<wf cmd="tag" pos="NN">life</wf>
<punc>,</punc>
<wf cmd="done" pos="VB" lemma="be" wnsn="1" lexsn="2:42:03::">is</wf>
<wf cmd="tag" pos="JJ">proud</wf>
<wf cmd="done" pos="VB" ot="notag">of</wf>
<wf cmd="done" pos="VBG" ot="notag">having</wf>
<punc>``</punc>
<wf cmd="done" pos="VB" lemma="share" wnsn="2" lexsn="2:40:02::">shared</wf>
<wf cmd="ignore" pos="DT">the</wf>
<wf cmd="tag" pos="JJ">nudist</wf>
<wf cmd="tag" pos="NN">way_of_life</wf>
<punc>-</punc>
<wf cmd="ignore" pos="DT">the</wf>
<wf cmd="tag" pos="RB">really</wf>
<wf cmd="tag" pos="JJ">free</wf>
<punc>,</punc>
<wf cmd="tag" pos="JJ">natural</wf>
<wf cmd="tag" pos="JJ">nude</wf>
<wf cmd="tag" pos="NN">life</wf>
<punc>-</punc>
<wf cmd="ignore" pos="IN">for</wf>
<wf cmd="tag" pos="JJ">most_of</wf>
<wf cmd="ignore" pos="IN">that</wf>
<wf cmd="tag" pos="NN">period</wf>
<punc>''</punc>
<punc>.</punc>
</s>
</p>
<p pnum="39">
<s snum="82">
<wf cmd="tag" pos="NNS">Attempts</wf>
<wf cmd="ignore" pos="IN">at</wf>
<wf cmd="tag" pos="NN">censorship</wf>
<wf cmd="tag" pos="RB">always</wf>
<wf cmd="done" pos="VB" lemma="involve" wnsn="1" lexsn="2:42:01::">involve</wf>
<wf cmd="ignore" pos="CC">and</wf>
<wf cmd="done" pos="VB" lemma="reveal" wnsn="1" lexsn="2:39:00::">reveal</wf>
<wf cmd="tag" pos="JJ">such</wf>
<wf cmd="tag" pos="JJ">complex</wf>
<wf cmd="ignore" pos="CC">and</wf>
<wf cmd="tag" pos="JJ">multiple</wf>
<wf cmd="tag" pos="JJ">individual</wf>
<wf cmd="tag" pos="NNS">reactions</wf>
<punc>.</punc>
</s>
<s snum="83">
<wf cmd="ignore" pos="DT">The</wf>
<wf cmd="tag" pos="JJ">indignant</wf>
<wf cmd="tag" pos="NN">crusader</wf>
<wf cmd="done" pos="VB" lemma="see" wnsn="5" lexsn="2:31:00::">sees</wf>
<wf cmd="ignore" pos="DT">the</wf>
<wf cmd="tag" pos="JJ">nude</wf>
<wf cmd="ignore" pos="CC">or</wf>
<wf cmd="tag" pos="JJ">semi-nude</wf>
<wf cmd="tag" pos="JJ">human</wf>
<wf cmd="tag" pos="NN">form</wf>
<wf cmd="ignore" pos="IN">as</wf>
<punc>``</punc>
<wf cmd="tag" pos="JJ">lewd</wf>
<wf cmd="ignore" pos="CC">and</wf>
<wf cmd="tag" pos="JJ">pornographic</wf>
<punc>,</punc>
<wf cmd="ignore" pos="DT">a</wf>
<wf cmd="tag" pos="NN">threat</wf>
<wf cmd="ignore" pos="CC">and</wf>
<wf cmd="tag" pos="NN">danger</wf>
<punc>''</punc>
<wf cmd="ignore" pos="TO">to</wf>
<wf cmd="ignore" pos="DT">all</wf>
<wf cmd="ignore" pos="DT">the</wf>
<wf cmd="tag" pos="JJ">young</wf>
<punc>,</punc>
<wf cmd="ignore" pos="CC">or</wf>
<wf cmd="tag" pos="JJ">good</wf>
<punc>,</punc>
<wf cmd="ignore" pos="CC">or</wf>
<wf cmd="tag" pos="JJ">religious</wf>
<punc>,</punc>
<wf cmd="ignore" pos="CC">or</wf>
<wf cmd="tag" pos="JJ">moral</wf>
<wf cmd="tag" pos="NNS">persons</wf>
<punc>.</punc>
</s>
</p>
<p pnum="40">
<s snum="84">
<wf cmd="ignore" pos="DT">The</wf>
<wf cmd="tag" pos="RB">equally</wf>
<wf cmd="tag" pos="JJ">ardent</wf>
<wf cmd="tag" pos="NN">proponent</wf>
<wf cmd="ignore" pos="IN">of</wf>
<wf cmd="tag" pos="NN">freedom</wf>
<wf cmd="ignore" pos="IN">from</wf>
<wf cmd="ignore" pos="DT">any</wf>
<wf cmd="tag" pos="RB">kind_of</wf>
<wf cmd="tag" pos="NN">censorship</wf>
<wf cmd="ignore" pos="MD">may</wf>
<wf cmd="done" pos="VB" lemma="find" wnsn="5" lexsn="2:31:10::">find</wf>
<wf cmd="ignore" pos="DT">the</wf>
<wf cmd="tag" pos="JJ">nude</wf>
<wf cmd="tag" pos="JJ">human</wf>
<wf cmd="tag" pos="NN">form</wf>
<wf cmd="ignore" pos="DT">the</wf>
<punc>``</punc>
<wf cmd="tag" pos="JJ">natural</wf>
<punc>,</punc>
<wf cmd="tag" pos="JJ">honest</wf>
<punc>,</punc>
<wf cmd="tag" pos="JJ">free</wf>
<wf cmd="tag" pos="NN">expression</wf>
<wf cmd="ignore" pos="IN">of</wf>
<wf cmd="tag" pos="NN">man</wf>
<wf cmd="ignore" pos="POS">'s</wf>
<wf cmd="tag" pos="NN">spirit</wf>
<wf cmd="ignore" pos="CC">and</wf>
<wf cmd="ignore" pos="DT">the</wf>
<wf cmd="tag" pos="NN">epitome</wf>
<wf cmd="ignore" pos="IN">of</wf>
<wf cmd="tag" pos="NN">beauty</wf>
<wf cmd="ignore" pos="CC">and</wf>
<wf cmd="tag" pos="NN">inspiration</wf>
<punc>''</punc>
<punc>.</punc>
</s>
</p>
<p pnum="41">
<s snum="85">
<wf cmd="tag" pos="CD">One</wf>
<wf cmd="done" pos="VB" lemma="be" wnsn="1" lexsn="2:42:03::">is</wf>
<wf cmd="tag" pos="RB">always</wf>
<wf cmd="tag" pos="RB">a_little</wf>
<wf cmd="tag" pos="JJ">surprised</wf>
<wf cmd="ignore" pos="TO">to</wf>
<wf cmd="done" pos="VB" lemma="bump" wnsn="2" lexsn="2:40:12::">bump</wf>
<wf cmd="done" pos="VB" ot="notag">into</wf>
<wf cmd="tag" pos="JJ">such</wf>
<wf cmd="tag" pos="JJ">individual</wf>
<wf cmd="tag" pos="NNS">distinctions</wf>
<wf cmd="ignore" pos="WRB">when</wf>
<wf cmd="ignore" pos="PRP">it</wf>
<wf cmd="done" pos="VB" lemma="be" wnsn="1" lexsn="2:42:03::">is</wf>
<wf cmd="tag" pos="JJ">unexpected</wf>
<punc>.</punc>
</s>
<s snum="86">
<wf cmd="ignore" pos="PRP">I</wf>
<wf cmd="tag" pos="RB">still</wf>
<wf cmd="done" pos="VB" lemma="recall" wnsn="1" lexsn="2:31:00::">recall</wf>
<wf cmd="ignore" pos="DT">the</wf>
<wf cmd="tag" pos="JJ">mild</wf>
<wf cmd="tag" pos="NN">shock</wf>
<wf cmd="ignore" pos="PRP">I</wf>
<wf cmd="done" pos="VB" lemma="experience" wnsn="3" lexsn="2:39:00::">experienced</wf>
<wf cmd="ignore" pos="IN">in</wf>
<wf cmd="done" pos="VB" lemma="read" wnsn="1" lexsn="2:31:00::">reading</wf>
<wf cmd="tag" pos="NN">material</wf>
<wf cmd="ignore" pos="IN">of</wf>
<wf cmd="ignore" pos="DT">an</wf>
<wf cmd="tag" pos="JJ">enthusiastic</wf>
<wf cmd="tag" pos="NN">advocate</wf>
<wf cmd="ignore" pos="IN">of</wf>
<wf cmd="ignore" pos="DT">the</wf>
<punc>``</punc>
<wf cmd="tag" pos="JJ">clean</wf>
<punc>,</punc>
<wf cmd="tag" pos="JJ">healthful</wf>
<punc>,</punc>
<wf cmd="tag" pos="JJ">free</wf>
<wf cmd="tag" pos="NN">way</wf>
<wf cmd="ignore" pos="IN">of</wf>
<wf cmd="tag" pos="JJ">natural</wf>
<wf cmd="tag" pos="NN">life</wf>
<wf cmd="ignore" pos="IN">in</wf>
<wf cmd="tag" pos="NN">nudism</wf>
<punc>''</punc>
<punc>,</punc>
<wf cmd="ignore" pos="WP">who</wf>
<wf cmd="done" pos="VB" lemma="seem" wnsn="1" lexsn="2:39:00::">seemed</wf>
<wf cmd="ignore" pos="TO">to</wf>
<wf cmd="done" pos="VB" lemma="brave" wnsn="1" lexsn="2:42:00::">brave</wf>
<wf cmd="tag" pos="JJ">much</wf>
<wf cmd="tag" pos="NN">misunderstanding</wf>
<wf cmd="ignore" pos="CC">and</wf>
<wf cmd="tag" pos="NN">persecution</wf>
<wf cmd="ignore" pos="IN">in</wf>
<wf cmd="tag" pos="JJ">fine</wf>
<wf cmd="tag" pos="NN">spirit</wf>
<punc>.</punc>
</s>
</p>
</context>
</contextfile>
