<contextfile concordance="brown">
<context filename="br-f02" paras="yes">
<p pnum="1">
<s snum="1">
<wf cmd="ignore" pos="PRP">She</wf>
<wf cmd="done" pos="VB" lemma="be" wnsn="1" lexsn="2:42:03::">was</wf>
<wf cmd="tag" pos="RB">just</wf>
<wf cmd="ignore" pos="DT">another</wf>
<wf cmd="tag" pos="NN">freighter</wf>
<wf cmd="ignore" pos="IN">from</wf>
<wf cmd="ignore" pos="DT">the</wf>
<wf cmd="tag" pos="NNPS">States</wf>
<punc>,</punc>
<wf cmd="ignore" pos="CC">and</wf>
<wf cmd="ignore" pos="PRP">she</wf>
<wf cmd="done" pos="VB" lemma="seem" wnsn="1" lexsn="2:39:00::">seemed</wf>
<wf cmd="tag" pos="RB">as</wf>
<wf cmd="tag" pos="JJ">commonplace</wf>
<wf cmd="ignore" pos="IN">as</wf>
<wf cmd="ignore" pos="PRP$">her</wf>
<wf cmd="tag" pos="NN">name</wf>
<punc>.</punc>
</s>
<s snum="2">
<wf cmd="ignore" pos="PRP">She</wf>
<wf cmd="done" pos="VB" lemma="be" wnsn="2" lexsn="2:42:06::">was</wf>
<wf cmd="ignore" pos="DT">the</wf>
<wf cmd="tag" pos="NNP">John_Harvey</wf>
<punc>,</punc>
<wf cmd="tag" pos="CD">one</wf>
<wf cmd="ignore" pos="IN">of</wf>
<wf cmd="ignore" pos="DT">those</wf>
<wf cmd="tag" pos="NNP">Atlantic</wf>
<wf cmd="tag" pos="NNS">sea-horses</wf>
<wf cmd="ignore" pos="WDT">that</wf>
<wf cmd="done" pos="VBD" ot="notag">had</wf>
<wf cmd="done" pos="VB" lemma="sail" wnsn="1" lexsn="2:38:03::">sailed</wf>
<wf cmd="ignore" pos="TO">to</wf>
<wf cmd="tag" pos="NNP">Bari</wf>
<wf cmd="ignore" pos="TO">to</wf>
<wf cmd="done" pos="VB" lemma="bring" wnsn="1" lexsn="2:38:00::">bring</wf>
<wf cmd="tag" pos="NNS">beans</wf>
<punc>,</punc>
<wf cmd="tag" pos="NNS">bombs</wf>
<punc>,</punc>
<wf cmd="ignore" pos="CC">and</wf>
<wf cmd="tag" pos="NNS">bullets</wf>
<wf cmd="ignore" pos="TO">to</wf>
<wf cmd="ignore" pos="DT">the</wf>
<wf cmd="tag" pos="NNP">U._S._Fifteenth</wf>
<wf cmd="tag" pos="NN">Air_Force</wf>
<punc>,</punc>
<wf cmd="ignore" pos="TO">to</wf>
<wf cmd="tag" pos="NN">Field_Marshal</wf>
<wf cmd="tag" pos="NNP">Montgomery</wf>
<wf cmd="ignore" pos="POS">'s</wf>
<wf cmd="tag" pos="NNP">Eighth_Army</wf>
<wf cmd="tag" pos="RB">then</wf>
<wf cmd="done" pos="VB" lemma="race" wnsn="1" lexsn="2:38:00::">racing</wf>
<wf cmd="ignore" pos="IN">up</wf>
<wf cmd="ignore" pos="DT">the</wf>
<wf cmd="tag" pos="NN">calf</wf>
<wf cmd="ignore" pos="IN">of</wf>
<wf cmd="ignore" pos="DT">the</wf>
<wf cmd="tag" pos="NN">boot</wf>
<wf cmd="ignore" pos="IN">of</wf>
<wf cmd="tag" pos="NNP">Italy</wf>
<wf cmd="tag" pos="RB">in_that</wf>
<wf cmd="tag" pos="JJ">early</wf>
<wf cmd="tag" pos="NNP">December</wf>
<wf cmd="ignore" pos="IN">of</wf>
<wf cmd="tag" pos="CD">1943</wf>
<punc>.</punc>
</s>
</p>
<p pnum="2">
<s snum="3">
<wf cmd="ignore" pos="DT">The</wf>
<wf cmd="tag" pos="NNP">John_Harvey</wf>
<wf cmd="done" pos="VB" lemma="arrive" wnsn="1" lexsn="2:38:00::">arrived</wf>
<wf cmd="ignore" pos="IN">in</wf>
<wf cmd="tag" pos="NNP">Bari</wf>
<punc>,</punc>
<wf cmd="ignore" pos="DT">a</wf>
<wf cmd="tag" pos="NN">port</wf>
<wf cmd="ignore" pos="IN">on</wf>
<wf cmd="ignore" pos="DT">the</wf>
<wf cmd="tag" pos="NNP">Adriatic</wf>
<punc>,</punc>
<wf cmd="ignore" pos="IN">on</wf>
<wf cmd="tag" pos="NNP">November</wf>
<wf cmd="tag" pos="CD">28</wf>
<wf cmd="ignore" pos="DT">th</wf>
<punc>,</punc>
<wf cmd="done" pos="VB" lemma="make" wnsn="28" lexsn="2:38:05::">making</wf>
<wf cmd="done" pos="VB" ot="notag">for</wf>
<wf cmd="tag" pos="NNP">Porto_Nuovo</wf>
<punc>,</punc>
<wf cmd="ignore" pos="WDT">which</wf>
<punc>,</punc>
<wf cmd="ignore" pos="IN">as</wf>
<wf cmd="ignore" pos="DT">the</wf>
<wf cmd="tag" pos="NN">name</wf>
<wf cmd="done" pos="VB" lemma="indicate" wnsn="1" lexsn="2:32:01::">indicates</wf>
<punc>,</punc>
<wf cmd="done" pos="VB" lemma="be" wnsn="1" lexsn="2:42:03::">was</wf>
<wf cmd="ignore" pos="DT">the</wf>
<wf cmd="tag" pos="JJ">ancient</wf>
<wf cmd="tag" pos="NN">city</wf>
<wf cmd="ignore" pos="POS">'s</wf>
<wf cmd="tag" pos="JJ">new</wf>
<wf cmd="ignore" pos="CC">and</wf>
<wf cmd="tag" pos="JJ">modern</wf>
<wf cmd="tag" pos="NN">harbor</wf>
<punc>.</punc>
</s>
<s snum="4">
<wf cmd="tag" pos="RB">Hardly</wf>
<wf cmd="tag" pos="NN">anyone</wf>
<wf cmd="tag" pos="RB">ashore</wf>
<wf cmd="done" pos="VB" lemma="mark" wnsn="7" lexsn="2:39:00::">marked</wf>
<wf cmd="ignore" pos="PRP">her</wf>
<wf cmd="ignore" pos="IN">as</wf>
<wf cmd="ignore" pos="PRP">she</wf>
<wf cmd="done" pos="VB" lemma="anchor" wnsn="2" lexsn="2:35:00::">anchored</wf>
<wf cmd="tag" pos="RB">stern-to</wf>
<wf cmd="ignore" pos="IN">off</wf>
<wf cmd="tag" pos="NNP">Berth</wf>
<wf cmd="tag" pos="CD">29</wf>
<wf cmd="ignore" pos="IN">on</wf>
<wf cmd="ignore" pos="DT">the</wf>
<wf cmd="tag" pos="NN">mole</wf>
<punc>.</punc>
</s>
<s snum="5">
<wf cmd="ignore" pos="IN">If</wf>
<wf cmd="tag" pos="NN">anyone</wf>
<wf cmd="done" pos="VB" lemma="think_of" wnsn="2" lexsn="2:31:03::">thought_of</wf>
<wf cmd="ignore" pos="DT">the</wf>
<wf cmd="tag" pos="NNP">John_Harvey</wf>
<punc>,</punc>
<wf cmd="ignore" pos="PRP">it</wf>
<wf cmd="done" pos="VBD" ot="notag">was</wf>
<wf cmd="ignore" pos="TO">to</wf>
<wf cmd="done" pos="VB" lemma="observe" wnsn="1" lexsn="2:39:02::">observe</wf>
<wf cmd="ignore" pos="IN">that</wf>
<wf cmd="ignore" pos="PRP">she</wf>
<wf cmd="done" pos="VBD" ot="notag">was</wf>
<wf cmd="done" pos="VB" lemma="straddle" wnsn="1" lexsn="2:42:01::">straddled</wf>
<wf cmd="ignore" pos="IN">by</wf>
<wf cmd="ignore" pos="DT">a</wf>
<wf cmd="tag" pos="NN">pair</wf>
<wf cmd="ignore" pos="IN">of</wf>
<wf cmd="tag" pos="NNS">ships</wf>
<wf cmd="tag" pos="RB">heavily</wf>
<wf cmd="tag" pos="JJ">laden</wf>
<wf cmd="ignore" pos="IN">with</wf>
<wf cmd="tag" pos="NN">high_explosive</wf>
<wf cmd="ignore" pos="CC">and</wf>
<wf cmd="ignore" pos="IN">if</wf>
<wf cmd="ignore" pos="PRP">they</wf>
<wf cmd="done" pos="VBD" ot="notag">were</wf>
<wf cmd="done" pos="VB" lemma="hit" wnsn="6" lexsn="2:33:01::">hit</wf>
<wf cmd="ignore" pos="DT">the</wf>
<wf cmd="tag" pos="NNP">John_Harvey</wf>
<wf cmd="ignore" pos="MD">would</wf>
<wf cmd="tag" pos="JJ">likely</wf>
<wf cmd="done" pos="VB" ot="notag">be</wf>
<wf cmd="done" pos="VB" lemma="blow_up" wnsn="1" lexsn="2:30:03::">blown_up</wf>
<wf cmd="ignore" pos="IN">with</wf>
<wf cmd="ignore" pos="PRP$">her</wf>
<wf cmd="tag" pos="JJ">own</wf>
<wf cmd="tag" pos="NN">ammo</wf>
<wf cmd="ignore" pos="CC">and</wf>
<wf cmd="ignore" pos="WDT">whatever</wf>
<wf cmd="tag" pos="RB">else</wf>
<wf cmd="ignore" pos="PRP">it</wf>
<wf cmd="done" pos="VB" lemma="be" wnsn="2" lexsn="2:42:06::">was</wf>
<wf cmd="ignore" pos="IN">that</wf>
<wf cmd="ignore" pos="PRP">she</wf>
<wf cmd="done" pos="VB" lemma="carry" wnsn="1" lexsn="2:35:02::">carried</wf>
<punc>.</punc>
</s>
</p>
<p pnum="3">
<s snum="6">
<wf cmd="ignore" pos="WDT">Which</wf>
<wf cmd="done" pos="VB" lemma="be" wnsn="2" lexsn="2:42:06::">was</wf>
<wf cmd="tag" pos="NN">poison_gas</wf>
<punc>.</punc>
</s>
</p>
<p pnum="4">
<s snum="7">
<wf cmd="ignore" pos="PRP">It</wf>
<wf cmd="done" pos="VBD" ot="notag">had</wf>
<wf cmd="done" pos="VB" lemma="require" wnsn="1" lexsn="2:42:00::">required</wf>
<wf cmd="ignore" pos="DT">the</wf>
<wf cmd="tag" pos="NN">approval</wf>
<wf cmd="ignore" pos="IN">of</wf>
<wf cmd="tag" pos="NNP">President</wf>
<wf cmd="tag" pos="NN">Franklin_Delano_Roosevelt</wf>
<wf cmd="ignore" pos="IN">before</wf>
<wf cmd="ignore" pos="DT">the</wf>
<wf cmd="tag" pos="NNP">John_Harvey</wf>
<wf cmd="ignore" pos="MD">could</wf>
<wf cmd="done" pos="VB" ot="notag">be</wf>
<wf cmd="done" pos="VB" lemma="load" wnsn="1" lexsn="2:35:01::">loaded</wf>
<wf cmd="ignore" pos="IN">with</wf>
<wf cmd="tag" pos="CD">100</wf>
<wf cmd="tag" pos="NNS">tons</wf>
<wf cmd="ignore" pos="IN">of</wf>
<wf cmd="tag" pos="NN">mustard_gas</wf>
<wf cmd="ignore" pos="CC">and</wf>
<wf cmd="done" pos="VB" lemma="despatch" wnsn="1" lexsn="2:38:00::">despatched</wf>
<wf cmd="ignore" pos="TO">to</wf>
<wf cmd="ignore" pos="DT">the</wf>
<wf cmd="tag" pos="JJ">Italian</wf>
<wf cmd="tag" pos="NN">warfront</wf>
<punc>.</punc>
</s>
<s snum="8">
<wf cmd="ignore" pos="IN">For</wf>
<wf cmd="ignore" pos="IN">in</wf>
<wf cmd="ignore" pos="DT">a</wf>
<wf cmd="tag" pos="NN">world</wf>
<wf cmd="tag" pos="RB">as_yet</wf>
<wf cmd="tag" pos="JJ">unacquainted_with</wf>
<wf cmd="ignore" pos="DT">the</wf>
<wf cmd="tag" pos="NNS">horrors</wf>
<wf cmd="ignore" pos="IN">of</wf>
<wf cmd="ignore" pos="DT">the</wf>
<wf cmd="tag" pos="NN">mushroom_cloud</wf>
<punc>,</punc>
<wf cmd="tag" pos="NN">poison_gas</wf>
<wf cmd="done" pos="VBD" ot="notag">was</wf>
<wf cmd="tag" pos="RB">still</wf>
<wf cmd="done" pos="VB" lemma="regard_as" wnsn="1" lexsn="2:31:00::">regarded_as</wf>
<wf cmd="ignore" pos="DT">the</wf>
<wf cmd="tag" pos="JJ">ultimate</wf>
<wf cmd="ignore" pos="IN">in</wf>
<wf cmd="tag" pos="JJ">hideous</wf>
<wf cmd="tag" pos="NNS">weapons</wf>
<punc>.</punc>
</s>
</p>
<p pnum="5">
<s snum="9">
<wf cmd="ignore" pos="IN">Throughout</wf>
<wf cmd="ignore" pos="DT">the</wf>
<wf cmd="tag" pos="JJ">early</wf>
<wf cmd="tag" pos="NNS">years</wf>
<wf cmd="ignore" pos="IN">of</wf>
<wf cmd="tag" pos="NN">World_War</wf>
<wf cmd="tag" pos="CD">2</wf>
<punc>,</punc>
<punc>,</punc>
<wf cmd="tag" pos="NNS">reports</wf>
<wf cmd="done" pos="VB" lemma="persist" wnsn="1" lexsn="2:42:00::">persisted</wf>
<wf cmd="ignore" pos="IN">that</wf>
<wf cmd="ignore" pos="DT">the</wf>
<wf cmd="tag" pos="NNP">Axis</wf>
<wf cmd="tag" pos="NNS">powers</wf>
<wf cmd="done" pos="VBD" ot="notag">had</wf>
<wf cmd="done" pos="VB" lemma="use" wnsn="1" lexsn="2:34:01::">used</wf>
<wf cmd="tag" pos="NN">gas</wf>
<punc>-</punc>
<wf cmd="tag" pos="NNP">Germany</wf>
<wf cmd="ignore" pos="IN">in</wf>
<wf cmd="tag" pos="NNP">Russia</wf>
<punc>,</punc>
<wf cmd="tag" pos="NNP">Japan</wf>
<wf cmd="ignore" pos="IN">in</wf>
<wf cmd="tag" pos="NNP">China</wf>
<wf cmd="tag" pos="RB">again</wf>
<punc>.</punc>
</s>
<s snum="10">
<wf cmd="ignore" pos="PRP">They</wf>
<wf cmd="done" pos="VBD" ot="notag">were</wf>
<wf cmd="tag" pos="RB">always</wf>
<wf cmd="done" pos="VB" lemma="deny" wnsn="1" lexsn="2:32:00::">denied</wf>
<punc>.</punc>
</s>
<s snum="11">
<wf cmd="tag" pos="JJ">Influential</wf>
<wf cmd="tag" pos="NNS">people</wf>
<wf cmd="ignore" pos="IN">in</wf>
<wf cmd="tag" pos="NNP">America</wf>
<wf cmd="done" pos="VBD" ot="notag">were</wf>
<wf cmd="done" pos="VB" lemma="warn" wnsn="1" lexsn="2:32:00::">warning</wf>
<wf cmd="ignore" pos="DT">the</wf>
<wf cmd="tag" pos="NNP">Pentagon</wf>
<wf cmd="ignore" pos="TO">to</wf>
<wf cmd="done" pos="VB" lemma="be" wnsn="1" lexsn="2:42:03::">be</wf>
<wf cmd="done" pos="VB" lemma="prepare" wnsn="1" lexsn="2:30:00::">prepared</wf>
<wf cmd="ignore" pos="IN">against</wf>
<wf cmd="tag" pos="NN">desperation</wf>
<wf cmd="tag" pos="NN">gas</wf>
<wf cmd="tag" pos="NNS">attacks</wf>
<wf cmd="ignore" pos="IN">by</wf>
<wf cmd="ignore" pos="DT">the</wf>
<wf cmd="tag" pos="NNPS">Germans</wf>
<wf cmd="ignore" pos="IN">in</wf>
<wf cmd="tag" pos="NN">future</wf>
<wf cmd="tag" pos="NNS">campaigns</wf>
<punc>.</punc>
</s>
<s snum="12">
<wf cmd="ignore" pos="DT">Some</wf>
<wf cmd="tag" pos="NNS">extremists</wf>
<wf cmd="done" pos="VB" lemma="go" wnsn="2" lexsn="2:41:00::">went</wf>
<wf cmd="tag" pos="RB">so_far</wf>
<wf cmd="tag" pos="RB">as</wf>
<wf cmd="ignore" pos="TO">to</wf>
<wf cmd="done" pos="VB" lemma="urge" wnsn="1" lexsn="2:32:00::">urge</wf>
<wf cmd="ignore" pos="PRP$">our</wf>
<wf cmd="done" pos="VB" lemma="use" wnsn="1" lexsn="2:34:01::">using</wf>
<wf cmd="ignore" pos="PRP">it</wf>
<wf cmd="tag" pos="JJ">first</wf>
<punc>.</punc>
</s>
<s snum="13">
<wf cmd="ignore" pos="TO">To</wf>
<wf cmd="done" pos="VB" lemma="silence" wnsn="1" lexsn="2:30:00::">silence</wf>
<wf cmd="tag" pos="NNS">extremists</wf>
<punc>,</punc>
<wf cmd="ignore" pos="TO">to</wf>
<wf cmd="done" pos="VB" lemma="warn" wnsn="1" lexsn="2:32:00::">warn</wf>
<wf cmd="ignore" pos="DT">the</wf>
<wf cmd="tag" pos="NNP">Axis</wf>
<punc>,</punc>
<wf cmd="tag" pos="NNP">President_Roosevelt</wf>
<wf cmd="done" pos="VB" lemma="issue" wnsn="3" lexsn="2:32:01::">issued</wf>
<wf cmd="ignore" pos="DT">this</wf>
<wf cmd="tag" pos="NN">statement</wf>
<wf cmd="ignore" pos="IN">for</wf>
<wf cmd="ignore" pos="DT">the</wf>
<wf cmd="tag" pos="NNPS">Allies</wf>
<wf cmd="ignore" pos="IN">in</wf>
<wf cmd="tag" pos="NNP">August</wf>
<punc>:</punc>
</s>
</p>
<p pnum="6">
<s snum="14">
<punc>``</punc>
<wf cmd="tag" pos="RB">From_time_to_time</wf>
<wf cmd="ignore" pos="IN">since</wf>
<wf cmd="ignore" pos="DT">the</wf>
<wf cmd="tag" pos="JJ">present</wf>
<wf cmd="tag" pos="NN">war</wf>
<wf cmd="done" pos="VB" lemma="begin" wnsn="1" lexsn="2:30:00::">began</wf>
<wf cmd="ignore" pos="EX">there</wf>
<wf cmd="done" pos="VBP" ot="notag">have</wf>
<wf cmd="done" pos="VB" lemma="be" wnsn="5" lexsn="2:42:04::">been</wf>
<wf cmd="tag" pos="NNS">reports</wf>
<wf cmd="ignore" pos="IN">that</wf>
<wf cmd="tag" pos="CD">one</wf>
<wf cmd="ignore" pos="CC">or</wf>
<wf cmd="tag" pos="JJR">more</wf>
<wf cmd="ignore" pos="IN">of</wf>
<wf cmd="ignore" pos="DT">the</wf>
<wf cmd="tag" pos="NNP">Axis</wf>
<wf cmd="tag" pos="NNS">powers</wf>
<wf cmd="done" pos="VBD" ot="notag">were</wf>
<wf cmd="tag" pos="RB">seriously</wf>
<wf cmd="done" pos="VB" lemma="contemplate" wnsn="2" lexsn="2:31:02::">contemplating</wf>
<wf cmd="tag" pos="NN">use</wf>
<wf cmd="ignore" pos="IN">of</wf>
<wf cmd="tag" pos="JJ">poisonous</wf>
<wf cmd="tag" pos="NN">gas</wf>
<wf cmd="ignore" pos="CC">or</wf>
<wf cmd="tag" pos="JJ">noxious</wf>
<wf cmd="tag" pos="NNS">gases</wf>
<wf cmd="ignore" pos="CC">or</wf>
<wf cmd="tag" pos="JJ">other</wf>
<wf cmd="tag" pos="JJ">inhumane</wf>
<wf cmd="tag" pos="NNS">devices</wf>
<wf cmd="ignore" pos="IN">of</wf>
<wf cmd="tag" pos="NN">warfare</wf>
<punc>.</punc>
</s>
<s snum="15">
<wf cmd="ignore" pos="PRP">I</wf>
<wf cmd="done" pos="VBP" ot="notag">have</wf>
<wf cmd="done" pos="VB" lemma="be" wnsn="1" lexsn="2:42:03::">been</wf>
<wf cmd="tag" pos="JJ">loath</wf>
<wf cmd="ignore" pos="TO">to</wf>
<wf cmd="done" pos="VB" lemma="believe" wnsn="1" lexsn="2:31:00::">believe</wf>
<wf cmd="ignore" pos="IN">that</wf>
<wf cmd="ignore" pos="DT">any</wf>
<wf cmd="tag" pos="NN">nation</wf>
<punc>,</punc>
<wf cmd="tag" pos="RB">even</wf>
<wf cmd="ignore" pos="PRP$">our</wf>
<wf cmd="tag" pos="JJ">present</wf>
<wf cmd="tag" pos="NNS">enemies</wf>
<punc>,</punc>
<wf cmd="ignore" pos="MD">could</wf>
<wf cmd="ignore" pos="CC">or</wf>
<wf cmd="ignore" pos="MD">would</wf>
<wf cmd="done" pos="VB" lemma="be" wnsn="1" lexsn="2:42:03::">be</wf>
<wf cmd="tag" pos="JJ">willing</wf>
<wf cmd="ignore" pos="TO">to</wf>
<wf cmd="done" pos="VB" lemma="loose" wnsn="2" lexsn="2:35:00::">loose</wf>
<wf cmd="ignore" pos="IN">upon</wf>
<wf cmd="tag" pos="NN">mankind</wf>
<wf cmd="tag" pos="JJ">such</wf>
<wf cmd="tag" pos="JJ">terrible</wf>
<wf cmd="ignore" pos="CC">and</wf>
<wf cmd="tag" pos="JJ">inhumane</wf>
<wf cmd="tag" pos="NNS">weapons</wf>
<punc>.</punc>
</s>
</p>
<p pnum="7">
<s snum="16">
<punc>``</punc>
<wf cmd="tag" pos="RB">However</wf>
<punc>,</punc>
<wf cmd="tag" pos="NN">evidence</wf>
<wf cmd="ignore" pos="IN">that</wf>
<wf cmd="ignore" pos="DT">the</wf>
<wf cmd="tag" pos="NNP">Axis</wf>
<wf cmd="tag" pos="NNS">powers</wf>
<wf cmd="done" pos="VBP" ot="notag">are</wf>
<wf cmd="done" pos="VBG" ot="notag">making</wf>
<wf cmd="tag" pos="JJ">significant</wf>
<wf cmd="tag" pos="NNS">preparations</wf>
<wf cmd="tag" pos="JJ">indicative_of</wf>
<wf cmd="tag" pos="JJ">such</wf>
<wf cmd="ignore" pos="DT">an</wf>
<wf cmd="tag" pos="NN">intention</wf>
<wf cmd="done" pos="VBZ" ot="notag">is</wf>
<wf cmd="done" pos="VBG" ot="notag">being</wf>
<wf cmd="done" pos="VB" lemma="report" wnsn="1" lexsn="2:32:00::">reported</wf>
<wf cmd="ignore" pos="IN">with</wf>
<wf cmd="tag" pos="JJ">increasing</wf>
<wf cmd="tag" pos="NN">frequency</wf>
<wf cmd="ignore" pos="IN">from</wf>
<wf cmd="ignore" pos="DT">a</wf>
<wf cmd="tag" pos="NN">variety</wf>
<wf cmd="ignore" pos="IN">of</wf>
<wf cmd="tag" pos="NNS">sources</wf>
<punc>.</punc>
</s>
</p>
<p pnum="8">
<s snum="17">
<punc>``</punc>
<wf cmd="tag" pos="NN">Use</wf>
<wf cmd="ignore" pos="IN">of</wf>
<wf cmd="tag" pos="JJ">such</wf>
<wf cmd="tag" pos="NNS">weapons</wf>
<wf cmd="done" pos="VBZ" ot="notag">has</wf>
<wf cmd="done" pos="VBN" ot="notag">been</wf>
<wf cmd="done" pos="VB" lemma="outlaw" wnsn="1" lexsn="2:41:00::">outlawed</wf>
<wf cmd="ignore" pos="IN">by</wf>
<wf cmd="ignore" pos="DT">the</wf>
<wf cmd="tag" pos="JJ">general</wf>
<wf cmd="tag" pos="NN">opinion</wf>
<wf cmd="ignore" pos="IN">of</wf>
<wf cmd="tag" pos="JJ">civilized</wf>
<wf cmd="tag" pos="NN">mankind</wf>
<punc>.</punc>
</s>
<s snum="18">
<wf cmd="ignore" pos="DT">This</wf>
<wf cmd="tag" pos="NN">country</wf>
<wf cmd="done" pos="VBZ" ot="notag">has</wf>
<wf cmd="tag" pos="RB">not</wf>
<wf cmd="done" pos="VB" lemma="use" wnsn="1" lexsn="2:34:01::">used</wf>
<wf cmd="ignore" pos="PRP">them</wf>
<punc>,</punc>
<wf cmd="ignore" pos="CC">and</wf>
<wf cmd="ignore" pos="PRP">I</wf>
<wf cmd="done" pos="VB" lemma="hope" wnsn="1" lexsn="2:37:01::">hope</wf>
<wf cmd="ignore" pos="IN">that</wf>
<wf cmd="ignore" pos="PRP">we</wf>
<wf cmd="tag" pos="RB">never</wf>
<wf cmd="ignore" pos="MD">will</wf>
<wf cmd="done" pos="VB" ot="notag">be</wf>
<wf cmd="done" pos="VB" lemma="compel" wnsn="1" lexsn="2:41:00::">compelled</wf>
<wf cmd="ignore" pos="TO">to</wf>
<wf cmd="done" pos="VB" lemma="use" wnsn="1" lexsn="2:34:01::">use</wf>
<wf cmd="ignore" pos="PRP">them</wf>
<punc>.</punc>
</s>
<s snum="19">
<wf cmd="ignore" pos="PRP">I</wf>
<wf cmd="done" pos="VB" lemma="state" wnsn="1" lexsn="2:32:00::">state</wf>
<wf cmd="tag" pos="RB">categorically</wf>
<wf cmd="ignore" pos="IN">that</wf>
<wf cmd="ignore" pos="PRP">we</wf>
<wf cmd="ignore" pos="MD">shall</wf>
<wf cmd="ignore" pos="IN">under</wf>
<wf cmd="ignore" pos="DT">no</wf>
<wf cmd="tag" pos="NNS">circumstances</wf>
<wf cmd="done" pos="VB" lemma="resort" wnsn="1" lexsn="2:41:11::">resort</wf>
<wf cmd="done" pos="VB" ot="notag">to</wf>
<wf cmd="ignore" pos="DT">the</wf>
<wf cmd="tag" pos="NN">use</wf>
<wf cmd="ignore" pos="IN">of</wf>
<wf cmd="tag" pos="JJ">such</wf>
<wf cmd="tag" pos="NNS">weapons</wf>
<wf cmd="ignore" pos="IN">unless</wf>
<wf cmd="ignore" pos="PRP">they</wf>
<wf cmd="done" pos="VBP" ot="notag">are</wf>
<wf cmd="tag" pos="JJ">first</wf>
<wf cmd="done" pos="VB" lemma="use" wnsn="1" lexsn="2:34:01::">used</wf>
<wf cmd="ignore" pos="IN">by</wf>
<wf cmd="ignore" pos="PRP$">our</wf>
<wf cmd="tag" pos="NNS">enemies</wf>
<punc>''</punc>
<punc>.</punc>
</s>
</p>
<p pnum="9">
<s snum="20">
<wf cmd="ignore" pos="DT">The</wf>
<wf cmd="tag" pos="JJ">following</wf>
<wf cmd="tag" pos="NN">month</wf>
<wf cmd="ignore" pos="DT">the</wf>
<wf cmd="tag" pos="NN">invasion</wf>
<wf cmd="ignore" pos="IN">of</wf>
<wf cmd="tag" pos="NNP">Italy</wf>
<wf cmd="done" pos="VBD" ot="notag">was</wf>
<wf cmd="done" pos="VB" lemma="begin" wnsn="3" lexsn="2:30:01::">begun</wf>
<punc>,</punc>
<wf cmd="ignore" pos="CC">and</wf>
<wf cmd="tag" pos="NNP">Roosevelt</wf>
<wf cmd="done" pos="VBD" ot="notag">gave</wf>
<wf cmd="tag" pos="NN">effect</wf>
<wf cmd="ignore" pos="TO">to</wf>
<wf cmd="ignore" pos="PRP$">his</wf>
<wf cmd="tag" pos="NN">warning</wf>
<wf cmd="ignore" pos="IN">by</wf>
<wf cmd="done" pos="VB" lemma="consent" wnsn="1" lexsn="2:32:00::">consenting</wf>
<wf cmd="done" pos="VB" ot="notag">to</wf>
<wf cmd="ignore" pos="DT">the</wf>
<wf cmd="tag" pos="NN">stockpiling</wf>
<wf cmd="ignore" pos="IN">of</wf>
<wf cmd="tag" pos="NN">poison_gas</wf>
<wf cmd="ignore" pos="IN">in</wf>
<wf cmd="tag" pos="JJ">southern</wf>
<wf cmd="tag" pos="NNP">Italy</wf>
<punc>.</punc>
</s>
<s snum="21">
<wf cmd="tag" pos="NNP">Bari</wf>
<wf cmd="done" pos="VBD" ot="notag">was</wf>
<wf cmd="done" pos="VB" lemma="choose" wnsn="1" lexsn="2:31:00::">chosen</wf>
<wf cmd="ignore" pos="IN">as</wf>
<wf cmd="ignore" pos="DT">a</wf>
<wf cmd="tag" pos="NN">depot</wf>
<punc>,</punc>
<wf cmd="tag" pos="RB">not_only</wf>
<wf cmd="ignore" pos="IN">for</wf>
<wf cmd="ignore" pos="PRP$">its</wf>
<wf cmd="tag" pos="JJ">seeming</wf>
<wf cmd="tag" pos="NN">safety</wf>
<punc>,</punc>
<wf cmd="ignore" pos="CC">but</wf>
<wf cmd="ignore" pos="IN">because</wf>
<wf cmd="ignore" pos="IN">of</wf>
<wf cmd="ignore" pos="PRP$">its</wf>
<wf cmd="tag" pos="NN">proximity</wf>
<wf cmd="ignore" pos="TO">to</wf>
<wf cmd="tag" pos="NNS">airfields</wf>
<punc>.</punc>
</s>
<s snum="22">
<wf cmd="ignore" pos="DT">Any</wf>
<wf cmd="tag" pos="JJ">retaliatory</wf>
<wf cmd="tag" pos="NN">gas</wf>
<wf cmd="tag" pos="NN">attack</wf>
<wf cmd="ignore" pos="MD">would</wf>
<wf cmd="done" pos="VB" lemma="be" wnsn="1" lexsn="2:42:03::">be</wf>
<wf cmd="tag" pos="JJ">airborne</wf>
<punc>.</punc>
</s>
<s snum="23">
<wf cmd="ignore" pos="PRP">It</wf>
<wf cmd="ignore" pos="MD">would</wf>
<wf cmd="done" pos="VB" ot="notag">be</wf>
<wf cmd="done" pos="VB" lemma="make" wnsn="1" lexsn="2:41:00::">made</wf>
<wf cmd="ignore" pos="IN">in</wf>
<wf cmd="tag" pos="CD">three</wf>
<wf cmd="tag" pos="NNS">waves</wf>
<punc>-</punc>
<wf cmd="ignore" pos="DT">the</wf>
<wf cmd="tag" pos="JJ">first</wf>
<wf cmd="ignore" pos="TO">to</wf>
<wf cmd="done" pos="VB" lemma="lay_down" wnsn="1" lexsn="2:31:00::">lay_down</wf>
<wf cmd="ignore" pos="DT">a</wf>
<wf cmd="tag" pos="NN">smokescreen</wf>
<punc>,</punc>
<wf cmd="ignore" pos="DT">the</wf>
<wf cmd="tag" pos="JJ">second</wf>
<wf cmd="ignore" pos="TO">to</wf>
<wf cmd="done" pos="VB" lemma="drop" wnsn="1" lexsn="2:38:01::">drop</wf>
<wf cmd="ignore" pos="DT">the</wf>
<wf cmd="tag" pos="NN">gas</wf>
<wf cmd="tag" pos="NNS">bombs</wf>
<punc>,</punc>
<wf cmd="ignore" pos="DT">the</wf>
<wf cmd="tag" pos="JJ">third</wf>
<wf cmd="ignore" pos="TO">to</wf>
<wf cmd="done" pos="VB" lemma="shower" wnsn="2" lexsn="2:35:00::">shower</wf>
<wf cmd="tag" pos="NNS">incendiaries</wf>
<wf cmd="ignore" pos="WDT">which</wf>
<wf cmd="ignore" pos="MD">would</wf>
<wf cmd="done" pos="VB" lemma="burn" wnsn="1" lexsn="2:30:02::">burn</wf>
<wf cmd="tag" pos="NN">everything</wf>
<wf cmd="tag" pos="RB">below</wf>
<punc>.</punc>
</s>
</p>
<p pnum="10">
<s snum="24">
<wf cmd="tag" pos="RB">So</wf>
<wf cmd="ignore" pos="DT">the</wf>
<wf cmd="tag" pos="JJ">vile</wf>
<wf cmd="tag" pos="NN">cargo</wf>
<wf cmd="done" pos="VB" lemma="go_into" wnsn="1" lexsn="2:38:00::">went_into</wf>
<wf cmd="ignore" pos="DT">the</wf>
<wf cmd="tag" pos="NN">hole</wf>
<wf cmd="ignore" pos="IN">of</wf>
<wf cmd="ignore" pos="DT">the</wf>
<wf cmd="tag" pos="NNP">John_Harvey</wf>
<punc>.</punc>
</s>
<s snum="25">
<wf cmd="ignore" pos="DT">A</wf>
<wf cmd="tag" pos="NN">detachment</wf>
<wf cmd="ignore" pos="IN">of</wf>
<wf cmd="tag" pos="CD">six</wf>
<wf cmd="tag" pos="NNS">men</wf>
<wf cmd="ignore" pos="IN">from</wf>
<wf cmd="ignore" pos="DT">the</wf>
<wf cmd="tag" pos="CD">701</wf>
<wf cmd="tag" pos="NN">st</wf>
<wf cmd="tag" pos="NNP">Chemical_Maintenance_Company</wf>
<wf cmd="ignore" pos="IN">under</wf>
<wf cmd="tag" pos="NNP">First_Lt._Howard_D._Beckstrom</wf>
<wf cmd="done" pos="VB" lemma="go" wnsn="1" lexsn="2:38:00::">went</wf>
<wf cmd="tag" pos="RB">aboard</wf>
<punc>,</punc>
<wf cmd="done" pos="VB" lemma="follow" wnsn="1" lexsn="2:38:00::">followed</wf>
<wf cmd="ignore" pos="IN">by</wf>
<wf cmd="tag" pos="NNP">Lt._Thomas_H._Richardson</wf>
<punc>,</punc>
<wf cmd="ignore" pos="DT">the</wf>
<wf cmd="tag" pos="NNP">Cargo_Security_Officer</wf>
<punc>.</punc>
</s>
<s snum="26">
<wf cmd="tag" pos="NN">Secrecy</wf>
<wf cmd="done" pos="VB" lemma="be" wnsn="1" lexsn="2:42:03::">was</wf>
<wf cmd="tag" pos="JJ">paramount</wf>
<punc>.</punc>
</s>
<s snum="27">
<wf cmd="tag" pos="RB">Only</wf>
<wf cmd="tag" pos="JJ">a_few</wf>
<wf cmd="tag" pos="JJ">other</wf>
<wf cmd="tag" pos="NNS">people</wf>
<punc>-</punc>
<wf cmd="tag" pos="RB">very</wf>
<wf cmd="tag" pos="JJ">important</wf>
<wf cmd="tag" pos="NNS">people</wf>
<punc>-</punc>
<wf cmd="done" pos="VB" lemma="know" wnsn="1" lexsn="2:31:01::">knew</wf>
<wf cmd="ignore" pos="IN">of</wf>
<wf cmd="ignore" pos="DT">the</wf>
<wf cmd="tag" pos="JJ">nitrogen-mustard</wf>
<wf cmd="tag" pos="NNS">eggs</wf>
<wf cmd="done" pos="VB" lemma="nestle" wnsn="1" lexsn="2:35:00::">nestled</wf>
<wf cmd="ignore" pos="IN">below</wf>
<wf cmd="tag" pos="NNS">decks</wf>
<punc>.</punc>
</s>
<s snum="28">
<wf cmd="ignore" pos="DT">No</wf>
<wf cmd="tag" pos="CD">one</wf>
<wf cmd="tag" pos="RB">else</wf>
<wf cmd="ignore" pos="MD">must</wf>
<wf cmd="done" pos="VB" lemma="know" wnsn="1" lexsn="2:31:01::">know</wf>
<punc>.</punc>
</s>
<s snum="29">
<wf cmd="tag" pos="RB">Thus</wf>
<punc>,</punc>
<wf cmd="ignore" pos="IN">in</wf>
<wf cmd="ignore" pos="DT">the</wf>
<wf cmd="tag" pos="JJ">immemorial</wf>
<wf cmd="tag" pos="NN">way</wf>
<punc>-</punc>
<wf cmd="ignore" pos="IN">in</wf>
<wf cmd="ignore" pos="DT">the</wf>
<wf cmd="tag" pos="NN">way</wf>
<wf cmd="ignore" pos="IN">of</wf>
<wf cmd="ignore" pos="DT">the</wf>
<wf cmd="tag" pos="NN">right_hand</wf>
<wf cmd="ignore" pos="WDT">that</wf>
<wf cmd="done" pos="VB" lemma="know" wnsn="1" lexsn="2:31:01::">knows</wf>
<wf cmd="ignore" pos="CC">and</wf>
<wf cmd="ignore" pos="DT">the</wf>
<wf cmd="tag" pos="NN">left</wf>
<wf cmd="ignore" pos="IN">that</wf>
<wf cmd="done" pos="VBZ" ot="notag">does</wf>
<wf cmd="tag" pos="RB">not</wf>
<punc>-</punc>
<wf cmd="done" pos="VBD" ot="notag">was</wf>
<wf cmd="ignore" pos="DT">the</wf>
<wf cmd="tag" pos="NN">stage</wf>
<wf cmd="done" pos="VB" lemma="set" wnsn="7" lexsn="2:30:09::">set</wf>
<wf cmd="ignore" pos="IN">for</wf>
<wf cmd="tag" pos="NN">tragedy</wf>
<wf cmd="ignore" pos="IN">at</wf>
<wf cmd="tag" pos="NNP">Bari</wf>
<punc>.</punc>
</s>
</p>
<p pnum="11">
<s snum="30">
<wf cmd="ignore" pos="PRP">It</wf>
<wf cmd="done" pos="VB" lemma="be" wnsn="2" lexsn="2:42:06::">was</wf>
<wf cmd="ignore" pos="DT">the</wf>
<wf cmd="tag" pos="NN">night</wf>
<wf cmd="ignore" pos="IN">of</wf>
<wf cmd="tag" pos="NNP">December</wf>
<wf cmd="tag" pos="CD">2</wf>
<punc>,</punc>
<wf cmd="tag" pos="CD">1943</wf>
<punc>,</punc>
<wf cmd="ignore" pos="CC">and</wf>
<wf cmd="ignore" pos="PRP">it</wf>
<wf cmd="done" pos="VBD" ot="notag">was</wf>
<wf cmd="done" pos="VB" lemma="grow" wnsn="1" lexsn="2:30:03::">growing</wf>
<wf cmd="tag" pos="JJ">dark</wf>
<wf cmd="ignore" pos="IN">in</wf>
<wf cmd="tag" pos="NNP">Bari</wf>
<punc>.</punc>
</s>
<s snum="31">
<wf cmd="ignore" pos="PRP">It</wf>
<wf cmd="done" pos="VBD" ot="notag">was</wf>
<wf cmd="done" pos="VB" lemma="get_on" wnsn="4" lexsn="2:38:02::">getting_on</wf>
<wf cmd="ignore" pos="IN">toward</wf>
<wf cmd="tag" pos="CD">7</wf>
<wf cmd="ignore" pos="IN">o</wf>
<punc>'</punc>
<wf cmd="tag" pos="NN">clock</wf>
<wf cmd="ignore" pos="CC">and</wf>
<wf cmd="ignore" pos="DT">the</wf>
<wf cmd="tag" pos="JJ">German</wf>
<wf cmd="tag" pos="NNP">Me-210</wf>
<wf cmd="tag" pos="NN">plane</wf>
<wf cmd="done" pos="VBD" ot="notag">had</wf>
<wf cmd="done" pos="VB" lemma="be" wnsn="5" lexsn="2:42:04::">been</wf>
<wf cmd="ignore" pos="CC">and</wf>
<wf cmd="done" pos="VB" lemma="go" wnsn="1" lexsn="2:38:00::">gone</wf>
<wf cmd="done" pos="VB" ot="notag">on</wf>
<wf cmd="ignore" pos="PRP$">its</wf>
<wf cmd="tag" pos="JJ">eighth</wf>
<wf cmd="tag" pos="JJ">straight</wf>
<wf cmd="tag" pos="NN">visit</wf>
<punc>.</punc>
</s>
<s snum="32">
<wf cmd="tag" pos="NNP">Capt._A._B._Jenks</wf>
<wf cmd="ignore" pos="IN">of</wf>
<wf cmd="ignore" pos="DT">the</wf>
<wf cmd="tag" pos="NNP">Office</wf>
<wf cmd="ignore" pos="IN">of</wf>
<wf cmd="tag" pos="NNP">Harbor_Defense</wf>
<wf cmd="done" pos="VB" lemma="be" wnsn="1" lexsn="2:42:03::">was</wf>
<wf cmd="tag" pos="RB">very</wf>
<wf cmd="tag" pos="JJ">worried</wf>
<punc>.</punc>
</s>
<s snum="33">
<wf cmd="ignore" pos="PRP">He</wf>
<wf cmd="done" pos="VB" lemma="know" wnsn="1" lexsn="2:31:01::">knew</wf>
<wf cmd="ignore" pos="IN">that</wf>
<wf cmd="tag" pos="JJ">German</wf>
<wf cmd="tag" pos="JJ">long-range</wf>
<wf cmd="tag" pos="NNS">bombers</wf>
<wf cmd="done" pos="VBD" ot="notag">had</wf>
<wf cmd="done" pos="VBN" ot="notag">been</wf>
<wf cmd="done" pos="VB" lemma="return" wnsn="1" lexsn="2:38:00::">returning</wf>
<wf cmd="done" pos="VB" ot="notag">to</wf>
<wf cmd="ignore" pos="DT">the</wf>
<wf cmd="tag" pos="NN">attack</wf>
<wf cmd="ignore" pos="IN">in</wf>
<wf cmd="tag" pos="NNP">Italy</wf>
<punc>.</punc>
</s>
<s snum="34">
<wf cmd="ignore" pos="IN">On</wf>
<wf cmd="tag" pos="NNP">November</wf>
<wf cmd="tag" pos="CD">24</wf>
<wf cmd="ignore" pos="DT">th</wf>
<punc>,</punc>
<wf cmd="ignore" pos="PRP">they</wf>
<wf cmd="done" pos="VBD" ot="notag">had</wf>
<wf cmd="done" pos="VB" lemma="make" wnsn="1" lexsn="2:41:00::">made</wf>
<wf cmd="done" pos="VB" ot="notag">a</wf>
<wf cmd="tag" pos="NN">raid</wf>
<wf cmd="done" pos="VB" ot="notag">on</wf>
<wf cmd="tag" pos="NNP">La_Maddalena</wf>
<punc>.</punc>
</s>
<s snum="35">
<wf cmd="tag" pos="CD">Two</wf>
<wf cmd="tag" pos="NNS">days</wf>
<wf cmd="tag" pos="RB">later</wf>
<punc>,</punc>
<wf cmd="ignore" pos="DT">some</wf>
<wf cmd="tag" pos="CD">30</wf>
<wf cmd="ignore" pos="IN">of</wf>
<wf cmd="ignore" pos="PRP">them</wf>
<wf cmd="done" pos="VBD" ot="notag">had</wf>
<wf cmd="done" pos="VB" lemma="strike" wnsn="4" lexsn="2:33:00::">struck</wf>
<wf cmd="ignore" pos="IN">at</wf>
<wf cmd="ignore" pos="DT">a</wf>
<wf cmd="tag" pos="NN">convoy</wf>
<wf cmd="ignore" pos="IN">off</wf>
<wf cmd="tag" pos="NNP">Bougie</wf>
<punc>,</punc>
<wf cmd="done" pos="VB" lemma="sink" wnsn="2" lexsn="2:38:02::">sinking</wf>
<wf cmd="ignore" pos="DT">a</wf>
<wf cmd="tag" pos="NN">troopship</wf>
<punc>-</punc>
<wf cmd="ignore" pos="CC">and</wf>
<wf cmd="ignore" pos="PRP">it</wf>
<wf cmd="done" pos="VBD" ot="notag">had</wf>
<wf cmd="done" pos="VBN" ot="notag">been</wf>
<wf cmd="ignore" pos="IN">that</wf>
<wf cmd="tag" pos="RB">very</wf>
<wf cmd="tag" pos="NN">night</wf>
<wf cmd="ignore" pos="IN">that</wf>
<wf cmd="ignore" pos="DT">the</wf>
<wf cmd="tag" pos="NNP">Me-210</wf>
<wf cmd="done" pos="VBD" ot="notag">had</wf>
<wf cmd="done" pos="VBN" ot="notag">made</wf>
<wf cmd="ignore" pos="PRP$">its</wf>
<wf cmd="tag" pos="NN">first_appearance</wf>
<punc>.</punc>
</s>
<s snum="36">
<wf cmd="ignore" pos="IN">After</wf>
<wf cmd="ignore" pos="PRP">it</wf>
<wf cmd="done" pos="VBD" ot="notag">had</wf>
<wf cmd="done" pos="VB" lemma="reappear" wnsn="1" lexsn="2:30:00::">reappeared</wf>
<wf cmd="ignore" pos="DT">the</wf>
<wf cmd="tag" pos="JJ">next</wf>
<wf cmd="tag" pos="CD">two</wf>
<wf cmd="tag" pos="NNS">nights</wf>
<punc>,</punc>
<wf cmd="tag" pos="NNP">Jenks</wf>
<wf cmd="done" pos="VB" lemma="go_to" wnsn="0" lexsn="2:38:00::">went_to</wf>
<wf cmd="tag" pos="JJR">higher</wf>
<wf cmd="tag" pos="NN">headquarters</wf>
<wf cmd="ignore" pos="CC">and</wf>
<wf cmd="done" pos="VB" lemma="say" wnsn="1" lexsn="2:32:00::">said</wf>
<punc>:</punc>
</s>
</p>
<p pnum="12">
<s snum="37">
<punc>``</punc>
<wf cmd="ignore" pos="IN">For</wf>
<wf cmd="tag" pos="CD">three</wf>
<wf cmd="tag" pos="NNS">days</wf>
<wf cmd="tag" pos="RB">now</wf>
<wf cmd="ignore" pos="DT">a</wf>
<wf cmd="tag" pos="JJ">German</wf>
<wf cmd="tag" pos="NN">reconnaissance</wf>
<wf cmd="tag" pos="NN">plane</wf>
<wf cmd="done" pos="VBZ" ot="notag">has</wf>
<wf cmd="done" pos="VB" lemma="be" wnsn="3" lexsn="2:42:05::">been</wf>
<wf cmd="ignore" pos="IN">over</wf>
<wf cmd="ignore" pos="DT">the</wf>
<wf cmd="tag" pos="NN">city</wf>
<wf cmd="done" pos="VB" lemma="take" wnsn="16" lexsn="2:32:02::">taking</wf>
<wf cmd="tag" pos="NN">pictures</wf>
<punc>.</punc>
</s>
<s snum="38">
<wf cmd="ignore" pos="PRP">They</wf>
<wf cmd="done" pos="VBP" ot="notag">'re</wf>
<wf cmd="tag" pos="RB">just</wf>
<wf cmd="done" pos="VB" lemma="wait" wnsn="2" lexsn="2:42:01::">waiting</wf>
<wf cmd="done" pos="VB" ot="notag">for</wf>
<wf cmd="ignore" pos="DT">the</wf>
<wf cmd="tag" pos="JJ">proper</wf>
<wf cmd="tag" pos="NN">time</wf>
<wf cmd="ignore" pos="IN">to</wf>
<wf cmd="done" pos="VB" lemma="come" wnsn="1" lexsn="2:38:00::">come</wf>
<wf cmd="tag" pos="RB">over_here</wf>
<wf cmd="ignore" pos="CC">and</wf>
<wf cmd="done" pos="VB" lemma="dump" wnsn="1" lexsn="2:40:00::">dump</wf>
<wf cmd="ignore" pos="DT">this</wf>
<wf cmd="tag" pos="NN">place</wf>
<wf cmd="ignore" pos="IN">into</wf>
<wf cmd="ignore" pos="DT">the</wf>
<wf cmd="tag" pos="NNP">Adriatic</wf>
<punc>''</punc>
<punc>.</punc>
</s>
</p>
<p pnum="13">
<s snum="39">
<wf cmd="ignore" pos="CC">But</wf>
<wf cmd="ignore" pos="DT">the</wf>
<wf cmd="tag" pos="JJR">older</wf>
<wf cmd="ignore" pos="CC">and</wf>
<wf cmd="tag" pos="JJR">wiser</wf>
<wf cmd="tag" pos="NNS">heads</wf>
<wf cmd="done" pos="VBD" ot="notag">had</wf>
<wf cmd="done" pos="VB" lemma="dismiss" wnsn="1" lexsn="2:32:00::">dismissed</wf>
<wf cmd="ignore" pos="PRP$">his</wf>
<wf cmd="tag" pos="NN">warning</wf>
<wf cmd="ignore" pos="IN">as</wf>
<wf cmd="tag" pos="JJ">alarmist</wf>
<punc>.</punc>
</s>
<s snum="40">
<wf cmd="tag" pos="RB">Even_though</wf>
<wf cmd="ignore" pos="PRP">it</wf>
<wf cmd="done" pos="VBD" ot="notag">was</wf>
<wf cmd="done" pos="VB" lemma="know" wnsn="1" lexsn="2:31:01::">known</wf>
<wf cmd="ignore" pos="IN">that</wf>
<wf cmd="ignore" pos="DT">the</wf>
<wf cmd="tag" pos="NNP">Luftwaffe</wf>
<wf cmd="tag" pos="RB">in_the_north</wf>
<wf cmd="done" pos="VBD" ot="notag">was</wf>
<wf cmd="tag" pos="RB">now</wf>
<wf cmd="done" pos="VBG" ot="notag">being</wf>
<wf cmd="done" pos="VB" lemma="direct" wnsn="4" lexsn="2:41:00::">directed</wf>
<wf cmd="ignore" pos="IN">by</wf>
<wf cmd="ignore" pos="DT">the</wf>
<wf cmd="tag" pos="JJ">young</wf>
<wf cmd="ignore" pos="CC">and</wf>
<wf cmd="tag" pos="JJ">energetic</wf>
<wf cmd="tag" pos="NNP">General_Peltz</wf>
<punc>,</punc>
<wf cmd="ignore" pos="DT">the</wf>
<wf cmd="tag" pos="NN">commander</wf>
<wf cmd="ignore" pos="WP">who</wf>
<wf cmd="ignore" pos="MD">would</wf>
<wf cmd="done" pos="VB" lemma="conduct" wnsn="1" lexsn="2:41:00::">conduct</wf>
<wf cmd="ignore" pos="DT">the</wf>
<punc>``</punc>
<wf cmd="tag" pos="NNP">Little_Blitz</wf>
<punc>''</punc>
<wf cmd="ignore" pos="IN">on</wf>
<wf cmd="tag" pos="NNP">London</wf>
<wf cmd="ignore" pos="IN">in</wf>
<wf cmd="tag" pos="CD">1944</wf>
<punc>,</punc>
<wf cmd="ignore" pos="DT">a</wf>
<wf cmd="tag" pos="JJ">major</wf>
<wf cmd="tag" pos="NN">raid</wf>
<wf cmd="ignore" pos="IN">on</wf>
<wf cmd="tag" pos="NNP">Bari</wf>
<wf cmd="ignore" pos="IN">at</wf>
<wf cmd="ignore" pos="DT">this</wf>
<wf cmd="tag" pos="NN">juncture</wf>
<wf cmd="ignore" pos="IN">of</wf>
<wf cmd="ignore" pos="DT">the</wf>
<wf cmd="tag" pos="NN">war</wf>
<wf cmd="done" pos="VBD" ot="notag">was</wf>
<wf cmd="tag" pos="RB">not</wf>
<wf cmd="ignore" pos="TO">to</wf>
<wf cmd="done" pos="VB" ot="notag">be</wf>
<wf cmd="done" pos="VB" lemma="consider" wnsn="1" lexsn="2:31:00::">considered</wf>
<wf cmd="tag" pos="RB">seriously</wf>
<punc>.</punc>
</s>
<s snum="41">
<wf cmd="tag" pos="JJ">True</wf>
<punc>,</punc>
<wf cmd="ignore" pos="EX">there</wf>
<wf cmd="done" pos="VBD" ot="notag">had</wf>
<wf cmd="done" pos="VB" lemma="be" wnsn="5" lexsn="2:42:04::">been</wf>
<wf cmd="tag" pos="NNS">raids</wf>
<wf cmd="ignore" pos="IN">on</wf>
<wf cmd="tag" pos="NNP">Naples</wf>
<punc>-</punc>
<wf cmd="ignore" pos="CC">but</wf>
<wf cmd="tag" pos="NNP">Naples</wf>
<wf cmd="done" pos="VB" lemma="be" wnsn="3" lexsn="2:42:05::">was</wf>
<wf cmd="tag" pos="RB">pretty</wf>
<wf cmd="tag" pos="RB">far</wf>
<wf cmd="tag" pos="RB">north</wf>
<wf cmd="ignore" pos="IN">on</wf>
<wf cmd="ignore" pos="DT">the</wf>
<wf cmd="tag" pos="JJ">opposite</wf>
<wf cmd="tag" pos="NN">coast</wf>
<punc>.</punc>
</s>
<s snum="42">
<wf cmd="ignore" pos="DT">No</wf>
<punc>,</punc>
<wf cmd="tag" pos="NNP">Bari</wf>
<wf cmd="done" pos="VB" lemma="be" wnsn="3" lexsn="2:42:05::">was</wf>
<wf cmd="ignore" pos="IN">out</wf>
<wf cmd="ignore" pos="IN">of</wf>
<wf cmd="tag" pos="NN">range</wf>
<punc>.</punc>
</s>
<s snum="43">
<wf cmd="tag" pos="RB">More_than</wf>
<wf cmd="tag" pos="RB">that</wf>
<punc>,</punc>
<wf cmd="tag" pos="NNP">Allied</wf>
<wf cmd="tag" pos="NN">air</wf>
<wf cmd="done" pos="VB" lemma="have" wnsn="1" lexsn="2:40:00::">had</wf>
<wf cmd="tag" pos="JJ">complete</wf>
<wf cmd="tag" pos="NN">superiority</wf>
<wf cmd="ignore" pos="IN">in</wf>
<wf cmd="ignore" pos="DT">the</wf>
<wf cmd="tag" pos="NNP">Eighth_Army</wf>
<wf cmd="ignore" pos="POS">'s</wf>
<wf cmd="tag" pos="NN">sector</wf>
<punc>.</punc>
</s>
<s snum="44">
<wf cmd="tag" pos="RB">So</wf>
<wf cmd="tag" pos="NNP">Captain_Jenks</wf>
<wf cmd="done" pos="VB" lemma="return" wnsn="1" lexsn="2:38:00::">returned</wf>
<wf cmd="done" pos="VB" ot="notag">to</wf>
<wf cmd="ignore" pos="PRP$">his</wf>
<wf cmd="tag" pos="NN">harbor</wf>
<wf cmd="tag" pos="NN">post</wf>
<wf cmd="ignore" pos="TO">to</wf>
<wf cmd="done" pos="VB" lemma="watch" wnsn="2" lexsn="2:41:00::">watch</wf>
<wf cmd="ignore" pos="DT">the</wf>
<wf cmd="tag" pos="NN">scouting</wf>
<wf cmd="tag" pos="NN">plane</wf>
<wf cmd="done" pos="VB" lemma="put_in" wnsn="0" lexsn="2:42:00::">put_in</wf>
<wf cmd="tag" pos="CD">five</wf>
<wf cmd="tag" pos="JJR">more</wf>
<wf cmd="tag" pos="NNS">appearances</wf>
<punc>,</punc>
<wf cmd="ignore" pos="CC">and</wf>
<wf cmd="ignore" pos="TO">to</wf>
<wf cmd="done" pos="VB" lemma="feel" wnsn="1" lexsn="2:37:00::">feel</wf>
<wf cmd="ignore" pos="DT">the</wf>
<wf cmd="tag" pos="NN">certainty</wf>
<wf cmd="tag" pos="RB">of_this</wf>
<wf cmd="tag" pos="NN">dread</wf>
<wf cmd="done" pos="VB" lemma="rise" wnsn="9" lexsn="2:30:02::">rising</wf>
<wf cmd="ignore" pos="IN">within</wf>
<wf cmd="ignore" pos="PRP">him</wf>
<punc>.</punc>
</s>
<s snum="45">
<wf cmd="ignore" pos="IN">For</wf>
<wf cmd="tag" pos="NNP">Jenks</wf>
<wf cmd="done" pos="VB" lemma="know" wnsn="1" lexsn="2:31:01::">knew</wf>
<wf cmd="ignore" pos="IN">that</wf>
<wf cmd="tag" pos="NNP">Bari</wf>
<wf cmd="ignore" pos="POS">'s</wf>
<wf cmd="tag" pos="NNS">defenses</wf>
<wf cmd="done" pos="VBD" ot="notag">were</wf>
<wf cmd="done" pos="VB" lemma="make" wnsn="3" lexsn="2:36:00::">made</wf>
<wf cmd="ignore" pos="IN">of</wf>
<wf cmd="tag" pos="NN">paper</wf>
<punc>.</punc>
</s>
<s snum="46">
<wf cmd="ignore" pos="DT">The</wf>
<wf cmd="tag" pos="NNP">Royal</wf>
<wf cmd="tag" pos="NN">Air_Force</wf>
<wf cmd="done" pos="VB" lemma="have" wnsn="1" lexsn="2:40:00::">had</wf>
<wf cmd="ignore" pos="CC">but</wf>
<wf cmd="ignore" pos="DT">a</wf>
<wf cmd="tag" pos="JJ">single</wf>
<wf cmd="tag" pos="NN">light</wf>
<wf cmd="tag" pos="JJ">anti-aircraft</wf>
<wf cmd="tag" pos="NN">squadron</wf>
<wf cmd="ignore" pos="CC">and</wf>
<wf cmd="tag" pos="CD">two</wf>
<wf cmd="tag" pos="NN">balloon</wf>
<wf cmd="tag" pos="NNS">units</wf>
<wf cmd="tag" pos="JJ">available</wf>
<punc>.</punc>
</s>
<s snum="47">
<wf cmd="ignore" pos="EX">There</wf>
<wf cmd="done" pos="VB" lemma="be" wnsn="5" lexsn="2:42:04::">were</wf>
<wf cmd="ignore" pos="DT">no</wf>
<wf cmd="tag" pos="NNP">R._A._F.</wf>
<wf cmd="tag" pos="NN">fighter</wf>
<wf cmd="tag" pos="NNS">squadrons</wf>
<wf cmd="ignore" pos="IN">on</wf>
<wf cmd="tag" pos="NNP">Bari</wf>
<wf cmd="tag" pos="NN">airfield</wf>
<punc>.</punc>
</s>
<s snum="48">
<wf cmd="ignore" pos="DT">The</wf>
<wf cmd="tag" pos="NN">radar</wf>
<wf cmd="tag" pos="NN">station</wf>
<wf cmd="ignore" pos="IN">with</wf>
<wf cmd="ignore" pos="DT">the</wf>
<wf cmd="tag" pos="JJS">best</wf>
<wf cmd="tag" pos="NN">location</wf>
<wf cmd="done" pos="VB" lemma="be" wnsn="1" lexsn="2:42:03::">was</wf>
<wf cmd="tag" pos="RB">still</wf>
<wf cmd="tag" pos="RB">not</wf>
<wf cmd="tag" pos="JJ">serviceable</wf>
<punc>.</punc>
</s>
<s snum="49">
<wf cmd="tag" pos="NNP">Telephone</wf>
<wf cmd="tag" pos="NN">communication</wf>
<wf cmd="done" pos="VB" lemma="be" wnsn="1" lexsn="2:42:03::">was</wf>
<wf cmd="tag" pos="JJ">bad</wf>
<punc>.</punc>
</s>
<s snum="50">
<wf cmd="ignore" pos="CC">And</wf>
<wf cmd="tag" pos="RB">everywhere</wf>
<wf cmd="tag" pos="JJ">in_evidence</wf>
<wf cmd="ignore" pos="IN">among</wf>
<wf cmd="ignore" pos="DT">the</wf>
<wf cmd="tag" pos="JJ">few</wf>
<wf cmd="tag" pos="JJ">remaining</wf>
<wf cmd="tag" pos="JJ">defensive</wf>
<wf cmd="tag" pos="NNS">units</wf>
<wf cmd="done" pos="VB" lemma="be" wnsn="1" lexsn="2:42:03::">was</wf>
<wf cmd="ignore" pos="IN">that</wf>
<wf cmd="tag" pos="JJ">old</wf>
<wf cmd="tag" pos="NN">handmaiden</wf>
<wf cmd="ignore" pos="IN">of</wf>
<wf cmd="tag" pos="NN">disaster</wf>
<punc>-</punc>
<wf cmd="tag" pos="JJ">multiple</wf>
<wf cmd="tag" pos="NN">command</wf>
<punc>.</punc>
</s>
</p>
<p pnum="14">
<s snum="51">
<wf cmd="ignore" pos="PRP">It</wf>
<wf cmd="done" pos="VBD" ot="notag">had</wf>
<wf cmd="done" pos="VBN" ot="notag">been</wf>
<wf cmd="done" pos="VB" lemma="make" wnsn="3" lexsn="2:36:00::">made</wf>
<wf cmd="tag" pos="RB">shockingly</wf>
<wf cmd="tag" pos="JJ">evident</wf>
<wf cmd="ignore" pos="IN">that</wf>
<wf cmd="tag" pos="RB">very</wf>
<wf cmd="tag" pos="NN">morning</wf>
<wf cmd="ignore" pos="TO">to</wf>
<wf cmd="tag" pos="NNP">Ensign_Kay_K._Vesole</wf>
<punc>,</punc>
<wf cmd="ignore" pos="IN">in</wf>
<wf cmd="tag" pos="NN">charge</wf>
<wf cmd="ignore" pos="IN">of</wf>
<wf cmd="ignore" pos="DT">the</wf>
<wf cmd="tag" pos="JJ">armed</wf>
<wf cmd="tag" pos="NN">guard</wf>
<wf cmd="ignore" pos="IN">aboard</wf>
<wf cmd="ignore" pos="DT">the</wf>
<wf cmd="tag" pos="NNP">John_Bascom</wf>
<punc>.</punc>
</s>
<s snum="52">
<wf cmd="ignore" pos="DT">A</wf>
<wf cmd="tag" pos="JJ">British</wf>
<wf cmd="tag" pos="NN">officer</wf>
<wf cmd="done" pos="VBD" ot="notag">had</wf>
<wf cmd="done" pos="VB" lemma="come" wnsn="2" lexsn="2:38:04::">come</wf>
<wf cmd="tag" pos="RB">aboard</wf>
<wf cmd="ignore" pos="CC">and</wf>
<wf cmd="done" pos="VB" lemma="tell" wnsn="4" lexsn="2:32:02::">told</wf>
<wf cmd="ignore" pos="PRP">him</wf>
<wf cmd="ignore" pos="IN">that</wf>
<wf cmd="tag" pos="RB">in_case</wf>
<wf cmd="ignore" pos="IN">of</wf>
<wf cmd="tag" pos="NN">enemy</wf>
<wf cmd="tag" pos="NN">air_attack</wf>
<wf cmd="ignore" pos="PRP">he</wf>
<wf cmd="done" pos="VBD" ot="notag">was</wf>
<wf cmd="tag" pos="RB">not</wf>
<wf cmd="ignore" pos="TO">to</wf>
<wf cmd="done" pos="VB" lemma="open_fire" wnsn="1" lexsn="2:33:00::">open_fire</wf>
<wf cmd="ignore" pos="IN">until</wf>
<wf cmd="tag" pos="NNS">bombs</wf>
<wf cmd="done" pos="VBD" ot="notag">were</wf>
<wf cmd="tag" pos="RB">actually</wf>
<wf cmd="done" pos="VB" lemma="drop" wnsn="1" lexsn="2:38:01::">dropped</wf>
<punc>.</punc>
</s>
<s snum="53">
<wf cmd="tag" pos="RB">Then</wf>
<wf cmd="ignore" pos="PRP">he</wf>
<wf cmd="done" pos="VBD" ot="notag">was</wf>
<wf cmd="ignore" pos="TO">to</wf>
<wf cmd="done" pos="VB" lemma="coordinate" wnsn="2" lexsn="2:41:00::">co-ordinate</wf>
<wf cmd="ignore" pos="PRP$">his</wf>
<wf cmd="done" pos="VB" lemma="fire" wnsn="1" lexsn="2:33:01::">fire</wf>
<wf cmd="ignore" pos="IN">with</wf>
<wf cmd="ignore" pos="DT">a</wf>
<wf cmd="tag" pos="JJ">radar-controlled</wf>
<wf cmd="tag" pos="NN">shore</wf>
<wf cmd="tag" pos="NN">gun</wf>
<wf cmd="done" pos="VB" lemma="fire" wnsn="5" lexsn="2:33:02::">firing</wf>
<wf cmd="tag" pos="JJ">white</wf>
<wf cmd="tag" pos="NNS">tracers</wf>
<punc>.</punc>
</s>
</p>
<p pnum="15">
<s snum="54">
<punc>``</punc>
<wf cmd="ignore" pos="DT">This</wf>
<wf cmd="tag" pos="NN">harbor</wf>
<wf cmd="done" pos="VB" lemma="be" wnsn="1" lexsn="2:42:03::">is</wf>
<wf cmd="ignore" pos="DT">a</wf>
<wf cmd="tag" pos="NN">bomber</wf>
<wf cmd="ignore" pos="POS">'s</wf>
<wf cmd="tag" pos="NN">paradise</wf>
<punc>''</punc>
<punc>,</punc>
<wf cmd="ignore" pos="DT">the</wf>
<wf cmd="tag" pos="NNP">Britisher</wf>
<wf cmd="done" pos="VBD" ot="notag">had</wf>
<wf cmd="done" pos="VB" lemma="say" wnsn="1" lexsn="2:32:00::">said</wf>
<wf cmd="ignore" pos="IN">with</wf>
<wf cmd="tag" pos="JJ">frank</wf>
<wf cmd="tag" pos="NN">grimness</wf>
<punc>.</punc>
</s>
<s snum="55">
<punc>``</punc>
<wf cmd="ignore" pos="PRP">It</wf>
<wf cmd="done" pos="VBZ" ot="notag">'s</wf>
<wf cmd="tag" pos="JJ">up_to</wf>
<wf cmd="ignore" pos="PRP">you</wf>
<wf cmd="ignore" pos="TO">to</wf>
<wf cmd="done" pos="VB" lemma="protect" wnsn="1" lexsn="2:33:00::">protect</wf>
<wf cmd="ignore" pos="PRP">yourselves</wf>
<punc>.</punc>
</s>
<s snum="56">
<wf cmd="ignore" pos="PRP">We</wf>
<wf cmd="ignore" pos="MD">can</wf>
<wf cmd="tag" pos="RB">n't</wf>
<wf cmd="done" pos="VB" lemma="expect" wnsn="1" lexsn="2:31:00::">expect</wf>
<wf cmd="ignore" pos="DT">any</wf>
<wf cmd="tag" pos="NN">help</wf>
<wf cmd="ignore" pos="IN">from</wf>
<wf cmd="ignore" pos="DT">the</wf>
<wf cmd="tag" pos="NNS">fighters</wf>
<wf cmd="ignore" pos="IN">at</wf>
<wf cmd="tag" pos="NNP">Foggia</wf>
<punc>,</punc>
<wf cmd="ignore" pos="DT">either</wf>
<punc>.</punc>
</s>
<s snum="57">
<wf cmd="ignore" pos="PRP">They</wf>
<wf cmd="done" pos="VBP" ot="notag">'re</wf>
<wf cmd="ignore" pos="DT">all</wf>
<wf cmd="done" pos="VBG" ot="notag">being</wf>
<wf cmd="done" pos="VB" lemma="use" wnsn="1" lexsn="2:34:01::">used</wf>
<wf cmd="ignore" pos="IN">on</wf>
<wf cmd="tag" pos="JJ">offensive</wf>
<wf cmd="tag" pos="NNS">missions</wf>
<punc>''</punc>
<punc>.</punc>
</s>
</p>
<p pnum="16">
<s snum="58">
<wf cmd="tag" pos="NNP">Vesole</wf>
<wf cmd="done" pos="VBD" ot="notag">had</wf>
<wf cmd="done" pos="VBN" ot="notag">been</wf>
<wf cmd="done" pos="VB" lemma="stun" wnsn="0" lexsn="2:37:00::">stunned</wf>
<punc>.</punc>
</s>
<s snum="59">
<wf cmd="tag" pos="RB">Not</wf>
<wf cmd="done" pos="VB" lemma="fire" wnsn="1" lexsn="2:33:01::">fire</wf>
<wf cmd="ignore" pos="IN">until</wf>
<wf cmd="ignore" pos="DT">the</wf>
<wf cmd="tag" pos="NNS">bombs</wf>
<wf cmd="done" pos="VB" lemma="come_down" wnsn="1" lexsn="2:38:00::">came_down</wf>
<punc>!</punc>
</s>
<s snum="60">
<wf cmd="ignore" pos="PRP">He</wf>
<wf cmd="done" pos="VB" lemma="think_of" wnsn="1" lexsn="2:31:00::">thought_of</wf>
<wf cmd="ignore" pos="DT">the</wf>
<wf cmd="tag" pos="NNS">tons</wf>
<wf cmd="ignore" pos="CC">and</wf>
<wf cmd="tag" pos="NNS">tons</wf>
<wf cmd="ignore" pos="IN">of</wf>
<wf cmd="tag" pos="JJ">flammable</wf>
<wf cmd="tag" pos="NN">fluid</wf>
<wf cmd="ignore" pos="IN">beneath</wf>
<wf cmd="ignore" pos="PRP$">his</wf>
<wf cmd="tag" pos="NNS">feet</wf>
<wf cmd="ignore" pos="CC">and</wf>
<wf cmd="done" pos="VB" lemma="shake" wnsn="1" lexsn="2:38:00::">shook</wf>
<wf cmd="ignore" pos="PRP$">his</wf>
<wf cmd="tag" pos="NN">head</wf>
<punc>.</punc>
</s>
<s snum="61">
<wf cmd="tag" pos="RB">Like_hell</wf>
<punc>!</punc>
</s>
<s snum="62">
<wf cmd="tag" pos="RB">Like_hell</wf>
<wf cmd="ignore" pos="PRP">he</wf>
<wf cmd="ignore" pos="MD">'d</wf>
<wf cmd="done" pos="VB" lemma="wait" wnsn="2" lexsn="2:42:01::">wait</wf>
<punc>-</punc>
<wf cmd="ignore" pos="CC">and</wf>
<wf cmd="done" pos="VBG" ot="notag">supposing</wf>
<wf cmd="ignore" pos="DT">the</wf>
<wf cmd="tag" pos="JJ">radar-controlled</wf>
<wf cmd="tag" pos="NN">gun</wf>
<wf cmd="done" pos="VBD" ot="notag">got</wf>
<wf cmd="done" pos="VB" lemma="knock_out" wnsn="1" lexsn="2:30:01::">knocked_out</wf>
<punc>?</punc>
</s>
<s snum="63">
<wf cmd="ignore" pos="WP">What</wf>
<wf cmd="ignore" pos="MD">would</wf>
<wf cmd="ignore" pos="PRP$">his</wf>
<wf cmd="tag" pos="NNS">guns</wf>
<wf cmd="done" pos="VB" lemma="guide_on" wnsn="1" lexsn="2:39:00::">guide_on</wf>
<wf cmd="tag" pos="RB">then</wf>
<punc>-</punc>
<wf cmd="ignore" pos="DT">the</wf>
<wf cmd="tag" pos="NN">North_Star</wf>
<punc>?</punc>
</s>
<s snum="64">
<wf cmd="tag" pos="NNP">Ensign_Vesole</wf>
<wf cmd="done" pos="VB" lemma="decide" wnsn="1" lexsn="2:31:00::">decided</wf>
<wf cmd="ignore" pos="IN">that</wf>
<wf cmd="ignore" pos="PRP">he</wf>
<wf cmd="ignore" pos="MD">would</wf>
<wf cmd="tag" pos="RB">not</wf>
<wf cmd="done" pos="VB" lemma="tarry" wnsn="1" lexsn="2:42:00::">tarry</wf>
<wf cmd="ignore" pos="IN">until</wf>
<wf cmd="ignore" pos="PRP">he</wf>
<wf cmd="done" pos="VB" lemma="hear" wnsn="1" lexsn="2:39:00::">heard</wf>
<wf cmd="ignore" pos="DT">the</wf>
<wf cmd="tag" pos="NN">whispering</wf>
<wf cmd="ignore" pos="IN">of</wf>
<wf cmd="ignore" pos="DT">the</wf>
<wf cmd="tag" pos="NNS">bombs</wf>
<punc>,</punc>
<wf cmd="ignore" pos="CC">and</wf>
<wf cmd="ignore" pos="WRB">when</wf>
<wf cmd="tag" pos="NN">night</wf>
<wf cmd="done" pos="VB" lemma="begin" wnsn="1" lexsn="2:30:00::">began</wf>
<wf cmd="ignore" pos="TO">to</wf>
<wf cmd="done" pos="VB" lemma="fall" wnsn="10" lexsn="2:30:00::">fall</wf>
<punc>,</punc>
<wf cmd="ignore" pos="PRP">he</wf>
<wf cmd="done" pos="VB" lemma="put" wnsn="2" lexsn="2:35:05::">put</wf>
<wf cmd="tag" pos="NNP">Seaman</wf>
<wf cmd="tag" pos="CD">2</wf>
<punc>/</punc>
<wf cmd="tag" pos="NN">c</wf>
<wf cmd="tag" pos="NNP">Donald_L._Norton</wf>
<wf cmd="ignore" pos="CC">and</wf>
<wf cmd="tag" pos="NNP">Seaman</wf>
<wf cmd="tag" pos="CD">1</wf>
<punc>/</punc>
<wf cmd="tag" pos="NN">c</wf>
<wf cmd="tag" pos="NNP">William_A._Rochford</wf>
<wf cmd="ignore" pos="IN">on</wf>
<wf cmd="ignore" pos="DT">the</wf>
<wf cmd="tag" pos="NNS">guns</wf>
<wf cmd="ignore" pos="CC">and</wf>
<wf cmd="done" pos="VB" lemma="tell" wnsn="4" lexsn="2:32:02::">told</wf>
<wf cmd="ignore" pos="PRP">them</wf>
<wf cmd="ignore" pos="TO">to</wf>
<wf cmd="done" pos="VB" lemma="start" wnsn="1" lexsn="2:30:00::">start</wf>
<wf cmd="done" pos="VB" lemma="shoot" wnsn="3" lexsn="2:33:00::">shooting</wf>
<wf cmd="ignore" pos="DT">the</wf>
<wf cmd="tag" pos="NN">moment</wf>
<wf cmd="ignore" pos="PRP">they</wf>
<wf cmd="done" pos="VB" lemma="see" wnsn="1" lexsn="2:39:00::">saw</wf>
<wf cmd="ignore" pos="DT">an</wf>
<wf cmd="tag" pos="NN">enemy</wf>
<wf cmd="tag" pos="NN">silhouette</wf>
<punc>.</punc>
</s>
<s snum="65">
<wf cmd="ignore" pos="IN">Below</wf>
<wf cmd="tag" pos="NNS">decks</wf>
<punc>,</punc>
<wf cmd="tag" pos="NNP">Seaman</wf>
<wf cmd="tag" pos="CD">1</wf>
<punc>/</punc>
<wf cmd="tag" pos="NN">c</wf>
<wf cmd="tag" pos="NNP">Stanley_Bishop</wf>
<wf cmd="done" pos="VBD" ot="notag">had</wf>
<wf cmd="done" pos="VB" lemma="begin" wnsn="1" lexsn="2:30:00::">begun</wf>
<wf cmd="ignore" pos="TO">to</wf>
<wf cmd="done" pos="VB" lemma="write" wnsn="2" lexsn="2:32:00::">write</wf>
<wf cmd="ignore" pos="DT">a</wf>
<wf cmd="tag" pos="NN">letter</wf>
<wf cmd="tag" pos="NN">home</wf>
<punc>.</punc>
</s>
</p>
<p pnum="17">
<s snum="66">
<wf cmd="ignore" pos="IN">Above</wf>
<wf cmd="tag" pos="NNS">decks</wf>
<wf cmd="ignore" pos="IN">on</wf>
<wf cmd="ignore" pos="DT">the</wf>
<wf cmd="tag" pos="NNP">John_Harvey</wf>
<punc>,</punc>
<wf cmd="tag" pos="NNP">Lieutenant_Richardson</wf>
<wf cmd="done" pos="VB" lemma="gaze" wnsn="1" lexsn="2:39:00::">gazed</wf>
<wf cmd="ignore" pos="IN">at</wf>
<wf cmd="ignore" pos="DT">the</wf>
<wf cmd="tag" pos="NNS">lights</wf>
<wf cmd="tag" pos="RB">still</wf>
<wf cmd="done" pos="VB" lemma="burn" wnsn="2" lexsn="2:43:01::">burning</wf>
<wf cmd="ignore" pos="IN">on</wf>
<wf cmd="ignore" pos="DT">the</wf>
<wf cmd="tag" pos="NN">port</wf>
<wf cmd="tag" pos="NN">wall</wf>
<wf cmd="ignore" pos="CC">and</wf>
<wf cmd="done" pos="VB" lemma="feel" wnsn="1" lexsn="2:37:00::">felt</wf>
<wf cmd="tag" pos="JJ">uneasy</wf>
<punc>.</punc>
</s>
<s snum="67">
<wf cmd="ignore" pos="EX">There</wf>
<wf cmd="done" pos="VB" lemma="be" wnsn="5" lexsn="2:42:04::">were</wf>
<wf cmd="tag" pos="NNS">lights</wf>
<wf cmd="done" pos="VB" lemma="glint" wnsn="1" lexsn="2:39:00::">glinting</wf>
<wf cmd="ignore" pos="IN">in</wf>
<wf cmd="ignore" pos="DT">the</wf>
<wf cmd="tag" pos="NN">city</wf>
<punc>,</punc>
<wf cmd="tag" pos="RB">too</wf>
<punc>,</punc>
<wf cmd="tag" pos="RB">even_though</wf>
<wf cmd="ignore" pos="PRP">it</wf>
<wf cmd="done" pos="VBD" ot="notag">was</wf>
<wf cmd="tag" pos="RB">now</wf>
<wf cmd="tag" pos="JJ">dark</wf>
<wf cmd="tag" pos="RB">enough</wf>
<wf cmd="ignore" pos="IN">for</wf>
<wf cmd="tag" pos="JJ">a_few</wf>
<wf cmd="tag" pos="NNS">stars</wf>
<wf cmd="ignore" pos="TO">to</wf>
<wf cmd="done" pos="VB" lemma="become" wnsn="1" lexsn="2:30:00::">become</wf>
<wf cmd="tag" pos="JJ">visible</wf>
<punc>.</punc>
</s>
<s snum="68">
<wf cmd="tag" pos="NNP">Bari</wf>
<wf cmd="done" pos="VBD" ot="notag">was</wf>
<wf cmd="done" pos="VB" ot="idiom">asking_for_it</wf>
<punc>,</punc>
<wf cmd="ignore" pos="PRP">he</wf>
<wf cmd="done" pos="VB" lemma="think" wnsn="1" lexsn="2:31:01::">thought</wf>
<punc>.</punc>
</s>
</p>
<p pnum="18">
<s snum="69">
<wf cmd="ignore" pos="IN">For</wf>
<wf cmd="tag" pos="CD">five</wf>
<wf cmd="tag" pos="NNS">days</wf>
<wf cmd="tag" pos="RB">now</wf>
<punc>,</punc>
<wf cmd="ignore" pos="PRP">they</wf>
<wf cmd="done" pos="VBD" ot="notag">had</wf>
<wf cmd="done" pos="VB" lemma="be" wnsn="3" lexsn="2:42:05::">been</wf>
<wf cmd="ignore" pos="IN">in</wf>
<wf cmd="tag" pos="NN">port</wf>
<wf cmd="ignore" pos="CC">and</wf>
<wf cmd="ignore" pos="IN">that</wf>
<wf cmd="tag" pos="JJ">filthy</wf>
<wf cmd="tag" pos="NN">stuff</wf>
<wf cmd="done" pos="VB" lemma="be" wnsn="3" lexsn="2:42:05::">was</wf>
<wf cmd="tag" pos="RB">still</wf>
<wf cmd="ignore" pos="IN">in</wf>
<wf cmd="ignore" pos="DT">the</wf>
<wf cmd="tag" pos="NN">hold</wf>
<punc>.</punc>
</s>
<s snum="70">
<wf cmd="tag" pos="NNP">Richardson</wf>
<wf cmd="done" pos="VB" lemma="wonder" wnsn="1" lexsn="2:31:00::">wondered</wf>
<wf cmd="ignore" pos="WRB">when</wf>
<wf cmd="ignore" pos="PRP">it</wf>
<wf cmd="ignore" pos="MD">would</wf>
<wf cmd="done" pos="VB" ot="notag">be</wf>
<wf cmd="done" pos="VB" lemma="unload" wnsn="1" lexsn="2:35:02::">unloaded</wf>
<punc>.</punc>
</s>
<s snum="71">
<wf cmd="ignore" pos="PRP">He</wf>
<wf cmd="done" pos="VB" lemma="hope" wnsn="1" lexsn="2:37:01::">hoped</wf>
<wf cmd="ignore" pos="PRP">they</wf>
<wf cmd="ignore" pos="MD">would</wf>
<wf cmd="done" pos="VB" lemma="put" wnsn="1" lexsn="2:35:00::">put</wf>
<wf cmd="ignore" pos="PRP">it</wf>
<wf cmd="tag" pos="RB">somewhere</wf>
<wf cmd="tag" pos="NN">way</wf>
<punc>,</punc>
<wf cmd="tag" pos="NN">way</wf>
<wf cmd="tag" pos="RB">down</wf>
<wf cmd="ignore" pos="IN">in</wf>
<wf cmd="ignore" pos="DT">the</wf>
<wf cmd="tag" pos="NN">earth</wf>
<punc>.</punc>
</s>
<s snum="72">
<wf cmd="ignore" pos="DT">The</wf>
<wf cmd="tag" pos="NN">burden</wf>
<wf cmd="ignore" pos="IN">of</wf>
<wf cmd="ignore" pos="PRP$">his</wf>
<wf cmd="tag" pos="JJ">secret</wf>
<wf cmd="done" pos="VBD" ot="notag">was</wf>
<wf cmd="done" pos="VB" lemma="press_down_on" wnsn="1" lexsn="2:35:00::">pressing_down_on</wf>
<wf cmd="ignore" pos="PRP">him</wf>
<punc>,</punc>
<wf cmd="ignore" pos="IN">as</wf>
<wf cmd="ignore" pos="PRP">it</wf>
<wf cmd="done" pos="VB" ot="notag">was_on</wf>
<wf cmd="tag" pos="NNP">Lieutenant_Beckstrom</wf>
<wf cmd="ignore" pos="CC">and</wf>
<wf cmd="ignore" pos="PRP$">his</wf>
<wf cmd="tag" pos="CD">six</wf>
<wf cmd="tag" pos="NN">enlisted_men</wf>
<punc>.</punc>
</s>
<s snum="73">
<wf cmd="tag" pos="NNP">Lieutenant_Richardson</wf>
<wf cmd="ignore" pos="MD">could</wf>
<wf cmd="done" pos="VB" lemma="envy" wnsn="1" lexsn="2:37:01::">envy</wf>
<wf cmd="ignore" pos="DT">the</wf>
<wf cmd="tag" pos="NNS">officers</wf>
<wf cmd="ignore" pos="CC">and</wf>
<wf cmd="tag" pos="NNS">men</wf>
<wf cmd="ignore" pos="IN">of</wf>
<wf cmd="ignore" pos="DT">the</wf>
<wf cmd="tag" pos="NNP">John_Harvey</wf>
<wf cmd="ignore" pos="IN">in</wf>
<wf cmd="ignore" pos="PRP$">their</wf>
<wf cmd="tag" pos="JJ">innocent</wf>
<wf cmd="tag" pos="NN">assumption</wf>
<wf cmd="ignore" pos="IN">that</wf>
<wf cmd="ignore" pos="DT">the</wf>
<wf cmd="tag" pos="NN">ship</wf>
<wf cmd="done" pos="VB" lemma="contain" wnsn="2" lexsn="2:42:13::">contained</wf>
<wf cmd="tag" pos="NN">nothing</wf>
<wf cmd="tag" pos="RBR">more</wf>
<wf cmd="tag" pos="JJ">dangerous</wf>
<wf cmd="ignore" pos="IN">than</wf>
<wf cmd="tag" pos="NN">high_explosive</wf>
<wf cmd="tag" pos="NNS">bombs</wf>
<punc>.</punc>
</s>
<s snum="74">
<wf cmd="ignore" pos="PRP">They</wf>
<wf cmd="done" pos="VB" lemma="seem" wnsn="1" lexsn="2:39:00::">seemed</wf>
<wf cmd="tag" pos="JJ">happy</wf>
<wf cmd="ignore" pos="IN">at</wf>
<wf cmd="ignore" pos="DT">the</wf>
<wf cmd="tag" pos="NN">delay</wf>
<wf cmd="ignore" pos="IN">in</wf>
<wf cmd="tag" pos="NN">unloading</wf>
<punc>,</punc>
<wf cmd="tag" pos="JJ">glad</wf>
<wf cmd="ignore" pos="IN">at</wf>
<wf cmd="ignore" pos="DT">the</wf>
<wf cmd="tag" pos="NN">chance</wf>
<wf cmd="ignore" pos="TO">to</wf>
<wf cmd="done" pos="VB" lemma="go" wnsn="1" lexsn="2:38:00::">go</wf>
<wf cmd="tag" pos="RB">ashore</wf>
<wf cmd="ignore" pos="IN">in</wf>
<wf cmd="ignore" pos="DT">a</wf>
<wf cmd="tag" pos="JJ">lively</wf>
<wf cmd="tag" pos="NN">liberty</wf>
<wf cmd="tag" pos="NN">port</wf>
<wf cmd="tag" pos="JJ">such_as</wf>
<wf cmd="tag" pos="NNP">Bari</wf>
<punc>.</punc>
</s>
<s snum="75">
<wf cmd="tag" pos="CD">Nine</wf>
<wf cmd="ignore" pos="IN">of</wf>
<wf cmd="ignore" pos="PRP">them</wf>
<wf cmd="done" pos="VBD" ot="notag">had</wf>
<wf cmd="done" pos="VB" lemma="go" wnsn="1" lexsn="2:38:00::">gone</wf>
<wf cmd="tag" pos="RB">down</wf>
<wf cmd="ignore" pos="DT">the</wf>
<wf cmd="tag" pos="NN">gangplank</wf>
<wf cmd="tag" pos="RB">already</wf>
<punc>.</punc>
</s>
<s snum="76">
<wf cmd="tag" pos="NNP">Deck_Cadet_James_L._Cahill</wf>
<wf cmd="ignore" pos="CC">and</wf>
<wf cmd="tag" pos="NNP">Seaman_Walter_Brooks</wf>
<wf cmd="done" pos="VBD" ot="notag">had</wf>
<wf cmd="done" pos="VB" lemma="be" wnsn="1" lexsn="2:42:03::">been</wf>
<wf cmd="done" pos="VB" ot="notag">the</wf>
<wf cmd="tag" pos="JJ">first</wf>
<wf cmd="ignore" pos="TO">to</wf>
<wf cmd="done" pos="VB" lemma="leave" wnsn="1" lexsn="2:38:01::">leave</wf>
<punc>.</punc>
</s>
<s snum="77">
<wf cmd="tag" pos="NNP">Richardson</wf>
<wf cmd="done" pos="VBD" ot="notag">had</wf>
<wf cmd="done" pos="VB" lemma="return" wnsn="2" lexsn="2:40:08::">returned</wf>
<wf cmd="ignore" pos="PRP$">their</wf>
<wf cmd="tag" pos="JJ">departing</wf>
<wf cmd="tag" pos="NNS">grins</wf>
<wf cmd="ignore" pos="IN">with</wf>
<wf cmd="ignore" pos="DT">the</wf>
<wf cmd="tag" pos="JJ">noncommittal</wf>
<wf cmd="tag" pos="NN">nod</wf>
<wf cmd="tag" pos="RB">that</wf>
<wf cmd="done" pos="VB" lemma="be" wnsn="1" lexsn="2:42:03::">is</wf>
<wf cmd="ignore" pos="DT">the</wf>
<wf cmd="tag" pos="NN">security</wf>
<wf cmd="tag" pos="NN">officer</wf>
<wf cmd="ignore" pos="POS">'s</wf>
<wf cmd="tag" pos="NN">stock</wf>
<wf cmd="ignore" pos="IN">in</wf>
<wf cmd="tag" pos="NN">trade</wf>
<punc>.</punc>
</s>
</p>
<p pnum="19">
<s snum="78">
<wf cmd="ignore" pos="DT">The</wf>
<wf cmd="tag" pos="JJ">other</wf>
<wf cmd="tag" pos="NN">half</wf>
<wf cmd="ignore" pos="IN">of</wf>
<wf cmd="ignore" pos="DT">the</wf>
<wf cmd="tag" pos="NN">crew</wf>
<punc>,</punc>
<wf cmd="ignore" pos="CC">plus</wf>
<wf cmd="tag" pos="NNP">Beckstrom</wf>
<wf cmd="ignore" pos="CC">and</wf>
<wf cmd="ignore" pos="PRP$">his</wf>
<wf cmd="tag" pos="NNS">men</wf>
<punc>,</punc>
<wf cmd="done" pos="VBD" ot="notag">had</wf>
<wf cmd="done" pos="VB" lemma="remain" wnsn="2" lexsn="2:42:03::">remained</wf>
<wf cmd="tag" pos="RB">aboard</wf>
<punc>.</punc>
</s>
<s snum="79">
<wf cmd="tag" pos="NNP">Richardson</wf>
<wf cmd="done" pos="VB" lemma="glance" wnsn="1" lexsn="2:39:00::">glanced</wf>
<wf cmd="ignore" pos="TO">to</wf>
<wf cmd="tag" pos="NN">sea</wf>
<wf cmd="ignore" pos="CC">and</wf>
<wf cmd="done" pos="VB" lemma="start" wnsn="7" lexsn="2:38:04::">started</wf>
<wf cmd="tag" pos="RB">slightly</wf>
<punc>.</punc>
</s>
<s snum="80">
<wf cmd="tag" pos="JJ">Damned</wf>
<wf cmd="ignore" pos="IN">if</wf>
<wf cmd="ignore" pos="WDT">that</wf>
<wf cmd="done" pos="VB" lemma="be" wnsn="1" lexsn="2:42:03::">was</wf>
<wf cmd="tag" pos="RB">n't</wf>
<wf cmd="ignore" pos="DT">a</wf>
<wf cmd="tag" pos="NN">sailing_ship</wf>
<wf cmd="done" pos="VB" lemma="stand_out" wnsn="3" lexsn="2:38:00::">standing_out</wf>
<wf cmd="ignore" pos="IN">of</wf>
<wf cmd="ignore" pos="DT">the</wf>
<wf cmd="tag" pos="JJ">old</wf>
<wf cmd="tag" pos="NN">harbor</wf>
<punc>-</punc>
<wf cmd="tag" pos="NNP">Porto_Vecchio</wf>
<punc>.</punc>
</s>
<s snum="81">
<wf cmd="ignore" pos="DT">The</wf>
<wf cmd="tag" pos="NN">night</wf>
<wf cmd="done" pos="VB" lemma="be" wnsn="1" lexsn="2:42:03::">was</wf>
<wf cmd="tag" pos="RB">so</wf>
<wf cmd="tag" pos="JJ">clear</wf>
<wf cmd="ignore" pos="IN">that</wf>
<wf cmd="tag" pos="NNP">Richardson</wf>
<wf cmd="done" pos="VB" lemma="have" wnsn="11" lexsn="2:30:01::">had</wf>
<wf cmd="ignore" pos="DT">no</wf>
<wf cmd="tag" pos="NN">difficulty</wf>
<wf cmd="done" pos="VB" lemma="make_out" wnsn="1" lexsn="2:39:00::">making_out</wf>
<wf cmd="ignore" pos="DT">the</wf>
<wf cmd="tag" pos="NN">silhouette</wf>
<punc>.</punc>
</s>
<s snum="82">
<wf cmd="tag" pos="RB">Then</wf>
<wf cmd="ignore" pos="DT">the</wf>
<wf cmd="tag" pos="NN">thought</wf>
<wf cmd="done" pos="VB" ot="notag">of</wf>
<wf cmd="ignore" pos="DT">a</wf>
<wf cmd="tag" pos="JJ">cloudless</wf>
<wf cmd="tag" pos="NN">sky</wf>
<wf cmd="done" pos="VB" lemma="make" wnsn="4" lexsn="2:32:00::">made</wf>
<wf cmd="ignore" pos="PRP">him</wf>
<wf cmd="done" pos="VB" lemma="shiver" wnsn="1" lexsn="2:38:00::">shiver</wf>
<punc>,</punc>
<wf cmd="ignore" pos="CC">and</wf>
<wf cmd="ignore" pos="PRP">he</wf>
<wf cmd="done" pos="VB" lemma="glance" wnsn="1" lexsn="2:39:00::">glanced</wf>
<wf cmd="tag" pos="RB">upward</wf>
<punc>.</punc>
</s>
<s snum="83">
<wf cmd="ignore" pos="PRP$">His</wf>
<wf cmd="tag" pos="NNS">eyes</wf>
<wf cmd="done" pos="VB" lemma="boggle" wnsn="1" lexsn="2:38:00::">boggled</wf>
<punc>.</punc>
</s>
</p>
<p pnum="20">
<s snum="84">
<wf cmd="ignore" pos="PRP">It</wf>
<wf cmd="done" pos="VB" lemma="be" wnsn="1" lexsn="2:42:03::">was</wf>
<wf cmd="ignore" pos="DT">a</wf>
<wf cmd="tag" pos="JJ">clear</wf>
<wf cmd="tag" pos="NN">night</wf>
<wf cmd="ignore" pos="CC">and</wf>
<wf cmd="ignore" pos="PRP">it</wf>
<wf cmd="done" pos="VBD" ot="notag">was</wf>
<wf cmd="done" pos="VB" lemma="rain" wnsn="1" lexsn="2:43:00::">raining</wf>
<punc>!</punc>
</s>
</p>
<p pnum="21">
<s snum="85">
<wf cmd="tag" pos="NNP">Capt._Michael_A._Musmanno</wf>
<punc>,</punc>
<wf cmd="tag" pos="NN">Military_governor</wf>
<wf cmd="ignore" pos="IN">of</wf>
<wf cmd="ignore" pos="DT">the</wf>
<wf cmd="tag" pos="NNP">Sorrentine_Peninsula</wf>
<punc>,</punc>
<wf cmd="done" pos="VBD" ot="notag">had</wf>
<wf cmd="tag" pos="RB">also</wf>
<wf cmd="done" pos="VB" lemma="see" wnsn="1" lexsn="2:39:00::">seen</wf>
<wf cmd="ignore" pos="CC">and</wf>
<wf cmd="done" pos="VB" lemma="feel" wnsn="3" lexsn="2:39:00::">felt</wf>
<wf cmd="ignore" pos="DT">the</wf>
<punc>``</punc>
<wf cmd="tag" pos="NN">rain</wf>
<punc>''</punc>
<punc>.</punc>
</s>
<s snum="86">
<wf cmd="ignore" pos="CC">But</wf>
<wf cmd="ignore" pos="PRP">he</wf>
<wf cmd="done" pos="VBD" ot="notag">had</wf>
<wf cmd="done" pos="VB" lemma="mistake" wnsn="1" lexsn="2:31:02::">mistaken</wf>
<wf cmd="ignore" pos="PRP">it</wf>
<wf cmd="ignore" pos="IN">for</wf>
<wf cmd="tag" pos="NNS">bugs</wf>
<punc>.</punc>
</s>
</p>
<p pnum="22">
<s snum="87">
<wf cmd="tag" pos="NNP">Captain_Musmanno</wf>
<wf cmd="ignore" pos="POS">'s</wf>
<wf cmd="tag" pos="JJ">renovated</wf>
<wf cmd="tag" pos="NN">schooner</wf>
<wf cmd="ignore" pos="IN">with</wf>
<wf cmd="ignore" pos="DT">the</wf>
<wf cmd="tag" pos="JJ">flamboyant</wf>
<wf cmd="tag" pos="NN">name</wf>
<wf cmd="tag" pos="NNP">Unsinkable</wf>
<wf cmd="done" pos="VBD" ot="notag">had</wf>
<wf cmd="tag" pos="RB">just</wf>
<wf cmd="done" pos="VB" lemma="leave" wnsn="1" lexsn="2:38:01::">left</wf>
<wf cmd="tag" pos="NNP">Porto_Vecchio</wf>
<wf cmd="ignore" pos="IN">with</wf>
<wf cmd="ignore" pos="DT">a</wf>
<wf cmd="tag" pos="NN">cargo</wf>
<wf cmd="ignore" pos="IN">of</wf>
<wf cmd="tag" pos="JJ">badly-needed</wf>
<wf cmd="tag" pos="NN">olive_oil</wf>
<wf cmd="ignore" pos="IN">for</wf>
<wf cmd="ignore" pos="DT">the</wf>
<wf cmd="tag" pos="NNP">Sorrentine</wf>
<wf cmd="ignore" pos="POS">'s</wf>
<wf cmd="tag" pos="JJ">civilian</wf>
<wf cmd="tag" pos="NN">population</wf>
<punc>.</punc>
</s>
<s snum="88">
<wf cmd="tag" pos="NNP">Musmanno</wf>
<wf cmd="done" pos="VB" lemma="be" wnsn="3" lexsn="2:42:05::">was</wf>
<wf cmd="done" pos="VB" ot="notag">on</wf>
<wf cmd="tag" pos="NN">deck</wf>
<punc>.</punc>
</s>
<s snum="89">
<wf cmd="ignore" pos="IN">At</wf>
<wf cmd="tag" pos="RB">exactly</wf>
<wf cmd="tag" pos="CD">7</wf>
<punc>:</punc>
<wf cmd="tag" pos="CD">30</wf>
<punc>,</punc>
<wf cmd="ignore" pos="PRP">he</wf>
<wf cmd="done" pos="VB" lemma="feel" wnsn="3" lexsn="2:39:00::">felt</wf>
<wf cmd="ignore" pos="DT">a</wf>
<wf cmd="tag" pos="JJ">fluttering</wf>
<wf cmd="tag" pos="NN">object</wf>
<wf cmd="done" pos="VB" lemma="brush" wnsn="2" lexsn="2:35:00::">brush</wf>
<wf cmd="ignore" pos="PRP$">his</wf>
<wf cmd="tag" pos="NN">face</wf>
<punc>.</punc>
</s>
<s snum="90">
<wf cmd="ignore" pos="PRP">He</wf>
<wf cmd="done" pos="VB" lemma="snatch" wnsn="2" lexsn="2:35:02::">snatched</wf>
<wf cmd="ignore" pos="IN">at</wf>
<wf cmd="ignore" pos="PRP">it</wf>
<wf cmd="tag" pos="RB">savagely</wf>
<punc>.</punc>
</s>
<s snum="91">
<wf cmd="ignore" pos="PRP">He</wf>
<wf cmd="done" pos="VB" lemma="turn" wnsn="1" lexsn="2:38:00::">turned</wf>
<wf cmd="ignore" pos="DT">the</wf>
<wf cmd="tag" pos="NN">beam</wf>
<wf cmd="ignore" pos="IN">of</wf>
<wf cmd="ignore" pos="PRP$">his</wf>
<wf cmd="tag" pos="NN">flashlight</wf>
<wf cmd="tag" pos="RB">on_it</wf>
<punc>.</punc>
</s>
<s snum="92">
<wf cmd="ignore" pos="PRP">He</wf>
<wf cmd="done" pos="VB" lemma="laugh" wnsn="1" lexsn="2:29:00::">laughed</wf>
<punc>.</punc>
</s>
<s snum="93">
<wf cmd="ignore" pos="PRP">It</wf>
<wf cmd="done" pos="VB" lemma="be" wnsn="2" lexsn="2:42:06::">was</wf>
<wf cmd="ignore" pos="DT">the</wf>
<wf cmd="tag" pos="NN">silver</wf>
<wf cmd="tag" pos="NN">foil</wf>
<wf cmd="ignore" pos="IN">from</wf>
<wf cmd="ignore" pos="DT">the</wf>
<wf cmd="tag" pos="NN">chocolate_bar</wf>
<wf cmd="ignore" pos="PRP">he</wf>
<wf cmd="done" pos="VBD" ot="notag">had</wf>
<wf cmd="done" pos="VBN" ot="notag">been</wf>
<wf cmd="done" pos="VB" lemma="eat" wnsn="1" lexsn="2:34:00::">eating</wf>
<punc>.</punc>
</s>
<s snum="94">
<wf cmd="ignore" pos="PRP">He</wf>
<wf cmd="done" pos="VB" lemma="frown" wnsn="1" lexsn="2:29:00::">frowned</wf>
<punc>.</punc>
</s>
<s snum="95">
<wf cmd="ignore" pos="CC">But</wf>
<wf cmd="ignore" pos="WRB">how</wf>
<wf cmd="ignore" pos="MD">could</wf>
<punc>-</punc>
<punc>?</punc>
</s>
<s snum="96">
<wf cmd="ignore" pos="DT">Another</wf>
<punc>,</punc>
<wf cmd="tag" pos="RB">longer</wf>
<wf cmd="tag" pos="NN">strip</wf>
<wf cmd="ignore" pos="IN">of</wf>
<wf cmd="tag" pos="NN">tinsel</wf>
<wf cmd="done" pos="VB" lemma="whip" wnsn="4" lexsn="2:35:02::">whipped</wf>
<wf cmd="ignore" pos="PRP$">his</wf>
<wf cmd="tag" pos="NN">mouth</wf>
<punc>.</punc>
</s>
<s snum="97">
<wf cmd="ignore" pos="PRP">It</wf>
<wf cmd="done" pos="VB" lemma="be" wnsn="1" lexsn="2:42:03::">was</wf>
<wf cmd="tag" pos="CD">two</wf>
<wf cmd="tag" pos="NNS">feet</wf>
<wf cmd="tag" pos="JJ">long</wf>
<punc>.</punc>
</s>
<s snum="98">
<wf cmd="ignore" pos="PRP">It</wf>
<wf cmd="done" pos="VB" lemma="be" wnsn="2" lexsn="2:42:06::">was</wf>
<wf cmd="tag" pos="RB">not</wf>
<wf cmd="tag" pos="NN">candy</wf>
<wf cmd="tag" pos="NN">wrapping</wf>
<punc>.</punc>
</s>
</p>
<p pnum="23">
<s snum="99">
<wf cmd="ignore" pos="PRP">It</wf>
<wf cmd="done" pos="VB" lemma="be" wnsn="2" lexsn="2:42:06::">was</wf>
<punc>``</punc>
<wf cmd="tag" pos="NN">window</wf>
<punc>''</punc>
<punc>-</punc>
<wf cmd="ignore" pos="DT">the</wf>
<wf cmd="tag" pos="NN">tinsel</wf>
<wf cmd="tag" pos="NN">paper</wf>
<wf cmd="done" pos="VB" lemma="drop" wnsn="2" lexsn="2:38:00::">dropped</wf>
<wf cmd="done" pos="VB" ot="notag">by</wf>
<wf cmd="tag" pos="NNS">bombers</wf>
<wf cmd="ignore" pos="TO">to</wf>
<wf cmd="done" pos="VB" lemma="jam" wnsn="4" lexsn="2:32:00::">jam</wf>
<wf cmd="tag" pos="NN">radar</wf>
<wf cmd="tag" pos="NNS">sets</wf>
<punc>,</punc>
<wf cmd="ignore" pos="TO">to</wf>
<wf cmd="done" pos="VB" lemma="fill" wnsn="1" lexsn="2:30:01::">fill</wf>
<wf cmd="ignore" pos="DT">the</wf>
<wf cmd="tag" pos="NN">scope</wf>
<wf cmd="ignore" pos="IN">with</wf>
<wf cmd="tag" pos="NNS">hundreds</wf>
<wf cmd="ignore" pos="IN">of</wf>
<wf cmd="tag" pos="NNS">blips</wf>
<wf cmd="ignore" pos="WDT">that</wf>
<wf cmd="ignore" pos="MD">would</wf>
<wf cmd="done" pos="VB" lemma="seem" wnsn="1" lexsn="2:39:00::">seem</wf>
<wf cmd="ignore" pos="TO">to</wf>
<wf cmd="done" pos="VB" lemma="be" wnsn="1" lexsn="2:42:03::">be</wf>
<wf cmd="tag" pos="JJ">approaching</wf>
<wf cmd="tag" pos="NNS">bombers</wf>
<punc>.</punc>
</s>
</p>
<p pnum="24">
<s snum="100">
<punc>``</punc>
<wf cmd="tag" pos="NNP">Fermate</wf>
<punc>''</punc>
<punc>!</punc>
</s>
<s snum="101">
<wf cmd="tag" pos="NNP">Musmanno</wf>
<wf cmd="done" pos="VB" lemma="bellow" wnsn="1" lexsn="2:32:00::">bellowed</wf>
<wf cmd="ignore" pos="TO">to</wf>
<wf cmd="ignore" pos="PRP$">his</wf>
<wf cmd="tag" pos="JJ">Italian</wf>
<wf cmd="tag" pos="NNS">crewmen</wf>
<punc>.</punc>
</s>
<s snum="102">
<punc>``</punc>
<wf cmd="done" pos="VB" lemma="stop" wnsn="2" lexsn="2:42:00::">Stop</wf>
<punc>!</punc>
</s>
<s snum="103">
<wf cmd="done" pos="VB" lemma="stop" wnsn="2" lexsn="2:42:00::">Stop</wf>
<wf cmd="ignore" pos="DT">the</wf>
<wf cmd="tag" pos="NNS">engines</wf>
<punc>''</punc>
<punc>!</punc>
</s>
</p>
<p pnum="25">
<s snum="104">
<wf cmd="tag" pos="NNP">Unsinkable</wf>
<wf cmd="done" pos="VB" lemma="slow" wnsn="1" lexsn="2:30:00::">slowed</wf>
<wf cmd="ignore" pos="CC">and</wf>
<wf cmd="done" pos="VB" lemma="stop" wnsn="2" lexsn="2:42:00::">stopped</wf>
<punc>,</punc>
<wf cmd="tag" pos="NNS">hundreds</wf>
<wf cmd="ignore" pos="IN">of</wf>
<wf cmd="tag" pos="JJ">brilliant</wf>
<wf cmd="tag" pos="JJ">white</wf>
<wf cmd="tag" pos="NNS">flares</wf>
<wf cmd="done" pos="VB" lemma="sway" wnsn="2" lexsn="2:38:01::">swayed</wf>
<wf cmd="tag" pos="RB">eerily</wf>
<wf cmd="tag" pos="RB">down</wf>
<wf cmd="ignore" pos="IN">from</wf>
<wf cmd="ignore" pos="DT">the</wf>
<wf cmd="tag" pos="JJ">black</wf>
<punc>,</punc>
<wf cmd="ignore" pos="DT">the</wf>
<wf cmd="tag" pos="NN">air_raid</wf>
<wf cmd="tag" pos="NNS">sirens</wf>
<wf cmd="tag" pos="RB">ashore</wf>
<wf cmd="done" pos="VB" lemma="rise" wnsn="9" lexsn="2:30:02::">rose</wf>
<wf cmd="ignore" pos="IN">in</wf>
<wf cmd="ignore" pos="DT">a</wf>
<wf cmd="tag" pos="JJ">keening</wf>
<wf cmd="tag" pos="NN">shriek</wf>
<punc>,</punc>
<wf cmd="ignore" pos="DT">the</wf>
<wf cmd="tag" pos="JJ">anti-aircraft</wf>
<wf cmd="tag" pos="NNS">guns</wf>
<wf cmd="done" pos="VBD" ot="metaphor">coughed</wf>
<wf cmd="ignore" pos="CC">and</wf>
<wf cmd="done" pos="VBD" ot="metaphor">chattered</wf>
<punc>-</punc>
<wf cmd="ignore" pos="CC">and</wf>
<wf cmd="ignore" pos="IN">above</wf>
<wf cmd="ignore" pos="PRP">it</wf>
<wf cmd="ignore" pos="DT">all</wf>
<wf cmd="tag" pos="NNS">motors</wf>
<wf cmd="done" pos="VB" lemma="roar" wnsn="1" lexsn="2:32:01::">roared</wf>
<wf cmd="ignore" pos="CC">and</wf>
<wf cmd="ignore" pos="DT">the</wf>
<wf cmd="tag" pos="NNS">bombs</wf>
<wf cmd="done" pos="VB" lemma="come" wnsn="1" lexsn="2:38:00::">came</wf>
<wf cmd="tag" pos="NN">whispering</wf>
<wf cmd="ignore" pos="CC">and</wf>
<wf cmd="tag" pos="NN">wailing</wf>
<wf cmd="ignore" pos="CC">and</wf>
<wf cmd="done" pos="VB" lemma="crash" wnsn="1" lexsn="2:38:02::">crashing</wf>
<wf cmd="tag" pos="RB">down</wf>
<wf cmd="ignore" pos="IN">among</wf>
<wf cmd="ignore" pos="DT">the</wf>
<wf cmd="tag" pos="NNS">ships</wf>
<wf cmd="ignore" pos="IN">at</wf>
<wf cmd="tag" pos="NN">anchor</wf>
<wf cmd="ignore" pos="IN">at</wf>
<wf cmd="tag" pos="NNP">Bari</wf>
<punc>.</punc>
</s>
</p>
<p pnum="26">
<s snum="105">
<wf cmd="ignore" pos="PRP">They</wf>
<wf cmd="done" pos="VBD" ot="notag">had</wf>
<wf cmd="done" pos="VB" lemma="come" wnsn="1" lexsn="2:38:00::">come</wf>
<wf cmd="done" pos="VB" ot="notag">from</wf>
<wf cmd="tag" pos="NNS">airports</wf>
<wf cmd="ignore" pos="IN">in</wf>
<wf cmd="tag" pos="NN">the_Balkans</wf>
<punc>,</punc>
<wf cmd="ignore" pos="DT">these</wf>
<wf cmd="tag" pos="JJ">hundred-odd</wf>
<wf cmd="tag" pos="NNPS">Junkers</wf>
<wf cmd="tag" pos="CD">88</wf>
<wf cmd="ignore" pos="POS">'s</wf>
<punc>.</punc>
</s>
<s snum="106">
<wf cmd="ignore" pos="PRP">They</wf>
<wf cmd="done" pos="VBD" ot="notag">had</wf>
<wf cmd="done" pos="VB" lemma="wing" wnsn="1" lexsn="2:38:00::">winged</wf>
<wf cmd="ignore" pos="IN">over</wf>
<wf cmd="ignore" pos="DT">the</wf>
<wf cmd="tag" pos="NNP">Adriatic</wf>
<punc>,</punc>
<wf cmd="ignore" pos="PRP">they</wf>
<wf cmd="done" pos="VBD" ot="notag">had</wf>
<wf cmd="done" pos="VB" lemma="take" wnsn="29" lexsn="2:30:09::">taken</wf>
<wf cmd="tag" pos="NNP">Bari</wf>
<wf cmd="ignore" pos="IN">by</wf>
<wf cmd="tag" pos="JJ">complete</wf>
<wf cmd="tag" pos="NN">surprise</wf>
<wf cmd="ignore" pos="CC">and</wf>
<wf cmd="tag" pos="RB">now</wf>
<wf cmd="ignore" pos="PRP">they</wf>
<wf cmd="done" pos="VBD" ot="notag">were</wf>
<wf cmd="done" pos="VB" lemma="batter" wnsn="1" lexsn="2:35:01::">battering</wf>
<wf cmd="ignore" pos="PRP$">her</wf>
<punc>,</punc>
<wf cmd="done" pos="VB" lemma="attack" wnsn="1" lexsn="2:33:00::">attacking</wf>
<wf cmd="ignore" pos="IN">with</wf>
<wf cmd="tag" pos="JJ">deadly</wf>
<wf cmd="tag" pos="NN">skill</wf>
<punc>.</punc>
</s>
<s snum="107">
<wf cmd="ignore" pos="PRP">They</wf>
<wf cmd="done" pos="VBD" ot="notag">had</wf>
<wf cmd="done" pos="VB" lemma="ruin" wnsn="1" lexsn="2:35:00::">ruined</wf>
<wf cmd="ignore" pos="DT">the</wf>
<wf cmd="tag" pos="NN">radar</wf>
<wf cmd="tag" pos="NN">warning</wf>
<wf cmd="tag" pos="NN">system</wf>
<wf cmd="ignore" pos="IN">with</wf>
<wf cmd="ignore" pos="PRP$">their</wf>
<wf cmd="tag" pos="NN">window</wf>
<punc>,</punc>
<wf cmd="ignore" pos="PRP">they</wf>
<wf cmd="done" pos="VBD" ot="notag">had</wf>
<wf cmd="done" pos="VB" lemma="make" wnsn="2" lexsn="2:30:00::">made</wf>
<wf cmd="ignore" pos="PRP">themselves</wf>
<wf cmd="tag" pos="JJ">invisible</wf>
<wf cmd="ignore" pos="IN">above</wf>
<wf cmd="ignore" pos="PRP$">their</wf>
<wf cmd="tag" pos="NNS">flares</wf>
<punc>.</punc>
</s>
<s snum="108">
<wf cmd="ignore" pos="CC">And</wf>
<wf cmd="ignore" pos="PRP">they</wf>
<wf cmd="tag" pos="RB">also</wf>
<wf cmd="done" pos="VB" lemma="have" wnsn="1" lexsn="2:40:00::">had</wf>
<wf cmd="ignore" pos="DT">the</wf>
<wf cmd="tag" pos="NNS">lights</wf>
<wf cmd="ignore" pos="IN">of</wf>
<wf cmd="ignore" pos="DT">the</wf>
<wf cmd="tag" pos="NN">city</wf>
<punc>,</punc>
<wf cmd="ignore" pos="DT">the</wf>
<wf cmd="tag" pos="NN">port</wf>
<wf cmd="tag" pos="NN">wall</wf>
<wf cmd="tag" pos="NNS">lanterns</wf>
<punc>,</punc>
<wf cmd="ignore" pos="CC">and</wf>
<wf cmd="ignore" pos="DT">a</wf>
<wf cmd="tag" pos="NN">shore</wf>
<wf cmd="tag" pos="NN">crane</wf>
<wf cmd="ignore" pos="POS">'s</wf>
<wf cmd="tag" pos="NN">spotlight</wf>
<wf cmd="ignore" pos="TO">to</wf>
<wf cmd="done" pos="VB" lemma="guide_on" wnsn="1" lexsn="2:39:00::">guide_on</wf>
<punc>.</punc>
</s>
<s snum="109">
<wf cmd="ignore" pos="IN">After</wf>
<wf cmd="ignore" pos="DT">the</wf>
<wf cmd="tag" pos="JJ">first</wf>
<wf cmd="tag" pos="CD">two</wf>
<wf cmd="done" pos="VBD" ot="notag">were</wf>
<wf cmd="done" pos="VB" lemma="black_out" wnsn="1" lexsn="2:43:00::">blacked_out</wf>
<punc>,</punc>
<wf cmd="ignore" pos="DT">the</wf>
<wf cmd="tag" pos="JJ">third</wf>
<wf cmd="tag" pos="NN">light</wf>
<wf cmd="done" pos="VBD" ot="notag">was</wf>
<wf cmd="done" pos="VB" lemma="abandon" wnsn="3" lexsn="2:38:00::">abandoned</wf>
<wf cmd="ignore" pos="IN">by</wf>
<wf cmd="ignore" pos="DT">a</wf>
<wf cmd="tag" pos="JJ">terrified</wf>
<wf cmd="tag" pos="JJ">Italian</wf>
<wf cmd="tag" pos="NN">crew</wf>
<punc>,</punc>
<wf cmd="ignore" pos="WP">who</wf>
<wf cmd="done" pos="VB" lemma="leave" wnsn="2" lexsn="2:31:05::">left</wf>
<wf cmd="ignore" pos="PRP$">their</wf>
<wf cmd="tag" pos="NN">light</wf>
<wf cmd="ignore" pos="TO">to</wf>
<wf cmd="done" pos="VB" lemma="shine" wnsn="2" lexsn="2:43:00::">shine</wf>
<wf cmd="ignore" pos="IN">for</wf>
<wf cmd="tag" pos="CD">nine</wf>
<wf cmd="tag" pos="NNS">minutes</wf>
<wf cmd="ignore" pos="IN">like</wf>
<wf cmd="ignore" pos="DT">an</wf>
<wf cmd="tag" pos="JJ">unerring</wf>
<wf cmd="tag" pos="JJ">homing</wf>
<wf cmd="tag" pos="NN">beacon</wf>
<wf cmd="ignore" pos="IN">until</wf>
<wf cmd="tag" pos="JJ">British</wf>
<wf cmd="tag" pos="NNP">MP</wf>
<wf cmd="ignore" pos="POS">'s</wf>
<wf cmd="done" pos="VB" lemma="shoot" wnsn="1" lexsn="2:33:01::">shot</wf>
<wf cmd="ignore" pos="PRP">it</wf>
<wf cmd="tag" pos="RB">out</wf>
<punc>.</punc>
</s>
</p>
<p pnum="27">
<s snum="110">
<wf cmd="tag" pos="RB">In_that</wf>
<wf cmd="tag" pos="NN">interval</wf>
<punc>,</punc>
<wf cmd="ignore" pos="DT">the</wf>
<wf cmd="tag" pos="JJ">German</wf>
<wf cmd="tag" pos="NNS">bombers</wf>
<wf cmd="done" pos="VB" lemma="make" wnsn="5" lexsn="2:36:08::">made</wf>
<wf cmd="ignore" pos="DT">a</wf>
<wf cmd="tag" pos="NN">hell</wf>
<wf cmd="ignore" pos="IN">of</wf>
<wf cmd="tag" pos="NNP">Bari</wf>
<wf cmd="tag" pos="NN">harbor</wf>
<punc>.</punc>
</s>
</p>
<p pnum="28">
<s snum="111">
<wf cmd="tag" pos="NN">Merchant_ships</wf>
<wf cmd="done" pos="VB" lemma="illuminate" wnsn="1" lexsn="2:30:03::">illuminated</wf>
<wf cmd="ignore" pos="IN">in</wf>
<wf cmd="ignore" pos="DT">the</wf>
<wf cmd="tag" pos="NN">light</wf>
<wf cmd="ignore" pos="IN">of</wf>
<wf cmd="ignore" pos="DT">the</wf>
<wf cmd="tag" pos="NNS">flares</wf>
<punc>,</punc>
<wf cmd="done" pos="VB" lemma="make" wnsn="2" lexsn="2:30:00::">made</wf>
<wf cmd="ignore" pos="TO">to</wf>
<wf cmd="done" pos="VB" lemma="seem" wnsn="1" lexsn="2:39:00::">seem</wf>
<wf cmd="ignore" pos="IN">like</wf>
<wf cmd="tag" pos="NNS">stones</wf>
<wf cmd="done" pos="VB" lemma="imbed" wnsn="1" lexsn="2:35:00::">imbedded</wf>
<wf cmd="ignore" pos="IN">in</wf>
<wf cmd="ignore" pos="DT">a</wf>
<wf cmd="tag" pos="NN">lake</wf>
<wf cmd="ignore" pos="IN">of</wf>
<wf cmd="tag" pos="JJ">polished</wf>
<wf cmd="tag" pos="NN">mud</wf>
<punc>,</punc>
<wf cmd="done" pos="VB" lemma="be" wnsn="1" lexsn="2:42:03::">were</wf>
<wf cmd="tag" pos="JJ">impossible</wf>
<wf cmd="ignore" pos="TO">to</wf>
<wf cmd="done" pos="VB" lemma="miss" wnsn="1" lexsn="2:39:00::">miss</wf>
<punc>.</punc>
</s>
<s snum="112">
<wf cmd="ignore" pos="DT">The</wf>
<wf cmd="tag" pos="JJ">little</wf>
<wf cmd="tag" pos="NNP">Unsinkable</wf>
<wf cmd="done" pos="VB" lemma="sink" wnsn="4" lexsn="2:38:00::">sank</wf>
<wf cmd="tag" pos="RB">almost</wf>
<wf cmd="tag" pos="RB">immediately</wf>
<punc>.</punc>
</s>
<s snum="113">
<wf cmd="tag" pos="NNP">Captain_Musmanno</wf>
<wf cmd="done" pos="VB" lemma="roar" wnsn="2" lexsn="2:32:03::">roared</wf>
<wf cmd="ignore" pos="IN">at</wf>
<wf cmd="ignore" pos="PRP$">his</wf>
<wf cmd="tag" pos="NNS">men</wf>
<wf cmd="ignore" pos="TO">to</wf>
<wf cmd="done" rdf="lash_together" pos="VB" lemma="lash_together" wnsn="1" lexsn="2:35:00::">lash</wf>
<wf cmd="tag" pos="CD">three</wf>
<wf cmd="ignore" pos="IN">of</wf>
<wf cmd="ignore" pos="DT">the</wf>
<wf cmd="tag" pos="NNS">casks</wf>
<wf cmd="ignore" pos="IN">of</wf>
<wf cmd="tag" pos="NN">olive_oil</wf>
<wf cmd="tag" pos="RB">together</wf>
<wf cmd="ignore" pos="IN">for</wf>
<wf cmd="ignore" pos="DT">a</wf>
<wf cmd="tag" pos="NN">raft</wf>
<punc>.</punc>
</s>
<s snum="114">
<wf cmd="ignore" pos="PRP">They</wf>
<wf cmd="done" pos="VB" lemma="get" wnsn="3" lexsn="2:30:02::">got</wf>
<wf cmd="done" pos="VB" ot="notag">it</wf>
<wf cmd="ignore" pos="IN">over</wf>
<wf cmd="ignore" pos="DT">the</wf>
<wf cmd="tag" pos="NN">side</wf>
<wf cmd="ignore" pos="CC">and</wf>
<wf cmd="done" pos="VB" lemma="clamber" wnsn="1" lexsn="2:38:00::">clambered</wf>
<wf cmd="ignore" pos="IN">aboard</wf>
<wf cmd="tag" pos="RB">only</wf>
<wf cmd="tag" pos="JJ">a_few</wf>
<wf cmd="tag" pos="NNS">minutes</wf>
<wf cmd="ignore" pos="IN">before</wf>
<wf cmd="ignore" pos="PRP$">their</wf>
<wf cmd="tag" pos="NN">schooner</wf>
<wf cmd="done" pos="VB" lemma="go_under" wnsn="1" lexsn="2:38:00::">went_under</wf>
<punc>.</punc>
</s>
</p>
<p pnum="29">
<s snum="115">
<wf cmd="tag" pos="NNP">John_Bascom</wf>
<wf cmd="done" pos="VB" lemma="go_down" wnsn="2" lexsn="2:38:00::">went_down</wf>
<wf cmd="tag" pos="JJ">early</wf>
<punc>,</punc>
<wf cmd="tag" pos="RB">too</wf>
<punc>.</punc>
</s>
<s snum="116">
<wf cmd="tag" pos="NNP">Ensign_Vesole</wf>
<wf cmd="ignore" pos="CC">and</wf>
<wf cmd="ignore" pos="PRP$">his</wf>
<wf cmd="tag" pos="NNS">gunners</wf>
<wf cmd="done" pos="VBD" ot="notag">had</wf>
<wf cmd="done" pos="VB" lemma="fight" wnsn="1" lexsn="2:33:00::">fought</wf>
<wf cmd="tag" pos="RB">valiantly</wf>
<punc>,</punc>
<wf cmd="ignore" pos="CC">but</wf>
<wf cmd="ignore" pos="PRP">they</wf>
<wf cmd="done" pos="VBD" ot="notag">had</wf>
<wf cmd="ignore" pos="DT">no</wf>
<wf cmd="tag" pos="NNS">targets</wf>
<punc>.</punc>
</s>
<s snum="117">
<wf cmd="tag" pos="JJ">Most_of</wf>
<wf cmd="ignore" pos="DT">the</wf>
<wf cmd="tag" pos="NNPS">Junkers</wf>
<wf cmd="done" pos="VB" lemma="be" wnsn="3" lexsn="2:42:05::">were</wf>
<wf cmd="ignore" pos="IN">above</wf>
<wf cmd="ignore" pos="DT">the</wf>
<wf cmd="tag" pos="JJ">blinding</wf>
<wf cmd="tag" pos="NN">light</wf>
<wf cmd="ignore" pos="IN">of</wf>
<wf cmd="ignore" pos="DT">the</wf>
<wf cmd="tag" pos="NNS">flares</wf>
<punc>,</punc>
<wf cmd="ignore" pos="CC">and</wf>
<wf cmd="ignore" pos="DT">the</wf>
<wf cmd="tag" pos="JJ">radar-controlled</wf>
<wf cmd="tag" pos="NN">shore</wf>
<wf cmd="tag" pos="NN">gun</wf>
<wf cmd="done" pos="VBD" ot="notag">had</wf>
<wf cmd="done" pos="VBN" ot="notag">been</wf>
<wf cmd="done" pos="VB" lemma="knock_out" wnsn="1" lexsn="2:30:01::">knocked_out</wf>
<wf cmd="ignore" pos="IN">by</wf>
<wf cmd="tag" pos="CD">one</wf>
<wf cmd="ignore" pos="IN">of</wf>
<wf cmd="ignore" pos="DT">the</wf>
<wf cmd="tag" pos="JJ">first</wf>
<wf cmd="tag" pos="NNS">sticks</wf>
<wf cmd="ignore" pos="IN">of</wf>
<wf cmd="tag" pos="NNS">bombs</wf>
<punc>.</punc>
</s>
<s snum="118">
<wf cmd="tag" pos="NNP">Vesole</wf>
<wf cmd="done" pos="VB" lemma="rush" wnsn="1" lexsn="2:38:00::">rushed</wf>
<wf cmd="ignore" pos="IN">from</wf>
<wf cmd="tag" pos="NN">gun</wf>
<wf cmd="ignore" pos="TO">to</wf>
<wf cmd="tag" pos="NN">gun</wf>
<punc>,</punc>
<wf cmd="done" pos="VB" lemma="attempt" wnsn="1" lexsn="2:41:00::">attempting</wf>
<wf cmd="ignore" pos="TO">to</wf>
<wf cmd="done" pos="VB" lemma="direct" wnsn="7" lexsn="2:33:00::">direct</wf>
<wf cmd="tag" pos="NN">fire</wf>
<punc>.</punc>
</s>
<s snum="119">
<wf cmd="ignore" pos="PRP">He</wf>
<wf cmd="done" pos="VBD" ot="notag">was</wf>
<wf cmd="done" pos="VB" lemma="wound" wnsn="1" lexsn="2:29:00::">wounded</wf>
<punc>,</punc>
<wf cmd="ignore" pos="CC">but</wf>
<wf cmd="done" pos="VB" lemma="fight" wnsn="1" lexsn="2:33:00::">fought</wf>
<wf cmd="tag" pos="RB">on</wf>
<punc>.</punc>
</s>
<s snum="120">
<wf cmd="tag" pos="NNP">Norton</wf>
<wf cmd="ignore" pos="CC">and</wf>
<wf cmd="tag" pos="NNP">Rochford</wf>
<wf cmd="done" pos="VB" lemma="fire" wnsn="1" lexsn="2:33:01::">fired</wf>
<wf cmd="tag" pos="RB">wildly</wf>
<wf cmd="ignore" pos="IN">at</wf>
<wf cmd="ignore" pos="DT">the</wf>
<wf cmd="tag" pos="NN">sounds</wf>
<wf cmd="ignore" pos="IN">of</wf>
<wf cmd="ignore" pos="DT">the</wf>
<wf cmd="tag" pos="NNS">motors</wf>
<punc>.</punc>
</s>
<s snum="121">
<wf cmd="tag" pos="NNP">Bishop</wf>
<wf cmd="done" pos="VB" lemma="rush" wnsn="1" lexsn="2:38:00::">rushed</wf>
<wf cmd="ignore" pos="IN">on</wf>
<wf cmd="tag" pos="NN">deck</wf>
<wf cmd="ignore" pos="TO">to</wf>
<wf cmd="done" pos="VB" lemma="grab" wnsn="1" lexsn="2:35:00::">grab</wf>
<wf cmd="ignore" pos="DT">a</wf>
<wf cmd="tag" pos="CD">20</wf>
<wf cmd="tag" pos="NN">mm</wf>
<wf cmd="tag" pos="NN">gun</wf>
<punc>,</punc>
<wf cmd="done" pos="VB" lemma="pump" wnsn="2" lexsn="2:33:00::">pumping</wf>
<wf cmd="ignore" pos="IN">out</wf>
<wf cmd="tag" pos="CD">400</wf>
<wf cmd="tag" pos="NNS">rounds</wf>
<wf cmd="ignore" pos="IN">before</wf>
<wf cmd="tag" pos="NNS">sticks</wf>
<wf cmd="ignore" pos="IN">of</wf>
<wf cmd="tag" pos="CD">three</wf>
<wf cmd="tag" pos="NNS">bombs</wf>
<wf cmd="ignore" pos="DT">each</wf>
<wf cmd="done" pos="VB" lemma="crash" wnsn="1" lexsn="2:38:02::">crashed</wf>
<wf cmd="ignore" pos="IN">into</wf>
<wf cmd="tag" pos="NNP">Holds</wf>
<wf cmd="tag" pos="CD">One</wf>
<punc>,</punc>
<wf cmd="tag" pos="CD">Three</wf>
<wf cmd="ignore" pos="CC">and</wf>
<wf cmd="tag" pos="CD">Five</wf>
<punc>.</punc>
</s>
<s snum="122">
<wf cmd="tag" pos="RB">Now</wf>
<wf cmd="ignore" pos="DT">the</wf>
<wf cmd="tag" pos="NNP">Bascom</wf>
<wf cmd="done" pos="VBD" ot="notag">was</wf>
<wf cmd="tag" pos="RB">mortally</wf>
<wf cmd="done" pos="VBN" ot="metaphor">wounded</wf>
<punc>.</punc>
</s>
<s snum="123">
<wf cmd="tag" pos="RB">Luckily</wf>
<punc>,</punc>
<wf cmd="ignore" pos="PRP">she</wf>
<wf cmd="done" pos="VB" lemma="be" wnsn="1" lexsn="2:42:03::">was</wf>
<wf cmd="tag" pos="RB">not</wf>
<wf cmd="tag" pos="RB">completely</wf>
<wf cmd="tag" pos="JJ">aflame</wf>
<wf cmd="ignore" pos="CC">and</wf>
<wf cmd="ignore" pos="MD">would</wf>
<wf cmd="done" pos="VB" lemma="go_down" wnsn="2" lexsn="2:38:00::">go_down</wf>
<wf cmd="ignore" pos="IN">before</wf>
<wf cmd="ignore" pos="DT">the</wf>
<wf cmd="tag" pos="NN">gasoline</wf>
<wf cmd="ignore" pos="MD">could</wf>
<wf cmd="done" pos="VB" lemma="erupt" wnsn="3" lexsn="2:43:00::">erupt</wf>
<punc>.</punc>
</s>
</p>
<p pnum="30">
<s snum="124">
<wf cmd="ignore" pos="DT">The</wf>
<wf cmd="tag" pos="NN">order</wf>
<wf cmd="ignore" pos="TO">to</wf>
<wf cmd="done" pos="VB" lemma="abandon" wnsn="3" lexsn="2:38:00::">abandon</wf>
<wf cmd="tag" pos="NN">ship</wf>
<wf cmd="done" pos="VBD" ot="notag">was</wf>
<wf cmd="done" pos="VB" lemma="give" wnsn="5" lexsn="2:32:01::">given</wf>
<punc>,</punc>
<wf cmd="ignore" pos="CC">but</wf>
<wf cmd="tag" pos="NNS">cries</wf>
<wf cmd="ignore" pos="IN">of</wf>
<wf cmd="tag" pos="NN">pain</wf>
<wf cmd="ignore" pos="MD">could</wf>
<wf cmd="done" pos="VB" ot="notag">be</wf>
<wf cmd="done" pos="VB" lemma="hear" wnsn="1" lexsn="2:39:00::">heard</wf>
<wf cmd="ignore" pos="IN">from</wf>
<wf cmd="ignore" pos="DT">the</wf>
<wf cmd="tag" pos="JJ">wounded</wf>
<wf cmd="ignore" pos="IN">below</wf>
<wf cmd="tag" pos="NNS">decks</wf>
<punc>.</punc>
</s>
</p>
</context>
</contextfile>
