<contextfile concordance="brown">
<context filename="br-f01" paras="yes">
<p pnum="1">
<s snum="1">
<wf cmd="ignore" pos="IN">In</wf>
<wf cmd="tag" pos="NNP">American</wf>
<wf cmd="tag" pos="NN">romance</wf>
<punc>,</punc>
<wf cmd="tag" pos="RB">almost</wf>
<wf cmd="tag" pos="NN">nothing</wf>
<wf cmd="done" pos="VB" lemma="rate" wnsn="2" lexsn="2:42:01::">rates</wf>
<wf cmd="tag" pos="JJ">higher</wf>
<wf cmd="ignore" pos="IN">than</wf>
<wf cmd="ignore" pos="WP">what</wf>
<wf cmd="ignore" pos="DT">the</wf>
<wf cmd="tag" pos="NN">movie</wf>
<wf cmd="tag" pos="NNS">men</wf>
<wf cmd="done" pos="VBP" ot="notag">have</wf>
<wf cmd="done" pos="VB" lemma="call" wnsn="2" lexsn="2:32:00::">called</wf>
<punc>``</punc>
<wf cmd="tag" pos="NN">meeting</wf>
<wf cmd="tag" pos="JJ">cute</wf>
<punc>''</punc>
<punc>-</punc>
<wf cmd="tag" pos="RB">that_is</wf>
<punc>,</punc>
<wf cmd="tag" pos="NN">boy-meets-girl</wf>
<wf cmd="done" pos="VB" lemma="seem" wnsn="1" lexsn="2:39:00::">seems</wf>
<wf cmd="tag" pos="RBR">more</wf>
<wf cmd="tag" pos="JJ">adorable</wf>
<wf cmd="ignore" pos="IN">if</wf>
<wf cmd="ignore" pos="PRP">it</wf>
<wf cmd="done" pos="VBZ" ot="notag">does</wf>
<wf cmd="tag" pos="RB">n't</wf>
<wf cmd="done" pos="VB" lemma="take_place" wnsn="1" lexsn="2:30:00::">take_place</wf>
<wf cmd="ignore" pos="IN">in</wf>
<wf cmd="ignore" pos="DT">an</wf>
<wf cmd="tag" pos="NN">atmosphere</wf>
<wf cmd="ignore" pos="IN">of</wf>
<wf cmd="tag" pos="JJ">correct</wf>
<wf cmd="ignore" pos="CC">and</wf>
<wf cmd="tag" pos="JJ">acute</wf>
<wf cmd="tag" pos="NN">boredom</wf>
<punc>.</punc>
</s>
<s snum="2">
<wf cmd="tag" pos="RB">Just_about</wf>
<wf cmd="tag" pos="RB">the_most</wf>
<wf cmd="tag" pos="JJ">enthralling</wf>
<wf cmd="tag" pos="JJ">real-life</wf>
<wf cmd="tag" pos="NN">example</wf>
<wf cmd="ignore" pos="IN">of</wf>
<wf cmd="tag" pos="NN">meeting</wf>
<wf cmd="tag" pos="JJ">cute</wf>
<wf cmd="done" pos="VB" lemma="be" wnsn="2" lexsn="2:42:06::">is</wf>
<wf cmd="ignore" pos="DT">the</wf>
<wf cmd="tag" pos="NNP">Charles_MacArthur-Helen_Hayes</wf>
<wf cmd="tag" pos="NN">saga</wf>
<punc>:</punc>
</s>
<s snum="3">
<wf cmd="tag" pos="RB">reputedly</wf>
<wf cmd="ignore" pos="DT">all</wf>
<wf cmd="ignore" pos="PRP">he</wf>
<wf cmd="done" pos="VB" lemma="do" wnsn="1" lexsn="2:41:01::">did</wf>
<wf cmd="done" pos="VB" lemma="be" wnsn="2" lexsn="2:42:06::">was</wf>
<wf cmd="done" pos="VB" lemma="give" wnsn="3" lexsn="2:40:00::">give</wf>
<wf cmd="ignore" pos="PRP$">her</wf>
<wf cmd="ignore" pos="DT">a</wf>
<wf cmd="tag" pos="NN">handful</wf>
<wf cmd="ignore" pos="IN">of</wf>
<wf cmd="tag" pos="NNS">peanuts</wf>
<punc>,</punc>
<wf cmd="ignore" pos="CC">but</wf>
<wf cmd="ignore" pos="PRP">he</wf>
<wf cmd="done" pos="VB" lemma="say" wnsn="1" lexsn="2:32:00::">said</wf>
<wf cmd="tag" pos="RB">simultaneously</wf>
<punc>,</punc>
<punc>``</punc>
<wf cmd="ignore" pos="PRP">I</wf>
<wf cmd="done" pos="VB" lemma="wish" wnsn="3" lexsn="2:32:02::">wish</wf>
<wf cmd="ignore" pos="PRP">they</wf>
<wf cmd="done" pos="VB" lemma="be" wnsn="2" lexsn="2:42:06::">were</wf>
<wf cmd="tag" pos="NNS">emeralds</wf>
<punc>''</punc>
<punc>.</punc>
</s>
<s snum="4">
<wf cmd="tag" pos="RB">Aside</wf>
<wf cmd="ignore" pos="IN">from</wf>
<wf cmd="ignore" pos="DT">the</wf>
<wf cmd="tag" pos="JJ">comico-romantico</wf>
<wf cmd="tag" pos="NN">content</wf>
<wf cmd="tag" pos="RB">here</wf>
<punc>,</punc>
<wf cmd="ignore" pos="DT">a</wf>
<wf cmd="tag" pos="JJ">good</wf>
<wf cmd="tag" pos="NN">linguist-anthropologist</wf>
<wf cmd="ignore" pos="MD">could</wf>
<wf cmd="tag" pos="RB">readily</wf>
<wf cmd="done" pos="VB" lemma="pick_up" wnsn="5" lexsn="2:31:00::">pick_up</wf>
<wf cmd="tag" pos="JJ">a_few</wf>
<wf cmd="tag" pos="JJ">other</wf>
<wf cmd="tag" pos="NNS">facts</wf>
<punc>,</punc>
<wf cmd="tag" pos="RB">especially</wf>
<wf cmd="ignore" pos="IN">if</wf>
<wf cmd="ignore" pos="PRP">he</wf>
<wf cmd="done" pos="VB" lemma="have" wnsn="1" lexsn="2:40:00::">had</wf>
<wf cmd="tag" pos="RB">a_little</wf>
<wf cmd="tag" pos="JJR">more</wf>
<wf cmd="ignore" pos="IN">of</wf>
<wf cmd="ignore" pos="DT">the</wf>
<wf cmd="tag" pos="NN">conversation</wf>
<wf cmd="ignore" pos="TO">to</wf>
<wf cmd="done" pos="VB" lemma="go_on" wnsn="1" lexsn="2:42:00::">go_on</wf>
<punc>.</punc>
</s>
</p>
<p pnum="2">
<s snum="5">
<wf cmd="ignore" pos="DT">The</wf>
<wf cmd="tag" pos="NN">way</wf>
<wf cmd="tag" pos="NNP">MacArthur</wf>
<wf cmd="done" pos="VB" lemma="say" wnsn="1" lexsn="2:32:00::">said</wf>
<wf cmd="ignore" pos="PRP$">his</wf>
<wf cmd="tag" pos="NN">line</wf>
<punc>-</punc>
<wf cmd="ignore" pos="IN">if</wf>
<wf cmd="ignore" pos="PRP">you</wf>
<wf cmd="done" pos="VB" lemma="have" wnsn="1" lexsn="2:40:00::">had</wf>
<wf cmd="ignore" pos="DT">the</wf>
<wf cmd="tag" pos="JJ">recorded</wf>
<wf cmd="tag" pos="NN">transcript</wf>
<wf cmd="ignore" pos="IN">of</wf>
<wf cmd="ignore" pos="DT">a</wf>
<wf cmd="tag" pos="JJ">professional</wf>
<wf cmd="tag" pos="NN">linguist</wf>
<punc>-</punc>
<wf cmd="ignore" pos="MD">would</wf>
<wf cmd="tag" pos="RB">probably</wf>
<wf cmd="done" pos="VB" ot="notag">have</wf>
<wf cmd="done" pos="VB" lemma="go" wnsn="6" lexsn="2:42:02::">gone</wf>
<wf cmd="ignore" pos="IN">like</wf>
<wf cmd="ignore" pos="DT">this</wf>
<punc>:</punc>
<wf cmd="tag" pos="JJ">Primary</wf>
<wf cmd="tag" pos="NNS">stresses</wf>
<wf cmd="ignore" pos="IN">on</wf>
<wf cmd="tag" pos="NNS">emeralds</wf>
<wf cmd="ignore" pos="CC">and</wf>
<wf cmd="done" pos="VBP" ot="notag">wish</wf>
<punc>;</punc>
<wf cmd="tag" pos="NN">note</wf>
<wf cmd="tag" pos="NN">pitch</wf>
<wf cmd="tag" pos="CD">3</wf>
<punc>(</punc>
<wf cmd="tag" pos="RB">pretty</wf>
<wf cmd="tag" pos="JJ">high</wf>
<punc>)</punc>
<wf cmd="ignore" pos="IN">on</wf>
<wf cmd="tag" pos="NNS">emeralds</wf>
<wf cmd="ignore" pos="CC">but</wf>
<wf cmd="ignore" pos="IN">with</wf>
<wf cmd="ignore" pos="DT">a</wf>
<wf cmd="tag" pos="JJ">slight</wf>
<wf cmd="tag" pos="NN">degree</wf>
<wf cmd="ignore" pos="IN">of</wf>
<wf cmd="tag" pos="NN">drawl</wf>
<punc>,</punc>
<wf cmd="tag" pos="CD">one</wf>
<wf cmd="tag" pos="NN">degree</wf>
<wf cmd="ignore" pos="IN">of</wf>
<wf cmd="tag" pos="NN">oversoftness</wf>
<punc>.</punc>
</s>
<s snum="6">
<wf cmd="tag" pos="NNS">Conclusions</wf>
<punc>:</punc>
<wf cmd="ignore" pos="DT">The</wf>
<wf cmd="tag" pos="NNS">people</wf>
<wf cmd="tag" pos="JJ">involved</wf>
<punc>(</punc>
<wf cmd="ignore" pos="CC">and</wf>
<wf cmd="tag" pos="JJ">subsequent</wf>
<wf cmd="tag" pos="NNS">facts</wf>
<wf cmd="done" rdf="bear_out" pos="VB" lemma="bear_out" wnsn="1" lexsn="2:42:00::">bear</wf>
<wf cmd="ignore" pos="PRP">me</wf>
<wf cmd="ignore" pos="IN">out</wf>
<wf cmd="tag" pos="RB">here</wf>
<punc>)</punc>
<wf cmd="done" pos="VB" lemma="know" wnsn="1" lexsn="2:31:01::">knew</wf>
<wf cmd="tag" pos="RB">clearly</wf>
<wf cmd="ignore" pos="DT">the</wf>
<wf cmd="tag" pos="JJ">relative</wf>
<wf cmd="tag" pos="NNS">values</wf>
<wf cmd="ignore" pos="IN">of</wf>
<wf cmd="tag" pos="NNS">peanuts</wf>
<wf cmd="ignore" pos="CC">and</wf>
<wf cmd="tag" pos="NNS">emeralds</wf>
<punc>,</punc>
<wf cmd="ignore" pos="DT">both</wf>
<wf cmd="tag" pos="JJ">monetary</wf>
<wf cmd="ignore" pos="CC">and</wf>
<wf cmd="tag" pos="JJ">sentimental</wf>
<punc>.</punc>
</s>
<s snum="7">
<wf cmd="ignore" pos="CC">And</wf>
<wf cmd="ignore" pos="DT">the</wf>
<wf cmd="tag" pos="JJ">drawling</wf>
<punc>,</punc>
<wf cmd="tag" pos="JJ">oversoft</wf>
<wf cmd="tag" pos="NN">voice</wf>
<wf cmd="ignore" pos="IN">of</wf>
<wf cmd="tag" pos="NN">flirtation</wf>
<punc>,</punc>
<wf cmd="ignore" pos="IN">though</wf>
<wf cmd="tag" pos="RB">fairly</wf>
<wf cmd="tag" pos="JJ">overt</wf>
<punc>,</punc>
<wf cmd="done" pos="VB" lemma="be" wnsn="1" lexsn="2:42:03::">was</wf>
<wf cmd="tag" pos="RB">still</wf>
<wf cmd="tag" pos="RB">well</wf>
<wf cmd="ignore" pos="IN">within</wf>
<wf cmd="ignore" pos="DT">the</wf>
<wf cmd="tag" pos="JJ">prescribed</wf>
<wf cmd="tag" pos="NN">gambit</wf>
<wf cmd="ignore" pos="IN">of</wf>
<wf cmd="ignore" pos="PRP$">their</wf>
<wf cmd="tag" pos="NN">culture</wf>
<punc>.</punc>
</s>
</p>
<p pnum="3">
<s snum="8">
<wf cmd="tag" pos="RB">In_other_words</wf>
<punc>,</punc>
<wf cmd="ignore" pos="IN">like</wf>
<wf cmd="tag" pos="NN">automation</wf>
<wf cmd="tag" pos="NNS">machines</wf>
<wf cmd="done" pos="VB" lemma="design" wnsn="2" lexsn="2:31:00::">designed</wf>
<wf cmd="ignore" pos="TO">to</wf>
<wf cmd="done" pos="VB" lemma="work" wnsn="4" lexsn="2:35:02::">work</wf>
<wf cmd="ignore" pos="IN">in</wf>
<wf cmd="tag" pos="NN">tandem</wf>
<punc>,</punc>
<wf cmd="ignore" pos="PRP">they</wf>
<wf cmd="done" pos="VB" lemma="share" wnsn="1" lexsn="2:42:00::">shared</wf>
<wf cmd="ignore" pos="DT">the</wf>
<wf cmd="tag" pos="JJ">same</wf>
<wf cmd="tag" pos="NN">programming</wf>
<punc>,</punc>
<wf cmd="ignore" pos="DT">a</wf>
<wf cmd="tag" pos="NN">mutual_understanding</wf>
<wf cmd="tag" pos="RB">not_only</wf>
<wf cmd="ignore" pos="IN">of</wf>
<wf cmd="tag" pos="NNP">English</wf>
<wf cmd="tag" pos="NNS">words</wf>
<punc>,</punc>
<wf cmd="ignore" pos="CC">but</wf>
<wf cmd="ignore" pos="IN">of</wf>
<wf cmd="ignore" pos="DT">the</wf>
<wf cmd="tag" pos="CD">four</wf>
<wf cmd="tag" pos="NNS">stresses</wf>
<punc>,</punc>
<wf cmd="tag" pos="NNS">pitches</wf>
<punc>,</punc>
<wf cmd="ignore" pos="CC">and</wf>
<wf cmd="tag" pos="NNS">junctures</wf>
<wf cmd="ignore" pos="WDT">that</wf>
<wf cmd="ignore" pos="MD">can</wf>
<wf cmd="done" pos="VB" lemma="change" wnsn="1" lexsn="2:30:01::">change</wf>
<wf cmd="ignore" pos="PRP$">their</wf>
<wf cmd="tag" pos="NN">meaning</wf>
<wf cmd="ignore" pos="IN">from</wf>
<wf cmd="tag" pos="JJ">black</wf>
<wf cmd="ignore" pos="TO">to</wf>
<wf cmd="tag" pos="JJ">white</wf>
<punc>.</punc>
</s>
<s snum="9">
<wf cmd="ignore" pos="IN">At</wf>
<wf cmd="ignore" pos="DT">this</wf>
<wf cmd="tag" pos="NN">point</wf>
<punc>,</punc>
<wf cmd="tag" pos="RB">unfortunately</wf>
<punc>,</punc>
<wf cmd="tag" pos="NN">romance</wf>
<wf cmd="done" pos="VB" lemma="become" wnsn="1" lexsn="2:30:00::">becomes</wf>
<wf cmd="ignore" pos="DT">a</wf>
<wf cmd="tag" pos="RB">regrettably</wf>
<wf cmd="tag" pos="JJ">small</wf>
<wf cmd="tag" pos="NN">part</wf>
<wf cmd="ignore" pos="IN">of</wf>
<wf cmd="ignore" pos="DT">the</wf>
<wf cmd="tag" pos="NN">picture</wf>
<punc>;</punc>
<wf cmd="ignore" pos="CC">but</wf>
<wf cmd="done" pos="VB" lemma="consider" wnsn="3" lexsn="2:31:01::">consider</wf>
<punc>,</punc>
<wf cmd="ignore" pos="IN">if</wf>
<wf cmd="ignore" pos="PRP">you</wf>
<wf cmd="ignore" pos="MD">can</wf>
<wf cmd="done" pos="VB" lemma="bear" wnsn="3" lexsn="2:31:00::">bear</wf>
<wf cmd="ignore" pos="PRP">it</wf>
<punc>,</punc>
<wf cmd="ignore" pos="WP">what</wf>
<wf cmd="ignore" pos="MD">might</wf>
<wf cmd="done" pos="VB" ot="notag">have</wf>
<wf cmd="done" pos="VB" lemma="happen" wnsn="1" lexsn="2:30:00::">happened</wf>
<wf cmd="ignore" pos="IN">if</wf>
<wf cmd="tag" pos="NNP">MacArthur</wf>
<punc>,</punc>
<wf cmd="ignore" pos="IN">for</wf>
<wf cmd="ignore" pos="DT">some</wf>
<wf cmd="tag" pos="JJ">perverse</wf>
<punc>,</punc>
<wf cmd="tag" pos="JJ">undaunted</wf>
<wf cmd="tag" pos="NN">reason</wf>
<punc>,</punc>
<wf cmd="done" pos="VBD" ot="notag">had</wf>
<wf cmd="done" pos="VB" lemma="make" wnsn="1" lexsn="2:41:00::">made</wf>
<wf cmd="ignore" pos="DT">the</wf>
<wf cmd="tag" pos="JJ">same</wf>
<wf cmd="tag" pos="NN">remark</wf>
<wf cmd="ignore" pos="TO">to</wf>
<wf cmd="ignore" pos="DT">an</wf>
<wf cmd="tag" pos="NNP">Eskimo</wf>
<wf cmd="tag" pos="NN">girl</wf>
<wf cmd="ignore" pos="IN">in</wf>
<wf cmd="tag" pos="NNP">Eskimo</wf>
<punc>.</punc>
</s>
<s snum="10">
<wf cmd="ignore" pos="TO">To</wf>
<wf cmd="ignore" pos="PRP$">her</wf>
<wf cmd="tag" pos="NNS">peanuts</wf>
<wf cmd="ignore" pos="CC">and</wf>
<wf cmd="tag" pos="NNS">emeralds</wf>
<wf cmd="ignore" pos="MD">would</wf>
<wf cmd="done" pos="VB" ot="notag">have</wf>
<wf cmd="done" pos="VB" lemma="be" wnsn="9" lexsn="2:42:08::">been</wf>
<wf cmd="tag" pos="RB">just_so</wf>
<wf cmd="tag" pos="JJ">much</wf>
<wf cmd="tag" pos="NN">blubber</wf>
<punc>.</punc>
</s>
<s snum="11">
<wf cmd="ignore" pos="DT">The</wf>
<wf cmd="tag" pos="NN">point</wf>
<punc>-</punc>
<wf cmd="tag" pos="RB">quite</wf>
<wf cmd="tag" pos="RB">simply</wf>
<punc>-</punc>
<wf cmd="done" pos="VB" lemma="be" wnsn="2" lexsn="2:42:06::">is</wf>
<wf cmd="ignore" pos="DT">this</wf>
<punc>:</punc>
<wf cmd="tag" pos="NNS">words</wf>
<wf cmd="ignore" pos="PRP">they</wf>
<wf cmd="ignore" pos="MD">might</wf>
<wf cmd="done" pos="VB" ot="notag">have</wf>
<wf cmd="done" pos="VB" lemma="have" wnsn="1" lexsn="2:40:00::">had</wf>
<punc>;</punc>
<wf cmd="ignore" pos="CC">but</wf>
<wf cmd="tag" pos="NN">communication</wf>
<punc>,</punc>
<wf cmd="ignore" pos="DT">no</wf>
<punc>.</punc>
</s>
</p>
<p pnum="4">
<s snum="12">
<wf cmd="ignore" pos="DT">This</wf>
<wf cmd="tag" pos="NN">basic_principle</wf>
<punc>,</punc>
<wf cmd="ignore" pos="DT">the</wf>
<wf cmd="tag" pos="NN">first</wf>
<wf cmd="ignore" pos="IN">in</wf>
<wf cmd="ignore" pos="DT">a</wf>
<wf cmd="tag" pos="RB">richly</wf>
<wf cmd="tag" pos="JJ">knotted</wf>
<wf cmd="tag" pos="NN">bundle</wf>
<punc>,</punc>
<wf cmd="done" pos="VBD" ot="notag">was</wf>
<wf cmd="done" pos="VB" lemma="convey" wnsn="1" lexsn="2:32:00::">conveyed</wf>
<wf cmd="ignore" pos="TO">to</wf>
<wf cmd="ignore" pos="PRP">me</wf>
<wf cmd="ignore" pos="IN">by</wf>
<wf cmd="tag" pos="NNP">Dr._Henry_Lee_Smith</wf>
<punc>,</punc>
<wf cmd="tag" pos="NNP">Jr.</wf>
<punc>,</punc>
<wf cmd="ignore" pos="IN">at</wf>
<wf cmd="ignore" pos="DT">the</wf>
<wf cmd="tag" pos="NNP">University</wf>
<wf cmd="ignore" pos="IN">of</wf>
<wf cmd="tag" pos="NNP">Buffalo</wf>
<punc>,</punc>
<wf cmd="ignore" pos="WRB">where</wf>
<wf cmd="ignore" pos="PRP">he</wf>
<wf cmd="done" pos="VB" lemma="head" wnsn="2" lexsn="2:41:00::">heads</wf>
<wf cmd="ignore" pos="DT">the</wf>
<wf cmd="tag" pos="NN">world</wf>
<wf cmd="ignore" pos="POS">'s</wf>
<wf cmd="tag" pos="JJ">first</wf>
<wf cmd="tag" pos="NN">department_of_anthropology</wf>
<wf cmd="ignore" pos="CC">and</wf>
<wf cmd="tag" pos="NNS">linguistics</wf>
<punc>.</punc>
</s>
<s snum="13">
<wf cmd="ignore" pos="DT">A</wf>
<wf cmd="tag" pos="JJ">brisk</wf>
<punc>,</punc>
<wf cmd="tag" pos="JJ">amusing</wf>
<wf cmd="tag" pos="NN">man</wf>
<punc>,</punc>
<wf cmd="tag" pos="RB">apparently</wf>
<wf cmd="done" pos="VB" lemma="construct" wnsn="2" lexsn="2:36:01::">constructed</wf>
<wf cmd="ignore" pos="IN">on</wf>
<wf cmd="ignore" pos="DT">an</wf>
<wf cmd="tag" pos="JJ">ingenious</wf>
<wf cmd="tag" pos="NN">system</wf>
<wf cmd="ignore" pos="IN">of</wf>
<wf cmd="tag" pos="NN">spring-joints</wf>
<wf cmd="done" pos="VB" lemma="attune" wnsn="1" lexsn="2:30:00::">attuned</wf>
<wf cmd="ignore" pos="TO">to</wf>
<wf cmd="ignore" pos="DT">the</wf>
<wf cmd="tag" pos="JJ">same</wf>
<wf cmd="tag" pos="JJ">peppery</wf>
<wf cmd="tag" pos="NN">rhythm</wf>
<wf cmd="ignore" pos="IN">as</wf>
<wf cmd="ignore" pos="PRP$">his</wf>
<wf cmd="tag" pos="NN">mind</wf>
<punc>,</punc>
<wf cmd="tag" pos="NNP">Smith</wf>
<wf cmd="done" pos="VB" lemma="begin" wnsn="0" lexsn="2:36:00::">began</wf>
<wf cmd="ignore" pos="PRP$">his</wf>
<wf cmd="tag" pos="JJ">academic</wf>
<wf cmd="tag" pos="NN">career</wf>
<wf cmd="done" pos="VB" lemma="teach" wnsn="1" lexsn="2:32:00::">teaching</wf>
<wf cmd="tag" pos="NN">speech</wf>
<wf cmd="ignore" pos="TO">to</wf>
<wf cmd="tag" pos="NNP">Barnard</wf>
<wf cmd="tag" pos="NNS">girls</wf>
<punc>-</punc>
<wf cmd="ignore" pos="DT">a</wf>
<wf cmd="tag" pos="NN">project</wf>
<wf cmd="tag" pos="RB">considerably</wf>
<wf cmd="done" pos="VB" lemma="enliven" wnsn="2" lexsn="2:30:00::">enlivened</wf>
<wf cmd="ignore" pos="IN">by</wf>
<wf cmd="ignore" pos="PRP$">his</wf>
<wf cmd="tag" pos="NN">devotion</wf>
<wf cmd="ignore" pos="TO">to</wf>
<wf cmd="ignore" pos="DT">a</wf>
<wf cmd="tag" pos="NN">recording</wf>
<wf cmd="ignore" pos="IN">about</wf>
<punc>``</punc>
<wf cmd="ignore" pos="DT">a</wf>
<wf cmd="tag" pos="JJ">young</wf>
<wf cmd="tag" pos="NN">rat</wf>
<wf cmd="tag" pos="JJ">named</wf>
<wf cmd="tag" pos="NNP">Arthur</wf>
<punc>,</punc>
<wf cmd="ignore" pos="WP">who</wf>
<wf cmd="tag" pos="RB">never</wf>
<wf cmd="ignore" pos="MD">could</wf>
<wf cmd="done" rdf="make_up_one's_mind" pos="VB" lemma="make_up_one's_mind" wnsn="1" lexsn="2:31:00::">make_up</wf>
<wf cmd="ignore" pos="PRP$">his</wf>
<wf cmd="tag" pos="NN">mind</wf>
<punc>''</punc>
<punc>.</punc>
</s>
<s snum="14">
<wf cmd="tag" pos="RB">Later</wf>
<punc>,</punc>
<wf cmd="ignore" pos="PRP">he</wf>
<wf cmd="done" pos="VB" lemma="become" wnsn="1" lexsn="2:30:00::">became</wf>
<wf cmd="done" pos="VB" ot="notag">one</wf>
<wf cmd="ignore" pos="IN">of</wf>
<wf cmd="ignore" pos="DT">the</wf>
<wf cmd="tag" pos="JJ">central</wf>
<wf cmd="tag" pos="NNS">spirits</wf>
<wf cmd="ignore" pos="IN">of</wf>
<wf cmd="ignore" pos="DT">the</wf>
<wf cmd="tag" pos="NNP">Army</wf>
<wf cmd="tag" pos="NN">Language</wf>
<wf cmd="tag" pos="NN">Program</wf>
<wf cmd="ignore" pos="CC">and</wf>
<wf cmd="ignore" pos="DT">the</wf>
<wf cmd="tag" pos="NN">language_school</wf>
<wf cmd="ignore" pos="IN">of</wf>
<wf cmd="tag" pos="NNP">Washington</wf>
<wf cmd="ignore" pos="POS">'s</wf>
<wf cmd="tag" pos="NNP">Foreign_Service_Institute</wf>
<punc>.</punc>
</s>
<s snum="15">
<wf cmd="ignore" pos="PRP">It</wf>
<wf cmd="done" pos="VB" lemma="be" wnsn="3" lexsn="2:42:05::">was</wf>
<wf cmd="tag" pos="RB">there</wf>
<punc>,</punc>
<wf cmd="ignore" pos="IN">in</wf>
<wf cmd="ignore" pos="DT">the</wf>
<wf cmd="tag" pos="NN">course</wf>
<wf cmd="ignore" pos="IN">of</wf>
<wf cmd="done" pos="VB" lemma="try" wnsn="1" lexsn="2:41:00::">trying</wf>
<wf cmd="ignore" pos="TO">to</wf>
<wf cmd="done" pos="VB" lemma="prepare" wnsn="5" lexsn="2:41:00::">prepare</wf>
<wf cmd="tag" pos="JJ">new</wf>
<wf cmd="tag" pos="NNS">men</wf>
<wf cmd="ignore" pos="IN">for</wf>
<wf cmd="ignore" pos="DT">the</wf>
<punc>``</punc>
<wf cmd="tag" pos="NN">culture</wf>
<wf cmd="tag" pos="NN">shock</wf>
<punc>''</punc>
<wf cmd="ignore" pos="PRP">they</wf>
<wf cmd="ignore" pos="MD">might</wf>
<wf cmd="done" pos="VB" lemma="encounter" wnsn="3" lexsn="2:42:00::">encounter</wf>
<wf cmd="ignore" pos="IN">in</wf>
<wf cmd="tag" pos="JJ">remote</wf>
<wf cmd="tag" pos="JJ">overseas</wf>
<wf cmd="tag" pos="NNS">posts</wf>
<punc>,</punc>
<wf cmd="ignore" pos="IN">that</wf>
<wf cmd="ignore" pos="PRP">he</wf>
<wf cmd="tag" pos="RB">first</wf>
<wf cmd="done" pos="VB" lemma="begin" wnsn="1" lexsn="2:30:00::">began</wf>
<wf cmd="ignore" pos="TO">to</wf>
<wf cmd="done" pos="VB" lemma="develop" wnsn="2" lexsn="2:36:00::">develop</wf>
<wf cmd="ignore" pos="DT">a</wf>
<wf cmd="tag" pos="NN">system</wf>
<wf cmd="ignore" pos="IN">of</wf>
<wf cmd="done" pos="VB" lemma="chart" wnsn="1" lexsn="2:31:13::">charting</wf>
<wf cmd="ignore" pos="DT">the</wf>
<punc>``</punc>
<wf cmd="tag" pos="NNS">norms</wf>
<wf cmd="ignore" pos="IN">of</wf>
<wf cmd="tag" pos="JJ">human</wf>
<wf cmd="tag" pos="NN">communication</wf>
<punc>''</punc>
<punc>.</punc>
</s>
</p>
<p pnum="5">
<s snum="16">
<wf cmd="ignore" pos="TO">To</wf>
<wf cmd="ignore" pos="DT">the</wf>
<wf cmd="tag" pos="JJ">trained</wf>
<wf cmd="tag" pos="NN">ear</wf>
<wf cmd="ignore" pos="IN">of</wf>
<wf cmd="ignore" pos="DT">the</wf>
<wf cmd="tag" pos="NN">linguist</wf>
<punc>,</punc>
<wf cmd="tag" pos="NN">talk</wf>
<wf cmd="done" pos="VBZ" ot="notag">has</wf>
<wf cmd="tag" pos="RB">always</wf>
<wf cmd="done" pos="VB" lemma="reveal" wnsn="2" lexsn="2:32:00::">revealed</wf>
<wf cmd="ignore" pos="DT">a</wf>
<wf cmd="tag" pos="JJ">staggering</wf>
<wf cmd="tag" pos="NN">quantity</wf>
<wf cmd="ignore" pos="IN">of</wf>
<wf cmd="tag" pos="NN">information</wf>
<wf cmd="ignore" pos="IN">about</wf>
<wf cmd="ignore" pos="DT">the</wf>
<wf cmd="tag" pos="NN">talker</wf>
<punc>-</punc>
<wf cmd="tag" pos="JJ">such</wf>
<wf cmd="tag" pos="NNS">things</wf>
<wf cmd="ignore" pos="IN">as</wf>
<wf cmd="tag" pos="JJ">geographical</wf>
<wf cmd="tag" pos="NN">origin</wf>
<wf cmd="ignore" pos="CC">and</wf>
<punc>/</punc>
<wf cmd="ignore" pos="CC">or</wf>
<wf cmd="tag" pos="NN">history</wf>
<punc>,</punc>
<wf cmd="tag" pos="JJ">socio-economic</wf>
<wf cmd="tag" pos="NN">identity</wf>
<punc>,</punc>
<wf cmd="tag" pos="NN">education</wf>
<punc>.</punc>
</s>
<s snum="17">
<wf cmd="ignore" pos="PRP">It</wf>
<wf cmd="done" pos="VB" lemma="be" wnsn="1" lexsn="2:42:03::">is</wf>
<wf cmd="tag" pos="RB">only</wf>
<wf cmd="tag" pos="RB">fairly</wf>
<wf cmd="tag" pos="RB">recently</wf>
<punc>,</punc>
<wf cmd="tag" pos="RB">however</wf>
<punc>,</punc>
<wf cmd="ignore" pos="IN">that</wf>
<wf cmd="tag" pos="NNS">linguists</wf>
<wf cmd="done" pos="VBP" ot="notag">have</wf>
<wf cmd="done" pos="VB" lemma="develop" wnsn="2" lexsn="2:36:00::">developed</wf>
<wf cmd="ignore" pos="DT">a</wf>
<wf cmd="tag" pos="JJ">systematic</wf>
<wf cmd="tag" pos="NN">way</wf>
<wf cmd="ignore" pos="IN">of</wf>
<wf cmd="done" pos="VB" lemma="chart" wnsn="1" lexsn="2:31:13::">charting</wf>
<wf cmd="tag" pos="NNS">voices</wf>
<wf cmd="tag" pos="RB">on_paper</wf>
<wf cmd="tag" pos="RB">in_a_way</wf>
<wf cmd="ignore" pos="IN">that</wf>
<wf cmd="done" pos="VB" lemma="tell" wnsn="2" lexsn="2:32:00::">tells</wf>
<wf cmd="tag" pos="RB">even</wf>
<wf cmd="tag" pos="JJR">more</wf>
<wf cmd="ignore" pos="IN">about</wf>
<wf cmd="ignore" pos="DT">the</wf>
<wf cmd="tag" pos="NNS">speakers</wf>
<wf cmd="ignore" pos="CC">and</wf>
<wf cmd="ignore" pos="IN">about</wf>
<wf cmd="ignore" pos="DT">the</wf>
<wf cmd="tag" pos="NN">success</wf>
<wf cmd="ignore" pos="CC">or</wf>
<wf cmd="tag" pos="NN">failure</wf>
<wf cmd="ignore" pos="IN">of</wf>
<wf cmd="tag" pos="JJ">human</wf>
<wf cmd="tag" pos="NN">communication</wf>
<wf cmd="ignore" pos="IN">between</wf>
<wf cmd="tag" pos="CD">two</wf>
<wf cmd="tag" pos="NNS">people</wf>
<punc>.</punc>
</s>
<s snum="18">
<wf cmd="ignore" pos="DT">This</wf>
<punc>,</punc>
<wf cmd="ignore" pos="IN">for</wf>
<wf cmd="tag" pos="JJ">obvious</wf>
<wf cmd="tag" pos="NNS">reasons</wf>
<punc>,</punc>
<wf cmd="done" pos="VB" lemma="make" wnsn="2" lexsn="2:30:00::">makes</wf>
<wf cmd="ignore" pos="PRP$">their</wf>
<wf cmd="tag" pos="NNS">techniques</wf>
<wf cmd="tag" pos="RB">superbly</wf>
<wf cmd="tag" pos="JJ">useful</wf>
<wf cmd="ignore" pos="IN">in</wf>
<wf cmd="done" pos="VB" lemma="study" wnsn="1" lexsn="2:31:02::">studying</wf>
<wf cmd="ignore" pos="DT">the</wf>
<wf cmd="tag" pos="JJ">psychiatric</wf>
<wf cmd="tag" pos="NN">interview</wf>
<punc>,</punc>
<wf cmd="tag" pos="RB">so</wf>
<wf cmd="tag" pos="JJ">useful</wf>
<punc>,</punc>
<wf cmd="tag" pos="RB">in_fact</wf>
<punc>,</punc>
<wf cmd="ignore" pos="IN">that</wf>
<wf cmd="ignore" pos="PRP">they</wf>
<wf cmd="done" pos="VBP" ot="notag">have</wf>
<wf cmd="done" pos="VBN" ot="notag">been</wf>
<wf cmd="tag" pos="RB">successfully</wf>
<wf cmd="done" pos="VB" lemma="use" wnsn="1" lexsn="2:34:01::">used</wf>
<wf cmd="tag" pos="TO">to</wf>
<wf cmd="done" pos="VB" lemma="suggest" wnsn="1" lexsn="2:32:00::">suggest</wf>
<wf cmd="tag" pos="NNS">ways</wf>
<wf cmd="ignore" pos="TO">to</wf>
<wf cmd="done" pos="VB" lemma="speed" wnsn="2" lexsn="2:30:00::">speed</wf>
<wf cmd="tag" pos="NN">diagnosis</wf>
<wf cmd="ignore" pos="CC">and</wf>
<wf cmd="ignore" pos="TO">to</wf>
<wf cmd="done" pos="VB" lemma="evaluate" wnsn="1" lexsn="2:31:00::">evaluate</wf>
<wf cmd="ignore" pos="DT">the</wf>
<wf cmd="tag" pos="NN">progress</wf>
<wf cmd="ignore" pos="IN">of</wf>
<wf cmd="tag" pos="NN">therapy</wf>
<punc>.</punc>
</s>
</p>
<p pnum="6">
<s snum="19">
<wf cmd="ignore" pos="IN">In</wf>
<wf cmd="ignore" pos="DT">the</wf>
<wf cmd="tag" pos="JJ">early</wf>
<wf cmd="tag" pos="CD">1950</wf>
<wf cmd="ignore" pos="POS">'s</wf>
<punc>,</punc>
<wf cmd="tag" pos="NNP">Smith</wf>
<punc>,</punc>
<wf cmd="tag" pos="RB">together</wf>
<wf cmd="ignore" pos="IN">with</wf>
<wf cmd="ignore" pos="PRP$">his</wf>
<wf cmd="tag" pos="JJ">distinguished</wf>
<wf cmd="tag" pos="NN">colleague</wf>
<punc>,</punc>
<wf cmd="tag" pos="NNP">George_Trager</wf>
<punc>(</punc>
<wf cmd="tag" pos="RB">so</wf>
<wf cmd="tag" pos="RB">austerely</wf>
<wf cmd="tag" pos="JJ">academic</wf>
<wf cmd="ignore" pos="PRP">he</wf>
<wf cmd="tag" pos="RB">sometimes</wf>
<wf cmd="done" pos="VB" lemma="fight" wnsn="2" lexsn="2:33:01::">fights</wf>
<wf cmd="ignore" pos="PRP$">his</wf>
<wf cmd="tag" pos="JJ">own</wf>
<wf cmd="tag" pos="JJ">evident</wf>
<wf cmd="tag" pos="NN">charm</wf>
<punc>)</punc>
<punc>,</punc>
<wf cmd="ignore" pos="CC">and</wf>
<wf cmd="ignore" pos="DT">a</wf>
<wf cmd="tag" pos="JJ">third</wf>
<wf cmd="tag" pos="NN">man</wf>
<wf cmd="ignore" pos="IN">with</wf>
<wf cmd="ignore" pos="DT">the</wf>
<wf cmd="tag" pos="JJ">engaging</wf>
<wf cmd="tag" pos="NN">name</wf>
<wf cmd="ignore" pos="IN">of</wf>
<wf cmd="tag" pos="NNP">Birdwhistell</wf>
<punc>(</punc>
<wf cmd="tag" pos="NNP">Ray</wf>
<punc>)</punc>
<punc>,</punc>
<wf cmd="done" pos="VB" lemma="agree" wnsn="1" lexsn="2:32:00::">agreed</wf>
<wf cmd="ignore" pos="IN">on</wf>
<wf cmd="ignore" pos="DT">some</wf>
<wf cmd="tag" pos="JJ">basic</wf>
<wf cmd="tag" pos="NNS">premises</wf>
<wf cmd="ignore" pos="IN">about</wf>
<wf cmd="ignore" pos="DT">the</wf>
<wf cmd="tag" pos="JJ">three-part</wf>
<wf cmd="tag" pos="NN">process</wf>
<wf cmd="ignore" pos="WDT">that</wf>
<wf cmd="done" pos="VB" lemma="make" wnsn="3" lexsn="2:36:00::">makes</wf>
<wf cmd="tag" pos="NN">communication</wf>
<punc>:</punc>
<punc>(</punc>
<wf cmd="tag" pos="CD">1</wf>
<punc>)</punc>
<wf cmd="tag" pos="NNS">words</wf>
<wf cmd="ignore" pos="CC">or</wf>
<wf cmd="tag" pos="NN">language</wf>
<punc>(</punc>
<wf cmd="tag" pos="CD">2</wf>
<punc>)</punc>
<wf cmd="tag" pos="NN">paralanguage</wf>
<punc>,</punc>
<wf cmd="ignore" pos="DT">a</wf>
<wf cmd="tag" pos="NN">set</wf>
<wf cmd="ignore" pos="IN">of</wf>
<wf cmd="tag" pos="NNS">phenomena</wf>
<wf cmd="done" pos="VB" lemma="include" wnsn="1" lexsn="2:42:00::">including</wf>
<wf cmd="tag" pos="NN">laughing</wf>
<punc>,</punc>
<wf cmd="tag" pos="NN">weeping</wf>
<punc>,</punc>
<wf cmd="tag" pos="NN">voice</wf>
<wf cmd="tag" pos="NNS">breaks</wf>
<punc>,</punc>
<wf cmd="ignore" pos="CC">and</wf>
<punc>``</punc>
<wf cmd="tag" pos="NN">tone</wf>
<punc>''</punc>
<wf cmd="ignore" pos="IN">of</wf>
<wf cmd="tag" pos="NN">voice</wf>
<punc>,</punc>
<wf cmd="ignore" pos="CC">and</wf>
<punc>(</punc>
<wf cmd="tag" pos="CD">3</wf>
<punc>)</punc>
<wf cmd="tag" pos="NNS">kinesics</wf>
<punc>,</punc>
<wf cmd="ignore" pos="DT">the</wf>
<wf cmd="tag" pos="JJ">technical</wf>
<wf cmd="tag" pos="NN">name</wf>
<wf cmd="ignore" pos="IN">for</wf>
<wf cmd="tag" pos="NNS">gestures</wf>
<punc>,</punc>
<wf cmd="tag" pos="NN">facial_expressions</wf>
<punc>,</punc>
<wf cmd="ignore" pos="CC">and</wf>
<wf cmd="tag" pos="NN">body</wf>
<wf cmd="tag" pos="NNS">shifts</wf>
<punc>-</punc>
<wf cmd="done" pos="VB" lemma="nod" wnsn="2" lexsn="2:32:00::">nodding</wf>
<wf cmd="ignore" pos="CC">or</wf>
<wf cmd="done" pos="VB" lemma="shake" wnsn="4" lexsn="2:38:02::">shaking</wf>
<wf cmd="ignore" pos="DT">the</wf>
<wf cmd="tag" pos="NN">head</wf>
<punc>,</punc>
<punc>``</punc>
<wf cmd="done" pos="VB" lemma="talk" wnsn="2" lexsn="2:32:00::">talking</wf>
<punc>''</punc>
<wf cmd="ignore" pos="IN">with</wf>
<wf cmd="tag" pos="CD">one</wf>
<wf cmd="ignore" pos="POS">'s</wf>
<wf cmd="tag" pos="NNS">hands</wf>
<punc>,</punc>
<wf cmd="ignore" pos="FW">et</wf>
<wf cmd="tag" pos="NN">cetera</wf>
<punc>.</punc>
</s>
</p>
<p pnum="7">
<s snum="20">
<wf cmd="tag" pos="NNP">Smith</wf>
<wf cmd="ignore" pos="POS">'s</wf>
<wf cmd="tag" pos="JJ">first</wf>
<wf cmd="tag" pos="NN">workout</wf>
<wf cmd="ignore" pos="IN">with</wf>
<wf cmd="tag" pos="NNS">stresses</wf>
<punc>,</punc>
<wf cmd="tag" pos="NNS">pitches</wf>
<punc>,</punc>
<wf cmd="ignore" pos="CC">and</wf>
<wf cmd="tag" pos="NNS">junctures</wf>
<wf cmd="done" pos="VB" ot="notag">was</wf>
<wf cmd="done" pos="VB" lemma="base" wnsn="1" lexsn="2:31:00::">based</wf>
<wf cmd="done" pos="VB" ot="notag">on</wf>
<wf cmd="tag" pos="NN">mother</wf>
<punc>,</punc>
<wf cmd="ignore" pos="WDT">which</wf>
<wf cmd="done" pos="VB" lemma="spell" wnsn="2" lexsn="2:32:01::">spells</wf>
<punc>,</punc>
<wf cmd="ignore" pos="IN">in</wf>
<wf cmd="ignore" pos="PRP$">our</wf>
<wf cmd="tag" pos="NN">culture</wf>
<punc>,</punc>
<wf cmd="ignore" pos="DT">a</wf>
<wf cmd="tag" pos="NN">good_deal</wf>
<wf cmd="tag" pos="RB">more_than</wf>
<wf cmd="tag" pos="NN">bread</wf>
<wf cmd="tag" pos="RB">alone</wf>
<punc>.</punc>
</s>
<s snum="21">
<wf cmd="tag" pos="RB">For_example</wf>
<punc>,</punc>
<wf cmd="ignore" pos="IN">if</wf>
<wf cmd="ignore" pos="PRP">you</wf>
<wf cmd="done" pos="VB" lemma="be" wnsn="2" lexsn="2:42:06::">are</wf>
<wf cmd="ignore" pos="DT">a</wf>
<wf cmd="tag" pos="RB">reasonably</wf>
<wf cmd="tag" pos="JJ">well-adjusted</wf>
<wf cmd="tag" pos="NN">person</wf>
<punc>,</punc>
<wf cmd="ignore" pos="EX">there</wf>
<wf cmd="done" pos="VB" lemma="be" wnsn="1" lexsn="2:42:03::">are</wf>
<wf cmd="tag" pos="JJ">certain</wf>
<wf cmd="tag" pos="NNS">ways</wf>
<wf cmd="ignore" pos="WDT">that</wf>
<wf cmd="done" pos="VB" lemma="be" wnsn="1" lexsn="2:42:03::">are</wf>
<wf cmd="tag" pos="JJ">reasonable</wf>
<wf cmd="ignore" pos="CC">and</wf>
<wf cmd="tag" pos="JJ">appropriate</wf>
<wf cmd="ignore" pos="IN">for</wf>
<wf cmd="done" pos="VB" lemma="address" wnsn="1" lexsn="2:32:00::">addressing</wf>
<wf cmd="ignore" pos="PRP$">your</wf>
<wf cmd="tag" pos="NN">mother</wf>
<punc>.</punc>
</s>
<s snum="22">
<wf cmd="ignore" pos="DT">The</wf>
<wf cmd="tag" pos="JJ">usual</wf>
<wf cmd="tag" pos="NNP">U._S.</wf>
<wf cmd="tag" pos="NN">norm</wf>
<wf cmd="ignore" pos="MD">would</wf>
<wf cmd="done" pos="VB" lemma="be" wnsn="2" lexsn="2:42:06::">be</wf>
<punc>:</punc>
<wf cmd="tag" pos="NNP">Middle</wf>
<wf cmd="tag" pos="NNS">pitches</wf>
<punc>,</punc>
<wf cmd="tag" pos="JJ">slight</wf>
<wf cmd="tag" pos="NN">pause</wf>
<punc>(</punc>
<wf cmd="tag" pos="NN">juncture</wf>
<punc>)</punc>
<wf cmd="ignore" pos="IN">before</wf>
<wf cmd="tag" pos="NN">mother</wf>
<punc>,</punc>
<wf cmd="tag" pos="JJ">slight</wf>
<wf cmd="tag" pos="NN">rise</wf>
<wf cmd="ignore" pos="IN">at</wf>
<wf cmd="ignore" pos="DT">the</wf>
<wf cmd="tag" pos="NN">end</wf>
<punc>.</punc>
</s>
<s snum="23">
<wf cmd="ignore" pos="DT">The</wf>
<wf cmd="tag" pos="NNS">symbols</wf>
<wf cmd="ignore" pos="IN">of</wf>
<wf cmd="tag" pos="NN">mother</wf>
<wf cmd="ignore" pos="POS">'s</wf>
<wf cmd="tag" pos="NN">status</wf>
<punc>,</punc>
<wf cmd="tag" pos="RB">here</wf>
<punc>,</punc>
<wf cmd="done" pos="VB" lemma="be" wnsn="1" lexsn="2:42:03::">are</wf>
<wf cmd="ignore" pos="DT">all</wf>
<wf cmd="tag" pos="JJ">usual</wf>
<wf cmd="ignore" pos="IN">for</wf>
<wf cmd="tag" pos="NN">culture</wf>
<wf cmd="tag" pos="NNP">U._S._A.</wf>
<punc>.</punc>
</s>
<s snum="24">
<wf cmd="tag" pos="RB">Quite</wf>
<wf cmd="tag" pos="JJ">other</wf>
<wf cmd="tag" pos="NNS">feelings</wf>
<wf cmd="done" pos="VBP" ot="notag">are</wf>
<wf cmd="done" pos="VB" lemma="evidence" wnsn="3" lexsn="2:32:02::">evidenced</wf>
<wf cmd="ignore" pos="IN">by</wf>
<wf cmd="ignore" pos="DT">this</wf>
<wf cmd="tag" pos="NN">style</wf>
<punc>:</punc>
<wf cmd="done" pos="VB" lemma="note" wnsn="3" lexsn="2:39:02::">Note</wf>
<wf cmd="ignore" pos="DT">the</wf>
<wf cmd="tag" pos="NN">drop</wf>
<wf cmd="ignore" pos="TO">to</wf>
<wf cmd="tag" pos="NN">pitch</wf>
<wf cmd="tag" pos="CD">1</wf>
<punc>(</punc>
<wf cmd="ignore" pos="DT">the</wf>
<wf cmd="tag" pos="JJS">lowest</wf>
<punc>)</punc>
<wf cmd="ignore" pos="IN">on</wf>
<wf cmd="tag" pos="NN">mother</wf>
<wf cmd="ignore" pos="IN">with</wf>
<wf cmd="ignore" pos="DT">no</wf>
<wf cmd="tag" pos="NN">rise</wf>
<wf cmd="ignore" pos="IN">at</wf>
<wf cmd="ignore" pos="DT">the</wf>
<wf cmd="tag" pos="NN">end</wf>
<wf cmd="ignore" pos="IN">of</wf>
<wf cmd="ignore" pos="DT">the</wf>
<wf cmd="tag" pos="NN">sentence</wf>
<punc>;</punc>
<wf cmd="ignore" pos="DT">this</wf>
<wf cmd="done" pos="VB" lemma="be" wnsn="2" lexsn="2:42:06::">is</wf>
<wf cmd="ignore" pos="DT">a</wf>
<punc>``</punc>
<wf cmd="tag" pos="NN">fade</wf>
<punc>''</punc>
<wf cmd="tag" pos="NN">ending</wf>
<punc>,</punc>
<wf cmd="ignore" pos="CC">and</wf>
<wf cmd="ignore" pos="WP">what</wf>
<wf cmd="ignore" pos="PRP">you</wf>
<wf cmd="done" pos="VB" lemma="have" wnsn="1" lexsn="2:40:00::">have</wf>
<wf cmd="tag" pos="RB">here</wf>
<wf cmd="done" pos="VB" lemma="be" wnsn="2" lexsn="2:42:06::">is</wf>
<wf cmd="ignore" pos="DT">a</wf>
<wf cmd="tag" pos="JJ">downtalking</wf>
<wf cmd="tag" pos="NN">style</wf>
<wf cmd="ignore" pos="IN">of</wf>
<wf cmd="tag" pos="NN">speech</wf>
<punc>,</punc>
<wf cmd="done" pos="VB" lemma="express" wnsn="3" lexsn="2:32:02::">expressing</wf>
<wf cmd="tag" pos="NN">something</wf>
<wf cmd="tag" pos="RB">less_than</wf>
<wf cmd="tag" pos="JJ">conventional</wf>
<wf cmd="tag" pos="NN">respect</wf>
<wf cmd="ignore" pos="IN">for</wf>
<wf cmd="tag" pos="NN">mother</wf>
<punc>.</punc>
</s>
<s snum="25">
<wf cmd="tag" pos="RB">Even_less</wf>
<wf cmd="tag" pos="NN">regard</wf>
<wf cmd="ignore" pos="IN">for</wf>
<wf cmd="tag" pos="NN">mom</wf>
<wf cmd="ignore" pos="CC">and</wf>
<wf cmd="tag" pos="NN">mom</wf>
<wf cmd="ignore" pos="POS">'s</wf>
<wf cmd="tag" pos="NN">apple_pie</wf>
<wf cmd="done" pos="VB" lemma="go_with" wnsn="1" lexsn="2:42:01::">goes_with</wf>
<punc>:</punc>
<wf cmd="tag" pos="RB">In_other_words</wf>
<punc>,</punc>
<wf cmd="ignore" pos="DT">the</wf>
<wf cmd="tag" pos="NN">way</wf>
<wf cmd="ignore" pos="DT">the</wf>
<wf cmd="tag" pos="NN">speaker</wf>
<wf cmd="done" pos="VB" lemma="relate" wnsn="5" lexsn="2:41:00::">relates</wf>
<wf cmd="done" pos="VB" ot="notag">to</wf>
<wf cmd="tag" pos="NN">mother</wf>
<wf cmd="done" pos="VBZ" ot="notag">is</wf>
<wf cmd="tag" pos="RB">clearly</wf>
<wf cmd="done" pos="VB" lemma="indicate" wnsn="1" lexsn="2:32:01::">indicated</wf>
<punc>.</punc>
</s>
<s snum="26">
<wf cmd="ignore" pos="CC">And</wf>
<wf cmd="ignore" pos="IN">while</wf>
<wf cmd="ignore" pos="DT">the</wf>
<wf cmd="tag" pos="NN">meaning</wf>
<wf cmd="ignore" pos="IN">of</wf>
<wf cmd="ignore" pos="DT">the</wf>
<wf cmd="tag" pos="NNS">words</wf>
<wf cmd="done" pos="VBZ" ot="notag">is</wf>
<wf cmd="tag" pos="RB">not</wf>
<wf cmd="tag" pos="RB">in_this</wf>
<wf cmd="tag" pos="NN">instance</wf>
<wf cmd="done" pos="VB" lemma="alter" wnsn="1" lexsn="2:30:01::">altered</wf>
<punc>,</punc>
<wf cmd="ignore" pos="DT">the</wf>
<wf cmd="tag" pos="NN">quality</wf>
<wf cmd="ignore" pos="IN">of</wf>
<wf cmd="tag" pos="NN">communication</wf>
<wf cmd="ignore" pos="IN">in</wf>
<wf cmd="ignore" pos="DT">both</wf>
<wf cmd="ignore" pos="DT">the</wf>
<wf cmd="tag" pos="JJ">second</wf>
<wf cmd="ignore" pos="CC">and</wf>
<wf cmd="tag" pos="JJ">third</wf>
<wf cmd="tag" pos="NNS">examples</wf>
<wf cmd="done" pos="VBZ" ot="notag">is</wf>
<wf cmd="tag" pos="RB">definitely</wf>
<wf cmd="done" pos="VB" lemma="impair" wnsn="2" lexsn="2:30:01::">impaired</wf>
<punc>.</punc>
</s>
<s snum="27">
<wf cmd="ignore" pos="DT">An</wf>
<wf cmd="tag" pos="JJ">accompanying</wf>
<wf cmd="tag" pos="NN">record</wf>
<wf cmd="ignore" pos="IN">of</wf>
<wf cmd="tag" pos="NN">paralanguage</wf>
<wf cmd="tag" pos="NNS">factors</wf>
<wf cmd="ignore" pos="IN">for</wf>
<wf cmd="ignore" pos="DT">the</wf>
<wf cmd="tag" pos="JJ">second</wf>
<wf cmd="tag" pos="NN">example</wf>
<wf cmd="ignore" pos="MD">might</wf>
<wf cmd="tag" pos="RB">also</wf>
<wf cmd="done" pos="VB" lemma="note" wnsn="4" lexsn="2:32:01::">note</wf>
<wf cmd="ignore" pos="DT">a</wf>
<wf cmd="tag" pos="JJ">throaty</wf>
<wf cmd="tag" pos="NN">rasp</wf>
<punc>.</punc>
</s>
<s snum="28">
<wf cmd="ignore" pos="IN">With</wf>
<wf cmd="ignore" pos="DT">this</wf>
<wf cmd="tag" pos="JJ">seven-word</wf>
<wf cmd="tag" pos="NN">sentence</wf>
<punc>-</punc>
<wf cmd="ignore" pos="IN">though</wf>
<wf cmd="ignore" pos="DT">the</wf>
<wf cmd="tag" pos="NN">speaker</wf>
<wf cmd="tag" pos="RB">undoubtedly</wf>
<wf cmd="done" pos="VB" lemma="think" wnsn="2" lexsn="2:31:03::">thought</wf>
<wf cmd="ignore" pos="PRP">he</wf>
<wf cmd="done" pos="VBD" ot="notag">was</wf>
<wf cmd="done" pos="VB" lemma="deal" wnsn="1" lexsn="2:32:08::">dealing</wf>
<wf cmd="tag" pos="RB">only</wf>
<wf cmd="ignore" pos="IN">with</wf>
<wf cmd="ignore" pos="DT">the</wf>
<wf cmd="tag" pos="NN">subject</wf>
<wf cmd="ignore" pos="IN">of</wf>
<wf cmd="tag" pos="NN">food</wf>
<punc>-</punc>
<wf cmd="ignore" pos="PRP">he</wf>
<wf cmd="done" pos="VBD" ot="notag">was</wf>
<wf cmd="done" pos="VB" lemma="tell" wnsn="2" lexsn="2:32:00::">telling</wf>
<wf cmd="tag" pos="NNS">things</wf>
<wf cmd="ignore" pos="IN">about</wf>
<wf cmd="ignore" pos="PRP">himself</wf>
<wf cmd="ignore" pos="CC">and</wf>
<punc>,</punc>
<wf cmd="ignore" pos="IN">in</wf>
<wf cmd="ignore" pos="DT">the</wf>
<wf cmd="tag" pos="JJ">last</wf>
<wf cmd="tag" pos="CD">two</wf>
<wf cmd="tag" pos="NNS">examples</wf>
<punc>,</punc>
<wf cmd="done" pos="VB" lemma="reveal" wnsn="2" lexsn="2:32:00::">revealing</wf>
<wf cmd="ignore" pos="IN">that</wf>
<wf cmd="ignore" pos="PRP">he</wf>
<wf cmd="done" pos="VBD" ot="notag">had</wf>
<wf cmd="done" pos="VB" lemma="depart" wnsn="2" lexsn="2:42:00::">departed</wf>
<wf cmd="ignore" pos="IN">from</wf>
<wf cmd="ignore" pos="DT">the</wf>
<wf cmd="tag" pos="NNS">customs</wf>
<wf cmd="ignore" pos="IN">of</wf>
<wf cmd="ignore" pos="PRP$">his</wf>
<wf cmd="tag" pos="NN">culture</wf>
<punc>.</punc>
</s>
</p>
<p pnum="8">
<s snum="29">
<wf cmd="ignore" pos="DT">The</wf>
<wf cmd="tag" pos="JJ">joint</wf>
<wf cmd="tag" pos="NNS">investigations</wf>
<wf cmd="ignore" pos="IN">of</wf>
<wf cmd="tag" pos="NNS">linguistics</wf>
<wf cmd="ignore" pos="CC">and</wf>
<wf cmd="tag" pos="NN">psychiatry</wf>
<wf cmd="done" pos="VBP" ot="notag">have</wf>
<wf cmd="done" pos="VB" lemma="establish" wnsn="3" lexsn="2:31:00::">established</wf>
<punc>,</punc>
<wf cmd="tag" pos="RB">in_point_of_fact</wf>
<punc>,</punc>
<wf cmd="ignore" pos="IN">that</wf>
<wf cmd="tag" pos="RB">no_matter</wf>
<wf cmd="ignore" pos="WP">what</wf>
<wf cmd="ignore" pos="DT">the</wf>
<wf cmd="tag" pos="NN">subject</wf>
<wf cmd="ignore" pos="IN">of</wf>
<wf cmd="tag" pos="NN">conversation</wf>
<wf cmd="done" pos="VB" lemma="be" wnsn="2" lexsn="2:42:06::">is</wf>
<wf cmd="ignore" pos="CC">or</wf>
<wf cmd="ignore" pos="WP">what</wf>
<wf cmd="tag" pos="NNS">words</wf>
<wf cmd="done" pos="VB" ot="notag">are_involved</wf>
<punc>,</punc>
<wf cmd="ignore" pos="PRP">it</wf>
<wf cmd="done" pos="VB" lemma="be" wnsn="1" lexsn="2:42:03::">is</wf>
<wf cmd="tag" pos="JJ">impossible</wf>
<wf cmd="ignore" pos="IN">for</wf>
<wf cmd="tag" pos="NNS">people</wf>
<wf cmd="ignore" pos="TO">to</wf>
<wf cmd="done" pos="VB" lemma="talk" wnsn="2" lexsn="2:32:00::">talk</wf>
<wf cmd="tag" pos="RB">at_all</wf>
<wf cmd="ignore" pos="IN">without</wf>
<wf cmd="done" pos="VB" lemma="tell" wnsn="2" lexsn="2:32:00::">telling</wf>
<wf cmd="tag" pos="RB">over_and_over_again</wf>
<wf cmd="ignore" pos="WP">what</wf>
<wf cmd="tag" pos="RB">sort_of</wf>
<wf cmd="tag" pos="NNS">people</wf>
<wf cmd="ignore" pos="PRP">they</wf>
<wf cmd="done" pos="VB" lemma="be" wnsn="2" lexsn="2:42:06::">are</wf>
<wf cmd="tag" pos="RB">and_how</wf>
<wf cmd="ignore" pos="PRP">they</wf>
<wf cmd="done" pos="VB" lemma="relate" wnsn="5" lexsn="2:41:00::">relate</wf>
<wf cmd="done" pos="VB" ot="notag">to</wf>
<wf cmd="ignore" pos="DT">the</wf>
<wf cmd="tag" pos="NN">rest</wf>
<wf cmd="ignore" pos="IN">of</wf>
<wf cmd="ignore" pos="DT">the</wf>
<wf cmd="tag" pos="NN">world</wf>
<punc>.</punc>
</s>
<s snum="30">
<wf cmd="ignore" pos="IN">Since</wf>
<wf cmd="tag" pos="NN">interviewing</wf>
<wf cmd="done" pos="VB" lemma="be" wnsn="2" lexsn="2:42:06::">is</wf>
<wf cmd="ignore" pos="DT">the</wf>
<wf cmd="tag" pos="JJ">basic</wf>
<wf cmd="tag" pos="JJ">therapeutic</wf>
<wf cmd="ignore" pos="CC">and</wf>
<wf cmd="tag" pos="JJ">diagnostic</wf>
<wf cmd="tag" pos="NN">instrument</wf>
<wf cmd="ignore" pos="IN">of</wf>
<wf cmd="tag" pos="JJ">modern</wf>
<wf cmd="tag" pos="NN">psychiatry</wf>
<punc>,</punc>
<wf cmd="ignore" pos="DT">the</wf>
<wf cmd="tag" pos="NN">recording</wf>
<wf cmd="ignore" pos="IN">of</wf>
<wf cmd="tag" pos="NNS">interviews</wf>
<wf cmd="ignore" pos="IN">for</wf>
<wf cmd="tag" pos="NNS">playbacks</wf>
<wf cmd="ignore" pos="CC">and</wf>
<wf cmd="tag" pos="NN">study</wf>
<wf cmd="done" pos="VBZ" ot="notag">has</wf>
<wf cmd="done" pos="VB" lemma="be" wnsn="2" lexsn="2:42:06::">been</wf>
<wf cmd="ignore" pos="DT">a</wf>
<wf cmd="tag" pos="NN">boost</wf>
<wf cmd="ignore" pos="IN">of</wf>
<wf cmd="tag" pos="NNP">Redstone</wf>
<wf cmd="tag" pos="NNS">proportions</wf>
<wf cmd="ignore" pos="IN">in</wf>
<wf cmd="tag" pos="JJ">new</wf>
<wf cmd="tag" pos="NN">research</wf>
<wf cmd="ignore" pos="CC">and</wf>
<wf cmd="tag" pos="NN">training</wf>
<punc>.</punc>
</s>
<s snum="31">
<wf cmd="ignore" pos="DT">Some</wf>
<wf cmd="ignore" pos="IN">of</wf>
<wf cmd="ignore" pos="DT">the</wf>
<wf cmd="tag" pos="JJS">earliest</wf>
<wf cmd="tag" pos="NNS">recordings</wf>
<punc>,</punc>
<wf cmd="done" pos="VB" lemma="make" wnsn="3" lexsn="2:36:00::">made</wf>
<wf cmd="ignore" pos="IN">in</wf>
<wf cmd="ignore" pos="DT">the</wf>
<wf cmd="tag" pos="CD">1940</wf>
<wf cmd="ignore" pos="POS">'s</wf>
<punc>,</punc>
<wf cmd="done" pos="VB" lemma="demonstrate" wnsn="0" lexsn="2:39:00::">demonstrated</wf>
<wf cmd="ignore" pos="IN">that</wf>
<wf cmd="tag" pos="NNS">psychiatrists</wf>
<wf cmd="done" pos="VB" lemma="react" wnsn="1" lexsn="2:31:00::">reacted</wf>
<wf cmd="tag" pos="RB">immediately</wf>
<wf cmd="ignore" pos="TO">to</wf>
<wf cmd="tag" pos="NN">anger</wf>
<wf cmd="ignore" pos="CC">and</wf>
<wf cmd="tag" pos="NN">anxiety</wf>
<wf cmd="ignore" pos="IN">in</wf>
<wf cmd="ignore" pos="DT">the</wf>
<wf cmd="tag" pos="NN">sound</wf>
<wf cmd="tag" pos="NN">track</wf>
<punc>,</punc>
<wf cmd="ignore" pos="IN">whereas</wf>
<wf cmd="tag" pos="NN">written_records</wf>
<wf cmd="ignore" pos="IN">of</wf>
<wf cmd="ignore" pos="DT">the</wf>
<wf cmd="tag" pos="JJ">same</wf>
<wf cmd="tag" pos="NN">interview</wf>
<wf cmd="done" pos="VB" lemma="offer" wnsn="1" lexsn="2:40:02::">offered</wf>
<wf cmd="tag" pos="RB">far</wf>
<wf cmd="tag" pos="JJR">fewer</wf>
<wf cmd="tag" pos="NNS">cues</wf>
<wf cmd="ignore" pos="TO">to</wf>
<wf cmd="tag" pos="NN">therapy</wf>
<wf cmd="ignore" pos="WDT">which</wf>
<punc>-</punc>
<wf cmd="ignore" pos="IN">if</wf>
<wf cmd="ignore" pos="PRP">they</wf>
<wf cmd="done" pos="VB" lemma="be" wnsn="1" lexsn="2:42:03::">were</wf>
<wf cmd="tag" pos="RB">at_all</wf>
<wf cmd="tag" pos="JJ">discernible</wf>
<wf cmd="ignore" pos="IN">in</wf>
<wf cmd="tag" pos="NN">print</wf>
<punc>-</punc>
<wf cmd="done" pos="VBD" ot="notag">were</wf>
<wf cmd="done" pos="VB" lemma="pick_up" wnsn="5" lexsn="2:31:00::">picked_up</wf>
<wf cmd="tag" pos="RB">only</wf>
<wf cmd="ignore" pos="IN">by</wf>
<wf cmd="tag" pos="RB">the_most</wf>
<wf cmd="tag" pos="JJ">skilled</wf>
<wf cmd="ignore" pos="CC">and</wf>
<wf cmd="tag" pos="JJ">sensitive</wf>
<wf cmd="tag" pos="NNS">experts</wf>
<punc>.</punc>
</s>
<s snum="32">
<wf cmd="ignore" pos="IN">In</wf>
<wf cmd="ignore" pos="DT">a</wf>
<wf cmd="tag" pos="JJ">general</wf>
<wf cmd="tag" pos="NN">way</wf>
<punc>,</punc>
<wf cmd="tag" pos="NNS">psychiatrists</wf>
<wf cmd="done" pos="VB" lemma="be" wnsn="1" lexsn="2:42:03::">were</wf>
<wf cmd="tag" pos="JJ">able</wf>
<wf cmd="done" pos="VB" ot="notag">to</wf>
<wf cmd="done" pos="VB" lemma="establish" wnsn="3" lexsn="2:31:00::">establish</wf>
<wf cmd="ignore" pos="IN">on</wf>
<wf cmd="ignore" pos="DT">a</wf>
<wf cmd="tag" pos="JJ">wide</wf>
<wf cmd="tag" pos="NN">basis</wf>
<wf cmd="ignore" pos="WP">what</wf>
<wf cmd="tag" pos="JJ">many_of</wf>
<wf cmd="ignore" pos="PRP">them</wf>
<wf cmd="done" pos="VBD" ot="notag">had</wf>
<wf cmd="tag" pos="RB">always</wf>
<wf cmd="done" pos="VB" lemma="feel" wnsn="2" lexsn="2:31:00::">felt</wf>
<punc>-</punc>
<wf cmd="ignore" pos="IN">that</wf>
<wf cmd="tag" pos="RB">the_most</wf>
<wf cmd="tag" pos="JJ">telling</wf>
<wf cmd="tag" pos="NNS">cues</wf>
<wf cmd="ignore" pos="IN">in</wf>
<wf cmd="tag" pos="NN">psychotherapy</wf>
<wf cmd="done" pos="VB" lemma="be" wnsn="1" lexsn="2:42:03::">are</wf>
<wf cmd="tag" pos="JJ">acoustic</wf>
<punc>,</punc>
<wf cmd="ignore" pos="IN">that</wf>
<wf cmd="tag" pos="JJ">such</wf>
<wf cmd="tag" pos="NNS">things</wf>
<wf cmd="ignore" pos="IN">as</wf>
<wf cmd="tag" pos="NN">stress</wf>
<wf cmd="ignore" pos="CC">and</wf>
<wf cmd="tag" pos="JJ">nagging</wf>
<wf cmd="done" pos="VBP" ot="notag">are</wf>
<wf cmd="done" pos="VB" lemma="transmit" wnsn="1" lexsn="2:40:10::">transmitted</wf>
<wf cmd="ignore" pos="IN">by</wf>
<wf cmd="tag" pos="NN">sound</wf>
<wf cmd="tag" pos="RB">alone</wf>
<wf cmd="ignore" pos="CC">and</wf>
<wf cmd="tag" pos="RB">not</wf>
<wf cmd="tag" pos="RB">necessarily</wf>
<wf cmd="ignore" pos="IN">by</wf>
<wf cmd="tag" pos="NNS">words</wf>
<punc>.</punc>
</s>
</p>
<p pnum="9">
<s snum="33">
<wf cmd="ignore" pos="IN">At</wf>
<wf cmd="ignore" pos="DT">a</wf>
<wf cmd="tag" pos="JJ">minimum</wf>
<punc>,</punc>
<wf cmd="tag" pos="NN">recording</wf>
<punc>-</punc>
<wf cmd="tag" pos="RB">usually</wf>
<wf cmd="ignore" pos="IN">on</wf>
<wf cmd="tag" pos="NN">tape</wf>
<punc>,</punc>
<wf cmd="ignore" pos="WDT">which</wf>
<wf cmd="done" pos="VB" lemma="be" wnsn="1" lexsn="2:42:03::">is</wf>
<wf cmd="tag" pos="RB">now</wf>
<wf cmd="ignore" pos="IN">in</wf>
<wf cmd="tag" pos="JJ">wide</wf>
<wf cmd="tag" pos="JJ">professional</wf>
<wf cmd="tag" pos="NN">use</wf>
<punc>-</punc>
<wf cmd="done" pos="VB" lemma="bring" wnsn="2" lexsn="2:35:04::">brings</wf>
<wf cmd="ignore" pos="DT">the</wf>
<wf cmd="tag" pos="JJ">psychiatric</wf>
<wf cmd="tag" pos="NN">interview</wf>
<wf cmd="tag" pos="JJ">alive</wf>
<wf cmd="tag" pos="RB">so_that</wf>
<wf cmd="ignore" pos="DT">the</wf>
<wf cmd="tag" pos="JJ">full</wf>
<wf cmd="tag" pos="NN">range</wf>
<wf cmd="ignore" pos="IN">of</wf>
<wf cmd="tag" pos="NN">emotion</wf>
<wf cmd="ignore" pos="CC">and</wf>
<wf cmd="tag" pos="NN">meaning</wf>
<wf cmd="ignore" pos="MD">can</wf>
<wf cmd="done" pos="VB" ot="notag">be</wf>
<wf cmd="done" pos="VB" lemma="explore" wnsn="3" lexsn="2:31:02::">explored</wf>
<wf cmd="tag" pos="RB">repeatedly</wf>
<wf cmd="ignore" pos="IN">by</wf>
<wf cmd="ignore" pos="DT">the</wf>
<wf cmd="tag" pos="NN">therapist</wf>
<wf cmd="ignore" pos="CC">or</wf>
<wf cmd="ignore" pos="IN">by</wf>
<wf cmd="tag" pos="NN">a_battery</wf>
<wf cmd="ignore" pos="IN">of</wf>
<wf cmd="tag" pos="NNS">therapists</wf>
<punc>.</punc>
</s>
<s snum="34">
<wf cmd="tag" pos="JJ">Newest_to</wf>
<wf cmd="ignore" pos="DT">this</wf>
<wf cmd="tag" pos="JJ">high-powered</wf>
<wf cmd="tag" pos="NN">battery</wf>
<wf cmd="done" pos="VB" lemma="be" wnsn="2" lexsn="2:42:06::">are</wf>
<wf cmd="ignore" pos="DT">the</wf>
<wf cmd="tag" pos="NNS">experts</wf>
<wf cmd="ignore" pos="IN">in</wf>
<wf cmd="tag" pos="NNS">linguistics</wf>
<wf cmd="ignore" pos="WP">who</wf>
<wf cmd="done" pos="VBP" ot="notag">have</wf>
<wf cmd="done" pos="VB" lemma="carry" wnsn="8" lexsn="2:41:00::">carried</wf>
<wf cmd="ignore" pos="IN">that</wf>
<wf cmd="tag" pos="JJ">minimum</wf>
<wf cmd="ignore" pos="TO">to</wf>
<wf cmd="ignore" pos="DT">a</wf>
<wf cmd="tag" pos="JJ">new</wf>
<wf cmd="tag" pos="NN">level</wf>
<punc>.</punc>
</s>
<s snum="35">
<wf cmd="ignore" pos="IN">By</wf>
<wf cmd="done" pos="VB" lemma="add" wnsn="1" lexsn="2:30:00::">adding</wf>
<wf cmd="ignore" pos="DT">a</wf>
<wf cmd="tag" pos="JJ">systematic</wf>
<wf cmd="tag" pos="NN">analysis</wf>
<wf cmd="ignore" pos="IN">with</wf>
<wf cmd="tag" pos="NNS">symbols</wf>
<wf cmd="ignore" pos="TO">to</wf>
<wf cmd="ignore" pos="DT">the</wf>
<wf cmd="tag" pos="JJ">typed</wf>
<wf cmd="tag" pos="NNS">transcripts</wf>
<wf cmd="ignore" pos="IN">of</wf>
<wf cmd="tag" pos="NNS">interviews</wf>
<punc>,</punc>
<wf cmd="ignore" pos="PRP">they</wf>
<wf cmd="done" pos="VBP" ot="notag">have</wf>
<wf cmd="done" pos="VB" lemma="supply" wnsn="1" lexsn="2:40:00::">supplied</wf>
<wf cmd="ignore" pos="DT">a</wf>
<wf cmd="tag" pos="JJ">new</wf>
<wf cmd="tag" pos="NN">set</wf>
<wf cmd="ignore" pos="IN">of</wf>
<wf cmd="tag" pos="NNS">techniques</wf>
<wf cmd="ignore" pos="IN">for</wf>
<wf cmd="ignore" pos="DT">the</wf>
<wf cmd="tag" pos="NN">therapist</wf>
<punc>.</punc>
</s>
<s snum="36">
<wf cmd="tag" pos="JJ">Linguistic</wf>
<wf cmd="tag" pos="NN">charting</wf>
<wf cmd="ignore" pos="IN">of</wf>
<wf cmd="ignore" pos="DT">the</wf>
<wf cmd="tag" pos="JJ">transcribed</wf>
<wf cmd="tag" pos="NN">interview</wf>
<wf cmd="tag" pos="NNS">flags</wf>
<wf cmd="done" pos="VB" lemma="point" wnsn="1" lexsn="2:32:00::">points</wf>
<wf cmd="ignore" pos="WRB">where</wf>
<wf cmd="ignore" pos="DT">the</wf>
<wf cmd="tag" pos="NN">patient</wf>
<wf cmd="ignore" pos="POS">'s</wf>
<wf cmd="tag" pos="NN">voice</wf>
<wf cmd="done" pos="VB" lemma="depart" wnsn="2" lexsn="2:42:00::">departs</wf>
<wf cmd="ignore" pos="IN">from</wf>
<wf cmd="tag" pos="JJ">expected</wf>
<wf cmd="tag" pos="NNS">norms</wf>
<punc>.</punc>
</s>
<s snum="37">
<wf cmd="ignore" pos="PRP">It</wf>
<wf cmd="done" pos="VB" lemma="flag" wnsn="1" lexsn="2:32:00::">flags</wf>
<wf cmd="tag" pos="JJ">such</wf>
<wf cmd="tag" pos="JJ">possible</wf>
<wf cmd="tag" pos="NNS">breakdowns</wf>
<wf cmd="tag" pos="RB">of</wf>
<wf cmd="tag" pos="NN">communication</wf>
<wf cmd="ignore" pos="IN">as</wf>
<wf cmd="tag" pos="JJ">rehearsed</wf>
<wf cmd="tag" pos="NN">dialogue</wf>
<punc>,</punc>
<wf cmd="ignore" pos="DT">the</wf>
<wf cmd="tag" pos="NN">note</wf>
<wf cmd="ignore" pos="IN">of</wf>
<wf cmd="tag" pos="NN">disapproval</wf>
<punc>,</punc>
<wf cmd="tag" pos="NN">ambivalence</wf>
<wf cmd="ignore" pos="CC">or</wf>
<wf cmd="tag" pos="NN">ambiguity</wf>
<punc>,</punc>
<wf cmd="tag" pos="NN">annoyance</wf>
<punc>,</punc>
<wf cmd="tag" pos="NN">resentment</wf>
<punc>,</punc>
<wf cmd="ignore" pos="CC">and</wf>
<wf cmd="ignore" pos="DT">the</wf>
<wf cmd="tag" pos="NN">disinclination</wf>
<wf cmd="ignore" pos="TO">to</wf>
<wf cmd="done" pos="VB" lemma="speak" wnsn="1" lexsn="2:32:00::">speak</wf>
<wf cmd="tag" pos="RB">at_all</wf>
<punc>-</punc>
<wf cmd="ignore" pos="DT">this</wf>
<wf cmd="tag" pos="JJ">last</wf>
<wf cmd="tag" pos="RB">often</wf>
<wf cmd="done" pos="VB" lemma="mark" wnsn="3" lexsn="2:31:09::">marked</wf>
<wf cmd="ignore" pos="IN">by</wf>
<wf cmd="ignore" pos="DT">a</wf>
<wf cmd="tag" pos="JJ">fade-in</wf>
<wf cmd="tag" pos="NN">beginning</wf>
<wf cmd="ignore" pos="IN">of</wf>
<wf cmd="tag" pos="NNS">sentences</wf>
<punc>.</punc>
</s>
</p>
<p pnum="10">
<s snum="38">
<wf cmd="tag" pos="NNP">Interpretation</wf>
<punc>,</punc>
<wf cmd="tag" pos="RB">naturally</wf>
<punc>,</punc>
<wf cmd="done" pos="VB" lemma="remain" wnsn="1" lexsn="2:30:00::">remains</wf>
<wf cmd="ignore" pos="DT">the</wf>
<wf cmd="tag" pos="NN">role</wf>
<wf cmd="ignore" pos="IN">of</wf>
<wf cmd="ignore" pos="DT">the</wf>
<wf cmd="tag" pos="NN">therapist</wf>
<punc>,</punc>
<wf cmd="ignore" pos="CC">but</wf>
<wf cmd="tag" pos="NN">orientation</wf>
<punc>-</punc>
<wf cmd="tag" pos="RB">not_only</wf>
<wf cmd="ignore" pos="DT">the</wf>
<wf cmd="tag" pos="NN">patient</wf>
<wf cmd="ignore" pos="POS">'s</wf>
<wf cmd="tag" pos="JJ">vocal</wf>
<wf cmd="tag" pos="NNS">giveaways</wf>
<wf cmd="ignore" pos="IN">of</wf>
<wf cmd="tag" pos="JJ">geographical</wf>
<wf cmd="ignore" pos="CC">and</wf>
<wf cmd="tag" pos="JJ">socio-economic</wf>
<wf cmd="tag" pos="NN">background</wf>
<punc>,</punc>
<wf cmd="ignore" pos="CC">but</wf>
<wf cmd="tag" pos="RB">also</wf>
<wf cmd="tag" pos="JJ">vocal</wf>
<wf cmd="ignore" pos="CC">but</wf>
<wf cmd="tag" pos="JJ">non-verbal</wf>
<wf cmd="tag" pos="NNS">giveaways</wf>
<wf cmd="ignore" pos="IN">of</wf>
<wf cmd="tag" pos="NN">danger</wf>
<wf cmd="tag" pos="NNS">spots</wf>
<wf cmd="ignore" pos="IN">in</wf>
<wf cmd="ignore" pos="PRP$">his</wf>
<wf cmd="tag" pos="NN">relationship</wf>
<wf cmd="ignore" pos="TO">to</wf>
<wf cmd="tag" pos="NNS">people</wf>
<punc>-</punc>
<wf cmd="ignore" pos="MD">can</wf>
<wf cmd="done" pos="VB" ot="notag">be</wf>
<wf cmd="tag" pos="RB">considerably</wf>
<wf cmd="done" pos="VB" lemma="beef_up" wnsn="1" lexsn="2:30:00::">beefed_up</wf>
<wf cmd="ignore" pos="IN">by</wf>
<wf cmd="ignore" pos="DT">the</wf>
<wf cmd="tag" pos="NN">linguist</wf>
<punc>.</punc>
</s>
<s snum="39">
<wf cmd="ignore" pos="PRP$">His</wf>
<wf cmd="tag" pos="JJ">esoteric</wf>
<wf cmd="tag" pos="NNS">chartings</wf>
<wf cmd="ignore" pos="IN">of</wf>
<wf cmd="ignore" pos="DT">the</wf>
<wf cmd="tag" pos="NN">voice</wf>
<wf cmd="done" pos="VB" lemma="alert" wnsn="1" lexsn="2:32:00::">alert</wf>
<wf cmd="ignore" pos="DT">the</wf>
<wf cmd="tag" pos="NN">therapist</wf>
<wf cmd="ignore" pos="TO">to</wf>
<wf cmd="tag" pos="NNS">areas</wf>
<wf cmd="ignore" pos="WRB">where</wf>
<wf cmd="tag" pos="JJR">deeper</wf>
<wf cmd="tag" pos="NN">probing</wf>
<wf cmd="ignore" pos="MD">may</wf>
<wf cmd="done" pos="VB" lemma="bring" wnsn="2" lexsn="2:35:04::">bring</wf>
<wf cmd="done" pos="VB" ot="notag">to</wf>
<wf cmd="tag" pos="NN">light</wf>
<wf cmd="tag" pos="JJ">underlying</wf>
<wf cmd="tag" pos="JJ">psychological</wf>
<wf cmd="tag" pos="NNS">difficulties</wf>
<punc>,</punc>
<wf cmd="done" pos="VB" lemma="make" wnsn="2" lexsn="2:30:00::">making</wf>
<wf cmd="ignore" pos="PRP">them</wf>
<wf cmd="tag" pos="JJ">apparent</wf>
<wf cmd="tag" pos="NN">first</wf>
<wf cmd="ignore" pos="TO">to</wf>
<wf cmd="ignore" pos="DT">the</wf>
<wf cmd="tag" pos="NN">therapist</wf>
<wf cmd="ignore" pos="CC">and</wf>
<wf cmd="tag" pos="RB">eventually</wf>
<wf cmd="ignore" pos="TO">to</wf>
<wf cmd="ignore" pos="DT">the</wf>
<wf cmd="tag" pos="NN">patient</wf>
<punc>.</punc>
</s>
<s snum="40">
<wf cmd="ignore" pos="IN">In</wf>
<wf cmd="tag" pos="CD">one</wf>
<wf cmd="tag" pos="JJ">now-historic</wf>
<wf cmd="tag" pos="JJ">first</wf>
<wf cmd="tag" pos="NN">interview</wf>
<punc>,</punc>
<wf cmd="tag" pos="RB">for_example</wf>
<punc>,</punc>
<wf cmd="ignore" pos="DT">the</wf>
<wf cmd="tag" pos="NN">transcript</wf>
<punc>(</punc>
<wf cmd="done" pos="VB" lemma="reproduce" wnsn="1" lexsn="2:36:00::">reproduced</wf>
<wf cmd="ignore" pos="IN">from</wf>
<wf cmd="ignore" pos="DT">the</wf>
<wf cmd="tag" pos="NN">book</wf>
<punc>,</punc>
<wf cmd="ignore" pos="DT">The</wf>
<wf cmd="tag" pos="NNP">First</wf>
<wf cmd="tag" pos="CD">Five</wf>
<wf cmd="tag" pos="NNPS">Minutes</wf>
<punc>)</punc>
<wf cmd="done" pos="VB" lemma="go" wnsn="6" lexsn="2:42:02::">goes</wf>
<wf cmd="ignore" pos="IN">like</wf>
<wf cmd="ignore" pos="DT">this</wf>
<punc>:</punc>
<wf cmd="ignore" pos="DT">The</wf>
<wf cmd="tag" pos="NN">therapist</wf>
<wf cmd="ignore" pos="POS">'s</wf>
<wf cmd="tag" pos="NN">level</wf>
<wf cmd="tag" pos="NN">tone</wf>
<wf cmd="done" pos="VB" lemma="be" wnsn="1" lexsn="2:42:03::">is</wf>
<wf cmd="tag" pos="JJ">bland</wf>
<wf cmd="ignore" pos="CC">and</wf>
<wf cmd="tag" pos="JJ">neutral</wf>
<punc>-</punc>
<wf cmd="ignore" pos="PRP">he</wf>
<wf cmd="done" pos="VBZ" ot="notag">has</wf>
<punc>,</punc>
<wf cmd="tag" pos="RB">for_example</wf>
<punc>,</punc>
<wf cmd="done" pos="VB" lemma="avoid" wnsn="3" lexsn="2:41:03::">avoided</wf>
<wf cmd="done" pos="VB" lemma="stress" wnsn="2" lexsn="2:32:01::">stressing</wf>
<punc>``</punc>
<wf cmd="ignore" pos="PRP">you</wf>
<punc>''</punc>
<punc>,</punc>
<wf cmd="ignore" pos="WDT">which</wf>
<wf cmd="ignore" pos="MD">would</wf>
<wf cmd="done" pos="VB" lemma="imply" wnsn="1" lexsn="2:32:00::">imply</wf>
<wf cmd="tag" pos="NN">disapproval</wf>
<punc>;</punc>
<wf cmd="ignore" pos="CC">or</wf>
<wf cmd="tag" pos="NN">surprise</wf>
<punc>,</punc>
<wf cmd="ignore" pos="WDT">which</wf>
<wf cmd="ignore" pos="MD">would</wf>
<wf cmd="done" rdf="set_apart" pos="VB" lemma="set_apart" wnsn="2" lexsn="2:30:01::">set</wf>
<wf cmd="ignore" pos="DT">the</wf>
<wf cmd="tag" pos="NN">patient</wf>
<wf cmd="tag" pos="RB">apart</wf>
<wf cmd="ignore" pos="IN">from</wf>
<wf cmd="tag" pos="JJ">other</wf>
<wf cmd="tag" pos="NNS">people</wf>
<punc>.</punc>
</s>
<s snum="41">
<wf cmd="ignore" pos="DT">The</wf>
<wf cmd="tag" pos="NN">patient</wf>
<punc>,</punc>
<wf cmd="tag" pos="RB">on_the_other_hand</wf>
<punc>,</punc>
<wf cmd="done" pos="VB" lemma="be" wnsn="1" lexsn="2:42:03::">is</wf>
<wf cmd="tag" pos="RB">far</wf>
<wf cmd="ignore" pos="IN">from</wf>
<wf cmd="tag" pos="JJ">neutral</wf>
<punc>;</punc>
<wf cmd="tag" pos="RB">aside</wf>
<wf cmd="ignore" pos="IN">from</wf>
<wf cmd="ignore" pos="PRP$">her</wf>
<wf cmd="tag" pos="RB">specifically</wf>
<wf cmd="tag" pos="JJ">regional</wf>
<wf cmd="tag" pos="NN">accent</wf>
<punc>,</punc>
<wf cmd="ignore" pos="PRP">she</wf>
<wf cmd="done" pos="VB" lemma="reveal" wnsn="2" lexsn="2:32:00::">reveals</wf>
<wf cmd="ignore" pos="IN">by</wf>
<wf cmd="ignore" pos="DT">the</wf>
<wf cmd="tag" pos="NN">use</wf>
<wf cmd="ignore" pos="IN">of</wf>
<wf cmd="ignore" pos="DT">the</wf>
<wf cmd="tag" pos="NN">triad</wf>
<punc>,</punc>
<punc>``</punc>
<wf cmd="tag" pos="JJ">irritable</wf>
<punc>,</punc>
<wf cmd="tag" pos="JJ">tense</wf>
<punc>,</punc>
<wf cmd="tag" pos="JJ">depressed</wf>
<punc>''</punc>
<punc>,</punc>
<wf cmd="ignore" pos="DT">a</wf>
<wf cmd="tag" pos="JJ">certain</wf>
<wf cmd="tag" pos="JJ">pedantic</wf>
<wf cmd="tag" pos="NN">itemization</wf>
<wf cmd="ignore" pos="WDT">that</wf>
<wf cmd="done" pos="VB" lemma="indicate" wnsn="1" lexsn="2:32:01::">indicates</wf>
<wf cmd="ignore" pos="PRP">she</wf>
<wf cmd="done" pos="VB" lemma="have" wnsn="1" lexsn="2:40:00::">has</wf>
<wf cmd="ignore" pos="DT">some</wf>
<wf cmd="tag" pos="NN">familiarity</wf>
<wf cmd="ignore" pos="IN">with</wf>
<wf cmd="tag" pos="JJ">literary</wf>
<wf cmd="ignore" pos="CC">or</wf>
<wf cmd="tag" pos="JJ">scientific</wf>
<wf cmd="tag" pos="NN">language</wf>
<punc>(</punc>
<wf cmd="tag" pos="NN">i.</wf>
<wf cmd="tag" pos="NNP">e.</wf>
<punc>,</punc>
<wf cmd="ignore" pos="PRP">she</wf>
<wf cmd="ignore" pos="MD">must</wf>
<wf cmd="done" pos="VB" ot="notag">have</wf>
<wf cmd="done" pos="VB" lemma="have" wnsn="1" lexsn="2:40:00::">had</wf>
<wf cmd="tag" pos="RB">at_least</wf>
<wf cmd="ignore" pos="DT">a</wf>
<wf cmd="tag" pos="NN">high-school</wf>
<wf cmd="tag" pos="NN">education</wf>
<punc>)</punc>
<punc>,</punc>
<wf cmd="ignore" pos="CC">and</wf>
<wf cmd="ignore" pos="PRP">she</wf>
<wf cmd="done" pos="VBZ" ot="notag">is</wf>
<wf cmd="done" pos="VB" lemma="tell" wnsn="3" lexsn="2:32:01::">telling</wf>
<wf cmd="ignore" pos="DT">a</wf>
<wf cmd="tag" pos="NN">story</wf>
<wf cmd="ignore" pos="PRP">she</wf>
<wf cmd="done" pos="VBZ" ot="notag">has</wf>
<wf cmd="tag" pos="RB">mentally</wf>
<wf cmd="done" pos="VB" lemma="rehearse" wnsn="1" lexsn="2:36:00::">rehearsed</wf>
<wf cmd="ignore" pos="DT">some</wf>
<wf cmd="tag" pos="NN">time</wf>
<wf cmd="tag" pos="RB">before</wf>
<punc>.</punc>
</s>
<s snum="42">
<wf cmd="tag" pos="RB">Then</wf>
<wf cmd="ignore" pos="PRP">she</wf>
<wf cmd="done" pos="VB" ot="metaphor">catapults_into</wf>
<punc>``</punc>
<wf cmd="tag" pos="NN">everything</wf>
<wf cmd="ignore" pos="CC">and</wf>
<wf cmd="tag" pos="NN">everybody</wf>
<punc>''</punc>
<punc>,</punc>
<wf cmd="done" pos="VB" lemma="put" wnsn="4" lexsn="2:34:00::">putting</wf>
<wf cmd="tag" pos="JJ">particular</wf>
<wf cmd="tag" pos="NN">violence</wf>
<wf cmd="ignore" pos="IN">on</wf>
<punc>``</punc>
<wf cmd="tag" pos="NN">everybody</wf>
<punc>''</punc>
<punc>,</punc>
<wf cmd="done" pos="VB" lemma="indicate" wnsn="1" lexsn="2:32:01::">indicating</wf>
<wf cmd="ignore" pos="TO">to</wf>
<wf cmd="ignore" pos="DT">the</wf>
<wf cmd="tag" pos="NN">linguist</wf>
<wf cmd="ignore" pos="IN">that</wf>
<wf cmd="ignore" pos="DT">this</wf>
<wf cmd="done" pos="VB" lemma="be" wnsn="2" lexsn="2:42:06::">is</wf>
<wf cmd="ignore" pos="DT">a</wf>
<wf cmd="tag" pos="NN">spot</wf>
<wf cmd="ignore" pos="TO">to</wf>
<wf cmd="done" pos="VB" lemma="flag" wnsn="2" lexsn="2:30:00::">flag</wf>
<punc>-</punc>
<wf cmd="tag" pos="RB">that_is</wf>
<punc>,</punc>
<wf cmd="ignore" pos="PRP">it</wf>
<wf cmd="done" pos="VB" lemma="be" wnsn="1" lexsn="2:42:03::">is</wf>
<wf cmd="tag" pos="RB">not</wf>
<wf cmd="tag" pos="JJ">congruent</wf>
<wf cmd="ignore" pos="TO">to</wf>
<wf cmd="ignore" pos="DT">the</wf>
<wf cmd="tag" pos="NN">patient</wf>
<wf cmd="ignore" pos="POS">'s</wf>
<wf cmd="tag" pos="JJ">general</wf>
<wf cmd="tag" pos="NN">style</wf>
<wf cmd="ignore" pos="IN">of</wf>
<wf cmd="tag" pos="NN">speech</wf>
<wf cmd="tag" pos="JJ">up_to</wf>
<wf cmd="ignore" pos="DT">this</wf>
<wf cmd="tag" pos="NN">point</wf>
<punc>.</punc>
</s>
<s snum="43">
<wf cmd="tag" pos="RB">Consequently</wf>
<punc>,</punc>
<wf cmd="ignore" pos="PRP">it</wf>
<wf cmd="done" pos="VBZ" ot="notag">is</wf>
<wf cmd="done" pos="VB" lemma="refer" wnsn="4" lexsn="2:38:00::">referred</wf>
<wf cmd="done" pos="VB" ot="notag">to</wf>
<wf cmd="ignore" pos="DT">the</wf>
<wf cmd="tag" pos="NN">therapist</wf>
<wf cmd="ignore" pos="IN">for</wf>
<wf cmd="tag" pos="NN">attention</wf>
<punc>.</punc>
</s>
<s snum="44">
<wf cmd="ignore" pos="PRP">He</wf>
<wf cmd="ignore" pos="MD">may</wf>
<wf cmd="tag" pos="RB">then</wf>
<wf cmd="tag" pos="RB">very_well</wf>
<wf cmd="done" pos="VB" lemma="conclude" wnsn="1" lexsn="2:31:00::">conclude</wf>
<wf cmd="ignore" pos="IN">that</wf>
<punc>``</punc>
<wf cmd="tag" pos="NN">everybody</wf>
<punc>''</punc>
<wf cmd="done" pos="VB" lemma="be" wnsn="2" lexsn="2:42:06::">is</wf>
<wf cmd="tag" pos="RB">probably</wf>
<wf cmd="tag" pos="RB">not</wf>
<wf cmd="ignore" pos="DT">the</wf>
<wf cmd="tag" pos="JJ">true</wf>
<wf cmd="tag" pos="NN">target</wf>
<wf cmd="ignore" pos="IN">of</wf>
<wf cmd="ignore" pos="PRP$">her</wf>
<wf cmd="tag" pos="NN">resentment</wf>
<punc>.</punc>
</s>
<s snum="45">
<wf cmd="tag" pos="RB">Immediately</wf>
<wf cmd="tag" pos="RB">thereafter</wf>
<punc>,</punc>
<wf cmd="ignore" pos="DT">the</wf>
<wf cmd="tag" pos="NN">patient</wf>
<wf cmd="done" pos="VB" lemma="fracture" wnsn="1" lexsn="2:30:01::">fractures</wf>
<wf cmd="ignore" pos="PRP$">her</wf>
<wf cmd="tag" pos="JJ">rehearsed</wf>
<wf cmd="tag" pos="NN">story</wf>
<punc>,</punc>
<wf cmd="done" pos="VB" lemma="veer" wnsn="1" lexsn="2:38:00::">veering</wf>
<wf cmd="ignore" pos="IN">into</wf>
<wf cmd="ignore" pos="DT">an</wf>
<wf cmd="tag" pos="JJ">oversoft</wf>
<punc>,</punc>
<wf cmd="tag" pos="JJ">breathy</wf>
<punc>,</punc>
<wf cmd="tag" pos="RB">sloppily</wf>
<wf cmd="done" pos="VB" lemma="articulate" wnsn="3" lexsn="2:32:00::">articulated</wf>
<punc>,</punc>
<punc>``</punc>
<wf cmd="ignore" pos="PRP">I</wf>
<wf cmd="done" pos="VBP" ot="notag">do</wf>
<wf cmd="tag" pos="RB">n't</wf>
<wf cmd="done" pos="VB" lemma="feel_like" wnsn="1" lexsn="2:37:00::">feel_like</wf>
<wf cmd="done" pos="VB" lemma="talk" wnsn="1" lexsn="2:32:01::">talking</wf>
<wf cmd="tag" pos="RB">right_now</wf>
<punc>''</punc>
<punc>.</punc>
</s>
</p>
<p pnum="11">
<s snum="46">
<wf cmd="ignore" pos="IN">Within</wf>
<wf cmd="ignore" pos="DT">the</wf>
<wf cmd="tag" pos="JJ">first</wf>
<wf cmd="tag" pos="CD">five</wf>
<wf cmd="tag" pos="NNS">minutes</wf>
<wf cmd="tag" pos="RB">of_this</wf>
<wf cmd="tag" pos="NN">interview</wf>
<wf cmd="ignore" pos="PRP">it</wf>
<wf cmd="done" pos="VB" lemma="be" wnsn="1" lexsn="2:42:03::">is</wf>
<wf cmd="tag" pos="JJ">apparent</wf>
<wf cmd="ignore" pos="TO">to</wf>
<wf cmd="ignore" pos="DT">the</wf>
<wf cmd="tag" pos="NN">therapist</wf>
<wf cmd="ignore" pos="IN">that</wf>
<punc>``</punc>
<wf cmd="tag" pos="NN">everybody</wf>
<punc>''</punc>
<wf cmd="tag" pos="RB">truthfully</wf>
<wf cmd="done" pos="VB" lemma="refer" wnsn="1" lexsn="2:32:01::">refers</wf>
<wf cmd="done" pos="VB" ot="notag">to</wf>
<wf cmd="ignore" pos="DT">the</wf>
<wf cmd="tag" pos="NN">woman</wf>
<wf cmd="ignore" pos="POS">'s</wf>
<wf cmd="tag" pos="NN">husband</wf>
<punc>.</punc>
</s>
<s snum="47">
<wf cmd="ignore" pos="PRP">She</wf>
<wf cmd="done" pos="VB" lemma="say" wnsn="1" lexsn="2:32:00::">says</wf>
<wf cmd="tag" pos="RB">later</wf>
<punc>,</punc>
<wf cmd="ignore" pos="CC">but</wf>
<wf cmd="tag" pos="RB">still</wf>
<wf cmd="ignore" pos="IN">within</wf>
<wf cmd="ignore" pos="DT">the</wf>
<wf cmd="tag" pos="NN">opening</wf>
<wf cmd="tag" pos="CD">five</wf>
<wf cmd="tag" pos="NNS">minutes</wf>
<punc>,</punc>
<punc>``</punc>
<wf cmd="ignore" pos="PRP">I</wf>
<wf cmd="done" pos="VB" lemma="keep" wnsn="2" lexsn="2:42:07::">keep</wf>
<wf cmd="done" pos="VB" lemma="think_of" wnsn="2" lexsn="2:31:03::">thinking_of</wf>
<wf cmd="ignore" pos="DT">a</wf>
<wf cmd="tag" pos="NN">divorce</wf>
<wf cmd="ignore" pos="CC">but</wf>
<wf cmd="ignore" pos="IN">that</wf>
<wf cmd="done" pos="VBZ" ot="notag">'s</wf>
<wf cmd="ignore" pos="DT">another</wf>
<wf cmd="tag" pos="JJ">emotional</wf>
<wf cmd="tag" pos="NN">death</wf>
<punc>''</punc>
<punc>.</punc>
</s>
</p>
<p pnum="12">
<s snum="48">
<wf cmd="ignore" pos="DT">The</wf>
<wf cmd="tag" pos="JJ">linguistic</wf>
<wf cmd="ignore" pos="CC">and</wf>
<wf cmd="tag" pos="JJ">paralinguistic</wf>
<wf cmd="tag" pos="NNS">signals</wf>
<wf cmd="ignore" pos="IN">of</wf>
<wf cmd="tag" pos="NN">misery</wf>
<wf cmd="done" pos="VB" lemma="be" wnsn="1" lexsn="2:42:03::">are</wf>
<wf cmd="ignore" pos="DT">all</wf>
<wf cmd="tag" pos="NN">present</wf>
<wf cmd="ignore" pos="IN">in</wf>
<wf cmd="ignore" pos="DT">the</wf>
<wf cmd="tag" pos="NN">voice</wf>
<wf cmd="tag" pos="NN">chart</wf>
<wf cmd="ignore" pos="IN">for</wf>
<wf cmd="ignore" pos="DT">this</wf>
<wf cmd="tag" pos="NN">sentence</wf>
<punc>;</punc>
<wf cmd="tag" pos="RB">so</wf>
<wf cmd="done" pos="VB" lemma="be" wnsn="1" lexsn="2:42:03::">are</wf>
<wf cmd="tag" pos="JJ">certain</wf>
<wf cmd="tag" pos="NNS">signals</wf>
<wf cmd="ignore" pos="IN">that</wf>
<wf cmd="ignore" pos="PRP">she</wf>
<wf cmd="done" pos="VBZ" ot="notag">does</wf>
<wf cmd="tag" pos="RB">not</wf>
<wf cmd="done" pos="VB" lemma="accept" wnsn="4" lexsn="2:31:01::">accept</wf>
<wf cmd="tag" pos="NN">divorce</wf>
<punc>.</punc>
</s>
<s snum="49">
<wf cmd="ignore" pos="IN">By</wf>
<wf cmd="done" pos="VB" lemma="say" wnsn="1" lexsn="2:32:00::">saying</wf>
<punc>``</punc>
<wf cmd="ignore" pos="DT">another</wf>
<wf cmd="tag" pos="JJ">emotional</wf>
<wf cmd="tag" pos="NN">death</wf>
<punc>''</punc>
<punc>,</punc>
<wf cmd="ignore" pos="PRP">she</wf>
<wf cmd="done" pos="VB" lemma="reveal" wnsn="2" lexsn="2:32:00::">reveals</wf>
<wf cmd="ignore" pos="IN">that</wf>
<wf cmd="ignore" pos="EX">there</wf>
<wf cmd="done" pos="VBZ" ot="notag">has</wf>
<wf cmd="done" pos="VB" lemma="be" wnsn="4" lexsn="2:42:00::">been</wf>
<wf cmd="ignore" pos="DT">a</wf>
<wf cmd="tag" pos="JJ">previous</wf>
<wf cmd="tag" pos="CD">one</wf>
<punc>,</punc>
<wf cmd="ignore" pos="IN">although</wf>
<wf cmd="ignore" pos="PRP">she</wf>
<wf cmd="done" pos="VBZ" ot="notag">has</wf>
<wf cmd="tag" pos="RB">not</wf>
<wf cmd="done" pos="VB" lemma="describe" wnsn="1" lexsn="2:32:00::">described</wf>
<wf cmd="ignore" pos="PRP">it</wf>
<wf cmd="ignore" pos="IN">in</wf>
<wf cmd="tag" pos="NNS">words</wf>
<punc>.</punc>
</s>
<s snum="50">
<wf cmd="ignore" pos="DT">This</wf>
<wf cmd="ignore" pos="DT">the</wf>
<wf cmd="tag" pos="NN">therapist</wf>
<wf cmd="ignore" pos="MD">may</wf>
<wf cmd="done" pos="VB" lemma="pursue" wnsn="4" lexsn="2:41:01::">pursue</wf>
<wf cmd="ignore" pos="IN">in</wf>
<wf cmd="tag" pos="RB">later</wf>
<wf cmd="tag" pos="NN">questioning</wf>
<punc>.</punc>
</s>
<s snum="51">
<wf cmd="ignore" pos="DT">The</wf>
<wf cmd="tag" pos="NN">phrase</wf>
<punc>,</punc>
<punc>``</punc>
<wf cmd="tag" pos="JJ">emotional</wf>
<wf cmd="tag" pos="NN">death</wf>
<punc>''</punc>
<punc>,</punc>
<wf cmd="tag" pos="JJ">interesting</wf>
<wf cmd="ignore" pos="CC">and</wf>
<punc>,</punc>
<wf cmd="ignore" pos="TO">to</wf>
<wf cmd="ignore" pos="DT">a</wf>
<wf cmd="tag" pos="JJ">non-scientific</wf>
<wf cmd="tag" pos="NN">mind</wf>
<punc>,</punc>
<wf cmd="tag" pos="RB">rather</wf>
<wf cmd="tag" pos="JJ">touching</wf>
<punc>,</punc>
<wf cmd="done" pos="VB" lemma="suggest" wnsn="3" lexsn="2:32:02::">suggests</wf>
<wf cmd="ignore" pos="IN">that</wf>
<wf cmd="ignore" pos="DT">this</wf>
<wf cmd="tag" pos="NN">woman</wf>
<wf cmd="ignore" pos="MD">may</wf>
<wf cmd="done" pos="VB" lemma="have" wnsn="1" lexsn="2:40:00::">have</wf>
<wf cmd="ignore" pos="DT">some</wf>
<wf cmd="tag" pos="NN">flair</wf>
<wf cmd="ignore" pos="IN">for</wf>
<wf cmd="tag" pos="NNS">words</wf>
<punc>,</punc>
<wf cmd="tag" pos="RB">perhaps</wf>
<wf cmd="tag" pos="RB">even</wf>
<wf cmd="tag" pos="NN">something</wf>
<wf cmd="ignore" pos="IN">of</wf>
<wf cmd="ignore" pos="DT">the</wf>
<wf cmd="tag" pos="NN">temperament</wf>
<wf cmd="tag" pos="RB">regrettably</wf>
<wf cmd="tag" pos="JJ">called</wf>
<punc>``</punc>
<wf cmd="tag" pos="JJ">creative</wf>
<punc>''</punc>
<punc>.</punc>
</s>
</p>
<p pnum="13">
<s snum="52">
<wf cmd="ignore" pos="IN">Since</wf>
<wf cmd="ignore" pos="DT">the</wf>
<wf cmd="tag" pos="JJ">psychiatric</wf>
<wf cmd="tag" pos="NN">interview</wf>
<punc>,</punc>
<wf cmd="ignore" pos="IN">like</wf>
<wf cmd="ignore" pos="DT">any</wf>
<wf cmd="tag" pos="JJ">other</wf>
<wf cmd="tag" pos="NN">interview</wf>
<punc>,</punc>
<wf cmd="done" pos="VB" lemma="depend_on" wnsn="1" lexsn="2:42:00::">depends_on</wf>
<wf cmd="tag" pos="NN">communication</wf>
<punc>,</punc>
<wf cmd="ignore" pos="PRP">it</wf>
<wf cmd="done" pos="VB" lemma="be" wnsn="1" lexsn="2:42:03::">is</wf>
<wf cmd="tag" pos="JJ">significant</wf>
<wf cmd="ignore" pos="TO">to</wf>
<wf cmd="done" pos="VB" lemma="note" wnsn="1" lexsn="2:32:00::">note</wf>
<wf cmd="ignore" pos="IN">that</wf>
<wf cmd="ignore" pos="DT">the</wf>
<wf cmd="tag" pos="NN">therapist</wf>
<wf cmd="tag" pos="RB">in_this</wf>
<wf cmd="tag" pos="NN">interview</wf>
<wf cmd="done" pos="VB" lemma="be" wnsn="2" lexsn="2:42:06::">was</wf>
<wf cmd="ignore" pos="DT">a</wf>
<wf cmd="tag" pos="NN">man</wf>
<wf cmd="ignore" pos="IN">of</wf>
<wf cmd="tag" pos="JJ">marked</wf>
<wf cmd="tag" pos="NN">skill</wf>
<wf cmd="ignore" pos="CC">and</wf>
<wf cmd="tag" pos="JJ">long</wf>
<wf cmd="tag" pos="NN">experience</wf>
<punc>.</punc>
</s>
<s snum="53">
<wf cmd="ignore" pos="PRP$">His</wf>
<wf cmd="tag" pos="JJ">own</wf>
<wf cmd="tag" pos="NN">communication</wf>
<wf cmd="tag" pos="NN">apparatus</wf>
<wf cmd="done" pos="VB" lemma="operate" wnsn="2" lexsn="2:35:03::">operated</wf>
<wf cmd="tag" pos="RB">superbly</wf>
<punc>,</punc>
<wf cmd="ignore" pos="CC">and</wf>
<wf cmd="tag" pos="NNP">Lillian_Ross</wf>
<wf cmd="tag" pos="NNS">readers</wf>
<wf cmd="ignore" pos="MD">will</wf>
<wf cmd="done" pos="VB" lemma="note" wnsn="2" lexsn="2:39:00::">note</wf>
<wf cmd="tag" pos="RB">instantly</wf>
<wf cmd="ignore" pos="PRP$">its</wf>
<wf cmd="tag" pos="JJ">total</wf>
<wf cmd="tag" pos="NN">lack</wf>
<wf cmd="ignore" pos="IN">of</wf>
<wf cmd="tag" pos="NN">resemblance</wf>
<wf cmd="ignore" pos="TO">to</wf>
<wf cmd="ignore" pos="DT">the</wf>
<wf cmd="tag" pos="JJ">blunted</wf>
<punc>,</punc>
<wf cmd="tag" pos="RB">monumentally</wf>
<wf cmd="tag" pos="JJ">unmeshed</wf>
<wf cmd="tag" pos="NN">mechanism</wf>
<wf cmd="ignore" pos="IN">of</wf>
<wf cmd="tag" pos="NNP">Dr._Blauberman</wf>
<punc>.</punc>
</s>
<s snum="54">
<wf cmd="tag" pos="RB">Interestingly</wf>
<wf cmd="tag" pos="RB">enough</wf>
<punc>-</punc>
<wf cmd="ignore" pos="IN">although</wf>
<wf cmd="tag" pos="NN">none</wf>
<wf cmd="ignore" pos="IN">of</wf>
<wf cmd="ignore" pos="DT">the</wf>
<wf cmd="tag" pos="JJ">real-life</wf>
<wf cmd="tag" pos="NNS">therapists</wf>
<wf cmd="done" pos="VB" lemma="involve" wnsn="1" lexsn="2:42:01::">involved</wf>
<wf cmd="ignore" pos="MD">could</wf>
<wf cmd="tag" pos="RB">conceivably</wf>
<wf cmd="done" pos="VB" lemma="compare" wnsn="2" lexsn="2:42:00::">compare</wf>
<wf cmd="ignore" pos="IN">with</wf>
<wf cmd="tag" pos="NNP">Blauberman</wf>
<punc>-</punc>
<wf cmd="ignore" pos="WRB">when</wf>
<wf cmd="tag" pos="NNS">groups</wf>
<wf cmd="ignore" pos="IN">of</wf>
<wf cmd="ignore" pos="PRP">them</wf>
<wf cmd="done" pos="VB" lemma="begin" wnsn="1" lexsn="2:30:00::">began</wf>
<wf cmd="done" pos="VB" lemma="play_back" wnsn="1" lexsn="2:36:00::">playing_back</wf>
<wf cmd="tag" pos="NNS">interviews</wf>
<punc>,</punc>
<wf cmd="ignore" pos="PRP">they</wf>
<wf cmd="done" pos="VB" lemma="discover" wnsn="3" lexsn="2:36:00::">discovered</wf>
<wf cmd="ignore" pos="DT">any</wf>
<wf cmd="tag" pos="NN">number</wf>
<wf cmd="ignore" pos="IN">of</wf>
<wf cmd="tag" pos="NNS">ways</wf>
<wf cmd="tag" pos="RB">in_which</wf>
<wf cmd="ignore" pos="PRP">they</wf>
<wf cmd="done" pos="VB" lemma="want" wnsn="1" lexsn="2:37:00::">wanted</wf>
<wf cmd="done" pos="VB" ot="notag">to</wf>
<wf cmd="done" pos="VB" lemma="polish" wnsn="2" lexsn="2:30:01::">polish</wf>
<wf cmd="ignore" pos="PRP$">their</wf>
<wf cmd="tag" pos="JJ">own</wf>
<wf cmd="tag" pos="NN">interview</wf>
<wf cmd="tag" pos="NNS">techniques</wf>
<punc>;</punc>
<wf cmd="tag" pos="RB">almost</wf>
<wf cmd="tag" pos="NN">everyone</wf>
<punc>,</punc>
<wf cmd="ignore" pos="IN">on</wf>
<wf cmd="tag" pos="JJ">first</wf>
<wf cmd="done" pos="VB" lemma="hear" wnsn="1" lexsn="2:39:00::">hearing</wf>
<wf cmd="tag" pos="CD">one</wf>
<wf cmd="ignore" pos="IN">of</wf>
<wf cmd="ignore" pos="PRP$">his</wf>
<wf cmd="tag" pos="JJ">own</wf>
<wf cmd="tag" pos="NNS">sessions</wf>
<wf cmd="ignore" pos="IN">on</wf>
<wf cmd="tag" pos="NN">tape</wf>
<punc>,</punc>
<wf cmd="done" pos="VB" lemma="express" wnsn="2" lexsn="2:32:00::">expressed</wf>
<wf cmd="ignore" pos="DT">some</wf>
<wf cmd="tag" pos="NN">desire</wf>
<wf cmd="ignore" pos="TO">to</wf>
<wf cmd="done" rdf="take_over" pos="VB" lemma="take_over" wnsn="6" lexsn="2:41:02::">take</wf>
<wf cmd="ignore" pos="DT">the</wf>
<wf cmd="tag" pos="NN">whole_thing</wf>
<wf cmd="tag" pos="RB">over_again</wf>
<punc>.</punc>
</s>
</p>
<p pnum="14">
<s snum="55">
<wf cmd="tag" pos="RB">Yet</wf>
<punc>,</punc>
<wf cmd="tag" pos="RB">in_spite_of</wf>
<wf cmd="ignore" pos="DT">this</wf>
<punc>,</punc>
<wf cmd="tag" pos="JJ">intensive</wf>
<wf cmd="tag" pos="NN">study</wf>
<wf cmd="ignore" pos="IN">of</wf>
<wf cmd="ignore" pos="DT">the</wf>
<wf cmd="tag" pos="JJ">taped</wf>
<wf cmd="tag" pos="NNS">interviews</wf>
<wf cmd="ignore" pos="IN">by</wf>
<wf cmd="tag" pos="NNS">teams</wf>
<wf cmd="ignore" pos="IN">of</wf>
<wf cmd="tag" pos="NNS">psychotherapists</wf>
<wf cmd="ignore" pos="CC">and</wf>
<wf cmd="tag" pos="NNS">linguists</wf>
<wf cmd="done" pos="VB" ot="idiom">laid_bare</wf>
<wf cmd="ignore" pos="DT">the</wf>
<wf cmd="tag" pos="JJ">surprising</wf>
<wf cmd="tag" pos="NN">fact</wf>
<wf cmd="tag" pos="RB">that</wf>
<punc>,</punc>
<wf cmd="ignore" pos="IN">in</wf>
<wf cmd="ignore" pos="DT">the</wf>
<wf cmd="tag" pos="JJ">first</wf>
<wf cmd="tag" pos="CD">five</wf>
<wf cmd="tag" pos="NNS">minutes</wf>
<wf cmd="ignore" pos="IN">of</wf>
<wf cmd="ignore" pos="DT">an</wf>
<wf cmd="tag" pos="JJ">initial</wf>
<wf cmd="tag" pos="NN">interview</wf>
<punc>,</punc>
<wf cmd="ignore" pos="DT">the</wf>
<wf cmd="tag" pos="NN">patient</wf>
<wf cmd="tag" pos="RB">often</wf>
<wf cmd="done" pos="VB" lemma="reveal" wnsn="2" lexsn="2:32:00::">reveals</wf>
<wf cmd="tag" pos="JJ">as_many</wf>
<wf cmd="ignore" pos="IN">as</wf>
<wf cmd="ignore" pos="DT">a</wf>
<wf cmd="tag" pos="NN">dozen</wf>
<wf cmd="tag" pos="NNS">times</wf>
<wf cmd="tag" pos="RB">just</wf>
<wf cmd="ignore" pos="WP">what</wf>
<wf cmd="ignore" pos="POS">'s</wf>
<wf cmd="tag" pos="JJ">wrong</wf>
<wf cmd="ignore" pos="IN">with</wf>
<wf cmd="ignore" pos="PRP">him</wf>
<punc>;</punc>
<wf cmd="ignore" pos="TO">to</wf>
<wf cmd="done" pos="VB" lemma="spot" wnsn="1" lexsn="2:39:00::">spot</wf>
<wf cmd="ignore" pos="DT">these</wf>
<wf cmd="tag" pos="NNS">giveaways</wf>
<wf cmd="ignore" pos="DT">the</wf>
<wf cmd="tag" pos="NN">therapist</wf>
<wf cmd="ignore" pos="MD">must</wf>
<wf cmd="done" pos="VB" lemma="know" wnsn="2" lexsn="2:31:03::">know</wf>
<wf cmd="ignore" pos="DT">either</wf>
<wf cmd="tag" pos="RB">intuitively</wf>
<wf cmd="ignore" pos="CC">or</wf>
<wf cmd="tag" pos="RB">scientifically</wf>
<wf cmd="ignore" pos="WRB">how</wf>
<wf cmd="ignore" pos="TO">to</wf>
<wf cmd="done" pos="VB" lemma="listen" wnsn="1" lexsn="2:39:00::">listen</wf>
<punc>.</punc>
</s>
<s snum="56">
<wf cmd="tag" pos="RB">Naturally</wf>
<punc>,</punc>
<wf cmd="ignore" pos="DT">the</wf>
<wf cmd="tag" pos="NN">patient</wf>
<wf cmd="done" pos="VBZ" ot="notag">does</wf>
<wf cmd="tag" pos="RB">not</wf>
<wf cmd="done" pos="VB" lemma="say" wnsn="1" lexsn="2:32:00::">say</wf>
<punc>,</punc>
<punc>``</punc>
<wf cmd="ignore" pos="PRP">I</wf>
<wf cmd="done" pos="VB" lemma="hate" wnsn="1" lexsn="2:37:00::">hate</wf>
<wf cmd="ignore" pos="PRP$">my</wf>
<wf cmd="tag" pos="NN">father</wf>
<punc>''</punc>
<punc>,</punc>
<wf cmd="ignore" pos="CC">or</wf>
<punc>``</punc>
<wf cmd="tag" pos="NN">Sibling</wf>
<wf cmd="tag" pos="NN">rivalry</wf>
<wf cmd="done" pos="VB" lemma="be" wnsn="2" lexsn="2:42:06::">is</wf>
<wf cmd="ignore" pos="WP">what</wf>
<wf cmd="done" pos="VB" lemma="bug" wnsn="1" lexsn="2:37:00::">bugs</wf>
<wf cmd="ignore" pos="PRP">me</wf>
<punc>''</punc>
<punc>.</punc>
</s>
<s snum="57">
<wf cmd="ignore" pos="WP">What</wf>
<wf cmd="ignore" pos="PRP">he</wf>
<wf cmd="done" pos="VBZ" ot="notag">does</wf>
<wf cmd="done" pos="VB" lemma="do" wnsn="1" lexsn="2:41:01::">do</wf>
<wf cmd="done" pos="VB" lemma="be" wnsn="2" lexsn="2:42:06::">is</wf>
<wf cmd="done" rdf="give_away" pos="VB" lemma="give_away" wnsn="2" lexsn="2:32:00::">give</wf>
<wf cmd="ignore" pos="PRP">himself</wf>
<wf cmd="tag" pos="RB">away</wf>
<wf cmd="ignore" pos="IN">by</wf>
<wf cmd="done" pos="VB" lemma="communicate" wnsn="2" lexsn="2:32:00::">communicating</wf>
<wf cmd="tag" pos="NN">information</wf>
<wf cmd="tag" pos="RB">over</wf>
<wf cmd="ignore" pos="CC">and</wf>
<wf cmd="ignore" pos="IN">above</wf>
<wf cmd="ignore" pos="DT">the</wf>
<wf cmd="tag" pos="NNS">words</wf>
<wf cmd="done" pos="VB" lemma="involve" wnsn="1" lexsn="2:42:01::">involved</wf>
<punc>.</punc>
</s>
<s snum="58">
<wf cmd="ignore" pos="DT">Some</wf>
<wf cmd="ignore" pos="IN">of</wf>
<wf cmd="ignore" pos="DT">the</wf>
<wf cmd="tag" pos="JJ">classic</wf>
<wf cmd="tag" pos="NNS">indicators</wf>
<punc>,</punc>
<wf cmd="ignore" pos="IN">as</wf>
<wf cmd="done" pos="VB" lemma="describe" wnsn="2" lexsn="2:32:01::">described</wf>
<wf cmd="ignore" pos="IN">by</wf>
<wf cmd="tag" pos="NNP">Drs._Pittenger</wf>
<punc>,</punc>
<wf cmd="tag" pos="NNP">Hockett</wf>
<punc>,</punc>
<wf cmd="ignore" pos="CC">and</wf>
<wf cmd="tag" pos="NNP">Danehy</wf>
<wf cmd="ignore" pos="IN">in</wf>
<wf cmd="ignore" pos="DT">The</wf>
<wf cmd="tag" pos="NNP">First</wf>
<wf cmd="tag" pos="CD">Five</wf>
<wf cmd="tag" pos="NNPS">Minutes</wf>
<punc>,</punc>
<wf cmd="done" pos="VB" lemma="be" wnsn="2" lexsn="2:42:06::">are</wf>
<wf cmd="ignore" pos="DT">these</wf>
<punc>:</punc>
</s>
</p>
<p pnum="15">
<s snum="59">
<wf cmd="tag" pos="NN">Stammering</wf>
<wf cmd="ignore" pos="CC">or</wf>
<wf cmd="tag" pos="NN">repetition</wf>
<wf cmd="ignore" pos="IN">of</wf>
<wf cmd="ignore" pos="PRP">I</wf>
<punc>,</punc>
<wf cmd="ignore" pos="PRP">you</wf>
<punc>,</punc>
<wf cmd="ignore" pos="PRP">he</wf>
<punc>,</punc>
<wf cmd="ignore" pos="PRP">she</wf>
<punc>,</punc>
<wf cmd="ignore" pos="FW">et</wf>
<wf cmd="tag" pos="NN">cetera</wf>
<wf cmd="ignore" pos="MD">may</wf>
<wf cmd="done" pos="VB" lemma="signal" wnsn="2" lexsn="2:32:01::">signal</wf>
<wf cmd="tag" pos="NN">ambiguity</wf>
<wf cmd="ignore" pos="CC">or</wf>
<wf cmd="tag" pos="NN">uncertainty</wf>
<punc>.</punc>
</s>
<s snum="60">
<wf cmd="tag" pos="RB">On_the_other_hand</wf>
<wf cmd="tag" pos="JJ">significant</wf>
<wf cmd="tag" pos="NNS">facts</wf>
<wf cmd="ignore" pos="MD">may</wf>
<wf cmd="done" pos="VB" ot="notag">be</wf>
<wf cmd="done" pos="VB" lemma="conceal" wnsn="1" lexsn="2:39:01::">concealed</wf>
<punc>-</punc>
<wf cmd="ignore" pos="PRP">she</wf>
<wf cmd="ignore" pos="MD">may</wf>
<wf cmd="done" pos="VB" lemma="mean" wnsn="3" lexsn="2:32:03::">mean</wf>
<wf cmd="ignore" pos="PRP">I</wf>
<punc>;</punc>
<wf cmd="ignore" pos="CC">or</wf>
<wf cmd="tag" pos="NN">everybody</wf>
<punc>,</punc>
<wf cmd="ignore" pos="IN">as</wf>
<wf cmd="ignore" pos="PRP">it</wf>
<wf cmd="done" pos="VBD" ot="notag">did</wf>
<wf cmd="ignore" pos="IN">with</wf>
<wf cmd="ignore" pos="DT">the</wf>
<wf cmd="tag" pos="JJ">tense</wf>
<wf cmd="ignore" pos="CC">and</wf>
<wf cmd="tag" pos="JJ">irritable</wf>
<wf cmd="tag" pos="NN">woman</wf>
<wf cmd="done" pos="VB" lemma="mention" wnsn="1" lexsn="2:32:02::">mentioned</wf>
<wf cmd="tag" pos="RB">before</wf>
<punc>,</punc>
<wf cmd="ignore" pos="MD">may</wf>
<wf cmd="done" pos="VB" lemma="refer" wnsn="2" lexsn="2:42:00::">refer</wf>
<wf cmd="done" pos="VB" ot="notag">to</wf>
<wf cmd="ignore" pos="DT">a</wf>
<wf cmd="tag" pos="JJ">specific</wf>
<wf cmd="tag" pos="NN">person</wf>
<punc>.</punc>
</s>
<s snum="61">
<wf cmd="ignore" pos="DT">The</wf>
<wf cmd="tag" pos="NN">word</wf>
<wf cmd="tag" pos="RB">that_is</wf>
<wf cmd="tag" pos="RB">not</wf>
<wf cmd="done" pos="VB" lemma="use" wnsn="1" lexsn="2:34:01::">used</wf>
<wf cmd="ignore" pos="MD">can</wf>
<wf cmd="done" pos="VB" lemma="be" wnsn="1" lexsn="2:42:03::">be</wf>
<wf cmd="tag" pos="RB">as</wf>
<wf cmd="tag" pos="JJ">important</wf>
<wf cmd="ignore" pos="IN">as</wf>
<wf cmd="ignore" pos="DT">the</wf>
<wf cmd="tag" pos="NN">word</wf>
<wf cmd="tag" pos="RB">that_is</wf>
<wf cmd="done" pos="VB" lemma="use" wnsn="1" lexsn="2:34:01::">used</wf>
<punc>;</punc>
<wf cmd="tag" pos="NN">therapist</wf>
<wf cmd="ignore" pos="CC">and</wf>
<punc>/</punc>
<wf cmd="ignore" pos="CC">or</wf>
<wf cmd="tag" pos="NN">linguist</wf>
<wf cmd="ignore" pos="MD">must</wf>
<wf cmd="tag" pos="RB">always</wf>
<wf cmd="done" pos="VB" lemma="consider" wnsn="4" lexsn="2:32:00::">consider</wf>
<wf cmd="ignore" pos="DT">the</wf>
<wf cmd="tag" pos="NNS">alternatives</wf>
<punc>.</punc>
</s>
<s snum="62">
<wf cmd="ignore" pos="WRB">When</wf>
<wf cmd="tag" pos="NN">someone</wf>
<wf cmd="done" pos="VB" lemma="say" wnsn="1" lexsn="2:32:00::">says</wf>
<punc>,</punc>
<wf cmd="tag" pos="RB">for_example</wf>
<punc>,</punc>
<punc>``</punc>
<wf cmd="ignore" pos="PRP">They</wf>
<wf cmd="done" pos="VBD" ot="notag">took</wf>
<wf cmd="tag" pos="NN">X_rays</wf>
<wf cmd="ignore" pos="TO">to</wf>
<wf cmd="done" pos="VB" lemma="see" wnsn="10" lexsn="2:31:03::">see</wf>
<wf cmd="ignore" pos="IN">that</wf>
<wf cmd="ignore" pos="EX">there</wf>
<wf cmd="done" pos="VB" lemma="be" wnsn="4" lexsn="2:42:00::">was</wf>
<wf cmd="tag" pos="NN">nothing</wf>
<wf cmd="tag" pos="JJ">wrong</wf>
<wf cmd="ignore" pos="IN">with</wf>
<wf cmd="ignore" pos="PRP">me</wf>
<punc>''</punc>
<punc>,</punc>
<wf cmd="ignore" pos="PRP">it</wf>
<wf cmd="done" pos="VB" lemma="pay" wnsn="7" lexsn="2:42:00::">pays</wf>
<wf cmd="ignore" pos="TO">to</wf>
<wf cmd="done" pos="VB" lemma="consider" wnsn="4" lexsn="2:32:00::">consider</wf>
<wf cmd="ignore" pos="WRB">how</wf>
<wf cmd="ignore" pos="DT">this</wf>
<wf cmd="tag" pos="NN">statement</wf>
<wf cmd="ignore" pos="MD">would</wf>
<wf cmd="tag" pos="RB">normally</wf>
<wf cmd="done" pos="VB" ot="notag">be</wf>
<wf cmd="done" pos="VB" lemma="make" wnsn="1" lexsn="2:41:00::">made</wf>
<punc>.</punc>
</s>
<s snum="63">
<punc>(</punc>
<wf cmd="ignore" pos="DT">This</wf>
<wf cmd="tag" pos="NN">patient</wf>
<punc>,</punc>
<wf cmd="ignore" pos="IN">in</wf>
<wf cmd="tag" pos="NN">actuality</wf>
<punc>,</punc>
<wf cmd="done" pos="VB" lemma="be" wnsn="2" lexsn="2:42:06::">was</wf>
<wf cmd="ignore" pos="DT">a</wf>
<wf cmd="tag" pos="NN">neurasthenic</wf>
<wf cmd="ignore" pos="WP">who</wf>
<wf cmd="done" pos="VBD" ot="notag">had</wf>
<wf cmd="tag" pos="RB">almost</wf>
<wf cmd="done" pos="VB" lemma="come" wnsn="2" lexsn="2:38:04::">come</wf>
<wf cmd="done" pos="VB" ot="notag">to</wf>
<wf cmd="ignore" pos="DT">the</wf>
<wf cmd="tag" pos="NN">point</wf>
<wf cmd="ignore" pos="IN">of</wf>
<wf cmd="done" pos="VB" lemma="accept" wnsn="1" lexsn="2:31:00::">accepting</wf>
<wf cmd="ignore" pos="DT">the</wf>
<wf cmd="tag" pos="NN">fact</wf>
<wf cmd="ignore" pos="IN">that</wf>
<wf cmd="ignore" pos="PRP">it</wf>
<wf cmd="done" pos="VB" lemma="be" wnsn="2" lexsn="2:42:06::">was</wf>
<wf cmd="tag" pos="RB">not</wf>
<wf cmd="ignore" pos="PRP$">her</wf>
<wf cmd="tag" pos="NN">soma</wf>
<wf cmd="ignore" pos="CC">but</wf>
<wf cmd="ignore" pos="PRP$">her</wf>
<wf cmd="tag" pos="NN">psyche</wf>
<wf cmd="ignore" pos="WDT">that</wf>
<wf cmd="done" pos="VB" lemma="be" wnsn="2" lexsn="2:42:06::">was</wf>
<wf cmd="ignore" pos="DT">the</wf>
<wf cmd="tag" pos="NN">cause</wf>
<wf cmd="ignore" pos="IN">of</wf>
<wf cmd="ignore" pos="PRP$">her</wf>
<wf cmd="tag" pos="NN">difficulty</wf>
<punc>.</punc>
<punc>)</punc>
</s>
<s snum="64">
<wf cmd="tag" pos="NN">Amateur</wf>
<wf cmd="tag" pos="NNS">linguists</wf>
<wf cmd="done" pos="VB" lemma="note" wnsn="1" lexsn="2:32:00::">note</wf>
<wf cmd="tag" pos="RB">here</wf>
<wf cmd="ignore" pos="IN">that</wf>
<wf cmd="tag" pos="NNP">Pursewarden</wf>
<punc>,</punc>
<wf cmd="ignore" pos="IN">in</wf>
<wf cmd="tag" pos="NNP">Durrell</wf>
<wf cmd="ignore" pos="POS">'s</wf>
<wf cmd="tag" pos="NNP">Alexandria_Quartet</wf>
<punc>,</punc>
<wf cmd="done" pos="VB" lemma="stammer" wnsn="1" lexsn="2:32:00::">stammered</wf>
<wf cmd="ignore" pos="WRB">when</wf>
<wf cmd="ignore" pos="PRP">he</wf>
<wf cmd="done" pos="VB" lemma="speak" wnsn="1" lexsn="2:32:00::">spoke</wf>
<wf cmd="ignore" pos="IN">of</wf>
<wf cmd="ignore" pos="PRP$">his</wf>
<wf cmd="tag" pos="NN">wife</wf>
<punc>,</punc>
<wf cmd="ignore" pos="WDT">which</wf>
<wf cmd="done" pos="VB" lemma="be" wnsn="1" lexsn="2:42:03::">is</wf>
<wf cmd="tag" pos="RB">hardly</wf>
<wf cmd="tag" pos="JJ">surprising</wf>
<wf cmd="tag" pos="JJ">in_view</wf>
<wf cmd="ignore" pos="IN">of</wf>
<wf cmd="ignore" pos="PRP$">their</wf>
<wf cmd="tag" pos="JJ">disastrous</wf>
<wf cmd="tag" pos="NN">relationship</wf>
<punc>.</punc>
</s>
</p>
</context>
</contextfile>
