<contextfile concordance="brown">
<context filename="br-f05" paras="yes">
<p pnum="1">
<s snum="1">
<wf cmd="done" pos="VB" lemma="buffet" wnsn="1" lexsn="2:35:00::">Buffeted</wf>
<wf cmd="ignore" pos="IN">by</wf>
<wf cmd="tag" pos="JJ">swirling</wf>
<wf cmd="tag" pos="NNS">winds</wf>
<punc>,</punc>
<wf cmd="ignore" pos="DT">the</wf>
<wf cmd="tag" pos="JJ">little</wf>
<wf cmd="tag" pos="JJ">green</wf>
<wf cmd="tag" pos="NN">biplane</wf>
<wf cmd="done" pos="VB" lemma="struggle" wnsn="1" lexsn="2:41:00::">struggled</wf>
<wf cmd="tag" pos="RB">northward</wf>
<wf cmd="ignore" pos="IN">between</wf>
<wf cmd="ignore" pos="DT">the</wf>
<wf cmd="tag" pos="NNS">mountains</wf>
<wf cmd="ignore" pos="IN">beyond</wf>
<wf cmd="tag" pos="NNP">Northfield_Gulf</wf>
<punc>.</punc>
</s>
<s snum="2">
<wf cmd="tag" pos="NNS">Wires</wf>
<wf cmd="done" pos="VB" lemma="whine" wnsn="2" lexsn="2:32:01::">whined</wf>
<wf cmd="ignore" pos="IN">as</wf>
<wf cmd="ignore" pos="DT">a</wf>
<wf cmd="tag" pos="JJ">cold</wf>
<wf cmd="tag" pos="NNP">November</wf>
<wf cmd="tag" pos="NN">blast</wf>
<wf cmd="done" pos="VB" lemma="rock" wnsn="1" lexsn="2:38:00::">rocked</wf>
<wf cmd="ignore" pos="DT">the</wf>
<wf cmd="tag" pos="NN">silver</wf>
<wf cmd="tag" pos="NNS">wings</wf>
<punc>,</punc>
<wf cmd="ignore" pos="CC">but</wf>
<wf cmd="ignore" pos="DT">the</wf>
<wf cmd="tag" pos="NN">engine</wf>
<wf cmd="tag" pos="NN">roar</wf>
<wf cmd="done" pos="VBD" ot="notag">was</wf>
<wf cmd="done" pos="VB" lemma="reassure" wnsn="1" lexsn="2:37:00::">reassuring</wf>
<wf cmd="ignore" pos="TO">to</wf>
<wf cmd="ignore" pos="DT">the</wf>
<wf cmd="tag" pos="NN">pilot</wf>
<wf cmd="done" pos="VB" lemma="bundle" wnsn="1" lexsn="2:35:00::">bundled</wf>
<wf cmd="tag" pos="JJ">in_the_open</wf>
<wf cmd="tag" pos="NN">cockpit</wf>
<punc>.</punc>
</s>
<s snum="3">
<wf cmd="ignore" pos="PRP">He</wf>
<wf cmd="done" pos="VB" lemma="peer" wnsn="1" lexsn="2:39:00::">peered</wf>
<wf cmd="tag" pos="RB">ahead</wf>
<wf cmd="ignore" pos="CC">and</wf>
<wf cmd="done" pos="VB" lemma="grin" wnsn="1" lexsn="2:29:00::">grinned</wf>
<wf cmd="ignore" pos="IN">as</wf>
<wf cmd="ignore" pos="DT">the</wf>
<wf cmd="tag" pos="NN">railroad_tracks</wf>
<wf cmd="done" pos="VB" lemma="come" wnsn="1" lexsn="2:38:00::">came</wf>
<wf cmd="done" pos="VB" ot="notag">into</wf>
<wf cmd="tag" pos="NN">view</wf>
<wf cmd="tag" pos="RB">again</wf>
<wf cmd="tag" pos="RB">below</wf>
<punc>.</punc>
</s>
</p>
<p pnum="2">
<s snum="4">
<punc>``</punc>
<wf cmd="tag" pos="JJ">Good</wf>
<wf cmd="tag" pos="JJ">old</wf>
<wf cmd="tag" pos="NN">iron</wf>
<wf cmd="tag" pos="NN">compass</wf>
<punc>''</punc>
<punc>!</punc>
<wf cmd="ignore" pos="PRP">he</wf>
<wf cmd="done" pos="VB" lemma="think" wnsn="3" lexsn="2:31:00::">thought</wf>
<punc>.</punc>
</s>
</p>
<p pnum="3">
<s snum="5">
<wf cmd="ignore" pos="DT">A</wf>
<wf cmd="tag" pos="NN">plume</wf>
<wf cmd="ignore" pos="IN">of</wf>
<wf cmd="tag" pos="NN">smoke</wf>
<wf cmd="done" pos="VB" lemma="rise" wnsn="1" lexsn="2:38:00::">rose</wf>
<wf cmd="ignore" pos="IN">from</wf>
<wf cmd="ignore" pos="DT">a</wf>
<wf cmd="tag" pos="NNP">Central_Vermont</wf>
<wf cmd="tag" pos="NN">locomotive</wf>
<wf cmd="ignore" pos="WDT">which</wf>
<wf cmd="done" pos="VB" lemma="idle" wnsn="1" lexsn="2:35:00::">idled</wf>
<wf cmd="ignore" pos="IN">behind</wf>
<wf cmd="ignore" pos="DT">a</wf>
<wf cmd="tag" pos="NN">string</wf>
<wf cmd="ignore" pos="IN">of</wf>
<wf cmd="tag" pos="NN">gravel</wf>
<wf cmd="tag" pos="NNS">cars</wf>
<punc>,</punc>
<wf cmd="ignore" pos="CC">and</wf>
<wf cmd="tag" pos="JJ">little</wf>
<wf cmd="tag" pos="NNS">figures</wf>
<wf cmd="ignore" pos="WDT">that</wf>
<wf cmd="done" pos="VB" lemma="be" wnsn="2" lexsn="2:42:06::">were</wf>
<wf cmd="tag" pos="NNS">workmen</wf>
<wf cmd="done" pos="VB" lemma="labor" wnsn="1" lexsn="2:41:01::">labored</wf>
<wf cmd="ignore" pos="TO">to</wf>
<wf cmd="done" pos="VB" lemma="set" wnsn="5" lexsn="2:30:01::">set</wf>
<wf cmd="ignore" pos="DT">the</wf>
<wf cmd="tag" pos="JJ">ruptured</wf>
<wf cmd="tag" pos="NN">roadbed</wf>
<wf cmd="ignore" pos="TO">to</wf>
<wf cmd="tag" pos="NNS">rights</wf>
<punc>.</punc>
</s>
<s snum="6">
<wf cmd="ignore" pos="DT">The</wf>
<wf cmd="tag" pos="NNS">girders</wf>
<wf cmd="ignore" pos="IN">of</wf>
<wf cmd="ignore" pos="DT">a</wf>
<wf cmd="tag" pos="JJ">shattered</wf>
<wf cmd="tag" pos="NNP">Dog_River</wf>
<wf cmd="tag" pos="NN">bridge</wf>
<wf cmd="done" pos="VB" lemma="lie" wnsn="1" lexsn="2:42:00::">lay</wf>
<wf cmd="tag" pos="JJ">strewn</wf>
<wf cmd="ignore" pos="IN">for</wf>
<wf cmd="tag" pos="NN">half</wf>
<wf cmd="ignore" pos="DT">a</wf>
<wf cmd="tag" pos="NN">mile</wf>
<wf cmd="tag" pos="RB">downstream</wf>
<punc>.</punc>
</s>
<s snum="7">
<wf cmd="tag" pos="NNP">Vermont</wf>
<wf cmd="ignore" pos="POS">'s</wf>
<wf cmd="tag" pos="JJ">main</wf>
<wf cmd="tag" pos="NN">railroad_line</wf>
<wf cmd="done" pos="VB" lemma="be" wnsn="1" lexsn="2:42:03::">was</wf>
<wf cmd="tag" pos="JJ">prostrate</wf>
<punc>.</punc>
</s>
<s snum="8">
<wf cmd="ignore" pos="CC">And</wf>
<wf cmd="ignore" pos="IN">in</wf>
<wf cmd="ignore" pos="DT">the</wf>
<wf cmd="tag" pos="JJ">dark</wf>
<wf cmd="tag" pos="NNS">days</wf>
<wf cmd="ignore" pos="IN">after</wf>
<wf cmd="ignore" pos="DT">the</wf>
<wf cmd="tag" pos="NNP">Great_Flood</wf>
<wf cmd="ignore" pos="IN">of</wf>
<wf cmd="tag" pos="CD">1927</wf>
<punc>-</punc>
<wf cmd="ignore" pos="DT">the</wf>
<wf cmd="tag" pos="RBS">worst</wf>
<wf cmd="tag" pos="JJ">natural</wf>
<wf cmd="tag" pos="NN">disaster</wf>
<wf cmd="ignore" pos="IN">in</wf>
<wf cmd="ignore" pos="DT">the</wf>
<wf cmd="tag" pos="NN">state</wf>
<wf cmd="ignore" pos="POS">'s</wf>
<wf cmd="tag" pos="NN">history</wf>
<punc>-</punc>
<wf cmd="ignore" pos="DT">the</wf>
<wf cmd="tag" pos="JJ">little</wf>
<wf cmd="tag" pos="NN">plane</wf>
<wf cmd="done" pos="VB" lemma="be" wnsn="1" lexsn="2:42:03::">was</wf>
<wf cmd="ignore" pos="PRP$">its</wf>
<wf cmd="tag" pos="JJ">sole</wf>
<wf cmd="tag" pos="NN">replacement</wf>
<wf cmd="ignore" pos="IN">in</wf>
<wf cmd="done" pos="VB" lemma="carry" wnsn="1" lexsn="2:35:02::">carrying</wf>
<wf cmd="ignore" pos="DT">the</wf>
<wf cmd="tag" pos="NN">United_States</wf>
<wf cmd="tag" pos="NNS">mails</wf>
<punc>.</punc>
</s>
</p>
<p pnum="4">
<s snum="9">
<wf cmd="tag" pos="NNP">Rain</wf>
<wf cmd="ignore" pos="IN">of</wf>
<wf cmd="ignore" pos="IN">near</wf>
<wf cmd="tag" pos="NN">cloudburst</wf>
<wf cmd="tag" pos="NNS">proportions</wf>
<wf cmd="done" pos="VBD" ot="notag">had</wf>
<wf cmd="done" pos="VB" lemma="fall" wnsn="1" lexsn="2:38:03::">fallen</wf>
<wf cmd="done" pos="VB" ot="notag">for</wf>
<wf cmd="tag" pos="CD">three</wf>
<wf cmd="tag" pos="JJ">full</wf>
<wf cmd="tag" pos="NNS">days</wf>
<wf cmd="ignore" pos="CC">and</wf>
<wf cmd="ignore" pos="PRP">it</wf>
<wf cmd="done" pos="VBD" ot="notag">was</wf>
<wf cmd="tag" pos="RB">still</wf>
<wf cmd="done" pos="VB" lemma="rain" wnsn="1" lexsn="2:43:00::">raining</wf>
<wf cmd="ignore" pos="IN">on</wf>
<wf cmd="ignore" pos="DT">the</wf>
<wf cmd="tag" pos="NN">morning</wf>
<wf cmd="ignore" pos="IN">of</wf>
<wf cmd="tag" pos="NNP">Friday</wf>
<punc>,</punc>
<wf cmd="tag" pos="NNP">November</wf>
<wf cmd="tag" pos="CD">4</wf>
<punc>,</punc>
<wf cmd="tag" pos="CD">1927</wf>
<punc>,</punc>
<wf cmd="ignore" pos="WRB">when</wf>
<wf cmd="tag" pos="NNS">officials</wf>
<wf cmd="ignore" pos="IN">of</wf>
<wf cmd="ignore" pos="DT">the</wf>
<wf cmd="tag" pos="NN">Post_Office_Department</wf>
<wf cmd="ignore" pos="POS">'s</wf>
<wf cmd="tag" pos="NNP">Railway_Mail_Service</wf>
<wf cmd="done" pos="VB" lemma="realize" wnsn="1" lexsn="2:31:01::">realized</wf>
<wf cmd="ignore" pos="IN">that</wf>
<wf cmd="ignore" pos="PRP$">their</wf>
<wf cmd="tag" pos="NN">distribution</wf>
<wf cmd="tag" pos="NN">system</wf>
<wf cmd="ignore" pos="IN">for</wf>
<wf cmd="tag" pos="NNP">Vermont</wf>
<wf cmd="done" pos="VBD" ot="notag">had</wf>
<wf cmd="done" pos="VBN" ot="notag">been</wf>
<wf cmd="tag" pos="RB">almost</wf>
<wf cmd="tag" pos="RB">totally</wf>
<wf cmd="done" pos="VB" lemma="destroy" wnsn="1" lexsn="2:36:00::">destroyed</wf>
<wf cmd="tag" pos="JJ">overnight</wf>
<punc>.</punc>
</s>
<s snum="10">
<wf cmd="tag" pos="NNS">Clerks</wf>
<wf cmd="ignore" pos="CC">and</wf>
<wf cmd="tag" pos="NNS">postmasters</wf>
<wf cmd="done" pos="VB" lemma="shovel" wnsn="1" lexsn="2:35:00::">shoveled</wf>
<wf cmd="tag" pos="NN">muck</wf>
<wf cmd="ignore" pos="IN">out</wf>
<wf cmd="ignore" pos="IN">of</wf>
<wf cmd="ignore" pos="PRP$">their</wf>
<wf cmd="tag" pos="NNS">offices</wf>
<punc>-</punc>
<wf cmd="ignore" pos="DT">those</wf>
<wf cmd="ignore" pos="WP">who</wf>
<wf cmd="tag" pos="RB">still</wf>
<wf cmd="done" pos="VB" lemma="have" wnsn="1" lexsn="2:40:00::">had</wf>
<wf cmd="tag" pos="NNS">offices</wf>
<punc>-</punc>
<wf cmd="ignore" pos="CC">and</wf>
<wf cmd="done" pos="VB" lemma="wonder" wnsn="2" lexsn="2:32:01::">wondered</wf>
<wf cmd="ignore" pos="WRB">how</wf>
<wf cmd="ignore" pos="TO">to</wf>
<wf cmd="done" pos="VB" lemma="move" wnsn="2" lexsn="2:38:01::">move</wf>
<wf cmd="ignore" pos="DT">the</wf>
<wf cmd="tag" pos="NN">mail</wf>
<punc>.</punc>
</s>
<s snum="11">
<wf cmd="ignore" pos="DT">The</wf>
<wf cmd="tag" pos="NN">state</wf>
<wf cmd="ignore" pos="POS">'s</wf>
<wf cmd="tag" pos="NN">railroad</wf>
<wf cmd="tag" pos="NN">system</wf>
<wf cmd="done" pos="VB" lemma="count" wnsn="1" lexsn="2:32:00::">counted</wf>
<wf cmd="tag" pos="NNS">miles</wf>
<wf cmd="ignore" pos="IN">of</wf>
<wf cmd="tag" pos="JJ">broken</wf>
<wf cmd="tag" pos="NNS">bridges</wf>
<wf cmd="ignore" pos="CC">and</wf>
<wf cmd="tag" pos="JJ">missing</wf>
<wf cmd="tag" pos="JJ">rights-of-way</wf>
<punc>:</punc>
<wf cmd="ignore" pos="PRP">it</wf>
<wf cmd="ignore" pos="MD">would</wf>
<wf cmd="tag" pos="RB">obviously</wf>
<wf cmd="done" pos="VB" lemma="remain" wnsn="1" lexsn="2:30:00::">remain</wf>
<wf cmd="ignore" pos="IN">out</wf>
<wf cmd="ignore" pos="IN">of</wf>
<wf cmd="tag" pos="NN">commission</wf>
<wf cmd="ignore" pos="IN">for</wf>
<wf cmd="tag" pos="NNS">weeks</wf>
<punc>.</punc>
</s>
<s snum="12">
<wf cmd="ignore" pos="CC">And</wf>
<wf cmd="tag" pos="RB">once</wf>
<wf cmd="tag" pos="NN">medicine</wf>
<punc>,</punc>
<wf cmd="tag" pos="NN">food</wf>
<punc>,</punc>
<wf cmd="tag" pos="NN">clothing</wf>
<wf cmd="ignore" pos="CC">and</wf>
<wf cmd="tag" pos="NN">shelter</wf>
<wf cmd="done" pos="VBD" ot="notag">had</wf>
<wf cmd="done" pos="VBN" ot="notag">been</wf>
<wf cmd="done" pos="VB" lemma="provide" wnsn="2" lexsn="2:34:00::">provided</wf>
<wf cmd="done" pos="VB" ot="notag">for</wf>
<wf cmd="ignore" pos="DT">the</wf>
<wf cmd="tag" pos="NN">flood</wf>
<wf cmd="ignore" pos="POS">'s</wf>
<wf cmd="tag" pos="NNS">victims</wf>
<punc>,</punc>
<wf cmd="tag" pos="NNS">communications</wf>
<wf cmd="ignore" pos="CC">and</wf>
<wf cmd="ignore" pos="DT">the</wf>
<wf cmd="tag" pos="NN">mail</wf>
<wf cmd="done" pos="VB" lemma="be" wnsn="1" lexsn="2:42:03::">were</wf>
<wf cmd="ignore" pos="DT">the</wf>
<wf cmd="tag" pos="JJ">next</wf>
<wf cmd="tag" pos="JJ">top</wf>
<wf cmd="tag" pos="NNS">problems</wf>
<punc>.</punc>
</s>
</p>
<p pnum="5">
<s snum="13">
<wf cmd="ignore" pos="IN">From</wf>
<wf cmd="tag" pos="NNP">Burlington</wf>
<punc>,</punc>
<wf cmd="tag" pos="JJ">outgoing</wf>
<wf cmd="tag" pos="NN">mail</wf>
<wf cmd="ignore" pos="MD">could</wf>
<wf cmd="done" pos="VB" ot="notag">be</wf>
<wf cmd="done" pos="VB" lemma="ferry" wnsn="1" lexsn="2:38:02::">ferried</wf>
<wf cmd="ignore" pos="IN">across</wf>
<wf cmd="tag" pos="NNP">Lake_Champlain</wf>
<wf cmd="ignore" pos="TO">to</wf>
<wf cmd="ignore" pos="DT">the</wf>
<wf cmd="tag" pos="NN">railroad</wf>
<wf cmd="ignore" pos="IN">at</wf>
<wf cmd="tag" pos="NNP">Port_Kent</wf>
<punc>,</punc>
<wf cmd="tag" pos="NNP">N._Y.</wf>
<punc>.</punc>
</s>
<s snum="14">
<wf cmd="ignore" pos="CC">But</wf>
<wf cmd="ignore" pos="WP">what</wf>
<wf cmd="done" pos="VB" lemma="come_in" wnsn="2" lexsn="2:38:01::">came_in</wf>
<wf cmd="done" pos="VBD" ot="notag">was</wf>
<wf cmd="done" pos="VB" lemma="pile_up" wnsn="1" lexsn="2:30:00::">piling_up</wf>
<punc>.</punc>
</s>
<s snum="15">
<wf cmd="ignore" pos="DT">The</wf>
<wf cmd="tag" pos="JJS">nearest</wf>
<wf cmd="tag" pos="JJ">undisrupted</wf>
<wf cmd="tag" pos="NN">end</wf>
<wf cmd="ignore" pos="IN">of</wf>
<wf cmd="tag" pos="NN">track</wf>
<wf cmd="ignore" pos="IN">from</wf>
<wf cmd="tag" pos="NNP">Boston</wf>
<wf cmd="done" pos="VB" lemma="be" wnsn="5" lexsn="2:42:04::">was</wf>
<wf cmd="ignore" pos="IN">at</wf>
<wf cmd="tag" pos="NNP">Concord</wf>
<punc>,</punc>
<wf cmd="tag" pos="NNP">N._H.</wf>
<punc>.</punc>
</s>
<s snum="16">
<wf cmd="ignore" pos="WRB">When</wf>
<wf cmd="tag" pos="NNP">Governor_Al_Smith</wf>
<wf cmd="done" pos="VB" lemma="offer" wnsn="1" lexsn="2:40:02::">offered</wf>
<wf cmd="tag" pos="NN">New_York</wf>
<wf cmd="tag" pos="NN">National_Guard</wf>
<wf cmd="tag" pos="NNS">planes</wf>
<wf cmd="ignore" pos="TO">to</wf>
<wf cmd="done" pos="VB" lemma="fly" wnsn="4" lexsn="2:35:00::">fly</wf>
<wf cmd="ignore" pos="DT">the</wf>
<wf cmd="tag" pos="NN">mail</wf>
<wf cmd="tag" pos="RB">in</wf>
<wf cmd="ignore" pos="CC">and</wf>
<wf cmd="ignore" pos="IN">out</wf>
<wf cmd="ignore" pos="IN">of</wf>
<wf cmd="ignore" pos="DT">the</wf>
<wf cmd="tag" pos="NN">state</wf>
<punc>,</punc>
<wf cmd="ignore" pos="PRP">it</wf>
<wf cmd="done" pos="VB" lemma="seem" wnsn="1" lexsn="2:39:00::">seemed</wf>
<wf cmd="ignore" pos="DT">a</wf>
<wf cmd="tag" pos="JJ">likely</wf>
<wf cmd="tag" pos="JJ">temporary</wf>
<wf cmd="tag" pos="NN">solution</wf>
<punc>,</punc>
<wf cmd="done" pos="VB" lemma="ease" wnsn="3" lexsn="2:30:00::">easing</wf>
<wf cmd="tag" pos="NNP">Burlington</wf>
<wf cmd="ignore" pos="POS">'s</wf>
<wf cmd="tag" pos="NN">bottleneck</wf>
<wf cmd="ignore" pos="CC">and</wf>
<wf cmd="ignore" pos="IN">that</wf>
<wf cmd="ignore" pos="IN">at</wf>
<wf cmd="tag" pos="NNP">Montpelier</wf>
<wf cmd="tag" pos="RB">too</wf>
<punc>.</punc>
</s>
</p>
<p pnum="6">
<s snum="17">
<wf cmd="ignore" pos="DT">The</wf>
<wf cmd="tag" pos="NN">question</wf>
<wf cmd="done" pos="VB" lemma="be" wnsn="2" lexsn="2:42:06::">was</wf>
<punc>``</punc>
<wf cmd="ignore" pos="WRB">Where</wf>
<wf cmd="ignore" pos="TO">to</wf>
<wf cmd="done" pos="VB" lemma="land" wnsn="1" lexsn="2:38:00::">land</wf>
<punc>''</punc>
<punc>?</punc>
</s>
<s snum="18">
<wf cmd="ignore" pos="EX">There</wf>
<wf cmd="done" pos="VB" lemma="be" wnsn="4" lexsn="2:42:00::">was</wf>
<wf cmd="ignore" pos="DT">no</wf>
<wf cmd="tag" pos="JJ">such</wf>
<wf cmd="tag" pos="NN">thing</wf>
<wf cmd="ignore" pos="IN">as</wf>
<wf cmd="ignore" pos="DT">an</wf>
<wf cmd="tag" pos="NN">airport</wf>
<wf cmd="ignore" pos="IN">in</wf>
<wf cmd="tag" pos="NNP">Vermont</wf>
<punc>.</punc>
</s>
<s snum="19">
<wf cmd="tag" pos="NNP">Burlington</wf>
<wf cmd="tag" pos="NN">aviator</wf>
<wf cmd="tag" pos="NNP">John_J._Burns</wf>
<wf cmd="done" pos="VB" lemma="suggest" wnsn="1" lexsn="2:32:00::">suggested</wf>
<wf cmd="ignore" pos="DT">the</wf>
<wf cmd="tag" pos="NN">parade_ground</wf>
<wf cmd="tag" pos="RB">southwest</wf>
<wf cmd="ignore" pos="IN">of</wf>
<wf cmd="tag" pos="NNP">Fort_Ethan_Allen</wf>
<punc>,</punc>
<wf cmd="ignore" pos="CC">and</wf>
<wf cmd="tag" pos="RB">soon</wf>
<wf cmd="ignore" pos="DT">a</wf>
<wf cmd="tag" pos="NN">dozen</wf>
<wf cmd="tag" pos="JJ">hastily-summoned</wf>
<wf cmd="tag" pos="NN">National_Guard</wf>
<wf cmd="tag" pos="NNS">pilots</wf>
<wf cmd="done" pos="VBD" ot="notag">were</wf>
<wf cmd="done" pos="VB" lemma="bring" wnsn="1" lexsn="2:38:00::">bringing</wf>
<wf cmd="ignore" pos="PRP$">their</wf>
<wf cmd="tag" pos="JJ">wide-winged</wf>
<punc>``</punc>
<wf cmd="tag" pos="NNP">Jenny</wf>
<punc>''</punc>
<wf cmd="ignore" pos="CC">and</wf>
<wf cmd="tag" pos="NNP">DeHaviland</wf>
<wf cmd="tag" pos="JJ">two-seaters</wf>
<wf cmd="ignore" pos="TO">to</wf>
<wf cmd="done" pos="VB" lemma="rest" wnsn="1" lexsn="2:35:00::">rest</wf>
<wf cmd="done" pos="VB" ot="notag">on</wf>
<wf cmd="ignore" pos="DT">the</wf>
<wf cmd="tag" pos="JJ">frozen</wf>
<wf cmd="tag" pos="NN">sod</wf>
<wf cmd="ignore" pos="IN">of</wf>
<wf cmd="ignore" pos="DT">the</wf>
<wf cmd="tag" pos="JJ">military</wf>
<wf cmd="tag" pos="NN">base</wf>
<punc>.</punc>
</s>
</p>
<p pnum="7">
<s snum="20">
<wf cmd="ignore" pos="DT">The</wf>
<wf cmd="tag" pos="RB">only</wf>
<wf cmd="tag" pos="JJ">available</wf>
<wf cmd="tag" pos="NN">field</wf>
<wf cmd="ignore" pos="WDT">that</wf>
<wf cmd="ignore" pos="MD">could</wf>
<wf cmd="done" pos="VB" ot="notag">be</wf>
<wf cmd="done" pos="VB" lemma="use" wnsn="1" lexsn="2:34:01::">used</wf>
<wf cmd="ignore" pos="IN">near</wf>
<wf cmd="tag" pos="JJ">flood-ravaged</wf>
<wf cmd="tag" pos="NNP">Montpelier</wf>
<wf cmd="done" pos="VB" lemma="be" wnsn="3" lexsn="2:42:05::">was</wf>
<wf cmd="done" pos="VB" ot="notag">on</wf>
<wf cmd="ignore" pos="DT">the</wf>
<wf cmd="tag" pos="NNP">Towne</wf>
<wf cmd="tag" pos="NN">farm</wf>
<wf cmd="ignore" pos="IN">off</wf>
<wf cmd="tag" pos="JJ">upper</wf>
<wf cmd="tag" pos="NN">Main_Street</wf>
<punc>,</punc>
<wf cmd="ignore" pos="DT">a</wf>
<wf cmd="tag" pos="JJ">narrow</wf>
<wf cmd="tag" pos="NN">hillside</wf>
<wf cmd="ignore" pos="WRB">where</wf>
<wf cmd="tag" pos="NNS">takeoffs</wf>
<wf cmd="ignore" pos="CC">and</wf>
<wf cmd="tag" pos="NNS">landings</wf>
<wf cmd="ignore" pos="MD">could</wf>
<wf cmd="done" pos="VB" ot="notag">be</wf>
<wf cmd="tag" pos="RB">safely</wf>
<wf cmd="done" pos="VB" lemma="make" wnsn="1" lexsn="2:41:00::">made</wf>
<wf cmd="tag" pos="RB">only</wf>
<wf cmd="ignore" pos="IN">under</wf>
<wf cmd="tag" pos="NN">light</wf>
<wf cmd="tag" pos="NN">wind</wf>
<wf cmd="tag" pos="NNS">conditions</wf>
<punc>.</punc>
</s>
<s snum="21">
<wf cmd="ignore" pos="IN">Over</wf>
<wf cmd="ignore" pos="IN">in</wf>
<wf cmd="tag" pos="NNP">Barre</wf>
<wf cmd="ignore" pos="DT">the</wf>
<wf cmd="tag" pos="NNS">streets</wf>
<wf cmd="done" pos="VBD" ot="notag">had</wf>
<wf cmd="done" pos="VB" lemma="be" wnsn="1" lexsn="2:42:03::">been</wf>
<wf cmd="tag" pos="JJ">deep</wf>
<wf cmd="ignore" pos="IN">in</wf>
<wf cmd="tag" pos="JJ">swirling</wf>
<wf cmd="tag" pos="NN">water</wf>
<punc>,</punc>
<wf cmd="ignore" pos="CC">and</wf>
<wf cmd="tag" pos="NNS">bridges</wf>
<wf cmd="done" pos="VB" lemma="be" wnsn="1" lexsn="2:42:03::">were</wf>
<wf cmd="tag" pos="JJ">crumpled</wf>
<wf cmd="ignore" pos="CC">and</wf>
<wf cmd="tag" pos="JJ">gone</wf>
<punc>.</punc>
</s>
<s snum="22">
<wf cmd="done" pos="VB" lemma="anticipate" wnsn="1" lexsn="2:31:00::">Anticipating</wf>
<wf cmd="tag" pos="NN">delivery</wf>
<wf cmd="ignore" pos="IN">of</wf>
<wf cmd="tag" pos="NNS">medicines</wf>
<wf cmd="ignore" pos="CC">and</wf>
<wf cmd="tag" pos="NN">yeast</wf>
<wf cmd="ignore" pos="IN">by</wf>
<wf cmd="tag" pos="NN">plane</wf>
<punc>,</punc>
<wf cmd="tag" pos="NNP">Granite_City</wf>
<wf cmd="tag" pos="NNS">citizens</wf>
<wf cmd="done" pos="VB" lemma="form" wnsn="1" lexsn="2:41:00::">formed</wf>
<wf cmd="ignore" pos="DT">an</wf>
<wf cmd="tag" pos="NN">airfield</wf>
<wf cmd="tag" pos="NN">committee</wf>
<wf cmd="ignore" pos="CC">and</wf>
<wf cmd="ignore" pos="IN">with</wf>
<wf cmd="ignore" pos="DT">the</wf>
<wf cmd="tag" pos="NN">aid</wf>
<wf cmd="ignore" pos="IN">of</wf>
<wf cmd="tag" pos="NNS">quarrymen</wf>
<wf cmd="ignore" pos="CC">and</wf>
<wf cmd="ignore" pos="DT">the</wf>
<wf cmd="tag" pos="CD">172</wf>
<wf cmd="ignore" pos="CC">nd</wf>
<wf cmd="tag" pos="NNP">Infantry</wf>
<punc>,</punc>
<wf cmd="tag" pos="NNP">Vermont</wf>
<wf cmd="tag" pos="NN">National_Guard</wf>
<punc>,</punc>
<wf cmd="done" pos="VB" lemma="lay_out" wnsn="1" lexsn="2:35:00::">laid_out</wf>
<wf cmd="tag" pos="NNS">runways</wf>
<wf cmd="ignore" pos="IN">on</wf>
<wf cmd="tag" pos="NNP">Wilson</wf>
<wf cmd="tag" pos="JJ">flat</wf>
<punc>,</punc>
<wf cmd="tag" pos="JJ">high</wf>
<wf cmd="ignore" pos="IN">on</wf>
<wf cmd="tag" pos="NNP">Millstone_Hill</wf>
<punc>.</punc>
</s>
<s snum="23">
<wf cmd="ignore" pos="DT">The</wf>
<punc>``</punc>
<wf cmd="tag" pos="NNP">Barre_Aviation_Field</wf>
<punc>''</punc>
<wf cmd="done" pos="VBD" ot="notag">was</wf>
<wf cmd="tag" pos="JJ">set_to</wf>
<wf cmd="done" pos="VB" lemma="receive" wnsn="7" lexsn="2:32:00::">receive</wf>
<wf cmd="ignore" pos="PRP$">its</wf>
<wf cmd="tag" pos="JJ">first</wf>
<wf cmd="tag" pos="NN">aircraft</wf>
<wf cmd="ignore" pos="DT">the</wf>
<wf cmd="tag" pos="NNP">Sunday</wf>
<wf cmd="done" pos="VB" lemma="follow" wnsn="2" lexsn="2:42:00::">following</wf>
<wf cmd="ignore" pos="DT">the</wf>
<wf cmd="tag" pos="NN">flood</wf>
<punc>.</punc>
</s>
</p>
<p pnum="8">
<s snum="24">
<wf cmd="ignore" pos="IN">Though</wf>
<wf cmd="ignore" pos="DT">the</wf>
<wf cmd="tag" pos="JJ">makeshift</wf>
<wf cmd="tag" pos="NNS">airports</wf>
<wf cmd="done" pos="VB" lemma="be" wnsn="1" lexsn="2:42:03::">were</wf>
<wf cmd="tag" pos="JJ">ready</wf>
<punc>,</punc>
<wf cmd="ignore" pos="DT">the</wf>
<wf cmd="tag" pos="NNP">York_State_Guard</wf>
<wf cmd="tag" pos="NNS">flyers</wf>
<wf cmd="done" pos="VB" lemma="prove" wnsn="1" lexsn="2:42:00::">proved</wf>
<wf cmd="tag" pos="JJ">unable</wf>
<wf cmd="ignore" pos="TO">to</wf>
<wf cmd="done" pos="VB" lemma="keep" wnsn="1" lexsn="2:42:00::">keep</wf>
<wf cmd="ignore" pos="DT">any</wf>
<wf cmd="tag" pos="RB">kind_of</wf>
<wf cmd="tag" pos="NN">mail</wf>
<wf cmd="tag" pos="NN">schedule</wf>
<punc>.</punc>
</s>
<s snum="25">
<wf cmd="ignore" pos="PRP">They</wf>
<wf cmd="done" pos="VB" lemma="have" wnsn="1" lexsn="2:40:00::">had</wf>
<wf cmd="tag" pos="NN">courage</wf>
<wf cmd="ignore" pos="CC">but</wf>
<wf cmd="ignore" pos="PRP$">their</wf>
<wf cmd="tag" pos="JJ">meager</wf>
<wf cmd="tag" pos="NN">training</wf>
<wf cmd="done" pos="VB" lemma="consist_of" wnsn="0" lexsn="2:42:01::">consisted_of</wf>
<wf cmd="tag" pos="NN">weekend</wf>
<wf cmd="tag" pos="NN">hops</wf>
<wf cmd="ignore" pos="IN">in</wf>
<wf cmd="tag" pos="NN">good_weather</wf>
<punc>,</punc>
<wf cmd="tag" pos="RB">in</wf>
<wf cmd="ignore" pos="CC">and</wf>
<wf cmd="ignore" pos="IN">out</wf>
<wf cmd="ignore" pos="IN">of</wf>
<wf cmd="tag" pos="JJ">established</wf>
<wf cmd="tag" pos="NNS">airports</wf>
<punc>,</punc>
<wf cmd="ignore" pos="CC">And</wf>
<wf cmd="ignore" pos="DT">the</wf>
<wf cmd="tag" pos="RB">increasingly</wf>
<wf cmd="tag" pos="NN">cold_weather</wf>
<wf cmd="tag" pos="RB">soon</wf>
<wf cmd="done" pos="VB" lemma="raise" wnsn="7" lexsn="2:36:01::">raised</wf>
<wf cmd="tag" pos="NN">hob</wf>
<wf cmd="ignore" pos="IN">with</wf>
<wf cmd="ignore" pos="DT">the</wf>
<wf cmd="tag" pos="NN">water</wf>
<wf cmd="tag" pos="JJ">cooled</wf>
<wf cmd="tag" pos="NNS">engines</wf>
<wf cmd="ignore" pos="IN">of</wf>
<wf cmd="ignore" pos="PRP$">their</wf>
<wf cmd="tag" pos="NN">World_War</wf>
<wf cmd="tag" pos="CD">1</wf>
<punc>,</punc>
<wf cmd="tag" pos="NNS">planes</wf>
<punc>.</punc>
</s>
<s snum="26">
<wf cmd="ignore" pos="PRP">It</wf>
<wf cmd="done" pos="VB" lemma="seem" wnsn="1" lexsn="2:39:00::">seemed</wf>
<wf cmd="ignore" pos="IN">like</wf>
<wf cmd="ignore" pos="DT">a</wf>
<wf cmd="tag" pos="JJ">good</wf>
<wf cmd="tag" pos="NN">time</wf>
<wf cmd="ignore" pos="IN">for</wf>
<wf cmd="tag" pos="NNS">officials</wf>
<wf cmd="ignore" pos="TO">to</wf>
<wf cmd="done" pos="VB" lemma="use" wnsn="1" lexsn="2:34:01::">use</wf>
<wf cmd="ignore" pos="DT">a</wf>
<wf cmd="tag" pos="JJ">recently-passed</wf>
<wf cmd="tag" pos="NN">law</wf>
<wf cmd="done" pos="VB" lemma="empower" wnsn="1" lexsn="2:41:00::">empowering</wf>
<wf cmd="ignore" pos="DT">the</wf>
<wf cmd="tag" pos="NN">post_office_department</wf>
<wf cmd="ignore" pos="TO">to</wf>
<wf cmd="done" pos="VB" lemma="contract" wnsn="1" lexsn="2:32:00::">contract</wf>
<wf cmd="ignore" pos="IN">for</wf>
<wf cmd="ignore" pos="DT">the</wf>
<wf cmd="tag" pos="NN">transport</wf>
<wf cmd="ignore" pos="IN">of</wf>
<wf cmd="tag" pos="RB">first_class</wf>
<wf cmd="tag" pos="NN">mail</wf>
<wf cmd="ignore" pos="IN">by</wf>
<wf cmd="tag" pos="NN">air</wf>
<punc>.</punc>
</s>
<s snum="27">
<wf cmd="ignore" pos="PRP">They</wf>
<wf cmd="done" pos="VB" ot="notag">had_to</wf>
<wf cmd="done" pos="VB" lemma="act" wnsn="1" lexsn="2:41:00::">act</wf>
<wf cmd="tag" pos="RB">fast</wf>
<punc>,</punc>
<wf cmd="ignore" pos="IN">for</wf>
<wf cmd="tag" pos="NNS">letters</wf>
<wf cmd="done" pos="VBD" ot="notag">were</wf>
<wf cmd="done" pos="VB" lemma="clog" wnsn="1" lexsn="2:35:00::">clogging</wf>
<wf cmd="ignore" pos="DT">the</wf>
<wf cmd="tag" pos="NNS">terminals</wf>
<punc>.</punc>
</s>
</p>
<p pnum="9">
<s snum="28">
<wf cmd="ignore" pos="IN">Down</wf>
<wf cmd="ignore" pos="IN">in</wf>
<wf cmd="tag" pos="NNP">Concord</wf>
<punc>,</punc>
<wf cmd="tag" pos="NN">New_Hampshire</wf>
<punc>,</punc>
<wf cmd="done" pos="VB" lemma="be" wnsn="4" lexsn="2:42:00::">was</wf>
<wf cmd="ignore" pos="DT">a</wf>
<wf cmd="tag" pos="NN">flier</wf>
<wf cmd="ignore" pos="IN">in</wf>
<wf cmd="ignore" pos="DT">the</wf>
<wf cmd="tag" pos="NN">right</wf>
<wf cmd="tag" pos="NN">place</wf>
<wf cmd="done" pos="VB" ot="notag">at</wf>
<wf cmd="ignore" pos="DT">the</wf>
<wf cmd="tag" pos="NN">right</wf>
<wf cmd="tag" pos="NN">time</wf>
<punc>:</punc>
<wf cmd="tag" pos="NNP">Robert_S._Fogg</wf>
<punc>,</punc>
<wf cmd="ignore" pos="DT">a</wf>
<wf cmd="tag" pos="JJ">native</wf>
<wf cmd="tag" pos="NN">New_Englander</wf>
<punc>,</punc>
<wf cmd="done" pos="VBD" ot="notag">had</wf>
<wf cmd="done" pos="VB" lemma="be" wnsn="5" lexsn="2:42:04::">been</wf>
<wf cmd="ignore" pos="DT">a</wf>
<wf cmd="tag" pos="NN">World_War</wf>
<wf cmd="tag" pos="CD">1</wf>
<punc>,</punc>
<wf cmd="tag" pos="NN">flying</wf>
<wf cmd="tag" pos="NN">instructor</wf>
<punc>,</punc>
<wf cmd="tag" pos="NN">barnstormer</wf>
<punc>,</punc>
<wf cmd="ignore" pos="CC">and</wf>
<wf cmd="tag" pos="CD">one</wf>
<wf cmd="ignore" pos="IN">of</wf>
<wf cmd="ignore" pos="DT">the</wf>
<wf cmd="tag" pos="JJ">original</wf>
<wf cmd="tag" pos="NNS">planners</wf>
<wf cmd="ignore" pos="IN">of</wf>
<wf cmd="ignore" pos="DT">the</wf>
<wf cmd="tag" pos="NNP">Concord_Airport</wf>
<punc>.</punc>
</s>
<s snum="29">
<wf cmd="tag" pos="JJ">Tall</wf>
<punc>,</punc>
<wf cmd="tag" pos="JJ">wiry</wf>
<punc>,</punc>
<wf cmd="tag" pos="JJ">dark-haired</wf>
<wf cmd="tag" pos="NNP">Bob_Fogg</wf>
<wf cmd="done" pos="VBD" ot="notag">had</wf>
<wf cmd="tag" pos="RB">already</wf>
<wf cmd="done" pos="VB" lemma="rack_up" wnsn="1" lexsn="2:33:01::">racked_up</wf>
<wf cmd="tag" pos="CD">one</wf>
<wf cmd="tag" pos="JJ">historical</wf>
<wf cmd="tag" pos="NN">first</wf>
<wf cmd="ignore" pos="IN">in</wf>
<wf cmd="tag" pos="NN">air_mail</wf>
<wf cmd="tag" pos="NN">history</wf>
<punc>.</punc>
</s>
<s snum="30">
<wf cmd="done" pos="VB" lemma="pilot" wnsn="1" lexsn="2:38:00::">Piloting</wf>
<wf cmd="ignore" pos="DT">a</wf>
<wf cmd="tag" pos="NNP">Curtiss_Navy_MF</wf>
<wf cmd="tag" pos="NN">flying_boat</wf>
<wf cmd="ignore" pos="IN">off</wf>
<wf cmd="tag" pos="NNP">Lake_Winnipesaukee</wf>
<wf cmd="ignore" pos="IN">in</wf>
<wf cmd="tag" pos="CD">1925</wf>
<punc>,</punc>
<wf cmd="ignore" pos="PRP">he</wf>
<wf cmd="done" pos="VBD" ot="notag">had</wf>
<wf cmd="done" pos="VB" lemma="inaugurate" wnsn="1" lexsn="2:41:00::">inaugurated</wf>
<wf cmd="ignore" pos="DT">the</wf>
<wf cmd="tag" pos="JJ">original</wf>
<wf cmd="tag" pos="NNP">Rural</wf>
<wf cmd="tag" pos="NN">Delivery</wf>
<wf cmd="tag" pos="NN">air</wf>
<wf cmd="tag" pos="NN">service</wf>
<wf cmd="ignore" pos="IN">in</wf>
<wf cmd="tag" pos="NNP">America</wf>
<punc>.</punc>
</s>
</p>
<p pnum="10">
<s snum="31">
<wf cmd="ignore" pos="IN">During</wf>
<wf cmd="ignore" pos="DT">the</wf>
<wf cmd="tag" pos="NN">excitement</wf>
<wf cmd="done" pos="VB" lemma="follow" wnsn="2" lexsn="2:42:00::">following</wf>
<wf cmd="tag" pos="NN">Lindbergh</wf>
<wf cmd="ignore" pos="POS">'s</wf>
<wf cmd="tag" pos="NN">flight</wf>
<wf cmd="ignore" pos="TO">to</wf>
<wf cmd="tag" pos="NNP">Paris</wf>
<wf cmd="tag" pos="RBR">earlier</wf>
<wf cmd="ignore" pos="IN">in</wf>
<wf cmd="tag" pos="CD">1927</wf>
<punc>,</punc>
<wf cmd="tag" pos="NN">dare</wf>
<wf cmd="tag" pos="NN">devil</wf>
<wf cmd="tag" pos="NNS">aviators</wf>
<wf cmd="tag" pos="JJ">overnight</wf>
<wf cmd="done" pos="VB" lemma="become" wnsn="2" lexsn="2:42:01::">became</wf>
<wf cmd="tag" pos="JJ">legendary</wf>
<wf cmd="tag" pos="NNS">heroes</wf>
<punc>.</punc>
</s>
<s snum="32">
<wf cmd="ignore" pos="IN">In</wf>
<wf cmd="tag" pos="NNP">Concord</wf>
<punc>,</punc>
<wf cmd="tag" pos="NNP">Bob_Fogg</wf>
<wf cmd="done" pos="VB" lemma="be" wnsn="2" lexsn="2:42:06::">was</wf>
<wf cmd="tag" pos="RB">the_most</wf>
<wf cmd="tag" pos="JJ">prominent</wf>
<wf cmd="tag" pos="NN">New_Hampshire</wf>
<wf cmd="tag" pos="NN">boy</wf>
<wf cmd="ignore" pos="IN">with</wf>
<wf cmd="tag" pos="NNS">wings</wf>
<punc>.</punc>
</s>
<s snum="33">
<wf cmd="tag" pos="JJ">Public-spirited</wf>
<wf cmd="tag" pos="NNS">backers</wf>
<wf cmd="done" pos="VB" lemma="stake" wnsn="1" lexsn="2:41:00::">staked</wf>
<wf cmd="ignore" pos="PRP">him</wf>
<wf cmd="ignore" pos="TO">to</wf>
<wf cmd="ignore" pos="DT">a</wf>
<wf cmd="tag" pos="JJ">brand-new</wf>
<wf cmd="tag" pos="NN">airplane</wf>
<punc>,</punc>
<wf cmd="done" pos="VB" lemma="aim" wnsn="2" lexsn="2:31:01::">aimed</wf>
<wf cmd="done" pos="VB" ot="notag">at</wf>
<wf cmd="done" pos="VB" lemma="put" wnsn="2" lexsn="2:35:05::">putting</wf>
<wf cmd="ignore" pos="PRP$">their</wf>
<wf cmd="tag" pos="NN">city</wf>
<wf cmd="ignore" pos="CC">and</wf>
<wf cmd="tag" pos="NN">state</wf>
<wf cmd="ignore" pos="IN">on</wf>
<wf cmd="ignore" pos="DT">the</wf>
<wf cmd="tag" pos="NN">flying</wf>
<wf cmd="tag" pos="NN">map</wf>
<punc>.</punc>
</s>
<s snum="34">
<wf cmd="ignore" pos="DT">The</wf>
<wf cmd="tag" pos="NN">ship</wf>
<wf cmd="done" pos="VB" lemma="be" wnsn="2" lexsn="2:42:06::">was</wf>
<wf cmd="ignore" pos="DT">a</wf>
<wf cmd="tag" pos="NNP">Waco</wf>
<wf cmd="tag" pos="NN">biplane</wf>
<punc>,</punc>
<wf cmd="tag" pos="CD">one</wf>
<wf cmd="ignore" pos="IN">of</wf>
<wf cmd="ignore" pos="DT">the</wf>
<wf cmd="tag" pos="JJ">first</wf>
<wf cmd="tag" pos="CD">two</wf>
<wf cmd="ignore" pos="IN">of</wf>
<wf cmd="ignore" pos="PRP$">its</wf>
<wf cmd="tag" pos="NN">type</wf>
<wf cmd="ignore" pos="TO">to</wf>
<wf cmd="done" pos="VB" ot="notag">be</wf>
<wf cmd="done" pos="VB" lemma="fit" wnsn="8" lexsn="2:40:00::">fitted</wf>
<wf cmd="ignore" pos="IN">with</wf>
<wf cmd="ignore" pos="DT">the</wf>
<wf cmd="tag" pos="NN">air</wf>
<wf cmd="tag" pos="JJ">cooled</wf>
<punc>,</punc>
<wf cmd="tag" pos="CD">225</wf>
<wf cmd="tag" pos="NNP">HP_Wright</wf>
<wf cmd="tag" pos="NN">radial_engine</wf>
<wf cmd="tag" pos="JJ">known</wf>
<wf cmd="ignore" pos="IN">as</wf>
<wf cmd="ignore" pos="DT">the</wf>
<wf cmd="tag" pos="NNP">Whirlwind</wf>
<punc>.</punc>
</s>
<s snum="35">
<wf cmd="ignore" pos="DT">A</wf>
<wf cmd="tag" pos="NN">trim</wf>
<wf cmd="tag" pos="JJ">green</wf>
<wf cmd="ignore" pos="CC">and</wf>
<wf cmd="tag" pos="JJ">silver-painted</wf>
<wf cmd="tag" pos="NN">craft</wf>
<wf cmd="tag" pos="RB">only</wf>
<wf cmd="tag" pos="CD">22</wf>
<punc>-</punc>
<wf cmd="tag" pos="CD">1</wf>
<wf cmd="tag" pos="CD">2</wf>
<wf cmd="tag" pos="NNS">feet</wf>
<wf cmd="tag" pos="JJ">long</wf>
<punc>,</punc>
<wf cmd="ignore" pos="DT">the</wf>
<wf cmd="tag" pos="NNP">Waco</wf>
<wf cmd="done" pos="VBD" ot="notag">was</wf>
<wf cmd="done" pos="VB" lemma="enter" wnsn="3" lexsn="2:41:06::">entered</wf>
<wf cmd="ignore" pos="TO">to</wf>
<wf cmd="done" pos="VB" lemma="compete" wnsn="1" lexsn="2:33:00::">compete</wf>
<wf cmd="ignore" pos="IN">in</wf>
<wf cmd="ignore" pos="DT">the</wf>
<punc>``</punc>
<wf cmd="tag" pos="NNP">On-to-Spokane</wf>
<punc>''</punc>
<wf cmd="tag" pos="NNP">Air_Derby</wf>
<wf cmd="ignore" pos="IN">of</wf>
<wf cmd="tag" pos="CD">1927</wf>
<punc>.</punc>
</s>
<s snum="36">
<wf cmd="tag" pos="RB">As_a_matter_of_fact</wf>
<punc>,</punc>
<wf cmd="tag" pos="NNP">Fogg</wf>
<wf cmd="ignore" pos="CC">and</wf>
<wf cmd="ignore" pos="PRP$">his</wf>
<wf cmd="tag" pos="NN">plane</wf>
<wf cmd="done" pos="VBD" ot="notag">did</wf>
<wf cmd="tag" pos="RB">n't</wf>
<wf cmd="done" pos="VB" lemma="get" wnsn="5" lexsn="2:38:00::">get</wf>
<wf cmd="ignore" pos="IN">beyond</wf>
<wf cmd="tag" pos="NNP">Pennsylvania</wf>
<wf cmd="ignore" pos="IN">in</wf>
<wf cmd="ignore" pos="DT">the</wf>
<wf cmd="tag" pos="NN">race</wf>
<punc>-</punc>
<wf cmd="ignore" pos="DT">an</wf>
<wf cmd="tag" pos="NN">engine</wf>
<wf cmd="tag" pos="NN">oil</wf>
<wf cmd="tag" pos="NN">leak</wf>
<wf cmd="done" pos="VB" lemma="force" wnsn="7" lexsn="2:35:01::">forced</wf>
<wf cmd="ignore" pos="PRP">him</wf>
<wf cmd="tag" pos="RB">down</wf>
<punc>-</punc>
<wf cmd="ignore" pos="CC">but</wf>
<wf cmd="ignore" pos="DT">the</wf>
<wf cmd="tag" pos="NN">flying</wf>
<wf cmd="tag" pos="NN">service</wf>
<wf cmd="ignore" pos="CC">and</wf>
<wf cmd="tag" pos="NN">school</wf>
<wf cmd="ignore" pos="PRP">he</wf>
<wf cmd="done" pos="VB" lemma="start" wnsn="5" lexsn="2:36:00::">started</wf>
<wf cmd="tag" pos="RB">subsequently</wf>
<wf cmd="done" pos="VB" lemma="be" wnsn="1" lexsn="2:42:03::">were</wf>
<wf cmd="tag" pos="NN">first_steps</wf>
<wf cmd="ignore" pos="IN">in</wf>
<wf cmd="done" pos="VB" lemma="pay_off" wnsn="3" lexsn="2:40:03::">paying_off</wf>
<wf cmd="ignore" pos="PRP$">his</wf>
<wf cmd="tag" pos="JJ">wry-faced</wf>
<wf cmd="tag" pos="NNS">backers</wf>
<punc>.</punc>
</s>
<s snum="37">
<wf cmd="tag" pos="RB">So</wf>
<wf cmd="ignore" pos="IN">with</wf>
<wf cmd="ignore" pos="PDT">all</wf>
<wf cmd="ignore" pos="DT">this</wf>
<wf cmd="tag" pos="NN">experience</wf>
<punc>,</punc>
<wf cmd="tag" pos="NNP">Bob_Fogg</wf>
<wf cmd="done" pos="VB" lemma="be" wnsn="1" lexsn="2:42:03::">was</wf>
<wf cmd="ignore" pos="DT">a</wf>
<wf cmd="tag" pos="JJ">natural</wf>
<wf cmd="tag" pos="NN">choice</wf>
<wf cmd="ignore" pos="TO">to</wf>
<wf cmd="done" pos="VB" lemma="receive" wnsn="1" lexsn="2:40:00::">receive</wf>
<wf cmd="ignore" pos="DT">the</wf>
<wf cmd="tag" pos="JJ">first</wf>
<wf cmd="tag" pos="NNP">Emergency</wf>
<wf cmd="tag" pos="NN">Air_Mail</wf>
<wf cmd="tag" pos="NNP">Star_Route</wf>
<wf cmd="tag" pos="NN">contract</wf>
<punc>.</punc>
</s>
<s snum="38">
<wf cmd="ignore" pos="PRP$">His</wf>
<wf cmd="tag" pos="NN">work</wf>
<wf cmd="done" pos="VB" lemma="begin" wnsn="1" lexsn="2:30:00::">began</wf>
<wf cmd="tag" pos="RB">just</wf>
<wf cmd="tag" pos="CD">six</wf>
<wf cmd="tag" pos="NNS">days</wf>
<wf cmd="ignore" pos="IN">after</wf>
<wf cmd="ignore" pos="DT">the</wf>
<wf cmd="tag" pos="NN">flood</wf>
<punc>.</punc>
</s>
</p>
<p pnum="11">
<s snum="39">
<wf cmd="ignore" pos="IN">By</wf>
<wf cmd="tag" pos="NN">airline</wf>
<wf cmd="ignore" pos="IN">from</wf>
<wf cmd="tag" pos="NNP">Concord</wf>
<wf cmd="ignore" pos="TO">to</wf>
<wf cmd="tag" pos="NNP">Burlington</wf>
<wf cmd="done" pos="VB" lemma="be" wnsn="6" lexsn="2:42:07::">is</wf>
<wf cmd="ignore" pos="DT">a</wf>
<wf cmd="tag" pos="NN">distance</wf>
<wf cmd="ignore" pos="IN">of</wf>
<wf cmd="ignore" pos="IN">about</wf>
<wf cmd="tag" pos="CD">150</wf>
<wf cmd="tag" pos="NNS">miles</wf>
<punc>,</punc>
<wf cmd="done" pos="VB" lemma="count" wnsn="1" lexsn="2:32:00::">counting</wf>
<wf cmd="ignore" pos="DT">a</wf>
<wf cmd="tag" pos="JJ">slight</wf>
<wf cmd="tag" pos="NN">deviation</wf>
<wf cmd="ignore" pos="IN">for</wf>
<wf cmd="ignore" pos="DT">the</wf>
<wf cmd="tag" pos="NN">stop</wf>
<wf cmd="ignore" pos="IN">at</wf>
<wf cmd="ignore" pos="DT">either</wf>
<wf cmd="tag" pos="NNP">Barre</wf>
<wf cmd="ignore" pos="CC">or</wf>
<wf cmd="tag" pos="NNP">Montpelier</wf>
<punc>.</punc>
</s>
<s snum="40">
<wf cmd="ignore" pos="DT">The</wf>
<wf cmd="tag" pos="JJ">first</wf>
<wf cmd="tag" pos="JJ">few</wf>
<wf cmd="tag" pos="NNS">days</wf>
<wf cmd="tag" pos="NNP">Bob_Fogg</wf>
<wf cmd="done" rdf="set_down" pos="VB" lemma="set_down" wnsn="2" lexsn="2:38:01::">set</wf>
<wf cmd="ignore" pos="PRP$">his</wf>
<wf cmd="tag" pos="NN">plane</wf>
<wf cmd="tag" pos="RB">down</wf>
<wf cmd="ignore" pos="IN">on</wf>
<wf cmd="tag" pos="NNP">Towne</wf>
<wf cmd="tag" pos="NN">field</wf>
<wf cmd="tag" pos="RB">back</wf>
<wf cmd="ignore" pos="IN">of</wf>
<wf cmd="ignore" pos="DT">the</wf>
<wf cmd="tag" pos="NNP">State_House</wf>
<wf cmd="ignore" pos="WRB">when</wf>
<wf cmd="ignore" pos="DT">the</wf>
<wf cmd="tag" pos="NN">wind</wf>
<wf cmd="done" pos="VB" lemma="be" wnsn="1" lexsn="2:42:03::">was</wf>
<wf cmd="tag" pos="NN">right</wf>
<punc>,</punc>
<wf cmd="ignore" pos="CC">and</wf>
<wf cmd="done" pos="VB" lemma="use" wnsn="1" lexsn="2:34:01::">used</wf>
<wf cmd="tag" pos="NNP">Wilson</wf>
<wf cmd="tag" pos="JJ">flat</wf>
<wf cmd="ignore" pos="IN">above</wf>
<wf cmd="tag" pos="NNP">Barre</wf>
<wf cmd="ignore" pos="WRB">when</wf>
<wf cmd="ignore" pos="PRP">it</wf>
<wf cmd="done" pos="VB" lemma="be" wnsn="1" lexsn="2:42:03::">was</wf>
<wf cmd="tag" pos="RB">n't</wf>
<punc>.</punc>
</s>
<s snum="41">
<wf cmd="ignore" pos="IN">Between</wf>
<wf cmd="ignore" pos="DT">the</wf>
<wf cmd="tag" pos="JJ">unsafe</wf>
<wf cmd="tag" pos="NNP">Towne</wf>
<wf cmd="tag" pos="NN">field</wf>
<wf cmd="ignore" pos="CC">and</wf>
<wf cmd="ignore" pos="DT">the</wf>
<wf cmd="tag" pos="JJ">long</wf>
<wf cmd="tag" pos="JJ">roundabout</wf>
<wf cmd="tag" pos="RB">back</wf>
<wf cmd="tag" pos="NN">road</wf>
<wf cmd="tag" pos="NN">haul</wf>
<wf cmd="ignore" pos="WDT">that</wf>
<wf cmd="done" pos="VB" lemma="be" wnsn="1" lexsn="2:42:03::">was</wf>
<wf cmd="tag" pos="JJ">necessary</wf>
<wf cmd="ignore" pos="TO">to</wf>
<wf cmd="done" pos="VB" lemma="gain" wnsn="1" lexsn="2:40:03::">gain</wf>
<wf cmd="tag" pos="NN">access</wf>
<wf cmd="done" pos="VB" ot="notag">to</wf>
<wf cmd="tag" pos="NNP">Wilson</wf>
<wf cmd="tag" pos="JJ">flat</wf>
<punc>,</punc>
<wf cmd="tag" pos="NNS">arrangements</wf>
<wf cmd="ignore" pos="IN">at</wf>
<wf cmd="ignore" pos="DT">the</wf>
<wf cmd="tag" pos="NN">state_capital</wf>
<wf cmd="done" pos="VB" lemma="be" wnsn="1" lexsn="2:42:03::">were</wf>
<wf cmd="tag" pos="RB">far</wf>
<wf cmd="ignore" pos="IN">from</wf>
<wf cmd="tag" pos="JJ">satisfactory</wf>
<punc>.</punc>
</s>
<s snum="42">
<wf cmd="ignore" pos="DT">Each</wf>
<wf cmd="tag" pos="NN">time</wf>
<wf cmd="tag" pos="RB">in</wf>
<punc>,</punc>
<wf cmd="ignore" pos="DT">the</wf>
<wf cmd="tag" pos="JJ">unhappy</wf>
<wf cmd="tag" pos="NN">pilot</wf>
<punc>,</punc>
<wf cmd="done" pos="VB" lemma="push" wnsn="2" lexsn="2:32:01::">pushing</wf>
<wf cmd="ignore" pos="PRP$">his</wf>
<wf cmd="tag" pos="NN">luck</wf>
<punc>,</punc>
<wf cmd="done" pos="VB" lemma="beg" wnsn="2" lexsn="2:32:01::">begged</wf>
<wf cmd="ignore" pos="DT">the</wf>
<wf cmd="tag" pos="JJ">postal</wf>
<wf cmd="tag" pos="NNS">officials</wf>
<wf cmd="ignore" pos="WDT">that</wf>
<wf cmd="done" pos="VB" lemma="meet" wnsn="1" lexsn="2:38:01::">met</wf>
<wf cmd="ignore" pos="PRP">him</wf>
<wf cmd="ignore" pos="TO">to</wf>
<wf cmd="done" pos="VB" lemma="find" wnsn="3" lexsn="2:40:00::">find</wf>
<wf cmd="ignore" pos="DT">a</wf>
<wf cmd="tag" pos="JJR">safer</wf>
<wf cmd="tag" pos="NN">landing_place</wf>
<punc>,</punc>
<wf cmd="tag" pos="RB">preferably</wf>
<wf cmd="ignore" pos="IN">on</wf>
<wf cmd="ignore" pos="DT">the</wf>
<wf cmd="tag" pos="JJ">flat-topped</wf>
<wf cmd="tag" pos="NNS">hills</wf>
<wf cmd="ignore" pos="IN">across</wf>
<wf cmd="ignore" pos="DT">the</wf>
<wf cmd="tag" pos="NNP">Winooski_River</wf>
<punc>.</punc>
</s>
</p>
<p pnum="12">
<s snum="43">
<punc>``</punc>
<wf cmd="ignore" pos="CC">But</wf>
<wf cmd="tag" pos="NNP">Fogg</wf>
<punc>''</punc>
<punc>,</punc>
<wf cmd="ignore" pos="PRP">they</wf>
<wf cmd="done" pos="VB" lemma="counter" wnsn="1" lexsn="2:32:00::">countered</wf>
<punc>,</punc>
<punc>``</punc>
<wf cmd="ignore" pos="PRP">we</wf>
<wf cmd="ignore" pos="MD">can</wf>
<wf cmd="tag" pos="RB">n't</wf>
<wf cmd="done" pos="VB" lemma="get_over" wnsn="1" lexsn="2:38:00::">get_over</wf>
<wf cmd="ignore" pos="EX">there</wf>
<punc>.</punc>
</s>
<s snum="44">
<wf cmd="ignore" pos="CC">And</wf>
<wf cmd="ignore" pos="IN">besides</wf>
<wf cmd="ignore" pos="PRP">you</wf>
<wf cmd="done" pos="VB" lemma="seem" wnsn="1" lexsn="2:39:00::">seem</wf>
<wf cmd="ignore" pos="TO">to</wf>
<wf cmd="done" pos="VB" lemma="make_it" wnsn="2" lexsn="2:41:00::">make_it</wf>
<wf cmd="tag" pos="RB">all_right</wf>
<wf cmd="tag" pos="RB">here</wf>
<punc>''</punc>
<punc>.</punc>
</s>
<s snum="45">
<wf cmd="ignore" pos="PRP">It</wf>
<wf cmd="done" pos="VB" lemma="take" wnsn="14" lexsn="2:42:00::">took</wf>
<wf cmd="ignore" pos="DT">a</wf>
<wf cmd="tag" pos="NN">tragedy</wf>
<wf cmd="ignore" pos="TO">to</wf>
<wf cmd="done" pos="VB" lemma="bring" wnsn="2" lexsn="2:35:04::">bring</wf>
<wf cmd="tag" pos="NNS">things</wf>
<wf cmd="ignore" pos="TO">to</wf>
<wf cmd="ignore" pos="DT">a</wf>
<wf cmd="tag" pos="NN">head</wf>
<punc>.</punc>
</s>
<s snum="46">
<wf cmd="ignore" pos="IN">After</wf>
<wf cmd="ignore" pos="DT">a</wf>
<wf cmd="tag" pos="NN">week</wf>
<wf cmd="ignore" pos="IN">of</wf>
<wf cmd="tag" pos="JJ">precarious</wf>
<wf cmd="tag" pos="JJ">uphill</wf>
<wf cmd="tag" pos="NNS">landings</wf>
<wf cmd="ignore" pos="CC">and</wf>
<wf cmd="tag" pos="RB">downwind</wf>
<wf cmd="tag" pos="NNS">takeoffs</wf>
<punc>,</punc>
<wf cmd="tag" pos="NNP">Fogg</wf>
<wf cmd="tag" pos="RB">one_day</wf>
<wf cmd="done" pos="VB" lemma="look" wnsn="1" lexsn="2:39:00::">looked</wf>
<wf cmd="tag" pos="RB">down</wf>
<wf cmd="ignore" pos="IN">at</wf>
<wf cmd="ignore" pos="DT">the</wf>
<wf cmd="tag" pos="JJ">shattered</wf>
<wf cmd="tag" pos="JJ">yellow</wf>
<wf cmd="tag" pos="NN">wreckage</wf>
<wf cmd="ignore" pos="IN">of</wf>
<wf cmd="ignore" pos="DT">an</wf>
<wf cmd="tag" pos="NNP">Army</wf>
<wf cmd="tag" pos="NN">plane</wf>
<wf cmd="done" pos="VB" lemma="strew" wnsn="1" lexsn="2:35:00::">strewn</wf>
<wf cmd="ignore" pos="IN">across</wf>
<wf cmd="tag" pos="JJ">snow-covered</wf>
<wf cmd="tag" pos="NNP">Towne</wf>
<wf cmd="tag" pos="NN">field</wf>
<punc>.</punc>
</s>
<s snum="47">
<wf cmd="done" pos="VB" lemma="send" wnsn="1" lexsn="2:38:01::">Sent</wf>
<wf cmd="ignore" pos="TO">to</wf>
<wf cmd="tag" pos="NNP">Montpelier</wf>
<wf cmd="ignore" pos="IN">by</wf>
<wf cmd="tag" pos="NNP">Secretary_Herbert_Hoover</wf>
<punc>,</punc>
<wf cmd="tag" pos="NN">Red_Cross</wf>
<wf cmd="tag" pos="NNP">Aide_Reuben_Sleight</wf>
<wf cmd="done" pos="VBD" ot="notag">had</wf>
<wf cmd="done" pos="VBN" ot="notag">been</wf>
<wf cmd="done" pos="VB" lemma="kill" wnsn="1" lexsn="2:35:00::">killed</wf>
<punc>,</punc>
<wf cmd="ignore" pos="CC">and</wf>
<wf cmd="ignore" pos="PRP$">his</wf>
<wf cmd="tag" pos="NN">pilot</wf>
<punc>,</punc>
<wf cmd="tag" pos="NNP">Lt._Franklin_Wolfe</wf>
<punc>,</punc>
<wf cmd="tag" pos="RB">badly</wf>
<wf cmd="done" pos="VB" lemma="injure" wnsn="1" lexsn="2:29:00::">injured</wf>
<punc>.</punc>
</s>
<s snum="48">
<wf cmd="ignore" pos="IN">With</wf>
<wf cmd="ignore" pos="DT">the</wf>
<wf cmd="tag" pos="NN">field</wf>
<wf cmd="ignore" pos="DT">a</wf>
<wf cmd="tag" pos="NN">blur</wf>
<wf cmd="ignore" pos="IN">of</wf>
<wf cmd="tag" pos="JJ">white</wf>
<wf cmd="ignore" pos="DT">the</wf>
<wf cmd="tag" pos="JJ">unfortunate</wf>
<wf cmd="tag" pos="NN">pilot</wf>
<wf cmd="done" pos="VBD" ot="notag">had</wf>
<wf cmd="tag" pos="RB">simply</wf>
<wf cmd="done" pos="VB" lemma="fly" wnsn="3" lexsn="2:38:01::">flown</wf>
<wf cmd="ignore" pos="IN">into</wf>
<wf cmd="ignore" pos="DT">the</wf>
<wf cmd="tag" pos="NN">hillside</wf>
<punc>.</punc>
</s>
</p>
<p pnum="13">
<s snum="49">
<wf cmd="done" pos="VB" lemma="face" wnsn="1" lexsn="2:32:00::">Faced</wf>
<wf cmd="ignore" pos="IN">with</wf>
<wf cmd="ignore" pos="DT">this</wf>
<wf cmd="tag" pos="NN">situation</wf>
<punc>,</punc>
<wf cmd="tag" pos="NNP">Postmaster_Charles_F._McKenna</wf>
<wf cmd="ignore" pos="IN">of</wf>
<wf cmd="tag" pos="NNP">Montpelier</wf>
<wf cmd="done" pos="VB" lemma="go" wnsn="1" lexsn="2:38:00::">went</wf>
<wf cmd="done" pos="VB" ot="notag">with</wf>
<wf cmd="tag" pos="NNP">Fogg</wf>
<wf cmd="ignore" pos="IN">on</wf>
<wf cmd="ignore" pos="DT">a</wf>
<wf cmd="tag" pos="NNP">Burlington</wf>
<wf cmd="tag" pos="NN">trip</wf>
<punc>,</punc>
<wf cmd="ignore" pos="CC">and</wf>
<wf cmd="tag" pos="RB">together</wf>
<wf cmd="ignore" pos="PRP">they</wf>
<wf cmd="done" pos="VB" lemma="scout" wnsn="1" lexsn="2:39:00::">scouted</wf>
<wf cmd="ignore" pos="DT">the</wf>
<wf cmd="tag" pos="NN">terrain</wf>
<wf cmd="ignore" pos="IN">on</wf>
<wf cmd="ignore" pos="DT">the</wf>
<wf cmd="tag" pos="NNS">heights</wf>
<wf cmd="ignore" pos="IN">of</wf>
<wf cmd="tag" pos="NNP">Berlin</wf>
<punc>.</punc>
</s>
<s snum="50">
<wf cmd="ignore" pos="DT">A</wf>
<wf cmd="tag" pos="JJ">long</wf>
<wf cmd="tag" pos="JJ">flat</wf>
<wf cmd="tag" pos="JJ">known</wf>
<wf cmd="ignore" pos="IN">as</wf>
<wf cmd="ignore" pos="DT">the</wf>
<wf cmd="tag" pos="NNP">St._John</wf>
<wf cmd="tag" pos="NN">field</wf>
<wf cmd="done" pos="VB" lemma="seem" wnsn="1" lexsn="2:39:00::">seemed</wf>
<wf cmd="ignore" pos="TO">to</wf>
<wf cmd="done" pos="VB" lemma="answer" wnsn="1" lexsn="2:32:00::">answer</wf>
<wf cmd="ignore" pos="PRP$">their</wf>
<wf cmd="tag" pos="NN">purpose</wf>
<punc>,</punc>
<wf cmd="ignore" pos="CC">and</wf>
<wf cmd="ignore" pos="IN">since</wf>
<wf cmd="ignore" pos="DT">the</wf>
<wf cmd="tag" pos="NNP">Winooski</wf>
<wf cmd="tag" pos="NNS">bridges</wf>
<wf cmd="done" pos="VB" lemma="be" wnsn="1" lexsn="2:42:03::">were</wf>
<wf cmd="tag" pos="RB">at_last</wf>
<wf cmd="tag" pos="JJ">passable</wf>
<punc>,</punc>
<wf cmd="ignore" pos="PRP">they</wf>
<wf cmd="done" pos="VB" lemma="decide" wnsn="1" lexsn="2:31:00::">decided</wf>
<wf cmd="ignore" pos="TO">to</wf>
<wf cmd="done" pos="VB" lemma="use" wnsn="1" lexsn="2:34:01::">use</wf>
<wf cmd="ignore" pos="PRP">it</wf>
<punc>.</punc>
</s>
</p>
<p pnum="14">
<s snum="51">
<wf cmd="ignore" pos="IN">With</wf>
<wf cmd="ignore" pos="DT">a</wf>
<wf cmd="tag" pos="JJ">wary</wf>
<wf cmd="tag" pos="NN">eye</wf>
<wf cmd="ignore" pos="IN">on</wf>
<wf cmd="ignore" pos="DT">the</wf>
<wf cmd="tag" pos="NN">farmer</wf>
<wf cmd="ignore" pos="POS">'s</wf>
<wf cmd="tag" pos="NN">bull</wf>
<punc>,</punc>
<wf cmd="tag" pos="NNP">Fred_Somers</wf>
<wf cmd="ignore" pos="IN">of</wf>
<wf cmd="tag" pos="NNP">Montpelier</wf>
<wf cmd="ignore" pos="CC">and</wf>
<wf cmd="tag" pos="NNP">Mr._St._John</wf>
<wf cmd="done" pos="VB" lemma="mark" wnsn="2" lexsn="2:32:02::">marked</wf>
<wf cmd="ignore" pos="DT">the</wf>
<wf cmd="tag" pos="NN">field</wf>
<wf cmd="ignore" pos="IN">with</wf>
<wf cmd="ignore" pos="DT">a</wf>
<wf cmd="tag" pos="JJ">red</wf>
<wf cmd="tag" pos="NN">table</wf>
<wf cmd="tag" pos="NN">cloth</wf>
<punc>.</punc>
</s>
<s snum="52">
<wf cmd="ignore" pos="IN">As</wf>
<wf cmd="ignore" pos="DT">a</wf>
<wf cmd="tag" pos="NN">wind</wf>
<wf cmd="tag" pos="NN">direction</wf>
<wf cmd="tag" pos="NN">indicator</wf>
<punc>,</punc>
<wf cmd="ignore" pos="PRP">they</wf>
<wf cmd="done" pos="VB" lemma="tie" wnsn="1" lexsn="2:35:00::">tied</wf>
<wf cmd="ignore" pos="DT">a</wf>
<wf cmd="tag" pos="NN">cotton</wf>
<wf cmd="tag" pos="NN">rag</wf>
<wf cmd="ignore" pos="TO">to</wf>
<wf cmd="ignore" pos="DT">a</wf>
<wf cmd="tag" pos="NN">sapling</wf>
<punc>.</punc>
</s>
<s snum="53">
<wf cmd="ignore" pos="IN">With</wf>
<wf cmd="ignore" pos="DT">these</wf>
<wf cmd="tag" pos="NNS">aids</wf>
<punc>,</punc>
<wf cmd="ignore" pos="CC">and</wf>
<wf cmd="ignore" pos="DT">a</wf>
<wf cmd="tag" pos="NN">pair</wf>
<wf cmd="ignore" pos="IN">of</wf>
<wf cmd="tag" pos="NNS">skiis</wf>
<wf cmd="done" pos="VB" lemma="substitute" wnsn="1" lexsn="2:40:00::">substituting</wf>
<wf cmd="done" pos="VB" ot="notag">for</wf>
<wf cmd="tag" pos="NNS">wheels</wf>
<wf cmd="ignore" pos="IN">on</wf>
<wf cmd="ignore" pos="DT">the</wf>
<wf cmd="tag" pos="NNP">Waco</wf>
<punc>,</punc>
<wf cmd="tag" pos="NNP">Bob_Fogg</wf>
<wf cmd="done" pos="VB" lemma="make" wnsn="1" lexsn="2:41:00::">made</wf>
<wf cmd="ignore" pos="DT">the</wf>
<wf cmd="tag" pos="JJ">first</wf>
<wf cmd="tag" pos="NN">landing</wf>
<wf cmd="ignore" pos="IN">on</wf>
<wf cmd="ignore" pos="WP">what</wf>
<wf cmd="done" pos="VB" lemma="be" wnsn="1" lexsn="2:42:03::">is</wf>
<wf cmd="tag" pos="RB">now</wf>
<wf cmd="tag" pos="NN">part</wf>
<wf cmd="ignore" pos="IN">of</wf>
<wf cmd="ignore" pos="DT">the</wf>
<wf cmd="tag" pos="NNP">Barre-Montpelier_Airport</wf>
<wf cmd="ignore" pos="IN">on</wf>
<wf cmd="tag" pos="NNP">November</wf>
<wf cmd="tag" pos="CD">21</wf>
<punc>,</punc>
<wf cmd="tag" pos="CD">1927</wf>
<punc>.</punc>
</s>
</p>
<p pnum="15">
<s snum="54">
<wf cmd="ignore" pos="DT">Each</wf>
<wf cmd="tag" pos="NN">trip</wf>
<wf cmd="done" pos="VB" lemma="see" wnsn="3" lexsn="2:39:02::">saw</wf>
<wf cmd="ignore" pos="DT">the</wf>
<wf cmd="tag" pos="NN">front</wf>
<wf cmd="tag" pos="NN">cockpit</wf>
<wf cmd="done" pos="VB" lemma="fill" wnsn="1" lexsn="2:30:01::">filled</wf>
<wf cmd="tag" pos="JJR">higher</wf>
<wf cmd="ignore" pos="IN">with</wf>
<wf cmd="tag" pos="NN">mail_pouches</wf>
<punc>.</punc>
</s>
<s snum="55">
<wf cmd="ignore" pos="IN">During</wf>
<wf cmd="ignore" pos="DT">the</wf>
<wf cmd="tag" pos="JJ">second</wf>
<wf cmd="tag" pos="NN">week</wf>
<wf cmd="ignore" pos="IN">of</wf>
<wf cmd="tag" pos="NNS">operations</wf>
<punc>,</punc>
<wf cmd="tag" pos="NNP">Fogg</wf>
<wf cmd="done" pos="VB" lemma="receive" wnsn="1" lexsn="2:40:00::">received</wf>
<wf cmd="ignore" pos="DT">a</wf>
<wf cmd="tag" pos="NN">telegram</wf>
<wf cmd="ignore" pos="IN">from</wf>
<wf cmd="ignore" pos="DT">the</wf>
<wf cmd="tag" pos="NN">Post_Office_Department</wf>
<punc>,</punc>
<wf cmd="done" pos="VB" lemma="ask" wnsn="2" lexsn="2:32:01::">asking</wf>
<wf cmd="ignore" pos="PRP">him</wf>
<wf cmd="ignore" pos="TO">to</wf>
<punc>``</punc>
<wf cmd="done" pos="VB" lemma="put_on" wnsn="2" lexsn="2:30:00::">put_on</wf>
<wf cmd="tag" pos="CD">two</wf>
<wf cmd="tag" pos="NNS">airplanes</wf>
<wf cmd="ignore" pos="CC">and</wf>
<wf cmd="done" pos="VB" lemma="make" wnsn="1" lexsn="2:41:00::">make</wf>
<wf cmd="tag" pos="CD">two</wf>
<wf cmd="tag" pos="NNS">flights</wf>
<wf cmd="tag" pos="JJ">daily</wf>
<punc>,</punc>
<wf cmd="ignore" pos="CC">plus</wf>
<wf cmd="tag" pos="CD">one</wf>
<wf cmd="tag" pos="NNP">Sunday</wf>
<wf cmd="tag" pos="NN">trip</wf>
<punc>''</punc>
<punc>.</punc>
</s>
<s snum="56">
<wf cmd="ignore" pos="IN">Since</wf>
<wf cmd="tag" pos="NNP">Fogg</wf>
<wf cmd="ignore" pos="POS">'s</wf>
<wf cmd="done" pos="VB" lemma="be" wnsn="1" lexsn="2:42:03::">was</wf>
<wf cmd="ignore" pos="DT">a</wf>
<wf cmd="tag" pos="JJ">one-man</wf>
<punc>,</punc>
<wf cmd="tag" pos="JJ">one-plane</wf>
<wf cmd="tag" pos="NN">flying</wf>
<wf cmd="tag" pos="NN">service</wf>
<punc>,</punc>
<wf cmd="ignore" pos="DT">this</wf>
<wf cmd="done" pos="VB" lemma="mean" wnsn="2" lexsn="2:42:00::">meant</wf>
<wf cmd="ignore" pos="IN">that</wf>
<wf cmd="ignore" pos="PRP">he</wf>
<wf cmd="ignore" pos="MD">would</wf>
<wf cmd="done" pos="VB" lemma="have" wnsn="0" lexsn="2:42:05::">have</wf>
<wf cmd="done" pos="VB" ot="notag">to</wf>
<wf cmd="done" pos="VB" lemma="do" wnsn="2" lexsn="2:36:01::">do</wf>
<wf cmd="ignore" pos="DT">both</wf>
<wf cmd="tag" pos="NNS">trips</wf>
<punc>,</punc>
<wf cmd="done" pos="VB" lemma="fly" wnsn="3" lexsn="2:38:01::">flying</wf>
<wf cmd="tag" pos="RB">alone</wf>
<wf cmd="tag" pos="CD">600</wf>
<wf cmd="tag" pos="NNS">miles</wf>
<wf cmd="ignore" pos="DT">a</wf>
<wf cmd="tag" pos="NN">day</wf>
<punc>,</punc>
<wf cmd="ignore" pos="IN">under</wf>
<wf cmd="tag" pos="JJ">sub-freezing</wf>
<wf cmd="tag" pos="NN">temperature</wf>
<wf cmd="tag" pos="NNS">conditions</wf>
<punc>.</punc>
</s>
</p>
<p pnum="16">
<s snum="57">
<wf cmd="ignore" pos="IN">Over</wf>
<wf cmd="ignore" pos="DT">the</wf>
<wf cmd="tag" pos="NNS">weeks</wf>
<punc>,</punc>
<wf cmd="tag" pos="NNP">America</wf>
<wf cmd="ignore" pos="POS">'s</wf>
<wf cmd="tag" pos="JJ">first</wf>
<wf cmd="tag" pos="NNP">Star_Route</wf>
<wf cmd="tag" pos="NN">Air_Mail</wf>
<wf cmd="done" pos="VB" lemma="settle" wnsn="1" lexsn="2:38:01::">settled</wf>
<wf cmd="ignore" pos="IN">into</wf>
<wf cmd="ignore" pos="DT">a</wf>
<wf cmd="tag" pos="JJ">routine</wf>
<wf cmd="tag" pos="NN">pattern</wf>
<wf cmd="ignore" pos="IN">despite</wf>
<wf cmd="ignore" pos="DT">the</wf>
<wf cmd="tag" pos="NNS">vagaries</wf>
<wf cmd="ignore" pos="IN">of</wf>
<wf cmd="tag" pos="NN">weather</wf>
<wf cmd="ignore" pos="CC">and</wf>
<wf cmd="ignore" pos="DT">the</wf>
<wf cmd="tag" pos="NN">lack</wf>
<wf cmd="ignore" pos="IN">of</wf>
<wf cmd="tag" pos="NN">ground</wf>
<wf cmd="tag" pos="NNS">facilities</wf>
<wf cmd="ignore" pos="CC">and</wf>
<wf cmd="tag" pos="NNS">aids</wf>
<wf cmd="ignore" pos="TO">to</wf>
<wf cmd="tag" pos="NN">navigation</wf>
<punc>.</punc>
</s>
<s snum="58">
<wf cmd="ignore" pos="DT">Each</wf>
<wf cmd="tag" pos="NN">morning</wf>
<wf cmd="ignore" pos="IN">at</wf>
<wf cmd="tag" pos="CD">five</wf>
<wf cmd="tag" pos="NNP">Fogg</wf>
<wf cmd="done" pos="VB" lemma="crawl" wnsn="1" lexsn="2:38:00::">crawled</wf>
<wf cmd="tag" pos="JJ">out_of_bed</wf>
<wf cmd="ignore" pos="TO">to</wf>
<wf cmd="done" pos="VB" lemma="bundle" wnsn="1" lexsn="2:35:00::">bundle</wf>
<wf cmd="ignore" pos="IN">into</wf>
<wf cmd="tag" pos="NN">flying</wf>
<wf cmd="tag" pos="NNS">togs</wf>
<wf cmd="ignore" pos="IN">over</wf>
<wf cmd="ignore" pos="DT">the</wf>
<wf cmd="tag" pos="NN">furnace</wf>
<wf cmd="tag" pos="NN">register</wf>
<wf cmd="ignore" pos="IN">of</wf>
<wf cmd="ignore" pos="PRP$">his</wf>
<wf cmd="tag" pos="NN">home</wf>
<punc>.</punc>
</s>
<s snum="59">
<wf cmd="tag" pos="RB">Always</wf>
<wf cmd="done" pos="VB" lemma="trouble" wnsn="5" lexsn="2:29:00::">troubled</wf>
<wf cmd="ignore" pos="IN">by</wf>
<wf cmd="tag" pos="JJ">poor</wf>
<wf cmd="tag" pos="NN">circulation</wf>
<wf cmd="ignore" pos="IN">in</wf>
<wf cmd="ignore" pos="PRP$">his</wf>
<wf cmd="tag" pos="NNS">feet</wf>
<punc>,</punc>
<wf cmd="ignore" pos="PRP">he</wf>
<wf cmd="done" pos="VB" lemma="experiment" wnsn="1" lexsn="2:41:01::">experimented</wf>
<wf cmd="done" pos="VB" ot="notag">with</wf>
<wf cmd="tag" pos="JJ">various</wf>
<wf cmd="tag" pos="NNS">combinations</wf>
<wf cmd="ignore" pos="IN">of</wf>
<wf cmd="tag" pos="NNS">socks</wf>
<wf cmd="ignore" pos="CC">and</wf>
<wf cmd="tag" pos="NNS">shoes</wf>
<wf cmd="ignore" pos="IN">before</wf>
<wf cmd="tag" pos="RB">finally</wf>
<wf cmd="done" pos="VB" lemma="adopt" wnsn="2" lexsn="2:40:00::">adopting</wf>
<wf cmd="tag" pos="JJ">old-style</wf>
<wf cmd="tag" pos="JJ">felt</wf>
<wf cmd="tag" pos="NN">farmer</wf>
<wf cmd="ignore" pos="POS">'s</wf>
<wf cmd="tag" pos="NNS">boots</wf>
<wf cmd="ignore" pos="IN">with</wf>
<wf cmd="ignore" pos="PRP$">his</wf>
<wf cmd="tag" pos="NN">sheepskin</wf>
<wf cmd="tag" pos="NN">flying</wf>
<wf cmd="tag" pos="NNS">boots</wf>
<wf cmd="done" pos="VB" lemma="pull" wnsn="2" lexsn="2:35:02::">pulled</wf>
<wf cmd="ignore" pos="IN">over</wf>
<wf cmd="ignore" pos="PRP">them</wf>
<punc>.</punc>
</s>
<s snum="60">
<wf cmd="ignore" pos="DT">A</wf>
<wf cmd="tag" pos="JJ">sheep-lined</wf>
<wf cmd="tag" pos="NN">leather</wf>
<wf cmd="tag" pos="NN">flying</wf>
<wf cmd="tag" pos="NN">suit</wf>
<punc>,</punc>
<wf cmd="ignore" pos="CC">plus</wf>
<wf cmd="tag" pos="NN">helmet</wf>
<punc>,</punc>
<wf cmd="tag" pos="NNS">goggles</wf>
<wf cmd="ignore" pos="CC">and</wf>
<wf cmd="tag" pos="NNS">mittens</wf>
<wf cmd="done" pos="VB" lemma="complete" wnsn="1" lexsn="2:30:02::">completed</wf>
<wf cmd="ignore" pos="PRP$">his</wf>
<wf cmd="tag" pos="NN">attire</wf>
<wf cmd="ignore" pos="IN">for</wf>
<wf cmd="ignore" pos="DT">the</wf>
<wf cmd="tag" pos="NNS">rigors</wf>
<wf cmd="ignore" pos="IN">of</wf>
<wf cmd="ignore" pos="DT">the</wf>
<wf cmd="tag" pos="JJ">open</wf>
<wf cmd="tag" pos="NN">cockpit</wf>
<punc>.</punc>
</s>
<s snum="61">
<wf cmd="ignore" pos="DT">The</wf>
<wf cmd="tag" pos="NN">airman</wf>
<wf cmd="ignore" pos="POS">'s</wf>
<wf cmd="tag" pos="NN">stock</wf>
<wf cmd="tag" pos="NN">answer</wf>
<wf cmd="ignore" pos="TO">to</wf>
<punc>``</punc>
<wf cmd="done" pos="VBD" ot="notag">Were</wf>
<wf cmd="tag" pos="RB">n't</wf>
<wf cmd="ignore" pos="PRP">you</wf>
<wf cmd="tag" pos="JJ">cold</wf>
<punc>''</punc>
<punc>?</punc>
<wf cmd="done" pos="VB" lemma="become" wnsn="2" lexsn="2:42:01::">became</wf>
<punc>``</punc>
<wf cmd="ignore" pos="UH">Yes</wf>
<punc>,</punc>
<wf cmd="ignore" pos="DT">the</wf>
<wf cmd="tag" pos="NN">first_half</wf>
<wf cmd="tag" pos="NN">hour</wf>
<wf cmd="done" pos="VB" lemma="be" wnsn="1" lexsn="2:42:03::">is</wf>
<wf cmd="tag" pos="JJ">tough</wf>
<punc>,</punc>
<wf cmd="ignore" pos="CC">but</wf>
<wf cmd="ignore" pos="IN">by</wf>
<wf cmd="tag" pos="RB">then</wf>
<wf cmd="ignore" pos="PRP">I</wf>
<wf cmd="done" rdf="am" pos="VB" lemma="be" wnsn="1" lexsn="2:42:03::">'m</wf>
<wf cmd="tag" pos="RB">so</wf>
<wf cmd="tag" pos="JJ">numb</wf>
<wf cmd="ignore" pos="PRP">I</wf>
<wf cmd="done" pos="VBP" ot="notag">do</wf>
<wf cmd="tag" pos="RB">n't</wf>
<wf cmd="done" pos="VB" lemma="notice" wnsn="1" lexsn="2:39:04::">notice</wf>
<wf cmd="ignore" pos="PRP">it</wf>
<punc>''</punc>
<punc>!</punc>
</s>
</p>
<p pnum="17">
<s snum="62">
<wf cmd="ignore" pos="IN">As</wf>
<wf cmd="tag" pos="NN">daylight</wf>
<wf cmd="done" pos="VB" lemma="begin" wnsn="1" lexsn="2:30:00::">began</wf>
<wf cmd="ignore" pos="TO">to</wf>
<wf cmd="done" pos="VB" lemma="show" wnsn="1" lexsn="2:39:02::">show</wf>
<wf cmd="ignore" pos="IN">through</wf>
<wf cmd="ignore" pos="DT">the</wf>
<wf cmd="tag" pos="JJ">frosty</wf>
<wf cmd="tag" pos="NNS">windows</wf>
<punc>,</punc>
<wf cmd="tag" pos="NNP">Fogg</wf>
<wf cmd="ignore" pos="MD">would</wf>
<wf cmd="done" pos="VB" lemma="place" wnsn="5" lexsn="2:32:01::">place</wf>
<wf cmd="ignore" pos="DT">a</wf>
<wf cmd="tag" pos="NN">call</wf>
<wf cmd="ignore" pos="TO">to</wf>
<wf cmd="tag" pos="NNP">William_A._Shaw</wf>
<wf cmd="ignore" pos="IN">at</wf>
<wf cmd="ignore" pos="DT">the</wf>
<wf cmd="tag" pos="NNP">U._S.</wf>
<wf cmd="tag" pos="NN">Weather_Station</wf>
<wf cmd="ignore" pos="IN">at</wf>
<wf cmd="tag" pos="NNP">Northfield</wf>
<punc>,</punc>
<wf cmd="tag" pos="NNP">Vermont</wf>
<punc>,</punc>
<wf cmd="ignore" pos="IN">for</wf>
<wf cmd="tag" pos="NN">temperature</wf>
<wf cmd="ignore" pos="CC">and</wf>
<wf cmd="tag" pos="NN">wind-velocity</wf>
<wf cmd="tag" pos="NNS">readings</wf>
<punc>.</punc>
</s>
<s snum="63">
<wf cmd="tag" pos="NNP">Shaw</wf>
<wf cmd="ignore" pos="MD">could</wf>
<wf cmd="tag" pos="RB">also</wf>
<wf cmd="done" pos="VB" lemma="give" wnsn="2" lexsn="2:40:05::">give</wf>
<wf cmd="ignore" pos="DT">the</wf>
<wf cmd="tag" pos="NN">flyer</wf>
<wf cmd="ignore" pos="DT">a</wf>
<wf cmd="tag" pos="RB">pretty</wf>
<wf cmd="tag" pos="JJ">good</wf>
<wf cmd="tag" pos="NN">idea</wf>
<wf cmd="ignore" pos="IN">of</wf>
<wf cmd="tag" pos="NN">area</wf>
<wf cmd="tag" pos="NN">visibility</wf>
<wf cmd="ignore" pos="IN">by</wf>
<wf cmd="ignore" pos="DT">a</wf>
<wf cmd="tag" pos="JJ">visual</wf>
<wf cmd="tag" pos="NN">check</wf>
<wf cmd="ignore" pos="IN">of</wf>
<wf cmd="ignore" pos="DT">the</wf>
<wf cmd="tag" pos="NNS">mountains</wf>
<wf cmd="ignore" pos="TO">to</wf>
<wf cmd="done" pos="VB" ot="notag">be</wf>
<wf cmd="done" pos="VB" lemma="see" wnsn="1" lexsn="2:39:00::">seen</wf>
<wf cmd="ignore" pos="IN">from</wf>
<wf cmd="ignore" pos="PRP$">his</wf>
<wf cmd="tag" pos="NN">station</wf>
<punc>.</punc>
</s>
<s snum="64">
<punc>``</punc>
<wf cmd="tag" pos="NNS">Ceilings</wf>
<punc>''</punc>
<wf cmd="done" pos="VBD" ot="notag">were</wf>
<wf cmd="done" pos="VB" lemma="judge" wnsn="3" lexsn="2:31:01::">judged</wf>
<wf cmd="ignore" pos="IN">by</wf>
<wf cmd="tag" pos="NN">comparison</wf>
<wf cmd="ignore" pos="IN">with</wf>
<wf cmd="tag" pos="JJ">known</wf>
<wf cmd="tag" pos="NN">mountain</wf>
<wf cmd="tag" pos="NNS">heights</wf>
<wf cmd="ignore" pos="CC">and</wf>
<wf cmd="tag" pos="NN">cloud</wf>
<wf cmd="tag" pos="NNS">positions</wf>
<punc>.</punc>
</s>
<s snum="65">
<wf cmd="tag" pos="RB">Later_on</wf>
<wf cmd="ignore" pos="IN">in</wf>
<wf cmd="ignore" pos="DT">the</wf>
<wf cmd="tag" pos="NN">day</wf>
<wf cmd="tag" pos="NNP">Fogg</wf>
<wf cmd="ignore" pos="MD">could</wf>
<wf cmd="done" pos="VB" lemma="get" wnsn="1" lexsn="2:40:00::">get</wf>
<wf cmd="ignore" pos="DT">a</wf>
<wf cmd="tag" pos="JJR">better</wf>
<wf cmd="tag" pos="NN">weather</wf>
<wf cmd="tag" pos="NN">picture</wf>
<wf cmd="ignore" pos="IN">from</wf>
<wf cmd="ignore" pos="DT">the</wf>
<wf cmd="tag" pos="NNP">Burlington</wf>
<wf cmd="tag" pos="NN">Weather_Bureau</wf>
<wf cmd="done" pos="VB" lemma="supervise" wnsn="1" lexsn="2:41:00::">supervised</wf>
<wf cmd="ignore" pos="IN">by</wf>
<wf cmd="tag" pos="NNP">Frank_E._Hartwell</wf>
<punc>.</punc>
</s>
</p>
<p pnum="18">
<s snum="66">
<wf cmd="ignore" pos="IN">Out</wf>
<wf cmd="ignore" pos="IN">at</wf>
<wf cmd="ignore" pos="DT">the</wf>
<wf cmd="tag" pos="NN">airport</wf>
<wf cmd="ignore" pos="DT">each</wf>
<wf cmd="tag" pos="NN">morning</wf>
<punc>,</punc>
<wf cmd="tag" pos="NNP">Fogg</wf>
<wf cmd="ignore" pos="POS">'s</wf>
<wf cmd="tag" pos="JJ">skilled</wf>
<wf cmd="tag" pos="NN">mechanic</wf>
<wf cmd="tag" pos="NNP">Caleb_Marston</wf>
<wf cmd="ignore" pos="MD">would</wf>
<wf cmd="done" pos="VB" lemma="have" wnsn="5" lexsn="2:30:00::">have</wf>
<wf cmd="ignore" pos="DT">the</wf>
<wf cmd="tag" pos="NNP">Waco</wf>
<wf cmd="done" pos="VB" lemma="warm_up" wnsn="3" lexsn="2:30:00::">warmed_up</wf>
<wf cmd="ignore" pos="CC">and</wf>
<wf cmd="done" pos="VB" lemma="run" wnsn="13" lexsn="2:35:04::">running</wf>
<wf cmd="ignore" pos="IN">in</wf>
<wf cmd="ignore" pos="DT">the</wf>
<wf cmd="tag" pos="JJ">drafty</wf>
<wf cmd="tag" pos="NN">hangar</wf>
<punc>.</punc>
</s>
<s snum="67">
<punc>(</punc>
<wf cmd="ignore" pos="PRP">He</wf>
<wf cmd="ignore" pos="MD">'d</wf>
<wf cmd="done" pos="VB" lemma="get" wnsn="4" lexsn="2:30:03::">get</wf>
<wf cmd="ignore" pos="DT">the</wf>
<wf cmd="tag" pos="NN">engine</wf>
<wf cmd="tag" pos="NN">oil</wf>
<wf cmd="done" pos="VB" lemma="flow" wnsn="2" lexsn="2:38:00::">flowing</wf>
<wf cmd="ignore" pos="IN">with</wf>
<wf cmd="ignore" pos="DT">an</wf>
<wf cmd="tag" pos="NN">electric_heater</wf>
<wf cmd="ignore" pos="IN">under</wf>
<wf cmd="ignore" pos="DT">a</wf>
<wf cmd="tag" pos="JJ">big</wf>
<wf cmd="tag" pos="NN">canvas</wf>
<wf cmd="tag" pos="NN">cover</wf>
<punc>.</punc>
<punc>)</punc>
</s>
<s snum="68">
<wf cmd="done" pos="VB" lemma="wish" wnsn="1" lexsn="2:37:00::">Wishing</wf>
<wf cmd="done" pos="VB" ot="notag">to</wf>
<wf cmd="done" pos="VB" lemma="show" wnsn="1" lexsn="2:39:02::">show</wf>
<wf cmd="ignore" pos="IN">that</wf>
<wf cmd="tag" pos="NN">aviation</wf>
<wf cmd="done" pos="VB" lemma="be" wnsn="1" lexsn="2:42:03::">was</wf>
<wf cmd="tag" pos="JJ">dependable</wf>
<wf cmd="ignore" pos="CC">and</wf>
<wf cmd="tag" pos="RB">here</wf>
<wf cmd="ignore" pos="TO">to</wf>
<wf cmd="done" pos="VB" lemma="stay" wnsn="1" lexsn="2:30:00::">stay</wf>
<punc>,</punc>
<wf cmd="tag" pos="NNP">Bob_Fogg</wf>
<wf cmd="tag" pos="RB">always</wf>
<wf cmd="done" pos="VB" lemma="make" wnsn="1" lexsn="2:41:00::">made</wf>
<wf cmd="done" pos="VB" ot="notag">a</wf>
<wf cmd="tag" pos="NN">point</wf>
<wf cmd="ignore" pos="IN">of</wf>
<wf cmd="done" pos="VB" lemma="take_off" wnsn="1" lexsn="2:38:00::">taking_off</wf>
<wf cmd="ignore" pos="DT">each</wf>
<wf cmd="tag" pos="NN">morning</wf>
<wf cmd="ignore" pos="IN">on</wf>
<wf cmd="ignore" pos="DT">the</wf>
<wf cmd="tag" pos="NN">dot</wf>
<wf cmd="ignore" pos="IN">of</wf>
<wf cmd="tag" pos="CD">seven</wf>
<punc>,</punc>
<wf cmd="done" pos="VB" lemma="disregard" wnsn="2" lexsn="2:32:00::">disregarding</wf>
<wf cmd="tag" pos="NN">rain</wf>
<punc>,</punc>
<wf cmd="tag" pos="NN">snow</wf>
<wf cmd="ignore" pos="CC">and</wf>
<wf cmd="tag" pos="NN">sleet</wf>
<wf cmd="ignore" pos="IN">in</wf>
<wf cmd="tag" pos="JJ">true</wf>
<wf cmd="tag" pos="JJ">postal</wf>
<wf cmd="tag" pos="NN">tradition</wf>
<punc>.</punc>
</s>
<s snum="69">
<wf cmd="tag" pos="NNP">Concord</wf>
<wf cmd="done" pos="VB" lemma="learn" wnsn="1" lexsn="2:31:00::">learned</wf>
<wf cmd="ignore" pos="TO">to</wf>
<wf cmd="done" pos="VB" lemma="set" wnsn="8" lexsn="2:30:02::">set</wf>
<wf cmd="ignore" pos="PRP$">its</wf>
<wf cmd="tag" pos="NNS">clocks</wf>
<wf cmd="ignore" pos="IN">by</wf>
<wf cmd="ignore" pos="DT">the</wf>
<wf cmd="tag" pos="JJ">rackety</wf>
<wf cmd="tag" pos="NN">bark</wf>
<wf cmd="ignore" pos="IN">of</wf>
<wf cmd="ignore" pos="DT">the</wf>
<wf cmd="tag" pos="NNP">Whirlwind</wf>
<wf cmd="ignore" pos="POS">'s</wf>
<wf cmd="tag" pos="NN">exhaust</wf>
<wf cmd="tag" pos="JJ">overhead</wf>
<punc>.</punc>
</s>
<s snum="70">
<wf cmd="tag" pos="RB">Sometimes</wf>
<wf cmd="ignore" pos="DT">the</wf>
<wf cmd="tag" pos="NN">pilot</wf>
<wf cmd="done" pos="VB" ot="notag">had_to</wf>
<wf cmd="done" pos="VB" lemma="turn_back" wnsn="2" lexsn="2:30:00::">turn_back</wf>
<wf cmd="ignore" pos="IN">if</wf>
<wf cmd="tag" pos="RB">fully</wf>
<wf cmd="done" pos="VB" lemma="block" wnsn="1" lexsn="2:35:00::">blocked</wf>
<wf cmd="ignore" pos="IN">by</wf>
<wf cmd="tag" pos="NN">fog</wf>
<punc>,</punc>
<wf cmd="ignore" pos="CC">but</wf>
<wf cmd="tag" pos="CD">85</wf>
<punc>%</punc>
<wf cmd="ignore" pos="IN">of</wf>
<wf cmd="ignore" pos="PRP$">his</wf>
<wf cmd="tag" pos="NNS">trips</wf>
<wf cmd="done" pos="VBD" ot="notag">were</wf>
<wf cmd="done" pos="VB" lemma="complete" wnsn="1" lexsn="2:30:02::">completed</wf>
<punc>.</punc>
</s>
</p>
<p pnum="19">
<s snum="71">
<wf cmd="tag" pos="NN">Plane</wf>
<wf cmd="tag" pos="NNS">radios</wf>
<wf cmd="done" pos="VB" lemma="be" wnsn="1" lexsn="2:42:03::">were</wf>
<wf cmd="tag" pos="RB">not_yet</wf>
<wf cmd="tag" pos="JJ">available</wf>
<punc>,</punc>
<wf cmd="ignore" pos="CC">and</wf>
<wf cmd="tag" pos="RB">once</wf>
<wf cmd="tag" pos="RB">in_the_air</wf>
<punc>,</punc>
<wf cmd="tag" pos="NNP">Fogg</wf>
<wf cmd="done" pos="VB" lemma="fly" wnsn="4" lexsn="2:35:00::">flew</wf>
<wf cmd="ignore" pos="PRP$">his</wf>
<wf cmd="tag" pos="NN">ship</wf>
<wf cmd="ignore" pos="IN">by</wf>
<wf cmd="tag" pos="NN">compass</wf>
<punc>,</punc>
<wf cmd="ignore" pos="DT">a</wf>
<wf cmd="tag" pos="JJ">good</wf>
<wf cmd="tag" pos="NN">memory</wf>
<wf cmd="tag" pos="RB">for</wf>
<wf cmd="tag" pos="NNS">landmarks</wf>
<wf cmd="ignore" pos="IN">as</wf>
<wf cmd="done" pos="VB" lemma="see" wnsn="1" lexsn="2:39:00::">seen</wf>
<wf cmd="ignore" pos="IN">from</wf>
<wf cmd="tag" pos="RB">above</wf>
<punc>,</punc>
<wf cmd="ignore" pos="CC">and</wf>
<wf cmd="ignore" pos="DT">a</wf>
<wf cmd="tag" pos="NN">capacity</wf>
<wf cmd="ignore" pos="IN">for</wf>
<wf cmd="tag" pos="NN">dead_reckoning</wf>
<wf cmd="ignore" pos="CC">and</wf>
<wf cmd="tag" pos="JJ">quick</wf>
<wf cmd="tag" pos="NN">computation</wf>
<punc>.</punc>
</s>
<s snum="72">
<wf cmd="tag" pos="RB">Often</wf>
<punc>,</punc>
<wf cmd="done" pos="VB" lemma="thread" wnsn="1" lexsn="2:38:00::">threading</wf>
<wf cmd="ignore" pos="IN">through</wf>
<wf cmd="ignore" pos="DT">the</wf>
<wf cmd="tag" pos="NN">overcast</wf>
<punc>,</punc>
<wf cmd="ignore" pos="PRP">he</wf>
<wf cmd="done" pos="VBD" ot="notag">was</wf>
<wf cmd="done" pos="VB" lemma="force" wnsn="2" lexsn="2:36:00::">forced</wf>
<wf cmd="ignore" pos="TO">to</wf>
<wf cmd="done" pos="VB" lemma="fly" wnsn="3" lexsn="2:38:01::">fly</wf>
<wf cmd="tag" pos="RB">close_to</wf>
<wf cmd="ignore" pos="DT">the</wf>
<wf cmd="tag" pos="NN">ground</wf>
<wf cmd="ignore" pos="IN">by</wf>
<wf cmd="ignore" pos="DT">a</wf>
<wf cmd="tag" pos="JJ">low</wf>
<wf cmd="tag" pos="NN">ceiling</wf>
<punc>,</punc>
<wf cmd="done" pos="VB" lemma="skim" wnsn="2" lexsn="2:35:00::">skimming</wf>
<wf cmd="ignore" pos="IN">above</wf>
<wf cmd="ignore" pos="DT">the</wf>
<wf cmd="tag" pos="NNP">Winooski</wf>
<wf cmd="ignore" pos="CC">or</wf>
<wf cmd="ignore" pos="DT">the</wf>
<wf cmd="tag" pos="NN">White_River</wf>
<wf cmd="ignore" pos="IN">along</wf>
<wf cmd="ignore" pos="DT">the</wf>
<wf cmd="tag" pos="NN">line</wf>
<wf cmd="ignore" pos="IN">of</wf>
<wf cmd="ignore" pos="DT">the</wf>
<wf cmd="tag" pos="JJ">broken</wf>
<wf cmd="tag" pos="NN">railroad</wf>
<punc>.</punc>
</s>
<s snum="73">
<wf cmd="ignore" pos="WRB">When</wf>
<wf cmd="tag" pos="JJ">driving</wf>
<wf cmd="tag" pos="NN">rain</wf>
<wf cmd="ignore" pos="CC">or</wf>
<wf cmd="tag" pos="NN">mist</wf>
<wf cmd="done" pos="VB" lemma="sock" wnsn="1" lexsn="2:35:00::">socked</wf>
<wf cmd="ignore" pos="IN">in</wf>
<wf cmd="tag" pos="CD">one</wf>
<wf cmd="tag" pos="NN">valley</wf>
<punc>,</punc>
<wf cmd="tag" pos="NNP">Fogg</wf>
<wf cmd="ignore" pos="MD">would</wf>
<wf cmd="done" pos="VB" lemma="chandelle" wnsn="1" lexsn="2:38:00::">chandelle</wf>
<wf cmd="tag" pos="RB">up</wf>
<wf cmd="ignore" pos="CC">and</wf>
<wf cmd="tag" pos="RB">over</wf>
<wf cmd="ignore" pos="TO">to</wf>
<wf cmd="done" pos="VB" lemma="reverse" wnsn="1" lexsn="2:30:00::">reverse</wf>
<wf cmd="tag" pos="NN">course</wf>
<wf cmd="ignore" pos="CC">and</wf>
<wf cmd="done" pos="VB" lemma="try" wnsn="2" lexsn="2:41:01::">try</wf>
<wf cmd="ignore" pos="DT">another</wf>
<wf cmd="tag" pos="CD">one</wf>
<punc>,</punc>
<wf cmd="done" pos="VB" lemma="range" wnsn="2" lexsn="2:38:00::">ranging</wf>
<wf cmd="ignore" pos="IN">from</wf>
<wf cmd="ignore" pos="DT">the</wf>
<wf cmd="tag" pos="NNP">Ottauquechee</wf>
<wf cmd="tag" pos="JJ">up_to</wf>
<wf cmd="tag" pos="NNP">Danville</wf>
<wf cmd="ignore" pos="IN">in</wf>
<wf cmd="tag" pos="NN">search</wf>
<wf cmd="ignore" pos="IN">of</wf>
<wf cmd="tag" pos="JJ">safe</wf>
<wf cmd="tag" pos="NN">passage</wf>
<wf cmd="ignore" pos="IN">through</wf>
<wf cmd="ignore" pos="DT">the</wf>
<wf cmd="tag" pos="NN">mountain_passes</wf>
<punc>.</punc>
</s>
</p>
<p pnum="20">
<s snum="74">
<wf cmd="ignore" pos="DT">The</wf>
<wf cmd="tag" pos="JJ">dependable</wf>
<wf cmd="tag" pos="NNP">Wright</wf>
<wf cmd="tag" pos="NN">engine</wf>
<wf cmd="done" pos="VBD" ot="notag">was</wf>
<wf cmd="tag" pos="RB">never</wf>
<wf cmd="done" pos="VB" lemma="stop" wnsn="3" lexsn="2:41:00::">stopped</wf>
<wf cmd="ignore" pos="IN">on</wf>
<wf cmd="ignore" pos="DT">these</wf>
<wf cmd="tag" pos="NNS">trips</wf>
<punc>.</punc>
</s>
<s snum="75">
<wf cmd="ignore" pos="PRP">It</wf>
<wf cmd="done" pos="VB" lemma="tick" wnsn="1" lexsn="2:39:00::">ticked</wf>
<wf cmd="ignore" pos="IN">over</wf>
<wf cmd="tag" pos="RB">smoothly</wf>
<punc>,</punc>
<wf cmd="done" pos="VB" lemma="idle" wnsn="1" lexsn="2:35:00::">idling</wf>
<wf cmd="ignore" pos="IN">while</wf>
<wf cmd="tag" pos="NNP">Fogg</wf>
<wf cmd="done" pos="VB" lemma="exchange" wnsn="1" lexsn="2:40:00::">exchanged</wf>
<wf cmd="tag" pos="NNS">mails</wf>
<wf cmd="ignore" pos="IN">with</wf>
<wf cmd="ignore" pos="DT">the</wf>
<wf cmd="tag" pos="JJ">armed</wf>
<wf cmd="tag" pos="NN">messenger</wf>
<wf cmd="ignore" pos="IN">from</wf>
<wf cmd="tag" pos="NNP">Burlington</wf>
<wf cmd="ignore" pos="IN">at</wf>
<wf cmd="tag" pos="NNP">Fort_Ethan_Allen</wf>
<punc>,</punc>
<wf cmd="ignore" pos="CC">and</wf>
<wf cmd="tag" pos="CD">one</wf>
<wf cmd="ignore" pos="IN">from</wf>
<wf cmd="tag" pos="NNP">Montpelier</wf>
<wf cmd="ignore" pos="CC">and</wf>
<wf cmd="tag" pos="NNP">Barre</wf>
<wf cmd="ignore" pos="IN">at</wf>
<wf cmd="ignore" pos="DT">the</wf>
<wf cmd="tag" pos="NNP">St._John</wf>
<wf cmd="tag" pos="NN">field</wf>
<punc>.</punc>
</s>
</p>
<p pnum="21">
<s snum="76">
<wf cmd="tag" pos="RB">Sometimes</wf>
<punc>,</punc>
<wf cmd="ignore" pos="IN">on</wf>
<wf cmd="ignore" pos="DT">a</wf>
<wf cmd="tag" pos="NN">return</wf>
<wf cmd="tag" pos="NN">trip</wf>
<punc>,</punc>
<wf cmd="ignore" pos="DT">the</wf>
<wf cmd="tag" pos="NN">aviator</wf>
<wf cmd="ignore" pos="MD">would</wf>
<punc>``</punc>
<wf cmd="done" pos="VB" lemma="go" wnsn="1" lexsn="2:38:00::">go</wf>
<wf cmd="tag" pos="NN">upstairs</wf>
<punc>''</punc>
<wf cmd="tag" pos="JJ">high</wf>
<wf cmd="ignore" pos="IN">over</wf>
<wf cmd="ignore" pos="DT">the</wf>
<wf cmd="tag" pos="NNS">clouds</wf>
<punc>.</punc>
</s>
<s snum="77">
<wf cmd="ignore" pos="EX">There</wf>
<wf cmd="ignore" pos="PRP">he</wf>
<wf cmd="ignore" pos="MD">'d</wf>
<wf cmd="done" pos="VB" lemma="take" wnsn="24" lexsn="2:30:08::">take</wf>
<wf cmd="ignore" pos="DT">a</wf>
<wf cmd="tag" pos="NN">compass</wf>
<wf cmd="tag" pos="NN">heading</wf>
<punc>,</punc>
<wf cmd="done" pos="VB" lemma="figure" wnsn="1" lexsn="2:31:01::">figure</wf>
<wf cmd="ignore" pos="PRP$">his</wf>
<wf cmd="tag" pos="NN">air</wf>
<wf cmd="tag" pos="NN">speed</wf>
<punc>,</punc>
<wf cmd="ignore" pos="CC">and</wf>
<wf cmd="done" pos="VB" lemma="deduce" wnsn="2" lexsn="2:32:00::">deduce</wf>
<wf cmd="ignore" pos="IN">that</wf>
<wf cmd="ignore" pos="IN">in</wf>
<wf cmd="ignore" pos="DT">a</wf>
<wf cmd="tag" pos="JJ">certain</wf>
<wf cmd="tag" pos="NN">number</wf>
<wf cmd="ignore" pos="IN">of</wf>
<wf cmd="tag" pos="NNS">minutes</wf>
<wf cmd="ignore" pos="PRP">he</wf>
<wf cmd="ignore" pos="MD">'d</wf>
<wf cmd="done" pos="VB" lemma="be" wnsn="5" lexsn="2:42:04::">be</wf>
<wf cmd="ignore" pos="IN">over</wf>
<wf cmd="ignore" pos="DT">the</wf>
<wf cmd="tag" pos="JJ">broad</wf>
<wf cmd="tag" pos="NNS">meadows</wf>
<wf cmd="ignore" pos="IN">of</wf>
<wf cmd="ignore" pos="DT">the</wf>
<wf cmd="tag" pos="NNP">Merrimack_Valley</wf>
<wf cmd="ignore" pos="WRB">where</wf>
<wf cmd="ignore" pos="PRP">it</wf>
<wf cmd="ignore" pos="MD">would</wf>
<wf cmd="done" pos="VB" lemma="be" wnsn="1" lexsn="2:42:03::">be</wf>
<wf cmd="tag" pos="JJ">safe</wf>
<wf cmd="ignore" pos="TO">to</wf>
<wf cmd="done" pos="VB" lemma="let_down" wnsn="1" lexsn="2:38:00::">let_down</wf>
<wf cmd="ignore" pos="IN">through</wf>
<wf cmd="ignore" pos="DT">the</wf>
<wf cmd="tag" pos="NN">overcast</wf>
<wf cmd="ignore" pos="CC">and</wf>
<wf cmd="done" pos="VB" lemma="see" wnsn="1" lexsn="2:39:00::">see</wf>
<wf cmd="ignore" pos="DT">the</wf>
<wf cmd="tag" pos="NN">ground</wf>
<wf cmd="ignore" pos="IN">before</wf>
<wf cmd="ignore" pos="PRP">it</wf>
<wf cmd="done" pos="VB" lemma="hit" wnsn="2" lexsn="2:35:01::">hit</wf>
<wf cmd="ignore" pos="PRP">him</wf>
<punc>.</punc>
</s>
<s snum="78">
<wf cmd="tag" pos="NNP">Bob_Fogg</wf>
<wf cmd="done" pos="VBD" ot="notag">did</wf>
<wf cmd="tag" pos="RB">n't</wf>
<wf cmd="done" pos="VB" lemma="have" wnsn="1" lexsn="2:40:00::">have</wf>
<wf cmd="tag" pos="NN">today</wf>
<wf cmd="ignore" pos="POS">'s</wf>
<wf cmd="tag" pos="NNS">advantages</wf>
<wf cmd="ignore" pos="IN">of</wf>
<wf cmd="tag" pos="NNP">Instrument_Flight</wf>
<wf cmd="ignore" pos="CC">and</wf>
<wf cmd="tag" pos="NNP">Ground_Control_Approach</wf>
<wf cmd="tag" pos="NNS">systems</wf>
<punc>.</punc>
</s>
<s snum="79">
<wf cmd="ignore" pos="IN">At</wf>
<wf cmd="ignore" pos="DT">the</wf>
<wf cmd="tag" pos="NN">end</wf>
<wf cmd="ignore" pos="IN">of</wf>
<wf cmd="ignore" pos="DT">the</wf>
<wf cmd="tag" pos="JJ">calculated</wf>
<wf cmd="tag" pos="NN">time</wf>
<wf cmd="ignore" pos="PRP">he</wf>
<wf cmd="ignore" pos="MD">'d</wf>
<wf cmd="done" pos="VB" lemma="nose" wnsn="2" lexsn="2:38:02::">nose</wf>
<wf cmd="ignore" pos="DT">the</wf>
<wf cmd="tag" pos="NNP">Waco</wf>
<wf cmd="tag" pos="RB">down</wf>
<wf cmd="ignore" pos="IN">through</wf>
<wf cmd="ignore" pos="DT">the</wf>
<wf cmd="tag" pos="NN">cloud_bank</wf>
<wf cmd="ignore" pos="CC">and</wf>
<wf cmd="done" pos="VB" lemma="hope" wnsn="2" lexsn="2:37:00::">hope</wf>
<wf cmd="ignore" pos="TO">to</wf>
<wf cmd="done" pos="VB" lemma="break_through" wnsn="1" lexsn="2:30:02::">break_through</wf>
<wf cmd="ignore" pos="WRB">where</wf>
<wf cmd="ignore" pos="DT">some</wf>
<wf cmd="tag" pos="NN">feature</wf>
<wf cmd="ignore" pos="IN">of</wf>
<wf cmd="ignore" pos="DT">the</wf>
<wf cmd="tag" pos="NN">winter</wf>
<wf cmd="tag" pos="NN">landscape</wf>
<wf cmd="ignore" pos="MD">would</wf>
<wf cmd="done" pos="VB" lemma="be" wnsn="1" lexsn="2:42:03::">be</wf>
<wf cmd="tag" pos="JJ">recognizable</wf>
<punc>.</punc>
</s>
</p>
<p pnum="22">
<s snum="80">
<wf cmd="tag" pos="RB">Usually</wf>
<wf cmd="tag" pos="RB">back</wf>
<wf cmd="ignore" pos="IN">in</wf>
<wf cmd="tag" pos="NNP">Concord</wf>
<wf cmd="ignore" pos="IN">by</wf>
<wf cmd="tag" pos="NN">noon</wf>
<punc>,</punc>
<wf cmd="ignore" pos="EX">there</wf>
<wf cmd="done" pos="VB" lemma="be" wnsn="4" lexsn="2:42:00::">was</wf>
<wf cmd="tag" pos="RB">just</wf>
<wf cmd="tag" pos="NN">time</wf>
<wf cmd="ignore" pos="TO">to</wf>
<wf cmd="done" pos="VB" lemma="get" wnsn="2" lexsn="2:30:00::">get</wf>
<wf cmd="tag" pos="RB">partially</wf>
<wf cmd="tag" pos="JJ">thawed</wf>
<wf cmd="tag" pos="RB">out</wf>
<punc>,</punc>
<wf cmd="done" pos="VB" lemma="refuel" wnsn="1" lexsn="2:40:01::">refuel</wf>
<punc>,</punc>
<wf cmd="ignore" pos="CC">and</wf>
<wf cmd="done" pos="VB" lemma="grab" wnsn="1" lexsn="2:35:00::">grab</wf>
<wf cmd="tag" pos="RB">a_bit</wf>
<wf cmd="ignore" pos="IN">of</wf>
<wf cmd="tag" pos="NNP">Mrs._Fogg</wf>
<wf cmd="ignore" pos="POS">'s</wf>
<wf cmd="tag" pos="JJ">hot</wf>
<wf cmd="tag" pos="NN">broth</wf>
<wf cmd="ignore" pos="IN">before</wf>
<wf cmd="done" pos="VB" lemma="start" wnsn="1" lexsn="2:30:00::">starting</wf>
<wf cmd="ignore" pos="DT">the</wf>
<wf cmd="tag" pos="JJ">second</wf>
<wf cmd="tag" pos="NN">trip</wf>
<punc>.</punc>
</s>
<s snum="81">
<wf cmd="tag" pos="RB">Day_after_day</wf>
<wf cmd="tag" pos="NNP">Fogg</wf>
<wf cmd="done" pos="VB" lemma="shuttle" wnsn="1" lexsn="2:38:00::">shuttled</wf>
<wf cmd="tag" pos="RB">back_and_forth</wf>
<wf cmd="ignore" pos="IN">on</wf>
<wf cmd="ignore" pos="PRP$">his</wf>
<wf cmd="tag" pos="JJ">one-man</wf>
<wf cmd="tag" pos="NN">air_mail</wf>
<wf cmd="tag" pos="NN">route</wf>
<punc>,</punc>
<wf cmd="ignore" pos="IN">until</wf>
<wf cmd="ignore" pos="DT">the</wf>
<wf cmd="tag" pos="NNS">farmers</wf>
<wf cmd="ignore" pos="IN">in</wf>
<wf cmd="ignore" pos="PRP$">their</wf>
<wf cmd="tag" pos="JJ">snowy</wf>
<wf cmd="tag" pos="NNS">barnyards</wf>
<wf cmd="ignore" pos="CC">and</wf>
<wf cmd="ignore" pos="DT">the</wf>
<wf cmd="tag" pos="NN">road</wf>
<wf cmd="tag" pos="NNS">repairmen</wf>
<wf cmd="done" pos="VB" lemma="come" wnsn="4" lexsn="2:30:03::">came</wf>
<wf cmd="done" pos="VB" ot="notag">to</wf>
<wf cmd="done" pos="VB" lemma="recognize" wnsn="4" lexsn="2:31:00::">recognize</wf>
<wf cmd="ignore" pos="DT">the</wf>
<wf cmd="tag" pos="JJ">stubby</wf>
<wf cmd="tag" pos="NN">plane</wf>
<wf cmd="ignore" pos="IN">as</wf>
<wf cmd="ignore" pos="PRP$">their</wf>
<wf cmd="tag" pos="NN">link</wf>
<wf cmd="ignore" pos="IN">with</wf>
<wf cmd="ignore" pos="DT">the</wf>
<wf cmd="tag" pos="NN">rest</wf>
<wf cmd="ignore" pos="IN">of</wf>
<wf cmd="ignore" pos="DT">the</wf>
<wf cmd="tag" pos="NN">country</wf>
<punc>.</punc>
</s>
</p>
<p pnum="23">
<s snum="82">
<wf cmd="ignore" pos="DT">The</wf>
<wf cmd="tag" pos="NN">flyer</wf>
<wf cmd="done" pos="VB" lemma="have" wnsn="1" lexsn="2:40:00::">had</wf>
<wf cmd="ignore" pos="PRP$">his</wf>
<wf cmd="tag" pos="NN">share</wf>
<wf cmd="ignore" pos="IN">of</wf>
<wf cmd="tag" pos="NN">near-misses</wf>
<punc>.</punc>
</s>
<s snum="83">
<wf cmd="ignore" pos="IN">At</wf>
<wf cmd="tag" pos="NNP">Fort_Ethan_Allen</wf>
<wf cmd="ignore" pos="DT">the</wf>
<wf cmd="tag" pos="JJ">ever-present</wf>
<wf cmd="tag" pos="NN">wind</wf>
<wf cmd="done" pos="VB" ot="notag">off</wf>
<wf cmd="tag" pos="NNP">Lake_Champlain</wf>
<wf cmd="ignore" pos="MD">could</wf>
<wf cmd="tag" pos="RB">readily</wf>
<wf cmd="done" pos="VB" lemma="flip" wnsn="1" lexsn="2:38:00::">flip</wf>
<wf cmd="ignore" pos="DT">a</wf>
<wf cmd="tag" pos="JJ">puny</wf>
<wf cmd="tag" pos="JJ">man-made</wf>
<wf cmd="tag" pos="NN">thing</wf>
<wf cmd="ignore" pos="IN">like</wf>
<wf cmd="ignore" pos="DT">an</wf>
<wf cmd="tag" pos="NN">airplane</wf>
<wf cmd="ignore" pos="IN">if</wf>
<wf cmd="ignore" pos="DT">the</wf>
<wf cmd="tag" pos="NN">pilot</wf>
<wf cmd="done" pos="VB" lemma="miscalculate" wnsn="1" lexsn="2:31:01::">miscalculated</wf>
<punc>.</punc>
</s>
<s snum="84">
<wf cmd="tag" pos="RB">Once</wf>
<wf cmd="ignore" pos="DT">the</wf>
<wf cmd="tag" pos="NNS">soldiers</wf>
<wf cmd="ignore" pos="IN">from</wf>
<wf cmd="ignore" pos="DT">the</wf>
<wf cmd="tag" pos="NN">barracks</wf>
<wf cmd="done" pos="VB" ot="notag">had_to</wf>
<wf cmd="done" pos="VB" lemma="hold" wnsn="1" lexsn="2:42:00::">hold</wf>
<wf cmd="ignore" pos="DT">the</wf>
<wf cmd="tag" pos="NN">ship</wf>
<wf cmd="ignore" pos="IN">from</wf>
<wf cmd="done" pos="VB" lemma="blow" wnsn="4" lexsn="2:38:00::">blowing</wf>
<wf cmd="tag" pos="RB">away</wf>
<wf cmd="ignore" pos="IN">while</wf>
<wf cmd="tag" pos="NNP">Fogg</wf>
<wf cmd="done" pos="VB" lemma="rev" wnsn="1" lexsn="2:30:00::">revved</wf>
<wf cmd="ignore" pos="DT">the</wf>
<wf cmd="tag" pos="NN">engine</wf>
<wf cmd="ignore" pos="CC">and</wf>
<wf cmd="done" pos="VB" lemma="get" wnsn="3" lexsn="2:30:02::">got</wf>
<wf cmd="ignore" pos="DT">the</wf>
<wf cmd="tag" pos="NN">tail</wf>
<wf cmd="tag" pos="RB">up</wf>
<punc>.</punc>
</s>
<s snum="85">
<wf cmd="ignore" pos="IN">At</wf>
<wf cmd="ignore" pos="DT">a</wf>
<wf cmd="tag" pos="NN">nod</wf>
<wf cmd="ignore" pos="IN">of</wf>
<wf cmd="ignore" pos="PRP$">his</wf>
<wf cmd="tag" pos="NN">head</wf>
<wf cmd="ignore" pos="PRP">they</wf>
<wf cmd="done" pos="VB" lemma="let_go" wnsn="1" lexsn="2:35:00::">let_go</wf>
<punc>,</punc>
<wf cmd="done" pos="VB" lemma="turn" wnsn="1" lexsn="2:38:00::">turning</wf>
<wf cmd="done" pos="VB" ot="notag">to</wf>
<wf cmd="done" pos="VB" lemma="cup" wnsn="1" lexsn="2:30:00::">cup</wf>
<wf cmd="ignore" pos="PRP$">their</wf>
<wf cmd="tag" pos="NNS">ears</wf>
<wf cmd="ignore" pos="IN">against</wf>
<wf cmd="ignore" pos="DT">the</wf>
<wf cmd="tag" pos="JJ">icy</wf>
<wf cmd="tag" pos="NN">slipstream</wf>
<punc>.</punc>
</s>
<s snum="86">
<wf cmd="tag" pos="NNS">Tracks</wf>
<wf cmd="ignore" pos="IN">in</wf>
<wf cmd="ignore" pos="DT">the</wf>
<wf cmd="tag" pos="NN">snow</wf>
<wf cmd="done" pos="VB" lemma="show" wnsn="1" lexsn="2:39:02::">showed</wf>
<wf cmd="ignore" pos="DT">the</wf>
<wf cmd="tag" pos="NN">plane</wf>
<wf cmd="done" pos="VB" lemma="be" wnsn="1" lexsn="2:42:03::">was</wf>
<wf cmd="tag" pos="JJ">airborne</wf>
<wf cmd="ignore" pos="IN">in</wf>
<wf cmd="tag" pos="RB">less_than</wf>
<wf cmd="tag" pos="JJ">a_hundred</wf>
<wf cmd="tag" pos="NNS">feet</wf>
<punc>.</punc>
</s>
</p>
<p pnum="24">
<s snum="87">
<wf cmd="tag" pos="CD">One</wf>
<wf cmd="tag" pos="NN">afternoon</wf>
<wf cmd="ignore" pos="IN">during</wf>
<wf cmd="ignore" pos="DT">a</wf>
<wf cmd="tag" pos="JJ">cold</wf>
<punc>,</punc>
<wf cmd="tag" pos="JJ">powdery</wf>
<wf cmd="tag" pos="NN">snowstorm</wf>
<punc>,</punc>
<wf cmd="tag" pos="NNP">Fogg</wf>
<wf cmd="done" pos="VB" lemma="take_off" wnsn="1" lexsn="2:38:00::">took_off</wf>
<wf cmd="ignore" pos="IN">for</wf>
<wf cmd="tag" pos="NNP">Concord</wf>
<wf cmd="ignore" pos="IN">from</wf>
<wf cmd="ignore" pos="DT">the</wf>
<wf cmd="tag" pos="NNP">St._John</wf>
<wf cmd="tag" pos="NN">field</wf>
<punc>.</punc>
</s>
</p>
</context>
</contextfile>
