<contextfile concordance="brown">
<context filename="br-g05" paras="yes">
<p pnum="1">
<s snum="1">
<wf cmd="ignore" pos="PRP">It</wf>
<wf cmd="done" pos="VB" lemma="be" wnsn="1" lexsn="2:42:03::">was</wf>
<wf cmd="ignore" pos="DT">a</wf>
<wf cmd="tag" pos="JJ">fortunate</wf>
<wf cmd="tag" pos="NN">time</wf>
<wf cmd="tag" pos="RB">in_which</wf>
<wf cmd="ignore" pos="TO">to</wf>
<wf cmd="done" pos="VB" lemma="build" wnsn="1" lexsn="2:36:00::">build</wf>
<punc>,</punc>
<wf cmd="ignore" pos="IN">for</wf>
<wf cmd="ignore" pos="DT">the</wf>
<wf cmd="tag" pos="JJ">seventeenth</wf>
<wf cmd="tag" pos="NN">century</wf>
<wf cmd="done" pos="VB" lemma="be" wnsn="1" lexsn="2:42:03::">was</wf>
<wf cmd="ignore" pos="DT">a</wf>
<wf cmd="tag" pos="JJ">great</wf>
<wf cmd="tag" pos="NN">period</wf>
<wf cmd="ignore" pos="IN">in</wf>
<wf cmd="tag" pos="NNP">Persian</wf>
<wf cmd="tag" pos="NN">art</wf>
<punc>.</punc>
</s>
<s snum="2">
<wf cmd="ignore" pos="DT">The</wf>
<wf cmd="tag" pos="NNS">architects</wf>
<punc>,</punc>
<wf cmd="ignore" pos="DT">the</wf>
<wf cmd="tag" pos="NN">tile</wf>
<wf cmd="ignore" pos="CC">and</wf>
<wf cmd="tag" pos="NN">carpet</wf>
<wf cmd="tag" pos="NNS">makers</wf>
<punc>,</punc>
<wf cmd="ignore" pos="DT">the</wf>
<wf cmd="tag" pos="NNS">potters</wf>
<punc>,</punc>
<wf cmd="tag" pos="NNS">painters</wf>
<punc>,</punc>
<wf cmd="tag" pos="NNS">calligraphers</wf>
<punc>,</punc>
<wf cmd="ignore" pos="CC">and</wf>
<wf cmd="tag" pos="NNS">metalsmiths</wf>
<wf cmd="done" pos="VB" lemma="work" wnsn="1" lexsn="2:41:02::">worked</wf>
<wf cmd="done" pos="VB" ot="notag">through</wf>
<wf cmd="tag" pos="NNP">Abbas</wf>
<wf cmd="ignore" pos="POS">'s</wf>
<wf cmd="tag" pos="NN">reign</wf>
<wf cmd="ignore" pos="CC">and</wf>
<wf cmd="ignore" pos="DT">those</wf>
<wf cmd="ignore" pos="IN">of</wf>
<wf cmd="ignore" pos="PRP$">his</wf>
<wf cmd="tag" pos="NNS">successors</wf>
<wf cmd="ignore" pos="TO">to</wf>
<wf cmd="done" pos="VB" lemma="enrich" wnsn="1" lexsn="2:30:00::">enrich</wf>
<wf cmd="ignore" pos="DT">the</wf>
<wf cmd="tag" pos="NN">city</wf>
<punc>.</punc>
</s>
<s snum="3">
<wf cmd="tag" pos="NNP">Travelers</wf>
<wf cmd="done" pos="VB" lemma="enter" wnsn="1" lexsn="2:38:00::">entering</wf>
<wf cmd="ignore" pos="IN">from</wf>
<wf cmd="ignore" pos="DT">the</wf>
<wf cmd="tag" pos="NN">desert</wf>
<wf cmd="done" pos="VBD" ot="notag">were</wf>
<wf cmd="done" pos="VB" lemma="confound" wnsn="1" lexsn="2:31:02::">confounded</wf>
<wf cmd="ignore" pos="IN">by</wf>
<wf cmd="ignore" pos="WP">what</wf>
<wf cmd="ignore" pos="MD">must</wf>
<wf cmd="done" pos="VB" ot="notag">have</wf>
<wf cmd="done" pos="VB" lemma="seem" wnsn="1" lexsn="2:39:00::">seemed</wf>
<wf cmd="ignore" pos="DT">an</wf>
<wf cmd="tag" pos="NN">illusion</wf>
<punc>:</punc>
<wf cmd="ignore" pos="DT">a</wf>
<wf cmd="tag" pos="JJ">great</wf>
<wf cmd="tag" pos="NN">garden</wf>
<wf cmd="done" pos="VB" lemma="fill" wnsn="3" lexsn="2:42:00::">filled</wf>
<wf cmd="ignore" pos="IN">with</wf>
<wf cmd="tag" pos="NNS">nightingales</wf>
<wf cmd="ignore" pos="CC">and</wf>
<wf cmd="tag" pos="NNS">roses</wf>
<punc>,</punc>
<wf cmd="done" pos="VB" lemma="cut" wnsn="1" lexsn="2:35:00::">cut</wf>
<wf cmd="ignore" pos="IN">by</wf>
<wf cmd="tag" pos="NNS">canals</wf>
<wf cmd="ignore" pos="CC">and</wf>
<wf cmd="tag" pos="JJ">terraced</wf>
<wf cmd="tag" pos="NNS">promenades</wf>
<punc>,</punc>
<wf cmd="done" pos="VB" lemma="stud" wnsn="1" lexsn="2:42:00::">studded</wf>
<wf cmd="ignore" pos="IN">with</wf>
<wf cmd="tag" pos="NN">water_tanks</wf>
<wf cmd="ignore" pos="IN">of</wf>
<wf cmd="tag" pos="JJ">turquoise</wf>
<wf cmd="tag" pos="NN">tile</wf>
<wf cmd="tag" pos="RB">in_which</wf>
<wf cmd="done" pos="VBD" ot="notag">were</wf>
<wf cmd="done" pos="VB" lemma="reflect" wnsn="3" lexsn="2:39:00::">reflected</wf>
<wf cmd="ignore" pos="DT">the</wf>
<wf cmd="tag" pos="JJ">glistening</wf>
<wf cmd="tag" pos="JJ">blue</wf>
<wf cmd="tag" pos="NNS">curves</wf>
<wf cmd="ignore" pos="IN">of</wf>
<wf cmd="tag" pos="JJ">a_hundred</wf>
<wf cmd="tag" pos="NNS">domes</wf>
<punc>.</punc>
</s>
<s snum="4">
<wf cmd="ignore" pos="IN">At</wf>
<wf cmd="ignore" pos="DT">the</wf>
<wf cmd="tag" pos="NN">heart</wf>
<wf cmd="ignore" pos="IN">of</wf>
<wf cmd="tag" pos="JJ">all_of</wf>
<wf cmd="ignore" pos="DT">this</wf>
<wf cmd="done" pos="VB" lemma="be" wnsn="3" lexsn="2:42:05::">was</wf>
<wf cmd="ignore" pos="DT">the</wf>
<wf cmd="tag" pos="NN">square</wf>
<punc>,</punc>
<wf cmd="ignore" pos="WDT">which</wf>
<wf cmd="tag" pos="CD">one</wf>
<wf cmd="tag" pos="JJ">such</wf>
<wf cmd="tag" pos="NN">traveler</wf>
<wf cmd="done" pos="VB" lemma="declare" wnsn="4" lexsn="2:32:04::">declared</wf>
<wf cmd="done" pos="VB" ot="notag">to</wf>
<wf cmd="done" pos="VB" lemma="be" wnsn="1" lexsn="2:42:03::">be</wf>
<punc>``</punc>
<wf cmd="ignore" pos="IN">as</wf>
<wf cmd="tag" pos="JJ">spacious</wf>
<punc>,</punc>
<wf cmd="ignore" pos="IN">as</wf>
<wf cmd="tag" pos="JJ">pleasant</wf>
<wf cmd="ignore" pos="CC">and</wf>
<wf cmd="tag" pos="JJ">aromatick</wf>
<wf cmd="ignore" pos="DT">a</wf>
<wf cmd="tag" pos="NNP">Market</wf>
<wf cmd="ignore" pos="IN">as</wf>
<wf cmd="ignore" pos="DT">any</wf>
<wf cmd="ignore" pos="IN">in</wf>
<wf cmd="ignore" pos="DT">the</wf>
<wf cmd="tag" pos="NN">Universe</wf>
<punc>''</punc>
<punc>.</punc>
</s>
<s snum="5">
<wf cmd="tag" pos="RB">In_time</wf>
<wf cmd="tag" pos="NNP">Isfahan</wf>
<wf cmd="done" pos="VB" lemma="come" wnsn="4" lexsn="2:30:03::">came</wf>
<wf cmd="done" pos="VB" ot="notag">to</wf>
<wf cmd="done" pos="VB" lemma="be" wnsn="1" lexsn="2:42:03::">be</wf>
<wf cmd="tag" pos="JJ">known</wf>
<wf cmd="ignore" pos="IN">as</wf>
<punc>``</punc>
<wf cmd="tag" pos="NN">half</wf>
<wf cmd="ignore" pos="DT">the</wf>
<wf cmd="tag" pos="NN">world</wf>
<punc>''</punc>
<punc>,</punc>
<wf cmd="tag" pos="NNP">Isfahan_nisf-i-jahan</wf>
<punc>.</punc>
</s>
</p>
<p pnum="2">
<s snum="6">
<wf cmd="ignore" pos="IN">In</wf>
<wf cmd="ignore" pos="DT">the</wf>
<wf cmd="tag" pos="JJ">early</wf>
<wf cmd="tag" pos="JJ">eighteenth</wf>
<wf cmd="tag" pos="NN">century</wf>
<wf cmd="ignore" pos="DT">this</wf>
<wf cmd="tag" pos="JJ">fantastic</wf>
<wf cmd="tag" pos="NN">city</wf>
<punc>,</punc>
<wf cmd="tag" pos="RB">then</wf>
<wf cmd="ignore" pos="DT">the</wf>
<wf cmd="tag" pos="NN">size</wf>
<wf cmd="ignore" pos="IN">of</wf>
<wf cmd="tag" pos="NNP">London</wf>
<punc>,</punc>
<wf cmd="done" pos="VB" lemma="start" wnsn="1" lexsn="2:30:00::">started</wf>
<wf cmd="ignore" pos="TO">to</wf>
<wf cmd="done" pos="VB" lemma="decline" wnsn="1" lexsn="2:30:01::">decline</wf>
<punc>.</punc>
</s>
<s snum="7">
<wf cmd="ignore" pos="DT">The</wf>
<wf cmd="tag" pos="NNPS">Afghans</wf>
<wf cmd="done" pos="VB" lemma="invade" wnsn="1" lexsn="2:33:00::">invaded</wf>
<punc>;</punc>
<wf cmd="ignore" pos="DT">the</wf>
<wf cmd="tag" pos="NNPS">Safavids</wf>
<wf cmd="done" pos="VB" lemma="fall" wnsn="13" lexsn="2:41:00::">fell</wf>
<wf cmd="ignore" pos="IN">from</wf>
<wf cmd="tag" pos="NN">power</wf>
<punc>;</punc>
<wf cmd="ignore" pos="DT">the</wf>
<wf cmd="tag" pos="NN">capital</wf>
<wf cmd="done" pos="VB" lemma="go" wnsn="4" lexsn="2:30:04::">went</wf>
<wf cmd="tag" pos="RB">elsewhere</wf>
<punc>;</punc>
<wf cmd="ignore" pos="DT">the</wf>
<wf cmd="tag" pos="NN">desert</wf>
<wf cmd="done" pos="VB" lemma="encroach" wnsn="1" lexsn="2:38:00::">encroached</wf>
<punc>.</punc>
</s>
<s snum="8">
<wf cmd="tag" pos="NNP">Isfahan</wf>
<wf cmd="done" pos="VB" lemma="become" wnsn="2" lexsn="2:42:01::">became</wf>
<wf cmd="tag" pos="JJR">more</wf>
<wf cmd="ignore" pos="IN">of</wf>
<wf cmd="ignore" pos="DT">a</wf>
<wf cmd="tag" pos="NN">legend</wf>
<wf cmd="ignore" pos="IN">than</wf>
<wf cmd="ignore" pos="DT">a</wf>
<wf cmd="tag" pos="NN">place</wf>
<punc>,</punc>
<wf cmd="ignore" pos="CC">and</wf>
<wf cmd="tag" pos="RB">now</wf>
<wf cmd="ignore" pos="PRP">it</wf>
<wf cmd="done" pos="VB" lemma="be" wnsn="1" lexsn="2:42:03::">is</wf>
<wf cmd="ignore" pos="IN">for</wf>
<wf cmd="tag" pos="JJ">many</wf>
<wf cmd="tag" pos="NNS">people</wf>
<wf cmd="tag" pos="RB">simply</wf>
<wf cmd="ignore" pos="DT">a</wf>
<wf cmd="tag" pos="NN">name</wf>
<wf cmd="tag" pos="RB">to_which</wf>
<wf cmd="ignore" pos="PRP">they</wf>
<wf cmd="done" pos="VB" lemma="attach" wnsn="3" lexsn="2:35:00::">attach</wf>
<wf cmd="ignore" pos="PRP$">their</wf>
<wf cmd="tag" pos="NNS">notions</wf>
<wf cmd="ignore" pos="IN">of</wf>
<wf cmd="tag" pos="JJ">old</wf>
<wf cmd="tag" pos="NNP">Persia</wf>
<wf cmd="ignore" pos="CC">and</wf>
<wf cmd="tag" pos="RB">sometimes</wf>
<wf cmd="ignore" pos="IN">of</wf>
<wf cmd="ignore" pos="DT">the</wf>
<wf cmd="tag" pos="NNP">East</wf>
<punc>.</punc>
</s>
<s snum="9">
<wf cmd="ignore" pos="PRP">They</wf>
<wf cmd="done" pos="VB" lemma="think_of" wnsn="3" lexsn="2:31:01::">think_of</wf>
<wf cmd="ignore" pos="PRP">it</wf>
<wf cmd="ignore" pos="IN">as</wf>
<wf cmd="ignore" pos="DT">a</wf>
<wf cmd="tag" pos="RB">kind_of</wf>
<wf cmd="tag" pos="JJ">spooky</wf>
<wf cmd="tag" pos="NN">museum</wf>
<wf cmd="tag" pos="RB">in_which</wf>
<wf cmd="ignore" pos="PRP">they</wf>
<wf cmd="ignore" pos="MD">may</wf>
<wf cmd="tag" pos="JJ">half</wf>
<wf cmd="done" pos="VB" lemma="see" wnsn="1" lexsn="2:39:00::">see</wf>
<wf cmd="ignore" pos="CC">and</wf>
<wf cmd="tag" pos="NN">half</wf>
<wf cmd="done" pos="VB" lemma="imagine" wnsn="1" lexsn="2:36:00::">imagine</wf>
<wf cmd="ignore" pos="DT">the</wf>
<wf cmd="tag" pos="JJ">old</wf>
<wf cmd="tag" pos="NN">splendor</wf>
<punc>.</punc>
</s>
</p>
<p pnum="3">
<s snum="10">
<wf cmd="ignore" pos="DT">Those</wf>
<wf cmd="ignore" pos="WP">who</wf>
<wf cmd="tag" pos="RB">actually</wf>
<wf cmd="done" pos="VB" lemma="get" wnsn="5" lexsn="2:38:00::">get</wf>
<wf cmd="tag" pos="RB">there</wf>
<wf cmd="done" pos="VB" lemma="find" wnsn="6" lexsn="2:39:01::">find</wf>
<wf cmd="ignore" pos="IN">that</wf>
<wf cmd="ignore" pos="PRP">it</wf>
<wf cmd="done" pos="VB" lemma="be" wnsn="1" lexsn="2:42:03::">is</wf>
<wf cmd="tag" pos="RB">n't</wf>
<wf cmd="tag" pos="JJ">spooky</wf>
<wf cmd="tag" pos="RB">at_all</wf>
<wf cmd="ignore" pos="CC">but</wf>
<wf cmd="tag" pos="RB">as</wf>
<wf cmd="tag" pos="JJ">brilliant</wf>
<wf cmd="ignore" pos="IN">as</wf>
<wf cmd="ignore" pos="DT">a</wf>
<wf cmd="tag" pos="NN">tile</wf>
<wf cmd="ignore" pos="IN">in</wf>
<wf cmd="tag" pos="NN">sunlight</wf>
<punc>.</punc>
</s>
<s snum="11">
<wf cmd="ignore" pos="CC">But</wf>
<wf cmd="tag" pos="RB">even</wf>
<wf cmd="ignore" pos="IN">for</wf>
<wf cmd="ignore" pos="PRP">them</wf>
<wf cmd="ignore" pos="PRP">it</wf>
<wf cmd="done" pos="VB" lemma="remain" wnsn="1" lexsn="2:30:00::">remains</wf>
<wf cmd="ignore" pos="DT">a</wf>
<wf cmd="tag" pos="NN">museum</wf>
<punc>,</punc>
<wf cmd="ignore" pos="CC">or</wf>
<wf cmd="tag" pos="RB">perhaps</wf>
<wf cmd="ignore" pos="PRP">it</wf>
<wf cmd="ignore" pos="MD">would</wf>
<wf cmd="done" pos="VB" lemma="be" wnsn="1" lexsn="2:42:03::">be</wf>
<wf cmd="tag" pos="RBR">more</wf>
<wf cmd="tag" pos="JJ">accurate</wf>
<wf cmd="ignore" pos="TO">to</wf>
<wf cmd="done" pos="VB" lemma="say" wnsn="1" lexsn="2:32:00::">say</wf>
<wf cmd="ignore" pos="DT">a</wf>
<wf cmd="tag" pos="NN">tomb</wf>
<punc>,</punc>
<wf cmd="ignore" pos="DT">a</wf>
<wf cmd="tag" pos="NN">tomb</wf>
<wf cmd="tag" pos="RB">in_which</wf>
<wf cmd="tag" pos="NNP">Persia</wf>
<wf cmd="done" pos="VB" lemma="lie" wnsn="4" lexsn="2:42:03::">lies</wf>
<wf cmd="tag" pos="RB">well</wf>
<wf cmd="tag" pos="JJ">preserved</wf>
<wf cmd="ignore" pos="CC">but</wf>
<wf cmd="tag" pos="RB">indeed</wf>
<wf cmd="tag" pos="JJ">dead</wf>
<punc>.</punc>
</s>
<s snum="12">
<wf cmd="tag" pos="NN">Everyone</wf>
<wf cmd="done" pos="VB" lemma="be" wnsn="1" lexsn="2:42:03::">is</wf>
<wf cmd="tag" pos="JJ">ready</wf>
<wf cmd="ignore" pos="TO">to</wf>
<wf cmd="done" pos="VB" lemma="grant" wnsn="1" lexsn="2:40:01::">grant</wf>
<wf cmd="ignore" pos="DT">the</wf>
<wf cmd="tag" pos="NNPS">Persians</wf>
<wf cmd="ignore" pos="PRP$">their</wf>
<wf cmd="tag" pos="NN">history</wf>
<punc>,</punc>
<wf cmd="ignore" pos="CC">but</wf>
<wf cmd="tag" pos="JJ">almost_no</wf>
<wf cmd="tag" pos="CD">one</wf>
<wf cmd="done" pos="VB" lemma="be" wnsn="1" lexsn="2:42:03::">is</wf>
<wf cmd="tag" pos="JJ">willing</wf>
<wf cmd="ignore" pos="TO">to</wf>
<wf cmd="done" pos="VB" lemma="acknowledge" wnsn="0" lexsn="2:31:00::">acknowledge</wf>
<wf cmd="ignore" pos="PRP$">their</wf>
<wf cmd="tag" pos="JJ">present</wf>
<punc>.</punc>
</s>
<s snum="13">
<wf cmd="ignore" pos="PRP">It</wf>
<wf cmd="done" pos="VB" lemma="seem" wnsn="2" lexsn="2:39:01::">seems</wf>
<wf cmd="ignore" pos="IN">that</wf>
<wf cmd="ignore" pos="IN">for</wf>
<wf cmd="tag" pos="NNP">Persia</wf>
<punc>,</punc>
<wf cmd="ignore" pos="CC">and</wf>
<wf cmd="tag" pos="RB">especially</wf>
<wf cmd="ignore" pos="IN">for</wf>
<wf cmd="ignore" pos="DT">this</wf>
<wf cmd="tag" pos="NN">city</wf>
<punc>,</punc>
<wf cmd="ignore" pos="EX">there</wf>
<wf cmd="done" pos="VB" lemma="be" wnsn="4" lexsn="2:42:00::">are</wf>
<wf cmd="tag" pos="RB">only</wf>
<wf cmd="tag" pos="RB">two_times</wf>
<punc>:</punc>
<wf cmd="ignore" pos="DT">the</wf>
<wf cmd="tag" pos="JJ">glorious</wf>
<wf cmd="tag" pos="JJ">past</wf>
<wf cmd="ignore" pos="CC">and</wf>
<wf cmd="ignore" pos="DT">the</wf>
<wf cmd="tag" pos="JJ">corrupt</wf>
<punc>,</punc>
<wf cmd="tag" pos="JJ">depressing</wf>
<punc>,</punc>
<wf cmd="tag" pos="JJ">sterile</wf>
<wf cmd="tag" pos="NN">present</wf>
<punc>.</punc>
</s>
<s snum="14">
<wf cmd="ignore" pos="DT">The</wf>
<wf cmd="tag" pos="CD">one</wf>
<wf cmd="tag" pos="JJ">apparent</wf>
<wf cmd="tag" pos="NN">connection</wf>
<wf cmd="ignore" pos="IN">between</wf>
<wf cmd="ignore" pos="DT">the</wf>
<wf cmd="tag" pos="CD">two</wf>
<wf cmd="done" pos="VB" lemma="be" wnsn="2" lexsn="2:42:06::">is</wf>
<wf cmd="ignore" pos="DT">a</wf>
<wf cmd="tag" pos="NN">score</wf>
<wf cmd="ignore" pos="IN">of</wf>
<wf cmd="tag" pos="NNS">buildings</wf>
<wf cmd="ignore" pos="WDT">which</wf>
<wf cmd="tag" pos="RB">somehow</wf>
<wf cmd="ignore" pos="CC">or</wf>
<wf cmd="tag" pos="JJ">other</wf>
<wf cmd="done" pos="VBP" ot="notag">have</wf>
<wf cmd="done" pos="VB" lemma="survive" wnsn="3" lexsn="2:42:00::">survived</wf>
<wf cmd="ignore" pos="CC">and</wf>
<wf cmd="ignore" pos="WDT">which</wf>
<wf cmd="tag" pos="RB">naturally</wf>
<wf cmd="tag" pos="RB">enough</wf>
<wf cmd="done" pos="VB" ot="notag">are_called</wf>
<punc>``</punc>
<wf cmd="tag" pos="JJ">historical</wf>
<wf cmd="tag" pos="NNS">monuments</wf>
<punc>''</punc>
<punc>.</punc>
</s>
</p>
<p pnum="4">
<s snum="15">
<wf cmd="tag" pos="RB">However</wf>
<punc>,</punc>
<wf cmd="tag" pos="RB">just_as</wf>
<wf cmd="ignore" pos="PDT">all</wf>
<wf cmd="ignore" pos="DT">the</wf>
<wf cmd="tag" pos="NNS">buildings</wf>
<wf cmd="done" pos="VBP" ot="notag">have</wf>
<wf cmd="tag" pos="RB">not</wf>
<wf cmd="done" pos="VB" lemma="fall" wnsn="13" lexsn="2:41:00::">fallen</wf>
<wf cmd="ignore" pos="CC">and</wf>
<wf cmd="done" pos="VB" lemma="flow" wnsn="2" lexsn="2:38:00::">flowed</wf>
<wf cmd="tag" pos="RB">back</wf>
<wf cmd="ignore" pos="TO">to</wf>
<wf cmd="ignore" pos="PRP$">their</wf>
<wf cmd="tag" pos="JJ">original</wf>
<wf cmd="tag" pos="NN">mud</wf>
<punc>,</punc>
<wf cmd="tag" pos="RB">so</wf>
<wf cmd="ignore" pos="DT">the</wf>
<wf cmd="tag" pos="NNS">values</wf>
<wf cmd="ignore" pos="WDT">which</wf>
<wf cmd="done" pos="VB" lemma="want" wnsn="2" lexsn="2:34:00::">wanted</wf>
<wf cmd="ignore" pos="PRP">them</wf>
<wf cmd="ignore" pos="CC">and</wf>
<wf cmd="done" pos="VB" lemma="see" wnsn="10" lexsn="2:31:03::">saw</wf>
<wf cmd="ignore" pos="IN">that</wf>
<wf cmd="ignore" pos="PRP">they</wf>
<wf cmd="done" pos="VB" ot="notag">were_built</wf>
<wf cmd="done" pos="VBP" ot="notag">have</wf>
<wf cmd="tag" pos="RB">not</wf>
<wf cmd="ignore" pos="DT">all</wf>
<wf cmd="done" pos="VB" lemma="disappear" wnsn="1" lexsn="2:30:00::">disappeared</wf>
<punc>.</punc>
</s>
<s snum="16">
<wf cmd="ignore" pos="DT">The</wf>
<wf cmd="tag" pos="NNS">values</wf>
<wf cmd="ignore" pos="CC">and</wf>
<wf cmd="tag" pos="NNS">talents</wf>
<wf cmd="ignore" pos="WDT">which</wf>
<wf cmd="done" pos="VB" lemma="make" wnsn="6" lexsn="2:36:01::">made</wf>
<wf cmd="ignore" pos="DT">the</wf>
<wf cmd="tag" pos="NN">tile</wf>
<wf cmd="ignore" pos="CC">and</wf>
<wf cmd="ignore" pos="DT">the</wf>
<wf cmd="tag" pos="NN">dome</wf>
<punc>,</punc>
<wf cmd="ignore" pos="DT">the</wf>
<wf cmd="tag" pos="NN">rug</wf>
<punc>,</punc>
<wf cmd="ignore" pos="DT">the</wf>
<wf cmd="tag" pos="NN">poem</wf>
<wf cmd="ignore" pos="CC">and</wf>
<wf cmd="ignore" pos="DT">the</wf>
<wf cmd="tag" pos="JJ">miniature</wf>
<punc>,</punc>
<wf cmd="done" pos="VB" lemma="continue" wnsn="1" lexsn="2:42:01::">continue</wf>
<wf cmd="ignore" pos="IN">in</wf>
<wf cmd="tag" pos="JJ">certain</wf>
<wf cmd="tag" pos="JJ">social</wf>
<wf cmd="tag" pos="NNS">institutions</wf>
<wf cmd="ignore" pos="WDT">which</wf>
<wf cmd="done" pos="VB" lemma="rise" wnsn="4" lexsn="2:42:00::">rise</wf>
<wf cmd="ignore" pos="IN">above</wf>
<wf cmd="ignore" pos="DT">the</wf>
<wf cmd="tag" pos="JJ">ordinary</wf>
<wf cmd="tag" pos="NN">life</wf>
<wf cmd="tag" pos="RB">of_this</wf>
<wf cmd="tag" pos="NN">city</wf>
<punc>,</punc>
<wf cmd="ignore" pos="IN">as</wf>
<wf cmd="ignore" pos="DT">the</wf>
<wf cmd="tag" pos="JJ">great</wf>
<wf cmd="tag" pos="NNS">buildings</wf>
<wf cmd="done" pos="VB" lemma="rise" wnsn="4" lexsn="2:42:00::">rise</wf>
<wf cmd="ignore" pos="IN">above</wf>
<wf cmd="tag" pos="JJ">blank</wf>
<wf cmd="tag" pos="NNS">walls</wf>
<wf cmd="ignore" pos="CC">and</wf>
<wf cmd="tag" pos="JJ">dirty</wf>
<wf cmd="tag" pos="NNS">lanes</wf>
<punc>.</punc>
</s>
<s snum="17">
<wf cmd="tag" pos="RB">Often</wf>
<punc>,</punc>
<wf cmd="tag" pos="RB">too</wf>
<punc>,</punc>
<wf cmd="ignore" pos="DT">the</wf>
<wf cmd="tag" pos="JJ">social</wf>
<wf cmd="tag" pos="NNS">institutions</wf>
<wf cmd="done" pos="VBP" ot="notag">are</wf>
<wf cmd="done" pos="VB" lemma="house" wnsn="1" lexsn="2:42:02::">housed</wf>
<wf cmd="ignore" pos="IN">in</wf>
<wf cmd="ignore" pos="DT">these</wf>
<wf cmd="tag" pos="NNS">pavilions</wf>
<wf cmd="ignore" pos="CC">and</wf>
<wf cmd="tag" pos="NNS">palaces</wf>
<wf cmd="ignore" pos="CC">and</wf>
<wf cmd="tag" pos="NNS">bridges</wf>
<punc>,</punc>
<wf cmd="ignore" pos="IN">for</wf>
<wf cmd="ignore" pos="DT">these</wf>
<wf cmd="tag" pos="JJ">great</wf>
<wf cmd="tag" pos="NNS">structures</wf>
<wf cmd="done" pos="VB" lemma="be" wnsn="1" lexsn="2:42:03::">are</wf>
<wf cmd="tag" pos="RB">not</wf>
<wf cmd="tag" pos="RB">simply</wf>
<punc>``</punc>
<wf cmd="tag" pos="JJ">historical</wf>
<wf cmd="tag" pos="NNS">monuments</wf>
<punc>''</punc>
<punc>;</punc>
<wf cmd="ignore" pos="PRP">they</wf>
<wf cmd="done" pos="VB" lemma="be" wnsn="2" lexsn="2:42:06::">are</wf>
<wf cmd="ignore" pos="DT">the</wf>
<wf cmd="tag" pos="NNS">places</wf>
<wf cmd="ignore" pos="WRB">where</wf>
<wf cmd="tag" pos="NNPS">Persians</wf>
<wf cmd="done" pos="VB" lemma="live" wnsn="1" lexsn="2:42:08::">live</wf>
<punc>.</punc>
</s>
</p>
<p pnum="5">
<s snum="18">
<wf cmd="ignore" pos="DT">The</wf>
<wf cmd="tag" pos="NN">promenade</wf>
<punc>,</punc>
<wf cmd="tag" pos="RB">for_example</wf>
<punc>,</punc>
<wf cmd="done" pos="VB" lemma="continue" wnsn="1" lexsn="2:42:01::">continues</wf>
<wf cmd="ignore" pos="TO">to</wf>
<wf cmd="done" pos="VB" lemma="take_place" wnsn="1" lexsn="2:30:00::">take_place</wf>
<wf cmd="ignore" pos="IN">on</wf>
<wf cmd="ignore" pos="DT">the</wf>
<wf cmd="tag" pos="NNP">Chahar_Bagh</wf>
<punc>,</punc>
<wf cmd="ignore" pos="DT">a</wf>
<wf cmd="tag" pos="JJ">mile-long</wf>
<wf cmd="tag" pos="NN">garden</wf>
<wf cmd="ignore" pos="IN">of</wf>
<wf cmd="tag" pos="NN">plane</wf>
<wf cmd="ignore" pos="CC">and</wf>
<wf cmd="tag" pos="NN">poplar_trees</wf>
<wf cmd="ignore" pos="IN">that</wf>
<wf cmd="tag" pos="RB">now</wf>
<wf cmd="done" pos="VB" lemma="serve" wnsn="1" lexsn="2:42:03::">serves</wf>
<wf cmd="done" pos="VB" ot="notag">as</wf>
<wf cmd="ignore" pos="DT">the</wf>
<wf cmd="tag" pos="NN">city</wf>
<wf cmd="ignore" pos="POS">'s</wf>
<wf cmd="tag" pos="JJ">principal</wf>
<wf cmd="tag" pos="NN">street</wf>
<punc>.</punc>
</s>
<s snum="19">
<punc>?</punc>
</s>
<s snum="20">
<wf cmd="tag" pos="NN">t</wf>
<wf cmd="done" pos="VB" lemma="take_place" wnsn="1" lexsn="2:30:00::">takes_place</wf>
<wf cmd="tag" pos="RB">as_well</wf>
<wf cmd="ignore" pos="IN">along</wf>
<wf cmd="ignore" pos="DT">the</wf>
<wf cmd="tag" pos="NNS">terraces</wf>
<wf cmd="ignore" pos="CC">and</wf>
<wf cmd="ignore" pos="IN">through</wf>
<wf cmd="ignore" pos="DT">the</wf>
<wf cmd="tag" pos="NNS">arcades</wf>
<wf cmd="ignore" pos="IN">of</wf>
<wf cmd="ignore" pos="DT">the</wf>
<wf cmd="tag" pos="NNP">Khaju</wf>
<wf cmd="tag" pos="NN">bridge</wf>
<punc>,</punc>
<wf cmd="ignore" pos="CC">and</wf>
<wf cmd="tag" pos="RB">also</wf>
<wf cmd="ignore" pos="IN">in</wf>
<wf cmd="ignore" pos="DT">the</wf>
<wf cmd="tag" pos="NNS">gardens</wf>
<wf cmd="ignore" pos="IN">of</wf>
<wf cmd="ignore" pos="DT">the</wf>
<wf cmd="tag" pos="NN">square</wf>
<punc>.</punc>
</s>
<s snum="21">
<wf cmd="ignore" pos="IN">On</wf>
<wf cmd="tag" pos="NNPS">Fridays</wf>
<punc>,</punc>
<wf cmd="ignore" pos="DT">the</wf>
<wf cmd="tag" pos="NN">day</wf>
<wf cmd="ignore" pos="WRB">when</wf>
<wf cmd="tag" pos="JJ">many</wf>
<wf cmd="tag" pos="NNPS">Persians</wf>
<wf cmd="done" pos="VB" lemma="relax" wnsn="1" lexsn="2:29:00::">relax</wf>
<wf cmd="ignore" pos="IN">with</wf>
<wf cmd="tag" pos="NN">poetry</wf>
<punc>,</punc>
<wf cmd="tag" pos="NN">talk</wf>
<punc>,</punc>
<wf cmd="ignore" pos="CC">and</wf>
<wf cmd="ignore" pos="DT">a</wf>
<wf cmd="ignore" pos="FW">samovar</wf>
<punc>,</punc>
<wf cmd="tag" pos="NNS">people</wf>
<wf cmd="done" pos="VBP" ot="notag">do</wf>
<wf cmd="tag" pos="RB">not</wf>
<punc>,</punc>
<wf cmd="ignore" pos="PRP">it</wf>
<wf cmd="done" pos="VB" lemma="be" wnsn="1" lexsn="2:42:03::">is</wf>
<wf cmd="tag" pos="JJ">true</wf>
<punc>,</punc>
<wf cmd="done" pos="VB" lemma="stream" wnsn="3" lexsn="2:38:03::">stream</wf>
<wf cmd="ignore" pos="IN">into</wf>
<wf cmd="tag" pos="NNP">Chehel_Sotun</wf>
<punc>-</punc>
<wf cmd="ignore" pos="DT">a</wf>
<wf cmd="tag" pos="NN">pavilion</wf>
<wf cmd="ignore" pos="CC">and</wf>
<wf cmd="tag" pos="NN">garden</wf>
<wf cmd="done" pos="VB" lemma="build" wnsn="1" lexsn="2:36:00::">built</wf>
<wf cmd="ignore" pos="IN">by</wf>
<wf cmd="tag" pos="NNP">Shah_Abbas</wf>
<wf cmd="tag" pos="CD">2</wf>
<punc>,</punc>
<wf cmd="ignore" pos="IN">in</wf>
<wf cmd="ignore" pos="DT">the</wf>
<wf cmd="tag" pos="JJ">seventeenth</wf>
<wf cmd="tag" pos="NN">century</wf>
<punc>-</punc>
<wf cmd="ignore" pos="CC">but</wf>
<wf cmd="ignore" pos="PRP">they</wf>
<wf cmd="done" pos="VBP" ot="notag">do</wf>
<wf cmd="done" pos="VB" lemma="retire" wnsn="2" lexsn="2:41:02::">retire</wf>
<wf cmd="ignore" pos="IN">into</wf>
<wf cmd="tag" pos="NNS">hundreds</wf>
<wf cmd="ignore" pos="IN">of</wf>
<wf cmd="tag" pos="NNS">pavilions</wf>
<wf cmd="ignore" pos="IN">throughout</wf>
<wf cmd="ignore" pos="DT">the</wf>
<wf cmd="tag" pos="NN">city</wf>
<wf cmd="ignore" pos="CC">and</wf>
<wf cmd="ignore" pos="IN">up</wf>
<wf cmd="ignore" pos="DT">the</wf>
<wf cmd="tag" pos="NN">river</wf>
<wf cmd="tag" pos="NN">valley</wf>
<punc>,</punc>
<wf cmd="ignore" pos="WDT">which</wf>
<wf cmd="done" pos="VB" lemma="be" wnsn="1" lexsn="2:42:03::">are</wf>
<wf cmd="tag" pos="JJR">smaller</wf>
<punc>,</punc>
<wf cmd="tag" pos="RBR">more</wf>
<wf cmd="tag" pos="JJ">humble</wf>
<wf cmd="tag" pos="NNS">copies</wf>
<wf cmd="ignore" pos="IN">of</wf>
<wf cmd="ignore" pos="DT">the</wf>
<wf cmd="tag" pos="NN">former</wf>
<punc>.</punc>
</s>
<s snum="22">
<wf cmd="ignore" pos="CC">And</wf>
<wf cmd="tag" pos="RB">of_course</wf>
<wf cmd="tag" pos="JJ">religious</wf>
<wf cmd="tag" pos="NN">life</wf>
<wf cmd="done" pos="VB" lemma="continue" wnsn="1" lexsn="2:42:01::">continues</wf>
<wf cmd="ignore" pos="TO">to</wf>
<wf cmd="done" pos="VB" lemma="center" wnsn="1" lexsn="2:42:00::">center</wf>
<wf cmd="ignore" pos="IN">in</wf>
<wf cmd="ignore" pos="DT">the</wf>
<wf cmd="tag" pos="RBR">more</wf>
<wf cmd="tag" pos="JJ">famous</wf>
<wf cmd="tag" pos="NNS">mosques</wf>
<punc>,</punc>
<wf cmd="ignore" pos="CC">and</wf>
<wf cmd="tag" pos="JJ">commercial</wf>
<wf cmd="tag" pos="NN">life</wf>
<punc>-</punc>
<wf cmd="tag" pos="RB">very_much</wf>
<wf cmd="ignore" pos="DT">a</wf>
<wf cmd="tag" pos="JJ">social</wf>
<wf cmd="tag" pos="NN">institution</wf>
<punc>-</punc>
<wf cmd="ignore" pos="IN">in</wf>
<wf cmd="ignore" pos="DT">the</wf>
<wf cmd="tag" pos="NN">bazaar</wf>
<punc>.</punc>
</s>
<s snum="23">
<wf cmd="ignore" pos="DT">Those</wf>
<wf cmd="tag" pos="CD">three</wf>
<wf cmd="tag" pos="JJ">other</wf>
<wf cmd="tag" pos="JJ">great</wf>
<wf cmd="tag" pos="NNS">activities</wf>
<wf cmd="ignore" pos="IN">of</wf>
<wf cmd="ignore" pos="DT">the</wf>
<wf cmd="tag" pos="NNPS">Persians</wf>
<punc>,</punc>
<wf cmd="ignore" pos="DT">the</wf>
<wf cmd="tag" pos="NN">bath</wf>
<punc>,</punc>
<wf cmd="ignore" pos="DT">the</wf>
<wf cmd="tag" pos="NN">teahouse</wf>
<punc>,</punc>
<wf cmd="ignore" pos="CC">and</wf>
<wf cmd="ignore" pos="DT">the</wf>
<wf cmd="ignore" pos="FW">zur</wf>
<wf cmd="ignore" pos="FW">khaneh</wf>
<punc>(</punc>
<wf cmd="ignore" pos="DT">the</wf>
<wf cmd="tag" pos="NN">latter</wf>
<wf cmd="ignore" pos="DT">a</wf>
<wf cmd="tag" pos="RB">kind_of</wf>
<wf cmd="tag" pos="NN">club</wf>
<wf cmd="tag" pos="RB">in_which</wf>
<wf cmd="ignore" pos="DT">a</wf>
<wf cmd="tag" pos="NN">leader</wf>
<wf cmd="ignore" pos="CC">and</wf>
<wf cmd="ignore" pos="DT">a</wf>
<wf cmd="tag" pos="NN">group</wf>
<wf cmd="ignore" pos="IN">of</wf>
<wf cmd="tag" pos="NNS">men</wf>
<wf cmd="ignore" pos="IN">in</wf>
<wf cmd="ignore" pos="DT">an</wf>
<wf cmd="tag" pos="JJ">octagonal</wf>
<wf cmd="tag" pos="NN">pit</wf>
<wf cmd="done" pos="VB" lemma="move" wnsn="5" lexsn="2:41:01::">move</wf>
<wf cmd="ignore" pos="IN">through</wf>
<wf cmd="ignore" pos="DT">a</wf>
<wf cmd="tag" pos="NN">rite</wf>
<wf cmd="ignore" pos="IN">of</wf>
<wf cmd="tag" pos="NNS">calisthenics</wf>
<punc>,</punc>
<wf cmd="tag" pos="NN">dance</wf>
<punc>,</punc>
<wf cmd="tag" pos="JJ">chanted</wf>
<wf cmd="tag" pos="NN">poetry</wf>
<punc>,</punc>
<wf cmd="ignore" pos="CC">and</wf>
<wf cmd="tag" pos="NN">music</wf>
<punc>)</punc>
<punc>,</punc>
<wf cmd="done" pos="VBP" ot="notag">do</wf>
<wf cmd="tag" pos="RB">not</wf>
<wf cmd="done" pos="VB" lemma="take_place" wnsn="1" lexsn="2:30:00::">take_place</wf>
<wf cmd="ignore" pos="IN">in</wf>
<wf cmd="tag" pos="NNS">buildings</wf>
<wf cmd="tag" pos="RB">to_which</wf>
<wf cmd="tag" pos="NN">entrance</wf>
<wf cmd="tag" pos="NNS">tickets</wf>
<wf cmd="done" pos="VBP" ot="notag">are</wf>
<wf cmd="done" pos="VB" lemma="sell" wnsn="1" lexsn="2:40:00::">sold</wf>
<punc>,</punc>
<wf cmd="ignore" pos="CC">but</wf>
<wf cmd="ignore" pos="DT">some</wf>
<wf cmd="ignore" pos="IN">of</wf>
<wf cmd="ignore" pos="PRP">them</wf>
<wf cmd="done" pos="VB" lemma="occupy" wnsn="2" lexsn="2:42:00::">occupy</wf>
<wf cmd="tag" pos="JJ">splendid</wf>
<wf cmd="tag" pos="NNS">examples</wf>
<wf cmd="ignore" pos="IN">of</wf>
<wf cmd="tag" pos="NNP">Persian</wf>
<wf cmd="tag" pos="JJ">domestic</wf>
<wf cmd="tag" pos="NN">architecture</wf>
<punc>:</punc>
</s>
<s snum="24">
<wf cmd="tag" pos="JJ">long</wf>
<punc>,</punc>
<wf cmd="tag" pos="JJ">domed</wf>
<punc>,</punc>
<wf cmd="tag" pos="JJ">chalk-white</wf>
<wf cmd="tag" pos="NNS">rooms</wf>
<wf cmd="ignore" pos="IN">with</wf>
<wf cmd="tag" pos="NNS">daises</wf>
<wf cmd="ignore" pos="IN">of</wf>
<wf cmd="tag" pos="JJ">turquoise</wf>
<wf cmd="tag" pos="NN">tile</wf>
<punc>,</punc>
<wf cmd="ignore" pos="PRP$">their</wf>
<wf cmd="tag" pos="NN">end</wf>
<wf cmd="tag" pos="NNS">walls</wf>
<wf cmd="done" pos="VB" lemma="cut_through" wnsn="1" lexsn="2:38:00::">cut_through</wf>
<wf cmd="ignore" pos="TO">to</wf>
<wf cmd="ignore" pos="DT">the</wf>
<wf cmd="tag" pos="NNS">orchards</wf>
<wf cmd="ignore" pos="CC">and</wf>
<wf cmd="ignore" pos="DT">the</wf>
<wf cmd="tag" pos="NN">sky</wf>
<wf cmd="ignore" pos="IN">by</wf>
<wf cmd="tag" pos="JJ">open</wf>
<wf cmd="tag" pos="NNS">arches</wf>
<punc>.</punc>
</s>
</p>
<p pnum="6">
<s snum="25">
<wf cmd="ignore" pos="CC">But</wf>
<wf cmd="tag" pos="RBR">more</wf>
<wf cmd="tag" pos="JJ">important</wf>
<punc>,</punc>
<wf cmd="ignore" pos="CC">and</wf>
<wf cmd="ignore" pos="DT">the</wf>
<wf cmd="tag" pos="NN">thing</wf>
<wf cmd="ignore" pos="WDT">which</wf>
<wf cmd="ignore" pos="DT">the</wf>
<wf cmd="tag" pos="JJ">casual</wf>
<wf cmd="tag" pos="NN">traveler</wf>
<wf cmd="ignore" pos="CC">and</wf>
<wf cmd="ignore" pos="DT">the</wf>
<wf cmd="tag" pos="JJ">blind</wf>
<wf cmd="tag" pos="NN">sojourner</wf>
<wf cmd="tag" pos="RB">often</wf>
<wf cmd="done" pos="VBP" ot="notag">do</wf>
<wf cmd="tag" pos="RB">not</wf>
<wf cmd="done" pos="VB" lemma="see" wnsn="1" lexsn="2:39:00::">see</wf>
<punc>,</punc>
<wf cmd="done" pos="VB" lemma="be" wnsn="2" lexsn="2:42:06::">is</wf>
<wf cmd="ignore" pos="IN">that</wf>
<wf cmd="ignore" pos="DT">these</wf>
<wf cmd="tag" pos="NNS">places</wf>
<wf cmd="ignore" pos="CC">and</wf>
<wf cmd="tag" pos="NNS">activities</wf>
<wf cmd="done" pos="VB" lemma="be" wnsn="7" lexsn="2:42:02::">are</wf>
<wf cmd="tag" pos="RB">often</wf>
<wf cmd="ignore" pos="DT">the</wf>
<wf cmd="tag" pos="NNS">settings</wf>
<wf cmd="tag" pos="RB">in_which</wf>
<wf cmd="tag" pos="NNPS">Persians</wf>
<wf cmd="done" pos="VB" lemma="exercise" wnsn="1" lexsn="2:34:00::">exercise</wf>
<wf cmd="ignore" pos="PRP$">their</wf>
<wf cmd="tag" pos="JJ">extraordinary</wf>
<wf cmd="tag" pos="JJ">aesthetic</wf>
<wf cmd="tag" pos="NNS">sensibilities</wf>
<punc>.</punc>
</s>
<s snum="26">
<wf cmd="tag" pos="NNP">Water</wf>
<punc>,</punc>
<wf cmd="tag" pos="NN">air</wf>
<punc>,</punc>
<wf cmd="tag" pos="NN">fruit</wf>
<punc>,</punc>
<wf cmd="tag" pos="NN">poetry</wf>
<punc>,</punc>
<wf cmd="tag" pos="NN">music</wf>
<punc>,</punc>
<wf cmd="ignore" pos="DT">the</wf>
<wf cmd="tag" pos="JJ">human</wf>
<wf cmd="tag" pos="NN">form</wf>
<punc>-</punc>
<wf cmd="ignore" pos="DT">these</wf>
<wf cmd="tag" pos="NNS">things</wf>
<wf cmd="done" pos="VB" lemma="be" wnsn="1" lexsn="2:42:03::">are</wf>
<wf cmd="tag" pos="JJ">important</wf>
<wf cmd="ignore" pos="TO">to</wf>
<wf cmd="tag" pos="NNPS">Persians</wf>
<punc>,</punc>
<wf cmd="ignore" pos="CC">and</wf>
<wf cmd="ignore" pos="PRP">they</wf>
<wf cmd="done" pos="VB" lemma="experience" wnsn="2" lexsn="2:31:00::">experience</wf>
<wf cmd="ignore" pos="PRP">them</wf>
<wf cmd="ignore" pos="IN">with</wf>
<wf cmd="ignore" pos="DT">an</wf>
<wf cmd="tag" pos="JJ">intense</wf>
<wf cmd="ignore" pos="CC">and</wf>
<wf cmd="tag" pos="JJ">discriminating</wf>
<wf cmd="tag" pos="NN">awareness</wf>
<punc>.</punc>
</s>
</p>
<p pnum="7">
<s snum="27">
<wf cmd="ignore" pos="PRP">I</wf>
<wf cmd="done" pos="VB" ot="notag">should</wf>
<wf cmd="done" pos="VB" lemma="like" wnsn="1" lexsn="2:37:01::">like</wf>
<punc>,</punc>
<wf cmd="tag" pos="RB">by_the_way</wf>
<punc>,</punc>
<wf cmd="ignore" pos="TO">to</wf>
<wf cmd="done" pos="VB" lemma="make" wnsn="2" lexsn="2:30:00::">make</wf>
<wf cmd="done" pos="VB" ot="notag">it</wf>
<wf cmd="tag" pos="JJ">clear</wf>
<wf cmd="ignore" pos="IN">that</wf>
<wf cmd="ignore" pos="PRP">I</wf>
<wf cmd="done" pos="VBP" ot="notag">am</wf>
<wf cmd="tag" pos="RB">not</wf>
<wf cmd="done" pos="VB" lemma="use" wnsn="1" lexsn="2:34:01::">using</wf>
<wf cmd="ignore" pos="DT">the</wf>
<wf cmd="tag" pos="NN">word</wf>
<punc>``</punc>
<wf cmd="tag" pos="NNPS">Persians</wf>
<punc>''</punc>
<wf cmd="tag" pos="RB">carelessly</wf>
<punc>.</punc>
</s>
<s snum="28">
<wf cmd="ignore" pos="PRP">I</wf>
<wf cmd="done" pos="VBP" ot="notag">do</wf>
<wf cmd="tag" pos="RB">n't</wf>
<wf cmd="done" pos="VB" lemma="mean" wnsn="1" lexsn="2:32:01::">mean</wf>
<wf cmd="tag" pos="JJ">a_few</wf>
<wf cmd="tag" pos="NNS">aesthetes</wf>
<wf cmd="ignore" pos="WP">who</wf>
<wf cmd="done" pos="VB" lemma="play" wnsn="5" lexsn="2:41:03::">play</wf>
<wf cmd="ignore" pos="IN">about</wf>
<wf cmd="ignore" pos="IN">with</wf>
<wf cmd="tag" pos="NNS">sensations</wf>
<punc>,</punc>
<wf cmd="ignore" pos="IN">like</wf>
<wf cmd="ignore" pos="DT">a</wf>
<wf cmd="tag" pos="JJ">young</wf>
<wf cmd="tag" pos="NN">prince</wf>
<wf cmd="ignore" pos="IN">in</wf>
<wf cmd="ignore" pos="DT">a</wf>
<wf cmd="tag" pos="JJ">miniature</wf>
<wf cmd="done" pos="VB" lemma="dabble" wnsn="1" lexsn="2:38:00::">dabbling</wf>
<wf cmd="ignore" pos="PRP$">his</wf>
<wf cmd="tag" pos="NN">hand</wf>
<wf cmd="ignore" pos="IN">in</wf>
<wf cmd="ignore" pos="DT">a</wf>
<wf cmd="tag" pos="NN">pool</wf>
<punc>.</punc>
</s>
<s snum="29">
<wf cmd="ignore" pos="DT">These</wf>
<wf cmd="tag" pos="NNS">things</wf>
<wf cmd="done" pos="VB" lemma="be" wnsn="1" lexsn="2:42:03::">are</wf>
<wf cmd="tag" pos="JJ">important</wf>
<wf cmd="ignore" pos="TO">to</wf>
<wf cmd="tag" pos="RB">almost</wf>
<wf cmd="ignore" pos="DT">all</wf>
<wf cmd="tag" pos="NNPS">Persians</wf>
<wf cmd="ignore" pos="CC">and</wf>
<wf cmd="tag" pos="RB">perhaps</wf>
<wf cmd="tag" pos="RBS">most</wf>
<wf cmd="tag" pos="JJ">important</wf>
<wf cmd="ignore" pos="TO">to</wf>
<wf cmd="tag" pos="RB">the_most</wf>
<wf cmd="tag" pos="JJ">ordinary</wf>
<punc>.</punc>
</s>
<s snum="30">
<wf cmd="ignore" pos="DT">The</wf>
<wf cmd="tag" pos="NNS">men</wf>
<wf cmd="done" pos="VB" lemma="cry" wnsn="1" lexsn="2:32:01::">crying</wf>
<wf cmd="tag" pos="NN">love</wf>
<wf cmd="tag" pos="NNS">poems</wf>
<wf cmd="ignore" pos="IN">in</wf>
<wf cmd="ignore" pos="DT">an</wf>
<wf cmd="tag" pos="NN">orchard</wf>
<wf cmd="ignore" pos="IN">on</wf>
<wf cmd="ignore" pos="DT">any</wf>
<wf cmd="tag" pos="NN">summer</wf>
<wf cmd="ignore" pos="POS">'s</wf>
<wf cmd="tag" pos="NN">night</wf>
<wf cmd="done" pos="VB" lemma="be" wnsn="2" lexsn="2:42:06::">are</wf>
<wf cmd="tag" pos="RB">as</wf>
<wf cmd="tag" pos="RB">often</wf>
<wf cmd="ignore" pos="IN">as</wf>
<wf cmd="tag" pos="RB">not</wf>
<wf cmd="ignore" pos="DT">the</wf>
<wf cmd="ignore" pos="FW">lutihaw</wf>
<punc>,</punc>
<wf cmd="tag" pos="JJ">mustachioed</wf>
<wf cmd="tag" pos="NNS">toughs</wf>
<wf cmd="ignore" pos="WP">who</wf>
<wf cmd="done" pos="VB" lemma="spend" wnsn="1" lexsn="2:42:00::">spend</wf>
<wf cmd="tag" pos="JJ">most_of</wf>
<wf cmd="ignore" pos="PRP$">their</wf>
<wf cmd="tag" pos="NN">lives</wf>
<wf cmd="done" pos="VB" ot="notag">in</wf>
<wf cmd="ignore" pos="CC">and</wf>
<wf cmd="ignore" pos="IN">out</wf>
<wf cmd="ignore" pos="IN">of</wf>
<wf cmd="ignore" pos="DT">the</wf>
<wf cmd="tag" pos="JJ">local</wf>
<wf cmd="tag" pos="NNS">prisons</wf>
<punc>,</punc>
<wf cmd="tag" pos="NNS">brothels</wf>
<punc>,</punc>
<wf cmd="ignore" pos="CC">and</wf>
<wf cmd="tag" pos="NNS">teahouses</wf>
<punc>.</punc>
</s>
<s snum="31">
<wf cmd="tag" pos="JJ">A_few</wf>
<wf cmd="tag" pos="NNS">months</wf>
<wf cmd="tag" pos="RB">ago</wf>
<wf cmd="ignore" pos="PRP">it</wf>
<wf cmd="done" pos="VBD" ot="notag">was</wf>
<wf cmd="ignore" pos="DT">a</wf>
<wf cmd="tag" pos="RB">fairly</wf>
<wf cmd="tag" pos="JJ">typical</wf>
<wf cmd="tag" pos="NN">landlord</wf>
<wf cmd="ignore" pos="WP">who</wf>
<wf cmd="ignore" pos="IN">in</wf>
<wf cmd="ignore" pos="DT">the</wf>
<wf cmd="tag" pos="NN">dead</wf>
<wf cmd="ignore" pos="IN">of</wf>
<wf cmd="tag" pos="NN">night</wf>
<wf cmd="done" pos="VB" lemma="lug" wnsn="1" lexsn="2:35:00::">lugged</wf>
<wf cmd="ignore" pos="PRP">me</wf>
<wf cmd="ignore" pos="IN">up</wf>
<wf cmd="ignore" pos="DT">a</wf>
<wf cmd="tag" pos="NN">mountainside</wf>
<wf cmd="ignore" pos="TO">to</wf>
<wf cmd="done" pos="VB" lemma="drink" wnsn="1" lexsn="2:34:00::">drink</wf>
<wf cmd="ignore" pos="IN">from</wf>
<wf cmd="ignore" pos="DT">a</wf>
<wf cmd="tag" pos="NN">spring</wf>
<wf cmd="tag" pos="JJ">famous</wf>
<wf cmd="ignore" pos="IN">in</wf>
<wf cmd="ignore" pos="DT">the</wf>
<wf cmd="tag" pos="NN">neighborhood</wf>
<wf cmd="ignore" pos="IN">for</wf>
<wf cmd="ignore" pos="PRP$">its</wf>
<wf cmd="tag" pos="NN">clarity</wf>
<wf cmd="ignore" pos="CC">and</wf>
<wf cmd="tag" pos="NN">flavor</wf>
<punc>.</punc>
</s>
<s snum="32">
<wf cmd="tag" pos="RB">Not_long</wf>
<wf cmd="tag" pos="RB">ago</wf>
<wf cmd="ignore" pos="DT">an</wf>
<wf cmd="tag" pos="NN">acquaintance</wf>
<punc>,</punc>
<wf cmd="ignore" pos="DT">a</wf>
<wf cmd="tag" pos="JJ">slick-headed</wf>
<wf cmd="tag" pos="NN">water_rat</wf>
<wf cmd="ignore" pos="IN">of</wf>
<wf cmd="ignore" pos="DT">a</wf>
<wf cmd="tag" pos="NN">lad</wf>
<wf cmd="tag" pos="RB">up</wf>
<wf cmd="ignore" pos="IN">from</wf>
<wf cmd="ignore" pos="DT">the</wf>
<wf cmd="tag" pos="NN">maw</wf>
<wf cmd="ignore" pos="IN">of</wf>
<wf cmd="ignore" pos="DT">the</wf>
<wf cmd="tag" pos="NN">city</wf>
<punc>,</punc>
<wf cmd="done" pos="VB" lemma="stand" wnsn="1" lexsn="2:35:00::">stood</wf>
<wf cmd="ignore" pos="IN">on</wf>
<wf cmd="ignore" pos="DT">the</wf>
<wf cmd="tag" pos="NN">balcony</wf>
<wf cmd="done" pos="VB" lemma="puff" wnsn="1" lexsn="2:34:01::">puffing</wf>
<wf cmd="ignore" pos="PRP$">his</wf>
<wf cmd="tag" pos="JJ">first</wf>
<wf cmd="tag" pos="NN">cigarette</wf>
<wf cmd="ignore" pos="IN">in</wf>
<wf cmd="tag" pos="NNS">weeks</wf>
<punc>.</punc>
</s>
<s snum="33">
<wf cmd="ignore" pos="DT">The</wf>
<wf cmd="tag" pos="NN">air</wf>
<punc>,</punc>
<wf cmd="ignore" pos="PRP">he</wf>
<wf cmd="done" pos="VB" lemma="say" wnsn="1" lexsn="2:32:00::">said</wf>
<punc>,</punc>
<wf cmd="done" pos="VB" lemma="be" wnsn="1" lexsn="2:42:03::">was</wf>
<wf cmd="tag" pos="RB">just_right</wf>
<punc>;</punc>
<wf cmd="ignore" pos="DT">a</wf>
<wf cmd="tag" pos="NN">cigarette</wf>
<wf cmd="ignore" pos="MD">would</wf>
<wf cmd="done" pos="VB" lemma="taste" wnsn="1" lexsn="2:39:02::">taste</wf>
<wf cmd="tag" pos="RB">particularly</wf>
<wf cmd="tag" pos="JJ">good</wf>
<punc>.</punc>
</s>
<s snum="34">
<wf cmd="ignore" pos="PRP">I</wf>
<wf cmd="tag" pos="RB">really</wf>
<wf cmd="done" pos="VBD" ot="notag">did</wf>
<wf cmd="tag" pos="RB">n't</wf>
<wf cmd="done" pos="VB" lemma="know" wnsn="1" lexsn="2:31:01::">know</wf>
<wf cmd="ignore" pos="WP">what</wf>
<wf cmd="ignore" pos="PRP">he</wf>
<wf cmd="done" pos="VB" lemma="mean" wnsn="1" lexsn="2:32:01::">meant</wf>
<punc>.</punc>
</s>
<s snum="35">
<wf cmd="ignore" pos="PRP">It</wf>
<wf cmd="done" pos="VB" lemma="be" wnsn="1" lexsn="2:42:03::">was</wf>
<wf cmd="ignore" pos="DT">a</wf>
<wf cmd="tag" pos="JJ">nice</wf>
<wf cmd="tag" pos="NN">day</wf>
<punc>,</punc>
<wf cmd="tag" pos="RB">granted</wf>
<punc>.</punc>
</s>
<s snum="36">
<wf cmd="ignore" pos="CC">But</wf>
<wf cmd="ignore" pos="PRP">he</wf>
<wf cmd="done" pos="VB" lemma="know" wnsn="2" lexsn="2:31:03::">knew</wf>
<punc>;</punc>
<wf cmd="ignore" pos="PRP">he</wf>
<wf cmd="done" pos="VB" lemma="sniff" wnsn="1" lexsn="2:39:00::">sniffed</wf>
<wf cmd="ignore" pos="DT">the</wf>
<wf cmd="tag" pos="NN">air</wf>
<wf cmd="ignore" pos="CC">and</wf>
<wf cmd="done" pos="VB" lemma="lick" wnsn="2" lexsn="2:35:00::">licked</wf>
<wf cmd="ignore" pos="PRP">it</wf>
<wf cmd="ignore" pos="IN">on</wf>
<wf cmd="ignore" pos="PRP$">his</wf>
<wf cmd="tag" pos="NN">lip</wf>
<wf cmd="ignore" pos="CC">and</wf>
<wf cmd="done" pos="VB" lemma="know" wnsn="2" lexsn="2:31:03::">knew</wf>
<wf cmd="ignore" pos="IN">as</wf>
<wf cmd="ignore" pos="DT">a</wf>
<wf cmd="tag" pos="NN">vintner</wf>
<wf cmd="done" pos="VB" lemma="know" wnsn="2" lexsn="2:31:03::">knows</wf>
<wf cmd="ignore" pos="DT">a</wf>
<wf cmd="tag" pos="NN">vintage</wf>
<punc>.</punc>
</s>
</p>
<p pnum="8">
<s snum="37">
<wf cmd="ignore" pos="DT">The</wf>
<wf cmd="tag" pos="JJ">natural</wf>
<wf cmd="tag" pos="NN">world</wf>
<wf cmd="tag" pos="RB">then</wf>
<punc>,</punc>
<wf cmd="ignore" pos="CC">plus</wf>
<wf cmd="tag" pos="NN">poetry</wf>
<wf cmd="ignore" pos="CC">and</wf>
<wf cmd="ignore" pos="DT">some</wf>
<wf cmd="tag" pos="NNS">kinds</wf>
<wf cmd="ignore" pos="IN">of</wf>
<wf cmd="tag" pos="NN">art</wf>
<punc>,</punc>
<wf cmd="done" pos="VB" lemma="receive" wnsn="2" lexsn="2:30:01::">receives</wf>
<wf cmd="ignore" pos="IN">from</wf>
<wf cmd="tag" pos="RB">the_most</wf>
<wf cmd="tag" pos="JJ">ordinary</wf>
<wf cmd="ignore" pos="IN">of</wf>
<wf cmd="tag" pos="NNPS">Persians</wf>
<wf cmd="ignore" pos="DT">a</wf>
<wf cmd="tag" pos="NN">great_deal</wf>
<wf cmd="ignore" pos="IN">of</wf>
<wf cmd="tag" pos="NN">attention</wf>
<punc>.</punc>
</s>
<s snum="38">
<wf cmd="ignore" pos="DT">The</wf>
<wf cmd="tag" pos="NN">line</wf>
<wf cmd="ignore" pos="IN">of</wf>
<wf cmd="ignore" pos="DT">an</wf>
<wf cmd="tag" pos="NN">eyebrow</wf>
<punc>,</punc>
<wf cmd="ignore" pos="DT">the</wf>
<wf cmd="tag" pos="NN">color</wf>
<wf cmd="ignore" pos="IN">of</wf>
<wf cmd="ignore" pos="DT">the</wf>
<wf cmd="tag" pos="NN">skin</wf>
<punc>,</punc>
<wf cmd="ignore" pos="DT">a</wf>
<wf cmd="ignore" pos="FW">ghazal</wf>
<wf cmd="ignore" pos="IN">from</wf>
<wf cmd="tag" pos="NNP">Hafiz</wf>
<punc>,</punc>
<wf cmd="ignore" pos="DT">the</wf>
<wf cmd="tag" pos="NN">purity</wf>
<wf cmd="ignore" pos="IN">of</wf>
<wf cmd="tag" pos="NN">spring_water</wf>
<punc>,</punc>
<wf cmd="ignore" pos="DT">the</wf>
<wf cmd="tag" pos="JJ">long</wf>
<wf cmd="tag" pos="NN">afternoon</wf>
<wf cmd="ignore" pos="IN">among</wf>
<wf cmd="ignore" pos="DT">the</wf>
<wf cmd="tag" pos="NNS">boughs</wf>
<wf cmd="ignore" pos="WDT">which</wf>
<wf cmd="tag" pos="NN">crowd</wf>
<wf cmd="ignore" pos="DT">the</wf>
<wf cmd="tag" pos="JJ">upper</wf>
<wf cmd="tag" pos="NN">story</wf>
<wf cmd="ignore" pos="IN">of</wf>
<wf cmd="ignore" pos="DT">a</wf>
<wf cmd="tag" pos="NN">pavilion</wf>
<punc>-</punc>
<wf cmd="ignore" pos="DT">these</wf>
<wf cmd="tag" pos="NNS">things</wf>
<wf cmd="done" pos="VBP" ot="notag">are</wf>
<wf cmd="done" pos="VB" lemma="notice" wnsn="2" lexsn="2:39:00::">noticed</wf>
<punc>,</punc>
<wf cmd="done" pos="VB" lemma="judge" wnsn="2" lexsn="2:31:00::">judged</wf>
<punc>,</punc>
<wf cmd="ignore" pos="CC">and</wf>
<wf cmd="done" pos="VB" lemma="value" wnsn="2" lexsn="2:40:00::">valued</wf>
<punc>.</punc>
</s>
</p>
<p pnum="9">
<s snum="39">
<wf cmd="tag" pos="RB">Nowhere</wf>
<wf cmd="ignore" pos="IN">in</wf>
<wf cmd="tag" pos="NNP">Isfahan</wf>
<wf cmd="done" pos="VBZ" ot="notag">is</wf>
<wf cmd="ignore" pos="DT">this</wf>
<wf cmd="tag" pos="JJ">rich</wf>
<wf cmd="tag" pos="JJ">aesthetic</wf>
<wf cmd="tag" pos="NN">life</wf>
<wf cmd="ignore" pos="IN">of</wf>
<wf cmd="ignore" pos="DT">the</wf>
<wf cmd="tag" pos="NNPS">Persians</wf>
<wf cmd="done" pos="VB" lemma="show" wnsn="3" lexsn="2:32:00::">shown</wf>
<wf cmd="tag" pos="RB">so</wf>
<wf cmd="tag" pos="RB">well</wf>
<wf cmd="ignore" pos="IN">as</wf>
<wf cmd="ignore" pos="IN">during</wf>
<wf cmd="ignore" pos="DT">the</wf>
<wf cmd="tag" pos="NN">promenade</wf>
<wf cmd="ignore" pos="IN">at</wf>
<wf cmd="ignore" pos="DT">the</wf>
<wf cmd="tag" pos="NNP">Khaju</wf>
<wf cmd="tag" pos="NN">bridge</wf>
<punc>.</punc>
</s>
<s snum="40">
<wf cmd="ignore" pos="EX">There</wf>
<wf cmd="done" pos="VBZ" ot="notag">has</wf>
<wf cmd="tag" pos="RB">probably</wf>
<wf cmd="tag" pos="RB">always</wf>
<wf cmd="done" pos="VB" lemma="be" wnsn="5" lexsn="2:42:04::">been</wf>
<wf cmd="ignore" pos="DT">a</wf>
<wf cmd="tag" pos="NN">bridge</wf>
<wf cmd="ignore" pos="IN">of</wf>
<wf cmd="ignore" pos="DT">some</wf>
<wf cmd="tag" pos="NN">sort</wf>
<wf cmd="ignore" pos="IN">at</wf>
<wf cmd="ignore" pos="DT">the</wf>
<wf cmd="tag" pos="JJ">southeastern</wf>
<wf cmd="tag" pos="NN">corner</wf>
<wf cmd="ignore" pos="IN">of</wf>
<wf cmd="ignore" pos="DT">the</wf>
<wf cmd="tag" pos="NN">city</wf>
<punc>.</punc>
</s>
<s snum="41">
<wf cmd="tag" pos="RB">For_one_thing</wf>
<punc>,</punc>
<wf cmd="ignore" pos="EX">there</wf>
<wf cmd="done" pos="VB" lemma="be" wnsn="5" lexsn="2:42:04::">is</wf>
<wf cmd="ignore" pos="DT">a</wf>
<wf cmd="tag" pos="JJ">natural</wf>
<wf cmd="tag" pos="NN">belt</wf>
<wf cmd="ignore" pos="IN">of</wf>
<wf cmd="tag" pos="NN">rock</wf>
<wf cmd="ignore" pos="IN">across</wf>
<wf cmd="ignore" pos="DT">the</wf>
<wf cmd="tag" pos="NN">river_bed</wf>
<punc>;</punc>
<wf cmd="ignore" pos="IN">for</wf>
<wf cmd="ignore" pos="DT">another</wf>
<punc>,</punc>
<wf cmd="ignore" pos="PRP">it</wf>
<wf cmd="done" pos="VBD" ot="notag">was</wf>
<wf cmd="tag" pos="RB">here</wf>
<wf cmd="ignore" pos="IN">that</wf>
<wf cmd="tag" pos="CD">one</wf>
<wf cmd="ignore" pos="IN">of</wf>
<wf cmd="ignore" pos="DT">the</wf>
<wf cmd="tag" pos="JJ">old</wf>
<wf cmd="tag" pos="NN">caravan</wf>
<wf cmd="tag" pos="NNS">routes</wf>
<wf cmd="done" pos="VB" lemma="come_in" wnsn="1" lexsn="2:38:02::">came_in</wf>
<punc>.</punc>
</s>
<s snum="42">
<wf cmd="ignore" pos="PRP">It</wf>
<wf cmd="done" pos="VBD" ot="notag">was</wf>
<wf cmd="ignore" pos="TO">to</wf>
<wf cmd="done" pos="VB" lemma="provide" wnsn="1" lexsn="2:40:00::">provide</wf>
<wf cmd="ignore" pos="DT">a</wf>
<wf cmd="tag" pos="JJ">safe</wf>
<wf cmd="ignore" pos="CC">and</wf>
<wf cmd="tag" pos="JJ">spacious</wf>
<wf cmd="tag" pos="NN">crossing</wf>
<wf cmd="ignore" pos="IN">for</wf>
<wf cmd="ignore" pos="DT">these</wf>
<wf cmd="tag" pos="NNS">caravans</wf>
<punc>,</punc>
<wf cmd="ignore" pos="CC">and</wf>
<wf cmd="tag" pos="RB">also</wf>
<wf cmd="ignore" pos="TO">to</wf>
<wf cmd="done" pos="VB" lemma="make" wnsn="3" lexsn="2:36:00::">make</wf>
<wf cmd="ignore" pos="DT">a</wf>
<wf cmd="tag" pos="NN">pleasance</wf>
<wf cmd="ignore" pos="IN">for</wf>
<wf cmd="ignore" pos="DT">the</wf>
<wf cmd="tag" pos="NN">city</wf>
<punc>,</punc>
<wf cmd="ignore" pos="IN">that</wf>
<wf cmd="tag" pos="NNP">Shah_Abbas</wf>
<wf cmd="tag" pos="CD">2</wf>
<punc>,</punc>
<wf cmd="ignore" pos="IN">in</wf>
<wf cmd="ignore" pos="IN">about</wf>
<wf cmd="tag" pos="CD">1657</wf>
<wf cmd="done" pos="VB" lemma="build" wnsn="1" lexsn="2:36:00::">built</wf>
<punc>,</punc>
<wf cmd="ignore" pos="IN">of</wf>
<wf cmd="tag" pos="JJ">sun-baked</wf>
<wf cmd="tag" pos="NN">brick</wf>
<punc>,</punc>
<wf cmd="tag" pos="NN">tile</wf>
<punc>,</punc>
<wf cmd="ignore" pos="CC">and</wf>
<wf cmd="tag" pos="NN">stone</wf>
<punc>,</punc>
<wf cmd="ignore" pos="DT">the</wf>
<wf cmd="tag" pos="JJ">present</wf>
<wf cmd="tag" pos="NN">bridge</wf>
<punc>.</punc>
</s>
<s snum="43">
<wf cmd="ignore" pos="PRP">It</wf>
<wf cmd="done" pos="VB" lemma="be" wnsn="1" lexsn="2:42:03::">is</wf>
<wf cmd="ignore" pos="DT">a</wf>
<wf cmd="tag" pos="JJ">splendid</wf>
<wf cmd="tag" pos="NN">structure</wf>
<punc>.</punc>
</s>
<s snum="44">
<wf cmd="ignore" pos="IN">From</wf>
<wf cmd="tag" pos="RB">upstream</wf>
<wf cmd="ignore" pos="PRP">it</wf>
<wf cmd="done" pos="VB" lemma="look_like" wnsn="1" lexsn="2:42:00::">looks_like</wf>
<wf cmd="ignore" pos="DT">a</wf>
<wf cmd="tag" pos="JJ">long</wf>
<wf cmd="tag" pos="JJ">arcaded</wf>
<wf cmd="tag" pos="NN">box</wf>
<wf cmd="done" pos="VB" lemma="lay" wnsn="2" lexsn="2:35:00::">laid</wf>
<wf cmd="ignore" pos="IN">across</wf>
<wf cmd="ignore" pos="DT">the</wf>
<wf cmd="tag" pos="NN">river</wf>
<punc>;</punc>
<wf cmd="ignore" pos="IN">from</wf>
<wf cmd="tag" pos="RB">downstream</wf>
<punc>,</punc>
<wf cmd="ignore" pos="WRB">where</wf>
<wf cmd="ignore" pos="DT">the</wf>
<wf cmd="tag" pos="NN">water_level</wf>
<wf cmd="done" pos="VB" lemma="be" wnsn="1" lexsn="2:42:03::">is</wf>
<wf cmd="tag" pos="RB">much</wf>
<wf cmd="tag" pos="JJR">lower</wf>
<punc>,</punc>
<wf cmd="ignore" pos="PRP">it</wf>
<wf cmd="done" pos="VB" lemma="be" wnsn="1" lexsn="2:42:03::">is</wf>
<wf cmd="ignore" pos="DT">a</wf>
<wf cmd="tag" pos="JJ">high</wf>
<punc>,</punc>
<wf cmd="tag" pos="RB">elaborately</wf>
<wf cmd="tag" pos="JJ">facaded</wf>
<wf cmd="tag" pos="NN">pavilion</wf>
<punc>.</punc>
</s>
</p>
<p pnum="10">
<s snum="45">
<wf cmd="ignore" pos="DT">The</wf>
<wf cmd="tag" pos="JJ">top</wf>
<wf cmd="tag" pos="NN">story</wf>
<wf cmd="done" pos="VB" lemma="contain" wnsn="1" lexsn="2:42:00::">contains</wf>
<wf cmd="tag" pos="RB">more_than</wf>
<wf cmd="tag" pos="CD">thirty</wf>
<wf cmd="tag" pos="NNS">alcoves</wf>
<wf cmd="done" pos="VB" lemma="separate" wnsn="5" lexsn="2:35:02::">separated</wf>
<wf cmd="ignore" pos="IN">from</wf>
<wf cmd="ignore" pos="DT">each</wf>
<wf cmd="tag" pos="NN">other</wf>
<wf cmd="ignore" pos="IN">by</wf>
<wf cmd="tag" pos="NNS">spandrels</wf>
<wf cmd="ignore" pos="IN">of</wf>
<wf cmd="tag" pos="JJ">blue</wf>
<wf cmd="ignore" pos="CC">and</wf>
<wf cmd="tag" pos="JJ">yellow</wf>
<wf cmd="tag" pos="NN">tile</wf>
<punc>.</punc>
</s>
<s snum="46">
<wf cmd="ignore" pos="IN">At</wf>
<wf cmd="ignore" pos="DT">either</wf>
<wf cmd="tag" pos="NN">end</wf>
<wf cmd="ignore" pos="CC">and</wf>
<wf cmd="tag" pos="RB">in_the_center</wf>
<wf cmd="ignore" pos="EX">there</wf>
<wf cmd="done" pos="VB" lemma="be" wnsn="5" lexsn="2:42:04::">are</wf>
<wf cmd="tag" pos="NNS">bays</wf>
<wf cmd="ignore" pos="WDT">which</wf>
<wf cmd="done" pos="VB" lemma="contain" wnsn="1" lexsn="2:42:00::">contain</wf>
<wf cmd="tag" pos="CD">nine</wf>
<wf cmd="tag" pos="JJR">greater</wf>
<wf cmd="tag" pos="NNS">alcoves</wf>
<wf cmd="ignore" pos="IN">as</wf>
<wf cmd="tag" pos="JJ">frescoed</wf>
<wf cmd="ignore" pos="CC">and</wf>
<wf cmd="tag" pos="JJ">capacious</wf>
<wf cmd="ignore" pos="IN">as</wf>
<wf cmd="tag" pos="NN">church</wf>
<wf cmd="tag" pos="NNS">apses</wf>
<punc>.</punc>
</s>
<s snum="47">
<wf cmd="tag" pos="RB">Here</wf>
<punc>,</punc>
<wf cmd="ignore" pos="IN">in</wf>
<wf cmd="ignore" pos="DT">the</wf>
<wf cmd="tag" pos="JJ">old</wf>
<wf cmd="tag" pos="NNS">days</wf>
<punc>-</punc>
<wf cmd="ignore" pos="WRB">when</wf>
<wf cmd="ignore" pos="PRP">they</wf>
<wf cmd="done" pos="VBD" ot="notag">had</wf>
<wf cmd="done" pos="VB" lemma="come" wnsn="1" lexsn="2:38:00::">come</wf>
<wf cmd="done" pos="VB" ot="notag">to</wf>
<wf cmd="done" pos="VB" lemma="see" wnsn="1" lexsn="2:39:00::">see</wf>
<wf cmd="ignore" pos="DT">the</wf>
<wf cmd="tag" pos="NN">moon</wf>
<wf cmd="ignore" pos="CC">or</wf>
<wf cmd="tag" pos="NNS">displays</wf>
<wf cmd="ignore" pos="IN">of</wf>
<wf cmd="tag" pos="NNS">fireworks</wf>
<punc>-</punc>
<wf cmd="done" pos="VB" lemma="sit" wnsn="1" lexsn="2:35:00::">sat</wf>
<wf cmd="ignore" pos="DT">the</wf>
<wf cmd="tag" pos="NN">king</wf>
<wf cmd="ignore" pos="CC">and</wf>
<wf cmd="ignore" pos="PRP$">his</wf>
<wf cmd="tag" pos="NN">court</wf>
<wf cmd="ignore" pos="IN">while</wf>
<wf cmd="tag" pos="NNS">priests</wf>
<punc>,</punc>
<wf cmd="tag" pos="NNS">soldiers</wf>
<punc>,</punc>
<wf cmd="ignore" pos="CC">and</wf>
<wf cmd="tag" pos="JJ">other</wf>
<wf cmd="tag" pos="NNS">members</wf>
<wf cmd="ignore" pos="IN">of</wf>
<wf cmd="ignore" pos="DT">the</wf>
<wf cmd="tag" pos="NN">party</wf>
<wf cmd="done" pos="VB" lemma="lounge" wnsn="1" lexsn="2:35:00::">lounged</wf>
<wf cmd="ignore" pos="IN">in</wf>
<wf cmd="ignore" pos="DT">the</wf>
<wf cmd="tag" pos="RBR">smaller</wf>
<wf cmd="tag" pos="NNS">alcoves</wf>
<wf cmd="tag" pos="RB">between</wf>
<punc>.</punc>
</s>
</p>
<p pnum="11">
<s snum="48">
<wf cmd="tag" pos="RB">Below</wf>
<punc>,</punc>
<wf cmd="tag" pos="CD">twenty</wf>
<wf cmd="tag" pos="NNS">vaults</wf>
<wf cmd="done" pos="VB" lemma="tunnel" wnsn="1" lexsn="2:38:00::">tunnel</wf>
<wf cmd="ignore" pos="IN">through</wf>
<wf cmd="ignore" pos="DT">the</wf>
<wf cmd="tag" pos="NN">understructure</wf>
<wf cmd="ignore" pos="IN">of</wf>
<wf cmd="ignore" pos="DT">the</wf>
<wf cmd="tag" pos="NN">bridge</wf>
<punc>.</punc>
</s>
<s snum="49">
<wf cmd="ignore" pos="DT">These</wf>
<wf cmd="done" pos="VBP" ot="notag">are</wf>
<wf cmd="done" pos="VB" lemma="traverse" wnsn="2" lexsn="2:42:00::">traversed</wf>
<wf cmd="ignore" pos="IN">by</wf>
<wf cmd="ignore" pos="DT">another</wf>
<wf cmd="tag" pos="NN">line</wf>
<wf cmd="ignore" pos="IN">of</wf>
<wf cmd="tag" pos="NNS">vaults</wf>
<punc>,</punc>
<wf cmd="ignore" pos="CC">and</wf>
<wf cmd="tag" pos="RB">thus</wf>
<wf cmd="tag" pos="NNS">rooms</wf>
<punc>,</punc>
<wf cmd="done" pos="VB" lemma="arch" wnsn="1" lexsn="2:38:00::">arched</wf>
<wf cmd="ignore" pos="IN">on</wf>
<wf cmd="ignore" pos="DT">all</wf>
<wf cmd="tag" pos="CD">four</wf>
<wf cmd="tag" pos="NNS">sides</wf>
<punc>,</punc>
<wf cmd="done" pos="VBP" ot="notag">are</wf>
<wf cmd="done" pos="VB" lemma="form" wnsn="2" lexsn="2:42:00::">formed</wf>
<punc>.</punc>
</s>
<s snum="50">
<wf cmd="ignore" pos="IN">Down</wf>
<wf cmd="ignore" pos="IN">through</wf>
<wf cmd="ignore" pos="DT">the</wf>
<wf cmd="tag" pos="NN">axis</wf>
<wf cmd="ignore" pos="IN">of</wf>
<wf cmd="ignore" pos="DT">the</wf>
<wf cmd="tag" pos="NN">bridge</wf>
<wf cmd="ignore" pos="EX">there</wf>
<wf cmd="done" pos="VB" lemma="be" wnsn="5" lexsn="2:42:04::">is</wf>
<wf cmd="ignore" pos="DT">a</wf>
<wf cmd="tag" pos="JJ">long</wf>
<wf cmd="tag" pos="JJ">diminishing</wf>
<wf cmd="tag" pos="NN">vista</wf>
<wf cmd="ignore" pos="IN">like</wf>
<wf cmd="ignore" pos="DT">a</wf>
<wf cmd="tag" pos="JJ">visual</wf>
<wf cmd="tag" pos="NN">echo</wf>
<wf cmd="ignore" pos="IN">of</wf>
<wf cmd="tag" pos="NNS">piers</wf>
<wf cmd="ignore" pos="CC">and</wf>
<wf cmd="tag" pos="NNS">arches</wf>
<punc>,</punc>
<wf cmd="ignore" pos="IN">while</wf>
<wf cmd="ignore" pos="DT">the</wf>
<wf cmd="tag" pos="NNS">vaults</wf>
<wf cmd="done" pos="VB" lemma="front" wnsn="1" lexsn="2:42:00::">fronting</wf>
<wf cmd="tag" pos="RB">upstream</wf>
<wf cmd="ignore" pos="CC">and</wf>
<wf cmd="tag" pos="RB">down</wf>
<wf cmd="done" pos="VB" lemma="frame" wnsn="2" lexsn="2:42:00::">frame</wf>
<wf cmd="ignore" pos="DT">the</wf>
<wf cmd="tag" pos="NN">sunset</wf>
<wf cmd="ignore" pos="CC">and</wf>
<wf cmd="tag" pos="NN">sunrise</wf>
<punc>,</punc>
<wf cmd="ignore" pos="DT">the</wf>
<wf cmd="tag" pos="NNS">mountains</wf>
<wf cmd="ignore" pos="CC">and</wf>
<wf cmd="tag" pos="NN">river</wf>
<wf cmd="tag" pos="NNS">pools</wf>
<punc>.</punc>
</s>
<s snum="51">
<wf cmd="tag" pos="RB">Here</wf>
<punc>,</punc>
<wf cmd="ignore" pos="IN">on</wf>
<wf cmd="ignore" pos="DT">the</wf>
<wf cmd="tag" pos="JJS">hottest</wf>
<wf cmd="tag" pos="NN">day</wf>
<punc>,</punc>
<wf cmd="ignore" pos="PRP">it</wf>
<wf cmd="done" pos="VB" lemma="be" wnsn="1" lexsn="2:42:03::">is</wf>
<wf cmd="tag" pos="JJ">cool</wf>
<wf cmd="ignore" pos="IN">beneath</wf>
<wf cmd="ignore" pos="DT">the</wf>
<wf cmd="tag" pos="NN">stone</wf>
<wf cmd="ignore" pos="CC">and</wf>
<wf cmd="tag" pos="JJ">fresh</wf>
<wf cmd="ignore" pos="IN">from</wf>
<wf cmd="ignore" pos="DT">the</wf>
<wf cmd="tag" pos="NN">water</wf>
<wf cmd="done" pos="VB" lemma="flow" wnsn="2" lexsn="2:38:00::">flowing</wf>
<wf cmd="ignore" pos="IN">in</wf>
<wf cmd="ignore" pos="DT">the</wf>
<wf cmd="tag" pos="NNS">sluices</wf>
<wf cmd="ignore" pos="IN">at</wf>
<wf cmd="ignore" pos="DT">the</wf>
<wf cmd="tag" pos="NN">bottom</wf>
<wf cmd="ignore" pos="IN">of</wf>
<wf cmd="ignore" pos="DT">the</wf>
<wf cmd="tag" pos="NNS">vaults</wf>
<punc>.</punc>
</s>
</p>
<p pnum="12">
<s snum="52">
<wf cmd="ignore" pos="IN">On</wf>
<wf cmd="ignore" pos="DT">the</wf>
<wf cmd="tag" pos="RB">downstream</wf>
<punc>,</punc>
<wf cmd="ignore" pos="CC">or</wf>
<punc>``</punc>
<wf cmd="tag" pos="NN">pavilion</wf>
<punc>''</punc>
<punc>,</punc>
<wf cmd="tag" pos="NN">side</wf>
<wf cmd="ignore" pos="DT">these</wf>
<wf cmd="tag" pos="NNS">vaults</wf>
<wf cmd="done" pos="VB" lemma="give" wnsn="23" lexsn="2:38:00::">give</wf>
<wf cmd="done" pos="VB" ot="notag">out</wf>
<wf cmd="ignore" pos="IN">onto</wf>
<wf cmd="tag" pos="NNS">terraces</wf>
<wf cmd="tag" pos="RB">twice_as</wf>
<wf cmd="tag" pos="JJ">wide</wf>
<wf cmd="ignore" pos="IN">as</wf>
<wf cmd="ignore" pos="DT">the</wf>
<wf cmd="tag" pos="NN">bridge</wf>
<wf cmd="ignore" pos="PRP">itself</wf>
<punc>.</punc>
</s>
<s snum="53">
<wf cmd="ignore" pos="IN">From</wf>
<wf cmd="ignore" pos="DT">the</wf>
<wf cmd="tag" pos="NNS">terraces</wf>
<punc>-</punc>
<wf cmd="tag" pos="CD">eighteen</wf>
<wf cmd="tag" pos="RB">in_all</wf>
<punc>-</punc>
<wf cmd="tag" pos="JJ">broad</wf>
<wf cmd="tag" pos="NN">flights_of_steps</wf>
<wf cmd="done" pos="VB" lemma="descend" wnsn="1" lexsn="2:38:00::">descend</wf>
<wf cmd="ignore" pos="IN">into</wf>
<wf cmd="ignore" pos="DT">the</wf>
<wf cmd="tag" pos="NN">water</wf>
<wf cmd="ignore" pos="CC">or</wf>
<wf cmd="ignore" pos="IN">onto</wf>
<wf cmd="tag" pos="RB">still</wf>
<wf cmd="tag" pos="RBR">more</wf>
<wf cmd="tag" pos="NNS">terraces</wf>
<wf cmd="tag" pos="RB">barely</wf>
<wf cmd="ignore" pos="IN">above</wf>
<wf cmd="ignore" pos="DT">the</wf>
<wf cmd="tag" pos="NN">level</wf>
<wf cmd="ignore" pos="IN">of</wf>
<wf cmd="ignore" pos="DT">the</wf>
<wf cmd="tag" pos="NN">river</wf>
<punc>.</punc>
</s>
<s snum="54">
<wf cmd="ignore" pos="IN">Out</wf>
<wf cmd="ignore" pos="IN">of</wf>
<wf cmd="tag" pos="NN">water</wf>
<punc>,</punc>
<wf cmd="tag" pos="NN">brick</wf>
<punc>,</punc>
<wf cmd="ignore" pos="CC">and</wf>
<wf cmd="tag" pos="NN">tile</wf>
<wf cmd="ignore" pos="PRP">they</wf>
<wf cmd="done" pos="VBP" ot="notag">have</wf>
<wf cmd="done" pos="VB" lemma="make" wnsn="3" lexsn="2:36:00::">made</wf>
<wf cmd="tag" pos="RB">far</wf>
<wf cmd="tag" pos="RB">more_than</wf>
<wf cmd="tag" pos="RB">just</wf>
<wf cmd="ignore" pos="DT">a</wf>
<wf cmd="tag" pos="NN">bridge</wf>
<punc>.</punc>
</s>
</p>
<p pnum="13">
<s snum="55">
<wf cmd="ignore" pos="IN">On</wf>
<wf cmd="tag" pos="NN">spring</wf>
<wf cmd="ignore" pos="CC">and</wf>
<wf cmd="tag" pos="NN">summer</wf>
<wf cmd="tag" pos="NNS">evenings</wf>
<wf cmd="tag" pos="NNS">people</wf>
<wf cmd="done" pos="VB" lemma="leave" wnsn="1" lexsn="2:38:01::">leave</wf>
<wf cmd="ignore" pos="PRP$">their</wf>
<wf cmd="tag" pos="NNS">shops</wf>
<wf cmd="ignore" pos="CC">and</wf>
<wf cmd="tag" pos="NNS">houses</wf>
<wf cmd="ignore" pos="CC">and</wf>
<wf cmd="done" pos="VB" lemma="walk" wnsn="1" lexsn="2:38:00::">walk</wf>
<wf cmd="tag" pos="RB">up</wf>
<wf cmd="ignore" pos="IN">through</wf>
<wf cmd="ignore" pos="DT">the</wf>
<wf cmd="tag" pos="NNS">lanes</wf>
<wf cmd="ignore" pos="IN">of</wf>
<wf cmd="ignore" pos="DT">the</wf>
<wf cmd="tag" pos="NN">city</wf>
<wf cmd="ignore" pos="TO">to</wf>
<wf cmd="ignore" pos="DT">the</wf>
<wf cmd="tag" pos="NN">bridge</wf>
<punc>.</punc>
</s>
<s snum="56">
<wf cmd="ignore" pos="PRP">It</wf>
<wf cmd="done" pos="VB" lemma="be" wnsn="1" lexsn="2:42:03::">is</wf>
<wf cmd="ignore" pos="DT">a</wf>
<wf cmd="tag" pos="JJ">great</wf>
<wf cmd="tag" pos="NN">spectacle</wf>
<punc>.</punc>
</s>
<s snum="57">
<wf cmd="ignore" pos="DT">The</wf>
<wf cmd="tag" pos="NN">bridge</wf>
<wf cmd="ignore" pos="PRP">itself</wf>
<wf cmd="done" pos="VB" lemma="rise" wnsn="1" lexsn="2:38:00::">rises</wf>
<wf cmd="tag" pos="RB">up</wf>
<wf cmd="ignore" pos="IN">from</wf>
<wf cmd="ignore" pos="DT">the</wf>
<wf cmd="tag" pos="NN">river</wf>
<punc>,</punc>
<wf cmd="tag" pos="JJ">light-flared</wf>
<wf cmd="ignore" pos="CC">and</wf>
<wf cmd="tag" pos="JJ">enormous</wf>
<punc>,</punc>
<wf cmd="ignore" pos="IN">like</wf>
<wf cmd="ignore" pos="DT">the</wf>
<wf cmd="tag" pos="JJ">outdoor</wf>
<wf cmd="tag" pos="JJ">set</wf>
<wf cmd="ignore" pos="IN">for</wf>
<wf cmd="ignore" pos="DT">an</wf>
<wf cmd="tag" pos="NN">epic</wf>
<wf cmd="tag" pos="NN">opera</wf>
<punc>.</punc>
</s>
<s snum="58">
<wf cmd="tag" pos="NNS">Crowds</wf>
<wf cmd="done" pos="VB" lemma="press" wnsn="6" lexsn="2:38:00::">press</wf>
<wf cmd="ignore" pos="IN">along</wf>
<wf cmd="ignore" pos="DT">the</wf>
<wf cmd="tag" pos="NNS">terraces</wf>
<punc>,</punc>
<wf cmd="tag" pos="RB">down</wf>
<wf cmd="ignore" pos="DT">the</wf>
<wf cmd="tag" pos="NNS">steps</wf>
<punc>,</punc>
<wf cmd="tag" pos="RB">in</wf>
<wf cmd="ignore" pos="CC">and</wf>
<wf cmd="ignore" pos="IN">out</wf>
<wf cmd="ignore" pos="IN">of</wf>
<wf cmd="ignore" pos="DT">the</wf>
<wf cmd="tag" pos="NNS">arcades</wf>
<punc>,</punc>
<wf cmd="done" pos="VB" lemma="mass" wnsn="1" lexsn="2:38:00::">massing</wf>
<wf cmd="ignore" pos="IN">against</wf>
<wf cmd="ignore" pos="PRP">it</wf>
<wf cmd="ignore" pos="IN">as</wf>
<wf cmd="ignore" pos="IN">though</wf>
<wf cmd="ignore" pos="PRP">it</wf>
<wf cmd="done" pos="VB" lemma="be" wnsn="1" lexsn="2:42:03::">were</wf>
<wf cmd="ignore" pos="DT">a</wf>
<wf cmd="tag" pos="NN">fortress</wf>
<wf cmd="ignore" pos="IN">under</wf>
<wf cmd="tag" pos="NN">siege</wf>
<punc>.</punc>
</s>
<s snum="59">
<wf cmd="ignore" pos="DT">All</wf>
<wf cmd="tag" pos="NNS">kinds</wf>
<wf cmd="done" pos="VB" lemma="come" wnsn="1" lexsn="2:38:00::">come</wf>
<wf cmd="done" pos="VB" ot="notag">to</wf>
<wf cmd="done" pos="VB" lemma="walk" wnsn="1" lexsn="2:38:00::">walk</wf>
<wf cmd="ignore" pos="IN">in</wf>
<wf cmd="ignore" pos="DT">the</wf>
<wf cmd="tag" pos="NN">promenade</wf>
<punc>:</punc>
</s>
<s snum="60">
<wf cmd="tag" pos="NNS">merchants</wf>
<wf cmd="ignore" pos="IN">from</wf>
<wf cmd="ignore" pos="DT">the</wf>
<wf cmd="tag" pos="NN">bazaar</wf>
<wf cmd="done" pos="VB" lemma="bicker" wnsn="1" lexsn="2:32:00::">bickering</wf>
<wf cmd="ignore" pos="IN">over</wf>
<wf cmd="ignore" pos="DT">a</wf>
<wf cmd="tag" pos="NN">deal</wf>
<punc>;</punc>
<wf cmd="ignore" pos="DT">a</wf>
<wf cmd="tag" pos="NNP">Bakhtiari</wf>
<wf cmd="ignore" pos="FW">khan</wf>
<wf cmd="ignore" pos="IN">in</wf>
<wf cmd="ignore" pos="DT">a</wf>
<wf cmd="tag" pos="NN">cap</wf>
<wf cmd="ignore" pos="CC">and</wf>
<wf cmd="tag" pos="JJ">hacking</wf>
<wf cmd="tag" pos="NN">jacket</wf>
<punc>;</punc>
<wf cmd="tag" pos="NNS">dervishes</wf>
<wf cmd="ignore" pos="WP">who</wf>
<wf cmd="done" pos="VB" lemma="stand" wnsn="1" lexsn="2:35:00::">stand</wf>
<wf cmd="ignore" pos="IN">with</wf>
<wf cmd="ignore" pos="DT">the</wf>
<wf cmd="tag" pos="NN">stillness</wf>
<wf cmd="ignore" pos="IN">of</wf>
<wf cmd="ignore" pos="DT">the</wf>
<wf cmd="tag" pos="JJ">blind</wf>
<punc>,</punc>
<wf cmd="ignore" pos="PRP$">their</wf>
<wf cmd="tag" pos="NNS">eyes</wf>
<wf cmd="tag" pos="JJ">filmed</wf>
<wf cmd="ignore" pos="IN">with</wf>
<wf cmd="tag" pos="NN">rheum</wf>
<wf cmd="ignore" pos="CC">and</wf>
<wf cmd="tag" pos="NNS">visions</wf>
<punc>;</punc>
<wf cmd="ignore" pos="DT">the</wf>
<wf cmd="tag" pos="JJ">old</wf>
<wf cmd="tag" pos="NNP">Kajar</wf>
<wf cmd="tag" pos="NNS">princes</wf>
<wf cmd="done" pos="VB" lemma="arrive" wnsn="1" lexsn="2:38:00::">arriving</wf>
<wf cmd="ignore" pos="IN">in</wf>
<wf cmd="ignore" pos="PRP$">their</wf>
<wf cmd="tag" pos="JJ">ancient</wf>
<wf cmd="tag" pos="NNS">limousines</wf>
<punc>;</punc>
<wf cmd="tag" pos="NNS">students</wf>
<punc>,</punc>
<wf cmd="tag" pos="NN">civil_servants</wf>
<punc>,</punc>
<wf cmd="tag" pos="NNS">beggars</wf>
<punc>,</punc>
<wf cmd="tag" pos="NNS">musicians</wf>
<punc>,</punc>
<wf cmd="tag" pos="NNS">hawkers</wf>
<punc>,</punc>
<wf cmd="ignore" pos="CC">and</wf>
<wf cmd="tag" pos="NNS">clowns</wf>
<punc>.</punc>
</s>
<s snum="61">
<wf cmd="tag" pos="NNS">Families</wf>
<wf cmd="done" pos="VB" lemma="go" wnsn="1" lexsn="2:38:00::">go</wf>
<wf cmd="tag" pos="RB">out</wf>
<wf cmd="ignore" pos="TO">to</wf>
<wf cmd="ignore" pos="DT">the</wf>
<wf cmd="tag" pos="NN">edge</wf>
<wf cmd="ignore" pos="IN">of</wf>
<wf cmd="ignore" pos="DT">the</wf>
<wf cmd="tag" pos="NNS">terraces</wf>
<wf cmd="ignore" pos="TO">to</wf>
<wf cmd="done" pos="VB" lemma="sit" wnsn="1" lexsn="2:35:00::">sit</wf>
<wf cmd="ignore" pos="IN">on</wf>
<wf cmd="tag" pos="NNS">carpets</wf>
<wf cmd="ignore" pos="IN">around</wf>
<wf cmd="ignore" pos="DT">a</wf>
<wf cmd="ignore" pos="FW">samovar</wf>
<punc>.</punc>
</s>
<s snum="62">
<wf cmd="tag" pos="RB">Below</wf>
<punc>,</punc>
<wf cmd="tag" pos="NNS">people</wf>
<wf cmd="done" pos="VB" lemma="line" wnsn="1" lexsn="2:42:00::">line</wf>
<wf cmd="ignore" pos="DT">the</wf>
<wf cmd="tag" pos="NNS">steps</wf>
<punc>,</punc>
<wf cmd="ignore" pos="IN">as</wf>
<wf cmd="tag" pos="RB">though</wf>
<wf cmd="ignore" pos="IN">on</wf>
<wf cmd="tag" pos="NNS">bleachers</wf>
<punc>,</punc>
<wf cmd="ignore" pos="TO">to</wf>
<wf cmd="done" pos="VB" lemma="watch" wnsn="1" lexsn="2:39:00::">watch</wf>
<wf cmd="ignore" pos="DT">the</wf>
<wf cmd="tag" pos="NN">sky</wf>
<wf cmd="ignore" pos="CC">and</wf>
<wf cmd="tag" pos="NN">river</wf>
<punc>.</punc>
</s>
<s snum="63">
<wf cmd="tag" pos="RB">Above</wf>
<punc>,</punc>
<wf cmd="ignore" pos="IN">in</wf>
<wf cmd="ignore" pos="DT">the</wf>
<wf cmd="tag" pos="JJ">tiled</wf>
<wf cmd="tag" pos="NNS">prosceniums</wf>
<wf cmd="ignore" pos="IN">of</wf>
<wf cmd="ignore" pos="DT">the</wf>
<wf cmd="tag" pos="NNS">alcoves</wf>
<punc>,</punc>
<wf cmd="tag" pos="NNS">boys</wf>
<wf cmd="done" pos="VB" lemma="sing" wnsn="1" lexsn="2:36:01::">sing</wf>
<wf cmd="ignore" pos="DT">the</wf>
<wf cmd="ignore" pos="FW">ghazals</wf>
<wf cmd="ignore" pos="IN">of</wf>
<wf cmd="tag" pos="NNP">Hafiz</wf>
<wf cmd="ignore" pos="CC">and</wf>
<wf cmd="tag" pos="NNP">Saadi</wf>
<punc>,</punc>
<wf cmd="ignore" pos="IN">while</wf>
<wf cmd="ignore" pos="IN">at</wf>
<wf cmd="ignore" pos="DT">the</wf>
<wf cmd="tag" pos="JJ">very</wf>
<wf cmd="tag" pos="NN">bottom</wf>
<punc>,</punc>
<wf cmd="ignore" pos="IN">in</wf>
<wf cmd="ignore" pos="DT">the</wf>
<wf cmd="tag" pos="NNS">vaults</wf>
<punc>,</punc>
<wf cmd="ignore" pos="DT">the</wf>
<wf cmd="tag" pos="NNS">toughs</wf>
<wf cmd="ignore" pos="CC">and</wf>
<wf cmd="tag" pos="NNS">blades</wf>
<wf cmd="ignore" pos="IN">of</wf>
<wf cmd="ignore" pos="DT">the</wf>
<wf cmd="tag" pos="NN">city</wf>
<wf cmd="done" pos="VB" lemma="hoot" wnsn="1" lexsn="2:32:00::">hoot</wf>
<wf cmd="ignore" pos="CC">and</wf>
<wf cmd="done" pos="VB" lemma="bang" wnsn="1" lexsn="2:35:00::">bang</wf>
<wf cmd="ignore" pos="PRP$">their</wf>
<wf cmd="tag" pos="NNS">drums</wf>
<punc>,</punc>
<wf cmd="done" pos="VB" lemma="drink" wnsn="1" lexsn="2:34:00::">drink</wf>
<wf cmd="ignore" pos="FW">arak</wf>
<punc>,</punc>
<wf cmd="done" pos="VB" lemma="play" wnsn="1" lexsn="2:33:00::">play</wf>
<wf cmd="tag" pos="NN">dice</wf>
<punc>,</punc>
<wf cmd="ignore" pos="CC">and</wf>
<wf cmd="done" pos="VB" lemma="dance" wnsn="1" lexsn="2:38:01::">dance</wf>
<punc>.</punc>
</s>
</p>
<p pnum="14">
<s snum="64">
<wf cmd="tag" pos="RB">Here</wf>
<wf cmd="ignore" pos="IN">in</wf>
<wf cmd="ignore" pos="DT">an</wf>
<wf cmd="tag" pos="NN">evening</wf>
<wf cmd="tag" pos="NNPS">Persians</wf>
<wf cmd="done" pos="VB" lemma="enjoy" wnsn="1" lexsn="2:37:00::">enjoy</wf>
<wf cmd="tag" pos="JJ">many_of</wf>
<wf cmd="ignore" pos="DT">the</wf>
<wf cmd="tag" pos="NNS">things</wf>
<wf cmd="ignore" pos="WDT">which</wf>
<wf cmd="done" pos="VB" lemma="be" wnsn="1" lexsn="2:42:03::">are</wf>
<wf cmd="tag" pos="JJ">important</wf>
<wf cmd="ignore" pos="TO">to</wf>
<wf cmd="ignore" pos="PRP">them</wf>
<punc>:</punc>
<wf cmd="tag" pos="NN">poetry</wf>
<punc>,</punc>
<wf cmd="tag" pos="NN">water</wf>
<punc>,</punc>
<wf cmd="ignore" pos="DT">the</wf>
<wf cmd="tag" pos="NN">moon</wf>
<punc>,</punc>
<wf cmd="ignore" pos="DT">a</wf>
<wf cmd="tag" pos="JJ">beautiful</wf>
<wf cmd="tag" pos="NN">face</wf>
<punc>.</punc>
</s>
<s snum="65">
<wf cmd="ignore" pos="TO">To</wf>
<wf cmd="ignore" pos="DT">a</wf>
<wf cmd="tag" pos="NN">stranger</wf>
<wf cmd="ignore" pos="PRP$">their</wf>
<wf cmd="tag" pos="NN">delight</wf>
<wf cmd="done" pos="VB" ot="notag">in</wf>
<wf cmd="ignore" pos="DT">these</wf>
<wf cmd="tag" pos="NNS">things</wf>
<wf cmd="ignore" pos="MD">may</wf>
<wf cmd="done" pos="VB" lemma="seem" wnsn="1" lexsn="2:39:00::">seem</wf>
<wf cmd="tag" pos="JJ">paradoxical</wf>
<punc>,</punc>
<wf cmd="ignore" pos="IN">for</wf>
<wf cmd="tag" pos="NNPS">Persians</wf>
<wf cmd="done" pos="VB" lemma="chase" wnsn="1" lexsn="2:38:00::">chase</wf>
<wf cmd="ignore" pos="DT">the</wf>
<wf cmd="tag" pos="NN">golden_calf</wf>
<wf cmd="ignore" pos="IN">as</wf>
<wf cmd="tag" pos="RB">much_as</wf>
<wf cmd="ignore" pos="DT">any</wf>
<wf cmd="tag" pos="NNS">people</wf>
<punc>.</punc>
</s>
<s snum="66">
<wf cmd="tag" pos="JJ">Many_of</wf>
<wf cmd="ignore" pos="PRP">them</wf>
<punc>,</punc>
<wf cmd="tag" pos="RB">moreover</wf>
<punc>,</punc>
<wf cmd="done" pos="VBP" ot="notag">are</wf>
<wf cmd="done" pos="VB" lemma="begin" wnsn="1" lexsn="2:30:00::">beginning</wf>
<wf cmd="ignore" pos="TO">to</wf>
<wf cmd="done" pos="VB" lemma="complain" wnsn="1" lexsn="2:32:00::">complain</wf>
<wf cmd="done" pos="VB" ot="notag">about</wf>
<wf cmd="ignore" pos="DT">the</wf>
<wf cmd="tag" pos="NN">scarcity</wf>
<wf cmd="ignore" pos="IN">of</wf>
<wf cmd="tag" pos="JJ">Western</wf>
<wf cmd="tag" pos="NNS">amusements</wf>
<wf cmd="ignore" pos="CC">and</wf>
<wf cmd="ignore" pos="TO">to</wf>
<wf cmd="done" pos="VB" lemma="ridicule" wnsn="1" lexsn="2:32:00::">ridicule</wf>
<wf cmd="ignore" pos="DT">the</wf>
<wf cmd="tag" pos="JJ">old</wf>
<wf cmd="tag" pos="NN">life</wf>
<wf cmd="ignore" pos="IN">of</wf>
<wf cmd="ignore" pos="DT">the</wf>
<wf cmd="tag" pos="NN">bazaar</wf>
<wf cmd="tag" pos="NN">merchant</wf>
<punc>,</punc>
<wf cmd="ignore" pos="DT">the</wf>
<wf cmd="tag" pos="NN">mullah</wf>
<punc>,</punc>
<wf cmd="ignore" pos="CC">and</wf>
<wf cmd="ignore" pos="DT">the</wf>
<wf cmd="tag" pos="NN">peasant</wf>
<punc>.</punc>
</s>
<s snum="67">
<wf cmd="tag" pos="RB">Nonetheless</wf>
<punc>,</punc>
<wf cmd="ignore" pos="PRP">they</wf>
<wf cmd="done" pos="VBP" ot="notag">take</wf>
<wf cmd="tag" pos="NN">time_out</wf>
<punc>-</punc>
<wf cmd="tag" pos="JJ">much</wf>
<wf cmd="tag" pos="NN">time</wf>
<punc>-</punc>
<wf cmd="ignore" pos="IN">from</wf>
<wf cmd="ignore" pos="DT">the</wf>
<wf cmd="tag" pos="NN">game</wf>
<wf cmd="ignore" pos="IN">of</wf>
<wf cmd="tag" pos="NN">grab</wf>
<wf cmd="ignore" pos="CC">and</wf>
<wf cmd="ignore" pos="DT">these</wf>
<wf cmd="tag" pos="JJ">new</wf>
<wf cmd="tag" pos="JJ">Western</wf>
<wf cmd="tag" pos="NNS">experiments</wf>
<wf cmd="ignore" pos="TO">to</wf>
<wf cmd="done" pos="VB" lemma="go_to" wnsn="0" lexsn="2:38:00::">go_to</wf>
<wf cmd="ignore" pos="DT">the</wf>
<wf cmd="tag" pos="NNS">gardens</wf>
<wf cmd="ignore" pos="CC">and</wf>
<wf cmd="tag" pos="NNS">riverbanks</wf>
<punc>.</punc>
</s>
<s snum="68">
<wf cmd="tag" pos="RB">Above_all</wf>
<punc>,</punc>
<wf cmd="ignore" pos="PRP">they</wf>
<wf cmd="ignore" pos="MD">will</wf>
<wf cmd="done" pos="VB" lemma="stop" wnsn="6" lexsn="2:30:05::">stop</wf>
<wf cmd="tag" pos="RB">in_the_middle</wf>
<wf cmd="ignore" pos="IN">of</wf>
<wf cmd="tag" pos="NN">anything</wf>
<punc>,</punc>
<wf cmd="tag" pos="RB">anywhere</wf>
<punc>,</punc>
<wf cmd="ignore" pos="TO">to</wf>
<wf cmd="done" pos="VB" lemma="hear" wnsn="1" lexsn="2:39:00::">hear</wf>
<wf cmd="ignore" pos="CC">or</wf>
<wf cmd="done" pos="VB" lemma="quote" wnsn="1" lexsn="2:32:00::">quote</wf>
<wf cmd="ignore" pos="DT">some</wf>
<wf cmd="tag" pos="NN">poetry</wf>
<punc>.</punc>
</s>
</p>
<p pnum="15">
<s snum="69">
<wf cmd="tag" pos="NNP">Poetry</wf>
<wf cmd="ignore" pos="IN">in</wf>
<wf cmd="tag" pos="NNP">Persian</wf>
<wf cmd="tag" pos="NN">life</wf>
<wf cmd="done" pos="VB" lemma="be" wnsn="1" lexsn="2:42:03::">is</wf>
<wf cmd="tag" pos="RB">far</wf>
<wf cmd="tag" pos="RB">more_than</wf>
<wf cmd="ignore" pos="DT">a</wf>
<wf cmd="tag" pos="JJ">common</wf>
<wf cmd="tag" pos="NN">ground</wf>
<wf cmd="tag" pos="RB">on_which</wf>
<punc>-</punc>
<wf cmd="ignore" pos="IN">in</wf>
<wf cmd="ignore" pos="DT">a</wf>
<wf cmd="tag" pos="NN">society</wf>
<wf cmd="tag" pos="RB">deeply</wf>
<wf cmd="tag" pos="JJ">fissured</wf>
<wf cmd="ignore" pos="IN">by</wf>
<wf cmd="tag" pos="NNS">antagonisms</wf>
<punc>-</punc>
<wf cmd="ignore" pos="DT">all</wf>
<wf cmd="ignore" pos="MD">may</wf>
<wf cmd="done" pos="VB" lemma="stand" wnsn="3" lexsn="2:42:03::">stand</wf>
<punc>.</punc>
</s>
<s snum="70">
<wf cmd="ignore" pos="PRP">It</wf>
<wf cmd="done" pos="VB" lemma="contain" wnsn="2" lexsn="2:42:13::">contains</wf>
<punc>,</punc>
<wf cmd="tag" pos="RB">in_fact</wf>
<punc>,</punc>
<wf cmd="ignore" pos="PRP$">their</wf>
<wf cmd="tag" pos="JJ">whole</wf>
<wf cmd="tag" pos="NN">outlook</wf>
<wf cmd="ignore" pos="IN">on</wf>
<wf cmd="tag" pos="NN">life</wf>
<punc>.</punc>
</s>
<s snum="71">
<wf cmd="ignore" pos="CC">And</wf>
<wf cmd="ignore" pos="PRP">it</wf>
<wf cmd="done" pos="VBZ" ot="notag">is</wf>
<wf cmd="done" pos="VB" lemma="express" wnsn="3" lexsn="2:32:02::">expressed</wf>
<punc>,</punc>
<wf cmd="tag" pos="RB">at_least</wf>
<wf cmd="ignore" pos="TO">to</wf>
<wf cmd="ignore" pos="PRP$">their</wf>
<wf cmd="tag" pos="NN">taste</wf>
<punc>,</punc>
<wf cmd="ignore" pos="IN">in</wf>
<wf cmd="ignore" pos="DT">a</wf>
<wf cmd="tag" pos="JJ">perfect</wf>
<wf cmd="tag" pos="NN">form</wf>
<punc>.</punc>
</s>
<s snum="72">
<wf cmd="tag" pos="NNP">Poetry</wf>
<wf cmd="ignore" pos="IN">for</wf>
<wf cmd="ignore" pos="DT">a</wf>
<wf cmd="tag" pos="NNP">Persian</wf>
<wf cmd="done" pos="VB" lemma="be" wnsn="1" lexsn="2:42:03::">is</wf>
<wf cmd="tag" pos="NN">nothing</wf>
<wf cmd="tag" pos="RB">less_than</wf>
<wf cmd="tag" pos="NN">truth</wf>
<wf cmd="ignore" pos="CC">and</wf>
<wf cmd="tag" pos="NN">beauty</wf>
<punc>.</punc>
</s>
<s snum="73">
<wf cmd="ignore" pos="IN">In</wf>
<wf cmd="tag" pos="JJS">most</wf>
<wf cmd="tag" pos="JJ">Western</wf>
<wf cmd="tag" pos="NNS">cultures</wf>
<wf cmd="tag" pos="NN">today</wf>
<wf cmd="ignore" pos="DT">these</wf>
<wf cmd="tag" pos="NNS">twins</wf>
<wf cmd="done" pos="VBP" ot="notag">have</wf>
<wf cmd="done" pos="VBN" ot="notag">been</wf>
<wf cmd="done" pos="VB" lemma="send" wnsn="1" lexsn="2:38:01::">sent</wf>
<wf cmd="tag" pos="RB">away</wf>
<wf cmd="ignore" pos="TO">to</wf>
<wf cmd="ignore" pos="DT">the</wf>
<wf cmd="tag" pos="NNS">libraries</wf>
<wf cmd="ignore" pos="CC">and</wf>
<wf cmd="tag" pos="NNS">museums</wf>
<punc>.</punc>
</s>
<s snum="74">
<wf cmd="ignore" pos="IN">In</wf>
<wf cmd="tag" pos="NNP">Persia</wf>
<punc>,</punc>
<wf cmd="ignore" pos="WRB">where</wf>
<wf cmd="tag" pos="RB">practically</wf>
<wf cmd="done" pos="VB" lemma="speak" wnsn="2" lexsn="2:32:01::">speaking</wf>
<wf cmd="ignore" pos="EX">there</wf>
<wf cmd="done" pos="VB" lemma="be" wnsn="5" lexsn="2:42:04::">are</wf>
<wf cmd="ignore" pos="DT">no</wf>
<wf cmd="tag" pos="NNS">museums</wf>
<wf cmd="ignore" pos="CC">or</wf>
<wf cmd="tag" pos="NNS">libraries</wf>
<wf cmd="ignore" pos="CC">or</wf>
<punc>,</punc>
<wf cmd="tag" pos="RB">for_that_matter</wf>
<punc>,</punc>
<wf cmd="tag" pos="JJ">hardly_any</wf>
<wf cmd="tag" pos="NNS">books</wf>
<punc>,</punc>
<wf cmd="ignore" pos="DT">the</wf>
<wf cmd="tag" pos="NNS">twins</wf>
<wf cmd="done" pos="VB" lemma="run" wnsn="1" lexsn="2:38:00::">run</wf>
<wf cmd="tag" pos="JJ">free</wf>
<punc>.</punc>
</s>
</p>
<p pnum="16">
<s snum="75">
<wf cmd="ignore" pos="PRP">It</wf>
<wf cmd="done" pos="VB" lemma="be" wnsn="1" lexsn="2:42:03::">is</wf>
<wf cmd="tag" pos="RB">perhaps</wf>
<wf cmd="tag" pos="JJ">difficult</wf>
<wf cmd="ignore" pos="TO">to</wf>
<wf cmd="done" pos="VB" lemma="conceive" wnsn="1" lexsn="2:36:00::">conceive</wf>
<punc>,</punc>
<wf cmd="ignore" pos="CC">but</wf>
<wf cmd="done" pos="VB" lemma="imagine" wnsn="1" lexsn="2:36:00::">imagine</wf>
<wf cmd="ignore" pos="IN">that</wf>
<wf cmd="tag" pos="RB">tonight</wf>
<wf cmd="ignore" pos="IN">on</wf>
<wf cmd="tag" pos="NNP">London</wf>
<wf cmd="tag" pos="NN">bridge</wf>
<wf cmd="ignore" pos="DT">the</wf>
<wf cmd="tag" pos="NN">Teddy_boys</wf>
<wf cmd="ignore" pos="IN">of</wf>
<wf cmd="ignore" pos="DT">the</wf>
<wf cmd="tag" pos="NNP">East</wf>
<wf cmd="tag" pos="NN">End</wf>
<wf cmd="ignore" pos="MD">will</wf>
<wf cmd="done" pos="VB" lemma="gather" wnsn="2" lexsn="2:41:00::">gather</wf>
<wf cmd="ignore" pos="TO">to</wf>
<wf cmd="done" pos="VB" lemma="sing" wnsn="1" lexsn="2:36:01::">sing</wf>
<wf cmd="tag" pos="NNP">Marlowe</wf>
<punc>,</punc>
<wf cmd="tag" pos="NNP">Herrick</wf>
<punc>,</punc>
<wf cmd="tag" pos="NNP">Shakespeare</wf>
<punc>,</punc>
<wf cmd="ignore" pos="CC">and</wf>
<wf cmd="tag" pos="RB">perhaps</wf>
<wf cmd="ignore" pos="DT">some</wf>
<wf cmd="tag" pos="NNS">lyrics</wf>
<wf cmd="ignore" pos="IN">of</wf>
<wf cmd="ignore" pos="PRP$">their</wf>
<wf cmd="tag" pos="JJ">own</wf>
<punc>.</punc>
</s>
<s snum="76">
<wf cmd="ignore" pos="DT">That</wf>
<punc>,</punc>
<wf cmd="tag" pos="RB">at_any_rate</wf>
<punc>,</punc>
<wf cmd="done" pos="VB" lemma="be" wnsn="2" lexsn="2:42:06::">is</wf>
<wf cmd="ignore" pos="WP">what</wf>
<wf cmd="done" pos="VB" lemma="happen" wnsn="1" lexsn="2:30:00::">happens</wf>
<wf cmd="ignore" pos="IN">at</wf>
<wf cmd="ignore" pos="DT">the</wf>
<wf cmd="tag" pos="NNP">Khaju</wf>
<wf cmd="tag" pos="NN">bridge</wf>
<punc>.</punc>
</s>
<s snum="77">
<wf cmd="tag" pos="NNPS">Boys</wf>
<wf cmd="ignore" pos="CC">and</wf>
<wf cmd="tag" pos="NNS">men</wf>
<wf cmd="done" pos="VB" lemma="go" wnsn="1" lexsn="2:38:00::">go</wf>
<wf cmd="tag" pos="RB">along</wf>
<wf cmd="ignore" pos="DT">the</wf>
<wf cmd="tag" pos="NN">riverbank</wf>
<wf cmd="ignore" pos="CC">or</wf>
<wf cmd="ignore" pos="TO">to</wf>
<wf cmd="ignore" pos="DT">the</wf>
<wf cmd="tag" pos="NNS">alcoves</wf>
<wf cmd="ignore" pos="IN">in</wf>
<wf cmd="ignore" pos="DT">the</wf>
<wf cmd="tag" pos="JJ">top</wf>
<wf cmd="tag" pos="NN">arcade</wf>
<punc>.</punc>
</s>
<s snum="78">
<wf cmd="tag" pos="RB">Here</wf>
<wf cmd="ignore" pos="IN">in</wf>
<wf cmd="ignore" pos="DT">these</wf>
<wf cmd="tag" pos="JJ">little</wf>
<wf cmd="tag" pos="NNS">rooms</wf>
<punc>-</punc>
<wf cmd="ignore" pos="CC">or</wf>
<wf cmd="tag" pos="NNS">stages</wf>
<wf cmd="tag" pos="JJ">arched</wf>
<wf cmd="tag" pos="JJ">open_to</wf>
<wf cmd="ignore" pos="DT">the</wf>
<wf cmd="tag" pos="NN">sky</wf>
<wf cmd="ignore" pos="CC">and</wf>
<wf cmd="tag" pos="NN">river</wf>
<punc>-</punc>
<wf cmd="ignore" pos="PRP">they</wf>
<wf cmd="done" pos="VB" lemma="choose" wnsn="1" lexsn="2:31:00::">choose</wf>
<wf cmd="tag" pos="JJ">a_few</wf>
<wf cmd="tag" pos="NNS">lines</wf>
<wf cmd="ignore" pos="IN">out</wf>
<wf cmd="ignore" pos="IN">of</wf>
<wf cmd="ignore" pos="DT">the</wf>
<wf cmd="tag" pos="NNS">hundreds</wf>
<wf cmd="ignore" pos="PRP">they</wf>
<wf cmd="ignore" pos="MD">may</wf>
<wf cmd="done" pos="VB" lemma="know" wnsn="2" lexsn="2:31:03::">know</wf>
<wf cmd="ignore" pos="CC">and</wf>
<wf cmd="done" pos="VB" lemma="sing" wnsn="1" lexsn="2:36:01::">sing</wf>
<wf cmd="ignore" pos="PRP">them</wf>
<wf cmd="tag" pos="JJ">according</wf>
<wf cmd="ignore" pos="TO">to</wf>
<wf cmd="tag" pos="CD">one</wf>
<wf cmd="ignore" pos="IN">of</wf>
<wf cmd="ignore" pos="DT">the</wf>
<wf cmd="tag" pos="NNS">modes</wf>
<wf cmd="ignore" pos="IN">into</wf>
<wf cmd="ignore" pos="WDT">which</wf>
<wf cmd="tag" pos="NNP">Persian</wf>
<wf cmd="tag" pos="NN">music</wf>
<wf cmd="done" pos="VB" lemma="be" wnsn="1" lexsn="2:42:03::">is</wf>
<wf cmd="tag" pos="JJ">divided</wf>
<punc>.</punc>
</s>
<s snum="79">
<wf cmd="ignore" pos="DT">Each</wf>
<wf cmd="tag" pos="NN">mode</wf>
<wf cmd="done" pos="VBZ" ot="notag">is</wf>
<wf cmd="done" pos="VB" lemma="believe" wnsn="1" lexsn="2:31:00::">believed</wf>
<wf cmd="ignore" pos="TO">to</wf>
<wf cmd="done" pos="VB" lemma="have" wnsn="1" lexsn="2:40:00::">have</wf>
<wf cmd="ignore" pos="DT">a</wf>
<wf cmd="tag" pos="JJ">specific</wf>
<wf cmd="tag" pos="NN">attribute</wf>
<punc>-</punc>
<wf cmd="tag" pos="CD">one</wf>
<wf cmd="done" pos="VB" lemma="induce" wnsn="1" lexsn="2:36:00::">inducing</wf>
<wf cmd="tag" pos="NN">pleasure</wf>
<punc>,</punc>
<wf cmd="ignore" pos="DT">another</wf>
<wf cmd="tag" pos="NN">generosity</wf>
<punc>,</punc>
<wf cmd="ignore" pos="DT">another</wf>
<wf cmd="tag" pos="NN">love</wf>
<punc>,</punc>
<wf cmd="tag" pos="RB">and_so_on</wf>
<punc>,</punc>
<wf cmd="ignore" pos="TO">to</wf>
<wf cmd="done" pos="VB" lemma="include" wnsn="1" lexsn="2:42:00::">include</wf>
<wf cmd="tag" pos="JJ">all_of</wf>
<wf cmd="ignore" pos="DT">the</wf>
<wf cmd="tag" pos="NNS">emotions</wf>
<punc>.</punc>
</s>
<s snum="80">
<wf cmd="ignore" pos="DT">The</wf>
<wf cmd="tag" pos="NN">singer</wf>
<wf cmd="tag" pos="RB">simply</wf>
<wf cmd="done" pos="VB" lemma="match" wnsn="5" lexsn="2:30:01::">matches</wf>
<wf cmd="ignore" pos="DT">the</wf>
<wf cmd="tag" pos="NN">poem</wf>
<wf cmd="ignore" pos="TO">to</wf>
<wf cmd="ignore" pos="DT">a</wf>
<wf cmd="tag" pos="NN">mode</wf>
<punc>;</punc>
<wf cmd="tag" pos="RB">for_example</wf>
<punc>,</punc>
<wf cmd="ignore" pos="DT">the</wf>
<wf cmd="tag" pos="NN">mode</wf>
<wf cmd="ignore" pos="IN">of</wf>
<wf cmd="tag" pos="NN">bravery</wf>
<wf cmd="ignore" pos="TO">to</wf>
<wf cmd="ignore" pos="DT">this</wf>
<wf cmd="tag" pos="JJ">anonymous</wf>
<wf cmd="tag" pos="NN">folk</wf>
<wf cmd="tag" pos="NN">poem</wf>
<punc>:</punc>
<punc>``</punc>
<wf cmd="ignore" pos="PRP">They</wf>
<wf cmd="done" pos="VB" lemma="bring" wnsn="1" lexsn="2:38:00::">brought</wf>
<wf cmd="ignore" pos="PRP">me</wf>
<wf cmd="tag" pos="NN">news</wf>
<wf cmd="ignore" pos="IN">that</wf>
<wf cmd="tag" pos="NNP">Spring</wf>
<wf cmd="done" pos="VB" lemma="be" wnsn="3" lexsn="2:42:05::">is</wf>
<wf cmd="ignore" pos="IN">in</wf>
<wf cmd="ignore" pos="DT">the</wf>
<wf cmd="tag" pos="NNS">plains</wf>
<wf cmd="ignore" pos="CC">And</wf>
<wf cmd="tag" pos="NNP">Ahmad</wf>
<wf cmd="ignore" pos="POS">'s</wf>
<wf cmd="tag" pos="NN">blood</wf>
<wf cmd="ignore" pos="DT">the</wf>
<wf cmd="tag" pos="JJ">crimson</wf>
<wf cmd="tag" pos="NN">tulip</wf>
<wf cmd="done" pos="VB" lemma="stain" wnsn="0" lexsn="2:35:00::">stains</wf>
<punc>;</punc>
<wf cmd="done" pos="VB" lemma="go" wnsn="1" lexsn="2:38:00::">Go</wf>
<punc>,</punc>
<wf cmd="done" pos="VB" lemma="tell" wnsn="2" lexsn="2:32:00::">tell</wf>
<wf cmd="ignore" pos="PRP$">his</wf>
<wf cmd="tag" pos="JJ">aged</wf>
<wf cmd="tag" pos="NN">mother</wf>
<wf cmd="ignore" pos="IN">that</wf>
<wf cmd="ignore" pos="PRP$">her</wf>
<wf cmd="tag" pos="NN">son</wf>
<wf cmd="done" pos="VB" lemma="fight" wnsn="1" lexsn="2:33:00::">Fought</wf>
<wf cmd="done" pos="VB" ot="notag">with</wf>
<wf cmd="tag" pos="JJ">a_thousand</wf>
<wf cmd="tag" pos="NNS">foes</wf>
<punc>,</punc>
<wf cmd="ignore" pos="CC">and</wf>
<wf cmd="ignore" pos="PRP">he</wf>
<wf cmd="done" pos="VB" lemma="be" wnsn="6" lexsn="2:42:07::">was</wf>
<wf cmd="tag" pos="CD">one</wf>
<punc>''</punc>
<punc>.</punc>
</s>
<s snum="81">
<wf cmd="ignore" pos="CC">Or</wf>
<wf cmd="ignore" pos="DT">the</wf>
<wf cmd="tag" pos="NN">mode</wf>
<wf cmd="ignore" pos="IN">of</wf>
<wf cmd="tag" pos="NN">love</wf>
<wf cmd="ignore" pos="TO">to</wf>
<wf cmd="ignore" pos="DT">this</wf>
<wf cmd="tag" pos="NN">fragment</wf>
<wf cmd="ignore" pos="IN">by</wf>
<wf cmd="ignore" pos="DT">a</wf>
<wf cmd="tag" pos="JJ">recent</wf>
<wf cmd="tag" pos="NN">poet</wf>
<punc>:</punc>
<punc>``</punc>
<wf cmd="done" pos="VB" lemma="know" wnsn="1" lexsn="2:31:01::">Know</wf>
<wf cmd="ignore" pos="PRP">ye</wf>
<punc>,</punc>
<wf cmd="tag" pos="JJ">fair</wf>
<wf cmd="tag" pos="NN">folk</wf>
<wf cmd="ignore" pos="WP">who</wf>
<wf cmd="done" pos="VB" lemma="dwell" wnsn="3" lexsn="2:42:00::">dwell</wf>
<wf cmd="done" pos="VB" ot="notag">on</wf>
<wf cmd="tag" pos="NN">earth</wf>
<wf cmd="ignore" pos="CC">Or</wf>
<wf cmd="ignore" pos="MD">shall</wf>
<wf cmd="tag" pos="RB">hereafter</wf>
<wf cmd="done" pos="VB" lemma="come" wnsn="2" lexsn="2:38:04::">come</wf>
<wf cmd="done" pos="VB" ot="notag">to</wf>
<wf cmd="tag" pos="NN">birth</wf>
<punc>,</punc>
<wf cmd="ignore" pos="DT">That</wf>
<wf cmd="tag" pos="RB">here</wf>
<punc>,</punc>
<wf cmd="ignore" pos="IN">with</wf>
<wf cmd="tag" pos="NN">dust</wf>
<wf cmd="ignore" pos="IN">upon</wf>
<wf cmd="ignore" pos="PRP$">his</wf>
<wf cmd="tag" pos="NNS">eyes</wf>
<punc>,</punc>
<wf cmd="tag" pos="NNP">Iraj</wf>
<punc>,</punc>
<wf cmd="ignore" pos="DT">the</wf>
<wf cmd="tag" pos="JJ">sweet-tongued</wf>
<wf cmd="tag" pos="NN">singer</wf>
<punc>,</punc>
<wf cmd="done" pos="VB" lemma="lie" wnsn="2" lexsn="2:35:00::">lies</wf>
<punc>.</punc>
</s>
<s snum="82">
<wf cmd="tag" pos="RB">In_this</wf>
<wf cmd="tag" pos="JJ">true</wf>
<wf cmd="tag" pos="NN">lover</wf>
<wf cmd="ignore" pos="POS">'s</wf>
<wf cmd="tag" pos="NN">tomb</wf>
<wf cmd="done" pos="VB" lemma="inter" wnsn="1" lexsn="2:41:00::">interred</wf>
<wf cmd="ignore" pos="DT">A</wf>
<wf cmd="tag" pos="NN">world</wf>
<wf cmd="ignore" pos="IN">of</wf>
<wf cmd="tag" pos="NN">love</wf>
<wf cmd="done" pos="VB" lemma="lie" wnsn="4" lexsn="2:42:03::">lies</wf>
<wf cmd="tag" pos="JJ">sepulchred</wf>
<punc>''</punc>
<punc>.</punc>
</s>
</p>
<p pnum="17">
<s snum="83">
<wf cmd="ignore" pos="DT">These</wf>
<wf cmd="tag" pos="NNS">songs</wf>
<punc>(</punc>
<wf cmd="tag" pos="RB">practically</wf>
<wf cmd="ignore" pos="DT">all</wf>
<wf cmd="tag" pos="NNP">Persian</wf>
<wf cmd="tag" pos="NN">music</wf>
<punc>,</punc>
<wf cmd="tag" pos="RB">for_that_matter</wf>
<punc>)</punc>
<wf cmd="done" pos="VB" lemma="be" wnsn="1" lexsn="2:42:03::">are</wf>
<wf cmd="tag" pos="JJ">limited</wf>
<wf cmd="ignore" pos="TO">to</wf>
<wf cmd="ignore" pos="DT">a</wf>
<wf cmd="tag" pos="NN">range</wf>
<wf cmd="ignore" pos="IN">of</wf>
<wf cmd="tag" pos="CD">two</wf>
<wf cmd="tag" pos="NNS">octaves</wf>
<punc>.</punc>
</s>
<s snum="84">
<wf cmd="tag" pos="RB">Yet</wf>
<wf cmd="ignore" pos="IN">within</wf>
<wf cmd="ignore" pos="DT">this</wf>
<wf cmd="tag" pos="NN">limitation</wf>
<wf cmd="ignore" pos="EX">there</wf>
<wf cmd="done" pos="VB" lemma="be" wnsn="5" lexsn="2:42:04::">is</wf>
<wf cmd="ignore" pos="DT">an</wf>
<wf cmd="tag" pos="JJ">astonishing</wf>
<wf cmd="tag" pos="NN">variety</wf>
<punc>:</punc>
<wf cmd="tag" pos="NN">design</wf>
<wf cmd="tag" pos="RB">as</wf>
<wf cmd="tag" pos="JJ">intricate</wf>
<wf cmd="ignore" pos="IN">as</wf>
<wf cmd="ignore" pos="IN">that</wf>
<wf cmd="ignore" pos="IN">in</wf>
<wf cmd="ignore" pos="DT">the</wf>
<wf cmd="tag" pos="NN">carpet</wf>
<wf cmd="ignore" pos="CC">or</wf>
<wf cmd="tag" pos="JJ">miniature</wf>
<punc>,</punc>
<wf cmd="ignore" pos="IN">with</wf>
<wf cmd="ignore" pos="DT">the</wf>
<wf cmd="tag" pos="NN">melodic_line</wf>
<wf cmd="ignore" pos="IN">like</wf>
<wf cmd="ignore" pos="DT">the</wf>
<wf cmd="tag" pos="JJ">painted</wf>
<wf cmd="ignore" pos="CC">or</wf>
<wf cmd="tag" pos="JJ">woven</wf>
<wf cmd="tag" pos="NN">line</wf>
<wf cmd="tag" pos="RB">often</wf>
<wf cmd="done" pos="VB" lemma="flow" wnsn="1" lexsn="2:38:01::">flowing</wf>
<wf cmd="ignore" pos="IN">into</wf>
<wf cmd="ignore" pos="DT">an</wf>
<wf cmd="tag" pos="NN">arabesque</wf>
<punc>.</punc>
</s>
</p>
</context>
</contextfile>
