<contextfile concordance="brown">
<context filename="br-g02" paras="yes">
<p pnum="1">
<s snum="1">
<wf cmd="tag" pos="RB">In_the_past</wf>
<punc>,</punc>
<wf cmd="ignore" pos="DT">the</wf>
<wf cmd="tag" pos="NNS">duties</wf>
<wf cmd="ignore" pos="IN">of</wf>
<wf cmd="ignore" pos="DT">the</wf>
<wf cmd="tag" pos="NN">state</wf>
<punc>,</punc>
<wf cmd="ignore" pos="IN">as</wf>
<wf cmd="tag" pos="NNP">Sir_Henry_Maine</wf>
<wf cmd="done" pos="VB" lemma="note" wnsn="1" lexsn="2:32:00::">noted</wf>
<wf cmd="tag" pos="RB">long_ago</wf>
<punc>,</punc>
<wf cmd="done" pos="VB" lemma="be" wnsn="1" lexsn="2:42:03::">were</wf>
<wf cmd="tag" pos="RB">only</wf>
<wf cmd="tag" pos="CD">two</wf>
<wf cmd="ignore" pos="IN">in</wf>
<wf cmd="tag" pos="NN">number</wf>
<punc>:</punc>
<wf cmd="tag" pos="JJ">internal</wf>
<wf cmd="tag" pos="NN">order</wf>
<wf cmd="ignore" pos="CC">and</wf>
<wf cmd="tag" pos="JJ">external</wf>
<wf cmd="tag" pos="NN">security</wf>
<punc>.</punc>
</s>
<s snum="2">
<wf cmd="ignore" pos="IN">By</wf>
<wf cmd="done" pos="VB" lemma="prevail" wnsn="1" lexsn="2:42:02::">prevailing</wf>
<wf cmd="ignore" pos="IN">over</wf>
<wf cmd="tag" pos="JJ">other</wf>
<wf cmd="tag" pos="NNS">claimants</wf>
<wf cmd="ignore" pos="IN">for</wf>
<wf cmd="ignore" pos="DT">the</wf>
<wf cmd="tag" pos="NNS">loyalties</wf>
<wf cmd="ignore" pos="IN">of</wf>
<wf cmd="tag" pos="NNS">men</wf>
<punc>,</punc>
<wf cmd="ignore" pos="DT">the</wf>
<wf cmd="tag" pos="NN">nation-state</wf>
<wf cmd="done" pos="VB" lemma="maintain" wnsn="2" lexsn="2:40:00::">maintained</wf>
<wf cmd="ignore" pos="DT">an</wf>
<wf cmd="tag" pos="JJ">adequate</wf>
<wf cmd="tag" pos="NN">measure</wf>
<wf cmd="ignore" pos="IN">of</wf>
<wf cmd="tag" pos="NN">certainty</wf>
<wf cmd="ignore" pos="CC">and</wf>
<wf cmd="tag" pos="NN">order</wf>
<wf cmd="ignore" pos="IN">within</wf>
<wf cmd="ignore" pos="PRP$">its</wf>
<wf cmd="tag" pos="JJ">territorial</wf>
<wf cmd="tag" pos="NNS">borders</wf>
<punc>.</punc>
</s>
<s snum="3">
<wf cmd="ignore" pos="IN">Outside</wf>
<wf cmd="ignore" pos="DT">those</wf>
<wf cmd="tag" pos="NNS">limits</wf>
<wf cmd="ignore" pos="PRP">it</wf>
<wf cmd="done" pos="VB" lemma="assert" wnsn="2" lexsn="2:32:00::">asserted</wf>
<punc>,</punc>
<wf cmd="ignore" pos="IN">as</wf>
<wf cmd="ignore" pos="IN">against</wf>
<wf cmd="tag" pos="JJ">other</wf>
<wf cmd="tag" pos="NNS">states</wf>
<punc>,</punc>
<wf cmd="ignore" pos="DT">a</wf>
<wf cmd="tag" pos="NN">position</wf>
<wf cmd="ignore" pos="IN">of</wf>
<wf cmd="tag" pos="JJ">sovereign</wf>
<wf cmd="tag" pos="NN">equality</wf>
<punc>,</punc>
<wf cmd="ignore" pos="CC">and</wf>
<punc>,</punc>
<wf cmd="ignore" pos="IN">as</wf>
<wf cmd="ignore" pos="IN">against</wf>
<wf cmd="ignore" pos="DT">the</wf>
<punc>``</punc>
<wf cmd="tag" pos="JJ">inferior</wf>
<punc>''</punc>
<wf cmd="tag" pos="NNS">peoples</wf>
<wf cmd="ignore" pos="IN">of</wf>
<wf cmd="ignore" pos="DT">the</wf>
<wf cmd="tag" pos="JJ">non-Western</wf>
<wf cmd="tag" pos="NN">world</wf>
<punc>,</punc>
<wf cmd="ignore" pos="DT">a</wf>
<wf cmd="tag" pos="NN">position</wf>
<wf cmd="ignore" pos="IN">of</wf>
<wf cmd="tag" pos="NN">dominance</wf>
<punc>.</punc>
</s>
<s snum="4">
<wf cmd="ignore" pos="PRP">It</wf>
<wf cmd="done" pos="VB" lemma="become" wnsn="1" lexsn="2:30:00::">became</wf>
<wf cmd="ignore" pos="DT">the</wf>
<wf cmd="tag" pos="JJ">sole</wf>
<punc>``</punc>
<wf cmd="tag" pos="NN">subject</wf>
<punc>''</punc>
<wf cmd="ignore" pos="IN">of</wf>
<punc>``</punc>
<wf cmd="tag" pos="NN">international_law</wf>
<punc>''</punc>
<punc>(</punc>
<wf cmd="ignore" pos="DT">a</wf>
<wf cmd="tag" pos="NN">term</wf>
<wf cmd="ignore" pos="WDT">which</wf>
<punc>,</punc>
<wf cmd="ignore" pos="PRP">it</wf>
<wf cmd="done" pos="VB" lemma="be" wnsn="1" lexsn="2:42:03::">is</wf>
<wf cmd="tag" pos="JJ">pertinent</wf>
<wf cmd="ignore" pos="TO">to</wf>
<wf cmd="done" pos="VB" lemma="remember" wnsn="2" lexsn="2:31:01::">remember</wf>
<punc>,</punc>
<wf cmd="done" pos="VBD" ot="notag">was</wf>
<wf cmd="done" pos="VB" lemma="coin" wnsn="1" lexsn="2:36:01::">coined</wf>
<wf cmd="ignore" pos="IN">by</wf>
<wf cmd="tag" pos="NNP">Bentham</wf>
<punc>)</punc>
<punc>,</punc>
<wf cmd="ignore" pos="DT">a</wf>
<wf cmd="tag" pos="NN">body</wf>
<wf cmd="ignore" pos="IN">of</wf>
<wf cmd="tag" pos="NN">legal_principle</wf>
<wf cmd="ignore" pos="WDT">which</wf>
<wf cmd="tag" pos="RB">by_and_large</wf>
<wf cmd="done" pos="VB" ot="notag">was</wf>
<wf cmd="done" pos="VB" lemma="make_up" wnsn="1" lexsn="2:42:00::">made_up</wf>
<wf cmd="done" pos="VB" ot="notag">of</wf>
<wf cmd="ignore" pos="WP">what</wf>
<wf cmd="tag" pos="JJ">Western</wf>
<wf cmd="tag" pos="NNS">nations</wf>
<wf cmd="ignore" pos="MD">could</wf>
<wf cmd="done" pos="VB" lemma="do" wnsn="1" lexsn="2:41:01::">do</wf>
<wf cmd="done" pos="VB" ot="notag">in</wf>
<wf cmd="ignore" pos="DT">the</wf>
<wf cmd="tag" pos="NN">world</wf>
<wf cmd="tag" pos="NN">arena</wf>
<punc>.</punc>
</s>
<s snum="5">
<punc>(</punc>
<wf cmd="ignore" pos="DT">That</wf>
<wf cmd="tag" pos="NN">corpus</wf>
<wf cmd="ignore" pos="IN">of</wf>
<wf cmd="tag" pos="NN">law</wf>
<wf cmd="done" pos="VB" lemma="be" wnsn="2" lexsn="2:42:06::">was</wf>
<wf cmd="ignore" pos="DT">a</wf>
<wf cmd="tag" pos="NN">reflection</wf>
<wf cmd="ignore" pos="IN">of</wf>
<wf cmd="ignore" pos="DT">the</wf>
<wf cmd="tag" pos="NN">power_system</wf>
<wf cmd="ignore" pos="IN">in</wf>
<wf cmd="tag" pos="NN">existence</wf>
<wf cmd="ignore" pos="IN">during</wf>
<wf cmd="ignore" pos="DT">the</wf>
<wf cmd="tag" pos="JJ">eighteenth</wf>
<wf cmd="ignore" pos="CC">and</wf>
<wf cmd="tag" pos="JJ">nineteenth</wf>
<wf cmd="tag" pos="NNS">centuries</wf>
<punc>.</punc>
</s>
<s snum="6">
<wf cmd="done" pos="VB" lemma="speak" wnsn="2" lexsn="2:32:01::">Speaking</wf>
<wf cmd="tag" pos="RB">generally</wf>
<punc>,</punc>
<wf cmd="ignore" pos="PRP">it</wf>
<wf cmd="done" pos="VB" lemma="further" wnsn="1" lexsn="2:41:01::">furthered</wf>
<punc>-</punc>
<wf cmd="ignore" pos="CC">and</wf>
<wf cmd="tag" pos="RB">still</wf>
<wf cmd="done" pos="VB" lemma="tend" wnsn="1" lexsn="2:42:01::">tends</wf>
<wf cmd="ignore" pos="TO">to</wf>
<wf cmd="done" pos="VB" lemma="further" wnsn="1" lexsn="2:41:01::">further</wf>
<punc>-</punc>
<wf cmd="ignore" pos="DT">the</wf>
<wf cmd="tag" pos="NNS">interests</wf>
<wf cmd="ignore" pos="IN">of</wf>
<wf cmd="ignore" pos="DT">the</wf>
<wf cmd="tag" pos="JJ">Western</wf>
<wf cmd="tag" pos="NNS">powers</wf>
<punc>.</punc>
</s>
<s snum="7">
<wf cmd="ignore" pos="DT">The</wf>
<wf cmd="tag" pos="JJ">enormous</wf>
<wf cmd="tag" pos="NNS">changes</wf>
<wf cmd="ignore" pos="IN">in</wf>
<wf cmd="tag" pos="NN">world</wf>
<wf cmd="tag" pos="NNS">politics</wf>
<wf cmd="done" pos="VBP" ot="notag">have</wf>
<punc>,</punc>
<wf cmd="tag" pos="RB">however</wf>
<punc>,</punc>
<wf cmd="done" pos="VB" lemma="throw" wnsn="9" lexsn="2:37:00::">thrown</wf>
<wf cmd="ignore" pos="PRP">it</wf>
<wf cmd="ignore" pos="IN">into</wf>
<wf cmd="tag" pos="NN">confusion</wf>
<punc>,</punc>
<wf cmd="tag" pos="RB">so_much</wf>
<wf cmd="tag" pos="RB">so_that</wf>
<wf cmd="ignore" pos="PRP">it</wf>
<wf cmd="done" pos="VB" lemma="be" wnsn="1" lexsn="2:42:03::">is</wf>
<wf cmd="tag" pos="JJ">safe</wf>
<wf cmd="ignore" pos="TO">to</wf>
<wf cmd="done" pos="VB" lemma="say" wnsn="2" lexsn="2:32:01::">say</wf>
<wf cmd="ignore" pos="IN">that</wf>
<wf cmd="ignore" pos="DT">all</wf>
<wf cmd="tag" pos="NN">international_law</wf>
<wf cmd="done" pos="VB" lemma="be" wnsn="1" lexsn="2:42:03::">is</wf>
<wf cmd="tag" pos="RB">now</wf>
<wf cmd="ignore" pos="IN">in</wf>
<wf cmd="tag" pos="NN">need</wf>
<wf cmd="ignore" pos="IN">of</wf>
<wf cmd="tag" pos="NN">reexamination</wf>
<wf cmd="ignore" pos="CC">and</wf>
<wf cmd="tag" pos="NN">clarification</wf>
<wf cmd="ignore" pos="IN">in</wf>
<wf cmd="tag" pos="NN">light</wf>
<wf cmd="ignore" pos="IN">of</wf>
<wf cmd="ignore" pos="DT">the</wf>
<wf cmd="tag" pos="JJ">social</wf>
<wf cmd="tag" pos="NNS">conditions</wf>
<wf cmd="ignore" pos="IN">of</wf>
<wf cmd="ignore" pos="DT">the</wf>
<wf cmd="tag" pos="JJ">present</wf>
<wf cmd="tag" pos="NN">era</wf>
<punc>.</punc>
<punc>)</punc>
</s>
</p>
<p pnum="2">
<s snum="8">
<wf cmd="ignore" pos="IN">Beyond</wf>
<wf cmd="ignore" pos="DT">the</wf>
<wf cmd="tag" pos="CD">two</wf>
<wf cmd="tag" pos="JJ">basic</wf>
<wf cmd="tag" pos="NNS">tasks</wf>
<wf cmd="done" pos="VB" lemma="mention" wnsn="3" lexsn="2:32:01::">mentioned</wf>
<wf cmd="tag" pos="RB">above</wf>
<punc>,</punc>
<wf cmd="ignore" pos="DT">no</wf>
<wf cmd="tag" pos="NN">attention</wf>
<wf cmd="done" pos="VBD" ot="notag">was</wf>
<wf cmd="done" rdf="pay_attention" pos="VB" lemma="pay_attention" wnsn="0" lexsn="2:39:00::">paid</wf>
<wf cmd="ignore" pos="IN">by</wf>
<wf cmd="tag" pos="NN">statesman</wf>
<wf cmd="ignore" pos="CC">or</wf>
<wf cmd="tag" pos="NN">scholar</wf>
<wf cmd="ignore" pos="TO">to</wf>
<wf cmd="ignore" pos="DT">an</wf>
<wf cmd="tag" pos="NN">idea</wf>
<wf cmd="ignore" pos="IN">of</wf>
<wf cmd="tag" pos="NN">state</wf>
<wf cmd="tag" pos="NN">responsibility</wf>
<punc>,</punc>
<wf cmd="ignore" pos="DT">either</wf>
<wf cmd="tag" pos="RB">internally</wf>
<wf cmd="ignore" pos="CC">or</wf>
<wf cmd="tag" pos="RB">externally</wf>
<punc>.</punc>
</s>
<s snum="9">
<wf cmd="ignore" pos="DT">This</wf>
<wf cmd="done" pos="VB" lemma="be" wnsn="1" lexsn="2:42:03::">was</wf>
<wf cmd="tag" pos="RB">particularly</wf>
<wf cmd="tag" pos="JJ">true</wf>
<wf cmd="ignore" pos="IN">in</wf>
<wf cmd="ignore" pos="DT">the</wf>
<wf cmd="tag" pos="NN">world</wf>
<wf cmd="tag" pos="NN">arena</wf>
<punc>,</punc>
<wf cmd="ignore" pos="WDT">which</wf>
<wf cmd="done" pos="VB" lemma="be" wnsn="2" lexsn="2:42:06::">was</wf>
<wf cmd="ignore" pos="DT">an</wf>
<wf cmd="tag" pos="JJ">anarchical</wf>
<wf cmd="tag" pos="NN">battleground</wf>
<wf cmd="done" pos="VB" lemma="characterize" wnsn="1" lexsn="2:32:00::">characterized</wf>
<wf cmd="ignore" pos="IN">by</wf>
<wf cmd="tag" pos="NN">strife</wf>
<wf cmd="ignore" pos="CC">and</wf>
<wf cmd="tag" pos="JJ">avaricious</wf>
<wf cmd="tag" pos="NN">competition</wf>
<wf cmd="ignore" pos="IN">for</wf>
<wf cmd="tag" pos="JJ">colonial</wf>
<wf cmd="tag" pos="NNS">empires</wf>
<punc>.</punc>
</s>
<s snum="10">
<wf cmd="ignore" pos="DT">That</wf>
<wf cmd="ignore" pos="DT">any</wf>
<wf cmd="tag" pos="RB">sort_of</wf>
<wf cmd="tag" pos="NN">duty</wf>
<wf cmd="done" pos="VBD" ot="notag">was</wf>
<wf cmd="done" pos="VB" lemma="owe" wnsn="1" lexsn="2:40:01::">owed</wf>
<wf cmd="ignore" pos="IN">by</wf>
<wf cmd="ignore" pos="PRP$">his</wf>
<wf cmd="tag" pos="NN">nation</wf>
<wf cmd="ignore" pos="TO">to</wf>
<wf cmd="tag" pos="JJ">other</wf>
<wf cmd="tag" pos="NNS">nations</wf>
<wf cmd="ignore" pos="MD">would</wf>
<wf cmd="done" pos="VB" ot="notag">have</wf>
<wf cmd="done" pos="VB" lemma="astonish" wnsn="1" lexsn="2:31:00::">astonished</wf>
<wf cmd="ignore" pos="DT">a</wf>
<wf cmd="tag" pos="JJ">nineteenth-century</wf>
<wf cmd="tag" pos="NN">statesman</wf>
<punc>.</punc>
</s>
<s snum="11">
<wf cmd="ignore" pos="PRP$">His</wf>
<wf cmd="tag" pos="NN">duty</wf>
<wf cmd="done" pos="VB" lemma="be" wnsn="1" lexsn="2:42:03::">was</wf>
<wf cmd="ignore" pos="TO">to</wf>
<wf cmd="ignore" pos="PRP$">his</wf>
<wf cmd="tag" pos="JJ">sovereign</wf>
<wf cmd="ignore" pos="CC">and</wf>
<wf cmd="ignore" pos="TO">to</wf>
<wf cmd="ignore" pos="PRP$">his</wf>
<wf cmd="tag" pos="NN">nation</wf>
<punc>,</punc>
<wf cmd="ignore" pos="CC">and</wf>
<wf cmd="ignore" pos="DT">an</wf>
<wf cmd="tag" pos="NN">extension</wf>
<wf cmd="ignore" pos="TO">to</wf>
<wf cmd="tag" pos="NNS">peoples</wf>
<wf cmd="ignore" pos="IN">beyond</wf>
<wf cmd="ignore" pos="DT">the</wf>
<wf cmd="tag" pos="JJ">territorial</wf>
<wf cmd="tag" pos="NNS">boundaries</wf>
<wf cmd="done" pos="VBD" ot="notag">was</wf>
<wf cmd="tag" pos="RB">not</wf>
<wf cmd="ignore" pos="TO">to</wf>
<wf cmd="done" pos="VB" ot="notag">be</wf>
<wf cmd="done" pos="VB" lemma="contemplate" wnsn="3" lexsn="2:31:00::">contemplated</wf>
<punc>.</punc>
</s>
<s snum="12">
<wf cmd="tag" pos="RB">Thus</wf>
<punc>,</punc>
<wf cmd="ignore" pos="TO">to</wf>
<wf cmd="done" pos="VB" lemma="cite" wnsn="1" lexsn="2:32:00::">cite</wf>
<wf cmd="ignore" pos="CC">but</wf>
<wf cmd="tag" pos="CD">one</wf>
<wf cmd="tag" pos="NN">example</wf>
<punc>,</punc>
<wf cmd="ignore" pos="DT">the</wf>
<wf cmd="tag" pos="NNP">Pax_Britannica</wf>
<wf cmd="ignore" pos="IN">of</wf>
<wf cmd="ignore" pos="DT">the</wf>
<wf cmd="tag" pos="JJ">nineteenth</wf>
<wf cmd="tag" pos="NN">century</wf>
<punc>,</punc>
<wf cmd="ignore" pos="IN">whether</wf>
<wf cmd="ignore" pos="IN">with</wf>
<wf cmd="tag" pos="NN">the_British</wf>
<wf cmd="tag" pos="NN">navy</wf>
<wf cmd="done" pos="VB" lemma="rule" wnsn="1" lexsn="2:41:00::">ruling</wf>
<wf cmd="ignore" pos="DT">the</wf>
<wf cmd="tag" pos="NNS">seas</wf>
<wf cmd="ignore" pos="CC">or</wf>
<wf cmd="ignore" pos="IN">with</wf>
<wf cmd="ignore" pos="DT">the</wf>
<wf cmd="tag" pos="NNP">City</wf>
<wf cmd="ignore" pos="IN">of</wf>
<wf cmd="tag" pos="NNP">London</wf>
<wf cmd="done" pos="VB" lemma="rule" wnsn="1" lexsn="2:41:00::">ruling</wf>
<wf cmd="tag" pos="NN">world</wf>
<wf cmd="tag" pos="NN">finance</wf>
<punc>,</punc>
<wf cmd="done" pos="VB" lemma="be" wnsn="1" lexsn="2:42:03::">was</wf>
<wf cmd="tag" pos="RB">strictly</wf>
<wf cmd="tag" pos="JJ">national</wf>
<wf cmd="ignore" pos="IN">in</wf>
<wf cmd="tag" pos="NN">motivation</wf>
<punc>,</punc>
<wf cmd="tag" pos="RB">however</wf>
<wf cmd="tag" pos="JJ">much</wf>
<wf cmd="tag" pos="JJ">other</wf>
<wf cmd="tag" pos="NNS">nations</wf>
<punc>(</punc>
<wf cmd="tag" pos="NNP">e._g.</wf>
<punc>,</punc>
<wf cmd="ignore" pos="DT">the</wf>
<wf cmd="tag" pos="NN">United_States</wf>
<punc>)</punc>
<wf cmd="ignore" pos="MD">may</wf>
<wf cmd="done" pos="VB" ot="notag">have</wf>
<wf cmd="tag" pos="RB">incidentally</wf>
<wf cmd="done" pos="VB" lemma="benefit" wnsn="1" lexsn="2:40:00::">benefited</wf>
<punc>.</punc>
</s>
<s snum="13">
<wf cmd="tag" pos="RB">At_the_same_time</wf>
<punc>,</punc>
<wf cmd="ignore" pos="DT">all</wf>
<wf cmd="tag" pos="NNS">suggestions</wf>
<wf cmd="ignore" pos="IN">that</wf>
<wf cmd="ignore" pos="DT">some</wf>
<wf cmd="tag" pos="RB">sort_of</wf>
<wf cmd="tag" pos="JJ">societal</wf>
<wf cmd="tag" pos="NN">responsibility</wf>
<wf cmd="done" pos="VB" lemma="exist" wnsn="1" lexsn="2:42:00::">existed</wf>
<wf cmd="ignore" pos="IN">for</wf>
<wf cmd="ignore" pos="DT">the</wf>
<wf cmd="tag" pos="NN">welfare</wf>
<wf cmd="ignore" pos="IN">of</wf>
<wf cmd="ignore" pos="DT">the</wf>
<wf cmd="tag" pos="NNS">people</wf>
<wf cmd="ignore" pos="IN">within</wf>
<wf cmd="ignore" pos="DT">the</wf>
<wf cmd="tag" pos="JJ">territorial</wf>
<wf cmd="tag" pos="NN">state</wf>
<wf cmd="done" pos="VBD" ot="notag">was</wf>
<wf cmd="tag" pos="RB">strongly</wf>
<wf cmd="done" pos="VB" lemma="resist" wnsn="1" lexsn="2:42:01::">resisted</wf>
<punc>.</punc>
</s>
<s snum="14">
<wf cmd="tag" pos="NNP">Social_Darwinism</wf>
<wf cmd="done" pos="VB" lemma="be" wnsn="1" lexsn="2:42:03::">was</wf>
<wf cmd="tag" pos="JJ">able</wf>
<wf cmd="done" pos="VB" ot="notag">to</wf>
<wf cmd="done" pos="VB" lemma="stave_off" wnsn="1" lexsn="2:41:00::">stave_off</wf>
<wf cmd="ignore" pos="DT">the</wf>
<wf cmd="tag" pos="JJ">incipient</wf>
<wf cmd="tag" pos="JJ">socialist</wf>
<wf cmd="tag" pos="NN">movement</wf>
<wf cmd="ignore" pos="IN">until</wf>
<wf cmd="tag" pos="RB">well</wf>
<wf cmd="ignore" pos="IN">into</wf>
<wf cmd="ignore" pos="DT">the</wf>
<wf cmd="tag" pos="JJ">present</wf>
<wf cmd="tag" pos="NN">century</wf>
<punc>.</punc>
</s>
</p>
<p pnum="3">
<s snum="15">
<wf cmd="tag" pos="RB">However</wf>
<punc>,</punc>
<wf cmd="ignore" pos="IN">in</wf>
<wf cmd="tag" pos="JJ">recent</wf>
<wf cmd="tag" pos="NNS">decades</wf>
<punc>,</punc>
<wf cmd="ignore" pos="IN">for</wf>
<wf cmd="ignore" pos="WP">what</wf>
<wf cmd="tag" pos="RB">doubtless</wf>
<wf cmd="done" pos="VB" lemma="be" wnsn="1" lexsn="2:42:03::">are</wf>
<wf cmd="tag" pos="JJ">multiple</wf>
<wf cmd="tag" pos="NNS">reasons</wf>
<punc>,</punc>
<wf cmd="ignore" pos="DT">an</wf>
<wf cmd="tag" pos="JJ">unannounced</wf>
<wf cmd="ignore" pos="CC">but</wf>
<wf cmd="tag" pos="RB">nonetheless</wf>
<wf cmd="tag" pos="RB">readily</wf>
<wf cmd="tag" pos="JJ">observable</wf>
<wf cmd="tag" pos="NN">shift</wf>
<wf cmd="done" pos="VBZ" ot="notag">has</wf>
<wf cmd="done" pos="VB" lemma="occur" wnsn="1" lexsn="2:30:00::">occurred</wf>
<wf cmd="ignore" pos="IN">in</wf>
<wf cmd="ignore" pos="DT">both</wf>
<wf cmd="tag" pos="NNS">facets</wf>
<wf cmd="ignore" pos="IN">of</wf>
<wf cmd="tag" pos="JJ">national</wf>
<wf cmd="tag" pos="NN">activity</wf>
<punc>.</punc>
</s>
<s snum="16">
<wf cmd="ignore" pos="DT">A</wf>
<wf cmd="tag" pos="NN">concept</wf>
<wf cmd="ignore" pos="IN">of</wf>
<wf cmd="tag" pos="NN">responsibility</wf>
<wf cmd="done" pos="VB" lemma="be" wnsn="1" lexsn="2:42:03::">is</wf>
<wf cmd="ignore" pos="IN">in</wf>
<wf cmd="tag" pos="NN">process</wf>
<wf cmd="ignore" pos="IN">of</wf>
<wf cmd="tag" pos="NN">articulation</wf>
<wf cmd="ignore" pos="CC">and</wf>
<wf cmd="tag" pos="NN">establishment</wf>
<punc>.</punc>
</s>
<s snum="17">
<wf cmd="tag" pos="RB">Already</wf>
<wf cmd="tag" pos="RB">firmly</wf>
<wf cmd="done" pos="VB" lemma="implant" wnsn="1" lexsn="2:35:00::">implanted</wf>
<wf cmd="tag" pos="RB">internally</wf>
<punc>,</punc>
<wf cmd="ignore" pos="PRP">it</wf>
<wf cmd="done" pos="VB" lemma="be" wnsn="1" lexsn="2:42:03::">is</wf>
<wf cmd="ignore" pos="DT">a</wf>
<wf cmd="tag" pos="JJ">growing</wf>
<wf cmd="tag" pos="NN">factor</wf>
<wf cmd="done" pos="VB" ot="notag">in</wf>
<wf cmd="tag" pos="JJ">external</wf>
<wf cmd="tag" pos="NNS">matters</wf>
<punc>.</punc>
</s>
</p>
<p pnum="4">
<s snum="18">
<wf cmd="tag" pos="RB">A_little</wf>
<wf cmd="tag" pos="RB">more_than</wf>
<wf cmd="tag" pos="CD">twenty</wf>
<wf cmd="tag" pos="NNS">years</wf>
<wf cmd="tag" pos="RB">ago</wf>
<wf cmd="ignore" pos="DT">the</wf>
<wf cmd="tag" pos="NNP">American</wf>
<wf cmd="tag" pos="NNS">people</wf>
<wf cmd="done" pos="VB" lemma="turn" wnsn="1" lexsn="2:38:00::">turned</wf>
<wf cmd="ignore" pos="DT">an</wf>
<wf cmd="tag" pos="JJ">important</wf>
<wf cmd="tag" pos="NN">corner</wf>
<punc>.</punc>
</s>
<s snum="19">
<wf cmd="tag" pos="RB">In_what</wf>
<wf cmd="done" pos="VBZ" ot="notag">has</wf>
<wf cmd="tag" pos="RB">aptly</wf>
<wf cmd="done" pos="VB" lemma="be" wnsn="2" lexsn="2:42:06::">been</wf>
<wf cmd="done" pos="VB" lemma="call" wnsn="2" lexsn="2:32:00::">called</wf>
<wf cmd="ignore" pos="DT">a</wf>
<punc>``</punc>
<wf cmd="tag" pos="JJ">constitutional</wf>
<wf cmd="tag" pos="NN">revolution</wf>
<punc>''</punc>
<punc>,</punc>
<wf cmd="ignore" pos="DT">the</wf>
<wf cmd="tag" pos="JJ">basic</wf>
<wf cmd="tag" pos="NN">nature</wf>
<wf cmd="ignore" pos="IN">of</wf>
<wf cmd="tag" pos="NN">government</wf>
<wf cmd="done" pos="VBD" ot="notag">was</wf>
<wf cmd="done" pos="VB" lemma="transform" wnsn="3" lexsn="2:30:03::">transformed</wf>
<wf cmd="ignore" pos="IN">from</wf>
<wf cmd="tag" pos="CD">one</wf>
<wf cmd="tag" pos="RB">essentially</wf>
<wf cmd="tag" pos="JJ">negative</wf>
<wf cmd="ignore" pos="IN">in</wf>
<wf cmd="tag" pos="NN">nature</wf>
<punc>(</punc>
<wf cmd="ignore" pos="DT">the</wf>
<punc>``</punc>
<wf cmd="tag" pos="NN">night-watchman</wf>
<wf cmd="tag" pos="NN">state</wf>
<punc>''</punc>
<punc>)</punc>
<wf cmd="ignore" pos="TO">to</wf>
<wf cmd="tag" pos="CD">one</wf>
<wf cmd="ignore" pos="IN">with</wf>
<wf cmd="tag" pos="JJ">affirmative</wf>
<wf cmd="tag" pos="NNS">duties</wf>
<wf cmd="ignore" pos="TO">to</wf>
<wf cmd="done" pos="VB" lemma="perform" wnsn="1" lexsn="2:36:00::">perform</wf>
<punc>.</punc>
</s>
<s snum="20">
<wf cmd="ignore" pos="DT">The</wf>
<punc>``</punc>
<wf cmd="tag" pos="JJ">positive</wf>
<wf cmd="tag" pos="NN">state</wf>
<punc>''</punc>
<wf cmd="done" pos="VB" lemma="come" wnsn="3" lexsn="2:30:01::">came</wf>
<wf cmd="done" pos="VB" ot="notag">into</wf>
<wf cmd="tag" pos="NN">existence</wf>
<punc>.</punc>
</s>
<s snum="21">
<wf cmd="ignore" pos="IN">For</wf>
<wf cmd="tag" pos="NNS">lawyers</wf>
<punc>,</punc>
<wf cmd="done" pos="VB" lemma="reflect" wnsn="3" lexsn="2:39:00::">reflecting</wf>
<wf cmd="tag" pos="RB">perhaps</wf>
<wf cmd="ignore" pos="PRP$">their</wf>
<wf cmd="tag" pos="JJ">parochial</wf>
<wf cmd="tag" pos="NNS">preferences</wf>
<punc>,</punc>
<wf cmd="ignore" pos="EX">there</wf>
<wf cmd="done" pos="VBZ" ot="notag">has</wf>
<wf cmd="done" pos="VB" lemma="be" wnsn="4" lexsn="2:42:00::">been</wf>
<wf cmd="ignore" pos="DT">a</wf>
<wf cmd="tag" pos="JJ">special</wf>
<wf cmd="tag" pos="NN">fascination</wf>
<wf cmd="ignore" pos="IN">since</wf>
<wf cmd="tag" pos="RB">then</wf>
<wf cmd="ignore" pos="IN">in</wf>
<wf cmd="ignore" pos="DT">the</wf>
<wf cmd="tag" pos="NN">role</wf>
<wf cmd="done" pos="VB" lemma="play" wnsn="2" lexsn="2:41:12::">played</wf>
<wf cmd="ignore" pos="IN">by</wf>
<wf cmd="ignore" pos="DT">the</wf>
<wf cmd="tag" pos="NN">Supreme_Court</wf>
<wf cmd="tag" pos="RB">in_that</wf>
<wf cmd="tag" pos="NN">transformation</wf>
<punc>-</punc>
<wf cmd="ignore" pos="DT">the</wf>
<wf cmd="tag" pos="NN">manner</wf>
<wf cmd="tag" pos="RB">in_which</wf>
<wf cmd="ignore" pos="PRP$">its</wf>
<wf cmd="tag" pos="NNS">decisions</wf>
<wf cmd="done" pos="VB" lemma="alter" wnsn="1" lexsn="2:30:01::">altered</wf>
<wf cmd="ignore" pos="IN">in</wf>
<punc>``</punc>
<wf cmd="ignore" pos="DT">the</wf>
<wf cmd="tag" pos="NN">switch</wf>
<wf cmd="tag" pos="RB">in_time</wf>
<wf cmd="ignore" pos="WDT">that</wf>
<wf cmd="done" pos="VB" lemma="save" wnsn="1" lexsn="2:41:01::">saved</wf>
<wf cmd="tag" pos="CD">nine</wf>
<punc>''</punc>
<punc>,</punc>
<wf cmd="tag" pos="NNP">President_Roosevelt</wf>
<wf cmd="ignore" pos="POS">'s</wf>
<wf cmd="tag" pos="JJ">ill-starred</wf>
<wf cmd="ignore" pos="CC">but</wf>
<wf cmd="tag" pos="RB">in_effect</wf>
<wf cmd="tag" pos="JJ">victorious</wf>
<punc>``</punc>
<wf cmd="tag" pos="JJ">Court-packing</wf>
<wf cmd="tag" pos="NN">plan</wf>
<punc>''</punc>
<punc>,</punc>
<wf cmd="ignore" pos="DT">the</wf>
<wf cmd="tag" pos="NN">imprimatur</wf>
<wf cmd="ignore" pos="IN">of</wf>
<wf cmd="tag" pos="JJ">judicial</wf>
<wf cmd="tag" pos="NN">approval</wf>
<wf cmd="ignore" pos="WDT">that</wf>
<wf cmd="done" pos="VBD" ot="notag">was</wf>
<wf cmd="tag" pos="RB">finally</wf>
<wf cmd="done" pos="VB" lemma="place" wnsn="1" lexsn="2:35:00::">placed</wf>
<wf cmd="ignore" pos="IN">upon</wf>
<wf cmd="tag" pos="JJ">social</wf>
<wf cmd="tag" pos="NN">legislation</wf>
<punc>.</punc>
</s>
<s snum="22">
<wf cmd="ignore" pos="IN">Of</wf>
<wf cmd="tag" pos="JJR">greater</wf>
<wf cmd="tag" pos="NN">importance</wf>
<punc>,</punc>
<wf cmd="tag" pos="RB">however</wf>
<punc>,</punc>
<wf cmd="done" pos="VB" lemma="be" wnsn="2" lexsn="2:42:06::">is</wf>
<wf cmd="ignore" pos="DT">the</wf>
<wf cmd="tag" pos="NN">content</wf>
<wf cmd="ignore" pos="IN">of</wf>
<wf cmd="ignore" pos="DT">those</wf>
<wf cmd="tag" pos="NNS">programs</wf>
<punc>,</punc>
<wf cmd="ignore" pos="WDT">which</wf>
<wf cmd="done" pos="VBP" ot="notag">have</wf>
<wf cmd="done" pos="VB" lemma="have" wnsn="5" lexsn="2:30:00::">had</wf>
<wf cmd="ignore" pos="CC">and</wf>
<wf cmd="done" pos="VBP" ot="notag">are</wf>
<wf cmd="done" pos="VB" lemma="have" wnsn="5" lexsn="2:30:00::">having</wf>
<wf cmd="tag" pos="JJ">enormous</wf>
<wf cmd="tag" pos="NNS">consequences</wf>
<wf cmd="ignore" pos="IN">for</wf>
<wf cmd="ignore" pos="DT">the</wf>
<wf cmd="tag" pos="NNP">American</wf>
<wf cmd="tag" pos="NNS">people</wf>
<punc>.</punc>
</s>
<s snum="23">
<wf cmd="tag" pos="NN">Labor</wf>
<wf cmd="tag" pos="NNS">relations</wf>
<wf cmd="done" pos="VBP" ot="notag">have</wf>
<wf cmd="done" pos="VBN" ot="notag">been</wf>
<wf cmd="done" pos="VB" lemma="transform" wnsn="3" lexsn="2:30:03::">transformed</wf>
<punc>,</punc>
<wf cmd="tag" pos="NN">income</wf>
<wf cmd="tag" pos="NN">security</wf>
<wf cmd="done" pos="VBZ" ot="notag">has</wf>
<wf cmd="done" pos="VB" lemma="become" wnsn="1" lexsn="2:30:00::">become</wf>
<wf cmd="ignore" pos="DT">a</wf>
<wf cmd="tag" pos="JJ">standardized</wf>
<wf cmd="tag" pos="NN">feature</wf>
<wf cmd="ignore" pos="IN">of</wf>
<wf cmd="tag" pos="NN">political_platforms</wf>
<punc>,</punc>
<wf cmd="ignore" pos="CC">and</wf>
<wf cmd="ignore" pos="DT">all</wf>
<wf cmd="ignore" pos="DT">the</wf>
<wf cmd="tag" pos="JJ">many</wf>
<wf cmd="tag" pos="NNS">facets</wf>
<wf cmd="ignore" pos="IN">of</wf>
<wf cmd="ignore" pos="DT">the</wf>
<wf cmd="tag" pos="NNP">American</wf>
<wf cmd="tag" pos="NN">version</wf>
<wf cmd="ignore" pos="IN">of</wf>
<wf cmd="ignore" pos="DT">the</wf>
<wf cmd="tag" pos="NN">welfare_state</wf>
<wf cmd="done" pos="VBP" ot="notag">have</wf>
<wf cmd="done" pos="VB" lemma="become" wnsn="1" lexsn="2:30:00::">become</wf>
<wf cmd="tag" pos="NN">part</wf>
<wf cmd="done" pos="VB" ot="notag">of</wf>
<wf cmd="ignore" pos="DT">the</wf>
<wf cmd="tag" pos="JJ">conventional</wf>
<wf cmd="tag" pos="NN">wisdom</wf>
<punc>.</punc>
</s>
<s snum="24">
<wf cmd="ignore" pos="DT">A</wf>
<wf cmd="tag" pos="JJ">national</wf>
<wf cmd="tag" pos="NN">consensus</wf>
<wf cmd="ignore" pos="IN">of</wf>
<wf cmd="ignore" pos="IN">near</wf>
<wf cmd="tag" pos="NN">unanimity</wf>
<wf cmd="done" pos="VB" lemma="exist" wnsn="1" lexsn="2:42:00::">exists</wf>
<wf cmd="ignore" pos="IN">that</wf>
<wf cmd="ignore" pos="DT">these</wf>
<wf cmd="tag" pos="JJ">governmental</wf>
<wf cmd="tag" pos="NNS">efforts</wf>
<wf cmd="done" pos="VB" lemma="be" wnsn="1" lexsn="2:42:03::">are</wf>
<wf cmd="tag" pos="JJ">desirable</wf>
<wf cmd="tag" pos="RB">as_well</wf>
<wf cmd="ignore" pos="IN">as</wf>
<wf cmd="tag" pos="JJ">necessary</wf>
<punc>.</punc>
</s>
<s snum="25">
<wf cmd="done" pos="VB" lemma="ratify" wnsn="1" lexsn="2:41:00::">Ratified</wf>
<wf cmd="ignore" pos="IN">in</wf>
<wf cmd="ignore" pos="DT">the</wf>
<wf cmd="tag" pos="NN">Republican_Party</wf>
<wf cmd="tag" pos="NN">victory</wf>
<wf cmd="ignore" pos="IN">in</wf>
<wf cmd="tag" pos="CD">1952</wf>
<punc>,</punc>
<wf cmd="ignore" pos="DT">the</wf>
<wf cmd="tag" pos="JJ">Positive</wf>
<wf cmd="tag" pos="NNP">State</wf>
<wf cmd="done" pos="VBZ" ot="notag">is</wf>
<wf cmd="tag" pos="RB">now</wf>
<wf cmd="done" pos="VB" lemma="evidence" wnsn="2" lexsn="2:32:01::">evidenced</wf>
<wf cmd="ignore" pos="IN">by</wf>
<wf cmd="tag" pos="NN">political_campaigns</wf>
<wf cmd="done" pos="VBG" ot="notag">being</wf>
<wf cmd="done" pos="VB" lemma="wage" wnsn="1" lexsn="2:41:00::">waged</wf>
<wf cmd="tag" pos="RB">not</wf>
<wf cmd="ignore" pos="IN">on</wf>
<wf cmd="ignore" pos="IN">whether</wf>
<wf cmd="ignore" pos="CC">but</wf>
<wf cmd="ignore" pos="IN">on</wf>
<wf cmd="ignore" pos="WRB">how</wf>
<wf cmd="tag" pos="JJ">much</wf>
<wf cmd="tag" pos="JJ">social</wf>
<wf cmd="tag" pos="NN">legislation</wf>
<wf cmd="ignore" pos="EX">there</wf>
<wf cmd="ignore" pos="MD">should</wf>
<wf cmd="done" pos="VB" lemma="be" wnsn="4" lexsn="2:42:00::">be</wf>
<punc>.</punc>
</s>
</p>
<p pnum="5">
<s snum="26">
<wf cmd="ignore" pos="DT">The</wf>
<wf cmd="tag" pos="JJ">general</wf>
<wf cmd="tag" pos="NN">acceptance</wf>
<wf cmd="ignore" pos="IN">of</wf>
<wf cmd="ignore" pos="DT">the</wf>
<wf cmd="tag" pos="NN">idea</wf>
<wf cmd="ignore" pos="IN">of</wf>
<wf cmd="tag" pos="JJ">governmental</wf>
<punc>(</punc>
<wf cmd="tag" pos="NN">i.</wf>
<wf cmd="tag" pos="NNP">e.</wf>
<punc>,</punc>
<wf cmd="tag" pos="JJ">societal</wf>
<punc>)</punc>
<wf cmd="tag" pos="NN">responsibility</wf>
<wf cmd="ignore" pos="IN">for</wf>
<wf cmd="ignore" pos="DT">the</wf>
<wf cmd="tag" pos="JJ">economic</wf>
<wf cmd="tag" pos="NN">well-being</wf>
<wf cmd="ignore" pos="IN">of</wf>
<wf cmd="ignore" pos="DT">the</wf>
<wf cmd="tag" pos="NNP">American</wf>
<wf cmd="tag" pos="NNS">people</wf>
<wf cmd="done" pos="VB" lemma="be" wnsn="1" lexsn="2:42:03::">is</wf>
<wf cmd="tag" pos="RB">surely</wf>
<wf cmd="tag" pos="CD">one</wf>
<wf cmd="ignore" pos="IN">of</wf>
<wf cmd="ignore" pos="DT">the</wf>
<wf cmd="tag" pos="CD">two</wf>
<wf cmd="tag" pos="RBS">most</wf>
<wf cmd="tag" pos="JJ">significant</wf>
<wf cmd="tag" pos="NNS">watersheds</wf>
<wf cmd="ignore" pos="IN">in</wf>
<wf cmd="tag" pos="NNP">American</wf>
<wf cmd="tag" pos="JJ">constitutional</wf>
<wf cmd="tag" pos="NN">history</wf>
<punc>.</punc>
</s>
<s snum="27">
<wf cmd="ignore" pos="DT">The</wf>
<wf cmd="tag" pos="JJ">other</wf>
<punc>,</punc>
<wf cmd="tag" pos="RB">of_course</wf>
<punc>,</punc>
<wf cmd="done" pos="VB" lemma="be" wnsn="2" lexsn="2:42:06::">was</wf>
<wf cmd="ignore" pos="DT">the</wf>
<wf cmd="tag" pos="NN">Civil_War</wf>
<punc>,</punc>
<wf cmd="ignore" pos="DT">the</wf>
<wf cmd="tag" pos="NN">conflict</wf>
<wf cmd="ignore" pos="WDT">which</wf>
<wf cmd="ignore" pos="DT">a</wf>
<wf cmd="tag" pos="NN">century</wf>
<wf cmd="tag" pos="RB">ago</wf>
<wf cmd="done" pos="VB" lemma="insure" wnsn="2" lexsn="2:32:04::">insured</wf>
<wf cmd="tag" pos="JJ">national</wf>
<wf cmd="tag" pos="NN">unity</wf>
<wf cmd="ignore" pos="IN">over</wf>
<wf cmd="tag" pos="NN">fragmentation</wf>
<punc>.</punc>
</s>
<s snum="28">
<wf cmd="ignore" pos="DT">A</wf>
<wf cmd="tag" pos="JJ">third</wf>
<punc>,</punc>
<wf cmd="tag" pos="CD">one</wf>
<wf cmd="ignore" pos="IN">of</wf>
<wf cmd="tag" pos="RB">at_least</wf>
<wf cmd="tag" pos="JJ">equal</wf>
<wf cmd="ignore" pos="CC">and</wf>
<wf cmd="tag" pos="RB">perhaps</wf>
<wf cmd="tag" pos="RB">even</wf>
<wf cmd="tag" pos="JJR">greater</wf>
<wf cmd="tag" pos="NN">importance</wf>
<punc>,</punc>
<wf cmd="done" pos="VBZ" ot="notag">is</wf>
<wf cmd="tag" pos="RB">now</wf>
<wf cmd="done" pos="VBG" ot="notag">being</wf>
<wf cmd="done" pos="VB" lemma="traverse" wnsn="1" lexsn="2:38:00::">traversed</wf>
<punc>:</punc>
<wf cmd="tag" pos="NNP">American</wf>
<wf cmd="tag" pos="NN">immersion</wf>
<wf cmd="ignore" pos="CC">and</wf>
<wf cmd="tag" pos="NN">involvement</wf>
<wf cmd="ignore" pos="IN">in</wf>
<wf cmd="tag" pos="NN">world</wf>
<wf cmd="tag" pos="NNS">affairs</wf>
<punc>.</punc>
</s>
</p>
<p pnum="6">
<s snum="29">
<wf cmd="tag" pos="NNP">Internal</wf>
<wf cmd="tag" pos="JJ">national</wf>
<wf cmd="tag" pos="NN">responsibility</wf>
<punc>,</punc>
<wf cmd="tag" pos="RB">now</wf>
<wf cmd="ignore" pos="DT">a</wf>
<wf cmd="tag" pos="NN">truism</wf>
<punc>,</punc>
<wf cmd="done" pos="VB" lemma="need" wnsn="1" lexsn="2:42:00::">need</wf>
<wf cmd="tag" pos="RB">not</wf>
<wf cmd="done" pos="VB" ot="notag">be</wf>
<wf cmd="done" pos="VB" lemma="document" wnsn="2" lexsn="2:31:00::">documented</wf>
<punc>.</punc>
</s>
<s snum="30">
<wf cmd="tag" pos="RB">Nevertheless</wf>
<punc>,</punc>
<wf cmd="ignore" pos="PRP">it</wf>
<wf cmd="ignore" pos="MD">may</wf>
<wf cmd="done" pos="VB" lemma="be" wnsn="1" lexsn="2:42:03::">be</wf>
<wf cmd="tag" pos="JJ">helpful</wf>
<wf cmd="done" pos="VB" ot="notag">to</wf>
<wf cmd="done" pos="VB" lemma="cite" wnsn="1" lexsn="2:32:00::">cite</wf>
<wf cmd="tag" pos="CD">one</wf>
<wf cmd="tag" pos="NN">example</wf>
<punc>-</punc>
<wf cmd="ignore" pos="IN">that</wf>
<wf cmd="ignore" pos="IN">of</wf>
<wf cmd="tag" pos="NN">employment</wf>
<punc>-</punc>
<wf cmd="tag" pos="RB">for</wf>
<punc>,</punc>
<wf cmd="ignore" pos="IN">as</wf>
<wf cmd="ignore" pos="MD">will</wf>
<wf cmd="done" pos="VB" ot="notag">be</wf>
<wf cmd="done" pos="VB" lemma="show" wnsn="2" lexsn="2:31:00::">shown</wf>
<wf cmd="tag" pos="RB">below</wf>
<punc>,</punc>
<wf cmd="ignore" pos="PRP">it</wf>
<wf cmd="done" pos="VB" lemma="cut_across" wnsn="2" lexsn="2:42:00::">cuts_across</wf>
<wf cmd="ignore" pos="DT">both</wf>
<wf cmd="tag" pos="NNS">facets</wf>
<wf cmd="ignore" pos="IN">of</wf>
<wf cmd="ignore" pos="DT">the</wf>
<wf cmd="tag" pos="JJ">new</wf>
<wf cmd="tag" pos="NN">concept</wf>
<punc>.</punc>
</s>
<s snum="31">
<wf cmd="tag" pos="CD">Thirty</wf>
<wf cmd="tag" pos="NNS">years</wf>
<wf cmd="tag" pos="RB">ago</wf>
<punc>,</punc>
<wf cmd="ignore" pos="IN">while</wf>
<wf cmd="ignore" pos="DT">the</wf>
<wf cmd="tag" pos="NN">nation</wf>
<wf cmd="done" pos="VBD" ot="notag">was</wf>
<wf cmd="done" pos="VB" lemma="wallow" wnsn="1" lexsn="2:34:01::">wallowing</wf>
<wf cmd="done" pos="VB" ot="notag">in</wf>
<wf cmd="tag" pos="JJ">economic</wf>
<wf cmd="tag" pos="NN">depression</wf>
<punc>,</punc>
<wf cmd="ignore" pos="DT">the</wf>
<wf cmd="tag" pos="JJ">prevailing</wf>
<wf cmd="tag" pos="NN">philosophy</wf>
<wf cmd="ignore" pos="IN">of</wf>
<wf cmd="tag" pos="NN">government</wf>
<wf cmd="done" pos="VB" lemma="be" wnsn="1" lexsn="2:42:03::">was</wf>
<wf cmd="ignore" pos="TO">to</wf>
<wf cmd="done" pos="VB" lemma="stand" wnsn="2" lexsn="2:42:04::">stand</wf>
<wf cmd="done" pos="VB" ot="notag">aside</wf>
<wf cmd="ignore" pos="CC">and</wf>
<wf cmd="done" pos="VB" lemma="allow" wnsn="2" lexsn="2:32:00::">allow</wf>
<punc>``</punc>
<wf cmd="tag" pos="JJ">natural</wf>
<wf cmd="tag" pos="NNS">forces</wf>
<punc>''</punc>
<wf cmd="ignore" pos="TO">to</wf>
<wf cmd="done" pos="VB" lemma="operate" wnsn="2" lexsn="2:35:03::">operate</wf>
<wf cmd="ignore" pos="CC">and</wf>
<wf cmd="done" pos="VB" lemma="cure" wnsn="1" lexsn="2:29:00::">cure</wf>
<wf cmd="ignore" pos="DT">the</wf>
<wf cmd="tag" pos="NN">distress</wf>
<punc>.</punc>
</s>
<s snum="32">
<wf cmd="ignore" pos="DT">That</wf>
<wf cmd="tag" pos="JJ">guiding</wf>
<wf cmd="tag" pos="NN">principle</wf>
<wf cmd="ignore" pos="IN">of</wf>
<wf cmd="ignore" pos="DT">the</wf>
<wf cmd="tag" pos="NNP">Hoover_Administration</wf>
<wf cmd="done" pos="VB" lemma="fall" wnsn="7" lexsn="2:42:00::">fell</wf>
<wf cmd="done" pos="VB" ot="notag">to</wf>
<wf cmd="ignore" pos="DT">the</wf>
<wf cmd="tag" pos="NN">siege</wf>
<wf cmd="tag" pos="NNS">guns</wf>
<wf cmd="ignore" pos="IN">of</wf>
<wf cmd="ignore" pos="DT">the</wf>
<wf cmd="tag" pos="NN">New_Deal</wf>
<punc>;</punc>
<wf cmd="tag" pos="RB">less_than</wf>
<wf cmd="ignore" pos="DT">a</wf>
<wf cmd="tag" pos="NN">score</wf>
<wf cmd="ignore" pos="IN">of</wf>
<wf cmd="tag" pos="NNS">years</wf>
<wf cmd="tag" pos="RB">later</wf>
<wf cmd="tag" pos="NNP">Congress</wf>
<wf cmd="done" pos="VB" lemma="enact" wnsn="1" lexsn="2:41:00::">enacted</wf>
<wf cmd="ignore" pos="DT">the</wf>
<wf cmd="tag" pos="NNP">Employment_Act</wf>
<wf cmd="ignore" pos="IN">of</wf>
<wf cmd="tag" pos="CD">1946</wf>
<punc>,</punc>
<wf cmd="ignore" pos="IN">by</wf>
<wf cmd="ignore" pos="WDT">which</wf>
<wf cmd="ignore" pos="DT">the</wf>
<wf cmd="tag" pos="JJ">national</wf>
<wf cmd="tag" pos="NN">government</wf>
<wf cmd="done" pos="VB" lemma="assume" wnsn="4" lexsn="2:40:01::">assumed</wf>
<wf cmd="ignore" pos="DT">the</wf>
<wf cmd="tag" pos="NN">responsibility</wf>
<wf cmd="ignore" pos="IN">of</wf>
<wf cmd="done" pos="VB" lemma="take" wnsn="1" lexsn="2:41:04::">taking</wf>
<wf cmd="tag" pos="NN">action</wf>
<wf cmd="ignore" pos="TO">to</wf>
<wf cmd="done" pos="VB" lemma="insure" wnsn="2" lexsn="2:32:04::">insure</wf>
<wf cmd="tag" pos="NNS">conditions</wf>
<wf cmd="ignore" pos="IN">of</wf>
<wf cmd="tag" pos="JJ">maximum</wf>
<wf cmd="tag" pos="NN">employment</wf>
<punc>.</punc>
</s>
<s snum="33">
<wf cmd="tag" pos="JJ">Hands-off</wf>
<wf cmd="ignore" pos="DT">the</wf>
<wf cmd="tag" pos="NN">economy</wf>
<wf cmd="done" pos="VBD" ot="notag">was</wf>
<wf cmd="done" pos="VB" lemma="replace" wnsn="2" lexsn="2:41:00::">replaced</wf>
<wf cmd="ignore" pos="IN">by</wf>
<wf cmd="tag" pos="JJ">conscious</wf>
<wf cmd="tag" pos="NN">guidance</wf>
<wf cmd="ignore" pos="IN">through</wf>
<wf cmd="tag" pos="NN">planning</wf>
<punc>-</punc>
<wf cmd="ignore" pos="DT">the</wf>
<wf cmd="tag" pos="JJ">economic</wf>
<wf cmd="tag" pos="NN">side</wf>
<wf cmd="ignore" pos="IN">of</wf>
<wf cmd="ignore" pos="DT">the</wf>
<wf cmd="tag" pos="JJ">constitutional</wf>
<wf cmd="tag" pos="NN">revolution</wf>
<punc>.</punc>
</s>
<s snum="34">
<wf cmd="ignore" pos="IN">In</wf>
<wf cmd="tag" pos="CD">1961</wf>
<wf cmd="ignore" pos="DT">the</wf>
<wf cmd="tag" pos="JJ">first</wf>
<wf cmd="tag" pos="JJ">important</wf>
<wf cmd="tag" pos="JJ">legislative</wf>
<wf cmd="tag" pos="NN">victory</wf>
<wf cmd="ignore" pos="IN">of</wf>
<wf cmd="ignore" pos="DT">the</wf>
<wf cmd="tag" pos="NNP">Kennedy_Administration</wf>
<wf cmd="done" pos="VB" lemma="come" wnsn="3" lexsn="2:30:01::">came</wf>
<wf cmd="ignore" pos="WRB">when</wf>
<wf cmd="ignore" pos="DT">the</wf>
<wf cmd="tag" pos="NN">principle</wf>
<wf cmd="ignore" pos="IN">of</wf>
<wf cmd="tag" pos="JJ">national</wf>
<wf cmd="tag" pos="NN">responsibility</wf>
<wf cmd="ignore" pos="IN">for</wf>
<wf cmd="tag" pos="JJ">local</wf>
<wf cmd="tag" pos="JJ">economic</wf>
<wf cmd="tag" pos="NN">distress</wf>
<wf cmd="done" pos="VB" lemma="win" wnsn="1" lexsn="2:33:00::">won</wf>
<wf cmd="ignore" pos="IN">out</wf>
<wf cmd="ignore" pos="IN">over</wf>
<wf cmd="ignore" pos="DT">a</wf>
<punc>``</punc>
<wf cmd="tag" pos="NN">state</wf>
<wf cmd="ignore" pos="POS">'s</wf>
<punc>-</punc>
<wf cmd="tag" pos="NN">responsibility</wf>
<punc>''</punc>
<wf cmd="tag" pos="NN">proposal</wf>
<punc>-</punc>
<wf cmd="tag" pos="NN">provision</wf>
<wf cmd="done" pos="VBD" ot="notag">was</wf>
<wf cmd="done" pos="VB" lemma="make" wnsn="3" lexsn="2:36:00::">made</wf>
<wf cmd="ignore" pos="IN">for</wf>
<wf cmd="tag" pos="NN">payment</wf>
<wf cmd="ignore" pos="IN">for</wf>
<wf cmd="tag" pos="NN">unemployment</wf>
<wf cmd="tag" pos="NN">relief</wf>
<wf cmd="ignore" pos="IN">by</wf>
<wf cmd="tag" pos="JJ">nation-wide</wf>
<wf cmd="tag" pos="NN">taxation</wf>
<wf cmd="tag" pos="RB">rather_than</wf>
<wf cmd="ignore" pos="IN">by</wf>
<wf cmd="ignore" pos="DT">a</wf>
<wf cmd="tag" pos="NN">levy</wf>
<wf cmd="tag" pos="RB">only</wf>
<wf cmd="ignore" pos="IN">on</wf>
<wf cmd="ignore" pos="DT">those</wf>
<wf cmd="tag" pos="NNS">states</wf>
<wf cmd="tag" pos="JJ">afflicted</wf>
<wf cmd="ignore" pos="IN">with</wf>
<wf cmd="tag" pos="NN">manpower</wf>
<wf cmd="tag" pos="NN">surplus</wf>
<punc>.</punc>
</s>
<s snum="35">
<wf cmd="ignore" pos="DT">The</wf>
<wf cmd="tag" pos="NNP">American</wf>
<wf cmd="tag" pos="NNS">people</wf>
<wf cmd="done" pos="VBP" ot="notag">have</wf>
<wf cmd="tag" pos="RB">indeed</wf>
<wf cmd="done" pos="VB" lemma="come" wnsn="4" lexsn="2:30:03::">come</wf>
<wf cmd="ignore" pos="DT">a</wf>
<wf cmd="tag" pos="JJ">long</wf>
<wf cmd="tag" pos="NN">way</wf>
<wf cmd="ignore" pos="IN">in</wf>
<wf cmd="ignore" pos="DT">the</wf>
<wf cmd="tag" pos="JJ">brief</wf>
<wf cmd="tag" pos="NN">interval</wf>
<wf cmd="ignore" pos="IN">between</wf>
<wf cmd="tag" pos="CD">1930</wf>
<wf cmd="ignore" pos="CC">and</wf>
<wf cmd="tag" pos="CD">1961</wf>
<punc>.</punc>
</s>
</p>
<p pnum="7">
<s snum="36">
<wf cmd="tag" pos="NNP">Internal</wf>
<wf cmd="tag" pos="JJ">national</wf>
<wf cmd="tag" pos="NN">responsibility</wf>
<wf cmd="done" pos="VB" lemma="be" wnsn="1" lexsn="2:42:03::">is</wf>
<wf cmd="ignore" pos="DT">a</wf>
<wf cmd="tag" pos="JJ">societal</wf>
<wf cmd="tag" pos="NN">response</wf>
<wf cmd="ignore" pos="TO">to</wf>
<wf cmd="ignore" pos="DT">the</wf>
<wf cmd="tag" pos="NN">impact</wf>
<wf cmd="ignore" pos="IN">of</wf>
<wf cmd="ignore" pos="DT">the</wf>
<wf cmd="tag" pos="NN">Industrial_Revolution</wf>
<punc>.</punc>
</s>
<s snum="37">
<wf cmd="done" pos="VB" lemma="reduce" wnsn="2" lexsn="2:30:06::">Reduced</wf>
<wf cmd="done" pos="VB" ot="notag">to</wf>
<wf cmd="ignore" pos="PRP$">its</wf>
<wf cmd="tag" pos="JJS">simplest</wf>
<wf cmd="tag" pos="NNS">terms</wf>
<punc>,</punc>
<wf cmd="ignore" pos="PRP">it</wf>
<wf cmd="done" pos="VB" lemma="be" wnsn="1" lexsn="2:42:03::">is</wf>
<wf cmd="ignore" pos="DT">an</wf>
<wf cmd="tag" pos="NN">assumption</wf>
<wf cmd="ignore" pos="IN">of</wf>
<wf cmd="ignore" pos="DT">a</wf>
<wf cmd="tag" pos="JJ">collective</wf>
<wf cmd="tag" pos="NN">duty</wf>
<wf cmd="ignore" pos="TO">to</wf>
<wf cmd="done" pos="VB" lemma="compensate" wnsn="1" lexsn="2:42:00::">compensate</wf>
<wf cmd="ignore" pos="VB">IN</wf>
<wf cmd="ignore" pos="DT">the</wf>
<wf cmd="tag" pos="NN">inability</wf>
<wf cmd="ignore" pos="IN">of</wf>
<wf cmd="tag" pos="NNS">individuals</wf>
<wf cmd="ignore" pos="TO">to</wf>
<wf cmd="done" pos="VB" lemma="cope_with" wnsn="1" lexsn="2:41:00::">cope_with</wf>
<wf cmd="ignore" pos="DT">the</wf>
<wf cmd="tag" pos="NNS">rigors</wf>
<wf cmd="ignore" pos="IN">of</wf>
<wf cmd="ignore" pos="DT">the</wf>
<wf cmd="tag" pos="NN">era</wf>
<punc>.</punc>
</s>
<s snum="38">
<wf cmd="tag" pos="NNP">National</wf>
<wf cmd="tag" pos="NN">responsibility</wf>
<wf cmd="ignore" pos="IN">for</wf>
<wf cmd="tag" pos="JJ">individual</wf>
<wf cmd="tag" pos="NN">welfare</wf>
<wf cmd="done" pos="VB" lemma="be" wnsn="1" lexsn="2:42:03::">is</wf>
<wf cmd="ignore" pos="DT">a</wf>
<wf cmd="tag" pos="NN">concept</wf>
<wf cmd="tag" pos="RB">not</wf>
<wf cmd="done" pos="VB" lemma="limit" wnsn="0" lexsn="2:41:00::">limited</wf>
<wf cmd="ignore" pos="TO">to</wf>
<wf cmd="ignore" pos="DT">the</wf>
<wf cmd="tag" pos="NN">United_States</wf>
<wf cmd="ignore" pos="CC">or</wf>
<wf cmd="tag" pos="RB">even</wf>
<wf cmd="ignore" pos="TO">to</wf>
<wf cmd="ignore" pos="DT">the</wf>
<wf cmd="tag" pos="JJ">Western</wf>
<wf cmd="tag" pos="NNS">nations</wf>
<punc>.</punc>
</s>
<s snum="39">
<wf cmd="ignore" pos="DT">A</wf>
<wf cmd="tag" pos="NN">measure</wf>
<wf cmd="ignore" pos="IN">of</wf>
<wf cmd="ignore" pos="PRP$">its</wf>
<wf cmd="tag" pos="JJ">widespread</wf>
<wf cmd="tag" pos="NN">acceptance</wf>
<wf cmd="ignore" pos="MD">may</wf>
<wf cmd="done" pos="VB" ot="notag">be</wf>
<wf cmd="done" pos="VB" lemma="derive" wnsn="1" lexsn="2:31:00::">derived</wf>
<wf cmd="done" pos="VB" ot="notag">from</wf>
<wf cmd="ignore" pos="DT">a</wf>
<wf cmd="tag" pos="NN">statement</wf>
<wf cmd="ignore" pos="IN">of</wf>
<wf cmd="ignore" pos="DT">the</wf>
<wf cmd="tag" pos="NNP">International_Congress</wf>
<wf cmd="ignore" pos="IN">of</wf>
<wf cmd="tag" pos="NNP">Jurists</wf>
<wf cmd="ignore" pos="IN">in</wf>
<wf cmd="tag" pos="CD">1959</wf>
<punc>.</punc>
</s>
<s snum="40">
<wf cmd="done" pos="VB" lemma="meet" wnsn="2" lexsn="2:41:01::">Meeting</wf>
<wf cmd="ignore" pos="IN">in</wf>
<wf cmd="tag" pos="NN">New_Delhi</wf>
<wf cmd="ignore" pos="IN">under</wf>
<wf cmd="ignore" pos="DT">the</wf>
<wf cmd="tag" pos="NNS">auspices</wf>
<wf cmd="ignore" pos="IN">of</wf>
<wf cmd="ignore" pos="DT">the</wf>
<wf cmd="tag" pos="NNP">International_Commission</wf>
<wf cmd="ignore" pos="IN">of</wf>
<wf cmd="tag" pos="NNP">Jurists</wf>
<punc>,</punc>
<wf cmd="ignore" pos="DT">a</wf>
<wf cmd="tag" pos="NN">body</wf>
<wf cmd="ignore" pos="IN">of</wf>
<wf cmd="tag" pos="NNS">lawyers</wf>
<wf cmd="ignore" pos="IN">from</wf>
<wf cmd="ignore" pos="DT">the</wf>
<wf cmd="tag" pos="NN">free_world</wf>
<punc>,</punc>
<wf cmd="ignore" pos="DT">the</wf>
<wf cmd="tag" pos="NNP">Congress</wf>
<wf cmd="done" pos="VB" lemma="redefine" wnsn="1" lexsn="2:42:00::">redefined</wf>
<wf cmd="ignore" pos="CC">and</wf>
<wf cmd="done" pos="VB" lemma="expand" wnsn="5" lexsn="2:30:02::">expanded</wf>
<wf cmd="ignore" pos="DT">the</wf>
<wf cmd="tag" pos="JJ">traditional</wf>
<wf cmd="tag" pos="NN">Rule_of_Law</wf>
<wf cmd="ignore" pos="TO">to</wf>
<wf cmd="done" pos="VB" lemma="include" wnsn="1" lexsn="2:42:00::">include</wf>
<wf cmd="tag" pos="JJ">affirmative</wf>
<wf cmd="tag" pos="JJ">governmental</wf>
<wf cmd="tag" pos="NNS">duties</wf>
<punc>.</punc>
</s>
<s snum="41">
<wf cmd="ignore" pos="PRP">It</wf>
<wf cmd="done" pos="VB" lemma="be" wnsn="1" lexsn="2:42:03::">is</wf>
<wf cmd="tag" pos="JJ">noteworthy</wf>
<wf cmd="ignore" pos="IN">that</wf>
<wf cmd="ignore" pos="DT">the</wf>
<wf cmd="tag" pos="NN">majority</wf>
<wf cmd="ignore" pos="IN">of</wf>
<wf cmd="ignore" pos="DT">the</wf>
<wf cmd="tag" pos="NNS">delegates</wf>
<wf cmd="ignore" pos="TO">to</wf>
<wf cmd="ignore" pos="DT">the</wf>
<wf cmd="tag" pos="NNP">Congress</wf>
<wf cmd="done" pos="VB" lemma="be" wnsn="1" lexsn="2:42:03::">were</wf>
<wf cmd="done" pos="VB" ot="notag">from</wf>
<wf cmd="ignore" pos="DT">the</wf>
<wf cmd="tag" pos="RBR">less</wf>
<wf cmd="tag" pos="JJ">developed</wf>
<punc>,</punc>
<wf cmd="tag" pos="JJ">former</wf>
<wf cmd="tag" pos="JJ">colonial</wf>
<wf cmd="tag" pos="NNS">nations</wf>
<punc>.</punc>
</s>
<s snum="42">
<wf cmd="ignore" pos="DT">The</wf>
<wf cmd="tag" pos="NN">Rule_of_Law</wf>
<punc>,</punc>
<wf cmd="tag" pos="RB">historically</wf>
<wf cmd="ignore" pos="DT">a</wf>
<wf cmd="tag" pos="NN">principle</wf>
<wf cmd="done" pos="VB" lemma="accord" wnsn="2" lexsn="2:40:00::">according</wf>
<wf cmd="tag" pos="NN">everyone</wf>
<wf cmd="ignore" pos="PRP$">his</wf>
<punc>``</punc>
<wf cmd="tag" pos="NN">day</wf>
<wf cmd="ignore" pos="IN">in</wf>
<wf cmd="tag" pos="NN">court</wf>
<punc>''</punc>
<wf cmd="ignore" pos="IN">before</wf>
<wf cmd="ignore" pos="DT">an</wf>
<wf cmd="tag" pos="JJ">impartial</wf>
<wf cmd="tag" pos="NN">tribunal</wf>
<punc>,</punc>
<wf cmd="done" pos="VBD" ot="notag">was</wf>
<wf cmd="done" pos="VB" lemma="broaden" wnsn="1" lexsn="2:30:01::">broadened</wf>
<wf cmd="tag" pos="RB">substantively</wf>
<wf cmd="ignore" pos="IN">by</wf>
<wf cmd="done" pos="VB" lemma="make" wnsn="3" lexsn="2:36:00::">making</wf>
<wf cmd="done" pos="VB" ot="notag">it</wf>
<wf cmd="ignore" pos="DT">a</wf>
<wf cmd="tag" pos="NN">responsibility</wf>
<wf cmd="ignore" pos="IN">of</wf>
<wf cmd="tag" pos="NN">government</wf>
<wf cmd="ignore" pos="TO">to</wf>
<wf cmd="done" pos="VB" lemma="promote" wnsn="1" lexsn="2:41:01::">promote</wf>
<wf cmd="tag" pos="JJ">individual</wf>
<wf cmd="tag" pos="NN">welfare</wf>
<punc>.</punc>
</s>
<s snum="43">
<wf cmd="done" pos="VB" lemma="recognize" wnsn="1" lexsn="2:31:02::">Recognizing</wf>
<wf cmd="ignore" pos="IN">that</wf>
<wf cmd="ignore" pos="DT">the</wf>
<wf cmd="tag" pos="NN">Rule_of_Law</wf>
<wf cmd="done" pos="VB" lemma="be" wnsn="1" lexsn="2:42:03::">is</wf>
<punc>``</punc>
<wf cmd="ignore" pos="DT">a</wf>
<wf cmd="tag" pos="JJ">dynamic</wf>
<wf cmd="tag" pos="NN">concept</wf>
<wf cmd="ignore" pos="WDT">which</wf>
<wf cmd="ignore" pos="MD">should</wf>
<wf cmd="done" pos="VB" ot="notag">be</wf>
<wf cmd="done" pos="VB" lemma="employ" wnsn="1" lexsn="2:34:00::">employed</wf>
<wf cmd="tag" pos="RB">not_only</wf>
<wf cmd="ignore" pos="TO">to</wf>
<wf cmd="done" pos="VB" lemma="safeguard" wnsn="1" lexsn="2:33:00::">safeguard</wf>
<wf cmd="ignore" pos="DT">the</wf>
<wf cmd="tag" pos="JJ">civil</wf>
<wf cmd="ignore" pos="CC">and</wf>
<wf cmd="tag" pos="JJ">political</wf>
<wf cmd="tag" pos="NNS">rights</wf>
<wf cmd="ignore" pos="IN">of</wf>
<wf cmd="ignore" pos="DT">the</wf>
<wf cmd="tag" pos="NN">individual</wf>
<wf cmd="ignore" pos="IN">in</wf>
<wf cmd="ignore" pos="DT">a</wf>
<wf cmd="tag" pos="JJ">free</wf>
<wf cmd="tag" pos="NN">society</wf>
<punc>''</punc>
<punc>,</punc>
<wf cmd="ignore" pos="DT">the</wf>
<wf cmd="tag" pos="NNP">Congress</wf>
<wf cmd="done" pos="VB" lemma="assert" wnsn="2" lexsn="2:32:00::">asserted</wf>
<wf cmd="ignore" pos="IN">that</wf>
<wf cmd="ignore" pos="PRP">it</wf>
<wf cmd="tag" pos="RB">also</wf>
<wf cmd="done" pos="VB" lemma="include" wnsn="1" lexsn="2:42:00::">included</wf>
<wf cmd="ignore" pos="DT">the</wf>
<wf cmd="tag" pos="NN">responsibility</wf>
<punc>``</punc>
<wf cmd="ignore" pos="TO">to</wf>
<wf cmd="done" pos="VB" lemma="establish" wnsn="1" lexsn="2:41:00::">establish</wf>
<wf cmd="tag" pos="JJ">social</wf>
<punc>,</punc>
<wf cmd="tag" pos="JJ">economic</wf>
<punc>,</punc>
<wf cmd="tag" pos="JJ">educational</wf>
<wf cmd="ignore" pos="CC">and</wf>
<wf cmd="tag" pos="JJ">cultural</wf>
<wf cmd="tag" pos="NNS">conditions</wf>
<wf cmd="ignore" pos="IN">under</wf>
<wf cmd="ignore" pos="WDT">which</wf>
<wf cmd="ignore" pos="PRP$">his</wf>
<wf cmd="tag" pos="JJ">legitimate</wf>
<wf cmd="tag" pos="NNS">aspirations</wf>
<wf cmd="ignore" pos="CC">and</wf>
<wf cmd="tag" pos="NN">dignity</wf>
<wf cmd="ignore" pos="MD">may</wf>
<wf cmd="done" pos="VB" ot="notag">be</wf>
<wf cmd="done" pos="VB" lemma="realize" wnsn="3" lexsn="2:36:00::">realized</wf>
<punc>''</punc>
<punc>.</punc>
</s>
<s snum="44">
<wf cmd="ignore" pos="DT">The</wf>
<wf cmd="tag" pos="NN">idea</wf>
<wf cmd="ignore" pos="IN">of</wf>
<wf cmd="tag" pos="JJ">national</wf>
<wf cmd="tag" pos="NN">responsibility</wf>
<wf cmd="tag" pos="RB">thus</wf>
<wf cmd="done" pos="VBZ" ot="notag">has</wf>
<wf cmd="done" pos="VB" lemma="become" wnsn="1" lexsn="2:30:00::">become</wf>
<wf cmd="ignore" pos="DT">a</wf>
<wf cmd="tag" pos="JJ">common</wf>
<wf cmd="tag" pos="NN">feature</wf>
<wf cmd="ignore" pos="IN">of</wf>
<wf cmd="ignore" pos="DT">the</wf>
<wf cmd="tag" pos="NNS">nations</wf>
<wf cmd="ignore" pos="IN">of</wf>
<wf cmd="ignore" pos="DT">the</wf>
<wf cmd="tag" pos="JJ">non-Soviet</wf>
<wf cmd="tag" pos="NN">world</wf>
<punc>.</punc>
</s>
<s snum="45">
<wf cmd="ignore" pos="IN">For</wf>
<wf cmd="tag" pos="JJR">better</wf>
<wf cmd="ignore" pos="CC">or</wf>
<wf cmd="ignore" pos="IN">for</wf>
<wf cmd="tag" pos="JJR">worse</wf>
<punc>,</punc>
<wf cmd="ignore" pos="PRP">we</wf>
<wf cmd="ignore" pos="DT">all</wf>
<wf cmd="tag" pos="RB">now</wf>
<wf cmd="done" pos="VB" lemma="live" wnsn="1" lexsn="2:42:08::">live</wf>
<wf cmd="done" pos="VB" ot="notag">in</wf>
<wf cmd="tag" pos="NN">welfare_states</wf>
<punc>,</punc>
<wf cmd="ignore" pos="DT">the</wf>
<wf cmd="tag" pos="JJ">organizing</wf>
<wf cmd="tag" pos="NN">principle</wf>
<wf cmd="tag" pos="RB">of_which</wf>
<wf cmd="done" pos="VB" lemma="be" wnsn="1" lexsn="2:42:03::">is</wf>
<wf cmd="tag" pos="JJ">collective</wf>
<wf cmd="tag" pos="NN">responsibility</wf>
<wf cmd="ignore" pos="IN">for</wf>
<wf cmd="tag" pos="JJ">individual</wf>
<wf cmd="tag" pos="NN">well-being</wf>
<punc>.</punc>
</s>
</p>
<p pnum="8">
<s snum="46">
<wf cmd="ignore" pos="IN">Whether</wf>
<wf cmd="ignore" pos="DT">a</wf>
<wf cmd="tag" pos="NN">concept</wf>
<wf cmd="tag" pos="JJ">analogous</wf>
<wf cmd="ignore" pos="TO">to</wf>
<wf cmd="ignore" pos="DT">the</wf>
<wf cmd="tag" pos="NN">principle</wf>
<wf cmd="ignore" pos="IN">of</wf>
<wf cmd="tag" pos="JJ">internal</wf>
<wf cmd="tag" pos="NN">responsibility</wf>
<wf cmd="done" pos="VB" lemma="operate" wnsn="2" lexsn="2:35:03::">operates</wf>
<wf cmd="ignore" pos="IN">in</wf>
<wf cmd="ignore" pos="DT">a</wf>
<wf cmd="tag" pos="NN">nation</wf>
<wf cmd="ignore" pos="POS">'s</wf>
<wf cmd="tag" pos="JJ">external</wf>
<wf cmd="tag" pos="NNS">relations</wf>
<wf cmd="done" pos="VB" lemma="be" wnsn="1" lexsn="2:42:03::">is</wf>
<wf cmd="tag" pos="RBR">less</wf>
<wf cmd="tag" pos="JJ">obvious</wf>
<wf cmd="ignore" pos="CC">and</wf>
<wf cmd="tag" pos="RBR">more</wf>
<wf cmd="tag" pos="JJ">difficult</wf>
<wf cmd="ignore" pos="TO">to</wf>
<wf cmd="done" pos="VB" lemma="establish" wnsn="3" lexsn="2:31:00::">establish</wf>
<punc>.</punc>
</s>
<s snum="47">
<wf cmd="ignore" pos="DT">The</wf>
<wf cmd="tag" pos="NN">hypothesis</wf>
<wf cmd="done" pos="VB" lemma="venture" wnsn="2" lexsn="2:32:00::">ventured</wf>
<wf cmd="tag" pos="RB">here</wf>
<wf cmd="done" pos="VB" lemma="be" wnsn="1" lexsn="2:42:03::">is</wf>
<wf cmd="ignore" pos="IN">that</wf>
<wf cmd="ignore" pos="PRP">it</wf>
<wf cmd="done" pos="VBZ" ot="notag">does</wf>
<punc>,</punc>
<wf cmd="ignore" pos="CC">and</wf>
<wf cmd="ignore" pos="IN">that</wf>
<wf cmd="tag" pos="NN">evidence</wf>
<wf cmd="done" pos="VBZ" ot="notag">is</wf>
<wf cmd="done" pos="VB" lemma="accumulate" wnsn="2" lexsn="2:30:00::">accumulating</wf>
<wf cmd="done" pos="VB" lemma="validate" wnsn="2" lexsn="2:31:00::">validating</wf>
<wf cmd="ignore" pos="IN">that</wf>
<wf cmd="tag" pos="NN">proposition</wf>
<punc>.</punc>
</s>
<s snum="48">
<wf cmd="ignore" pos="DT">The</wf>
<wf cmd="tag" pos="NN">content</wf>
<wf cmd="done" pos="VB" lemma="be" wnsn="1" lexsn="2:42:03::">is</wf>
<wf cmd="tag" pos="RB">not</wf>
<wf cmd="ignore" pos="DT">the</wf>
<wf cmd="tag" pos="JJ">same</wf>
<punc>,</punc>
<wf cmd="tag" pos="RB">however</wf>
<punc>:</punc>
<wf cmd="tag" pos="RB">rather_than</wf>
<wf cmd="tag" pos="JJ">individual</wf>
<wf cmd="tag" pos="NN">security</wf>
<punc>,</punc>
<wf cmd="ignore" pos="PRP">it</wf>
<wf cmd="done" pos="VB" lemma="be" wnsn="1" lexsn="2:42:03::">is</wf>
<wf cmd="ignore" pos="DT">the</wf>
<wf cmd="tag" pos="NN">security</wf>
<wf cmd="ignore" pos="CC">and</wf>
<wf cmd="tag" pos="JJ">continuing</wf>
<wf cmd="tag" pos="NN">existence</wf>
<wf cmd="ignore" pos="IN">of</wf>
<wf cmd="ignore" pos="DT">an</wf>
<punc>``</punc>
<wf cmd="tag" pos="JJ">ideological</wf>
<wf cmd="tag" pos="NN">group</wf>
<punc>''</punc>
<punc>-</punc>
<wf cmd="ignore" pos="DT">those</wf>
<wf cmd="ignore" pos="IN">in</wf>
<wf cmd="ignore" pos="DT">the</wf>
<punc>``</punc>
<wf cmd="tag" pos="NN">free_world</wf>
<punc>''</punc>
<punc>-</punc>
<wf cmd="tag" pos="RB">that</wf>
<wf cmd="done" pos="VB" lemma="be" wnsn="1" lexsn="2:42:03::">is</wf>
<wf cmd="tag" pos="JJ">basic</wf>
<punc>.</punc>
</s>
<s snum="49">
<wf cmd="tag" pos="JJ">External</wf>
<wf cmd="tag" pos="JJ">national</wf>
<wf cmd="tag" pos="NN">responsibility</wf>
<wf cmd="done" pos="VB" lemma="involve" wnsn="3" lexsn="2:42:00::">involves</wf>
<wf cmd="ignore" pos="DT">a</wf>
<wf cmd="done" pos="VB" lemma="burgeon" wnsn="1" lexsn="2:30:01::">burgeoning</wf>
<wf cmd="tag" pos="NN">requirement</wf>
<wf cmd="ignore" pos="IN">that</wf>
<wf cmd="ignore" pos="DT">the</wf>
<wf cmd="tag" pos="NNS">leaders</wf>
<wf cmd="ignore" pos="IN">of</wf>
<wf cmd="ignore" pos="DT">the</wf>
<wf cmd="tag" pos="JJ">Western</wf>
<wf cmd="tag" pos="NNS">nations</wf>
<wf cmd="tag" pos="RB">so</wf>
<wf cmd="done" pos="VB" lemma="guide" wnsn="1" lexsn="2:38:01::">guide</wf>
<wf cmd="ignore" pos="PRP$">their</wf>
<wf cmd="tag" pos="NNS">decisions</wf>
<wf cmd="tag" pos="RB">as</wf>
<wf cmd="ignore" pos="TO">to</wf>
<wf cmd="done" pos="VB" lemma="further" wnsn="1" lexsn="2:41:01::">further</wf>
<wf cmd="ignore" pos="DT">the</wf>
<wf cmd="tag" pos="NN">viability</wf>
<wf cmd="ignore" pos="IN">of</wf>
<wf cmd="tag" pos="JJ">other</wf>
<wf cmd="tag" pos="JJ">friendly</wf>
<wf cmd="tag" pos="NNS">nations</wf>
<punc>.</punc>
</s>
<s snum="50">
<wf cmd="ignore" pos="IN">If</wf>
<wf cmd="tag" pos="JJ">internal</wf>
<wf cmd="tag" pos="NN">responsibility</wf>
<wf cmd="done" pos="VB" lemma="suggest" wnsn="4" lexsn="2:32:03::">suggests</wf>
<wf cmd="tag" pos="NN">acceptance</wf>
<wf cmd="ignore" pos="IN">of</wf>
<wf cmd="ignore" pos="DT">the</wf>
<wf cmd="tag" pos="JJ">socialist</wf>
<wf cmd="tag" pos="NN">ideal</wf>
<wf cmd="ignore" pos="IN">of</wf>
<wf cmd="tag" pos="NN">equality</wf>
<punc>,</punc>
<wf cmd="tag" pos="RB">then</wf>
<wf cmd="tag" pos="JJ">external</wf>
<wf cmd="tag" pos="NN">responsibility</wf>
<wf cmd="done" pos="VB" lemma="imply" wnsn="1" lexsn="2:32:00::">implies</wf>
<wf cmd="tag" pos="NN">adherence</wf>
<wf cmd="ignore" pos="TO">to</wf>
<wf cmd="tag" pos="NNS">principles</wf>
<wf cmd="ignore" pos="IN">of</wf>
<wf cmd="tag" pos="JJ">ideological</wf>
<wf cmd="tag" pos="NN">supranationalism</wf>
<punc>.</punc>
</s>
</p>
<p pnum="9">
<s snum="51">
<wf cmd="tag" pos="NN">Reference_to</wf>
<wf cmd="tag" pos="CD">two</wf>
<wf cmd="tag" pos="JJ">other</wf>
<wf cmd="tag" pos="NNS">concepts</wf>
<punc>-</punc>
<wf cmd="tag" pos="NN">nationalism</wf>
<wf cmd="ignore" pos="CC">and</wf>
<wf cmd="tag" pos="NN">sovereignty</wf>
<punc>-</punc>
<wf cmd="ignore" pos="MD">may</wf>
<wf cmd="done" pos="VB" lemma="help" wnsn="1" lexsn="2:41:00::">help</wf>
<wf cmd="ignore" pos="TO">to</wf>
<wf cmd="done" pos="VB" lemma="reveal" wnsn="1" lexsn="2:39:00::">reveal</wf>
<wf cmd="ignore" pos="DT">the</wf>
<wf cmd="tag" pos="NNS">contours</wf>
<wf cmd="ignore" pos="IN">of</wf>
<wf cmd="ignore" pos="DT">the</wf>
<wf cmd="tag" pos="JJ">new</wf>
<wf cmd="tag" pos="NN">principle</wf>
<punc>.</punc>
</s>
<s snum="52">
<wf cmd="ignore" pos="IN">In</wf>
<wf cmd="ignore" pos="PRP$">its</wf>
<wf cmd="tag" pos="NNS">beginnings</wf>
<wf cmd="ignore" pos="DT">the</wf>
<wf cmd="tag" pos="NN">nation-state</wf>
<wf cmd="done" pos="VB" ot="notag">had</wf>
<wf cmd="done" pos="VB" ot="notag">to</wf>
<wf cmd="done" pos="VB" lemma="struggle" wnsn="2" lexsn="2:35:00::">struggle</wf>
<wf cmd="ignore" pos="TO">to</wf>
<wf cmd="done" pos="VB" lemma="assert" wnsn="1" lexsn="2:32:01::">assert</wf>
<wf cmd="ignore" pos="PRP">itself</wf>
<punc>-</punc>
<wf cmd="tag" pos="RB">internally</wf>
<punc>,</punc>
<wf cmd="ignore" pos="IN">against</wf>
<wf cmd="tag" pos="JJ">feudal</wf>
<wf cmd="tag" pos="NNS">groups</wf>
<punc>,</punc>
<wf cmd="ignore" pos="CC">and</wf>
<wf cmd="tag" pos="RB">externally</wf>
<punc>,</punc>
<wf cmd="ignore" pos="IN">against</wf>
<wf cmd="ignore" pos="DT">the</wf>
<wf cmd="tag" pos="NN">power</wf>
<wf cmd="ignore" pos="CC">and</wf>
<wf cmd="tag" pos="NN">influence</wf>
<wf cmd="ignore" pos="IN">of</wf>
<wf cmd="tag" pos="JJ">such</wf>
<wf cmd="tag" pos="JJ">other</wf>
<wf cmd="tag" pos="NNS">claimants</wf>
<wf cmd="tag" pos="RB">for</wf>
<wf cmd="tag" pos="NN">loyalty</wf>
<wf cmd="ignore" pos="IN">as</wf>
<wf cmd="ignore" pos="DT">the</wf>
<wf cmd="tag" pos="NNP">Church</wf>
<punc>.</punc>
</s>
<s snum="53">
<wf cmd="ignore" pos="DT">The</wf>
<wf cmd="tag" pos="NN">breakup</wf>
<wf cmd="ignore" pos="IN">of</wf>
<wf cmd="ignore" pos="DT">the</wf>
<wf cmd="tag" pos="NN">Holy_Roman_Empire</wf>
<wf cmd="ignore" pos="CC">and</wf>
<wf cmd="ignore" pos="DT">the</wf>
<wf cmd="tag" pos="NN">downfall</wf>
<wf cmd="ignore" pos="IN">of</wf>
<wf cmd="tag" pos="NN">feudalism</wf>
<wf cmd="done" pos="VB" lemma="lead" wnsn="5" lexsn="2:32:00::">led</wf>
<punc>,</punc>
<wf cmd="tag" pos="RB">not</wf>
<wf cmd="tag" pos="RB">more_than</wf>
<wf cmd="tag" pos="CD">two</wf>
<wf cmd="tag" pos="NNS">centuries</wf>
<wf cmd="tag" pos="RB">ago</wf>
<punc>,</punc>
<wf cmd="ignore" pos="TO">to</wf>
<wf cmd="ignore" pos="DT">the</wf>
<wf cmd="tag" pos="NN">surge</wf>
<wf cmd="ignore" pos="IN">of</wf>
<wf cmd="tag" pos="NN">nationalism</wf>
<punc>.</punc>
</s>
<s snum="54">
<punc>(</punc>
<wf cmd="ignore" pos="IN">Since</wf>
<wf cmd="ignore" pos="DT">the</wf>
<wf cmd="tag" pos="NN">time-span</wf>
<wf cmd="ignore" pos="IN">of</wf>
<wf cmd="ignore" pos="DT">the</wf>
<wf cmd="tag" pos="NN">nation-state</wf>
<wf cmd="done" pos="VB" lemma="coincide" wnsn="1" lexsn="2:42:00::">coincides</wf>
<wf cmd="tag" pos="RB">roughly</wf>
<wf cmd="ignore" pos="IN">with</wf>
<wf cmd="ignore" pos="DT">the</wf>
<wf cmd="tag" pos="JJ">separate</wf>
<wf cmd="tag" pos="NN">existence</wf>
<wf cmd="ignore" pos="IN">of</wf>
<wf cmd="ignore" pos="DT">the</wf>
<wf cmd="tag" pos="NN">United_States</wf>
<wf cmd="ignore" pos="IN">as</wf>
<wf cmd="ignore" pos="DT">an</wf>
<wf cmd="tag" pos="JJ">independent</wf>
<wf cmd="tag" pos="NN">entity</wf>
<punc>,</punc>
<wf cmd="ignore" pos="PRP">it</wf>
<wf cmd="done" pos="VB" lemma="be" wnsn="1" lexsn="2:42:03::">is</wf>
<wf cmd="tag" pos="RB">perhaps</wf>
<wf cmd="tag" pos="JJ">natural</wf>
<wf cmd="ignore" pos="IN">for</wf>
<wf cmd="tag" pos="NNPS">Americans</wf>
<wf cmd="ignore" pos="TO">to</wf>
<wf cmd="done" pos="VB" lemma="think_of" wnsn="4" lexsn="2:31:02::">think_of</wf>
<wf cmd="ignore" pos="DT">the</wf>
<wf cmd="tag" pos="NN">nation</wf>
<wf cmd="ignore" pos="IN">as</wf>
<wf cmd="tag" pos="NN">representative</wf>
<wf cmd="ignore" pos="IN">of</wf>
<wf cmd="ignore" pos="DT">the</wf>
<wf cmd="tag" pos="JJS">highest</wf>
<wf cmd="tag" pos="NN">form</wf>
<wf cmd="ignore" pos="IN">of</wf>
<wf cmd="tag" pos="NN">order</wf>
<punc>,</punc>
<wf cmd="tag" pos="NN">something</wf>
<wf cmd="tag" pos="JJ">permanent</wf>
<wf cmd="ignore" pos="CC">and</wf>
<wf cmd="tag" pos="JJ">unchanging</wf>
<punc>.</punc>
<punc>)</punc>
</s>
<s snum="55">
<wf cmd="ignore" pos="DT">The</wf>
<wf cmd="tag" pos="NN">concept</wf>
<wf cmd="ignore" pos="IN">of</wf>
<wf cmd="tag" pos="NN">nationalism</wf>
<wf cmd="done" pos="VB" lemma="be" wnsn="1" lexsn="2:42:03::">is</wf>
<wf cmd="ignore" pos="DT">the</wf>
<wf cmd="tag" pos="JJ">political</wf>
<wf cmd="tag" pos="NN">principle</wf>
<wf cmd="ignore" pos="WDT">that</wf>
<wf cmd="done" pos="VB" lemma="epitomize" wnsn="1" lexsn="2:42:00::">epitomizes</wf>
<wf cmd="ignore" pos="CC">and</wf>
<wf cmd="done" pos="VB" lemma="glorify" wnsn="1" lexsn="2:32:00::">glorifies</wf>
<wf cmd="ignore" pos="DT">the</wf>
<wf cmd="tag" pos="JJ">territorial</wf>
<wf cmd="tag" pos="NN">state</wf>
<wf cmd="ignore" pos="IN">as</wf>
<wf cmd="ignore" pos="DT">the</wf>
<wf cmd="tag" pos="JJ">characteristic</wf>
<wf cmd="tag" pos="NN">type</wf>
<wf cmd="ignore" pos="IN">of</wf>
<wf cmd="tag" pos="JJ">socal</wf>
<wf cmd="tag" pos="NN">structure</wf>
<punc>.</punc>
</s>
<s snum="56">
<wf cmd="ignore" pos="CC">But</wf>
<wf cmd="ignore" pos="PRP">it</wf>
<wf cmd="done" pos="VB" lemma="be" wnsn="1" lexsn="2:42:03::">is</wf>
<wf cmd="tag" pos="RB">more_than</wf>
<wf cmd="tag" pos="RB">that</wf>
<punc>.</punc>
</s>
<s snum="57">
<wf cmd="ignore" pos="IN">For</wf>
<wf cmd="ignore" pos="PRP">it</wf>
<wf cmd="done" pos="VB" lemma="include" wnsn="1" lexsn="2:42:00::">includes</wf>
<wf cmd="ignore" pos="DT">the</wf>
<wf cmd="tag" pos="JJ">emotional</wf>
<wf cmd="tag" pos="NNS">ties</wf>
<wf cmd="ignore" pos="IN">that</wf>
<wf cmd="done" pos="VB" lemma="bind" wnsn="2" lexsn="2:41:01::">bind</wf>
<wf cmd="tag" pos="NNS">men</wf>
<wf cmd="ignore" pos="TO">to</wf>
<wf cmd="ignore" pos="PRP$">their</wf>
<wf cmd="tag" pos="NN">homeland</wf>
<wf cmd="ignore" pos="CC">and</wf>
<wf cmd="ignore" pos="DT">the</wf>
<wf cmd="tag" pos="JJ">complex</wf>
<wf cmd="tag" pos="NNS">motivations</wf>
<wf cmd="ignore" pos="WDT">that</wf>
<wf cmd="done" pos="VB" lemma="hold" wnsn="1" lexsn="2:42:00::">hold</wf>
<wf cmd="ignore" pos="DT">a</wf>
<wf cmd="tag" pos="JJ">large</wf>
<wf cmd="tag" pos="NN">group</wf>
<wf cmd="ignore" pos="IN">of</wf>
<wf cmd="tag" pos="NNS">people</wf>
<wf cmd="tag" pos="RB">together</wf>
<wf cmd="ignore" pos="IN">as</wf>
<wf cmd="ignore" pos="DT">a</wf>
<wf cmd="tag" pos="NN">unit</wf>
<punc>.</punc>
</s>
<s snum="58">
<wf cmd="tag" pos="NN">Today</wf>
<punc>,</punc>
<wf cmd="ignore" pos="IN">as</wf>
<wf cmd="tag" pos="JJ">new</wf>
<wf cmd="tag" pos="NNS">nations</wf>
<wf cmd="done" pos="VB" lemma="rise" wnsn="4" lexsn="2:42:00::">rise</wf>
<wf cmd="ignore" pos="IN">from</wf>
<wf cmd="ignore" pos="DT">the</wf>
<wf cmd="tag" pos="JJ">former</wf>
<wf cmd="tag" pos="JJ">colonial</wf>
<wf cmd="tag" pos="NNS">empires</wf>
<punc>,</punc>
<wf cmd="tag" pos="NN">nationalism</wf>
<wf cmd="done" pos="VB" lemma="be" wnsn="1" lexsn="2:42:03::">is</wf>
<wf cmd="tag" pos="CD">one</wf>
<wf cmd="ignore" pos="IN">of</wf>
<wf cmd="ignore" pos="DT">the</wf>
<wf cmd="tag" pos="NN">hurricane</wf>
<wf cmd="tag" pos="NNS">forces</wf>
<wf cmd="tag" pos="JJ">loose</wf>
<wf cmd="ignore" pos="IN">in</wf>
<wf cmd="ignore" pos="DT">the</wf>
<wf cmd="tag" pos="NN">world</wf>
<punc>.</punc>
</s>
<s snum="59">
<wf cmd="tag" pos="RB">Almost</wf>
<wf cmd="tag" pos="JJ">febrile</wf>
<wf cmd="ignore" pos="IN">in</wf>
<wf cmd="tag" pos="NN">intensity</wf>
<punc>,</punc>
<wf cmd="ignore" pos="DT">the</wf>
<wf cmd="tag" pos="NN">principle</wf>
<wf cmd="done" pos="VBZ" ot="notag">has</wf>
<wf cmd="done" pos="VB" lemma="become" wnsn="1" lexsn="2:30:00::">become</wf>
<wf cmd="tag" pos="JJ">worldwide</wf>
<wf cmd="ignore" pos="IN">in</wf>
<wf cmd="tag" pos="NN">application</wf>
<punc>-</punc>
<wf cmd="tag" pos="RB">unfortunately</wf>
<wf cmd="ignore" pos="IN">at</wf>
<wf cmd="ignore" pos="DT">the</wf>
<wf cmd="tag" pos="JJ">very</wf>
<wf cmd="tag" pos="NN">time</wf>
<wf cmd="ignore" pos="IN">that</wf>
<wf cmd="tag" pos="JJ">nationalist</wf>
<wf cmd="tag" pos="NNS">fervors</wf>
<wf cmd="ignore" pos="MD">can</wf>
<wf cmd="done" pos="VB" lemma="wreak" wnsn="1" lexsn="2:36:00::">wreak</wf>
<wf cmd="tag" pos="JJS">greatest</wf>
<wf cmd="tag" pos="NN">harm</wf>
<punc>.</punc>
</s>
<s snum="60">
<wf cmd="tag" pos="RB">Historically</wf>
<punc>,</punc>
<wf cmd="tag" pos="RB">however</wf>
<punc>,</punc>
<wf cmd="ignore" pos="DT">the</wf>
<wf cmd="tag" pos="NN">concept</wf>
<wf cmd="done" pos="VB" lemma="be" wnsn="1" lexsn="2:42:03::">is</wf>
<wf cmd="tag" pos="CD">one</wf>
<wf cmd="ignore" pos="IN">that</wf>
<wf cmd="done" pos="VBZ" ot="notag">has</wf>
<wf cmd="done" pos="VB" lemma="be" wnsn="1" lexsn="2:42:03::">been</wf>
<wf cmd="ignore" pos="IN">of</wf>
<wf cmd="tag" pos="JJ">marked</wf>
<wf cmd="tag" pos="NN">benefit</wf>
<wf cmd="ignore" pos="TO">to</wf>
<wf cmd="ignore" pos="DT">the</wf>
<wf cmd="tag" pos="NNS">people</wf>
<wf cmd="ignore" pos="IN">of</wf>
<wf cmd="ignore" pos="DT">the</wf>
<wf cmd="tag" pos="JJ">Western</wf>
<wf cmd="tag" pos="JJ">civilizational</wf>
<wf cmd="tag" pos="NN">group</wf>
<punc>.</punc>
</s>
<s snum="61">
<wf cmd="ignore" pos="IN">By</wf>
<wf cmd="done" pos="VB" lemma="subdue" wnsn="1" lexsn="2:41:00::">subduing</wf>
<wf cmd="tag" pos="JJ">disparate</wf>
<wf cmd="tag" pos="JJR">lesser</wf>
<wf cmd="tag" pos="NNS">groups</wf>
<wf cmd="ignore" pos="DT">the</wf>
<wf cmd="tag" pos="NN">nation</wf>
<wf cmd="done" pos="VBZ" ot="notag">has</wf>
<punc>,</punc>
<wf cmd="tag" pos="RB">to_some_degree</wf>
<wf cmd="tag" pos="RB">at_least</wf>
<punc>,</punc>
<wf cmd="done" pos="VB" lemma="broaden" wnsn="1" lexsn="2:30:01::">broadened</wf>
<wf cmd="ignore" pos="DT">the</wf>
<wf cmd="tag" pos="NN">capacity</wf>
<wf cmd="ignore" pos="IN">for</wf>
<wf cmd="tag" pos="JJ">individual</wf>
<wf cmd="tag" pos="NN">liberty</wf>
<punc>.</punc>
</s>
<s snum="62">
<wf cmd="ignore" pos="IN">Within</wf>
<wf cmd="ignore" pos="PRP$">their</wf>
<wf cmd="tag" pos="NNS">confines</wf>
<punc>,</punc>
<wf cmd="tag" pos="RB">moreover</wf>
<punc>,</punc>
<wf cmd="tag" pos="JJ">technological</wf>
<wf cmd="ignore" pos="CC">and</wf>
<wf cmd="tag" pos="JJ">industrial</wf>
<wf cmd="tag" pos="NN">growth</wf>
<wf cmd="done" pos="VBZ" ot="notag">has</wf>
<wf cmd="done" pos="VB" lemma="proceed" wnsn="1" lexsn="2:32:00::">proceeded</wf>
<wf cmd="ignore" pos="IN">at</wf>
<wf cmd="ignore" pos="DT">an</wf>
<wf cmd="tag" pos="JJ">accelerated</wf>
<wf cmd="tag" pos="NN">pace</wf>
<punc>,</punc>
<wf cmd="tag" pos="RB">thus</wf>
<wf cmd="done" pos="VB" lemma="increase" wnsn="1" lexsn="2:30:00::">increasing</wf>
<wf cmd="ignore" pos="DT">the</wf>
<wf cmd="tag" pos="NN">cornucopia</wf>
<wf cmd="ignore" pos="IN">from</wf>
<wf cmd="ignore" pos="WDT">which</wf>
<wf cmd="tag" pos="NN">material</wf>
<wf cmd="tag" pos="NN">wants</wf>
<wf cmd="ignore" pos="MD">can</wf>
<wf cmd="done" pos="VB" ot="notag">be</wf>
<wf cmd="done" pos="VB" lemma="satisfy" wnsn="1" lexsn="2:42:00::">satisfied</wf>
<punc>.</punc>
</s>
<s snum="63">
<wf cmd="ignore" pos="IN">While</wf>
<wf cmd="ignore" pos="DT">the</wf>
<wf cmd="tag" pos="NN">pattern</wf>
<wf cmd="done" pos="VB" lemma="be" wnsn="1" lexsn="2:42:03::">is</wf>
<wf cmd="tag" pos="JJ">uneven</wf>
<punc>,</punc>
<wf cmd="ignore" pos="DT">some</wf>
<wf cmd="done" pos="VBG" ot="notag">having</wf>
<wf cmd="done" pos="VB" lemma="gain" wnsn="3" lexsn="2:40:02::">gained</wf>
<wf cmd="tag" pos="RB">more_than</wf>
<wf cmd="tag" pos="NNS">others</wf>
<punc>,</punc>
<wf cmd="tag" pos="NN">nationalism</wf>
<wf cmd="done" pos="VBZ" ot="notag">has</wf>
<wf cmd="tag" pos="RB">in_fact</wf>
<wf cmd="done" pos="VB" lemma="serve" wnsn="1" lexsn="2:42:03::">served</wf>
<wf cmd="ignore" pos="DT">the</wf>
<wf cmd="tag" pos="JJ">Western</wf>
<wf cmd="tag" pos="NNS">peoples</wf>
<wf cmd="tag" pos="RB">well</wf>
<punc>.</punc>
</s>
<s snum="64">
<punc>(</punc>
<wf cmd="ignore" pos="IN">Whether</wf>
<wf cmd="tag" pos="JJ">historical</wf>
<wf cmd="tag" pos="NN">nationalism</wf>
<wf cmd="done" pos="VB" lemma="help" wnsn="1" lexsn="2:41:00::">helped</wf>
<wf cmd="ignore" pos="DT">the</wf>
<wf cmd="tag" pos="NNS">peoples</wf>
<wf cmd="ignore" pos="IN">of</wf>
<wf cmd="ignore" pos="DT">the</wf>
<wf cmd="tag" pos="NN">remainder</wf>
<wf cmd="ignore" pos="IN">of</wf>
<wf cmd="ignore" pos="DT">the</wf>
<wf cmd="tag" pos="NN">world</wf>
<punc>,</punc>
<wf cmd="ignore" pos="CC">and</wf>
<wf cmd="ignore" pos="IN">whether</wf>
<wf cmd="tag" pos="NN">today</wf>
<wf cmd="ignore" pos="POS">'s</wf>
<wf cmd="tag" pos="NN">nationalism</wf>
<wf cmd="ignore" pos="IN">in</wf>
<wf cmd="ignore" pos="DT">the</wf>
<wf cmd="tag" pos="JJ">former</wf>
<wf cmd="tag" pos="JJ">colonial</wf>
<wf cmd="tag" pos="NNS">areas</wf>
<wf cmd="done" pos="VB" lemma="have" wnsn="2" lexsn="2:42:00::">has</wf>
<wf cmd="tag" pos="RB">equally</wf>
<wf cmd="tag" pos="JJ">beneficial</wf>
<wf cmd="tag" pos="NNS">aspects</wf>
<punc>,</punc>
<wf cmd="done" pos="VB" lemma="be" wnsn="2" lexsn="2:42:06::">are</wf>
<wf cmd="tag" pos="JJ">other</wf>
<wf cmd="tag" pos="NNS">questions</wf>
<punc>.</punc>
<punc>)</punc>
</s>
</p>
<p pnum="10">
<s snum="65">
<wf cmd="ignore" pos="PRP">It</wf>
<wf cmd="done" pos="VB" lemma="be" wnsn="1" lexsn="2:42:03::">is</wf>
<wf cmd="tag" pos="CD">one</wf>
<wf cmd="ignore" pos="IN">of</wf>
<wf cmd="ignore" pos="DT">the</wf>
<wf cmd="tag" pos="JJ">ironic</wf>
<wf cmd="tag" pos="NNS">quirks</wf>
<wf cmd="ignore" pos="IN">of</wf>
<wf cmd="tag" pos="NN">history</wf>
<wf cmd="ignore" pos="IN">that</wf>
<wf cmd="ignore" pos="DT">the</wf>
<wf cmd="tag" pos="NN">viability</wf>
<wf cmd="ignore" pos="CC">and</wf>
<wf cmd="tag" pos="NN">usefulness</wf>
<wf cmd="ignore" pos="IN">of</wf>
<wf cmd="tag" pos="NN">nationalism</wf>
<wf cmd="ignore" pos="CC">and</wf>
<wf cmd="ignore" pos="DT">the</wf>
<wf cmd="tag" pos="JJ">territorial</wf>
<wf cmd="tag" pos="NN">state</wf>
<wf cmd="done" pos="VBP" ot="notag">are</wf>
<wf cmd="tag" pos="RB">rapidly</wf>
<wf cmd="done" pos="VB" lemma="dissipate" wnsn="2" lexsn="2:38:00::">dissipating</wf>
<wf cmd="ignore" pos="IN">at</wf>
<wf cmd="tag" pos="RB">precisely</wf>
<wf cmd="ignore" pos="DT">the</wf>
<wf cmd="tag" pos="NN">time</wf>
<wf cmd="ignore" pos="IN">that</wf>
<wf cmd="ignore" pos="DT">the</wf>
<wf cmd="tag" pos="NN">nation-state</wf>
<wf cmd="done" pos="VB" lemma="attain" wnsn="2" lexsn="2:38:00::">attained</wf>
<wf cmd="ignore" pos="PRP$">its</wf>
<wf cmd="tag" pos="JJS">highest</wf>
<wf cmd="tag" pos="NN">number</wf>
<punc>(</punc>
<wf cmd="tag" pos="RB">approximately</wf>
<wf cmd="tag" pos="CD">100</wf>
<punc>)</punc>
<punc>.</punc>
</s>
<s snum="66">
<wf cmd="ignore" pos="CC">But</wf>
<wf cmd="ignore" pos="PRP">it</wf>
<wf cmd="done" pos="VB" lemma="be" wnsn="1" lexsn="2:42:03::">is</wf>
<wf cmd="tag" pos="RB">more_than</wf>
<wf cmd="tag" pos="NN">irony</wf>
<punc>:</punc>
<wf cmd="tag" pos="CD">one</wf>
<wf cmd="ignore" pos="IN">of</wf>
<wf cmd="ignore" pos="DT">the</wf>
<wf cmd="tag" pos="JJ">main</wf>
<wf cmd="tag" pos="NNS">reasons</wf>
<wf cmd="ignore" pos="WRB">why</wf>
<wf cmd="tag" pos="NN">nationalism</wf>
<wf cmd="done" pos="VB" lemma="be" wnsn="1" lexsn="2:42:03::">is</wf>
<wf cmd="tag" pos="RB">no_longer</wf>
<wf cmd="ignore" pos="DT">a</wf>
<wf cmd="tag" pos="JJ">tenable</wf>
<wf cmd="tag" pos="NN">concept</wf>
<wf cmd="done" pos="VB" lemma="be" wnsn="2" lexsn="2:42:06::">is</wf>
<wf cmd="ignore" pos="IN">because</wf>
<wf cmd="ignore" pos="PRP">it</wf>
<wf cmd="done" pos="VBZ" ot="notag">has</wf>
<wf cmd="done" pos="VB" lemma="spread" wnsn="1" lexsn="2:35:00::">spread</wf>
<wf cmd="ignore" pos="IN">throughout</wf>
<wf cmd="ignore" pos="DT">the</wf>
<wf cmd="tag" pos="NN">planet</wf>
<punc>.</punc>
</s>
<s snum="67">
<wf cmd="tag" pos="RB">In_other_words</wf>
<punc>,</punc>
<wf cmd="tag" pos="NN">nationalism</wf>
<wf cmd="done" pos="VB" lemma="work" wnsn="4" lexsn="2:35:02::">worked</wf>
<wf cmd="tag" pos="RB">well</wf>
<wf cmd="tag" pos="RB">enough</wf>
<wf cmd="ignore" pos="WRB">when</wf>
<wf cmd="ignore" pos="PRP">it</wf>
<wf cmd="done" pos="VB" lemma="have" wnsn="1" lexsn="2:40:00::">had</wf>
<wf cmd="tag" pos="JJ">limited</wf>
<wf cmd="tag" pos="NN">application</wf>
<punc>,</punc>
<wf cmd="ignore" pos="DT">both</wf>
<wf cmd="tag" pos="RB">as</wf>
<wf cmd="ignore" pos="TO">to</wf>
<wf cmd="tag" pos="NN">geography</wf>
<wf cmd="ignore" pos="CC">and</wf>
<wf cmd="tag" pos="RB">as</wf>
<wf cmd="ignore" pos="TO">to</wf>
<wf cmd="tag" pos="NN">population</wf>
<punc>;</punc>
<wf cmd="ignore" pos="PRP">it</wf>
<wf cmd="done" pos="VB" lemma="become" wnsn="2" lexsn="2:42:01::">becomes</wf>
<wf cmd="ignore" pos="DT">a</wf>
<wf cmd="tag" pos="JJ">perilous</wf>
<wf cmd="tag" pos="NN">anachronism</wf>
<wf cmd="ignore" pos="WRB">when</wf>
<wf cmd="done" pos="VB" lemma="adopt" wnsn="2" lexsn="2:40:00::">adopted</wf>
<wf cmd="ignore" pos="IN">on</wf>
<wf cmd="ignore" pos="DT">a</wf>
<wf cmd="tag" pos="JJ">world-wide</wf>
<wf cmd="tag" pos="NN">basis</wf>
<punc>.</punc>
</s>
</p>
<p pnum="11">
<s snum="68">
<wf cmd="done" pos="VB" lemma="complement" wnsn="1" lexsn="2:30:02::">Complementing</wf>
<wf cmd="ignore" pos="DT">the</wf>
<wf cmd="tag" pos="JJ">political</wf>
<wf cmd="tag" pos="NN">principle</wf>
<wf cmd="ignore" pos="IN">of</wf>
<wf cmd="tag" pos="NN">nationalism</wf>
<wf cmd="done" pos="VB" lemma="be" wnsn="5" lexsn="2:42:04::">is</wf>
<wf cmd="ignore" pos="DT">the</wf>
<wf cmd="tag" pos="NN">legal_principle</wf>
<wf cmd="ignore" pos="IN">of</wf>
<wf cmd="tag" pos="NN">sovereignty</wf>
<punc>.</punc>
</s>
<s snum="69">
<wf cmd="ignore" pos="DT">The</wf>
<wf cmd="tag" pos="JJ">former</wf>
<wf cmd="done" pos="VB" lemma="receive" wnsn="2" lexsn="2:30:01::">receives</wf>
<wf cmd="ignore" pos="PRP$">its</wf>
<wf cmd="tag" pos="NN">legitimacy</wf>
<wf cmd="ignore" pos="IN">from</wf>
<wf cmd="ignore" pos="DT">the</wf>
<wf cmd="tag" pos="NN">latter</wf>
<punc>.</punc>
</s>
<s snum="70">
<wf cmd="done" pos="VB" lemma="operate" wnsn="2" lexsn="2:35:03::">Operating</wf>
<wf cmd="tag" pos="JJ">side_by_side</wf>
<punc>,</punc>
<wf cmd="tag" pos="RB">together</wf>
<wf cmd="ignore" pos="PRP">they</wf>
<wf cmd="done" pos="VB" lemma="help" wnsn="1" lexsn="2:41:00::">helped</wf>
<wf cmd="done" pos="VB" lemma="shore_up" wnsn="1" lexsn="2:35:00::">shore_up</wf>
<wf cmd="ignore" pos="DT">the</wf>
<wf cmd="tag" pos="NN">nation-state</wf>
<punc>.</punc>
</s>
<s snum="71">
<wf cmd="ignore" pos="IN">While</wf>
<wf cmd="tag" pos="NN">sovereignty</wf>
<wf cmd="done" pos="VB" lemma="have" wnsn="1" lexsn="2:40:00::">has</wf>
<wf cmd="tag" pos="NNS">roots</wf>
<wf cmd="ignore" pos="IN">in</wf>
<wf cmd="tag" pos="NN">antiquity</wf>
<punc>,</punc>
<wf cmd="ignore" pos="IN">in</wf>
<wf cmd="ignore" pos="PRP$">its</wf>
<wf cmd="tag" pos="JJ">present</wf>
<wf cmd="tag" pos="NN">usage</wf>
<wf cmd="ignore" pos="PRP">it</wf>
<wf cmd="done" pos="VB" lemma="be" wnsn="1" lexsn="2:42:03::">is</wf>
<wf cmd="tag" pos="RB">essentially</wf>
<wf cmd="tag" pos="JJ">modern</wf>
<punc>.</punc>
</s>
<s snum="72">
<wf cmd="tag" pos="NNP">Jean_Bodin</wf>
<punc>,</punc>
<wf cmd="done" pos="VB" lemma="write" wnsn="1" lexsn="2:36:00::">writing</wf>
<wf cmd="ignore" pos="IN">in</wf>
<wf cmd="ignore" pos="DT">the</wf>
<wf cmd="tag" pos="JJ">sixteenth</wf>
<wf cmd="tag" pos="NN">century</wf>
<punc>,</punc>
<wf cmd="ignore" pos="MD">may</wf>
<wf cmd="done" pos="VB" ot="notag">have</wf>
<wf cmd="done" pos="VB" lemma="be" wnsn="1" lexsn="2:42:03::">been</wf>
<wf cmd="ignore" pos="DT">the</wf>
<wf cmd="tag" pos="JJ">seminal</wf>
<wf cmd="tag" pos="NN">thinker</wf>
<punc>,</punc>
<wf cmd="ignore" pos="CC">but</wf>
<wf cmd="ignore" pos="PRP">it</wf>
<wf cmd="done" pos="VB" lemma="be" wnsn="2" lexsn="2:42:06::">was</wf>
<wf cmd="ignore" pos="DT">the</wf>
<wf cmd="tag" pos="RB">vastly</wf>
<wf cmd="tag" pos="JJ">influential</wf>
<wf cmd="tag" pos="NNP">John_Austin</wf>
<wf cmd="ignore" pos="WP">who</wf>
<wf cmd="done" pos="VB" lemma="set_out" wnsn="2" lexsn="2:35:00::">set_out</wf>
<wf cmd="ignore" pos="DT">the</wf>
<wf cmd="tag" pos="NN">main_lines</wf>
<wf cmd="ignore" pos="IN">of</wf>
<wf cmd="ignore" pos="DT">the</wf>
<wf cmd="tag" pos="NN">concept</wf>
<wf cmd="ignore" pos="IN">as</wf>
<wf cmd="tag" pos="RB">now</wf>
<wf cmd="done" pos="VB" lemma="understand" wnsn="3" lexsn="2:31:03::">understood</wf>
<punc>.</punc>
</s>
<s snum="73">
<wf cmd="tag" pos="NNP">Austin</wf>
<wf cmd="ignore" pos="POS">'s</wf>
<wf cmd="tag" pos="JJ">nineteenth-century</wf>
<wf cmd="tag" pos="NN">view</wf>
<wf cmd="ignore" pos="IN">of</wf>
<wf cmd="tag" pos="NN">law</wf>
<wf cmd="ignore" pos="CC">and</wf>
<wf cmd="tag" pos="NN">sovereignty</wf>
<wf cmd="tag" pos="RB">still</wf>
<wf cmd="done" pos="VB" lemma="dominate" wnsn="1" lexsn="2:42:00::">dominates</wf>
<wf cmd="tag" pos="JJ">much</wf>
<wf cmd="ignore" pos="IN">of</wf>
<wf cmd="tag" pos="NN">today</wf>
<wf cmd="ignore" pos="POS">'s</wf>
<wf cmd="tag" pos="JJ">legal</wf>
<wf cmd="ignore" pos="CC">and</wf>
<wf cmd="tag" pos="JJ">political</wf>
<wf cmd="tag" pos="NN">thinking</wf>
<punc>.</punc>
</s>
<s snum="74">
<wf cmd="ignore" pos="TO">To</wf>
<wf cmd="ignore" pos="PRP">him</wf>
<punc>,</punc>
<wf cmd="tag" pos="NN">law</wf>
<wf cmd="done" pos="VB" lemma="be" wnsn="1" lexsn="2:42:03::">is</wf>
<wf cmd="ignore" pos="DT">the</wf>
<wf cmd="tag" pos="NN">command</wf>
<wf cmd="ignore" pos="IN">of</wf>
<wf cmd="ignore" pos="DT">the</wf>
<wf cmd="tag" pos="JJ">sovereign</wf>
<punc>(</punc>
<wf cmd="tag" pos="NN">the_English</wf>
<wf cmd="tag" pos="NN">monarch</wf>
<punc>)</punc>
<wf cmd="ignore" pos="WP">who</wf>
<wf cmd="done" pos="VB" lemma="personify" wnsn="2" lexsn="2:42:00::">personifies</wf>
<wf cmd="ignore" pos="DT">the</wf>
<wf cmd="tag" pos="NN">power</wf>
<wf cmd="ignore" pos="IN">of</wf>
<wf cmd="ignore" pos="DT">the</wf>
<wf cmd="tag" pos="NN">nation</wf>
<punc>,</punc>
<wf cmd="ignore" pos="IN">while</wf>
<wf cmd="tag" pos="NN">sovereignty</wf>
<wf cmd="done" pos="VB" lemma="be" wnsn="2" lexsn="2:42:06::">is</wf>
<wf cmd="ignore" pos="DT">the</wf>
<wf cmd="tag" pos="NN">power</wf>
<wf cmd="ignore" pos="TO">to</wf>
<wf cmd="done" pos="VB" lemma="make" wnsn="3" lexsn="2:36:00::">make</wf>
<wf cmd="tag" pos="NN">law</wf>
<punc>-</punc>
<wf cmd="tag" pos="NN">i.</wf>
<wf cmd="tag" pos="NNP">e.</wf>
<punc>,</punc>
<wf cmd="ignore" pos="TO">to</wf>
<wf cmd="done" pos="VB" lemma="prevail" wnsn="1" lexsn="2:42:02::">prevail</wf>
<wf cmd="ignore" pos="IN">over</wf>
<wf cmd="tag" pos="JJ">internal</wf>
<wf cmd="tag" pos="NNS">groups</wf>
<wf cmd="ignore" pos="CC">and</wf>
<wf cmd="ignore" pos="TO">to</wf>
<wf cmd="done" pos="VB" lemma="be" wnsn="1" lexsn="2:42:03::">be</wf>
<wf cmd="tag" pos="JJ">free</wf>
<wf cmd="ignore" pos="IN">from</wf>
<wf cmd="ignore" pos="DT">the</wf>
<wf cmd="tag" pos="NNS">commands</wf>
<wf cmd="ignore" pos="IN">of</wf>
<wf cmd="tag" pos="JJ">other</wf>
<wf cmd="tag" pos="NNS">sovereigns</wf>
<wf cmd="ignore" pos="IN">in</wf>
<wf cmd="tag" pos="JJ">other</wf>
<wf cmd="tag" pos="NNS">nations</wf>
<punc>.</punc>
</s>
<s snum="75">
<wf cmd="ignore" pos="DT">These</wf>
<wf cmd="tag" pos="JJ">fundamental</wf>
<wf cmd="tag" pos="NNS">ideas</wf>
<punc>-</punc>
<wf cmd="ignore" pos="DT">the</wf>
<wf cmd="tag" pos="NN">indivisibility</wf>
<wf cmd="ignore" pos="IN">of</wf>
<wf cmd="tag" pos="NN">sovereignty</wf>
<wf cmd="ignore" pos="CC">and</wf>
<wf cmd="ignore" pos="PRP$">its</wf>
<wf cmd="tag" pos="JJ">dual</wf>
<punc>(</punc>
<wf cmd="tag" pos="JJ">internal-external</wf>
<punc>)</punc>
<wf cmd="tag" pos="NNS">aspects</wf>
<punc>-</punc>
<wf cmd="tag" pos="RB">still</wf>
<wf cmd="done" pos="VB" lemma="remain" wnsn="3" lexsn="2:42:05::">remain</wf>
<wf cmd="ignore" pos="DT">the</wf>
<wf cmd="tag" pos="NN">core</wf>
<wf cmd="tag" pos="RB">of_that</wf>
<wf cmd="tag" pos="NN">concept</wf>
<wf cmd="ignore" pos="IN">of</wf>
<wf cmd="tag" pos="JJ">ultimate</wf>
<wf cmd="tag" pos="JJ">political</wf>
<wf cmd="tag" pos="NN">power</wf>
<punc>.</punc>
</s>
</p>
<p pnum="12">
<s snum="76">
<wf cmd="ignore" pos="DT">The</wf>
<wf cmd="tag" pos="NN">nation-state</wf>
<punc>,</punc>
<wf cmd="tag" pos="RB">then</wf>
<punc>,</punc>
<wf cmd="done" pos="VB" lemma="exemplify" wnsn="1" lexsn="2:42:00::">exemplifies</wf>
<wf cmd="ignore" pos="DT">the</wf>
<wf cmd="tag" pos="NN">principle</wf>
<wf cmd="ignore" pos="IN">of</wf>
<wf cmd="tag" pos="NN">nationalism</wf>
<wf cmd="ignore" pos="CC">and</wf>
<wf cmd="done" pos="VB" lemma="exercise" wnsn="1" lexsn="2:34:00::">exercises</wf>
<wf cmd="tag" pos="NN">sovereignty</wf>
<punc>:</punc>
<wf cmd="tag" pos="NN">supreme</wf>
<wf cmd="tag" pos="NN">power</wf>
<wf cmd="ignore" pos="IN">over</wf>
<wf cmd="tag" pos="JJ">domestic</wf>
<wf cmd="tag" pos="NNS">affairs</wf>
<wf cmd="ignore" pos="CC">and</wf>
<wf cmd="tag" pos="NN">independence</wf>
<wf cmd="ignore" pos="IN">from</wf>
<wf cmd="ignore" pos="IN">outside</wf>
<wf cmd="tag" pos="NN">control</wf>
<punc>.</punc>
</s>
<s snum="77">
<wf cmd="tag" pos="RB">In_fact</wf>
<punc>,</punc>
<wf cmd="tag" pos="RB">however</wf>
<punc>,</punc>
<wf cmd="ignore" pos="DT">both</wf>
<wf cmd="tag" pos="NNS">principles</wf>
<wf cmd="done" pos="VBP" ot="notag">have</wf>
<wf cmd="tag" pos="RB">always</wf>
<wf cmd="done" pos="VB" lemma="be" wnsn="1" lexsn="2:42:03::">been</wf>
<wf cmd="tag" pos="JJ">nebulous</wf>
<wf cmd="ignore" pos="CC">and</wf>
<wf cmd="tag" pos="RB">loosely</wf>
<wf cmd="tag" pos="JJ">defined</wf>
<punc>.</punc>
</s>
<s snum="78">
<wf cmd="tag" pos="JJ">High-level</wf>
<wf cmd="tag" pos="NNS">abstractions</wf>
<wf cmd="done" pos="VB" lemma="be" wnsn="1" lexsn="2:42:03::">are</wf>
<wf cmd="tag" pos="RB">always</wf>
<wf cmd="tag" pos="JJ">difficult</wf>
<wf cmd="ignore" pos="TO">to</wf>
<wf cmd="done" pos="VB" lemma="pin_down" wnsn="1" lexsn="2:31:00::">pin_down</wf>
<wf cmd="ignore" pos="IN">with</wf>
<wf cmd="tag" pos="NN">precision</wf>
<punc>.</punc>
</s>
<s snum="79">
<wf cmd="tag" pos="RB">That</wf>
<wf cmd="done" pos="VB" lemma="be" wnsn="1" lexsn="2:42:03::">is</wf>
<wf cmd="tag" pos="RB">particularly</wf>
<wf cmd="tag" pos="JJ">true</wf>
<wf cmd="ignore" pos="IN">of</wf>
<wf cmd="tag" pos="NN">sovereignty</wf>
<wf cmd="ignore" pos="WRB">when</wf>
<wf cmd="ignore" pos="PRP">it</wf>
<wf cmd="done" pos="VBZ" ot="notag">is</wf>
<wf cmd="done" pos="VB" lemma="apply" wnsn="2" lexsn="2:42:00::">applied</wf>
<wf cmd="done" pos="VB" ot="notag">to</wf>
<wf cmd="tag" pos="JJ">democratic</wf>
<wf cmd="tag" pos="NNS">societies</wf>
<punc>,</punc>
<wf cmd="tag" pos="RB">in_which</wf>
<punc>``</punc>
<wf cmd="tag" pos="JJ">popular</wf>
<punc>''</punc>
<wf cmd="tag" pos="NN">sovereignty</wf>
<wf cmd="done" pos="VBZ" ot="notag">is</wf>
<wf cmd="done" pos="VB" lemma="say" wnsn="2" lexsn="2:32:01::">said</wf>
<wf cmd="ignore" pos="TO">to</wf>
<wf cmd="done" pos="VB" lemma="exist" wnsn="1" lexsn="2:42:00::">exist</wf>
<punc>,</punc>
<wf cmd="ignore" pos="CC">and</wf>
<wf cmd="ignore" pos="IN">in</wf>
<wf cmd="tag" pos="JJ">federal</wf>
<wf cmd="tag" pos="NNS">nations</wf>
<punc>,</punc>
<wf cmd="tag" pos="RB">in_which</wf>
<wf cmd="ignore" pos="DT">the</wf>
<wf cmd="tag" pos="NNS">jobs</wf>
<wf cmd="ignore" pos="IN">of</wf>
<wf cmd="tag" pos="NN">government</wf>
<wf cmd="done" pos="VB" lemma="be" wnsn="1" lexsn="2:42:03::">are</wf>
<wf cmd="tag" pos="NN">split</wf>
<punc>.</punc>
</s>
<s snum="80">
<wf cmd="tag" pos="RB">Nevertheless</wf>
<punc>,</punc>
<wf cmd="tag" pos="NN">nationalism</wf>
<wf cmd="ignore" pos="CC">and</wf>
<wf cmd="tag" pos="NN">sovereignty</wf>
<wf cmd="done" pos="VBP" ot="notag">are</wf>
<wf cmd="done" pos="VB" lemma="repute" wnsn="1" lexsn="2:31:00::">reputed</wf>
<punc>,</punc>
<wf cmd="ignore" pos="IN">in</wf>
<wf cmd="ignore" pos="DT">the</wf>
<wf cmd="tag" pos="JJ">accepted</wf>
<wf cmd="tag" pos="NN">wisdom</wf>
<punc>,</punc>
<wf cmd="ignore" pos="TO">to</wf>
<wf cmd="done" pos="VB" lemma="describe" wnsn="1" lexsn="2:32:00::">describe</wf>
<wf cmd="ignore" pos="DT">the</wf>
<wf cmd="tag" pos="NN">modern_world</wf>
<punc>.</punc>
</s>
<s snum="81">
<wf cmd="done" pos="VB" ot="notag">Is_there</wf>
<wf cmd="ignore" pos="DT">a</wf>
<wf cmd="tag" pos="JJ">different</wf>
<wf cmd="tag" pos="NN">reality</wf>
<wf cmd="ignore" pos="IN">behind</wf>
<wf cmd="ignore" pos="DT">the</wf>
<wf cmd="tag" pos="NN">facade</wf>
<punc>?</punc>
</s>
<s snum="82">
<wf cmd="done" pos="VBZ" ot="notag">Does</wf>
<wf cmd="ignore" pos="DT">the</wf>
<wf cmd="tag" pos="NN">surface</wf>
<wf cmd="done" pos="VB" lemma="hide" wnsn="1" lexsn="2:39:00::">hide</wf>
<wf cmd="ignore" pos="DT">a</wf>
<wf cmd="tag" pos="RB">quite</wf>
<wf cmd="tag" pos="JJ">different</wf>
<wf cmd="tag" pos="NN">picture</wf>
<punc>?</punc>
</s>
</p>
<p pnum="13">
<s snum="83">
<wf cmd="ignore" pos="DT">The</wf>
<wf cmd="tag" pos="JJ">short</wf>
<wf cmd="tag" pos="NN">answer</wf>
<wf cmd="ignore" pos="TO">to</wf>
<wf cmd="ignore" pos="DT">those</wf>
<wf cmd="tag" pos="NNS">questions</wf>
<wf cmd="done" pos="VB" lemma="be" wnsn="2" lexsn="2:42:06::">is</wf>
<punc>``</punc>
<wf cmd="ignore" pos="UH">yes</wf>
<punc>''</punc>
<punc>.</punc>
</s>
<s snum="84">
<wf cmd="ignore" pos="DT">Both</wf>
<wf cmd="tag" pos="NNS">concepts</wf>
<wf cmd="done" pos="VBP" ot="notag">are</wf>
<wf cmd="done" pos="VB" lemma="undergo" wnsn="0" lexsn="2:39:00::">undergoing</wf>
<wf cmd="tag" pos="NN">alteration</wf>
<punc>;</punc>
<wf cmd="tag" pos="RB">to_some_degree</wf>
<wf cmd="ignore" pos="PRP">they</wf>
<wf cmd="done" pos="VBP" ot="notag">are</wf>
<wf cmd="done" pos="VBG" ot="notag">being</wf>
<wf cmd="done" pos="VB" lemma="supplant" wnsn="1" lexsn="2:41:00::">supplanted</wf>
<wf cmd="ignore" pos="IN">by</wf>
<wf cmd="ignore" pos="DT">a</wf>
<wf cmd="tag" pos="NN">concept</wf>
<wf cmd="ignore" pos="IN">of</wf>
<wf cmd="tag" pos="JJ">national</wf>
<wf cmd="tag" pos="NN">responsibility</wf>
<punc>.</punc>
</s>
<s snum="85">
<wf cmd="ignore" pos="IN">As</wf>
<wf cmd="tag" pos="NN">evidence</wf>
<wf cmd="ignore" pos="TO">to</wf>
<wf cmd="done" pos="VB" lemma="support" wnsn="1" lexsn="2:41:00::">support</wf>
<wf cmd="ignore" pos="IN">that</wf>
<wf cmd="tag" pos="NN">view</wf>
<punc>,</punc>
<wf cmd="done" pos="VB" lemma="consider" wnsn="2" lexsn="2:39:00::">consider</wf>
<wf cmd="ignore" pos="DT">the</wf>
<wf cmd="tag" pos="JJ">following</wf>
<wf cmd="tag" pos="JJ">illustrative</wf>
<wf cmd="tag" pos="NNS">instances</wf>
<punc>.</punc>
</s>
</p>
</context>
</contextfile>
