<contextfile concordance="brown">
<context filename="br-h04" paras="yes">
<p pnum="1">
<s snum="1">
<wf cmd="ignore" pos="DT">The</wf>
<wf cmd="tag" pos="NN">practice</wf>
<wf cmd="ignore" pos="IN">of</wf>
<wf cmd="tag" pos="JJ">state-owned</wf>
<wf cmd="tag" pos="NNS">vehicles</wf>
<wf cmd="ignore" pos="IN">for</wf>
<wf cmd="tag" pos="NN">use</wf>
<wf cmd="ignore" pos="IN">of</wf>
<wf cmd="tag" pos="NNS">employees</wf>
<wf cmd="ignore" pos="IN">on</wf>
<wf cmd="tag" pos="NN">business</wf>
<wf cmd="done" pos="VB" lemma="date_back" wnsn="1" lexsn="2:42:00::">dates_back</wf>
<wf cmd="ignore" pos="IN">over</wf>
<wf cmd="tag" pos="CD">forty</wf>
<wf cmd="tag" pos="NNS">years</wf>
<punc>.</punc>
</s>
<s snum="2">
<wf cmd="tag" pos="RB">At_least</wf>
<wf cmd="tag" pos="CD">one</wf>
<wf cmd="tag" pos="NN">state</wf>
<wf cmd="tag" pos="NN">vehicle</wf>
<wf cmd="done" pos="VB" lemma="be" wnsn="1" lexsn="2:42:03::">was</wf>
<wf cmd="ignore" pos="IN">in</wf>
<wf cmd="tag" pos="NN">existence</wf>
<wf cmd="ignore" pos="IN">in</wf>
<wf cmd="tag" pos="CD">1917</wf>
<punc>.</punc>
</s>
</p>
<p pnum="2">
<s snum="3">
<wf cmd="ignore" pos="DT">The</wf>
<wf cmd="tag" pos="NN">state</wf>
<wf cmd="tag" pos="RB">presently</wf>
<wf cmd="done" pos="VB" lemma="own" wnsn="1" lexsn="2:40:00::">owns</wf>
<wf cmd="tag" pos="CD">389</wf>
<wf cmd="tag" pos="NN">passenger</wf>
<wf cmd="tag" pos="NNS">vehicles</wf>
<wf cmd="ignore" pos="IN">in</wf>
<wf cmd="tag" pos="NN">comparison</wf>
<wf cmd="ignore" pos="TO">to</wf>
<wf cmd="tag" pos="RB">approximately</wf>
<wf cmd="tag" pos="CD">200</wf>
<wf cmd="ignore" pos="IN">in</wf>
<wf cmd="tag" pos="CD">1940</wf>
<punc>.</punc>
</s>
</p>
<p pnum="3">
<s snum="4">
<wf cmd="ignore" pos="DT">The</wf>
<wf cmd="tag" pos="NN">automobile</wf>
<wf cmd="tag" pos="NN">maintenance</wf>
<wf cmd="tag" pos="NN">unit</wf>
<punc>,</punc>
<wf cmd="ignore" pos="CC">or</wf>
<wf cmd="tag" pos="NN">motor_pool</wf>
<punc>,</punc>
<wf cmd="done" pos="VB" lemma="come" wnsn="2" lexsn="2:38:04::">came</wf>
<wf cmd="done" pos="VB" ot="notag">into</wf>
<wf cmd="tag" pos="NN">existence</wf>
<wf cmd="ignore" pos="IN">in</wf>
<wf cmd="tag" pos="CD">1942</wf>
<wf cmd="ignore" pos="CC">and</wf>
<wf cmd="done" pos="VBZ" ot="notag">has</wf>
<wf cmd="done" pos="VB" lemma="be" wnsn="1" lexsn="2:42:03::">been</wf>
<wf cmd="tag" pos="JJ">responsible_for</wf>
<wf cmd="tag" pos="JJ">centralized</wf>
<wf cmd="tag" pos="NN">maintenance</wf>
<wf cmd="ignore" pos="CC">and</wf>
<wf cmd="tag" pos="NN">management</wf>
<wf cmd="ignore" pos="IN">of</wf>
<wf cmd="tag" pos="JJ">state-owned</wf>
<wf cmd="tag" pos="NN">transportation</wf>
<wf cmd="ignore" pos="IN">since</wf>
<wf cmd="ignore" pos="IN">that</wf>
<wf cmd="tag" pos="NN">time</wf>
<punc>.</punc>
</s>
</p>
<p pnum="4">
<s snum="5">
<wf cmd="ignore" pos="DT">The</wf>
<wf cmd="tag" pos="NN">motor_pool</wf>
<wf cmd="done" pos="VBZ" ot="notag">has</wf>
<wf cmd="done" pos="VB" lemma="make" wnsn="1" lexsn="2:41:00::">made</wf>
<wf cmd="tag" pos="JJ">exceptional</wf>
<wf cmd="tag" pos="NN">progress</wf>
<wf cmd="ignore" pos="IN">in</wf>
<wf cmd="tag" pos="JJ">automotive</wf>
<wf cmd="tag" pos="NN">management</wf>
<wf cmd="done" pos="VB" lemma="include" wnsn="2" lexsn="2:31:00::">including</wf>
<wf cmd="tag" pos="NN">establishment</wf>
<wf cmd="ignore" pos="IN">of</wf>
<wf cmd="tag" pos="NN">cost</wf>
<wf cmd="tag" pos="NN">billing</wf>
<wf cmd="tag" pos="NNS">systems</wf>
<punc>,</punc>
<wf cmd="tag" pos="NNS">records</wf>
<wf cmd="tag" pos="NN">keeping</wf>
<punc>,</punc>
<wf cmd="tag" pos="NNS">analyses</wf>
<wf cmd="ignore" pos="IN">of</wf>
<wf cmd="tag" pos="NN">vehicle</wf>
<wf cmd="tag" pos="NN">use</wf>
<punc>,</punc>
<wf cmd="ignore" pos="CC">and</wf>
<wf cmd="done" pos="VB" lemma="effect" wnsn="1" lexsn="2:36:00::">effecting</wf>
<wf cmd="tag" pos="NNS">economies</wf>
<wf cmd="ignore" pos="IN">in</wf>
<wf cmd="tag" pos="NN">vehicle</wf>
<wf cmd="tag" pos="NN">operation</wf>
<punc>.</punc>
</s>
<s snum="6">
<wf cmd="tag" pos="NNPS">Cars</wf>
<wf cmd="done" pos="VBD" ot="notag">were</wf>
<wf cmd="done" pos="VB" lemma="operate" wnsn="3" lexsn="2:35:00::">operated</wf>
<wf cmd="ignore" pos="IN">in</wf>
<wf cmd="tag" pos="CD">1959</wf>
<wf cmd="ignore" pos="IN">for</wf>
<wf cmd="ignore" pos="DT">an</wf>
<wf cmd="tag" pos="JJ">average</wf>
<wf cmd="tag" pos="CD">.027</wf>
<wf cmd="ignore" pos="IN">per</wf>
<wf cmd="tag" pos="NN">mile</wf>
<punc>.</punc>
</s>
</p>
<p pnum="5">
<s snum="7">
<wf cmd="tag" pos="NNP">Purchase</wf>
<wf cmd="ignore" pos="IN">of</wf>
<wf cmd="tag" pos="NN">state</wf>
<wf cmd="tag" pos="NNS">vehicles</wf>
<wf cmd="done" pos="VBZ" ot="notag">is</wf>
<wf cmd="done" pos="VB" lemma="handle" wnsn="2" lexsn="2:41:03::">handled</wf>
<wf cmd="tag" pos="RB">similarly</wf>
<wf cmd="ignore" pos="TO">to</wf>
<wf cmd="ignore" pos="DT">all</wf>
<wf cmd="tag" pos="NN">state</wf>
<wf cmd="tag" pos="NNS">purchases</wf>
<punc>.</punc>
</s>
<s snum="8">
<wf cmd="tag" pos="NN">Unit</wf>
<wf cmd="tag" pos="NNS">prices</wf>
<wf cmd="ignore" pos="TO">to</wf>
<wf cmd="ignore" pos="DT">the</wf>
<wf cmd="tag" pos="NN">state</wf>
<wf cmd="done" pos="VB" lemma="be" wnsn="1" lexsn="2:42:03::">are</wf>
<wf cmd="tag" pos="RB">considerably</wf>
<wf cmd="tag" pos="JJR">lower</wf>
<wf cmd="tag" pos="RB">than</wf>
<wf cmd="ignore" pos="TO">to</wf>
<wf cmd="ignore" pos="DT">the</wf>
<wf cmd="tag" pos="JJ">general</wf>
<wf cmd="tag" pos="NN">public</wf>
<wf cmd="ignore" pos="IN">because</wf>
<wf cmd="ignore" pos="IN">of</wf>
<wf cmd="tag" pos="NN">quantity</wf>
<wf cmd="tag" pos="NNS">purchases</wf>
<wf cmd="ignore" pos="CC">and</wf>
<wf cmd="ignore" pos="DT">no</wf>
<wf cmd="tag" pos="NN">payment</wf>
<wf cmd="ignore" pos="IN">of</wf>
<wf cmd="tag" pos="NN">state</wf>
<wf cmd="tag" pos="NNS">sales</wf>
<wf cmd="ignore" pos="CC">or</wf>
<wf cmd="tag" pos="JJ">federal</wf>
<wf cmd="tag" pos="NN">excise_taxes</wf>
<punc>.</punc>
</s>
</p>
<p pnum="6">
<s snum="9">
<wf cmd="ignore" pos="DT">The</wf>
<wf cmd="tag" pos="NN">legislature</wf>
<wf cmd="ignore" pos="POS">'s</wf>
<wf cmd="tag" pos="NN">role</wf>
<wf cmd="ignore" pos="IN">in</wf>
<wf cmd="tag" pos="NN">policy</wf>
<wf cmd="tag" pos="NN">determination</wf>
<wf cmd="tag" pos="JJ">concerning</wf>
<wf cmd="tag" pos="JJ">state-owned</wf>
<wf cmd="tag" pos="NNS">vehicles</wf>
<wf cmd="done" pos="VBZ" ot="notag">has</wf>
<wf cmd="done" pos="VBN" ot="notag">been</wf>
<wf cmd="done" pos="VB" lemma="confine" wnsn="1" lexsn="2:30:00::">confined</wf>
<wf cmd="tag" pos="RB">almost</wf>
<wf cmd="tag" pos="RB">exclusively</wf>
<wf cmd="ignore" pos="TO">to</wf>
<wf cmd="done" pos="VB" lemma="appropriate" wnsn="1" lexsn="2:31:00::">appropriating</wf>
<wf cmd="tag" pos="NNS">funds</wf>
<wf cmd="ignore" pos="IN">for</wf>
<wf cmd="tag" pos="NNS">vehicles</wf>
<punc>.</punc>
</s>
</p>
<p pnum="7">
<s snum="10">
<wf cmd="ignore" pos="DT">The</wf>
<wf cmd="tag" pos="JJ">meaningful</wf>
<wf cmd="tag" pos="NNS">policies</wf>
<wf cmd="done" pos="VB" lemma="govern" wnsn="1" lexsn="2:41:02::">governing</wf>
<wf cmd="ignore" pos="DT">the</wf>
<wf cmd="tag" pos="NN">purchase</wf>
<punc>,</punc>
<wf cmd="tag" pos="NN">assignment</wf>
<punc>,</punc>
<wf cmd="tag" pos="NN">use</wf>
<wf cmd="ignore" pos="CC">and</wf>
<wf cmd="tag" pos="NN">management</wf>
<wf cmd="ignore" pos="IN">of</wf>
<wf cmd="tag" pos="NN">state</wf>
<wf cmd="tag" pos="NNS">vehicles</wf>
<wf cmd="done" pos="VBP" ot="notag">have</wf>
<wf cmd="done" pos="VBN" ot="notag">been</wf>
<wf cmd="done" pos="VB" lemma="shape" wnsn="1" lexsn="2:31:00::">shaped</wf>
<wf cmd="ignore" pos="IN">by</wf>
<wf cmd="ignore" pos="DT">the</wf>
<wf cmd="tag" pos="NN">state</wf>
<wf cmd="ignore" pos="POS">'s</wf>
<wf cmd="tag" pos="JJ">administrative</wf>
<wf cmd="tag" pos="NNS">officers</wf>
<punc>.</punc>
</s>
</p>
<p pnum="8">
<s snum="11">
<wf cmd="tag" pos="JJ">Meaningful</wf>
<wf cmd="tag" pos="NNS">policies</wf>
<wf cmd="done" pos="VB" lemma="include" wnsn="1" lexsn="2:42:00::">include</wf>
<punc>:</punc>
<punc>(</punc>
<wf cmd="ignore" pos="DT">a</wf>
<punc>)</punc>
<wf cmd="tag" pos="NNS">kinds</wf>
<wf cmd="ignore" pos="IN">of</wf>
<wf cmd="tag" pos="NNS">cars</wf>
<wf cmd="ignore" pos="DT">the</wf>
<wf cmd="tag" pos="NN">state</wf>
<wf cmd="ignore" pos="MD">should</wf>
<wf cmd="done" pos="VB" lemma="own" wnsn="1" lexsn="2:40:00::">own</wf>
<punc>,</punc>
<punc>(</punc>
<wf cmd="tag" pos="NN">b</wf>
<punc>)</punc>
<wf cmd="ignore" pos="WRB">when</wf>
<wf cmd="tag" pos="NNS">cars</wf>
<wf cmd="ignore" pos="MD">should</wf>
<wf cmd="done" pos="VB" ot="notag">be</wf>
<wf cmd="done" pos="VB" lemma="trade" wnsn="2" lexsn="2:40:00::">traded</wf>
<punc>,</punc>
<punc>(</punc>
<wf cmd="tag" pos="NN">c</wf>
<punc>)</punc>
<wf cmd="ignore" pos="DT">the</wf>
<wf cmd="tag" pos="NN">need</wf>
<wf cmd="ignore" pos="CC">and</wf>
<wf cmd="tag" pos="NN">assignment</wf>
<wf cmd="ignore" pos="IN">of</wf>
<wf cmd="tag" pos="NNS">vehicles</wf>
<punc>,</punc>
<punc>(</punc>
<wf cmd="ignore" pos="FW">d</wf>
<punc>)</punc>
<wf cmd="tag" pos="NN">use</wf>
<wf cmd="ignore" pos="IN">of</wf>
<wf cmd="tag" pos="NNS">cars</wf>
<wf cmd="ignore" pos="IN">in</wf>
<wf cmd="tag" pos="NN">lieu</wf>
<wf cmd="ignore" pos="IN">of</wf>
<wf cmd="tag" pos="NN">mileage</wf>
<wf cmd="tag" pos="NNS">allowances</wf>
<punc>,</punc>
<punc>(</punc>
<wf cmd="tag" pos="NN">e</wf>
<punc>)</punc>
<wf cmd="tag" pos="NNS">employees</wf>
<wf cmd="done" pos="VB" lemma="take" wnsn="7" lexsn="2:38:10::">taking</wf>
<wf cmd="tag" pos="NNS">cars</wf>
<wf cmd="tag" pos="NN">home</wf>
<punc>,</punc>
<wf cmd="ignore" pos="CC">and</wf>
<punc>(</punc>
<wf cmd="tag" pos="NN">f</wf>
<punc>)</punc>
<wf cmd="tag" pos="NN">need</wf>
<wf cmd="ignore" pos="IN">for</wf>
<wf cmd="tag" pos="NN">liability</wf>
<wf cmd="tag" pos="NN">insurance</wf>
<wf cmd="ignore" pos="IN">on</wf>
<wf cmd="tag" pos="NN">state</wf>
<wf cmd="tag" pos="NNS">automobiles</wf>
<punc>.</punc>
</s>
</p>
<p pnum="9">
<s snum="12">
<wf cmd="ignore" pos="DT">A</wf>
<wf cmd="tag" pos="NN">review</wf>
<wf cmd="ignore" pos="IN">of</wf>
<wf cmd="ignore" pos="DT">these</wf>
<wf cmd="tag" pos="NNS">policies</wf>
<wf cmd="done" pos="VB" lemma="indicate" wnsn="3" lexsn="2:32:00::">indicates</wf>
<punc>:</punc>
</s>
</p>
<p pnum="10">
<s snum="13">
<wf cmd="ignore" pos="DT">The</wf>
<wf cmd="tag" pos="NN">state</wf>
<wf cmd="done" pos="VB" lemma="purchase" wnsn="1" lexsn="2:40:00::">purchases</wf>
<wf cmd="ignore" pos="CC">and</wf>
<wf cmd="done" pos="VB" lemma="assign" wnsn="2" lexsn="2:40:01::">assigns</wf>
<wf cmd="tag" pos="NNS">grades</wf>
<wf cmd="ignore" pos="IN">of</wf>
<wf cmd="tag" pos="NNS">cars</wf>
<wf cmd="tag" pos="RB">according_to_need</wf>
<wf cmd="ignore" pos="CC">and</wf>
<wf cmd="tag" pos="NN">position</wf>
<wf cmd="tag" pos="NN">status</wf>
<wf cmd="ignore" pos="IN">of</wf>
<wf cmd="tag" pos="NN">driver</wf>
<wf cmd="ignore" pos="CC">and</wf>
<wf cmd="tag" pos="NN">use</wf>
<wf cmd="ignore" pos="IN">of</wf>
<wf cmd="tag" pos="NN">vehicle</wf>
<punc>.</punc>
</s>
</p>
<p pnum="11">
<s snum="14">
<wf cmd="ignore" pos="DT">The</wf>
<wf cmd="tag" pos="NN">purchase</wf>
<wf cmd="ignore" pos="IN">of</wf>
<wf cmd="tag" pos="JJ">compact</wf>
<punc>(</punc>
<wf cmd="tag" pos="NN">economy</wf>
<punc>)</punc>
<wf cmd="tag" pos="NNS">cars</wf>
<wf cmd="done" pos="VBZ" ot="notag">is</wf>
<wf cmd="done" pos="VBG" ot="notag">being</wf>
<wf cmd="done" pos="VB" lemma="make" wnsn="1" lexsn="2:41:00::">made</wf>
<wf cmd="tag" pos="RB">currently</wf>
<wf cmd="ignore" pos="IN">on</wf>
<wf cmd="ignore" pos="DT">a</wf>
<wf cmd="tag" pos="NN">test</wf>
<wf cmd="tag" pos="NN">basis</wf>
<punc>.</punc>
</s>
</p>
<p pnum="12">
<s snum="15">
<wf cmd="tag" pos="NNPS">Cars</wf>
<wf cmd="done" pos="VBP" ot="notag">are</wf>
<wf cmd="done" pos="VB" lemma="trade" wnsn="2" lexsn="2:40:00::">traded</wf>
<wf cmd="tag" pos="RB">mostly</wf>
<wf cmd="ignore" pos="IN">on</wf>
<wf cmd="ignore" pos="DT">a</wf>
<wf cmd="tag" pos="JJ">three-year</wf>
<wf cmd="tag" pos="NN">basis</wf>
<wf cmd="ignore" pos="IN">in</wf>
<wf cmd="ignore" pos="DT">the</wf>
<wf cmd="tag" pos="NN">interest</wf>
<wf cmd="ignore" pos="IN">of</wf>
<wf cmd="tag" pos="NN">economy</wf>
<punc>.</punc>
</s>
</p>
<p pnum="13">
<s snum="16">
<wf cmd="ignore" pos="DT">The</wf>
<wf cmd="tag" pos="NNS">factors</wf>
<wf cmd="done" pos="VB" lemma="govern" wnsn="1" lexsn="2:41:02::">governing</wf>
<wf cmd="tag" pos="NN">need</wf>
<wf cmd="ignore" pos="CC">and</wf>
<wf cmd="tag" pos="NN">assignment</wf>
<wf cmd="ignore" pos="IN">of</wf>
<wf cmd="tag" pos="NNS">cars</wf>
<wf cmd="done" pos="VB" lemma="be" wnsn="1" lexsn="2:42:03::">are</wf>
<wf cmd="tag" pos="JJ">flexible</wf>
<wf cmd="tag" pos="JJ">according</wf>
<wf cmd="ignore" pos="TO">to</wf>
<wf cmd="tag" pos="NNS">circumstances</wf>
<punc>.</punc>
</s>
</p>
<p pnum="14">
<s snum="17">
<wf cmd="tag" pos="JJ">Unsuccessful</wf>
<wf cmd="tag" pos="NNS">efforts</wf>
<wf cmd="done" pos="VBP" ot="notag">have</wf>
<wf cmd="done" pos="VBN" ot="notag">been</wf>
<wf cmd="done" pos="VB" lemma="make" wnsn="1" lexsn="2:41:00::">made</wf>
<wf cmd="ignore" pos="TO">to</wf>
<wf cmd="done" pos="VB" lemma="replace" wnsn="4" lexsn="2:40:00::">replace</wf>
<wf cmd="tag" pos="JJ">high</wf>
<wf cmd="tag" pos="NN">mileage</wf>
<wf cmd="tag" pos="NNS">allowances</wf>
<wf cmd="ignore" pos="IN">with</wf>
<wf cmd="tag" pos="NN">state</wf>
<wf cmd="tag" pos="NNS">automobiles</wf>
<punc>.</punc>
</s>
</p>
<p pnum="15">
<s snum="18">
<wf cmd="ignore" pos="PRP">It</wf>
<wf cmd="done" pos="VB" lemma="be" wnsn="1" lexsn="2:42:03::">is</wf>
<wf cmd="tag" pos="RB">reasonably</wf>
<wf cmd="tag" pos="JJ">economical</wf>
<wf cmd="ignore" pos="IN">for</wf>
<wf cmd="ignore" pos="DT">the</wf>
<wf cmd="tag" pos="NN">state</wf>
<wf cmd="ignore" pos="TO">to</wf>
<wf cmd="done" pos="VB" ot="notag">have</wf>
<wf cmd="tag" pos="NNS">drivers</wf>
<wf cmd="done" pos="VB" lemma="garage" wnsn="1" lexsn="2:40:00::">garage</wf>
<wf cmd="tag" pos="NN">state</wf>
<wf cmd="tag" pos="NNS">cars</wf>
<wf cmd="ignore" pos="IN">at</wf>
<wf cmd="ignore" pos="PRP$">their</wf>
<wf cmd="tag" pos="NNS">homes</wf>
<punc>.</punc>
</s>
</p>
<p pnum="16">
<s snum="19">
<wf cmd="ignore" pos="DT">The</wf>
<wf cmd="tag" pos="NN">state</wf>
<wf cmd="done" pos="VBZ" ot="notag">has</wf>
<wf cmd="tag" pos="RB">recently</wf>
<wf cmd="done" pos="VB" lemma="undertake" wnsn="4" lexsn="2:32:01::">undertaken</wf>
<wf cmd="tag" pos="NN">liability</wf>
<wf cmd="tag" pos="NN">insurance</wf>
<wf cmd="ignore" pos="IN">for</wf>
<wf cmd="tag" pos="NNS">drivers</wf>
<wf cmd="ignore" pos="IN">of</wf>
<wf cmd="tag" pos="NN">state</wf>
<wf cmd="tag" pos="NNS">cars</wf>
<punc>.</punc>
</s>
</p>
<p pnum="17">
<s snum="20">
<wf cmd="ignore" pos="DT">A</wf>
<wf cmd="tag" pos="NN">survey</wf>
<wf cmd="ignore" pos="IN">of</wf>
<wf cmd="tag" pos="NNS">practices</wf>
<wf cmd="ignore" pos="CC">and</wf>
<punc>/</punc>
<wf cmd="ignore" pos="CC">or</wf>
<wf cmd="tag" pos="NNS">policies</wf>
<wf cmd="ignore" pos="IN">in</wf>
<wf cmd="tag" pos="JJ">other</wf>
<wf cmd="tag" pos="NNS">states</wf>
<wf cmd="tag" pos="JJ">concerning</wf>
<wf cmd="tag" pos="NN">assignment</wf>
<wf cmd="ignore" pos="CC">and</wf>
<wf cmd="tag" pos="NN">use</wf>
<wf cmd="ignore" pos="IN">of</wf>
<wf cmd="tag" pos="NN">state</wf>
<wf cmd="tag" pos="NNS">automobiles</wf>
<wf cmd="done" pos="VB" lemma="reveal" wnsn="0" lexsn="2:39:01::">reveals</wf>
<wf cmd="tag" pos="JJ">several</wf>
<wf cmd="tag" pos="NNS">points</wf>
<wf cmd="ignore" pos="IN">for</wf>
<wf cmd="tag" pos="NN">comparison</wf>
<wf cmd="ignore" pos="IN">with</wf>
<wf cmd="tag" pos="NN">Rhode_Island</wf>
<wf cmd="ignore" pos="POS">'s</wf>
<wf cmd="tag" pos="NNS">practices</wf>
<punc>.</punc>
</s>
</p>
<p pnum="18">
<s snum="21">
<wf cmd="tag" pos="JJ">Forty-seven</wf>
<wf cmd="tag" pos="NNS">states</wf>
<wf cmd="done" pos="VB" lemma="assign" wnsn="2" lexsn="2:40:01::">assign</wf>
<wf cmd="ignore" pos="CC">or</wf>
<wf cmd="done" pos="VB" lemma="provide" wnsn="1" lexsn="2:40:00::">provide</wf>
<wf cmd="tag" pos="NNS">vehicles</wf>
<wf cmd="ignore" pos="IN">for</wf>
<wf cmd="tag" pos="NNS">employees</wf>
<wf cmd="ignore" pos="IN">on</wf>
<wf cmd="tag" pos="NN">state</wf>
<wf cmd="tag" pos="NN">business</wf>
<punc>.</punc>
</s>
<s snum="22">
<wf cmd="tag" pos="CD">Two</wf>
<wf cmd="tag" pos="JJ">other</wf>
<wf cmd="tag" pos="NNS">states</wf>
<wf cmd="done" pos="VB" lemma="provide" wnsn="1" lexsn="2:40:00::">provide</wf>
<wf cmd="tag" pos="NNS">vehicles</wf>
<punc>,</punc>
<wf cmd="ignore" pos="CC">but</wf>
<wf cmd="tag" pos="RB">only</wf>
<wf cmd="ignore" pos="IN">with</wf>
<wf cmd="tag" pos="JJ">legislative</wf>
<wf cmd="tag" pos="NN">approval</wf>
<punc>.</punc>
</s>
</p>
<p pnum="19">
<s snum="23">
<wf cmd="tag" pos="NNPS">States</wf>
<wf cmd="ignore" pos="WDT">which</wf>
<wf cmd="done" pos="VB" lemma="provide" wnsn="1" lexsn="2:40:00::">provide</wf>
<wf cmd="tag" pos="NNS">automobiles</wf>
<wf cmd="ignore" pos="IN">for</wf>
<wf cmd="tag" pos="NNS">employees</wf>
<wf cmd="done" pos="VB" lemma="assign" wnsn="2" lexsn="2:40:01::">assign</wf>
<wf cmd="ignore" pos="PRP">them</wf>
<wf cmd="tag" pos="RB">variously</wf>
<wf cmd="ignore" pos="TO">to</wf>
<wf cmd="ignore" pos="DT">the</wf>
<wf cmd="tag" pos="NN">agency</wf>
<punc>,</punc>
<wf cmd="ignore" pos="DT">the</wf>
<wf cmd="tag" pos="JJ">individual</wf>
<punc>,</punc>
<wf cmd="ignore" pos="CC">or</wf>
<wf cmd="ignore" pos="TO">to</wf>
<wf cmd="ignore" pos="DT">a</wf>
<wf cmd="tag" pos="JJ">central</wf>
<wf cmd="tag" pos="NN">pool</wf>
<punc>.</punc>
</s>
</p>
<p pnum="20">
<s snum="24">
<wf cmd="tag" pos="JJ">Twenty-six</wf>
<wf cmd="tag" pos="NNS">states</wf>
<wf cmd="done" pos="VB" lemma="operate" wnsn="1" lexsn="2:41:00::">operate</wf>
<wf cmd="ignore" pos="DT">a</wf>
<wf cmd="tag" pos="JJ">central</wf>
<wf cmd="tag" pos="NN">motor_pool</wf>
<wf cmd="ignore" pos="IN">for</wf>
<wf cmd="tag" pos="NN">acquisition</wf>
<punc>,</punc>
<wf cmd="tag" pos="NN">allocation</wf>
<wf cmd="ignore" pos="CC">and</wf>
<punc>/</punc>
<wf cmd="ignore" pos="CC">or</wf>
<wf cmd="tag" pos="NN">maintenance</wf>
<wf cmd="ignore" pos="IN">of</wf>
<wf cmd="tag" pos="JJ">state-owned</wf>
<wf cmd="tag" pos="NNS">vehicles</wf>
<punc>.</punc>
</s>
</p>
<p pnum="21">
<s snum="25">
<wf cmd="tag" pos="CD">Nineteen</wf>
<wf cmd="tag" pos="NNS">states</wf>
<wf cmd="done" pos="VB" lemma="report" wnsn="1" lexsn="2:32:00::">report</wf>
<wf cmd="tag" pos="NNS">laws</wf>
<punc>,</punc>
<wf cmd="tag" pos="NNS">policies</wf>
<wf cmd="ignore" pos="CC">or</wf>
<wf cmd="tag" pos="NNS">regulations</wf>
<wf cmd="ignore" pos="IN">for</wf>
<wf cmd="done" pos="VB" lemma="assign" wnsn="2" lexsn="2:40:01::">assigning</wf>
<wf cmd="tag" pos="NN">state</wf>
<wf cmd="tag" pos="NNS">vehicles</wf>
<wf cmd="ignore" pos="IN">in</wf>
<wf cmd="tag" pos="NN">lieu</wf>
<wf cmd="ignore" pos="IN">of</wf>
<wf cmd="done" pos="VB" lemma="pay" wnsn="1" lexsn="2:40:00::">paying</wf>
<wf cmd="tag" pos="NN">mileage</wf>
<wf cmd="tag" pos="NNS">allowances</wf>
<punc>.</punc>
</s>
<s snum="26">
<wf cmd="ignore" pos="IN">Of</wf>
<wf cmd="ignore" pos="DT">these</wf>
<wf cmd="tag" pos="NNS">states</wf>
<wf cmd="ignore" pos="DT">the</wf>
<wf cmd="tag" pos="JJ">average</wf>
<punc>``</punc>
<wf cmd="tag" pos="NN">change-over</wf>
<punc>''</punc>
<wf cmd="tag" pos="NN">point</wf>
<punc>(</punc>
<wf cmd="ignore" pos="IN">at</wf>
<wf cmd="ignore" pos="WDT">which</wf>
<wf cmd="ignore" pos="DT">a</wf>
<wf cmd="tag" pos="NN">car</wf>
<wf cmd="done" pos="VBZ" ot="notag">is</wf>
<wf cmd="done" pos="VB" lemma="substitute" wnsn="1" lexsn="2:40:00::">substituted</wf>
<wf cmd="done" pos="VB" ot="notag">for</wf>
<wf cmd="tag" pos="NNS">allowances</wf>
<punc>)</punc>
<wf cmd="done" pos="VB" lemma="be" wnsn="2" lexsn="2:42:06::">is</wf>
<wf cmd="tag" pos="CD">13200</wf>
<wf cmd="tag" pos="NNS">miles</wf>
<wf cmd="tag" pos="RB">per_year</wf>
<punc>.</punc>
</s>
</p>
<p pnum="22">
<s snum="27">
<wf cmd="tag" pos="NN">Mileage</wf>
<wf cmd="tag" pos="NNS">allowances</wf>
<wf cmd="ignore" pos="IN">for</wf>
<wf cmd="tag" pos="NN">state</wf>
<wf cmd="tag" pos="NNS">employees</wf>
<wf cmd="done" pos="VB" lemma="be" wnsn="1" lexsn="2:42:03::">are</wf>
<wf cmd="ignore" pos="IN">of</wf>
<wf cmd="tag" pos="CD">two</wf>
<wf cmd="tag" pos="NNS">types</wf>
<punc>:</punc>
<punc>(</punc>
<wf cmd="ignore" pos="DT">a</wf>
<punc>)</punc>
<wf cmd="tag" pos="JJ">actual</wf>
<wf cmd="tag" pos="NN">mileage</wf>
<wf cmd="ignore" pos="CC">and</wf>
<punc>(</punc>
<wf cmd="tag" pos="NN">b</wf>
<punc>)</punc>
<wf cmd="tag" pos="JJ">fixed</wf>
<wf cmd="tag" pos="JJ">monthly</wf>
<wf cmd="tag" pos="NNS">allowances</wf>
<punc>.</punc>
</s>
</p>
<p pnum="23">
<s snum="28">
<wf cmd="tag" pos="JJ">Actual</wf>
<wf cmd="tag" pos="NN">mileage</wf>
<wf cmd="tag" pos="NNS">allowances</wf>
<wf cmd="done" pos="VB" lemma="be" wnsn="2" lexsn="2:42:06::">are</wf>
<wf cmd="tag" pos="JJ">itemized</wf>
<wf cmd="tag" pos="NNS">reimbursements</wf>
<wf cmd="done" pos="VB" lemma="allow" wnsn="4" lexsn="2:31:01::">allowed</wf>
<wf cmd="tag" pos="NNS">employees</wf>
<wf cmd="ignore" pos="IN">for</wf>
<wf cmd="ignore" pos="DT">the</wf>
<wf cmd="tag" pos="NN">use</wf>
<wf cmd="ignore" pos="IN">of</wf>
<wf cmd="tag" pos="JJ">personally-owned</wf>
<wf cmd="tag" pos="NNS">vehicles</wf>
<wf cmd="ignore" pos="IN">on</wf>
<wf cmd="tag" pos="NN">state</wf>
<wf cmd="tag" pos="NN">business</wf>
<wf cmd="ignore" pos="IN">at</wf>
<wf cmd="ignore" pos="DT">the</wf>
<wf cmd="tag" pos="NN">rate</wf>
<wf cmd="ignore" pos="IN">of</wf>
<wf cmd="tag" pos="CD">.07</wf>
<wf cmd="ignore" pos="IN">per</wf>
<wf cmd="tag" pos="NN">mile</wf>
<punc>.</punc>
</s>
<s snum="29">
<wf cmd="tag" pos="JJ">Fixed</wf>
<wf cmd="tag" pos="JJ">monthly</wf>
<wf cmd="tag" pos="NNS">allowances</wf>
<wf cmd="done" pos="VB" lemma="be" wnsn="2" lexsn="2:42:06::">are</wf>
<wf cmd="tag" pos="NNS">reimbursements</wf>
<wf cmd="ignore" pos="IN">for</wf>
<wf cmd="ignore" pos="DT">the</wf>
<wf cmd="tag" pos="JJ">same</wf>
<wf cmd="tag" pos="NN">purpose</wf>
<wf cmd="ignore" pos="IN">except</wf>
<wf cmd="ignore" pos="IN">on</wf>
<wf cmd="ignore" pos="DT">a</wf>
<wf cmd="tag" pos="JJ">non-itemized</wf>
<wf cmd="tag" pos="NN">basis</wf>
<punc>.</punc>
</s>
<s snum="30">
<wf cmd="ignore" pos="DT">Both</wf>
<wf cmd="tag" pos="NNS">allowances</wf>
<wf cmd="done" pos="VBP" ot="notag">are</wf>
<wf cmd="done" pos="VB" lemma="govern" wnsn="1" lexsn="2:41:02::">governed</wf>
<wf cmd="ignore" pos="IN">by</wf>
<wf cmd="tag" pos="NNS">conditions</wf>
<wf cmd="ignore" pos="CC">and</wf>
<wf cmd="tag" pos="NNS">restrictions</wf>
<wf cmd="done" pos="VB" lemma="set_forth" wnsn="1" lexsn="2:32:00::">set_forth</wf>
<wf cmd="tag" pos="RB">in_detail</wf>
<wf cmd="ignore" pos="IN">in</wf>
<wf cmd="ignore" pos="DT">the</wf>
<wf cmd="tag" pos="NN">state</wf>
<wf cmd="ignore" pos="POS">'s</wf>
<wf cmd="tag" pos="NNP">Travel</wf>
<wf cmd="tag" pos="NNS">Regulations</wf>
<punc>.</punc>
</s>
</p>
<p pnum="24">
<s snum="31">
<wf cmd="tag" pos="NN">Rhode_Island</wf>
<wf cmd="ignore" pos="POS">'s</wf>
<wf cmd="tag" pos="JJ">reimburseable</wf>
<wf cmd="tag" pos="NN">rate</wf>
<wf cmd="ignore" pos="IN">of</wf>
<wf cmd="tag" pos="CD">.07</wf>
<wf cmd="ignore" pos="IN">per</wf>
<wf cmd="tag" pos="NN">mile</wf>
<wf cmd="ignore" pos="IN">for</wf>
<wf cmd="tag" pos="NN">use</wf>
<wf cmd="ignore" pos="IN">of</wf>
<wf cmd="tag" pos="JJ">personally-owned</wf>
<wf cmd="tag" pos="NNS">cars</wf>
<wf cmd="done" pos="VB" lemma="compare" wnsn="2" lexsn="2:42:00::">compares</wf>
<wf cmd="tag" pos="RB">favorably</wf>
<wf cmd="ignore" pos="IN">with</wf>
<wf cmd="tag" pos="JJ">other</wf>
<wf cmd="tag" pos="NNS">states</wf>
<punc>'</punc>
<wf cmd="tag" pos="NNS">rates</wf>
<punc>.</punc>
</s>
<s snum="32">
<wf cmd="ignore" pos="DT">The</wf>
<wf cmd="tag" pos="NN">average</wf>
<wf cmd="ignore" pos="IN">of</wf>
<wf cmd="tag" pos="NNS">states</wf>
<punc>'</punc>
<wf cmd="tag" pos="NNS">rates</wf>
<wf cmd="done" pos="VB" lemma="be" wnsn="2" lexsn="2:42:06::">is</wf>
<wf cmd="tag" pos="CD">.076</wf>
<wf cmd="ignore" pos="IN">per</wf>
<wf cmd="tag" pos="NN">mile</wf>
<punc>.</punc>
</s>
</p>
<p pnum="25">
<s snum="33">
<wf cmd="tag" pos="NN">Rhode_Island</wf>
<wf cmd="ignore" pos="POS">'s</wf>
<wf cmd="tag" pos="NN">rate</wf>
<wf cmd="ignore" pos="IN">of</wf>
<wf cmd="tag" pos="CD">.07</wf>
<wf cmd="ignore" pos="IN">per</wf>
<wf cmd="tag" pos="NN">mile</wf>
<wf cmd="done" pos="VB" lemma="be" wnsn="1" lexsn="2:42:03::">is</wf>
<wf cmd="tag" pos="RB">considerably</wf>
<wf cmd="tag" pos="RBR">lower</wf>
<wf cmd="ignore" pos="IN">than</wf>
<wf cmd="tag" pos="JJ">reimburseable</wf>
<wf cmd="tag" pos="NNS">rates</wf>
<wf cmd="ignore" pos="IN">in</wf>
<wf cmd="ignore" pos="DT">the</wf>
<wf cmd="tag" pos="NN">federal_government</wf>
<wf cmd="ignore" pos="CC">and</wf>
<wf cmd="ignore" pos="IN">in</wf>
<wf cmd="tag" pos="NN">industry</wf>
<wf cmd="tag" pos="RB">nationally</wf>
<wf cmd="ignore" pos="WDT">which</wf>
<wf cmd="done" pos="VB" lemma="approximate" wnsn="1" lexsn="2:42:00::">approximate</wf>
<wf cmd="ignore" pos="DT">a</wf>
<wf cmd="tag" pos="CD">.09</wf>
<wf cmd="ignore" pos="IN">per</wf>
<wf cmd="tag" pos="NN">mile</wf>
<wf cmd="tag" pos="JJ">average</wf>
<punc>.</punc>
</s>
</p>
<p pnum="26">
<s snum="34">
<wf cmd="tag" pos="JJ">Actual</wf>
<wf cmd="tag" pos="NN">mileage</wf>
<wf cmd="tag" pos="NNS">allowances</wf>
<wf cmd="done" pos="VB" lemma="be" wnsn="1" lexsn="2:42:03::">are</wf>
<wf cmd="tag" pos="JJ">well-administered</wf>
<wf cmd="ignore" pos="CC">and</wf>
<wf cmd="tag" pos="RB">not</wf>
<wf cmd="tag" pos="RB">unduly</wf>
<wf cmd="tag" pos="JJ">expensive</wf>
<wf cmd="ignore" pos="IN">for</wf>
<wf cmd="ignore" pos="DT">the</wf>
<wf cmd="tag" pos="NN">state</wf>
<punc>.</punc>
</s>
<s snum="35">
<wf cmd="ignore" pos="DT">The</wf>
<wf cmd="tag" pos="NN">travel</wf>
<wf cmd="tag" pos="NNS">regulations</wf>
<punc>,</punc>
<wf cmd="tag" pos="NNS">requirements</wf>
<wf cmd="ignore" pos="CC">and</wf>
<wf cmd="tag" pos="NNS">procedures</wf>
<wf cmd="done" pos="VB" lemma="govern" wnsn="1" lexsn="2:41:02::">governing</wf>
<wf cmd="tag" pos="NN">reimbursement</wf>
<wf cmd="done" pos="VBP" ot="notag">are</wf>
<wf cmd="done" pos="VB" lemma="control" wnsn="2" lexsn="2:41:01::">controlled</wf>
<wf cmd="tag" pos="RB">properly</wf>
<wf cmd="ignore" pos="CC">and</wf>
<wf cmd="tag" pos="RB">not</wf>
<wf cmd="tag" pos="RB">overly</wf>
<wf cmd="tag" pos="JJ">restrictive</wf>
<punc>.</punc>
</s>
</p>
<p pnum="27">
<s snum="36">
<wf cmd="tag" pos="JJ">Fixed</wf>
<wf cmd="tag" pos="JJ">monthly</wf>
<wf cmd="tag" pos="NNS">allowances</wf>
<wf cmd="done" pos="VB" lemma="be" wnsn="1" lexsn="2:42:03::">are</wf>
<wf cmd="ignore" pos="DT">a</wf>
<wf cmd="tag" pos="JJ">controversial</wf>
<wf cmd="tag" pos="NN">subject</wf>
<punc>.</punc>
</s>
<s snum="37">
<wf cmd="ignore" pos="PRP">They</wf>
<wf cmd="done" pos="VB" lemma="have" wnsn="1" lexsn="2:40:00::">have</wf>
<wf cmd="ignore" pos="DT">a</wf>
<wf cmd="tag" pos="JJ">great</wf>
<wf cmd="tag" pos="NN">advantage</wf>
<wf cmd="ignore" pos="IN">in</wf>
<wf cmd="tag" pos="NN">ease</wf>
<wf cmd="ignore" pos="IN">of</wf>
<wf cmd="tag" pos="NN">audit</wf>
<wf cmd="tag" pos="NN">time</wf>
<wf cmd="ignore" pos="CC">and</wf>
<wf cmd="tag" pos="NN">payment</wf>
<punc>.</punc>
</s>
<s snum="38">
<wf cmd="tag" pos="RB">However</wf>
<punc>,</punc>
<wf cmd="ignore" pos="PRP">they</wf>
<wf cmd="done" rdf="lend_oneself" pos="VB" lemma="lend_oneself" wnsn="1" lexsn="2:42:00::">lend_themselves</wf>
<wf cmd="tag" pos="TO">to</wf>
<wf cmd="tag" pos="NN">abuse</wf>
<wf cmd="ignore" pos="CC">and</wf>
<wf cmd="tag" pos="JJ">inadequate</wf>
<wf cmd="tag" pos="NN">control</wf>
<wf cmd="tag" pos="NNS">measures</wf>
<punc>.</punc>
</s>
<s snum="39">
<wf cmd="tag" pos="JJ">Flat</wf>
<wf cmd="tag" pos="NNS">payments</wf>
<wf cmd="ignore" pos="IN">over</wf>
<punc>$</punc>
<wf cmd="tag" pos="CD">50</wf>
<wf cmd="ignore" pos="IN">per</wf>
<wf cmd="tag" pos="NN">month</wf>
<wf cmd="done" pos="VB" lemma="be" wnsn="1" lexsn="2:42:03::">are</wf>
<wf cmd="tag" pos="RBR">more</wf>
<wf cmd="tag" pos="JJ">expensive</wf>
<wf cmd="ignore" pos="TO">to</wf>
<wf cmd="ignore" pos="DT">the</wf>
<wf cmd="tag" pos="NN">state</wf>
<wf cmd="ignore" pos="IN">than</wf>
<wf cmd="ignore" pos="DT">the</wf>
<wf cmd="tag" pos="NN">assignment</wf>
<wf cmd="ignore" pos="IN">of</wf>
<wf cmd="tag" pos="JJ">state-owned</wf>
<wf cmd="tag" pos="NNS">vehicles</wf>
<punc>.</punc>
</s>
</p>
<p pnum="28">
<s snum="40">
<wf cmd="tag" pos="NN">Travel_allowances</wf>
<punc>,</punc>
<wf cmd="done" pos="VB" lemma="include" wnsn="1" lexsn="2:42:00::">including</wf>
<wf cmd="tag" pos="NN">subsistence</wf>
<punc>,</punc>
<wf cmd="done" pos="VBP" ot="notag">have</wf>
<wf cmd="done" pos="VBN" ot="notag">been</wf>
<wf cmd="done" pos="VB" lemma="revise" wnsn="2" lexsn="2:41:00::">revised</wf>
<wf cmd="ignore" pos="IN">by</wf>
<wf cmd="tag" pos="NN">administrative_officials</wf>
<wf cmd="tag" pos="RB">recently</wf>
<wf cmd="ignore" pos="CC">and</wf>
<wf cmd="done" pos="VB" lemma="compare" wnsn="2" lexsn="2:42:00::">compare</wf>
<wf cmd="tag" pos="RB">favorably</wf>
<wf cmd="ignore" pos="IN">with</wf>
<wf cmd="tag" pos="JJ">other</wf>
<wf cmd="tag" pos="NNS">states</wf>
<punc>'</punc>
<wf cmd="tag" pos="NNS">allowances</wf>
<punc>.</punc>
</s>
<s snum="41">
<wf cmd="ignore" pos="IN">With</wf>
<wf cmd="tag" pos="JJ">few</wf>
<wf cmd="tag" pos="NNS">exceptions</wf>
<wf cmd="tag" pos="NNS">travelers</wf>
<wf cmd="ignore" pos="IN">on</wf>
<wf cmd="tag" pos="NN">state</wf>
<wf cmd="tag" pos="NN">business</wf>
<wf cmd="done" pos="VBP" ot="notag">are</wf>
<wf cmd="done" pos="VB" lemma="allow" wnsn="4" lexsn="2:31:01::">allowed</wf>
<wf cmd="tag" pos="JJ">actual</wf>
<wf cmd="tag" pos="NN">travel</wf>
<wf cmd="tag" pos="NNS">expenses</wf>
<wf cmd="ignore" pos="CC">and</wf>
<punc>$</punc>
<wf cmd="tag" pos="CD">15</wf>
<wf cmd="ignore" pos="IN">per</wf>
<wf cmd="tag" pos="NN">day</wf>
<wf cmd="tag" pos="NN">subsistence</wf>
<punc>.</punc>
</s>
<s snum="42">
<wf cmd="tag" pos="NN">Travel_allowances</wf>
<wf cmd="done" pos="VB" lemma="be" wnsn="1" lexsn="2:42:03::">are</wf>
<wf cmd="tag" pos="JJ">well-regulated</wf>
<wf cmd="ignore" pos="CC">and</wf>
<wf cmd="done" pos="VB" lemma="pose" wnsn="1" lexsn="2:42:00::">pose</wf>
<wf cmd="tag" pos="JJ">little</wf>
<wf cmd="tag" pos="NN">problem</wf>
<wf cmd="ignore" pos="IN">in</wf>
<wf cmd="tag" pos="NN">administration</wf>
<wf cmd="ignore" pos="CC">and</wf>
<punc>/</punc>
<wf cmd="ignore" pos="CC">or</wf>
<wf cmd="tag" pos="NN">audit</wf>
<wf cmd="tag" pos="NN">control</wf>
<punc>.</punc>
</s>
</p>
<p pnum="29">
<s snum="43">
<wf cmd="ignore" pos="PRP">It</wf>
<wf cmd="done" pos="VB" lemma="be" wnsn="1" lexsn="2:42:03::">is</wf>
<wf cmd="tag" pos="JJ">difficult</wf>
<wf cmd="ignore" pos="TO">to</wf>
<wf cmd="done" pos="VB" lemma="pinpoint" wnsn="1" lexsn="2:40:00::">pinpoint</wf>
<wf cmd="ignore" pos="DT">the</wf>
<wf cmd="tag" pos="NN">time_of_origin</wf>
<wf cmd="ignore" pos="IN">of</wf>
<wf cmd="ignore" pos="DT">the</wf>
<wf cmd="tag" pos="NN">state</wf>
<wf cmd="done" pos="VB" lemma="purchase" wnsn="1" lexsn="2:40:00::">purchasing</wf>
<wf cmd="tag" pos="NNS">automobiles</wf>
<wf cmd="ignore" pos="IN">for</wf>
<wf cmd="tag" pos="NN">use</wf>
<wf cmd="ignore" pos="IN">of</wf>
<wf cmd="tag" pos="NNS">employees</wf>
<wf cmd="ignore" pos="IN">in</wf>
<wf cmd="tag" pos="NN">Rhode_Island</wf>
<punc>.</punc>
</s>
<s snum="44">
<wf cmd="tag" pos="JJ">Few</wf>
<wf cmd="tag" pos="NNS">records</wf>
<wf cmd="done" pos="VB" lemma="be" wnsn="1" lexsn="2:42:03::">are</wf>
<wf cmd="tag" pos="JJ">available</wf>
<wf cmd="done" pos="VB" lemma="concern" wnsn="1" lexsn="2:42:00::">concerning</wf>
<wf cmd="ignore" pos="DT">the</wf>
<wf cmd="tag" pos="NN">subject</wf>
<wf cmd="tag" pos="RB">prior</wf>
<wf cmd="ignore" pos="TO">to</wf>
<wf cmd="tag" pos="CD">1940</wf>
<punc>.</punc>
</s>
<s snum="45">
<wf cmd="ignore" pos="DT">Those</wf>
<wf cmd="ignore" pos="IN">that</wf>
<wf cmd="done" pos="VB" lemma="be" wnsn="1" lexsn="2:42:03::">are</wf>
<wf cmd="tag" pos="JJ">available</wf>
<wf cmd="done" rdf="shed_light_on" pos="VB" lemma="shed_light_on" wnsn="1" lexsn="2:31:00::">shed</wf>
<wf cmd="tag" pos="JJ">little</wf>
<wf cmd="tag" pos="NN">light</wf>
<punc>.</punc>
</s>
<s snum="46">
<wf cmd="ignore" pos="DT">The</wf>
<wf cmd="tag" pos="NNP">Registry</wf>
<wf cmd="ignore" pos="IN">of</wf>
<wf cmd="tag" pos="NN">Motor_Vehicles</wf>
<wf cmd="done" pos="VB" lemma="indicate" wnsn="3" lexsn="2:32:00::">indicates</wf>
<wf cmd="ignore" pos="IN">that</wf>
<wf cmd="tag" pos="RB">at_least</wf>
<wf cmd="tag" pos="CD">one</wf>
<wf cmd="tag" pos="NN">state</wf>
<wf cmd="tag" pos="NN">automobile</wf>
<wf cmd="done" pos="VBD" ot="notag">was</wf>
<wf cmd="done" pos="VB" lemma="register" wnsn="1" lexsn="2:41:00::">registered</wf>
<wf cmd="tag" pos="RB">as</wf>
<wf cmd="tag" pos="RB">far</wf>
<wf cmd="tag" pos="RB">back</wf>
<wf cmd="ignore" pos="IN">as</wf>
<wf cmd="tag" pos="CD">1917</wf>
<punc>.</punc>
</s>
<s snum="47">
<wf cmd="ignore" pos="PRP">It</wf>
<wf cmd="ignore" pos="MD">should</wf>
<wf cmd="done" pos="VB" lemma="be" wnsn="1" lexsn="2:42:03::">be</wf>
<wf cmd="tag" pos="RB">enough</wf>
<wf cmd="ignore" pos="TO">to</wf>
<wf cmd="done" pos="VB" lemma="say" wnsn="2" lexsn="2:32:01::">say</wf>
<wf cmd="ignore" pos="IN">that</wf>
<wf cmd="ignore" pos="DT">the</wf>
<wf cmd="tag" pos="NN">practice</wf>
<wf cmd="ignore" pos="IN">of</wf>
<wf cmd="ignore" pos="DT">the</wf>
<wf cmd="tag" pos="NN">state</wf>
<wf cmd="done" pos="VB" lemma="buy" wnsn="1" lexsn="2:40:00::">buying</wf>
<wf cmd="tag" pos="NNS">automobiles</wf>
<wf cmd="done" pos="VB" lemma="be" wnsn="1" lexsn="2:42:03::">is</wf>
<wf cmd="tag" pos="RB">at_least</wf>
<wf cmd="tag" pos="CD">forty</wf>
<wf cmd="tag" pos="NNS">years</wf>
<wf cmd="tag" pos="JJ">old</wf>
<punc>.</punc>
</s>
</p>
<p pnum="30">
<s snum="48">
<wf cmd="ignore" pos="DT">The</wf>
<wf cmd="tag" pos="JJS">best</wf>
<wf cmd="tag" pos="NN">reason</wf>
<wf cmd="ignore" pos="WDT">that</wf>
<wf cmd="ignore" pos="MD">can</wf>
<wf cmd="done" pos="VB" ot="notag">be</wf>
<wf cmd="done" pos="VB" lemma="advance" wnsn="2" lexsn="2:32:00::">advanced</wf>
<wf cmd="ignore" pos="IN">for</wf>
<wf cmd="ignore" pos="DT">the</wf>
<wf cmd="tag" pos="NN">state</wf>
<wf cmd="done" pos="VB" lemma="adopt" wnsn="2" lexsn="2:40:00::">adopting</wf>
<wf cmd="ignore" pos="DT">the</wf>
<wf cmd="tag" pos="NN">practice</wf>
<wf cmd="done" pos="VB" lemma="be" wnsn="2" lexsn="2:42:06::">was</wf>
<wf cmd="ignore" pos="DT">the</wf>
<wf cmd="tag" pos="NN">advent</wf>
<wf cmd="ignore" pos="IN">of</wf>
<wf cmd="tag" pos="JJ">expanded</wf>
<wf cmd="tag" pos="NN">highway</wf>
<wf cmd="tag" pos="NN">construction</wf>
<wf cmd="ignore" pos="IN">during</wf>
<wf cmd="ignore" pos="DT">the</wf>
<wf cmd="tag" pos="CD">1920</wf>
<wf cmd="ignore" pos="PRP">s</wf>
<wf cmd="ignore" pos="CC">and</wf>
<punc>'</punc>
<wf cmd="tag" pos="CD">30</wf>
<wf cmd="ignore" pos="PRP">s</wf>
<punc>.</punc>
</s>
<s snum="49">
<wf cmd="tag" pos="RB">At_that_time</wf>
<wf cmd="tag" pos="NN">highway_engineers</wf>
<wf cmd="done" pos="VB" lemma="travel" wnsn="1" lexsn="2:38:00::">traveled</wf>
<wf cmd="tag" pos="JJ">rough</wf>
<wf cmd="ignore" pos="CC">and</wf>
<wf cmd="tag" pos="JJ">dirty</wf>
<wf cmd="tag" pos="NNS">roads</wf>
<wf cmd="ignore" pos="TO">to</wf>
<wf cmd="done" pos="VB" lemma="accomplish" wnsn="1" lexsn="2:36:00::">accomplish</wf>
<wf cmd="ignore" pos="PRP$">their</wf>
<wf cmd="tag" pos="NNS">duties</wf>
<punc>.</punc>
</s>
<s snum="50">
<wf cmd="done" pos="VB" lemma="use" wnsn="1" lexsn="2:34:01::">Using</wf>
<wf cmd="tag" pos="JJ">privately-owned</wf>
<wf cmd="tag" pos="NNS">vehicles</wf>
<wf cmd="done" pos="VB" lemma="be" wnsn="1" lexsn="2:42:03::">was</wf>
<wf cmd="ignore" pos="DT">a</wf>
<wf cmd="tag" pos="JJ">personal</wf>
<wf cmd="tag" pos="NN">hardship</wf>
<wf cmd="ignore" pos="IN">for</wf>
<wf cmd="tag" pos="JJ">such</wf>
<wf cmd="tag" pos="NNS">employees</wf>
<punc>,</punc>
<wf cmd="ignore" pos="CC">and</wf>
<wf cmd="tag" pos="JJ">the_matter</wf>
<wf cmd="ignore" pos="IN">of</wf>
<wf cmd="done" pos="VB" lemma="provide" wnsn="1" lexsn="2:40:00::">providing</wf>
<wf cmd="tag" pos="NN">state</wf>
<wf cmd="tag" pos="NN">transportation</wf>
<wf cmd="done" pos="VBD" ot="notag">was</wf>
<wf cmd="done" pos="VB" lemma="feel" wnsn="2" lexsn="2:31:00::">felt</wf>
<wf cmd="tag" pos="RB">perfectly</wf>
<wf cmd="tag" pos="JJ">justifiable</wf>
<punc>.</punc>
</s>
</p>
<p pnum="31">
<s snum="51">
<wf cmd="tag" pos="RB">Once</wf>
<wf cmd="ignore" pos="DT">the</wf>
<wf cmd="tag" pos="NN">principle</wf>
<wf cmd="done" pos="VBD" ot="notag">was</wf>
<wf cmd="done" pos="VB" lemma="establish" wnsn="2" lexsn="2:36:00::">established</wf>
<punc>,</punc>
<wf cmd="ignore" pos="DT">the</wf>
<wf cmd="tag" pos="NN">increase</wf>
<wf cmd="ignore" pos="IN">in</wf>
<wf cmd="tag" pos="JJ">state-owned</wf>
<wf cmd="tag" pos="NNS">vehicles</wf>
<wf cmd="done" pos="VB" lemma="come" wnsn="3" lexsn="2:30:01::">came</wf>
<wf cmd="tag" pos="RB">rapidly</wf>
<punc>.</punc>
</s>
<s snum="52">
<wf cmd="ignore" pos="CC">And</wf>
<wf cmd="tag" pos="NNS">reasons</wf>
<wf cmd="tag" pos="JJ">other_than</wf>
<wf cmd="tag" pos="NN">employee</wf>
<wf cmd="tag" pos="NN">need</wf>
<wf cmd="done" pos="VB" lemma="contribute" wnsn="3" lexsn="2:41:12::">contributed</wf>
<wf cmd="done" pos="VB" ot="notag">to</wf>
<wf cmd="ignore" pos="DT">the</wf>
<wf cmd="tag" pos="NN">growth</wf>
<punc>.</punc>
</s>
<s snum="53">
<wf cmd="tag" pos="NN">Table</wf>
<wf cmd="tag" pos="CD">1</wf>
<wf cmd="tag" pos="RB">immediately</wf>
<wf cmd="ignore" pos="IN">below</wf>
<wf cmd="done" pos="VB" lemma="show" wnsn="1" lexsn="2:39:02::">shows</wf>
<wf cmd="ignore" pos="DT">the</wf>
<wf cmd="tag" pos="NN">rate_of_growth</wf>
<wf cmd="ignore" pos="IN">of</wf>
<wf cmd="tag" pos="NNS">vehicles</wf>
<wf cmd="ignore" pos="CC">and</wf>
<wf cmd="tag" pos="NNS">employees</wf>
<punc>.</punc>
</s>
<s snum="54">
<wf cmd="ignore" pos="DT">This</wf>
<wf cmd="tag" pos="NN">rate</wf>
<wf cmd="ignore" pos="IN">of</wf>
<wf cmd="tag" pos="NN">increase</wf>
<wf cmd="done" pos="VBZ" ot="notag">does</wf>
<wf cmd="tag" pos="RB">not</wf>
<wf cmd="done" pos="VB" lemma="signify" wnsn="1" lexsn="2:32:02::">signify</wf>
<wf cmd="tag" pos="NN">anything</wf>
<wf cmd="ignore" pos="IN">in</wf>
<wf cmd="ignore" pos="PRP">itself</wf>
<punc>.</punc>
</s>
<s snum="55">
<wf cmd="ignore" pos="PRP">It</wf>
<wf cmd="done" pos="VBZ" ot="notag">does</wf>
<wf cmd="tag" pos="RB">not</wf>
<wf cmd="done" pos="VB" lemma="indicate" wnsn="1" lexsn="2:32:01::">indicate</wf>
<wf cmd="tag" pos="JJ">loose</wf>
<wf cmd="tag" pos="NN">management</wf>
<punc>,</punc>
<wf cmd="tag" pos="JJ">ineffective</wf>
<wf cmd="tag" pos="NNS">controls</wf>
<wf cmd="ignore" pos="CC">or</wf>
<wf cmd="tag" pos="JJ">poor</wf>
<wf cmd="tag" pos="NN">policy</wf>
<punc>.</punc>
</s>
<s snum="56">
<wf cmd="ignore" pos="CC">But</wf>
<wf cmd="ignore" pos="PRP">it</wf>
<wf cmd="done" pos="VBZ" ot="notag">does</wf>
<wf cmd="done" pos="VB" lemma="show" wnsn="1" lexsn="2:39:02::">show</wf>
<wf cmd="ignore" pos="IN">that</wf>
<wf cmd="tag" pos="NNS">automobiles</wf>
<wf cmd="done" pos="VBP" ot="notag">have</wf>
<wf cmd="done" pos="VB" lemma="increase" wnsn="1" lexsn="2:30:00::">increased</wf>
<wf cmd="tag" pos="RB">steadily</wf>
<wf cmd="ignore" pos="IN">over</wf>
<wf cmd="ignore" pos="DT">the</wf>
<wf cmd="tag" pos="NNS">years</wf>
<wf cmd="ignore" pos="CC">and</wf>
<wf cmd="ignore" pos="IN">in</wf>
<wf cmd="tag" pos="RB">almost</wf>
<wf cmd="ignore" pos="DT">the</wf>
<wf cmd="tag" pos="JJ">same</wf>
<wf cmd="tag" pos="NN">proportion</wf>
<wf cmd="ignore" pos="TO">to</wf>
<wf cmd="ignore" pos="DT">the</wf>
<wf cmd="tag" pos="NN">increase</wf>
<wf cmd="ignore" pos="IN">of</wf>
<wf cmd="tag" pos="NN">state</wf>
<wf cmd="tag" pos="NNS">employees</wf>
<punc>.</punc>
</s>
<s snum="57">
<wf cmd="tag" pos="RB">In_the_past</wf>
<wf cmd="tag" pos="CD">twenty</wf>
<wf cmd="tag" pos="NNS">years</wf>
<wf cmd="ignore" pos="DT">the</wf>
<wf cmd="tag" pos="NN">ratio</wf>
<wf cmd="ignore" pos="IN">of</wf>
<wf cmd="tag" pos="JJ">state-owned</wf>
<wf cmd="tag" pos="NNS">automobiles</wf>
<wf cmd="ignore" pos="IN">per</wf>
<wf cmd="tag" pos="NN">state</wf>
<wf cmd="tag" pos="NNS">employees</wf>
<wf cmd="done" pos="VBZ" ot="notag">has</wf>
<wf cmd="done" pos="VB" lemma="vary" wnsn="1" lexsn="2:30:01::">varied</wf>
<wf cmd="ignore" pos="IN">from</wf>
<wf cmd="tag" pos="CD">1</wf>
<wf cmd="ignore" pos="TO">to</wf>
<wf cmd="tag" pos="CD">22</wf>
<wf cmd="tag" pos="RB">then</wf>
<wf cmd="ignore" pos="TO">to</wf>
<wf cmd="tag" pos="CD">1</wf>
<wf cmd="ignore" pos="TO">to</wf>
<wf cmd="tag" pos="CD">23</wf>
<wf cmd="tag" pos="RB">now</wf>
<punc>.</punc>
</s>
<s snum="58">
<wf cmd="ignore" pos="IN">Whether</wf>
<wf cmd="ignore" pos="EX">there</wf>
<wf cmd="done" pos="VB" lemma="be" wnsn="4" lexsn="2:42:00::">were</wf>
<wf cmd="tag" pos="RB">too</wf>
<wf cmd="tag" pos="JJ">few</wf>
<wf cmd="tag" pos="NNS">automobiles</wf>
<wf cmd="ignore" pos="IN">in</wf>
<wf cmd="tag" pos="CD">1940</wf>
<wf cmd="ignore" pos="CC">or</wf>
<wf cmd="tag" pos="RB">too</wf>
<wf cmd="tag" pos="JJ">many</wf>
<wf cmd="tag" pos="RB">now</wf>
<wf cmd="done" pos="VB" lemma="be" wnsn="1" lexsn="2:42:03::">is</wf>
<wf cmd="tag" pos="JJ">problematical</wf>
<punc>.</punc>
</s>
<s snum="59">
<wf cmd="ignore" pos="DT">The</wf>
<wf cmd="tag" pos="NN">fact</wf>
<wf cmd="done" pos="VB" lemma="be" wnsn="1" lexsn="2:42:03::">is</wf>
<wf cmd="tag" pos="RB">simply</wf>
<wf cmd="ignore" pos="IN">that</wf>
<wf cmd="tag" pos="JJ">state-owned</wf>
<wf cmd="tag" pos="NNS">vehicles</wf>
<wf cmd="done" pos="VBP" ot="notag">have</wf>
<wf cmd="done" pos="VB" lemma="remain" wnsn="1" lexsn="2:30:00::">remained</wf>
<wf cmd="ignore" pos="IN">in</wf>
<wf cmd="tag" pos="RB">practically</wf>
<wf cmd="ignore" pos="DT">the</wf>
<wf cmd="tag" pos="JJ">same</wf>
<wf cmd="tag" pos="NN">proportion</wf>
<wf cmd="ignore" pos="IN">as</wf>
<wf cmd="tag" pos="NNS">employees</wf>
<wf cmd="ignore" pos="TO">to</wf>
<wf cmd="done" pos="VB" lemma="use" wnsn="1" lexsn="2:34:01::">use</wf>
<wf cmd="ignore" pos="PRP">them</wf>
<punc>.</punc>
</s>
</p>
<p pnum="32">
<s snum="60">
<wf cmd="ignore" pos="IN">While</wf>
<wf cmd="ignore" pos="DT">the</wf>
<wf cmd="tag" pos="NN">origin</wf>
<wf cmd="ignore" pos="IN">of</wf>
<wf cmd="tag" pos="JJ">state-owned</wf>
<wf cmd="tag" pos="NNS">automobiles</wf>
<wf cmd="ignore" pos="MD">may</wf>
<wf cmd="done" pos="VB" ot="notag">be</wf>
<wf cmd="done" pos="VB" lemma="obscure" wnsn="1" lexsn="2:39:00::">obscured</wf>
<punc>,</punc>
<wf cmd="tag" pos="JJ">subsequent</wf>
<wf cmd="tag" pos="NNS">developments</wf>
<wf cmd="done" pos="VB" lemma="concern" wnsn="1" lexsn="2:42:00::">concerning</wf>
<wf cmd="ignore" pos="DT">the</wf>
<wf cmd="tag" pos="NN">assignment</wf>
<punc>,</punc>
<wf cmd="tag" pos="NN">use</wf>
<punc>,</punc>
<wf cmd="ignore" pos="CC">and</wf>
<wf cmd="tag" pos="NN">management</wf>
<wf cmd="ignore" pos="IN">of</wf>
<wf cmd="tag" pos="NN">state</wf>
<wf cmd="tag" pos="NNS">automobiles</wf>
<wf cmd="ignore" pos="MD">can</wf>
<wf cmd="done" pos="VB" ot="notag">be_related</wf>
<wf cmd="tag" pos="RBR">more</wf>
<wf cmd="tag" pos="RB">clearly</wf>
<punc>.</punc>
</s>
<s snum="61">
<wf cmd="tag" pos="RB">Prior</wf>
<wf cmd="ignore" pos="TO">to</wf>
<wf cmd="tag" pos="CD">1942</wf>
<punc>,</punc>
<wf cmd="tag" pos="NNS">automobiles</wf>
<wf cmd="done" pos="VB" lemma="be" wnsn="2" lexsn="2:42:06::">were</wf>
<wf cmd="ignore" pos="DT">the</wf>
<wf cmd="tag" pos="JJ">individual</wf>
<wf cmd="tag" pos="NN">responsibility</wf>
<wf cmd="ignore" pos="IN">of</wf>
<wf cmd="ignore" pos="DT">the</wf>
<wf cmd="tag" pos="NN">agency</wf>
<wf cmd="tag" pos="RB">to_which</wf>
<wf cmd="done" pos="VB" lemma="assign" wnsn="2" lexsn="2:40:01::">assigned</wf>
<punc>.</punc>
</s>
<s snum="62">
<wf cmd="ignore" pos="DT">This</wf>
<wf cmd="tag" pos="NN">responsibility</wf>
<wf cmd="done" pos="VB" lemma="include" wnsn="1" lexsn="2:42:00::">included</wf>
<wf cmd="ignore" pos="DT">all</wf>
<wf cmd="tag" pos="NNS">phases</wf>
<wf cmd="ignore" pos="IN">of</wf>
<wf cmd="tag" pos="NN">management</wf>
<punc>.</punc>
</s>
<s snum="63">
<wf cmd="ignore" pos="PRP">It</wf>
<wf cmd="done" pos="VB" lemma="embrace" wnsn="1" lexsn="2:42:00::">embraced</wf>
<wf cmd="done" pos="VB" lemma="determine" wnsn="1" lexsn="2:32:00::">determining</wf>
<wf cmd="ignore" pos="WRB">when</wf>
<wf cmd="ignore" pos="TO">to</wf>
<wf cmd="done" pos="VB" lemma="purchase" wnsn="1" lexsn="2:40:00::">purchase</wf>
<wf cmd="ignore" pos="CC">and</wf>
<wf cmd="ignore" pos="WRB">when</wf>
<wf cmd="ignore" pos="TO">to</wf>
<wf cmd="done" pos="VB" lemma="trade" wnsn="2" lexsn="2:40:00::">trade</wf>
<wf cmd="tag" pos="NNS">vehicles</wf>
<punc>,</punc>
<wf cmd="ignore" pos="WP">who</wf>
<wf cmd="done" pos="VBD" ot="notag">was</wf>
<wf cmd="ignore" pos="TO">to</wf>
<wf cmd="done" pos="VB" lemma="drive" wnsn="1" lexsn="2:38:01::">drive</wf>
<punc>,</punc>
<wf cmd="ignore" pos="WRB">when</wf>
<wf cmd="ignore" pos="CC">and</wf>
<wf cmd="ignore" pos="WRB">where</wf>
<wf cmd="tag" pos="NNS">repairs</wf>
<wf cmd="done" pos="VBD" ot="notag">were</wf>
<wf cmd="ignore" pos="TO">to</wf>
<wf cmd="done" pos="VB" ot="notag">be</wf>
<wf cmd="done" pos="VB" lemma="make" wnsn="3" lexsn="2:36:00::">made</wf>
<punc>,</punc>
<wf cmd="ignore" pos="WRB">where</wf>
<wf cmd="tag" pos="NN">gasoline</wf>
<wf cmd="ignore" pos="CC">and</wf>
<wf cmd="tag" pos="NN">automobile</wf>
<wf cmd="tag" pos="NNS">services</wf>
<wf cmd="done" pos="VBD" ot="notag">were</wf>
<wf cmd="ignore" pos="TO">to</wf>
<wf cmd="done" pos="VB" ot="notag">be</wf>
<wf cmd="done" pos="VB" lemma="obtain" wnsn="1" lexsn="2:40:00::">obtained</wf>
<wf cmd="ignore" pos="CC">and</wf>
<wf cmd="tag" pos="JJ">other</wf>
<wf cmd="tag" pos="JJ">allied</wf>
<wf cmd="tag" pos="NNS">matters</wf>
<punc>.</punc>
</s>
<s snum="64">
<wf cmd="ignore" pos="IN">In</wf>
<wf cmd="tag" pos="CD">1942</wf>
<punc>,</punc>
<wf cmd="tag" pos="RB">however</wf>
<punc>,</punc>
<wf cmd="ignore" pos="DT">the</wf>
<wf cmd="tag" pos="NN">nation</wf>
<wf cmd="done" pos="VB" lemma="be" wnsn="1" lexsn="2:42:03::">was</wf>
<wf cmd="tag" pos="JJ">at_war</wf>
<punc>.</punc>
</s>
<s snum="65">
<wf cmd="tag" pos="NN">Gasoline</wf>
<wf cmd="ignore" pos="CC">and</wf>
<wf cmd="tag" pos="NN">automobile_tires</wf>
<wf cmd="done" pos="VB" lemma="be" wnsn="1" lexsn="2:42:03::">were</wf>
<wf cmd="tag" pos="JJ">rationed</wf>
<wf cmd="tag" pos="NNS">commodities</wf>
<punc>.</punc>
</s>
<s snum="66">
<wf cmd="ignore" pos="DT">The</wf>
<wf cmd="tag" pos="NN">state</wf>
<wf cmd="done" pos="VBD" ot="notag">was</wf>
<wf cmd="done" pos="VB" lemma="confront" wnsn="3" lexsn="2:32:03::">confronted</wf>
<wf cmd="ignore" pos="IN">with</wf>
<wf cmd="tag" pos="NN">transportation</wf>
<wf cmd="tag" pos="NNS">problems</wf>
<wf cmd="tag" pos="JJ">similar</wf>
<wf cmd="ignore" pos="TO">to</wf>
<wf cmd="ignore" pos="DT">those</wf>
<wf cmd="ignore" pos="IN">of</wf>
<wf cmd="ignore" pos="DT">the</wf>
<wf cmd="tag" pos="NN">individual</wf>
<punc>.</punc>
</s>
<s snum="67">
<wf cmd="ignore" pos="PRP">It</wf>
<wf cmd="done" pos="VB" lemma="meet" wnsn="6" lexsn="2:41:02::">met</wf>
<wf cmd="ignore" pos="DT">these</wf>
<wf cmd="tag" pos="NNS">problems</wf>
<wf cmd="ignore" pos="IN">by</wf>
<wf cmd="ignore" pos="DT">the</wf>
<wf cmd="tag" pos="NN">creation</wf>
<wf cmd="ignore" pos="IN">of</wf>
<wf cmd="ignore" pos="DT">the</wf>
<wf cmd="tag" pos="NN">state</wf>
<wf cmd="tag" pos="NN">automobile</wf>
<wf cmd="tag" pos="NN">maintenance</wf>
<wf cmd="tag" pos="NN">unit</wf>
<punc>(</punc>
<wf cmd="tag" pos="RBR">more</wf>
<wf cmd="tag" pos="RB">popularly</wf>
<wf cmd="tag" pos="JJ">called</wf>
<wf cmd="ignore" pos="DT">the</wf>
<wf cmd="tag" pos="NN">motor_pool</wf>
<punc>)</punc>
<punc>,</punc>
<wf cmd="ignore" pos="DT">a</wf>
<wf cmd="tag" pos="JJ">centralized</wf>
<wf cmd="tag" pos="NN">operation</wf>
<wf cmd="ignore" pos="IN">for</wf>
<wf cmd="ignore" pos="DT">the</wf>
<wf cmd="tag" pos="NN">maintenance</wf>
<wf cmd="ignore" pos="CC">and</wf>
<wf cmd="tag" pos="NN">control</wf>
<wf cmd="ignore" pos="IN">of</wf>
<wf cmd="ignore" pos="DT">all</wf>
<wf cmd="tag" pos="NN">state</wf>
<wf cmd="tag" pos="NN">transportation</wf>
<punc>.</punc>
</s>
<s snum="68">
<wf cmd="ignore" pos="DT">The</wf>
<wf cmd="tag" pos="NN">motor_pool</wf>
<wf cmd="tag" pos="RB">then</wf>
<punc>,</punc>
<wf cmd="ignore" pos="IN">as</wf>
<wf cmd="tag" pos="RB">now</wf>
<punc>,</punc>
<wf cmd="done" pos="VB" lemma="have" wnsn="2" lexsn="2:42:00::">had</wf>
<wf cmd="tag" pos="JJ">headquarter</wf>
<wf cmd="tag" pos="NNS">facilities</wf>
<wf cmd="ignore" pos="IN">in</wf>
<wf cmd="tag" pos="NNP">Providence</wf>
<wf cmd="ignore" pos="CC">and</wf>
<wf cmd="tag" pos="JJ">other</wf>
<wf cmd="tag" pos="NNS">garages</wf>
<wf cmd="tag" pos="JJ">located</wf>
<wf cmd="ignore" pos="IN">throughout</wf>
<wf cmd="ignore" pos="DT">the</wf>
<wf cmd="tag" pos="NN">state</wf>
<punc>.</punc>
</s>
<s snum="69">
<wf cmd="ignore" pos="PRP">It</wf>
<wf cmd="done" pos="VB" lemma="be" wnsn="1" lexsn="2:42:03::">was</wf>
<wf cmd="tag" pos="RB">organizationally</wf>
<wf cmd="ignore" pos="DT">the</wf>
<wf cmd="tag" pos="NN">responsibility</wf>
<wf cmd="ignore" pos="IN">of</wf>
<wf cmd="ignore" pos="DT">the</wf>
<wf cmd="tag" pos="NNP">Department</wf>
<wf cmd="ignore" pos="IN">of</wf>
<wf cmd="tag" pos="NN">Public_Works</wf>
<wf cmd="ignore" pos="CC">and</wf>
<wf cmd="done" pos="VBD" ot="notag">was</wf>
<wf cmd="done" pos="VB" lemma="finance" wnsn="1" lexsn="2:40:00::">financed</wf>
<wf cmd="ignore" pos="IN">on</wf>
<wf cmd="ignore" pos="DT">a</wf>
<wf cmd="tag" pos="JJ">rotary</wf>
<wf cmd="tag" pos="NN">fund</wf>
<wf cmd="tag" pos="NN">basis</wf>
<wf cmd="ignore" pos="IN">with</wf>
<wf cmd="ignore" pos="DT">each</wf>
<wf cmd="tag" pos="NN">agency</wf>
<wf cmd="ignore" pos="IN">of</wf>
<wf cmd="tag" pos="NN">government</wf>
<wf cmd="done" pos="VB" lemma="contribute" wnsn="2" lexsn="2:40:00::">contributing</wf>
<wf cmd="done" pos="VB" ot="notag">to</wf>
<wf cmd="ignore" pos="DT">the</wf>
<wf cmd="tag" pos="NN">pool</wf>
<wf cmd="ignore" pos="POS">'s</wf>
<wf cmd="tag" pos="NN">operation</wf>
<punc>.</punc>
</s>
<s snum="70">
<wf cmd="ignore" pos="IN">In</wf>
<wf cmd="tag" pos="CD">1951</wf>
<wf cmd="ignore" pos="DT">the</wf>
<wf cmd="tag" pos="NN">pool</wf>
<wf cmd="ignore" pos="POS">'s</wf>
<wf cmd="tag" pos="NN">operation</wf>
<wf cmd="done" pos="VBD" ot="notag">was</wf>
<wf cmd="done" pos="VB" lemma="transfer" wnsn="1" lexsn="2:41:00::">transferred</wf>
<wf cmd="ignore" pos="TO">to</wf>
<wf cmd="ignore" pos="DT">the</wf>
<wf cmd="tag" pos="JJ">newly-created</wf>
<wf cmd="tag" pos="NNP">Department</wf>
<wf cmd="ignore" pos="IN">of</wf>
<wf cmd="tag" pos="NNP">Administration</wf>
<punc>,</punc>
<wf cmd="ignore" pos="DT">an</wf>
<wf cmd="tag" pos="NN">agency</wf>
<wf cmd="done" pos="VB" lemma="establish" wnsn="1" lexsn="2:41:00::">established</wf>
<wf cmd="ignore" pos="IN">as</wf>
<wf cmd="ignore" pos="DT">the</wf>
<wf cmd="tag" pos="JJ">central</wf>
<wf cmd="tag" pos="NN">staff</wf>
<wf cmd="ignore" pos="CC">and</wf>
<wf cmd="tag" pos="JJ">auxiliary</wf>
<wf cmd="tag" pos="NN">department</wf>
<wf cmd="ignore" pos="IN">of</wf>
<wf cmd="ignore" pos="DT">the</wf>
<wf cmd="tag" pos="NN">state_government</wf>
<punc>.</punc>
</s>
<s snum="71">
<wf cmd="ignore" pos="DT">The</wf>
<wf cmd="tag" pos="NN">management</wf>
<wf cmd="ignore" pos="IN">of</wf>
<wf cmd="tag" pos="JJ">state-owned</wf>
<wf cmd="tag" pos="NNS">vehicles</wf>
<wf cmd="ignore" pos="IN">since</wf>
<wf cmd="ignore" pos="IN">that</wf>
<wf cmd="tag" pos="NN">time</wf>
<wf cmd="done" pos="VBZ" ot="notag">has</wf>
<wf cmd="done" pos="VBN" ot="notag">been</wf>
<wf cmd="done" pos="VB" lemma="describe" wnsn="2" lexsn="2:32:01::">described</wf>
<wf cmd="ignore" pos="IN">in</wf>
<wf cmd="ignore" pos="DT">a</wf>
<wf cmd="tag" pos="JJ">recent</wf>
<wf cmd="tag" pos="NN">report</wf>
<wf cmd="ignore" pos="IN">in</wf>
<wf cmd="ignore" pos="DT">the</wf>
<wf cmd="tag" pos="JJ">following</wf>
<wf cmd="tag" pos="NN">manner</wf>
<punc>:</punc>
<punc>``</punc>
<wf cmd="ignore" pos="IN">Under</wf>
<wf cmd="ignore" pos="DT">this</wf>
<wf cmd="tag" pos="JJ">new</wf>
<wf cmd="tag" pos="NN">management</wf>
<wf cmd="tag" pos="JJ">considerable</wf>
<wf cmd="tag" pos="NN">progress</wf>
<wf cmd="done" pos="VB" lemma="appear" wnsn="1" lexsn="2:39:00::">appears</wf>
<wf cmd="ignore" pos="TO">to</wf>
<wf cmd="done" pos="VB" ot="notag">have</wf>
<wf cmd="done" pos="VBN" ot="notag">been</wf>
<wf cmd="done" pos="VB" lemma="make" wnsn="1" lexsn="2:41:00::">made</wf>
<punc>.</punc>
</s>
<s snum="72">
<wf cmd="ignore" pos="DT">The</wf>
<wf cmd="tag" pos="NNS">agencies</wf>
<wf cmd="ignore" pos="IN">of</wf>
<wf cmd="tag" pos="NN">government</wf>
<wf cmd="done" pos="VBP" ot="notag">are</wf>
<wf cmd="tag" pos="RB">now</wf>
<wf cmd="done" pos="VB" lemma="bill" wnsn="1" lexsn="2:40:00::">billed</wf>
<wf cmd="ignore" pos="IN">for</wf>
<wf cmd="ignore" pos="DT">the</wf>
<wf cmd="tag" pos="JJ">actual</wf>
<wf cmd="tag" pos="NN">cost</wf>
<wf cmd="ignore" pos="IN">of</wf>
<wf cmd="tag" pos="NNS">services</wf>
<wf cmd="done" pos="VB" lemma="provide" wnsn="1" lexsn="2:40:00::">provided</wf>
<wf cmd="ignore" pos="TO">to</wf>
<wf cmd="ignore" pos="DT">each</wf>
<wf cmd="tag" pos="NN">passenger_car</wf>
<wf cmd="tag" pos="RB">rather_than</wf>
<wf cmd="ignore" pos="DT">the</wf>
<wf cmd="tag" pos="JJ">prior</wf>
<wf cmd="tag" pos="NN">uniform</wf>
<wf cmd="tag" pos="NN">charge</wf>
<wf cmd="ignore" pos="IN">for</wf>
<wf cmd="ignore" pos="DT">all</wf>
<wf cmd="tag" pos="NNS">cars</wf>
<punc>.</punc>
</s>
<s snum="73">
<wf cmd="ignore" pos="IN">Whereas</wf>
<wf cmd="ignore" pos="DT">the</wf>
<wf cmd="tag" pos="NN">maintenance</wf>
<wf cmd="tag" pos="JJ">rotary</wf>
<wf cmd="tag" pos="NN">fund</wf>
<wf cmd="done" pos="VBD" ot="notag">had</wf>
<wf cmd="tag" pos="RB">in_the_past</wf>
<wf cmd="done" pos="VB" lemma="sustain" wnsn="2" lexsn="2:29:00::">sustained</wf>
<wf cmd="tag" pos="NNS">losses</wf>
<wf cmd="tag" pos="RB">considerably</wf>
<wf cmd="ignore" pos="IN">beyond</wf>
<wf cmd="tag" pos="NNS">expectations</wf>
<punc>,</punc>
<wf cmd="ignore" pos="DT">the</wf>
<wf cmd="tag" pos="NN">introduction</wf>
<wf cmd="ignore" pos="IN">of</wf>
<wf cmd="ignore" pos="DT">the</wf>
<wf cmd="tag" pos="JJ">cost-billing</wf>
<wf cmd="tag" pos="NN">system</wf>
<wf cmd="ignore" pos="CC">plus</wf>
<wf cmd="tag" pos="JJ">other</wf>
<wf cmd="tag" pos="NN">control</wf>
<wf cmd="tag" pos="NNS">refinements</wf>
<wf cmd="done" pos="VBZ" ot="notag">has</wf>
<wf cmd="done" pos="VB" lemma="result" wnsn="2" lexsn="2:42:02::">resulted</wf>
<wf cmd="done" pos="VB" ot="notag">in</wf>
<wf cmd="done" pos="VB" lemma="keep" wnsn="1" lexsn="2:42:00::">keeping</wf>
<wf cmd="ignore" pos="DT">the</wf>
<wf cmd="tag" pos="NN">fund</wf>
<wf cmd="ignore" pos="IN">on</wf>
<wf cmd="ignore" pos="DT">a</wf>
<wf cmd="tag" pos="JJ">proper</wf>
<wf cmd="tag" pos="NN">working</wf>
<wf cmd="tag" pos="NN">basis</wf>
<punc>.</punc>
</s>
<s snum="74">
<wf cmd="tag" pos="CD">One</wf>
<wf cmd="tag" pos="NN">indication</wf>
<wf cmd="ignore" pos="IN">of</wf>
<wf cmd="ignore" pos="DT">the</wf>
<wf cmd="tag" pos="NNS">merits</wf>
<wf cmd="ignore" pos="IN">of</wf>
<wf cmd="ignore" pos="DT">the</wf>
<wf cmd="tag" pos="JJ">new</wf>
<wf cmd="tag" pos="NN">management</wf>
<wf cmd="done" pos="VB" ot="notag">is</wf>
<wf cmd="done" pos="VB" lemma="find" wnsn="3;2" lexsn="2:40:00::;2:39:02::">found</wf>
<wf cmd="ignore" pos="IN">in</wf>
<wf cmd="ignore" pos="DT">the</wf>
<wf cmd="tag" pos="NN">fact</wf>
<wf cmd="ignore" pos="IN">that</wf>
<wf cmd="ignore" pos="IN">during</wf>
<wf cmd="ignore" pos="DT">the</wf>
<wf cmd="tag" pos="NN">period</wf>
<wf cmd="tag" pos="CD">1951</wf>
<punc>-</punc>
<wf cmd="tag" pos="CD">1956</wf>
<punc>,</punc>
<wf cmd="ignore" pos="IN">while</wf>
<wf cmd="tag" pos="JJ">total</wf>
<wf cmd="tag" pos="JJ">annual</wf>
<wf cmd="tag" pos="NN">mileage</wf>
<wf cmd="done" pos="VB" lemma="put_on" wnsn="5" lexsn="2:30:01::">put_on</wf>
<wf cmd="ignore" pos="DT">the</wf>
<wf cmd="tag" pos="NNS">vehicles</wf>
<wf cmd="done" pos="VB" lemma="increase" wnsn="1" lexsn="2:30:00::">increased</wf>
<wf cmd="tag" pos="CD">35</wf>
<punc>%</punc>
<punc>,</punc>
<wf cmd="ignore" pos="DT">the</wf>
<wf cmd="tag" pos="JJ">total</wf>
<wf cmd="tag" pos="NN">maintenance</wf>
<wf cmd="tag" pos="NN">cost</wf>
<wf cmd="done" pos="VB" lemma="increase" wnsn="1" lexsn="2:30:00::">increased</wf>
<wf cmd="tag" pos="RB">only</wf>
<wf cmd="tag" pos="CD">11</wf>
<punc>%</punc>
<punc>.</punc>
</s>
<s snum="75">
<punc>''</punc>
<wf cmd="tag" pos="RB">In_order_to</wf>
<wf cmd="tag" pos="JJ">further</wf>
<wf cmd="done" pos="VB" lemma="refine" wnsn="1" lexsn="2:30:01::">refine</wf>
<wf cmd="ignore" pos="DT">the</wf>
<wf cmd="tag" pos="NN">management</wf>
<wf cmd="ignore" pos="IN">of</wf>
<wf cmd="tag" pos="NN">passenger</wf>
<wf cmd="tag" pos="NNS">vehicles</wf>
<punc>,</punc>
<wf cmd="ignore" pos="IN">on</wf>
<wf cmd="tag" pos="NN">July_1</wf>
<punc>,</punc>
<wf cmd="tag" pos="CD">1958</wf>
<punc>,</punc>
<wf cmd="ignore" pos="DT">the</wf>
<wf cmd="tag" pos="JJ">actual</wf>
<wf cmd="tag" pos="NN">title</wf>
<wf cmd="ignore" pos="TO">to</wf>
<wf cmd="ignore" pos="DT">every</wf>
<wf cmd="tag" pos="NN">vehicle</wf>
<wf cmd="done" pos="VBD" ot="notag">was</wf>
<wf cmd="done" pos="VB" lemma="transfer" wnsn="5" lexsn="2:40:00::">transferred</wf>
<punc>,</punc>
<wf cmd="ignore" pos="IN">by</wf>
<wf cmd="tag" pos="NNP">Executive_Order</wf>
<punc>,</punc>
<wf cmd="ignore" pos="TO">to</wf>
<wf cmd="ignore" pos="DT">the</wf>
<wf cmd="tag" pos="NNP">Division</wf>
<wf cmd="ignore" pos="IN">of</wf>
<wf cmd="tag" pos="NNS">Methods</wf>
<punc>,</punc>
<wf cmd="tag" pos="NNP">Research</wf>
<wf cmd="ignore" pos="CC">and</wf>
<wf cmd="tag" pos="NNP">Office</wf>
<wf cmd="tag" pos="NNPS">Services</wf>
<punc>.</punc>
</s>
<s snum="76">
<wf cmd="ignore" pos="DT">The</wf>
<wf cmd="tag" pos="NN">objective</wf>
<wf cmd="ignore" pos="IN">behind</wf>
<wf cmd="ignore" pos="DT">this</wf>
<wf cmd="tag" pos="NN">action</wf>
<wf cmd="done" pos="VB" lemma="be" wnsn="2" lexsn="2:42:06::">was</wf>
<wf cmd="ignore" pos="TO">to</wf>
<wf cmd="done" pos="VB" lemma="place" wnsn="4" lexsn="2:40:00::">place</wf>
<wf cmd="ignore" pos="IN">in</wf>
<wf cmd="tag" pos="CD">one</wf>
<wf cmd="tag" pos="NN">agency</wf>
<wf cmd="ignore" pos="DT">the</wf>
<wf cmd="tag" pos="NN">responsibility</wf>
<wf cmd="ignore" pos="IN">for</wf>
<wf cmd="ignore" pos="DT">the</wf>
<wf cmd="tag" pos="NN">management</wf>
<punc>,</punc>
<wf cmd="tag" pos="NN">assignment</wf>
<punc>,</punc>
<wf cmd="ignore" pos="CC">and</wf>
<wf cmd="tag" pos="NN">replacement</wf>
<wf cmd="ignore" pos="IN">of</wf>
<wf cmd="ignore" pos="DT">all</wf>
<wf cmd="tag" pos="NNS">vehicles</wf>
<punc>.</punc>
</s>
<s snum="77">
<punc>(</punc>
<wf cmd="done" pos="VB" lemma="note" wnsn="2" lexsn="2:39:00::">Note</wf>
<punc>:</punc>
<wf cmd="tag" pos="RB">So_far</wf>
<wf cmd="ignore" pos="IN">as</wf>
<wf cmd="tag" pos="NNP">State</wf>
<wf cmd="tag" pos="NN">Police_cars</wf>
<wf cmd="done" pos="VB" ot="notag">are_concerned</wf>
<punc>,</punc>
<wf cmd="tag" pos="RB">only</wf>
<wf cmd="ignore" pos="PRP$">their</wf>
<wf cmd="tag" pos="NN">replacement</wf>
<wf cmd="done" pos="VB" lemma="be" wnsn="1" lexsn="2:42:03::">is</wf>
<wf cmd="ignore" pos="IN">under</wf>
<wf cmd="ignore" pos="DT">this</wf>
<wf cmd="tag" pos="NN">division</wf>
<punc>)</punc>
<punc>.</punc>
</s>
<s snum="78">
<wf cmd="ignore" pos="DT">This</wf>
<wf cmd="done" pos="VB" lemma="tie_in" wnsn="1" lexsn="2:42:00::">tied_in</wf>
<wf cmd="tag" pos="RB">closely</wf>
<wf cmd="ignore" pos="IN">with</wf>
<wf cmd="ignore" pos="DT">the</wf>
<wf cmd="tag" pos="JJ">current</wf>
<wf cmd="tag" pos="NN">attempt</wf>
<wf cmd="ignore" pos="TO">to</wf>
<wf cmd="done" pos="VB" lemma="upgrade" wnsn="1" lexsn="2:31:00::">upgrade</wf>
<wf cmd="tag" pos="JJ">state-owned</wf>
<wf cmd="tag" pos="NNS">cars</wf>
<wf cmd="ignore" pos="TO">to</wf>
<wf cmd="ignore" pos="DT">the</wf>
<wf cmd="tag" pos="NN">extent</wf>
<wf cmd="ignore" pos="IN">that</wf>
<wf cmd="tag" pos="NNS">vehicles</wf>
<wf cmd="done" pos="VBP" ot="notag">are</wf>
<wf cmd="tag" pos="RB">not</wf>
<wf cmd="done" pos="VB" lemma="retain" wnsn="3" lexsn="2:40:00::">retained</wf>
<wf cmd="ignore" pos="IN">beyond</wf>
<wf cmd="ignore" pos="DT">the</wf>
<wf cmd="tag" pos="NN">point</wf>
<wf cmd="ignore" pos="WRB">where</wf>
<wf cmd="tag" pos="NN">maintenance</wf>
<wf cmd="tag" pos="NNS">costs</wf>
<punc>(</punc>
<wf cmd="ignore" pos="IN">in</wf>
<wf cmd="tag" pos="NN">light</wf>
<wf cmd="ignore" pos="IN">of</wf>
<wf cmd="tag" pos="NN">depreciation</wf>
<punc>)</punc>
<wf cmd="done" pos="VB" lemma="become" wnsn="1" lexsn="2:30:00::">become</wf>
<wf cmd="tag" pos="JJ">excessive</wf>
<punc>.</punc>
</s>
<s snum="79">
<wf cmd="tag" pos="RB">Moreover</wf>
<punc>,</punc>
<wf cmd="ignore" pos="PRP">it</wf>
<wf cmd="done" pos="VB" lemma="allow" wnsn="1" lexsn="2:41:00::">allows</wf>
<wf cmd="ignore" pos="DT">the</wf>
<wf cmd="tag" pos="JJ">present</wf>
<wf cmd="tag" pos="NN">management</wf>
<wf cmd="ignore" pos="TO">to</wf>
<wf cmd="done" pos="VB" lemma="reassign" wnsn="1" lexsn="2:41:00::">reassign</wf>
<wf cmd="tag" pos="NNS">vehicles</wf>
<wf cmd="tag" pos="RB">so_that</wf>
<wf cmd="tag" pos="NN">mileage</wf>
<wf cmd="ignore" pos="MD">will</wf>
<wf cmd="done" pos="VB" ot="notag">be</wf>
<wf cmd="tag" pos="RBR">more</wf>
<wf cmd="tag" pos="RB">uniformly</wf>
<wf cmd="done" pos="VB" lemma="distribute" wnsn="2" lexsn="2:35:01::">distributed</wf>
<wf cmd="ignore" pos="IN">throughout</wf>
<wf cmd="ignore" pos="DT">the</wf>
<wf cmd="tag" pos="NN">fleet</wf>
<punc>;</punc>
<wf cmd="tag" pos="RB">for_example</wf>
<punc>,</punc>
<wf cmd="ignore" pos="IN">if</wf>
<wf cmd="tag" pos="CD">one</wf>
<wf cmd="tag" pos="NN">driver</wf>
<wf cmd="done" pos="VB" lemma="put_on" wnsn="2" lexsn="2:30:00::">puts_on</wf>
<wf cmd="tag" pos="CD">22000</wf>
<wf cmd="tag" pos="NNS">miles</wf>
<wf cmd="tag" pos="RB">per_year</wf>
<wf cmd="ignore" pos="CC">and</wf>
<wf cmd="ignore" pos="DT">another</wf>
<wf cmd="tag" pos="NN">driver</wf>
<wf cmd="tag" pos="CD">8000</wf>
<wf cmd="tag" pos="NNS">miles</wf>
<wf cmd="tag" pos="RB">per_year</wf>
<punc>,</punc>
<wf cmd="ignore" pos="PRP$">their</wf>
<wf cmd="tag" pos="NNS">cars</wf>
<wf cmd="ignore" pos="MD">will</wf>
<wf cmd="done" pos="VB" ot="notag">be</wf>
<wf cmd="done" pos="VB" lemma="switch" wnsn="2" lexsn="2:40:00::">switched</wf>
<wf cmd="tag" pos="RB">so_that</wf>
<wf cmd="ignore" pos="DT">both</wf>
<wf cmd="tag" pos="NNS">cars</wf>
<wf cmd="ignore" pos="MD">will</wf>
<wf cmd="done" pos="VB" lemma="have" wnsn="1" lexsn="2:40:00::">have</wf>
<wf cmd="tag" pos="CD">30000</wf>
<wf cmd="tag" pos="NNS">miles</wf>
<wf cmd="ignore" pos="IN">after</wf>
<wf cmd="tag" pos="CD">two</wf>
<wf cmd="tag" pos="NNS">years</wf>
<punc>,</punc>
<wf cmd="tag" pos="RB">rather_than</wf>
<wf cmd="tag" pos="CD">44000</wf>
<wf cmd="tag" pos="NNS">miles</wf>
<punc>(</punc>
<wf cmd="ignore" pos="CC">and</wf>
<wf cmd="tag" pos="JJ">related</wf>
<wf cmd="tag" pos="JJR">higher</wf>
<wf cmd="tag" pos="NN">maintenance</wf>
<wf cmd="tag" pos="NNS">costs</wf>
<punc>)</punc>
<wf cmd="ignore" pos="CC">and</wf>
<wf cmd="tag" pos="CD">16000</wf>
<wf cmd="tag" pos="NNS">miles</wf>
<wf cmd="tag" pos="RB">respectively</wf>
<punc>``</punc>
<punc>.</punc>
</s>
</p>
<p pnum="33">
<s snum="80">
<wf cmd="ignore" pos="DT">The</wf>
<wf cmd="tag" pos="NN">motor_pool</wf>
<wf cmd="done" pos="VB" lemma="be" wnsn="1" lexsn="2:42:03::">is</wf>
<wf cmd="ignore" pos="DT">a</wf>
<wf cmd="tag" pos="RB">completely</wf>
<wf cmd="tag" pos="JJ">centralized</wf>
<wf cmd="ignore" pos="CC">and</wf>
<wf cmd="tag" pos="JJ">mechanized</wf>
<wf cmd="tag" pos="NN">operation</wf>
<punc>.</punc>
</s>
<s snum="81">
<wf cmd="ignore" pos="PRP">It</wf>
<wf cmd="done" pos="VB" lemma="handle" wnsn="1" lexsn="2:41:00::">handles</wf>
<wf cmd="ignore" pos="DT">all</wf>
<wf cmd="tag" pos="NNS">types</wf>
<wf cmd="ignore" pos="IN">of</wf>
<wf cmd="tag" pos="NN">vehicle</wf>
<wf cmd="tag" pos="NN">maintenance</wf>
<punc>,</punc>
<wf cmd="ignore" pos="CC">but</wf>
<wf cmd="done" rdf="concentrate_on" pos="VB" lemma="concentrate_on" wnsn="1" lexsn="2:42:00::">concentrates</wf>
<wf cmd="tag" pos="JJR">more</wf>
<wf cmd="ignore" pos="IN">on</wf>
<punc>``</punc>
<wf cmd="tag" pos="NN">service_station</wf>
<wf cmd="tag" pos="NNS">activities</wf>
<punc>''</punc>
<wf cmd="tag" pos="RB">than</wf>
<wf cmd="ignore" pos="IN">on</wf>
<wf cmd="tag" pos="JJ">extensive</wf>
<wf cmd="tag" pos="NN">vehicle</wf>
<wf cmd="tag" pos="NNS">repairs</wf>
<punc>.</punc>
</s>
<s snum="82">
<wf cmd="ignore" pos="PRP">It</wf>
<wf cmd="done" pos="VB" lemma="contract" wnsn="2" lexsn="2:41:00::">contracts</wf>
<wf cmd="ignore" pos="IN">with</wf>
<wf cmd="ignore" pos="IN">outside</wf>
<wf cmd="tag" pos="NN">repair</wf>
<wf cmd="tag" pos="NNS">garages</wf>
<wf cmd="ignore" pos="IN">for</wf>
<wf cmd="tag" pos="JJ">much</wf>
<wf cmd="ignore" pos="IN">of</wf>
<wf cmd="ignore" pos="DT">the</wf>
<wf cmd="tag" pos="NN">latter</wf>
<wf cmd="tag" pos="NN">work</wf>
<punc>.</punc>
</s>
<s snum="83">
<wf cmd="ignore" pos="WRB">Where</wf>
<wf cmd="ignore" pos="DT">the</wf>
<wf cmd="tag" pos="NN">pool</wf>
<wf cmd="done" pos="VB" lemma="excel" wnsn="1" lexsn="2:42:00::">excels</wf>
<wf cmd="done" pos="VB" lemma="be" wnsn="2" lexsn="2:42:06::">is</wf>
<wf cmd="ignore" pos="IN">in</wf>
<wf cmd="ignore" pos="PRP$">its</wf>
<wf cmd="tag" pos="NN">compilation</wf>
<wf cmd="ignore" pos="IN">of</wf>
<wf cmd="tag" pos="NN">maintenance</wf>
<wf cmd="ignore" pos="CC">and</wf>
<wf cmd="tag" pos="JJ">cost-data</wf>
<wf cmd="tag" pos="NNS">studies</wf>
<wf cmd="ignore" pos="CC">and</wf>
<wf cmd="tag" pos="NNS">analyses</wf>
<punc>.</punc>
</s>
<s snum="84">
<wf cmd="tag" pos="NN">Pool</wf>
<wf cmd="tag" pos="NNS">records</wf>
<wf cmd="done" pos="VB" lemma="reveal" wnsn="0" lexsn="2:39:01::">reveal</wf>
<wf cmd="tag" pos="RB">in_detail</wf>
<wf cmd="ignore" pos="DT">the</wf>
<wf cmd="tag" pos="NN">cost</wf>
<wf cmd="ignore" pos="IN">per</wf>
<wf cmd="tag" pos="NN">mile</wf>
<wf cmd="ignore" pos="CC">and</wf>
<wf cmd="tag" pos="NN">miles_per_gallon</wf>
<wf cmd="ignore" pos="IN">of</wf>
<wf cmd="ignore" pos="DT">each</wf>
<wf cmd="tag" pos="NN">vehicle</wf>
<punc>,</punc>
<wf cmd="ignore" pos="DT">the</wf>
<wf cmd="tag" pos="NNS">miles</wf>
<wf cmd="done" pos="VB" lemma="travel" wnsn="1" lexsn="2:38:00::">traveled</wf>
<wf cmd="ignore" pos="IN">in</wf>
<wf cmd="tag" pos="CD">one</wf>
<wf cmd="tag" pos="NN">year</wf>
<wf cmd="ignore" pos="CC">or</wf>
<wf cmd="tag" pos="CD">three</wf>
<wf cmd="tag" pos="NNS">years</wf>
<punc>,</punc>
<wf cmd="ignore" pos="DT">the</wf>
<wf cmd="tag" pos="NNS">periods</wf>
<wf cmd="ignore" pos="WRB">when</wf>
<wf cmd="tag" pos="NN">vehicle</wf>
<wf cmd="tag" pos="NNS">costs</wf>
<wf cmd="done" pos="VB" lemma="become" wnsn="1" lexsn="2:30:00::">become</wf>
<wf cmd="tag" pos="JJ">excessive</wf>
<punc>,</punc>
<wf cmd="ignore" pos="CC">and</wf>
<wf cmd="ignore" pos="WRB">when</wf>
<wf cmd="tag" pos="NNS">cars</wf>
<wf cmd="ignore" pos="MD">should</wf>
<wf cmd="done" pos="VB" ot="notag">be</wf>
<wf cmd="done" pos="VB" lemma="trade" wnsn="2" lexsn="2:40:00::">traded</wf>
<wf cmd="ignore" pos="IN">for</wf>
<wf cmd="tag" pos="NN">sound</wf>
<wf cmd="tag" pos="NNS">economies</wf>
<punc>.</punc>
</s>
<s snum="85">
<wf cmd="ignore" pos="IN">From</wf>
<wf cmd="ignore" pos="DT">this</wf>
<punc>,</punc>
<wf cmd="tag" pos="NN">motor_pool</wf>
<wf cmd="tag" pos="NNS">personnel</wf>
<wf cmd="done" pos="VB" lemma="develop" wnsn="2" lexsn="2:36:00::">develop</wf>
<wf cmd="tag" pos="JJ">other</wf>
<wf cmd="tag" pos="JJ">meaningful</wf>
<wf cmd="ignore" pos="CC">and</wf>
<wf cmd="tag" pos="JJ">related</wf>
<wf cmd="tag" pos="NNS">data</wf>
<punc>.</punc>
</s>
<s snum="86">
<wf cmd="ignore" pos="IN">In</wf>
<wf cmd="tag" pos="CD">1959</wf>
<punc>-</punc>
<wf cmd="tag" pos="CD">60</wf>
<punc>,</punc>
<wf cmd="tag" pos="NNS">vehicles</wf>
<wf cmd="done" pos="VB" lemma="average" wnsn="2" lexsn="2:41:00::">averaged</wf>
<wf cmd="ignore" pos="DT">an</wf>
<wf cmd="tag" pos="NN">operating_cost</wf>
<wf cmd="ignore" pos="IN">of</wf>
<wf cmd="tag" pos="CD">.027</wf>
<wf cmd="ignore" pos="IN">per</wf>
<wf cmd="tag" pos="NN">mile</wf>
<punc>.</punc>
</s>
<s snum="87">
<wf cmd="done" pos="VB" lemma="base" wnsn="1" lexsn="2:31:00::">Based</wf>
<wf cmd="ignore" pos="IN">on</wf>
<wf cmd="ignore" pos="DT">this</wf>
<wf cmd="tag" pos="NN">figure</wf>
<wf cmd="ignore" pos="CC">and</wf>
<wf cmd="done" pos="VB" lemma="consider" wnsn="4" lexsn="2:32:00::">considering</wf>
<wf cmd="tag" pos="NN">depreciation</wf>
<wf cmd="tag" pos="NNS">costs</wf>
<wf cmd="ignore" pos="IN">of</wf>
<wf cmd="tag" pos="NNS">vehicles</wf>
<punc>,</punc>
<wf cmd="tag" pos="NN">pool</wf>
<wf cmd="tag" pos="NNS">personnel</wf>
<wf cmd="done" pos="VBP" ot="notag">have</wf>
<wf cmd="done" pos="VB" lemma="determine" wnsn="5" lexsn="2:31:00::">determined</wf>
<wf cmd="ignore" pos="IN">that</wf>
<wf cmd="tag" pos="NN">travel</wf>
<wf cmd="tag" pos="RB">in_excess</wf>
<wf cmd="ignore" pos="IN">of</wf>
<wf cmd="tag" pos="CD">10000</wf>
<wf cmd="tag" pos="NNS">miles</wf>
<wf cmd="tag" pos="RB">annually</wf>
<wf cmd="done" pos="VB" lemma="be" wnsn="1" lexsn="2:42:03::">is</wf>
<wf cmd="tag" pos="RBR">more</wf>
<wf cmd="tag" pos="JJ">economical</wf>
<wf cmd="ignore" pos="IN">by</wf>
<wf cmd="tag" pos="NN">state</wf>
<wf cmd="tag" pos="NN">car</wf>
<wf cmd="ignore" pos="IN">than</wf>
<wf cmd="ignore" pos="IN">by</wf>
<wf cmd="tag" pos="NN">payment</wf>
<wf cmd="ignore" pos="IN">of</wf>
<wf cmd="tag" pos="NNS">allowances</wf>
<wf cmd="ignore" pos="IN">for</wf>
<wf cmd="tag" pos="NN">use</wf>
<wf cmd="ignore" pos="IN">of</wf>
<wf cmd="tag" pos="JJ">personally-owned</wf>
<wf cmd="tag" pos="NNS">vehicles</wf>
<punc>.</punc>
</s>
<s snum="88">
<wf cmd="ignore" pos="PRP">They</wf>
<wf cmd="done" pos="VB" lemma="estimate" wnsn="1" lexsn="2:31:00::">estimate</wf>
<wf cmd="tag" pos="JJ">further</wf>
<wf cmd="ignore" pos="IN">that</wf>
<wf cmd="ignore" pos="IN">with</wf>
<wf cmd="tag" pos="JJ">sufficient</wf>
<wf cmd="tag" pos="NN">experience</wf>
<wf cmd="ignore" pos="CC">and</wf>
<wf cmd="ignore" pos="WRB">when</wf>
<wf cmd="tag" pos="JJ">cost-data</wf>
<wf cmd="ignore" pos="IN">of</wf>
<wf cmd="tag" pos="NN">compact_cars</wf>
<wf cmd="done" pos="VBZ" ot="notag">is</wf>
<wf cmd="done" pos="VB" lemma="compile" wnsn="1" lexsn="2:40:00::">compiled</wf>
<punc>,</punc>
<wf cmd="ignore" pos="DT">the</wf>
<wf cmd="tag" pos="JJ">break-even</wf>
<wf cmd="tag" pos="NN">point</wf>
<wf cmd="ignore" pos="MD">may</wf>
<wf cmd="done" pos="VB" ot="notag">be</wf>
<wf cmd="done" pos="VB" lemma="reduce" wnsn="1" lexsn="2:30:00::">reduced</wf>
<wf cmd="done" pos="VB" ot="notag">to</wf>
<wf cmd="tag" pos="CD">7500</wf>
<wf cmd="tag" pos="NNS">miles</wf>
<wf cmd="ignore" pos="IN">of</wf>
<wf cmd="tag" pos="NN">travel</wf>
<wf cmd="tag" pos="RB">per_year</wf>
<punc>.</punc>
</s>
<s snum="89">
<wf cmd="tag" pos="NN">Table</wf>
<wf cmd="tag" pos="CD">2</wf>
<wf cmd="done" pos="VB" lemma="show" wnsn="1" lexsn="2:39:02::">shows</wf>
<wf cmd="tag" pos="NN">operating_cost</wf>
<wf cmd="tag" pos="NNS">data</wf>
<wf cmd="ignore" pos="IN">of</wf>
<wf cmd="tag" pos="NN">state</wf>
<wf cmd="tag" pos="NNS">vehicles</wf>
<wf cmd="done" pos="VB" lemma="select" wnsn="1" lexsn="2:31:00::">selected</wf>
<wf cmd="tag" pos="RB">at_random</wf>
<punc>.</punc>
</s>
</p>
<p pnum="34">
<s snum="90">
<wf cmd="tag" pos="CD">One</wf>
<wf cmd="tag" pos="NN">matter</wf>
<wf cmd="ignore" pos="IN">of</wf>
<wf cmd="tag" pos="NN">concern</wf>
<wf cmd="ignore" pos="TO">to</wf>
<wf cmd="ignore" pos="DT">the</wf>
<wf cmd="tag" pos="JJ">complete</wf>
<wf cmd="tag" pos="NN">effectiveness</wf>
<wf cmd="ignore" pos="IN">of</wf>
<wf cmd="tag" pos="NN">pool</wf>
<wf cmd="tag" pos="NNS">operations</wf>
<wf cmd="done" pos="VB" lemma="be" wnsn="2" lexsn="2:42:06::">is</wf>
<wf cmd="ignore" pos="DT">the</wf>
<wf cmd="tag" pos="NN">lack</wf>
<wf cmd="ignore" pos="IN">of</wf>
<wf cmd="tag" pos="JJ">adequate</wf>
<wf cmd="tag" pos="JJ">central</wf>
<wf cmd="tag" pos="NN">garage</wf>
<wf cmd="tag" pos="NNS">facilities</wf>
<punc>.</punc>
</s>
<s snum="91">
<wf cmd="tag" pos="JJ">Present</wf>
<wf cmd="tag" pos="NN">pool</wf>
<wf cmd="tag" pos="NNS">quarters</wf>
<wf cmd="ignore" pos="IN">at</wf>
<wf cmd="tag" pos="CD">two</wf>
<wf cmd="tag" pos="NNS">locations</wf>
<wf cmd="ignore" pos="IN">in</wf>
<wf cmd="tag" pos="NNP">Providence</wf>
<wf cmd="done" pos="VB" lemma="be" wnsn="1" lexsn="2:42:03::">are</wf>
<wf cmd="tag" pos="JJ">crowded</wf>
<punc>,</punc>
<wf cmd="tag" pos="JJ">antiquated</wf>
<wf cmd="ignore" pos="CC">and</wf>
<punc>,</punc>
<wf cmd="tag" pos="RB">in_general</wf>
<punc>,</punc>
<wf cmd="done" pos="VB" lemma="make_for" wnsn="1" lexsn="2:36:00::">make_for</wf>
<wf cmd="tag" pos="JJ">inefficient</wf>
<wf cmd="tag" pos="NN">operation</wf>
<wf cmd="tag" pos="JJ">in_terms_of</wf>
<wf cmd="tag" pos="NN">dispersement</wf>
<wf cmd="ignore" pos="IN">of</wf>
<wf cmd="tag" pos="NNS">personnel</wf>
<wf cmd="ignore" pos="CC">and</wf>
<wf cmd="tag" pos="NN">duplication</wf>
<wf cmd="ignore" pos="IN">of</wf>
<wf cmd="tag" pos="JJ">such</wf>
<wf cmd="tag" pos="JJ">operational</wf>
<wf cmd="tag" pos="NN">needs</wf>
<wf cmd="ignore" pos="IN">as</wf>
<wf cmd="tag" pos="NN">stock</wf>
<wf cmd="ignore" pos="CC">and</wf>
<wf cmd="tag" pos="NN">repair</wf>
<wf cmd="tag" pos="NN">equipment</wf>
<punc>.</punc>
</s>
<s snum="92">
<wf cmd="tag" pos="JJ">Good</wf>
<wf cmd="tag" pos="NNS">facilities</wf>
<wf cmd="ignore" pos="MD">would</wf>
<wf cmd="done" pos="VB" lemma="be" wnsn="1" lexsn="2:42:03::">be</wf>
<wf cmd="ignore" pos="DT">a</wf>
<wf cmd="tag" pos="JJ">decided</wf>
<wf cmd="tag" pos="NN">help</wf>
<wf cmd="ignore" pos="TO">to</wf>
<wf cmd="done" pos="VB" lemma="pool" wnsn="0;1" lexsn="2:40:01::;2:40:00::">pool</wf>
<wf cmd="tag" pos="NNS">operations</wf>
<wf cmd="ignore" pos="CC">and</wf>
<wf cmd="tag" pos="RB">probably</wf>
<wf cmd="done" pos="VB" lemma="reduce" wnsn="1" lexsn="2:30:00::">reduce</wf>
<wf cmd="tag" pos="NN">vehicle</wf>
<wf cmd="tag" pos="NNS">costs</wf>
<wf cmd="tag" pos="RB">even</wf>
<wf cmd="tag" pos="JJR">more</wf>
<punc>.</punc>
</s>
</p>
<p pnum="35">
<s snum="93">
<wf cmd="ignore" pos="DT">The</wf>
<wf cmd="tag" pos="NN">purchase</wf>
<wf cmd="ignore" pos="IN">of</wf>
<wf cmd="tag" pos="JJ">state-owned</wf>
<wf cmd="tag" pos="NNS">vehicles</wf>
<wf cmd="done" pos="VBZ" ot="notag">is</wf>
<wf cmd="done" pos="VB" lemma="handle" wnsn="1" lexsn="2:41:00::">handled</wf>
<wf cmd="ignore" pos="IN">in</wf>
<wf cmd="ignore" pos="DT">the</wf>
<wf cmd="tag" pos="JJ">same</wf>
<wf cmd="tag" pos="NN">manner</wf>
<wf cmd="ignore" pos="IN">as</wf>
<wf cmd="ignore" pos="DT">all</wf>
<wf cmd="tag" pos="JJ">other</wf>
<wf cmd="tag" pos="NNS">purchases</wf>
<wf cmd="ignore" pos="IN">of</wf>
<wf cmd="ignore" pos="DT">the</wf>
<wf cmd="tag" pos="NN">state</wf>
<punc>.</punc>
</s>
<s snum="94">
<wf cmd="tag" pos="NNS">Requests</wf>
<wf cmd="done" pos="VBP" ot="notag">are</wf>
<wf cmd="done" pos="VB" lemma="make" wnsn="1" lexsn="2:41:00::">made</wf>
<wf cmd="ignore" pos="IN">by</wf>
<wf cmd="ignore" pos="DT">the</wf>
<wf cmd="tag" pos="NN">motor_pool</wf>
<wf cmd="ignore" pos="IN">along</wf>
<wf cmd="ignore" pos="IN">with</wf>
<wf cmd="ignore" pos="DT">any</wf>
<wf cmd="tag" pos="JJ">necessary</wf>
<wf cmd="tag" pos="NN">cooperation</wf>
<wf cmd="ignore" pos="IN">from</wf>
<wf cmd="ignore" pos="DT">the</wf>
<wf cmd="tag" pos="NNS">agencies</wf>
<wf cmd="tag" pos="RB">to_which</wf>
<wf cmd="tag" pos="NNS">assignments</wf>
<wf cmd="ignore" pos="IN">of</wf>
<wf cmd="tag" pos="NNS">cars</wf>
<wf cmd="ignore" pos="MD">will</wf>
<wf cmd="done" pos="VB" ot="notag">be</wf>
<wf cmd="done" pos="VB" lemma="make" wnsn="1" lexsn="2:41:00::">made</wf>
<punc>.</punc>
</s>
<s snum="95">
<wf cmd="tag" pos="NNS">Bids</wf>
<wf cmd="done" pos="VBP" ot="notag">are</wf>
<wf cmd="done" pos="VB" lemma="evaluate" wnsn="1" lexsn="2:31:00::">evaluated</wf>
<wf cmd="ignore" pos="IN">by</wf>
<wf cmd="ignore" pos="DT">the</wf>
<wf cmd="tag" pos="NNP">Division</wf>
<wf cmd="ignore" pos="IN">of</wf>
<wf cmd="tag" pos="NNS">Purchases</wf>
<wf cmd="ignore" pos="IN">with</wf>
<wf cmd="ignore" pos="DT">the</wf>
<wf cmd="tag" pos="NN">assistance</wf>
<wf cmd="ignore" pos="IN">of</wf>
<wf cmd="tag" pos="NN">pool</wf>
<wf cmd="tag" pos="NN">staff</wf>
<punc>,</punc>
<wf cmd="ignore" pos="CC">and</wf>
<wf cmd="tag" pos="NNS">awards</wf>
<wf cmd="ignore" pos="IN">for</wf>
<wf cmd="ignore" pos="DT">the</wf>
<wf cmd="tag" pos="NN">purchase</wf>
<wf cmd="ignore" pos="IN">of</wf>
<wf cmd="ignore" pos="DT">the</wf>
<wf cmd="tag" pos="NNS">automobiles</wf>
<wf cmd="done" pos="VBP" ot="notag">are</wf>
<wf cmd="done" pos="VB" lemma="make" wnsn="1" lexsn="2:41:00::">made</wf>
<wf cmd="ignore" pos="TO">to</wf>
<wf cmd="ignore" pos="DT">the</wf>
<wf cmd="tag" pos="JJS">lowest</wf>
<wf cmd="tag" pos="JJ">responsible</wf>
<wf cmd="tag" pos="NNS">bidders</wf>
<punc>.</punc>
</s>
<s snum="96">
<wf cmd="tag" pos="NN">Unit</wf>
<wf cmd="tag" pos="NNS">prices</wf>
<wf cmd="ignore" pos="IN">for</wf>
<wf cmd="tag" pos="NN">state</wf>
<wf cmd="tag" pos="NNS">vehicles</wf>
<wf cmd="done" pos="VB" lemma="be" wnsn="1" lexsn="2:42:03::">are</wf>
<wf cmd="tag" pos="RB">invariably</wf>
<wf cmd="tag" pos="JJR">lower</wf>
<wf cmd="tag" pos="RB">than</wf>
<wf cmd="ignore" pos="TO">to</wf>
<wf cmd="ignore" pos="DT">the</wf>
<wf cmd="tag" pos="JJ">general</wf>
<wf cmd="tag" pos="NN">public</wf>
<punc>.</punc>
</s>
<s snum="97">
<wf cmd="ignore" pos="DT">The</wf>
<wf cmd="tag" pos="NNS">reasons</wf>
<wf cmd="done" pos="VB" lemma="be" wnsn="1" lexsn="2:42:03::">are</wf>
<wf cmd="tag" pos="JJ">obvious</wf>
<punc>:</punc>
<punc>(</punc>
<wf cmd="tag" pos="CD">1</wf>
<punc>)</punc>
<wf cmd="ignore" pos="DT">the</wf>
<wf cmd="tag" pos="NN">state</wf>
<wf cmd="done" pos="VBZ" ot="notag">is</wf>
<wf cmd="done" pos="VB" lemma="buy" wnsn="1" lexsn="2:40:00::">buying</wf>
<wf cmd="done" pos="VB" ot="notag">in</wf>
<wf cmd="tag" pos="NN">quantity</wf>
<punc>,</punc>
<wf cmd="ignore" pos="CC">and</wf>
<punc>(</punc>
<wf cmd="tag" pos="CD">2</wf>
<punc>)</punc>
<wf cmd="ignore" pos="PRP">it</wf>
<wf cmd="done" pos="VB" lemma="have" wnsn="1" lexsn="2:40:00::">has</wf>
<wf cmd="ignore" pos="DT">no</wf>
<wf cmd="tag" pos="JJ">federal</wf>
<wf cmd="tag" pos="NN">excise</wf>
<wf cmd="ignore" pos="CC">or</wf>
<wf cmd="tag" pos="NN">state</wf>
<wf cmd="tag" pos="NN">sales_tax</wf>
<wf cmd="ignore" pos="TO">to</wf>
<wf cmd="done" pos="VB" lemma="pay" wnsn="1" lexsn="2:40:00::">pay</wf>
<punc>.</punc>
</s>
<s snum="98">
<wf cmd="ignore" pos="IN">Until</wf>
<wf cmd="tag" pos="CD">1958</wf>
<wf cmd="ignore" pos="DT">the</wf>
<wf cmd="tag" pos="NN">state</wf>
<wf cmd="done" pos="VB" lemma="be" wnsn="1" lexsn="2:42:03::">was</wf>
<wf cmd="tag" pos="RB">also</wf>
<wf cmd="tag" pos="JJ">entitled</wf>
<wf cmd="ignore" pos="TO">to</wf>
<wf cmd="ignore" pos="DT">a</wf>
<wf cmd="tag" pos="JJ">special</wf>
<wf cmd="tag" pos="NN">type</wf>
<wf cmd="ignore" pos="IN">of</wf>
<wf cmd="tag" pos="NNS">manufacturers</wf>
<punc>'</punc>
<wf cmd="tag" pos="NN">discount</wf>
<wf cmd="ignore" pos="IN">through</wf>
<wf cmd="ignore" pos="DT">the</wf>
<wf cmd="tag" pos="NNS">dealers</wf>
<punc>.</punc>
</s>
</p>
<p pnum="36">
<s snum="99">
<wf cmd="tag" pos="RB">In_that</wf>
<wf cmd="tag" pos="NN">ownership</wf>
<wf cmd="ignore" pos="IN">of</wf>
<wf cmd="ignore" pos="DT">all</wf>
<wf cmd="tag" pos="NNS">vehicles</wf>
<wf cmd="done" rdf="rest_on" pos="VB" lemma="rest_on" wnsn="2" lexsn="2:42:00::">rests</wf>
<wf cmd="ignore" pos="IN">with</wf>
<wf cmd="ignore" pos="DT">the</wf>
<wf cmd="tag" pos="NN">state</wf>
<wf cmd="tag" pos="NN">motor_pool</wf>
<punc>,</punc>
<wf cmd="tag" pos="NNS">cars</wf>
<wf cmd="done" pos="VBP" ot="notag">are</wf>
<wf cmd="done" pos="VB" lemma="pay" wnsn="1" lexsn="2:40:00::">paid</wf>
<wf cmd="done" pos="VB" ot="notag">for</wf>
<wf cmd="ignore" pos="IN">with</wf>
<wf cmd="tag" pos="NNS">funds</wf>
<wf cmd="done" pos="VB" lemma="appropriate" wnsn="1" lexsn="2:31:00::">appropriated</wf>
<wf cmd="ignore" pos="TO">to</wf>
<wf cmd="ignore" pos="DT">the</wf>
<wf cmd="tag" pos="NNS">agencies</wf>
<wf cmd="ignore" pos="CC">but</wf>
<wf cmd="done" pos="VB" lemma="transfer" wnsn="2" lexsn="2:40:01::">transferred</wf>
<wf cmd="ignore" pos="TO">to</wf>
<wf cmd="ignore" pos="DT">the</wf>
<wf cmd="tag" pos="JJ">rotary</wf>
<wf cmd="tag" pos="NN">fund</wf>
<wf cmd="done" pos="VB" lemma="mention" wnsn="1" lexsn="2:32:02::">mentioned</wf>
<wf cmd="tag" pos="RBR">earlier</wf>
<punc>.</punc>
</s>
<s snum="100">
<wf cmd="ignore" pos="DT">This</wf>
<wf cmd="done" pos="VB" lemma="be" wnsn="2" lexsn="2:42:06::">is</wf>
<wf cmd="ignore" pos="DT">a</wf>
<wf cmd="tag" pos="JJ">normal</wf>
<wf cmd="tag" pos="JJ">governmental</wf>
<wf cmd="tag" pos="NN">procedure</wf>
<wf cmd="ignore" pos="WDT">which</wf>
<wf cmd="done" pos="VB" lemma="reflect" wnsn="1" lexsn="2:39:01::">reflects</wf>
<wf cmd="tag" pos="RBR">more</wf>
<wf cmd="tag" pos="RB">accurately</wf>
<wf cmd="tag" pos="JJ">cost-accounting</wf>
<wf cmd="tag" pos="NNS">principles</wf>
<punc>.</punc>
</s>
<s snum="101">
<wf cmd="ignore" pos="DT">The</wf>
<wf cmd="tag" pos="NN">assignment</wf>
<wf cmd="ignore" pos="CC">and</wf>
<wf cmd="tag" pos="NN">use</wf>
<wf cmd="ignore" pos="IN">of</wf>
<wf cmd="tag" pos="NNS">vehicles</wf>
<wf cmd="ignore" pos="IN">after</wf>
<wf cmd="tag" pos="NN">purchase</wf>
<wf cmd="done" pos="VB" lemma="be" wnsn="2" lexsn="2:42:06::">is</wf>
<wf cmd="ignore" pos="DT">another</wf>
<wf cmd="tag" pos="NN">matter</wf>
<wf cmd="done" pos="VB" ot="notag">to</wf>
<wf cmd="done" pos="VB" ot="notag">be</wf>
<wf cmd="done" pos="VB" lemma="cover" wnsn="5" lexsn="2:32:01::">covered</wf>
<wf cmd="tag" pos="RB">in_detail</wf>
<wf cmd="tag" pos="RB">later</wf>
<punc>.</punc>
</s>
</p>
<p pnum="37">
<s snum="102">
<wf cmd="tag" pos="RB">Probably</wf>
<wf cmd="tag" pos="RB">the_most</wf>
<wf cmd="tag" pos="JJ">important</wf>
<wf cmd="ignore" pos="IN">of</wf>
<wf cmd="ignore" pos="DT">all</wf>
<wf cmd="tag" pos="NNS">matters</wf>
<wf cmd="ignore" pos="IN">for</wf>
<wf cmd="tag" pos="NN">review</wf>
<wf cmd="done" pos="VB" lemma="be" wnsn="2" lexsn="2:42:06::">are</wf>
<wf cmd="ignore" pos="DT">the</wf>
<wf cmd="tag" pos="JJ">broad</wf>
<wf cmd="tag" pos="JJ">administrative</wf>
<wf cmd="tag" pos="NNS">policies</wf>
<wf cmd="done" pos="VB" lemma="govern" wnsn="1" lexsn="2:41:02::">governing</wf>
<wf cmd="ignore" pos="DT">the</wf>
<wf cmd="tag" pos="NN">purchase</wf>
<punc>,</punc>
<wf cmd="tag" pos="NN">assignment</wf>
<punc>,</punc>
<wf cmd="tag" pos="NN">use</wf>
<punc>,</punc>
<wf cmd="ignore" pos="CC">and</wf>
<wf cmd="tag" pos="NN">management</wf>
<wf cmd="ignore" pos="IN">of</wf>
<wf cmd="tag" pos="NN">state</wf>
<wf cmd="tag" pos="NNS">vehicles</wf>
<punc>.</punc>
</s>
<s snum="103">
<wf cmd="ignore" pos="DT">The</wf>
<wf cmd="tag" pos="NN">legislature</wf>
<wf cmd="ignore" pos="POS">'s</wf>
<wf cmd="tag" pos="NN">role</wf>
<wf cmd="ignore" pos="IN">in</wf>
<wf cmd="tag" pos="NN">policy</wf>
<wf cmd="tag" pos="NN">determination</wf>
<wf cmd="tag" pos="RB">in_this</wf>
<wf cmd="tag" pos="NN">area</wf>
<wf cmd="ignore" pos="IN">for</wf>
<wf cmd="tag" pos="NNS">years</wf>
<wf cmd="done" pos="VBZ" ot="notag">has</wf>
<wf cmd="done" pos="VBN" ot="notag">been</wf>
<wf cmd="done" pos="VB" lemma="confine" wnsn="2" lexsn="2:30:01::">confined</wf>
<wf cmd="tag" pos="RB">almost</wf>
<wf cmd="tag" pos="RB">solely</wf>
<wf cmd="ignore" pos="TO">to</wf>
<wf cmd="ignore" pos="DT">the</wf>
<wf cmd="tag" pos="NN">amount</wf>
<wf cmd="ignore" pos="IN">of</wf>
<wf cmd="tag" pos="NNS">funds</wf>
<wf cmd="done" pos="VB" lemma="appropriate" wnsn="1" lexsn="2:31:00::">appropriated</wf>
<wf cmd="tag" pos="RB">annually</wf>
<wf cmd="ignore" pos="IN">for</wf>
<wf cmd="ignore" pos="DT">the</wf>
<wf cmd="tag" pos="NN">purchase</wf>
<wf cmd="ignore" pos="CC">and</wf>
<wf cmd="tag" pos="NN">operation</wf>
<wf cmd="ignore" pos="IN">of</wf>
<wf cmd="tag" pos="NNS">vehicles</wf>
<punc>.</punc>
</s>
<s snum="104">
<wf cmd="ignore" pos="DT">The</wf>
<wf cmd="tag" pos="RBR">more</wf>
<wf cmd="tag" pos="JJ">meaningful</wf>
<wf cmd="tag" pos="NNS">policies</wf>
<wf cmd="done" pos="VBP" ot="notag">have</wf>
<wf cmd="done" pos="VB" ot="notag">been_left</wf>
<wf cmd="ignore" pos="TO">to</wf>
<wf cmd="ignore" pos="DT">the</wf>
<wf cmd="tag" pos="NN">judgment</wf>
<wf cmd="ignore" pos="IN">of</wf>
<wf cmd="ignore" pos="DT">the</wf>
<wf cmd="tag" pos="JJ">chief</wf>
<wf cmd="tag" pos="JJ">administrative</wf>
<wf cmd="tag" pos="NN">officer</wf>
<wf cmd="ignore" pos="IN">of</wf>
<wf cmd="ignore" pos="DT">the</wf>
<wf cmd="tag" pos="NN">state</wf>
<punc>-</punc>
<wf cmd="ignore" pos="DT">the</wf>
<wf cmd="tag" pos="NNP">Director</wf>
<wf cmd="ignore" pos="IN">of</wf>
<wf cmd="tag" pos="NNP">Administration</wf>
<punc>.</punc>
</s>
</p>
</context>
</contextfile>
