<contextfile concordance="brown">
<context filename="br-h07" paras="yes">
<p pnum="1">
<s snum="1">
<wf cmd="ignore" pos="PRP">It</wf>
<wf cmd="done" pos="VB" lemma="be" wnsn="1" lexsn="2:42:03::">is</wf>
<wf cmd="tag" pos="RB">not</wf>
<wf cmd="ignore" pos="IN">within</wf>
<wf cmd="ignore" pos="DT">the</wf>
<wf cmd="tag" pos="NN">scope</wf>
<wf cmd="tag" pos="RB">of_this</wf>
<wf cmd="tag" pos="NN">report</wf>
<wf cmd="done" pos="VB" lemma="elaborate" wnsn="1" lexsn="2:32:00::">elaborate</wf>
<wf cmd="ignore" pos="IN">in</wf>
<wf cmd="ignore" pos="DT">any</wf>
<wf cmd="tag" pos="JJ">great</wf>
<wf cmd="tag" pos="NN">detail</wf>
<wf cmd="ignore" pos="IN">upon</wf>
<wf cmd="tag" pos="JJ">special</wf>
<wf cmd="tag" pos="NNS">districts</wf>
<wf cmd="ignore" pos="IN">in</wf>
<wf cmd="tag" pos="NN">Rhode_Island</wf>
<punc>.</punc>
</s>
<s snum="2">
<wf cmd="tag" pos="RB">However</wf>
<punc>,</punc>
<wf cmd="ignore" pos="DT">a</wf>
<wf cmd="tag" pos="NN">word</wf>
<wf cmd="ignore" pos="MD">should</wf>
<wf cmd="done" pos="VB" ot="notag">be</wf>
<wf cmd="done" pos="VB" lemma="mention" wnsn="1" lexsn="2:32:02::">mentioned</wf>
<wf cmd="ignore" pos="IN">in</wf>
<wf cmd="tag" pos="NN">regard_to</wf>
<wf cmd="ignore" pos="PRP">them</wf>
<wf cmd="ignore" pos="IN">as</wf>
<wf cmd="tag" pos="JJ">independent</wf>
<wf cmd="tag" pos="NNS">units</wf>
<wf cmd="ignore" pos="IN">of</wf>
<wf cmd="tag" pos="NN">government</wf>
<punc>.</punc>
</s>
</p>
<p pnum="2">
<s snum="3">
<wf cmd="ignore" pos="EX">There</wf>
<wf cmd="done" pos="VB" lemma="be" wnsn="3" lexsn="2:42:05::">are</wf>
<wf cmd="tag" pos="JJ">forty-seven</wf>
<wf cmd="tag" pos="JJ">special</wf>
<wf cmd="tag" pos="NN">district</wf>
<wf cmd="tag" pos="NNS">governments</wf>
<wf cmd="ignore" pos="IN">in</wf>
<wf cmd="tag" pos="NN">Rhode_Island</wf>
<punc>(</punc>
<wf cmd="done" pos="VB" lemma="exclude" wnsn="3" lexsn="2:42:00::">excluding</wf>
<wf cmd="tag" pos="CD">two</wf>
<wf cmd="tag" pos="JJ">regional</wf>
<wf cmd="tag" pos="NN">school</wf>
<wf cmd="tag" pos="NNS">districts</wf>
<punc>,</punc>
<wf cmd="tag" pos="CD">four</wf>
<wf cmd="tag" pos="NN">housing</wf>
<wf cmd="tag" pos="NNS">authorities</wf>
<punc>,</punc>
<wf cmd="ignore" pos="CC">and</wf>
<wf cmd="ignore" pos="DT">the</wf>
<wf cmd="tag" pos="NNP">Kent_County_Water_Authority</wf>
<punc>)</punc>
<punc>.</punc>
</s>
<s snum="4">
<wf cmd="ignore" pos="DT">These</wf>
<wf cmd="tag" pos="JJ">forty-seven</wf>
<wf cmd="tag" pos="JJ">special</wf>
<wf cmd="tag" pos="NN">purpose</wf>
<wf cmd="tag" pos="NNS">governments</wf>
<wf cmd="done" pos="VB" lemma="have" wnsn="1" lexsn="2:40:00::">have</wf>
<wf cmd="ignore" pos="DT">the</wf>
<wf cmd="tag" pos="NN">authority</wf>
<wf cmd="ignore" pos="TO">to</wf>
<wf cmd="done" pos="VB" lemma="levy" wnsn="1" lexsn="2:40:00::">levy</wf>
<wf cmd="tag" pos="NNS">taxes</wf>
<punc>,</punc>
<wf cmd="ignore" pos="TO">to</wf>
<wf cmd="done" pos="VB" lemma="borrow" wnsn="1" lexsn="2:40:00::">borrow</wf>
<wf cmd="tag" pos="NN">money</wf>
<punc>,</punc>
<wf cmd="done" pos="VB" lemma="own" wnsn="1" lexsn="2:40:00::">own</wf>
<wf cmd="tag" pos="NN">property</wf>
<punc>,</punc>
<wf cmd="done" pos="VB" lemma="sue" wnsn="1" lexsn="2:41:00::">sue</wf>
<wf cmd="ignore" pos="CC">and</wf>
<wf cmd="done" pos="VB" ot="notag">be</wf>
<wf cmd="done" pos="VB" lemma="sue" wnsn="1" lexsn="2:41:00::">sued</wf>
<punc>,</punc>
<wf cmd="ignore" pos="CC">and</wf>
<wf cmd="tag" pos="RB">in_general</wf>
<wf cmd="ignore" pos="TO">to</wf>
<wf cmd="done" pos="VB" lemma="exercise" wnsn="1" lexsn="2:34:00::">exercise</wf>
<wf cmd="tag" pos="JJ">normal</wf>
<wf cmd="tag" pos="JJ">corporate</wf>
<wf cmd="tag" pos="NNS">powers</wf>
<punc>.</punc>
</s>
<s snum="5">
<wf cmd="ignore" pos="IN">Unlike</wf>
<wf cmd="tag" pos="NNS">cities</wf>
<wf cmd="ignore" pos="CC">and</wf>
<wf cmd="tag" pos="NNS">towns</wf>
<punc>,</punc>
<wf cmd="tag" pos="RB">however</wf>
<punc>,</punc>
<wf cmd="ignore" pos="PRP">they</wf>
<wf cmd="done" pos="VBP" ot="notag">do</wf>
<wf cmd="tag" pos="RB">not</wf>
<wf cmd="done" pos="VB" lemma="have" wnsn="0" lexsn="2:42:05::">have</wf>
<wf cmd="done" pos="VB" ot="notag">to</wf>
<wf cmd="done" pos="VB" lemma="submit" wnsn="1" lexsn="2:32:01::">submit</wf>
<wf cmd="ignore" pos="DT">any</wf>
<wf cmd="tag" pos="NN">financial_statements</wf>
<wf cmd="ignore" pos="TO">to</wf>
<wf cmd="ignore" pos="DT">the</wf>
<wf cmd="tag" pos="NN">state</wf>
<wf cmd="tag" pos="NNP">Bureau</wf>
<wf cmd="ignore" pos="IN">of</wf>
<wf cmd="tag" pos="NNPS">Audits</wf>
<punc>.</punc>
</s>
<s snum="6">
<wf cmd="ignore" pos="PRP">It</wf>
<wf cmd="done" pos="VB" lemma="be" wnsn="1" lexsn="2:42:03::">is</wf>
<wf cmd="tag" pos="RB">not</wf>
<wf cmd="ignore" pos="DT">an</wf>
<wf cmd="tag" pos="NN">exaggeration</wf>
<wf cmd="ignore" pos="TO">to</wf>
<wf cmd="done" pos="VB" lemma="say" wnsn="1" lexsn="2:32:00::">say</wf>
<wf cmd="ignore" pos="IN">that</wf>
<wf cmd="ignore" pos="DT">the</wf>
<wf cmd="tag" pos="NN">state_government</wf>
<wf cmd="done" pos="VB" lemma="have" wnsn="1" lexsn="2:40:00::">has</wf>
<wf cmd="tag" pos="JJ">little</wf>
<wf cmd="ignore" pos="CC">or</wf>
<wf cmd="ignore" pos="DT">no</wf>
<wf cmd="tag" pos="JJ">fiscal</wf>
<wf cmd="tag" pos="NN">control</wf>
<wf cmd="ignore" pos="IN">over</wf>
<wf cmd="ignore" pos="DT">these</wf>
<wf cmd="tag" pos="NNS">units</wf>
<wf cmd="ignore" pos="IN">of</wf>
<wf cmd="tag" pos="NN">government</wf>
<punc>.</punc>
</s>
<s snum="7">
<wf cmd="tag" pos="RB">In_addition</wf>
<wf cmd="ignore" pos="TO">to</wf>
<wf cmd="ignore" pos="DT">the</wf>
<wf cmd="tag" pos="NN">collection</wf>
<wf cmd="ignore" pos="IN">of</wf>
<wf cmd="tag" pos="NN">service_charges</wf>
<punc>,</punc>
<wf cmd="ignore" pos="DT">the</wf>
<wf cmd="tag" pos="JJ">special</wf>
<wf cmd="tag" pos="NNS">districts</wf>
<wf cmd="done" pos="VB" lemma="levy" wnsn="1" lexsn="2:40:00::">levy</wf>
<wf cmd="tag" pos="JJ">annual</wf>
<wf cmd="tag" pos="NN">property_taxes</wf>
<wf cmd="ignore" pos="IN">of</wf>
<wf cmd="tag" pos="RB">approximately</wf>
<punc>$</punc>
<wf cmd="tag" pos="CD">450000</wf>
<punc>.</punc>
</s>
</p>
<p pnum="3">
<s snum="8">
<wf cmd="ignore" pos="DT">A</wf>
<wf cmd="tag" pos="NN">review</wf>
<wf cmd="ignore" pos="IN">of</wf>
<wf cmd="tag" pos="NNS">practices</wf>
<wf cmd="ignore" pos="IN">in</wf>
<wf cmd="tag" pos="JJ">other</wf>
<wf cmd="tag" pos="NNS">states</wf>
<wf cmd="tag" pos="JJ">regarding</wf>
<wf cmd="tag" pos="JJ">fiscal</wf>
<wf cmd="tag" pos="NN">uniformity</wf>
<wf cmd="done" pos="VB" lemma="be" wnsn="1" lexsn="2:42:03::">is</wf>
<wf cmd="tag" pos="JJ">pertinent</wf>
<wf cmd="ignore" pos="TO">to</wf>
<wf cmd="ignore" pos="DT">this</wf>
<wf cmd="tag" pos="NN">report</wf>
<punc>.</punc>
</s>
<s snum="9">
<wf cmd="done" pos="VB" lemma="include" wnsn="1" lexsn="2:42:00::">Included</wf>
<wf cmd="ignore" pos="IN">in</wf>
<wf cmd="ignore" pos="DT">the</wf>
<wf cmd="tag" pos="NNS">findings</wf>
<wf cmd="done" pos="VB" lemma="be" wnsn="2" lexsn="2:42:06::">are</wf>
<punc>:</punc>
</s>
</p>
<p pnum="4">
<s snum="10">
<wf cmd="tag" pos="CD">Forty-six</wf>
<wf cmd="tag" pos="NNS">states</wf>
<punc>,</punc>
<wf cmd="done" pos="VB" lemma="include" wnsn="1" lexsn="2:42:00::">including</wf>
<wf cmd="tag" pos="NN">Rhode_Island</wf>
<punc>,</punc>
<wf cmd="done" pos="VB" lemma="end" wnsn="2" lexsn="2:30:01::">end</wf>
<wf cmd="ignore" pos="PRP$">their</wf>
<wf cmd="tag" pos="NN">fiscal_year</wf>
<wf cmd="ignore" pos="IN">on</wf>
<wf cmd="tag" pos="NNP">June</wf>
<wf cmd="tag" pos="CD">30</wf>
<punc>.</punc>
</s>
<s snum="11">
<wf cmd="ignore" pos="DT">The</wf>
<wf cmd="tag" pos="JJ">other</wf>
<wf cmd="tag" pos="CD">four</wf>
<wf cmd="tag" pos="NNS">states</wf>
<wf cmd="done" pos="VB" lemma="end" wnsn="1" lexsn="2:42:00::">end</wf>
<wf cmd="ignore" pos="IN">on</wf>
<wf cmd="tag" pos="JJ">varying</wf>
<wf cmd="tag" pos="NNS">dates</wf>
<punc>:</punc>
<wf cmd="tag" pos="NNP">Alabama</wf>
<punc>(</punc>
<wf cmd="tag" pos="NNP">Sept.</wf>
<wf cmd="tag" pos="CD">30</wf>
<punc>)</punc>
<punc>,</punc>
<wf cmd="tag" pos="NN">New_York</wf>
<punc>(</punc>
<wf cmd="tag" pos="NNP">March</wf>
<wf cmd="tag" pos="CD">31</wf>
<punc>)</punc>
<punc>,</punc>
<wf cmd="tag" pos="NNP">Pennsylvania</wf>
<punc>(</punc>
<wf cmd="tag" pos="NNP">May</wf>
<wf cmd="tag" pos="CD">31</wf>
<punc>)</punc>
<punc>,</punc>
<wf cmd="ignore" pos="CC">and</wf>
<wf cmd="tag" pos="NNP">Texas</wf>
<punc>(</punc>
<wf cmd="tag" pos="NNP">August</wf>
<wf cmd="tag" pos="CD">31</wf>
<punc>)</punc>
<punc>.</punc>
</s>
</p>
<p pnum="5">
<s snum="12">
<wf cmd="ignore" pos="IN">In</wf>
<wf cmd="tag" pos="CD">sixteen</wf>
<wf cmd="tag" pos="NNS">states</wf>
<punc>,</punc>
<wf cmd="ignore" pos="DT">the</wf>
<wf cmd="tag" pos="NN">fiscal_year</wf>
<wf cmd="tag" pos="NN">ending</wf>
<wf cmd="ignore" pos="IN">of</wf>
<wf cmd="ignore" pos="DT">the</wf>
<wf cmd="tag" pos="NNS">cities</wf>
<punc>(</punc>
<wf cmd="tag" pos="NNP">June</wf>
<wf cmd="tag" pos="CD">30</wf>
<punc>)</punc>
<wf cmd="done" pos="VB" lemma="be" wnsn="1" lexsn="2:42:03::">is</wf>
<wf cmd="ignore" pos="DT">the</wf>
<wf cmd="tag" pos="JJ">same</wf>
<wf cmd="ignore" pos="IN">as</wf>
<wf cmd="ignore" pos="IN">that</wf>
<wf cmd="ignore" pos="IN">of</wf>
<wf cmd="ignore" pos="DT">the</wf>
<wf cmd="tag" pos="NN">state</wf>
<punc>:</punc>
</s>
<s snum="13">
<wf cmd="tag" pos="NNP">Alaska</wf>
<punc>,</punc>
<wf cmd="tag" pos="NNP">Arizona</wf>
<punc>,</punc>
<wf cmd="tag" pos="NNP">California</wf>
<punc>,</punc>
<wf cmd="tag" pos="NNP">Delaware</wf>
<punc>,</punc>
<wf cmd="tag" pos="NNP">Massachusetts</wf>
<punc>,</punc>
<wf cmd="tag" pos="NNP">Montana</wf>
<punc>,</punc>
<wf cmd="tag" pos="NNP">Nevada</wf>
<punc>,</punc>
<wf cmd="tag" pos="NN">New_Mexico</wf>
<punc>,</punc>
<wf cmd="tag" pos="NN">North_Carolina</wf>
<punc>,</punc>
<wf cmd="tag" pos="NN">North_Dakota</wf>
<punc>,</punc>
<wf cmd="tag" pos="NNP">Oklahoma</wf>
<punc>,</punc>
<wf cmd="tag" pos="NNP">Oregon</wf>
<punc>,</punc>
<wf cmd="tag" pos="NNP">Vermont</wf>
<punc>,</punc>
<wf cmd="tag" pos="NN">West_Virginia</wf>
<punc>,</punc>
<wf cmd="tag" pos="NNP">Wyoming</wf>
<punc>,</punc>
<wf cmd="ignore" pos="CC">and</wf>
<wf cmd="tag" pos="NNP">Hawaii</wf>
<punc>)</punc>
<punc>.</punc>
</s>
</p>
<p pnum="6">
<s snum="14">
<wf cmd="ignore" pos="IN">In</wf>
<wf cmd="tag" pos="CD">eleven</wf>
<wf cmd="tag" pos="NNS">states</wf>
<punc>,</punc>
<wf cmd="ignore" pos="DT">the</wf>
<wf cmd="tag" pos="NN">fiscal_year</wf>
<wf cmd="ignore" pos="IN">of</wf>
<wf cmd="ignore" pos="DT">the</wf>
<wf cmd="tag" pos="NNS">cities</wf>
<wf cmd="done" pos="VB" lemma="end" wnsn="1" lexsn="2:42:00::">ends</wf>
<wf cmd="ignore" pos="IN">on</wf>
<wf cmd="tag" pos="NNP">December</wf>
<wf cmd="tag" pos="CD">31</wf>
<punc>,</punc>
<wf cmd="ignore" pos="IN">while</wf>
<wf cmd="ignore" pos="DT">the</wf>
<wf cmd="tag" pos="NN">state</wf>
<wf cmd="tag" pos="NN">fiscal_year</wf>
<wf cmd="done" pos="VB" lemma="end" wnsn="1" lexsn="2:42:00::">ends</wf>
<wf cmd="ignore" pos="IN">on</wf>
<wf cmd="tag" pos="NNP">June</wf>
<wf cmd="tag" pos="CD">30</wf>
<punc>(</punc>
<wf cmd="tag" pos="NNP">Arkansas</wf>
<punc>,</punc>
<wf cmd="tag" pos="NNP">Colorado</wf>
<punc>,</punc>
<wf cmd="tag" pos="NNP">Indiana</wf>
<punc>,</punc>
<wf cmd="tag" pos="NNP">Kansas</wf>
<punc>,</punc>
<wf cmd="tag" pos="NN">New_Hampshire</wf>
<punc>,</punc>
<wf cmd="tag" pos="NN">New_Jersey</wf>
<punc>,</punc>
<wf cmd="tag" pos="NNP">Ohio</wf>
<punc>,</punc>
<wf cmd="tag" pos="NN">South_Dakota</wf>
<punc>,</punc>
<wf cmd="tag" pos="NNP">Utah</wf>
<punc>,</punc>
<wf cmd="tag" pos="NNP">Washington</wf>
<punc>,</punc>
<wf cmd="ignore" pos="CC">and</wf>
<wf cmd="tag" pos="NNP">Wisconsin</wf>
<punc>)</punc>
<punc>.</punc>
</s>
</p>
<p pnum="7">
<s snum="15">
<wf cmd="ignore" pos="IN">In</wf>
<wf cmd="tag" pos="CD">eight</wf>
<wf cmd="tag" pos="NNS">states</wf>
<wf cmd="ignore" pos="WP$">whose</wf>
<wf cmd="tag" pos="NN">fiscal_years</wf>
<wf cmd="done" pos="VB" lemma="close" wnsn="2" lexsn="2:35:06::">close</wf>
<wf cmd="ignore" pos="IN">on</wf>
<wf cmd="tag" pos="NNP">June</wf>
<wf cmd="tag" pos="CD">30</wf>
<punc>,</punc>
<wf cmd="ignore" pos="DT">a</wf>
<wf cmd="tag" pos="NN">majority</wf>
<wf cmd="ignore" pos="IN">of</wf>
<wf cmd="ignore" pos="PRP$">their</wf>
<wf cmd="tag" pos="NNS">cities</wf>
<wf cmd="done" pos="VB" lemma="close" wnsn="4" lexsn="2:41:01::">close</wf>
<wf cmd="ignore" pos="PRP$">their</wf>
<wf cmd="tag" pos="NN">fiscal_year</wf>
<wf cmd="ignore" pos="IN">on</wf>
<wf cmd="tag" pos="NNP">December</wf>
<wf cmd="tag" pos="CD">31</wf>
<punc>:</punc>
<punc>(</punc>
<wf cmd="tag" pos="NNP">Georgia</wf>
<punc>,</punc>
<wf cmd="tag" pos="NNP">Iowa</wf>
<punc>,</punc>
<wf cmd="tag" pos="NNP">Kentucky</wf>
<punc>,</punc>
<wf cmd="tag" pos="NNP">Maine</wf>
<punc>,</punc>
<wf cmd="tag" pos="NNP">Maryland</wf>
<punc>,</punc>
<wf cmd="tag" pos="NNP">Minnesota</wf>
<punc>,</punc>
<wf cmd="tag" pos="NNP">Virginia</wf>
<punc>,</punc>
<wf cmd="ignore" pos="CC">and</wf>
<wf cmd="tag" pos="NN">South_Carolina</wf>
<punc>)</punc>
<punc>.</punc>
</s>
</p>
<p pnum="8">
<s snum="16">
<wf cmd="tag" pos="CD">One</wf>
<wf cmd="tag" pos="NN">state</wf>
<punc>,</punc>
<wf cmd="tag" pos="NNP">Alabama</wf>
<punc>,</punc>
<wf cmd="done" pos="VB" lemma="close" wnsn="2" lexsn="2:35:06::">closes</wf>
<wf cmd="ignore" pos="PRP$">its</wf>
<wf cmd="tag" pos="NN">fiscal_year</wf>
<wf cmd="ignore" pos="IN">on</wf>
<wf cmd="tag" pos="NNP">September</wf>
<wf cmd="tag" pos="CD">30</wf>
<punc>,</punc>
<wf cmd="ignore" pos="CC">and</wf>
<wf cmd="ignore" pos="DT">all</wf>
<wf cmd="tag" pos="NNS">cities</wf>
<wf cmd="ignore" pos="IN">in</wf>
<wf cmd="ignore" pos="DT">the</wf>
<wf cmd="tag" pos="NN">state</wf>
<punc>,</punc>
<wf cmd="ignore" pos="IN">with</wf>
<wf cmd="tag" pos="CD">one</wf>
<wf cmd="tag" pos="NN">exception</wf>
<punc>,</punc>
<wf cmd="tag" pos="RB">also</wf>
<wf cmd="done" pos="VB" lemma="close" wnsn="2" lexsn="2:35:06::">close</wf>
<wf cmd="tag" pos="NN">fiscal_years</wf>
<wf cmd="ignore" pos="IN">on</wf>
<wf cmd="tag" pos="NNP">September</wf>
<wf cmd="tag" pos="CD">30</wf>
<punc>.</punc>
</s>
</p>
<p pnum="9">
<s snum="17">
<wf cmd="tag" pos="NNP">Mississippi</wf>
<wf cmd="done" pos="VB" lemma="close" wnsn="4" lexsn="2:41:01::">closes</wf>
<wf cmd="ignore" pos="PRP$">its</wf>
<wf cmd="tag" pos="NN">fiscal_year</wf>
<wf cmd="ignore" pos="IN">on</wf>
<wf cmd="tag" pos="NNP">June</wf>
<wf cmd="tag" pos="CD">30</wf>
<punc>,</punc>
<wf cmd="ignore" pos="IN">while</wf>
<wf cmd="tag" pos="JJ">all_of</wf>
<wf cmd="ignore" pos="PRP$">its</wf>
<wf cmd="tag" pos="NNS">cities</wf>
<wf cmd="done" pos="VB" lemma="close" wnsn="4" lexsn="2:41:01::">close</wf>
<wf cmd="ignore" pos="PRP$">their</wf>
<wf cmd="tag" pos="NN">fiscal_years</wf>
<wf cmd="ignore" pos="IN">on</wf>
<wf cmd="tag" pos="NNP">September</wf>
<wf cmd="tag" pos="CD">30</wf>
<punc>.</punc>
</s>
</p>
<p pnum="10">
<s snum="18">
<wf cmd="tag" pos="NNP">Pennsylvania</wf>
<wf cmd="done" pos="VB" lemma="close" wnsn="4" lexsn="2:41:01::">closes</wf>
<wf cmd="ignore" pos="PRP$">its</wf>
<wf cmd="tag" pos="NN">fiscal_year</wf>
<wf cmd="ignore" pos="IN">on</wf>
<wf cmd="tag" pos="NNP">May</wf>
<wf cmd="tag" pos="CD">31</wf>
<punc>.</punc>
</s>
<s snum="19">
<wf cmd="tag" pos="JJ">All_of</wf>
<wf cmd="ignore" pos="PRP$">its</wf>
<wf cmd="tag" pos="NNS">cities</wf>
<wf cmd="done" pos="VB" lemma="close" wnsn="4" lexsn="2:41:01::">close</wf>
<wf cmd="ignore" pos="PRP$">their</wf>
<wf cmd="tag" pos="NN">fiscal_years</wf>
<wf cmd="ignore" pos="IN">on</wf>
<wf cmd="tag" pos="NNP">December</wf>
<wf cmd="tag" pos="CD">31</wf>
<punc>.</punc>
</s>
</p>
<p pnum="11">
<s snum="20">
<wf cmd="ignore" pos="DT">The</wf>
<wf cmd="tag" pos="JJ">remaining</wf>
<wf cmd="tag" pos="CD">twelve</wf>
<wf cmd="tag" pos="NNS">states</wf>
<wf cmd="done" pos="VB" lemma="have" wnsn="2" lexsn="2:42:00::">have</wf>
<wf cmd="tag" pos="JJ">varying</wf>
<wf cmd="tag" pos="NN">fiscal_years</wf>
<wf cmd="ignore" pos="IN">for</wf>
<wf cmd="ignore" pos="DT">the</wf>
<wf cmd="tag" pos="NN">state</wf>
<punc>,</punc>
<wf cmd="tag" pos="NN">city</wf>
<wf cmd="ignore" pos="CC">and</wf>
<wf cmd="tag" pos="NN">local_governments</wf>
<punc>.</punc>
</s>
<s snum="21">
<wf cmd="tag" pos="RB">However</wf>
<punc>,</punc>
<wf cmd="tag" pos="RB">only</wf>
<wf cmd="tag" pos="NNP">Illinois</wf>
<punc>,</punc>
<wf cmd="tag" pos="NNP">Oregon</wf>
<punc>,</punc>
<wf cmd="tag" pos="NNP">Louisiana</wf>
<wf cmd="ignore" pos="CC">and</wf>
<wf cmd="tag" pos="NN">Rhode_Island</wf>
<wf cmd="done" pos="VB" lemma="have" wnsn="2" lexsn="2:42:00::">have</wf>
<wf cmd="ignore" pos="DT">a</wf>
<wf cmd="tag" pos="NN">situation</wf>
<wf cmd="tag" pos="RB">in_which</wf>
<wf cmd="ignore" pos="DT">the</wf>
<wf cmd="tag" pos="JJ">sundry</wf>
<wf cmd="tag" pos="NNS">units</wf>
<wf cmd="ignore" pos="IN">of</wf>
<wf cmd="tag" pos="NN">government</wf>
<wf cmd="done" pos="VB" lemma="vary" wnsn="2" lexsn="2:42:00::">vary</wf>
<wf cmd="tag" pos="RB">widely</wf>
<wf cmd="tag" pos="JJ">in_relation_to</wf>
<wf cmd="tag" pos="JJ">fiscal</wf>
<wf cmd="tag" pos="NN">uniformity</wf>
<punc>.</punc>
</s>
</p>
<p pnum="12">
<s snum="22">
<wf cmd="ignore" pos="DT">An</wf>
<wf cmd="tag" pos="JJ">excellent</wf>
<wf cmd="tag" pos="NN">summary</wf>
<wf cmd="ignore" pos="IN">of</wf>
<wf cmd="tag" pos="NNS">advantages</wf>
<wf cmd="done" pos="VB" lemma="concern" wnsn="1" lexsn="2:42:00::">concerning</wf>
<wf cmd="ignore" pos="DT">the</wf>
<wf cmd="tag" pos="NN">uniform</wf>
<wf cmd="tag" pos="NN">fiscal_year</wf>
<wf cmd="ignore" pos="CC">and</wf>
<wf cmd="tag" pos="JJ">coordinated</wf>
<wf cmd="tag" pos="JJ">fiscal</wf>
<wf cmd="tag" pos="NNS">calendars</wf>
<wf cmd="done" pos="VBD" ot="notag">was</wf>
<wf cmd="done" pos="VB" lemma="contain" wnsn="1" lexsn="2:42:00::">contained</wf>
<wf cmd="ignore" pos="IN">in</wf>
<wf cmd="ignore" pos="DT">a</wf>
<wf cmd="tag" pos="NN">paper</wf>
<wf cmd="done" pos="VB" lemma="present" wnsn="8" lexsn="2:32:02::">presented</wf>
<wf cmd="ignore" pos="IN">by</wf>
<wf cmd="ignore" pos="DT">a</wf>
<wf cmd="tag" pos="JJ">public</wf>
<wf cmd="tag" pos="NN">finance</wf>
<wf cmd="tag" pos="NN">authority</wf>
<wf cmd="tag" pos="RB">recently</wf>
<punc>.</punc>
</s>
<s snum="23">
<wf cmd="ignore" pos="PRP">He</wf>
<wf cmd="done" pos="VB" lemma="list" wnsn="1" lexsn="2:32:00::">listed</wf>
<wf cmd="ignore" pos="IN">among</wf>
<wf cmd="ignore" pos="DT">the</wf>
<wf cmd="tag" pos="NNS">values</wf>
<wf cmd="ignore" pos="IN">of</wf>
<wf cmd="tag" pos="JJ">fiscal</wf>
<wf cmd="tag" pos="NN">uniformity</wf>
<punc>:</punc>
</s>
</p>
<p pnum="13">
<s snum="24">
<wf cmd="ignore" pos="DT">The</wf>
<wf cmd="tag" pos="NN">uniform</wf>
<wf cmd="tag" pos="NN">fiscal_year</wf>
<wf cmd="done" pos="VB" lemma="require" wnsn="1" lexsn="2:42:00::">requires</wf>
<wf cmd="tag" pos="NN">compliance</wf>
<wf cmd="ignore" pos="IN">with</wf>
<wf cmd="tag" pos="NN">common_sense</wf>
<wf cmd="tag" pos="NN">administration</wf>
<wf cmd="ignore" pos="IN">of</wf>
<wf cmd="tag" pos="JJ">local</wf>
<wf cmd="tag" pos="NNS">finances</wf>
<punc>:</punc>
<wf cmd="tag" pos="NN">adoption</wf>
<wf cmd="ignore" pos="IN">of</wf>
<wf cmd="ignore" pos="DT">the</wf>
<wf cmd="tag" pos="NN">budget</wf>
<punc>,</punc>
<wf cmd="ignore" pos="CC">or</wf>
<wf cmd="tag" pos="JJ">financial</wf>
<wf cmd="tag" pos="NN">plan</wf>
<punc>,</punc>
<wf cmd="tag" pos="RB">in_advance</wf>
<wf cmd="ignore" pos="IN">of</wf>
<wf cmd="tag" pos="NN">spending</wf>
<punc>.</punc>
</s>
</p>
<p pnum="14">
<s snum="25">
<wf cmd="ignore" pos="DT">The</wf>
<wf cmd="tag" pos="NN">uniform</wf>
<wf cmd="tag" pos="NN">fiscal_year</wf>
<wf cmd="done" pos="VB" lemma="ensure" wnsn="1" lexsn="2:32:00::">ensures</wf>
<wf cmd="tag" pos="NN">conformance</wf>
<wf cmd="ignore" pos="IN">with</wf>
<wf cmd="ignore" pos="DT">another</wf>
<wf cmd="tag" pos="NN">common_sense</wf>
<wf cmd="tag" pos="NN">rule</wf>
<punc>,</punc>
<wf cmd="ignore" pos="IN">that</wf>
<wf cmd="ignore" pos="IN">of</wf>
<wf cmd="done" pos="VB" lemma="have" wnsn="1" lexsn="2:40:00::">having</wf>
<wf cmd="tag" pos="NN">cash</wf>
<wf cmd="done" pos="VB" ot="notag">in</wf>
<wf cmd="ignore" pos="DT">the</wf>
<wf cmd="tag" pos="NN">bank</wf>
<wf cmd="ignore" pos="IN">before</wf>
<wf cmd="tag" pos="NNS">checks</wf>
<wf cmd="done" pos="VBP" ot="notag">are</wf>
<wf cmd="done" pos="VB" lemma="draw" wnsn="13" lexsn="2:40:01::">drawn</wf>
<punc>.</punc>
</s>
<s snum="26">
<wf cmd="ignore" pos="PRP">It</wf>
<wf cmd="done" pos="VB" lemma="enable" wnsn="1" lexsn="2:30:00::">enables</wf>
<wf cmd="tag" pos="NNS">towns</wf>
<wf cmd="ignore" pos="TO">to</wf>
<wf cmd="done" pos="VB" lemma="make" wnsn="1" lexsn="2:41:00::">make</wf>
<wf cmd="tag" pos="RBR">more</wf>
<wf cmd="tag" pos="JJ">economical</wf>
<wf cmd="tag" pos="NNS">purchases</wf>
<wf cmd="ignore" pos="CC">and</wf>
<wf cmd="ignore" pos="TO">to</wf>
<wf cmd="done" pos="VB" lemma="take_advantage" wnsn="1" lexsn="2:40:00::">take_advantage</wf>
<wf cmd="ignore" pos="IN">of</wf>
<wf cmd="tag" pos="NN">cash</wf>
<wf cmd="tag" pos="NNS">discounts</wf>
<punc>.</punc>
</s>
</p>
<p pnum="15">
<s snum="27">
<wf cmd="ignore" pos="DT">The</wf>
<wf cmd="tag" pos="NN">uniform</wf>
<wf cmd="tag" pos="NN">fiscal_year</wf>
<wf cmd="done" pos="VB" lemma="promote" wnsn="1" lexsn="2:41:01::">promotes</wf>
<wf cmd="tag" pos="RBR">more</wf>
<wf cmd="tag" pos="JJ">careful</wf>
<wf cmd="tag" pos="NN">budgeting</wf>
<wf cmd="ignore" pos="CC">and</wf>
<wf cmd="done" pos="VB" lemma="strengthen" wnsn="1" lexsn="2:30:01::">strengthens</wf>
<wf cmd="tag" pos="NN">control</wf>
<wf cmd="ignore" pos="IN">over</wf>
<wf cmd="tag" pos="NNS">expenditures</wf>
<punc>.</punc>
</s>
<s snum="28">
<wf cmd="ignore" pos="IN">By</wf>
<wf cmd="done" pos="VB" lemma="fix" wnsn="3" lexsn="2:32:03::">fixing</wf>
<wf cmd="ignore" pos="DT">the</wf>
<wf cmd="tag" pos="NN">tax_rate</wf>
<wf cmd="tag" pos="RB">in_advance</wf>
<wf cmd="ignore" pos="IN">of</wf>
<wf cmd="tag" pos="NN">spending</wf>
<punc>,</punc>
<wf cmd="tag" pos="NN">upper_limits</wf>
<wf cmd="done" pos="VBP" ot="notag">are</wf>
<wf cmd="done" pos="VB" lemma="set" wnsn="3" lexsn="2:32:00::">set</wf>
<wf cmd="done" pos="VB" ot="notag">on</wf>
<wf cmd="tag" pos="NNS">expenditures</wf>
<punc>.</punc>
</s>
</p>
<p pnum="16">
<s snum="29">
<wf cmd="ignore" pos="DT">The</wf>
<wf cmd="tag" pos="NN">uniform</wf>
<wf cmd="tag" pos="NN">fiscal_year</wf>
<wf cmd="done" pos="VB" lemma="bring" wnsn="2" lexsn="2:35:04::">brings</wf>
<wf cmd="ignore" pos="DT">the</wf>
<wf cmd="tag" pos="NN">town</wf>
<wf cmd="ignore" pos="POS">'s</wf>
<wf cmd="tag" pos="NN">fiscal_year</wf>
<wf cmd="ignore" pos="IN">into</wf>
<wf cmd="tag" pos="NN">line</wf>
<wf cmd="tag" pos="RB">with_that</wf>
<wf cmd="ignore" pos="IN">of</wf>
<wf cmd="ignore" pos="DT">the</wf>
<wf cmd="tag" pos="NNS">schools</wf>
<punc>,</punc>
<wf cmd="ignore" pos="WDT">which</wf>
<wf cmd="done" pos="VB" lemma="expend" wnsn="2" lexsn="2:40:00::">expend</wf>
<wf cmd="ignore" pos="DT">the</wf>
<wf cmd="tag" pos="JJS">largest</wf>
<wf cmd="tag" pos="NN">share</wf>
<wf cmd="ignore" pos="IN">of</wf>
<wf cmd="tag" pos="JJ">local</wf>
<wf cmd="tag" pos="NNS">disbursements</wf>
<punc>.</punc>
</s>
<s snum="30">
<wf cmd="ignore" pos="DT">This</wf>
<wf cmd="tag" pos="RB">greatly</wf>
<wf cmd="done" pos="VB" lemma="simplify" wnsn="0" lexsn="2:30:01::">simplifies</wf>
<wf cmd="ignore" pos="DT">the</wf>
<wf cmd="tag" pos="NN">town</wf>
<wf cmd="ignore" pos="POS">'s</wf>
<wf cmd="tag" pos="NN">bookkeeping</wf>
<wf cmd="ignore" pos="CC">and</wf>
<wf cmd="tag" pos="JJ">financial</wf>
<wf cmd="tag" pos="NN">reporting</wf>
<punc>.</punc>
</s>
</p>
<p pnum="17">
<s snum="31">
<wf cmd="ignore" pos="DT">The</wf>
<wf cmd="tag" pos="NN">uniform</wf>
<wf cmd="tag" pos="NN">fiscal_year</wf>
<wf cmd="done" pos="VB" lemma="eliminate" wnsn="1" lexsn="2:30:01::">eliminates</wf>
<wf cmd="tag" pos="NN">interest</wf>
<wf cmd="tag" pos="NNS">charges</wf>
<wf cmd="ignore" pos="IN">on</wf>
<wf cmd="tag" pos="NN">money</wf>
<wf cmd="done" pos="VB" lemma="borrow" wnsn="1" lexsn="2:40:00::">borrowed</wf>
<wf cmd="ignore" pos="IN">in</wf>
<wf cmd="ignore" pos="DT">the</wf>
<wf cmd="tag" pos="NN">form</wf>
<wf cmd="ignore" pos="IN">of</wf>
<wf cmd="tag" pos="NN">tax</wf>
<wf cmd="tag" pos="NN">anticipation</wf>
<wf cmd="tag" pos="NNS">notes</wf>
<punc>.</punc>
</s>
<s snum="32">
<wf cmd="tag" pos="RB">Furthermore</wf>
<punc>,</punc>
<wf cmd="tag" pos="NN">tax_collections</wf>
<wf cmd="tag" pos="RB">not</wf>
<wf cmd="tag" pos="RB">immediately</wf>
<wf cmd="done" pos="VB" lemma="need" wnsn="2" lexsn="2:34:00::">needed</wf>
<wf cmd="ignore" pos="IN">for</wf>
<wf cmd="tag" pos="JJ">current</wf>
<wf cmd="tag" pos="NNS">expenditures</wf>
<wf cmd="ignore" pos="MD">may</wf>
<wf cmd="done" pos="VB" ot="notag">be</wf>
<wf cmd="done" pos="VB" lemma="invest" wnsn="1" lexsn="2:40:00::">invested</wf>
<wf cmd="ignore" pos="IN">in</wf>
<wf cmd="tag" pos="JJ">short-term</wf>
<wf cmd="tag" pos="NN">treasury_notes</wf>
<punc>,</punc>
<wf cmd="done" pos="VB" lemma="augment" wnsn="1" lexsn="2:30:01::">augmenting</wf>
<wf cmd="ignore" pos="DT">the</wf>
<wf cmd="tag" pos="NN">town</wf>
<wf cmd="ignore" pos="POS">'s</wf>
<wf cmd="tag" pos="JJ">miscellaneous</wf>
<wf cmd="tag" pos="NNS">revenues</wf>
<wf cmd="ignore" pos="CC">and</wf>
<wf cmd="done" pos="VB" lemma="reduce" wnsn="1" lexsn="2:30:00::">reducing</wf>
<wf cmd="ignore" pos="DT">the</wf>
<wf cmd="tag" pos="NN">tax</wf>
<wf cmd="tag" pos="NN">levy</wf>
<punc>.</punc>
</s>
</p>
<p pnum="18">
<s snum="33">
<wf cmd="ignore" pos="DT">The</wf>
<wf cmd="tag" pos="NN">uniform</wf>
<wf cmd="tag" pos="NN">fiscal_year</wf>
<wf cmd="done" pos="VB" lemma="facilitate" wnsn="1" lexsn="2:30:00::">facilitates</wf>
<wf cmd="tag" pos="JJ">inter-town</wf>
<wf cmd="tag" pos="NN">comparison</wf>
<wf cmd="ignore" pos="IN">of</wf>
<wf cmd="tag" pos="NNS">revenues</wf>
<wf cmd="ignore" pos="CC">and</wf>
<wf cmd="tag" pos="NNS">expenditures</wf>
<punc>.</punc>
</s>
<s snum="34">
<wf cmd="ignore" pos="WRB">When</wf>
<wf cmd="tag" pos="NNS">towns</wf>
<wf cmd="done" pos="VB" lemma="have" wnsn="2" lexsn="2:42:00::">have</wf>
<wf cmd="ignore" pos="DT">the</wf>
<wf cmd="tag" pos="JJ">same</wf>
<wf cmd="tag" pos="NN">fiscal_year</wf>
<wf cmd="ignore" pos="PRP">it</wf>
<wf cmd="done" pos="VB" lemma="be" wnsn="1" lexsn="2:42:03::">is</wf>
<wf cmd="tag" pos="RB">relatively</wf>
<wf cmd="tag" pos="JJ">easy</wf>
<wf cmd="ignore" pos="TO">to</wf>
<wf cmd="done" pos="VB" lemma="make" wnsn="1" lexsn="2:41:00::">make</wf>
<wf cmd="tag" pos="JJ">meaningful</wf>
<wf cmd="tag" pos="NNS">comparisons</wf>
<punc>;</punc>
<wf cmd="ignore" pos="CC">and</wf>
<wf cmd="ignore" pos="IN">as</wf>
<wf cmd="ignore" pos="DT">the</wf>
<wf cmd="tag" pos="NN">cost</wf>
<wf cmd="ignore" pos="IN">of</wf>
<wf cmd="tag" pos="NN">local_government</wf>
<wf cmd="done" pos="VB" lemma="increase" wnsn="1" lexsn="2:30:00::">increases</wf>
<punc>,</punc>
<wf cmd="ignore" pos="DT">the</wf>
<wf cmd="tag" pos="NN">demand</wf>
<wf cmd="ignore" pos="IN">for</wf>
<wf cmd="tag" pos="JJ">such</wf>
<wf cmd="tag" pos="NN">comparison</wf>
<wf cmd="tag" pos="RB">also</wf>
<wf cmd="done" pos="VB" lemma="increase" wnsn="1" lexsn="2:30:00::">increases</wf>
<punc>.</punc>
</s>
<s snum="35">
<wf cmd="tag" pos="NNP">Towns</wf>
<wf cmd="done" pos="VB" lemma="have" wnsn="2" lexsn="2:42:00::">having</wf>
<wf cmd="tag" pos="JJ">different</wf>
<wf cmd="tag" pos="NN">fiscal_years</wf>
<wf cmd="done" pos="VB" lemma="be" wnsn="1" lexsn="2:42:03::">are</wf>
<wf cmd="tag" pos="JJ">difficult</wf>
<wf cmd="ignore" pos="TO">to</wf>
<wf cmd="done" pos="VB" lemma="compare" wnsn="1" lexsn="2:31:00::">compare</wf>
<punc>.</punc>
</s>
</p>
<p pnum="19">
<s snum="36">
<wf cmd="ignore" pos="IN">Of</wf>
<wf cmd="ignore" pos="DT">all</wf>
<wf cmd="tag" pos="NNS">advantages</wf>
<punc>,</punc>
<wf cmd="tag" pos="RB">probably</wf>
<wf cmd="tag" pos="NN">none</wf>
<wf cmd="done" pos="VB" lemma="be" wnsn="1" lexsn="2:42:03::">is</wf>
<wf cmd="tag" pos="RBR">more</wf>
<wf cmd="tag" pos="JJ">important</wf>
<wf cmd="ignore" pos="IN">than</wf>
<wf cmd="ignore" pos="DT">the</wf>
<wf cmd="tag" pos="NN">elimination</wf>
<wf cmd="ignore" pos="IN">of</wf>
<wf cmd="tag" pos="NN">tax</wf>
<wf cmd="tag" pos="NN">anticipation</wf>
<wf cmd="tag" pos="NNS">notes</wf>
<punc>.</punc>
</s>
<s snum="37">
<wf cmd="done" pos="VB" lemma="borrow" wnsn="1" lexsn="2:40:00::">Borrowing</wf>
<wf cmd="ignore" pos="IN">in</wf>
<wf cmd="tag" pos="NN">anticipation</wf>
<wf cmd="ignore" pos="IN">of</wf>
<wf cmd="tag" pos="JJ">current</wf>
<wf cmd="tag" pos="NNS">taxes</wf>
<wf cmd="ignore" pos="CC">and</wf>
<wf cmd="tag" pos="JJ">other</wf>
<wf cmd="tag" pos="NNS">revenues</wf>
<wf cmd="done" pos="VB" lemma="be" wnsn="1" lexsn="2:42:03::">is</wf>
<wf cmd="ignore" pos="DT">a</wf>
<wf cmd="tag" pos="JJ">routine</wf>
<wf cmd="tag" pos="NN">procedure</wf>
<wf cmd="ignore" pos="IN">of</wf>
<wf cmd="ignore" pos="DT">the</wf>
<wf cmd="tag" pos="NN">majority</wf>
<wf cmd="ignore" pos="IN">of</wf>
<wf cmd="tag" pos="NNS">municipalities</wf>
<wf cmd="tag" pos="RB">at_all_times</wf>
<punc>.</punc>
</s>
<s snum="38">
<wf cmd="ignore" pos="PRP">It</wf>
<wf cmd="ignore" pos="MD">may</wf>
<wf cmd="done" pos="VB" lemma="be" wnsn="5" lexsn="2:42:04::">be</wf>
<wf cmd="ignore" pos="IN">by</wf>
<wf cmd="tag" pos="NN">bank</wf>
<wf cmd="tag" pos="NNS">loans</wf>
<punc>,</punc>
<wf cmd="tag" pos="NN">sale</wf>
<wf cmd="ignore" pos="IN">of</wf>
<wf cmd="tag" pos="NNS">notes</wf>
<wf cmd="ignore" pos="CC">or</wf>
<wf cmd="tag" pos="NNS">warrants</wf>
<punc>,</punc>
<wf cmd="ignore" pos="CC">or</wf>
<wf cmd="ignore" pos="IN">by</wf>
<wf cmd="ignore" pos="DT">the</wf>
<wf cmd="tag" pos="RB">somewhat</wf>
<wf cmd="tag" pos="JJ">casual</wf>
<wf cmd="tag" pos="NN">method</wf>
<wf cmd="ignore" pos="IN">of</wf>
<wf cmd="tag" pos="NN">issuance</wf>
<wf cmd="ignore" pos="CC">and</wf>
<wf cmd="tag" pos="NN">registration</wf>
<wf cmd="ignore" pos="IN">of</wf>
<wf cmd="tag" pos="NNS">warrants</wf>
<punc>.</punc>
</s>
<s snum="39">
<wf cmd="tag" pos="RB">In_any_event</wf>
<wf cmd="ignore" pos="PRP">it</wf>
<wf cmd="done" pos="VB" lemma="be" wnsn="2" lexsn="2:42:06::">is</wf>
<wf cmd="ignore" pos="DT">a</wf>
<wf cmd="tag" pos="NN">form</wf>
<wf cmd="ignore" pos="IN">of</wf>
<wf cmd="tag" pos="NN">borrowing</wf>
<wf cmd="ignore" pos="WDT">which</wf>
<wf cmd="ignore" pos="MD">could</wf>
<wf cmd="done" pos="VB" ot="notag">be</wf>
<wf cmd="ignore" pos="CC">and</wf>
<wf cmd="ignore" pos="MD">should</wf>
<wf cmd="done" pos="VB" ot="notag">be</wf>
<wf cmd="done" pos="VB" lemma="render" wnsn="1" lexsn="2:30:00::">rendered</wf>
<wf cmd="tag" pos="JJ">unnecessary</wf>
<punc>.</punc>
</s>
<s snum="40">
<wf cmd="ignore" pos="PRP$">Its</wf>
<wf cmd="tag" pos="NN">elimination</wf>
<wf cmd="ignore" pos="MD">would</wf>
<wf cmd="done" pos="VB" lemma="result" wnsn="2" lexsn="2:42:02::">result</wf>
<wf cmd="done" pos="VB" ot="notag">in</wf>
<wf cmd="ignore" pos="DT">the</wf>
<wf cmd="tag" pos="NN">saving</wf>
<wf cmd="ignore" pos="IN">of</wf>
<wf cmd="tag" pos="NN">interest</wf>
<wf cmd="tag" pos="NNS">costs</wf>
<punc>,</punc>
<wf cmd="tag" pos="JJ">heavy</wf>
<wf cmd="ignore" pos="WRB">when</wf>
<wf cmd="tag" pos="JJ">short-term</wf>
<wf cmd="tag" pos="NN">money</wf>
<wf cmd="tag" pos="NNS">rates</wf>
<wf cmd="done" pos="VB" lemma="be" wnsn="1" lexsn="2:42:03::">are</wf>
<wf cmd="tag" pos="JJ">high</wf>
<punc>,</punc>
<wf cmd="ignore" pos="CC">and</wf>
<wf cmd="ignore" pos="IN">in</wf>
<wf cmd="tag" pos="NN">freedom</wf>
<wf cmd="ignore" pos="IN">from</wf>
<wf cmd="tag" pos="NN">dependence</wf>
<wf cmd="ignore" pos="IN">on</wf>
<wf cmd="tag" pos="NN">credit</wf>
<wf cmd="ignore" pos="WDT">which</wf>
<wf cmd="done" pos="VB" lemma="be" wnsn="1" lexsn="2:42:03::">is</wf>
<wf cmd="tag" pos="RB">not</wf>
<wf cmd="tag" pos="RB">always</wf>
<wf cmd="tag" pos="JJ">available</wf>
<wf cmd="ignore" pos="WRB">when</wf>
<wf cmd="done" pos="VB" lemma="need" wnsn="1" lexsn="2:42:00::">needed</wf>
<wf cmd="tag" pos="RBS">most</wf>
<punc>.</punc>
</s>
<s snum="41">
<wf cmd="ignore" pos="DT">This</wf>
<wf cmd="tag" pos="NN">type</wf>
<wf cmd="ignore" pos="IN">of</wf>
<wf cmd="tag" pos="NN">borrowing</wf>
<wf cmd="ignore" pos="MD">can</wf>
<wf cmd="done" pos="VB" ot="notag">be</wf>
<wf cmd="done" pos="VB" lemma="reduce" wnsn="1" lexsn="2:30:00::">reduced</wf>
<wf cmd="done" pos="VB" ot="notag">to</wf>
<wf cmd="ignore" pos="DT">a</wf>
<wf cmd="tag" pos="NN">minimum</wf>
<wf cmd="ignore" pos="IN">if</wf>
<wf cmd="tag" pos="JJ">quarterly</wf>
<wf cmd="tag" pos="NN">installment</wf>
<wf cmd="tag" pos="NN">payment</wf>
<wf cmd="ignore" pos="IN">of</wf>
<wf cmd="tag" pos="NNS">taxes</wf>
<wf cmd="done" pos="VBZ" ot="notag">is</wf>
<wf cmd="done" pos="VB" lemma="institute" wnsn="2" lexsn="2:36:00::">instituted</wf>
<wf cmd="ignore" pos="CC">and</wf>
<wf cmd="ignore" pos="DT">the</wf>
<wf cmd="tag" pos="JJ">first</wf>
<wf cmd="tag" pos="NN">payment</wf>
<wf cmd="done" pos="VB" lemma="place" wnsn="1" lexsn="2:35:00::">placed</wf>
<wf cmd="ignore" pos="IN">near</wf>
<wf cmd="ignore" pos="DT">the</wf>
<wf cmd="tag" pos="NN">opening</wf>
<wf cmd="ignore" pos="IN">of</wf>
<wf cmd="ignore" pos="DT">the</wf>
<wf cmd="tag" pos="NN">fiscal_year</wf>
<punc>.</punc>
</s>
<s snum="42">
<wf cmd="ignore" pos="DT">Any</wf>
<wf cmd="tag" pos="NN">approach</wf>
<wf cmd="ignore" pos="IN">toward</wf>
<wf cmd="tag" pos="JJ">such</wf>
<wf cmd="ignore" pos="DT">a</wf>
<wf cmd="tag" pos="NN">system</wf>
<wf cmd="done" pos="VB" lemma="look" wnsn="8" lexsn="2:31:00::">looks</wf>
<wf cmd="done" pos="VB" ot="notag">toward</wf>
<wf cmd="tag" pos="NN">saving</wf>
<wf cmd="ignore" pos="CC">and</wf>
<wf cmd="tag" pos="NN">security</wf>
<punc>.</punc>
</s>
</p>
<p pnum="20">
<s snum="43">
<wf cmd="ignore" pos="PRP">It</wf>
<wf cmd="ignore" pos="MD">should</wf>
<wf cmd="done" pos="VB" ot="notag">be</wf>
<wf cmd="done" pos="VB" lemma="note" wnsn="1" lexsn="2:32:00::">noted</wf>
<wf cmd="ignore" pos="IN">that</wf>
<wf cmd="ignore" pos="EX">there</wf>
<wf cmd="done" pos="VB" ot="notag">are</wf>
<wf cmd="tag" pos="JJ">other</wf>
<wf cmd="ignore" pos="CC">and</wf>
<wf cmd="tag" pos="RB">equally</wf>
<wf cmd="tag" pos="JJ">important</wf>
<wf cmd="tag" pos="NNS">reasons</wf>
<wf cmd="ignore" pos="IN">for</wf>
<wf cmd="done" pos="VB" lemma="establish" wnsn="1" lexsn="2:41:00::">establishing</wf>
<wf cmd="tag" pos="JJ">meaningful</wf>
<wf cmd="tag" pos="JJ">intergovernmental</wf>
<wf cmd="tag" pos="NN">reporting</wf>
<wf cmd="tag" pos="NNS">bases</wf>
<wf cmd="ignore" pos="IN">on</wf>
<wf cmd="ignore" pos="DT">a</wf>
<wf cmd="tag" pos="NN">uniform</wf>
<wf cmd="tag" pos="NN">fiscal_year</wf>
<punc>.</punc>
</s>
<s snum="44">
<wf cmd="ignore" pos="DT">Both</wf>
<wf cmd="ignore" pos="DT">the</wf>
<wf cmd="tag" pos="JJ">federal</wf>
<wf cmd="ignore" pos="CC">and</wf>
<wf cmd="tag" pos="NN">state_governments</wf>
<wf cmd="done" pos="VB" lemma="commence" wnsn="2" lexsn="2:30:01::">commence</wf>
<wf cmd="ignore" pos="PRP$">their</wf>
<wf cmd="tag" pos="NN">fiscal_years</wf>
<wf cmd="ignore" pos="IN">on</wf>
<wf cmd="tag" pos="NN">July_1</wf>
<punc>.</punc>
</s>
<s snum="45">
<wf cmd="ignore" pos="DT">Both</wf>
<wf cmd="tag" pos="NNS">units</wf>
<wf cmd="ignore" pos="IN">of</wf>
<wf cmd="tag" pos="NN">government</wf>
<wf cmd="done" pos="VB" lemma="contribute" wnsn="4" lexsn="2:40:02::">contribute</wf>
<wf cmd="tag" pos="RB">increasingly</wf>
<wf cmd="tag" pos="JJ">large</wf>
<wf cmd="tag" pos="NN">sums_of_money</wf>
<wf cmd="ignore" pos="TO">to</wf>
<wf cmd="ignore" pos="DT">the</wf>
<wf cmd="tag" pos="JJ">several</wf>
<wf cmd="tag" pos="NN">local_governments</wf>
<wf cmd="tag" pos="RB">in_this</wf>
<wf cmd="tag" pos="NN">state</wf>
<wf cmd="ignore" pos="IN">as</wf>
<wf cmd="done" pos="VB" lemma="indicate" wnsn="3" lexsn="2:32:00::">indicated</wf>
<wf cmd="ignore" pos="IN">below</wf>
<punc>:</punc>
</s>
</p>
<p pnum="21">
<s snum="46">
<wf cmd="ignore" pos="PRP">It</wf>
<wf cmd="done" pos="VBZ" ot="notag">has</wf>
<wf cmd="done" pos="VBN" ot="notag">been</wf>
<wf cmd="done" pos="VB" lemma="say" wnsn="2" lexsn="2:32:01::">said</wf>
<wf cmd="ignore" pos="IN">that</wf>
<wf cmd="ignore" pos="WRB">when</wf>
<wf cmd="tag" pos="NN">local_government</wf>
<wf cmd="tag" pos="NNS">revenues</wf>
<wf cmd="done" pos="VBD" ot="notag">were</wf>
<wf cmd="tag" pos="RB">mostly</wf>
<wf cmd="done" pos="VB" lemma="produce" wnsn="1" lexsn="2:36:02::">produced</wf>
<wf cmd="tag" pos="RB">locally</wf>
<wf cmd="ignore" pos="IN">from</wf>
<wf cmd="ignore" pos="DT">the</wf>
<wf cmd="tag" pos="NN">property_tax</wf>
<punc>,</punc>
<wf cmd="ignore" pos="DT">the</wf>
<wf cmd="tag" pos="NN">lack</wf>
<wf cmd="ignore" pos="IN">of</wf>
<wf cmd="ignore" pos="DT">a</wf>
<wf cmd="tag" pos="NN">uniform</wf>
<wf cmd="tag" pos="NN">fiscal_year</wf>
<wf cmd="done" pos="VB" lemma="be" wnsn="1" lexsn="2:42:03::">was</wf>
<wf cmd="ignore" pos="DT">no</wf>
<wf cmd="tag" pos="JJ">great</wf>
<wf cmd="tag" pos="NN">handicap</wf>
<punc>;</punc>
<wf cmd="ignore" pos="CC">but</wf>
<wf cmd="ignore" pos="IN">with</wf>
<wf cmd="ignore" pos="DT">the</wf>
<wf cmd="tag" pos="NN">growth</wf>
<wf cmd="ignore" pos="IN">of</wf>
<wf cmd="tag" pos="NN">state</wf>
<wf cmd="ignore" pos="CC">and</wf>
<wf cmd="tag" pos="JJ">federal</wf>
<wf cmd="tag" pos="JJ">fiscal</wf>
<wf cmd="tag" pos="NN">aid</wf>
<punc>,</punc>
<wf cmd="ignore" pos="DT">the</wf>
<wf cmd="tag" pos="NN">emphasis</wf>
<wf cmd="ignore" pos="IN">on</wf>
<wf cmd="tag" pos="NN">equalization</wf>
<punc>,</punc>
<wf cmd="ignore" pos="CC">and</wf>
<wf cmd="ignore" pos="DT">the</wf>
<wf cmd="tag" pos="JJ">state-local</wf>
<wf cmd="tag" pos="NN">sharing</wf>
<wf cmd="ignore" pos="IN">of</wf>
<wf cmd="tag" pos="NN">responsibility</wf>
<wf cmd="tag" pos="RB">for_certain</wf>
<wf cmd="tag" pos="JJ">important</wf>
<wf cmd="tag" pos="NNS">functions</wf>
<punc>,</punc>
<wf cmd="ignore" pos="DT">this</wf>
<wf cmd="done" pos="VB" lemma="be" wnsn="1" lexsn="2:42:03::">is</wf>
<wf cmd="tag" pos="RB">no_longer</wf>
<wf cmd="tag" pos="JJ">true</wf>
<punc>.</punc>
</s>
<s snum="47">
<wf cmd="ignore" pos="DT">The</wf>
<wf cmd="tag" pos="JJ">haphazard</wf>
<wf cmd="tag" pos="NN">fiscal_year</wf>
<wf cmd="tag" pos="NN">calendar</wf>
<wf cmd="done" pos="VB" lemma="be" wnsn="2" lexsn="2:42:06::">is</wf>
<wf cmd="ignore" pos="DT">an</wf>
<wf cmd="tag" pos="NN">obstacle</wf>
<wf cmd="ignore" pos="TO">to</wf>
<wf cmd="ignore" pos="DT">the</wf>
<wf cmd="tag" pos="NN">planning</wf>
<wf cmd="ignore" pos="IN">of</wf>
<wf cmd="tag" pos="JJ">clear</wf>
<wf cmd="ignore" pos="CC">and</wf>
<wf cmd="tag" pos="JJ">efficient</wf>
<wf cmd="tag" pos="JJ">state-local</wf>
<wf cmd="tag" pos="NN">revenue</wf>
<wf cmd="ignore" pos="CC">and</wf>
<wf cmd="tag" pos="NN">expenditure</wf>
<wf cmd="tag" pos="NNS">relationships</wf>
<punc>.</punc>
</s>
</p>
<p pnum="22">
<s snum="48">
<wf cmd="ignore" pos="IN">Although</wf>
<wf cmd="ignore" pos="EX">there</wf>
<wf cmd="done" pos="VB" ot="notag">are</wf>
<wf cmd="tag" pos="JJ">many</wf>
<wf cmd="tag" pos="NN">sound</wf>
<wf cmd="tag" pos="NNS">reasons</wf>
<wf cmd="ignore" pos="IN">for</wf>
<wf cmd="done" pos="VB" lemma="adopt" wnsn="1" lexsn="2:40:02::">adopting</wf>
<wf cmd="tag" pos="NN">uniform</wf>
<wf cmd="ignore" pos="CC">and</wf>
<wf cmd="tag" pos="JJ">coordinated</wf>
<wf cmd="tag" pos="NN">fiscal_years</wf>
<wf cmd="ignore" pos="IN">in</wf>
<wf cmd="tag" pos="NN">Rhode_Island</wf>
<punc>,</punc>
<wf cmd="ignore" pos="EX">there</wf>
<wf cmd="done" pos="VB" ot="notag">are</wf>
<wf cmd="tag" pos="RB">also</wf>
<wf cmd="tag" pos="JJ">certain</wf>
<wf cmd="tag" pos="NNS">difficulties</wf>
<wf cmd="done" pos="VB" lemma="encounter" wnsn="3" lexsn="2:42:00::">encountered</wf>
<punc>.</punc>
</s>
<s snum="49">
<wf cmd="ignore" pos="DT">These</wf>
<wf cmd="done" pos="VB" lemma="involve" wnsn="1" lexsn="2:42:01::">involve</wf>
<wf cmd="tag" pos="RBR">more</wf>
<wf cmd="ignore" pos="DT">the</wf>
<wf cmd="tag" pos="NNS">mechanics</wf>
<wf cmd="done" pos="VB" lemma="employ" wnsn="1" lexsn="2:34:00::">employed</wf>
<wf cmd="ignore" pos="IN">in</wf>
<wf cmd="done" pos="VB" lemma="adjust" wnsn="0" lexsn="2:30:02::">adjusting</wf>
<wf cmd="ignore" pos="TO">to</wf>
<wf cmd="tag" pos="JJ">fiscal</wf>
<wf cmd="tag" pos="NN">uniformity</wf>
<wf cmd="ignore" pos="IN">than</wf>
<wf cmd="ignore" pos="PRP">they</wf>
<wf cmd="done" pos="VBP" ot="notag">do</wf>
<wf cmd="tag" pos="JJ">actual</wf>
<wf cmd="tag" pos="JJ">actual</wf>
<wf cmd="tag" pos="NNS">disadvantages</wf>
<wf cmd="ignore" pos="TO">to</wf>
<wf cmd="ignore" pos="DT">the</wf>
<wf cmd="tag" pos="NN">principle</wf>
<punc>.</punc>
</s>
<s snum="50">
<wf cmd="tag" pos="CD">One</wf>
<wf cmd="tag" pos="NN">problem</wf>
<wf cmd="done" pos="VB" lemma="be" wnsn="2" lexsn="2:42:06::">is</wf>
<wf cmd="ignore" pos="DT">a</wf>
<wf cmd="tag" pos="NN">matter</wf>
<wf cmd="ignore" pos="IN">of</wf>
<wf cmd="done" pos="VB" lemma="shift" wnsn="7" lexsn="2:30:01::">shifting</wf>
<wf cmd="tag" pos="NNS">dates</wf>
<punc>;</punc>
<wf cmd="ignore" pos="DT">the</wf>
<wf cmd="tag" pos="JJ">other</wf>
<punc>,</punc>
<wf cmd="done" pos="VB" lemma="be" wnsn="2" lexsn="2:42:06::">is</wf>
<wf cmd="ignore" pos="WRB">how</wf>
<wf cmd="ignore" pos="TO">to</wf>
<wf cmd="done" pos="VB" lemma="finance" wnsn="1" lexsn="2:40:00::">finance</wf>
<wf cmd="ignore" pos="DT">the</wf>
<wf cmd="tag" pos="NN">transition</wf>
<punc>.</punc>
</s>
</p>
<p pnum="23">
<s snum="51">
<wf cmd="tag" pos="NNP">Little</wf>
<wf cmd="ignore" pos="MD">can</wf>
<wf cmd="done" pos="VB" ot="notag">be</wf>
<wf cmd="done" pos="VB" lemma="do" wnsn="1" lexsn="2:41:01::">done</wf>
<wf cmd="ignore" pos="IN">about</wf>
<wf cmd="ignore" pos="DT">the</wf>
<wf cmd="tag" pos="NN">changing</wf>
<wf cmd="ignore" pos="IN">of</wf>
<wf cmd="tag" pos="NNS">dates</wf>
<punc>.</punc>
</s>
<s snum="52">
<wf cmd="ignore" pos="DT">This</wf>
<wf cmd="done" pos="VB" lemma="be" wnsn="2" lexsn="2:42:06::">is</wf>
<wf cmd="ignore" pos="DT">an</wf>
<wf cmd="tag" pos="JJ">inherent</wf>
<wf cmd="tag" pos="NN">part</wf>
<wf cmd="ignore" pos="IN">of</wf>
<wf cmd="done" pos="VB" lemma="adjust" wnsn="1" lexsn="2:30:00::">adjusting</wf>
<wf cmd="tag" pos="JJ">fiscal</wf>
<wf cmd="tag" pos="NNS">calendars</wf>
<punc>.</punc>
</s>
<s snum="53">
<wf cmd="ignore" pos="PRP">It</wf>
<wf cmd="tag" pos="RB">usually</wf>
<wf cmd="done" pos="VB" lemma="mean" wnsn="2" lexsn="2:42:00::">means</wf>
<wf cmd="ignore" pos="DT">a</wf>
<wf cmd="tag" pos="JJ">confused</wf>
<wf cmd="ignore" pos="CC">and</wf>
<wf cmd="tag" pos="JJ">disgruntled</wf>
<wf cmd="tag" pos="JJ">tax-paying</wf>
<wf cmd="tag" pos="NN">public</wf>
<wf cmd="ignore" pos="IN">for</wf>
<wf cmd="ignore" pos="DT">a</wf>
<wf cmd="tag" pos="NN">period_of_time</wf>
<punc>.</punc>
</s>
<s snum="54">
<wf cmd="ignore" pos="CC">But</wf>
<wf cmd="tag" pos="NN">cooperation</wf>
<wf cmd="ignore" pos="CC">and</wf>
<wf cmd="tag" pos="NN">understanding</wf>
<wf cmd="ignore" pos="IN">between</wf>
<wf cmd="tag" pos="JJ">local</wf>
<wf cmd="tag" pos="NNS">officials</wf>
<wf cmd="ignore" pos="CC">and</wf>
<wf cmd="ignore" pos="DT">the</wf>
<wf cmd="tag" pos="NN">citizenry</wf>
<wf cmd="done" pos="VB" lemma="help" wnsn="1" lexsn="2:41:00::">help</wf>
<wf cmd="done" pos="VB" lemma="lessen" wnsn="1" lexsn="2:30:00::">lessen</wf>
<wf cmd="ignore" pos="DT">this</wf>
<wf cmd="tag" pos="NN">problem</wf>
<punc>.</punc>
</s>
</p>
<p pnum="24">
<s snum="55">
<wf cmd="ignore" pos="DT">The</wf>
<wf cmd="tag" pos="JJ">other</wf>
<wf cmd="tag" pos="NN">problem</wf>
<wf cmd="done" pos="VB" lemma="be" wnsn="2" lexsn="2:42:06::">is</wf>
<wf cmd="tag" pos="JJ">the_matter</wf>
<wf cmd="ignore" pos="IN">of</wf>
<wf cmd="done" pos="VB" lemma="finance" wnsn="1" lexsn="2:40:00::">financing</wf>
<wf cmd="ignore" pos="DT">the</wf>
<wf cmd="tag" pos="NN">transition</wf>
<wf cmd="tag" pos="NN">period</wf>
<wf cmd="ignore" pos="IN">in</wf>
<wf cmd="ignore" pos="DT">the</wf>
<wf cmd="tag" pos="JJ">several</wf>
<wf cmd="tag" pos="NNS">cities</wf>
<wf cmd="ignore" pos="CC">and</wf>
<wf cmd="tag" pos="NNS">towns</wf>
<punc>.</punc>
</s>
<s snum="56">
<wf cmd="ignore" pos="DT">This</wf>
<wf cmd="ignore" pos="MD">will</wf>
<wf cmd="done" pos="VB" ot="notag">be</wf>
<wf cmd="done" pos="VB" lemma="cover" wnsn="5" lexsn="2:32:01::">covered</wf>
<wf cmd="tag" pos="RBR">more</wf>
<wf cmd="tag" pos="RB">fully</wf>
<wf cmd="tag" pos="RB">later</wf>
<punc>.</punc>
</s>
<s snum="57">
<wf cmd="ignore" pos="PRP">It</wf>
<wf cmd="ignore" pos="MD">should</wf>
<wf cmd="done" pos="VB" ot="notag">be</wf>
<wf cmd="done" pos="VB" lemma="keep" wnsn="1" lexsn="2:42:00::">kept</wf>
<wf cmd="tag" pos="JJ">in</wf>
<wf cmd="tag" pos="NN">mind</wf>
<wf cmd="ignore" pos="IN">that</wf>
<wf cmd="ignore" pos="DT">the</wf>
<wf cmd="tag" pos="NN">ease</wf>
<wf cmd="ignore" pos="CC">or</wf>
<wf cmd="tag" pos="NN">difficulty</wf>
<wf cmd="ignore" pos="IN">with</wf>
<wf cmd="ignore" pos="WDT">which</wf>
<wf cmd="ignore" pos="DT">a</wf>
<wf cmd="tag" pos="NN">town</wf>
<wf cmd="ignore" pos="CC">or</wf>
<wf cmd="tag" pos="NN">city</wf>
<wf cmd="ignore" pos="MD">can</wf>
<wf cmd="done" pos="VB" lemma="convert" wnsn="1" lexsn="2:30:00::">convert</wf>
<wf cmd="done" pos="VB" ot="notag">to</wf>
<wf cmd="ignore" pos="DT">the</wf>
<wf cmd="tag" pos="JJ">proposed</wf>
<wf cmd="tag" pos="NN">plan</wf>
<wf cmd="done" pos="VB" lemma="be" wnsn="1" lexsn="2:42:03::">is</wf>
<wf cmd="tag" pos="RB">directly</wf>
<wf cmd="tag" pos="JJ">dependent</wf>
<wf cmd="ignore" pos="IN">upon</wf>
<wf cmd="ignore" pos="DT">the</wf>
<wf cmd="tag" pos="NN">financial_condition</wf>
<wf cmd="tag" pos="RB">of_that</wf>
<wf cmd="tag" pos="NN">town</wf>
<wf cmd="ignore" pos="CC">or</wf>
<wf cmd="tag" pos="NN">city</wf>
<punc>.</punc>
</s>
<s snum="58">
<wf cmd="tag" pos="RB">Fortunately</wf>
<punc>,</punc>
<wf cmd="ignore" pos="EX">there</wf>
<wf cmd="done" pos="VB" ot="notag">are</wf>
<wf cmd="ignore" pos="DT">no</wf>
<wf cmd="tag" pos="NNS">cities</wf>
<wf cmd="ignore" pos="CC">or</wf>
<wf cmd="tag" pos="NNS">towns</wf>
<wf cmd="ignore" pos="IN">in</wf>
<wf cmd="ignore" pos="DT">the</wf>
<wf cmd="tag" pos="NN">state</wf>
<punc>,</punc>
<wf cmd="ignore" pos="IN">with</wf>
<wf cmd="tag" pos="CD">one</wf>
<wf cmd="ignore" pos="CC">or</wf>
<wf cmd="tag" pos="CD">two</wf>
<wf cmd="tag" pos="JJ">possible</wf>
<wf cmd="tag" pos="NNS">exceptions</wf>
<wf cmd="ignore" pos="WDT">that</wf>
<wf cmd="done" pos="VB" lemma="be" wnsn="1" lexsn="2:42:03::">are</wf>
<wf cmd="ignore" pos="IN">in</wf>
<wf cmd="tag" pos="RB">too</wf>
<wf cmd="tag" pos="JJ">difficult</wf>
<wf cmd="ignore" pos="DT">a</wf>
<wf cmd="tag" pos="NN">position</wf>
<wf cmd="ignore" pos="TO">to</wf>
<wf cmd="done" pos="VB" lemma="finance" wnsn="1" lexsn="2:40:00::">finance</wf>
<wf cmd="ignore" pos="DT">the</wf>
<wf cmd="tag" pos="JJ">proposed</wf>
<wf cmd="tag" pos="NN">change</wf>
<punc>.</punc>
</s>
<s snum="59">
<wf cmd="tag" pos="NN">Sacrifice</wf>
<wf cmd="ignore" pos="MD">will</wf>
<wf cmd="done" pos="VB" lemma="have" wnsn="0" lexsn="2:42:05::">have</wf>
<wf cmd="done" pos="VB" ot="notag">to</wf>
<wf cmd="done" pos="VB" ot="notag">be</wf>
<wf cmd="done" pos="VB" lemma="make" wnsn="1" lexsn="2:41:00::">made</wf>
<wf cmd="ignore" pos="IN">in</wf>
<wf cmd="ignore" pos="DT">some</wf>
<wf cmd="tag" pos="NNS">cases</wf>
<punc>,</punc>
<wf cmd="ignore" pos="CC">but</wf>
<wf cmd="ignore" pos="PRP">it</wf>
<wf cmd="done" pos="VB" lemma="be" wnsn="1" lexsn="2:42:03::">is</wf>
<wf cmd="ignore" pos="TO">to</wf>
<wf cmd="ignore" pos="DT">the</wf>
<wf cmd="tag" pos="NN">municipality</wf>
<wf cmd="ignore" pos="POS">'s</wf>
<wf cmd="tag" pos="NN">advantage</wf>
<wf cmd="ignore" pos="TO">to</wf>
<wf cmd="done" pos="VB" lemma="finance" wnsn="1" lexsn="2:40:00::">finance</wf>
<wf cmd="ignore" pos="DT">the</wf>
<wf cmd="tag" pos="NN">change-over</wf>
<wf cmd="ignore" pos="IN">for</wf>
<wf cmd="ignore" pos="DT">a</wf>
<wf cmd="tag" pos="JJ">short</wf>
<wf cmd="tag" pos="NN">period_of_time</wf>
<wf cmd="tag" pos="RB">rather_than</wf>
<wf cmd="done" pos="VB" lemma="pay" wnsn="1" lexsn="2:40:00::">pay</wf>
<wf cmd="tag" pos="NN">interest</wf>
<wf cmd="ignore" pos="IN">on</wf>
<wf cmd="tag" pos="NN">tax</wf>
<wf cmd="tag" pos="NN">anticipation</wf>
<wf cmd="tag" pos="NNS">notes</wf>
<wf cmd="tag" pos="RB">indefinitely</wf>
<punc>.</punc>
</s>
</p>
<p pnum="25">
<s snum="60">
<wf cmd="ignore" pos="DT">The</wf>
<wf cmd="tag" pos="NNS">advantages</wf>
<wf cmd="ignore" pos="IN">of</wf>
<wf cmd="ignore" pos="DT">a</wf>
<wf cmd="tag" pos="NN">uniform</wf>
<wf cmd="tag" pos="NN">fiscal_year</wf>
<wf cmd="ignore" pos="CC">and</wf>
<wf cmd="tag" pos="RB">well</wf>
<wf cmd="tag" pos="JJ">synchronized</wf>
<wf cmd="tag" pos="JJ">fiscal</wf>
<wf cmd="ignore" pos="CC">and</wf>
<wf cmd="tag" pos="NN">tax_collection</wf>
<wf cmd="tag" pos="NNS">calendars</wf>
<wf cmd="done" pos="VB" lemma="be" wnsn="1" lexsn="2:42:03::">are</wf>
<wf cmd="tag" pos="RB">sufficiently</wf>
<wf cmd="tag" pos="JJ">great</wf>
<wf cmd="ignore" pos="IN">for</wf>
<wf cmd="tag" pos="NN">Rhode_Island</wf>
<wf cmd="tag" pos="NNS">municipalities</wf>
<wf cmd="ignore" pos="TO">to</wf>
<wf cmd="done" pos="VB" lemma="exert" wnsn="1" lexsn="2:34:00::">exert</wf>
<wf cmd="tag" pos="NN">effort</wf>
<wf cmd="ignore" pos="TO">to</wf>
<wf cmd="done" pos="VB" lemma="secure" wnsn="1" lexsn="2:40:00::">secure</wf>
<wf cmd="ignore" pos="PRP">them</wf>
<punc>.</punc>
</s>
<s snum="61">
<wf cmd="ignore" pos="DT">The</wf>
<wf cmd="tag" pos="NN">type</wf>
<wf cmd="ignore" pos="IN">of</wf>
<wf cmd="tag" pos="NN">program</wf>
<wf cmd="done" pos="VB" lemma="desire" wnsn="2" lexsn="2:37:02::">desired</wf>
<wf cmd="ignore" pos="MD">can</wf>
<wf cmd="done" pos="VB" ot="notag">be</wf>
<wf cmd="done" pos="VB" lemma="determine" wnsn="1" lexsn="2:32:00::">determined</wf>
<wf cmd="ignore" pos="IN">by</wf>
<wf cmd="ignore" pos="DT">the</wf>
<wf cmd="tag" pos="NN">nature</wf>
<wf cmd="ignore" pos="CC">and</wf>
<wf cmd="tag" pos="NN">extent</wf>
<wf cmd="ignore" pos="IN">of</wf>
<wf cmd="ignore" pos="DT">the</wf>
<wf cmd="tag" pos="NNS">adjustments</wf>
<wf cmd="done" pos="VB" lemma="need" wnsn="1" lexsn="2:42:00::">needed</wf>
<punc>.</punc>
</s>
<s snum="62">
<wf cmd="tag" pos="CD">Two</wf>
<wf cmd="tag" pos="NNS">features</wf>
<wf cmd="done" pos="VB" lemma="be" wnsn="1" lexsn="2:42:03::">are</wf>
<wf cmd="tag" pos="RB">immediately</wf>
<wf cmd="tag" pos="JJ">evident</wf>
<punc>.</punc>
</s>
<s snum="63">
<wf cmd="tag" pos="NNP">First</wf>
<punc>,</punc>
<wf cmd="ignore" pos="DT">the</wf>
<wf cmd="tag" pos="JJ">present</wf>
<wf cmd="tag" pos="NN">situation</wf>
<wf cmd="done" pos="VB" lemma="be" wnsn="1" lexsn="2:42:03::">is</wf>
<wf cmd="tag" pos="RB">too</wf>
<wf cmd="tag" pos="JJ">varied</wf>
<wf cmd="ignore" pos="TO">to</wf>
<wf cmd="done" pos="VB" ot="notag">be</wf>
<wf cmd="done" pos="VB" lemma="systematize" wnsn="1" lexsn="2:30:00::">systematized</wf>
<wf cmd="ignore" pos="IN">by</wf>
<wf cmd="ignore" pos="DT">any</wf>
<wf cmd="tag" pos="JJ">single</wf>
<wf cmd="tag" pos="NN">formula</wf>
<punc>.</punc>
</s>
<s snum="64">
<wf cmd="tag" pos="JJ">Second</wf>
<punc>,</punc>
<wf cmd="ignore" pos="DT">the</wf>
<wf cmd="tag" pos="NN">shift</wf>
<wf cmd="ignore" pos="TO">to</wf>
<wf cmd="ignore" pos="DT">a</wf>
<wf cmd="tag" pos="NN">uniform</wf>
<wf cmd="tag" pos="NN">July_1</wf>
<punc>-</punc>
<wf cmd="tag" pos="NNP">June</wf>
<wf cmd="tag" pos="CD">30</wf>
<wf cmd="tag" pos="NN">fiscal_year</wf>
<wf cmd="ignore" pos="MD">will</wf>
<punc>,</punc>
<wf cmd="ignore" pos="IN">of</wf>
<wf cmd="ignore" pos="PRP">itself</wf>
<punc>,</punc>
<wf cmd="done" pos="VB" lemma="improve" wnsn="1" lexsn="2:30:01::">improve</wf>
<wf cmd="ignore" pos="DT">the</wf>
<wf cmd="tag" pos="NN">tax_collection</wf>
<wf cmd="tag" pos="NNS">calendars</wf>
<wf cmd="ignore" pos="IN">of</wf>
<wf cmd="ignore" pos="DT">the</wf>
<wf cmd="tag" pos="JJ">great</wf>
<wf cmd="tag" pos="NN">majority</wf>
<wf cmd="ignore" pos="IN">of</wf>
<wf cmd="tag" pos="NNS">cities</wf>
<wf cmd="ignore" pos="CC">and</wf>
<wf cmd="tag" pos="NNS">towns</wf>
<punc>.</punc>
</s>
<s snum="65">
<wf cmd="ignore" pos="EX">There</wf>
<wf cmd="done" pos="VB" ot="notag">are</wf>
<wf cmd="tag" pos="RB">at_least</wf>
<wf cmd="tag" pos="CD">two</wf>
<wf cmd="tag" pos="NNS">problems</wf>
<wf cmd="ignore" pos="TO">to</wf>
<wf cmd="done" pos="VB" lemma="consider" wnsn="2" lexsn="2:39:00::">consider</wf>
<punc>:</punc>
<wf cmd="tag" pos="CD">one</wf>
<wf cmd="done" pos="VB" lemma="be" wnsn="2" lexsn="2:42:06::">is</wf>
<wf cmd="ignore" pos="DT">a</wf>
<wf cmd="tag" pos="NN">matter</wf>
<wf cmd="ignore" pos="IN">of</wf>
<wf cmd="done" pos="VB" lemma="adjust" wnsn="1" lexsn="2:30:00::">adjusting</wf>
<wf cmd="ignore" pos="DT">the</wf>
<wf cmd="tag" pos="JJ">fiscal</wf>
<wf cmd="tag" pos="NN">calendar</wf>
<punc>;</punc>
<wf cmd="ignore" pos="DT">the</wf>
<wf cmd="tag" pos="JJ">other</wf>
<wf cmd="done" pos="VB" lemma="be" wnsn="2" lexsn="2:42:06::">is</wf>
<wf cmd="ignore" pos="WRB">how</wf>
<wf cmd="ignore" pos="TO">to</wf>
<wf cmd="done" pos="VB" lemma="finance" wnsn="1" lexsn="2:40:00::">finance</wf>
<wf cmd="ignore" pos="DT">the</wf>
<wf cmd="tag" pos="NNS">adjustments</wf>
<wf cmd="ignore" pos="WRB">when</wf>
<wf cmd="tag" pos="JJ">necessary</wf>
<punc>.</punc>
</s>
<s snum="66">
<wf cmd="ignore" pos="DT">The</wf>
<wf cmd="tag" pos="NN">latter</wf>
<wf cmd="tag" pos="NN">matter</wf>
<wf cmd="done" pos="VBZ" ot="notag">is</wf>
<wf cmd="done" pos="VB" lemma="consider" wnsn="2" lexsn="2:39:00::">considered</wf>
<wf cmd="tag" pos="RB">in_detail</wf>
<wf cmd="ignore" pos="IN">in</wf>
<wf cmd="ignore" pos="DT">a</wf>
<wf cmd="tag" pos="JJ">later</wf>
<wf cmd="tag" pos="NN">section</wf>
<punc>.</punc>
</s>
</p>
<p pnum="26">
<s snum="67">
<wf cmd="tag" pos="CD">Twelve</wf>
<wf cmd="tag" pos="NNS">cities</wf>
<wf cmd="ignore" pos="CC">and</wf>
<wf cmd="tag" pos="NNS">towns</wf>
<wf cmd="ignore" pos="IN">in</wf>
<wf cmd="tag" pos="NN">Rhode_Island</wf>
<wf cmd="tag" pos="RB">presently</wf>
<wf cmd="done" pos="VB" lemma="indicate" wnsn="3" lexsn="2:32:00::">indicate</wf>
<wf cmd="ignore" pos="DT">some</wf>
<wf cmd="tag" pos="NNS">plans</wf>
<wf cmd="ignore" pos="TO">to</wf>
<wf cmd="done" pos="VB" lemma="establish" wnsn="1" lexsn="2:41:00::">establish</wf>
<wf cmd="ignore" pos="DT">a</wf>
<wf cmd="tag" pos="NN">uniform</wf>
<wf cmd="ignore" pos="CC">and</wf>
<punc>/</punc>
<wf cmd="ignore" pos="CC">or</wf>
<wf cmd="tag" pos="JJ">coordinated</wf>
<wf cmd="tag" pos="JJ">fiscal-tax</wf>
<wf cmd="tag" pos="NN">year</wf>
<wf cmd="tag" pos="NN">calendar</wf>
<punc>.</punc>
</s>
<s snum="68">
<wf cmd="tag" pos="NNS">Plans</wf>
<wf cmd="done" pos="VB" lemma="vary" wnsn="2" lexsn="2:42:00::">vary</wf>
<wf cmd="ignore" pos="IN">from</wf>
<wf cmd="ignore" pos="DT">the</wf>
<punc>``</punc>
<wf cmd="tag" pos="JJ">talking</wf>
<wf cmd="tag" pos="NN">stage</wf>
<punc>''</punc>
<wf cmd="ignore" pos="TO">to</wf>
<wf cmd="done" pos="VB" lemma="establish" wnsn="1" lexsn="2:41:00::">establishing</wf>
<wf cmd="tag" pos="JJ">special</wf>
<wf cmd="tag" pos="NNS">committees</wf>
<wf cmd="ignore" pos="TO">to</wf>
<wf cmd="done" pos="VB" lemma="accomplish" wnsn="1" lexsn="2:36:00::">accomplish</wf>
<wf cmd="ignore" pos="DT">this</wf>
<wf cmd="tag" pos="NN">end</wf>
<punc>.</punc>
</s>
<s snum="69">
<wf cmd="ignore" pos="WP">What</wf>
<wf cmd="done" pos="VB" lemma="be" wnsn="1" lexsn="2:42:03::">is</wf>
<wf cmd="tag" pos="JJ">important</wf>
<wf cmd="tag" pos="RB">here</wf>
<wf cmd="done" pos="VB" lemma="be" wnsn="2" lexsn="2:42:06::">is</wf>
<wf cmd="ignore" pos="IN">that</wf>
<wf cmd="tag" pos="JJ">many_of</wf>
<wf cmd="ignore" pos="DT">the</wf>
<wf cmd="tag" pos="NNS">cities</wf>
<wf cmd="ignore" pos="CC">and</wf>
<wf cmd="tag" pos="NNS">towns</wf>
<wf cmd="done" pos="VB" lemma="recognize" wnsn="2" lexsn="2:31:01::">recognize</wf>
<wf cmd="ignore" pos="DT">the</wf>
<wf cmd="tag" pos="NN">need</wf>
<wf cmd="ignore" pos="IN">for</wf>
<wf cmd="tag" pos="JJ">improved</wf>
<wf cmd="tag" pos="JJ">fiscal</wf>
<wf cmd="tag" pos="NNS">practices</wf>
<wf cmd="ignore" pos="CC">and</wf>
<wf cmd="done" pos="VBP" ot="notag">are</wf>
<wf cmd="done" pos="VB" lemma="take" wnsn="1" lexsn="2:41:04::">taking</wf>
<wf cmd="done" pos="VB" ot="notag">the</wf>
<wf cmd="tag" pos="NN">initiative</wf>
<wf cmd="ignore" pos="TO">to</wf>
<wf cmd="done" pos="VB" lemma="obtain" wnsn="1" lexsn="2:40:00::">obtain</wf>
<wf cmd="ignore" pos="PRP">them</wf>
<punc>.</punc>
</s>
</p>
<p pnum="27">
<s snum="70">
<wf cmd="ignore" pos="DT">An</wf>
<wf cmd="tag" pos="NN">analysis</wf>
<wf cmd="ignore" pos="IN">of</wf>
<wf cmd="ignore" pos="DT">the</wf>
<wf cmd="tag" pos="JJ">fiscal-tax</wf>
<wf cmd="tag" pos="NN">collection</wf>
<wf cmd="tag" pos="NN">year</wf>
<wf cmd="tag" pos="NNS">calendars</wf>
<wf cmd="ignore" pos="IN">throughout</wf>
<wf cmd="ignore" pos="DT">the</wf>
<wf cmd="tag" pos="NN">state</wf>
<wf cmd="done" pos="VB" lemma="indicate" wnsn="1" lexsn="2:32:01::">indicates</wf>
<wf cmd="ignore" pos="IN">that</wf>
<wf cmd="tag" pos="NN">transition</wf>
<wf cmd="done" pos="VB" ot="notag">may</wf>
<wf cmd="tag" pos="RB">not</wf>
<wf cmd="done" pos="VB" lemma="be" wnsn="1" lexsn="2:42:03::">be</wf>
<wf cmd="tag" pos="RB">as</wf>
<wf cmd="tag" pos="JJ">painful</wf>
<wf cmd="ignore" pos="IN">as</wf>
<wf cmd="done" pos="VBZ" ot="notag">is</wf>
<wf cmd="tag" pos="RB">commonly</wf>
<wf cmd="done" pos="VB" lemma="think" wnsn="2" lexsn="2:31:03::">thought</wf>
<punc>.</punc>
</s>
<s snum="71">
<wf cmd="tag" pos="RB">However</wf>
<punc>,</punc>
<wf cmd="ignore" pos="PRP">it</wf>
<wf cmd="ignore" pos="MD">must</wf>
<wf cmd="done" pos="VB" ot="notag">be</wf>
<wf cmd="done" pos="VB" lemma="stress" wnsn="1" lexsn="2:32:00::">stressed</wf>
<wf cmd="tag" pos="RB">that_much</wf>
<wf cmd="done" pos="VB" lemma="depend_upon" wnsn="1" lexsn="2:42:00::">depends_upon</wf>
<wf cmd="ignore" pos="DT">the</wf>
<wf cmd="tag" pos="NN">financial_condition</wf>
<wf cmd="ignore" pos="IN">of</wf>
<wf cmd="ignore" pos="DT">the</wf>
<wf cmd="tag" pos="JJ">individual</wf>
<wf cmd="tag" pos="NNS">cities</wf>
<wf cmd="ignore" pos="CC">and</wf>
<wf cmd="tag" pos="NNS">towns</wf>
<wf cmd="tag" pos="JJ">involved</wf>
<punc>.</punc>
</s>
</p>
<p pnum="28">
<s snum="72">
<wf cmd="ignore" pos="DT">The</wf>
<wf cmd="tag" pos="NNS">adjustments</wf>
<wf cmd="done" pos="VB" lemma="need" wnsn="1" lexsn="2:42:00::">needed</wf>
<wf cmd="done" pos="VB" ot="notag">to</wf>
<wf cmd="done" pos="VB" lemma="establish" wnsn="1" lexsn="2:41:00::">establish</wf>
<wf cmd="ignore" pos="DT">a</wf>
<wf cmd="tag" pos="NN">uniform</wf>
<wf cmd="ignore" pos="CC">and</wf>
<wf cmd="tag" pos="JJ">coordinated</wf>
<wf cmd="tag" pos="JJ">fiscal-tax</wf>
<wf cmd="tag" pos="NN">collection</wf>
<wf cmd="tag" pos="NN">year</wf>
<wf cmd="tag" pos="NN">calendar</wf>
<wf cmd="ignore" pos="IN">throughout</wf>
<wf cmd="tag" pos="NN">Rhode_Island</wf>
<punc>,</punc>
<wf cmd="done" pos="VB" lemma="base" wnsn="1" lexsn="2:31:00::">based</wf>
<wf cmd="ignore" pos="IN">on</wf>
<wf cmd="ignore" pos="DT">a</wf>
<wf cmd="tag" pos="NN">July_1</wf>
<punc>-</punc>
<wf cmd="tag" pos="NNP">June</wf>
<wf cmd="tag" pos="CD">30</wf>
<wf cmd="tag" pos="NN">year</wf>
<punc>,</punc>
<wf cmd="done" pos="VB" ot="notag">are</wf>
<wf cmd="done" pos="VB" lemma="show" wnsn="5" lexsn="2:36:00::">shown</wf>
<wf cmd="tag" pos="RB">below</wf>
<punc>.</punc>
</s>
</p>
<p pnum="29">
<s snum="73">
<wf cmd="tag" pos="CD">Six</wf>
<wf cmd="tag" pos="NNS">cities</wf>
<wf cmd="ignore" pos="CC">and</wf>
<wf cmd="tag" pos="NNS">towns</wf>
<wf cmd="done" pos="VB" lemma="be" wnsn="1" lexsn="2:42:03::">are</wf>
<wf cmd="tag" pos="RB">presently</wf>
<wf cmd="ignore" pos="IN">on</wf>
<wf cmd="ignore" pos="DT">a</wf>
<wf cmd="tag" pos="NN">July_1</wf>
<punc>-</punc>
<wf cmd="tag" pos="NNP">June</wf>
<wf cmd="tag" pos="CD">30</wf>
<wf cmd="tag" pos="NN">fiscal_year</wf>
<wf cmd="ignore" pos="CC">and</wf>
<wf cmd="done" pos="VBP" ot="notag">have</wf>
<wf cmd="done" pos="VB" lemma="coordinate" wnsn="2" lexsn="2:41:00::">coordinated</wf>
<wf cmd="ignore" pos="PRP$">their</wf>
<wf cmd="tag" pos="NN">tax_collection</wf>
<wf cmd="tag" pos="NN">year</wf>
<wf cmd="tag" pos="RB">with_it</wf>
<punc>.</punc>
</s>
<s snum="74">
<wf cmd="ignore" pos="DT">No</wf>
<wf cmd="tag" pos="NN">change</wf>
<wf cmd="done" pos="VBZ" ot="notag">is</wf>
<wf cmd="done" pos="VB" lemma="require" wnsn="1" lexsn="2:42:00::">required</wf>
<wf cmd="ignore" pos="IN">for</wf>
<wf cmd="ignore" pos="DT">these</wf>
<wf cmd="tag" pos="NNS">towns</wf>
<punc>.</punc>
</s>
<s snum="75">
<wf cmd="ignore" pos="DT">These</wf>
<wf cmd="tag" pos="NNS">municipalities</wf>
<wf cmd="done" pos="VB" lemma="include" wnsn="1" lexsn="2:42:00::">include</wf>
<punc>:</punc>
<wf cmd="tag" pos="NNP">Barrington</wf>
<punc>,</punc>
<wf cmd="tag" pos="NNP">Lincoln</wf>
<punc>,</punc>
<wf cmd="tag" pos="NNP">Middletown</wf>
<punc>,</punc>
<wf cmd="tag" pos="NNP">Newport</wf>
<punc>,</punc>
<wf cmd="tag" pos="NNP">North_Kingstown</wf>
<punc>,</punc>
<wf cmd="ignore" pos="CC">and</wf>
<wf cmd="tag" pos="NNP">South_Kingstown</wf>
<punc>.</punc>
</s>
</p>
<p pnum="30">
<s snum="76">
<wf cmd="tag" pos="CD">One</wf>
<wf cmd="tag" pos="NN">town</wf>
<wf cmd="ignore" pos="CC">and</wf>
<wf cmd="tag" pos="CD">one</wf>
<wf cmd="tag" pos="NN">city</wf>
<punc>,</punc>
<wf cmd="tag" pos="NNP">Coventry</wf>
<wf cmd="ignore" pos="CC">and</wf>
<wf cmd="tag" pos="NNP">East_Providence</wf>
<punc>,</punc>
<wf cmd="done" pos="VB" lemma="require" wnsn="1" lexsn="2:42:00::">require</wf>
<wf cmd="ignore" pos="DT">an</wf>
<wf cmd="tag" pos="NN">adjustment</wf>
<wf cmd="ignore" pos="IN">of</wf>
<wf cmd="ignore" pos="PRP$">their</wf>
<wf cmd="tag" pos="NN">fiscal_year</wf>
<wf cmd="tag" pos="RB">only</wf>
<punc>.</punc>
</s>
<s snum="77">
<wf cmd="ignore" pos="DT">This</wf>
<wf cmd="tag" pos="NN">change</wf>
<wf cmd="ignore" pos="MD">will</wf>
<wf cmd="tag" pos="RB">automatically</wf>
<wf cmd="done" pos="VB" lemma="adjust" wnsn="1" lexsn="2:30:00::">adjust</wf>
<wf cmd="ignore" pos="PRP$">their</wf>
<wf cmd="tag" pos="NN">tax_collection</wf>
<wf cmd="tag" pos="NN">year</wf>
<wf cmd="tag" pos="NN">calendar</wf>
<wf cmd="tag" pos="RB">so_as_to</wf>
<wf cmd="done" pos="VB" lemma="make" wnsn="2" lexsn="2:30:00::">make</wf>
<wf cmd="ignore" pos="DT">all</wf>
<wf cmd="tag" pos="NN">tax</wf>
<wf cmd="tag" pos="NNS">installments</wf>
<wf cmd="tag" pos="JJ">due</wf>
<wf cmd="ignore" pos="CC">and</wf>
<wf cmd="tag" pos="JJ">payable</wf>
<wf cmd="ignore" pos="IN">in</wf>
<wf cmd="ignore" pos="DT">the</wf>
<wf cmd="tag" pos="NN">fiscal_year</wf>
<wf cmd="tag" pos="JJ">collectible</wf>
<wf cmd="ignore" pos="IN">within</wf>
<wf cmd="ignore" pos="IN">that</wf>
<wf cmd="tag" pos="NN">year</wf>
<punc>.</punc>
</s>
</p>
<p pnum="31">
<s snum="78">
<wf cmd="tag" pos="CD">Six</wf>
<wf cmd="tag" pos="NNS">cities</wf>
<wf cmd="ignore" pos="CC">and</wf>
<wf cmd="tag" pos="NNS">towns</wf>
<wf cmd="done" pos="VB" lemma="be" wnsn="1" lexsn="2:42:03::">are</wf>
<wf cmd="tag" pos="RB">now</wf>
<wf cmd="ignore" pos="IN">on</wf>
<wf cmd="ignore" pos="DT">a</wf>
<wf cmd="tag" pos="NN">July_1</wf>
<punc>-</punc>
<wf cmd="tag" pos="NNP">June</wf>
<wf cmd="tag" pos="CD">30</wf>
<wf cmd="tag" pos="NN">fiscal_year</wf>
<wf cmd="ignore" pos="CC">and</wf>
<wf cmd="ignore" pos="MD">will</wf>
<wf cmd="done" pos="VB" lemma="need" wnsn="0" lexsn="2:42:01::">need</wf>
<wf cmd="tag" pos="RB">only</wf>
<wf cmd="ignore" pos="TO">to</wf>
<wf cmd="done" pos="VB" lemma="adjust" wnsn="1" lexsn="2:30:00::">adjust</wf>
<wf cmd="ignore" pos="PRP$">their</wf>
<wf cmd="tag" pos="NN">tax_collection</wf>
<wf cmd="tag" pos="NN">year</wf>
<wf cmd="tag" pos="NN">calendar</wf>
<wf cmd="ignore" pos="TO">to</wf>
<wf cmd="done" pos="VB" lemma="establish" wnsn="1" lexsn="2:41:00::">establish</wf>
<wf cmd="tag" pos="NN">uniformity</wf>
<punc>.</punc>
</s>
<s snum="79">
<wf cmd="ignore" pos="DT">These</wf>
<wf cmd="tag" pos="NNS">cities</wf>
<wf cmd="ignore" pos="CC">and</wf>
<wf cmd="tag" pos="NNS">towns</wf>
<wf cmd="done" pos="VB" lemma="include" wnsn="1" lexsn="2:42:00::">include</wf>
<wf cmd="tag" pos="NNP">Bristol</wf>
<punc>,</punc>
<wf cmd="tag" pos="NNP">Glocester</wf>
<punc>,</punc>
<wf cmd="tag" pos="NNP">Pawtucket</wf>
<punc>,</punc>
<wf cmd="tag" pos="NNP">Cumberland</wf>
<punc>,</punc>
<wf cmd="tag" pos="NNP">Central_Falls</wf>
<punc>,</punc>
<wf cmd="ignore" pos="CC">and</wf>
<wf cmd="tag" pos="NNP">Woonsocket</wf>
<punc>.</punc>
</s>
</p>
<p pnum="32">
<s snum="80">
<wf cmd="tag" pos="CD">Two</wf>
<wf cmd="tag" pos="NNS">cities</wf>
<wf cmd="ignore" pos="TO">to</wf>
<wf cmd="done" pos="VB" ot="notag">be</wf>
<wf cmd="done" pos="VB" lemma="consider" wnsn="2" lexsn="2:39:00::">considered</wf>
<punc>,</punc>
<wf cmd="tag" pos="NNP">Providence</wf>
<wf cmd="ignore" pos="CC">and</wf>
<wf cmd="tag" pos="NNP">Cranston</wf>
<punc>,</punc>
<wf cmd="done" pos="VB" lemma="be" wnsn="1" lexsn="2:42:03::">are</wf>
<wf cmd="ignore" pos="DT">an</wf>
<wf cmd="tag" pos="NN">enigma</wf>
<punc>.</punc>
</s>
<s snum="81">
<wf cmd="ignore" pos="DT">Both</wf>
<wf cmd="done" pos="VB" lemma="have" wnsn="2" lexsn="2:42:00::">have</wf>
<wf cmd="tag" pos="JJ">excellent</wf>
<wf cmd="tag" pos="NN">integration</wf>
<wf cmd="ignore" pos="IN">of</wf>
<wf cmd="ignore" pos="PRP$">their</wf>
<wf cmd="tag" pos="JJ">fiscal-tax</wf>
<wf cmd="tag" pos="NN">collection</wf>
<wf cmd="tag" pos="NN">year</wf>
<wf cmd="tag" pos="NNS">calendars</wf>
<punc>.</punc>
</s>
<s snum="82">
<wf cmd="tag" pos="RB">However</wf>
<punc>,</punc>
<wf cmd="ignore" pos="DT">neither</wf>
<wf cmd="ignore" pos="IN">of</wf>
<wf cmd="ignore" pos="DT">these</wf>
<wf cmd="tag" pos="CD">two</wf>
<wf cmd="tag" pos="NNS">cities</wf>
<wf cmd="done" pos="VB" lemma="be" wnsn="1" lexsn="2:42:03::">is</wf>
<wf cmd="done" pos="VB" ot="notag">on</wf>
<wf cmd="ignore" pos="DT">the</wf>
<wf cmd="tag" pos="JJ">desired</wf>
<wf cmd="tag" pos="NN">July_1</wf>
<punc>-</punc>
<wf cmd="tag" pos="NNP">June</wf>
<wf cmd="tag" pos="CD">30</wf>
<wf cmd="tag" pos="NN">fiscal_year</wf>
<punc>.</punc>
</s>
</p>
<p pnum="33">
<s snum="83">
<wf cmd="ignore" pos="DT">The</wf>
<wf cmd="tag" pos="NN">adjustment</wf>
<wf cmd="ignore" pos="TO">to</wf>
<wf cmd="ignore" pos="DT">a</wf>
<wf cmd="tag" pos="NN">uniform</wf>
<wf cmd="ignore" pos="CC">and</wf>
<wf cmd="tag" pos="JJ">coordinated</wf>
<wf cmd="tag" pos="JJ">fiscal</wf>
<wf cmd="tag" pos="NN">period</wf>
<wf cmd="ignore" pos="MD">could</wf>
<wf cmd="done" pos="VB" ot="notag">be</wf>
<wf cmd="done" pos="VB" lemma="accomplish" wnsn="1" lexsn="2:36:00::">accomplished</wf>
<wf cmd="tag" pos="RB">relatively</wf>
<wf cmd="tag" pos="JJ">easy</wf>
<wf cmd="ignore" pos="IN">for</wf>
<wf cmd="ignore" pos="PRP">them</wf>
<punc>.</punc>
</s>
<s snum="84">
<wf cmd="tag" pos="RB">In_that</wf>
<wf cmd="ignore" pos="DT">both</wf>
<wf cmd="tag" pos="NNS">cities</wf>
<wf cmd="done" pos="VB" lemma="end" wnsn="2" lexsn="2:30:01::">end</wf>
<wf cmd="ignore" pos="PRP$">their</wf>
<wf cmd="tag" pos="NN">fiscal_years</wf>
<wf cmd="ignore" pos="IN">on</wf>
<wf cmd="tag" pos="NNP">September</wf>
<wf cmd="tag" pos="CD">30</wf>
<punc>,</punc>
<wf cmd="ignore" pos="PRP">they</wf>
<wf cmd="ignore" pos="MD">could</wf>
<wf cmd="done" pos="VB" lemma="levy" wnsn="1" lexsn="2:40:00::">levy</wf>
<wf cmd="tag" pos="NNS">taxes</wf>
<wf cmd="ignore" pos="IN">for</wf>
<wf cmd="ignore" pos="DT">an</wf>
<wf cmd="tag" pos="JJ">interim</wf>
<wf cmd="tag" pos="NN">period</wf>
<wf cmd="ignore" pos="IN">of</wf>
<wf cmd="tag" pos="CD">nine</wf>
<wf cmd="tag" pos="NNS">months</wf>
<punc>,</punc>
<wf cmd="done" pos="VB" lemma="commence" wnsn="1" lexsn="2:30:00::">commencing</wf>
<wf cmd="ignore" pos="IN">with</wf>
<wf cmd="tag" pos="NNP">September</wf>
<wf cmd="tag" pos="CD">30</wf>
<wf cmd="ignore" pos="CC">and</wf>
<wf cmd="done" pos="VB" lemma="end" wnsn="1" lexsn="2:42:00::">ending</wf>
<wf cmd="ignore" pos="IN">with</wf>
<wf cmd="tag" pos="NNP">June</wf>
<wf cmd="tag" pos="CD">30</wf>
<punc>.</punc>
</s>
<s snum="85">
<wf cmd="ignore" pos="DT">These</wf>
<wf cmd="tag" pos="CD">three</wf>
<wf cmd="tag" pos="NN">installment</wf>
<wf cmd="tag" pos="NNS">dates</wf>
<wf cmd="ignore" pos="MD">would</wf>
<wf cmd="done" pos="VB" lemma="be" wnsn="2" lexsn="2:42:06::">be</wf>
<punc>:</punc>
</s>
<s snum="86">
<wf cmd="tag" pos="NNP">October</wf>
<wf cmd="tag" pos="CD">26</wf>
<punc>,</punc>
<wf cmd="tag" pos="NNP">January</wf>
<wf cmd="tag" pos="CD">26</wf>
<punc>,</punc>
<wf cmd="ignore" pos="CC">and</wf>
<wf cmd="tag" pos="NNP">April</wf>
<wf cmd="tag" pos="CD">25</wf>
<punc>(</punc>
<wf cmd="tag" pos="NNP">Providence</wf>
<punc>)</punc>
<wf cmd="ignore" pos="CC">and</wf>
<wf cmd="tag" pos="NNP">November</wf>
<wf cmd="tag" pos="CD">15</wf>
<punc>,</punc>
<wf cmd="tag" pos="NNP">February</wf>
<wf cmd="tag" pos="CD">16</wf>
<wf cmd="ignore" pos="CC">and</wf>
<wf cmd="tag" pos="NNP">May</wf>
<wf cmd="tag" pos="CD">15</wf>
<punc>(</punc>
<wf cmd="tag" pos="NNP">Cranston</wf>
<punc>)</punc>
<punc>.</punc>
</s>
<s snum="87">
<wf cmd="ignore" pos="DT">Both</wf>
<wf cmd="ignore" pos="MD">would</wf>
<wf cmd="done" pos="VB" lemma="start" wnsn="2" lexsn="2:30:01::">start</wf>
<wf cmd="ignore" pos="PRP$">their</wf>
<wf cmd="tag" pos="JJ">new</wf>
<wf cmd="tag" pos="NN">fiscal_year</wf>
<wf cmd="ignore" pos="IN">on</wf>
<wf cmd="tag" pos="NN">July_1</wf>
<punc>.</punc>
</s>
<s snum="88">
<wf cmd="ignore" pos="PRP$">Their</wf>
<wf cmd="tag" pos="NN">tax_collection</wf>
<wf cmd="tag" pos="NN">calendar</wf>
<wf cmd="ignore" pos="MD">could</wf>
<wf cmd="tag" pos="RB">then</wf>
<wf cmd="done" pos="VB" lemma="be" wnsn="2" lexsn="2:42:06::">be</wf>
<punc>:</punc>
<wf cmd="tag" pos="NNP">July</wf>
<wf cmd="tag" pos="CD">25</wf>
<punc>,</punc>
<wf cmd="tag" pos="NNP">October</wf>
<wf cmd="tag" pos="CD">26</wf>
<punc>,</punc>
<wf cmd="tag" pos="NNP">January</wf>
<wf cmd="tag" pos="CD">26</wf>
<punc>,</punc>
<wf cmd="ignore" pos="CC">and</wf>
<wf cmd="tag" pos="NNP">April</wf>
<wf cmd="tag" pos="CD">25</wf>
<punc>,</punc>
<punc>(</punc>
<wf cmd="tag" pos="NNP">Providence</wf>
<punc>)</punc>
<punc>;</punc>
<wf cmd="ignore" pos="CC">and</wf>
<wf cmd="tag" pos="NNP">August</wf>
<wf cmd="tag" pos="CD">15</wf>
<punc>,</punc>
<wf cmd="tag" pos="NNP">November</wf>
<wf cmd="tag" pos="CD">15</wf>
<punc>,</punc>
<wf cmd="tag" pos="NNP">February</wf>
<wf cmd="tag" pos="CD">17</wf>
<punc>,</punc>
<wf cmd="ignore" pos="CC">and</wf>
<wf cmd="tag" pos="NNP">May</wf>
<wf cmd="tag" pos="CD">15</wf>
<punc>,</punc>
<punc>(</punc>
<wf cmd="tag" pos="NNP">Cranston</wf>
<punc>)</punc>
<punc>.</punc>
</s>
<s snum="89">
<wf cmd="ignore" pos="IN">Under</wf>
<wf cmd="ignore" pos="DT">this</wf>
<wf cmd="tag" pos="NN">plan</wf>
<wf cmd="ignore" pos="DT">both</wf>
<wf cmd="tag" pos="NNP">Cranston</wf>
<wf cmd="ignore" pos="CC">and</wf>
<wf cmd="tag" pos="NNP">Providence</wf>
<wf cmd="ignore" pos="MD">would</wf>
<wf cmd="done" pos="VB" lemma="be" wnsn="1" lexsn="2:42:03::">be</wf>
<wf cmd="done" pos="VB" ot="notag">on</wf>
<wf cmd="ignore" pos="DT">the</wf>
<wf cmd="tag" pos="NN">uniform</wf>
<wf cmd="tag" pos="NN">fiscal_year</wf>
<wf cmd="ignore" pos="CC">but</wf>
<wf cmd="ignore" pos="MD">would</wf>
<wf cmd="tag" pos="RB">still</wf>
<wf cmd="done" pos="VB" ot="notag">be</wf>
<wf cmd="done" pos="VB" lemma="use" wnsn="1" lexsn="2:34:01::">using</wf>
<wf cmd="ignore" pos="DT">the</wf>
<wf cmd="tag" pos="JJ">same</wf>
<wf cmd="tag" pos="NN">installment</wf>
<wf cmd="tag" pos="NNS">periods</wf>
<punc>.</punc>
</s>
</p>
<p pnum="34">
<s snum="90">
<wf cmd="ignore" pos="DT">The</wf>
<wf cmd="tag" pos="JJ">remaining</wf>
<wf cmd="tag" pos="CD">twenty-three</wf>
<wf cmd="tag" pos="NNS">towns</wf>
<wf cmd="done" pos="VB" lemma="have" wnsn="2" lexsn="2:42:00::">have</wf>
<wf cmd="tag" pos="NN">fiscal_years</wf>
<wf cmd="ignore" pos="WDT">which</wf>
<wf cmd="done" pos="VB" lemma="end" wnsn="1" lexsn="2:42:00::">end</wf>
<wf cmd="tag" pos="RB">prior</wf>
<wf cmd="ignore" pos="TO">to</wf>
<wf cmd="tag" pos="NNP">June</wf>
<wf cmd="tag" pos="CD">30</wf>
<punc>.</punc>
</s>
<s snum="91">
<wf cmd="tag" pos="JJ">All_of</wf>
<wf cmd="ignore" pos="DT">these</wf>
<wf cmd="tag" pos="NNS">towns</wf>
<wf cmd="ignore" pos="MD">will</wf>
<wf cmd="done" pos="VB" lemma="require" wnsn="1" lexsn="2:42:00::">require</wf>
<wf cmd="tag" pos="NNS">adjustments</wf>
<wf cmd="ignore" pos="IN">of</wf>
<wf cmd="ignore" pos="DT">both</wf>
<wf cmd="ignore" pos="PRP$">their</wf>
<wf cmd="tag" pos="JJ">fiscal</wf>
<wf cmd="ignore" pos="CC">and</wf>
<wf cmd="tag" pos="NN">tax_collection</wf>
<wf cmd="tag" pos="NNS">years</wf>
<punc>.</punc>
</s>
<s snum="92">
<wf cmd="done" pos="VB" lemma="assume" wnsn="1" lexsn="2:31:00::">Assuming</wf>
<wf cmd="ignore" pos="DT">an</wf>
<wf cmd="tag" pos="NN">adjustment</wf>
<wf cmd="ignore" pos="TO">to</wf>
<wf cmd="ignore" pos="DT">the</wf>
<wf cmd="tag" pos="NN">July_1</wf>
<punc>-</punc>
<wf cmd="tag" pos="NNP">June</wf>
<wf cmd="tag" pos="CD">30</wf>
<wf cmd="tag" pos="NN">fiscal_year</wf>
<punc>,</punc>
<wf cmd="ignore" pos="DT">the</wf>
<wf cmd="tag" pos="JJ">required</wf>
<wf cmd="tag" pos="NN">adjustment</wf>
<wf cmd="ignore" pos="IN">of</wf>
<wf cmd="ignore" pos="DT">the</wf>
<wf cmd="tag" pos="NN">tax_collection</wf>
<wf cmd="tag" pos="NNS">years</wf>
<wf cmd="ignore" pos="CC">and</wf>
<wf cmd="ignore" pos="DT">the</wf>
<wf cmd="tag" pos="NNS">towns</wf>
<wf cmd="done" pos="VB" lemma="involve" wnsn="1" lexsn="2:42:01::">involved</wf>
<wf cmd="done" pos="VB" ot="notag">are</wf>
<wf cmd="done" pos="VB" lemma="show" wnsn="5" lexsn="2:36:00::">shown</wf>
<wf cmd="ignore" pos="IN">in</wf>
<wf cmd="tag" pos="NN">Table</wf>
<wf cmd="tag" pos="CD">3</wf>
<punc>.</punc>
</s>
</p>
<p pnum="35">
<s snum="93">
<wf cmd="tag" pos="RB">Aside</wf>
<wf cmd="ignore" pos="IN">from</wf>
<wf cmd="tag" pos="JJ">the_matter</wf>
<wf cmd="ignore" pos="IN">of</wf>
<wf cmd="done" pos="VB" lemma="adjust" wnsn="1" lexsn="2:30:00::">adjusting</wf>
<wf cmd="ignore" pos="DT">the</wf>
<wf cmd="tag" pos="JJ">fiscal</wf>
<wf cmd="ignore" pos="CC">and</wf>
<wf cmd="tag" pos="NN">tax</wf>
<wf cmd="tag" pos="NNS">calendars</wf>
<punc>,</punc>
<wf cmd="ignore" pos="EX">there</wf>
<wf cmd="done" pos="VB" ot="notag">is</wf>
<wf cmd="ignore" pos="DT">the</wf>
<wf cmd="tag" pos="NN">problem</wf>
<wf cmd="ignore" pos="IN">of</wf>
<wf cmd="done" pos="VB" lemma="finance" wnsn="1" lexsn="2:40:00::">financing</wf>
<wf cmd="ignore" pos="DT">the</wf>
<wf cmd="tag" pos="NN">adjustment</wf>
<wf cmd="ignore" pos="WRB">when</wf>
<wf cmd="ignore" pos="DT">this</wf>
<wf cmd="done" pos="VB" lemma="be" wnsn="1" lexsn="2:42:03::">is</wf>
<wf cmd="tag" pos="JJ">necessary</wf>
<punc>.</punc>
</s>
<s snum="94">
<wf cmd="ignore" pos="PRP">It</wf>
<wf cmd="ignore" pos="MD">should</wf>
<wf cmd="done" pos="VB" ot="notag">be</wf>
<wf cmd="done" pos="VB" lemma="emphasize" wnsn="1" lexsn="2:32:00::">emphasized</wf>
<wf cmd="tag" pos="RB">strongly</wf>
<wf cmd="ignore" pos="IN">that</wf>
<wf cmd="tag" pos="NNS">adjustments</wf>
<wf cmd="ignore" pos="IN">in</wf>
<wf cmd="tag" pos="JJ">fiscal</wf>
<wf cmd="tag" pos="NNS">dates</wf>
<wf cmd="ignore" pos="CC">or</wf>
<wf cmd="tag" pos="NN">adoption</wf>
<wf cmd="ignore" pos="IN">of</wf>
<wf cmd="tag" pos="JJ">interim</wf>
<wf cmd="tag" pos="NNS">budgets</wf>
<wf cmd="done" pos="VBP" ot="notag">do</wf>
<wf cmd="tag" pos="RB">not</wf>
<wf cmd="tag" pos="RB">necessarily</wf>
<wf cmd="done" pos="VB" lemma="mean" wnsn="2" lexsn="2:42:00::">mean</wf>
<wf cmd="done" pos="VB" lemma="finance" wnsn="1" lexsn="2:40:00::">financing</wf>
<wf cmd="tag" pos="RB">over</wf>
<wf cmd="ignore" pos="CC">and</wf>
<wf cmd="ignore" pos="IN">above</wf>
<wf cmd="tag" pos="JJ">normal</wf>
<wf cmd="tag" pos="JJ">governmental</wf>
<wf cmd="tag" pos="NNS">requirements</wf>
<punc>.</punc>
</s>
<s snum="95">
<wf cmd="ignore" pos="IN">In</wf>
<wf cmd="tag" pos="JJ">many</wf>
<wf cmd="tag" pos="NNS">communities</wf>
<wf cmd="ignore" pos="EX">there</wf>
<wf cmd="done" pos="VB" ot="notag">is</wf>
<wf cmd="tag" pos="RB">simply</wf>
<wf cmd="ignore" pos="DT">no</wf>
<wf cmd="tag" pos="JJ">financial</wf>
<wf cmd="tag" pos="NN">problem</wf>
<punc>;</punc>
<wf cmd="ignore" pos="PRP">it</wf>
<wf cmd="done" pos="VB" lemma="be" wnsn="2" lexsn="2:42:06::">is</wf>
<wf cmd="tag" pos="RB">only</wf>
<wf cmd="ignore" pos="DT">a</wf>
<wf cmd="tag" pos="NN">matter</wf>
<wf cmd="ignore" pos="IN">of</wf>
<wf cmd="done" pos="VB" lemma="adjust" wnsn="1" lexsn="2:30:00::">adjusting</wf>
<wf cmd="tag" pos="NN">accounting</wf>
<wf cmd="tag" pos="NNS">methods</wf>
<punc>,</punc>
<wf cmd="tag" pos="JJ">careful</wf>
<wf cmd="tag" pos="JJ">fiscal</wf>
<wf cmd="tag" pos="NN">planning</wf>
<wf cmd="ignore" pos="CC">and</wf>
<wf cmd="tag" pos="NN">management</wf>
<punc>,</punc>
<wf cmd="ignore" pos="CC">or</wf>
<wf cmd="ignore" pos="DT">some</wf>
<wf cmd="ignore" pos="IN">like</wf>
<wf cmd="tag" pos="NN">combination</wf>
<wf cmd="ignore" pos="IN">of</wf>
<wf cmd="tag" pos="NNS">techniques</wf>
<punc>.</punc>
</s>
<s snum="96">
<wf cmd="ignore" pos="IN">In</wf>
<wf cmd="tag" pos="JJ">other</wf>
<wf cmd="tag" pos="NNS">municipalities</wf>
<wf cmd="ignore" pos="DT">the</wf>
<wf cmd="tag" pos="NNS">difficulties</wf>
<wf cmd="ignore" pos="IN">in</wf>
<wf cmd="done" pos="VB" lemma="overcome" wnsn="1" lexsn="2:33:03::">overcoming</wf>
<wf cmd="ignore" pos="DT">the</wf>
<wf cmd="tag" pos="JJ">financial</wf>
<wf cmd="tag" pos="NN">burden</wf>
<wf cmd="done" pos="VBP" ot="notag">have</wf>
<wf cmd="done" pos="VB" lemma="be" wnsn="1" lexsn="2:42:03::">been</wf>
<wf cmd="tag" pos="RB">sufficiently</wf>
<wf cmd="tag" pos="JJ">great</wf>
<wf cmd="ignore" pos="TO">to</wf>
<wf cmd="done" pos="VB" lemma="dishearten" wnsn="1" lexsn="2:37:00::">dishearten</wf>
<wf cmd="tag" pos="NNS">proponents</wf>
<wf cmd="ignore" pos="IN">of</wf>
<wf cmd="tag" pos="NN">fiscal_year</wf>
<wf cmd="tag" pos="NNS">changes</wf>
<punc>.</punc>
</s>
<s snum="97">
<wf cmd="tag" pos="RB">Fortunately</wf>
<punc>,</punc>
<wf cmd="tag" pos="JJ">such</wf>
<wf cmd="tag" pos="NNS">cases</wf>
<wf cmd="ignore" pos="IN">in</wf>
<wf cmd="tag" pos="NN">Rhode_Island</wf>
<wf cmd="done" pos="VB" lemma="be" wnsn="1" lexsn="2:42:03::">are</wf>
<wf cmd="tag" pos="RBR">more</wf>
<wf cmd="ignore" pos="DT">the</wf>
<wf cmd="tag" pos="NN">exception</wf>
<wf cmd="ignore" pos="IN">than</wf>
<wf cmd="ignore" pos="DT">the</wf>
<wf cmd="tag" pos="NN">rule</wf>
<punc>.</punc>
</s>
</p>
<p pnum="36">
<s snum="98">
<wf cmd="ignore" pos="IN">As</wf>
<wf cmd="done" pos="VB" lemma="show" wnsn="5" lexsn="2:36:00::">shown</wf>
<wf cmd="tag" pos="RBR">earlier</wf>
<wf cmd="ignore" pos="IN">in</wf>
<wf cmd="tag" pos="NN">Table</wf>
<wf cmd="tag" pos="CD">1</wf>
<punc>,</punc>
<wf cmd="ignore" pos="DT">the</wf>
<wf cmd="tag" pos="JJ">several</wf>
<wf cmd="tag" pos="NNS">cities</wf>
<wf cmd="ignore" pos="CC">and</wf>
<wf cmd="tag" pos="NNS">towns</wf>
<wf cmd="done" pos="VB" lemma="use" wnsn="1" lexsn="2:34:01::">use</wf>
<wf cmd="tag" pos="RB">widely</wf>
<wf cmd="tag" pos="JJ">varied</wf>
<wf cmd="tag" pos="JJ">fiscal</wf>
<wf cmd="ignore" pos="CC">and</wf>
<wf cmd="tag" pos="NN">tax_collection</wf>
<wf cmd="tag" pos="NNS">calendars</wf>
<punc>.</punc>
</s>
<s snum="99">
<wf cmd="tag" pos="RB">In_addition</wf>
<punc>,</punc>
<wf cmd="ignore" pos="DT">no</wf>
<wf cmd="tag" pos="CD">two</wf>
<wf cmd="tag" pos="NN">Rhode_Island</wf>
<wf cmd="tag" pos="NNS">communities</wf>
<wf cmd="done" pos="VB" lemma="be" wnsn="1" lexsn="2:42:03::">are</wf>
<wf cmd="tag" pos="JJ">identical</wf>
<wf cmd="tag" pos="JJ">in_relation_to</wf>
<wf cmd="ignore" pos="PRP$">their</wf>
<wf cmd="tag" pos="JJ">over-all</wf>
<wf cmd="tag" pos="NN">financial_condition</wf>
<punc>.</punc>
</s>
<s snum="100">
<wf cmd="ignore" pos="DT">These</wf>
<wf cmd="tag" pos="NNS">factors</wf>
<wf cmd="tag" pos="RB">practically</wf>
<wf cmd="done" pos="VB" lemma="insure" wnsn="2" lexsn="2:32:04::">insure</wf>
<wf cmd="ignore" pos="IN">that</wf>
<wf cmd="ignore" pos="DT">no</wf>
<wf cmd="tag" pos="JJ">single</wf>
<wf cmd="tag" pos="NN">financing</wf>
<wf cmd="tag" pos="NN">formula</wf>
<wf cmd="done" pos="VB" lemma="be" wnsn="1" lexsn="2:42:03::">is</wf>
<wf cmd="tag" pos="JJ">feasible</wf>
<punc>;</punc>
<wf cmd="ignore" pos="DT">each</wf>
<wf cmd="tag" pos="NN">situation</wf>
<wf cmd="ignore" pos="MD">must</wf>
<wf cmd="done" pos="VB" ot="notag">be</wf>
<wf cmd="done" pos="VB" lemma="study" wnsn="1" lexsn="2:31:02::">studied</wf>
<wf cmd="ignore" pos="CC">and</wf>
<wf cmd="ignore" pos="DT">a</wf>
<wf cmd="tag" pos="NN">plan</wf>
<wf cmd="done" pos="VB" lemma="develop" wnsn="2" lexsn="2:36:00::">developed</wf>
<wf cmd="ignore" pos="IN">that</wf>
<wf cmd="done" pos="VB" lemma="take" wnsn="13" lexsn="2:31:03::">takes</wf>
<wf cmd="done" pos="VB" ot="notag">into</wf>
<wf cmd="tag" pos="NN">consideration</wf>
<wf cmd="tag" pos="JJ">such</wf>
<wf cmd="tag" pos="NNS">factors</wf>
<wf cmd="ignore" pos="IN">as</wf>
<wf cmd="ignore" pos="DT">the</wf>
<wf cmd="tag" pos="NN">effect</wf>
<wf cmd="ignore" pos="IN">of</wf>
<wf cmd="ignore" pos="DT">the</wf>
<wf cmd="tag" pos="JJ">existing</wf>
<wf cmd="ignore" pos="CC">and</wf>
<wf cmd="tag" pos="JJ">prospective</wf>
<wf cmd="tag" pos="NN">tax</wf>
<wf cmd="tag" pos="NNS">calendars</wf>
<punc>,</punc>
<wf cmd="ignore" pos="DT">the</wf>
<wf cmd="tag" pos="NN">financial_condition</wf>
<wf cmd="ignore" pos="IN">of</wf>
<wf cmd="ignore" pos="DT">the</wf>
<wf cmd="tag" pos="NNS">treasuries</wf>
<punc>,</punc>
<wf cmd="ignore" pos="CC">and</wf>
<wf cmd="ignore" pos="DT">the</wf>
<wf cmd="tag" pos="NN">length</wf>
<wf cmd="ignore" pos="IN">of</wf>
<wf cmd="ignore" pos="DT">the</wf>
<wf cmd="tag" pos="NN">transition</wf>
<wf cmd="tag" pos="NN">interval</wf>
<punc>.</punc>
</s>
<s snum="101">
<wf cmd="tag" pos="JJ">Suitable</wf>
<wf cmd="tag" pos="NNS">plans</wf>
<wf cmd="done" pos="VB" lemma="range" wnsn="1" lexsn="2:42:01::">range</wf>
<wf cmd="ignore" pos="IN">from</wf>
<wf cmd="ignore" pos="DT">those</wf>
<wf cmd="ignore" pos="WDT">that</wf>
<wf cmd="done" pos="VB" lemma="be" wnsn="1" lexsn="2:42:03::">are</wf>
<wf cmd="tag" pos="RB">very</wf>
<wf cmd="tag" pos="JJ">easy</wf>
<wf cmd="ignore" pos="TO">to</wf>
<wf cmd="done" pos="VB" lemma="develop" wnsn="2" lexsn="2:36:00::">develop</wf>
<wf cmd="ignore" pos="TO">to</wf>
<wf cmd="ignore" pos="DT">those</wf>
<wf cmd="ignore" pos="WDT">that</wf>
<wf cmd="done" pos="VB" lemma="be" wnsn="1" lexsn="2:42:03::">are</wf>
<wf cmd="tag" pos="JJ">difficult</wf>
<wf cmd="ignore" pos="TO">to</wf>
<wf cmd="done" pos="VB" lemma="formulate" wnsn="1" lexsn="2:32:03::">formulate</wf>
<wf cmd="ignore" pos="CC">and</wf>
<wf cmd="done" pos="VB" lemma="require" wnsn="1" lexsn="2:42:00::">require</wf>
<wf cmd="tag" pos="NN">borrowing</wf>
<wf cmd="done" pos="VB" lemma="range" wnsn="1" lexsn="2:42:01::">ranging</wf>
<wf cmd="ignore" pos="IN">from</wf>
<wf cmd="tag" pos="JJ">short-term</wf>
<wf cmd="tag" pos="JJ">serial</wf>
<wf cmd="tag" pos="NNS">notes</wf>
<wf cmd="ignore" pos="TO">to</wf>
<wf cmd="tag" pos="JJ">long-term</wf>
<wf cmd="tag" pos="NNS">bonds</wf>
<punc>.</punc>
</s>
</p>
<p pnum="37">
<s snum="102">
<wf cmd="ignore" pos="DT">The</wf>
<wf cmd="tag" pos="JJ">financial</wf>
<wf cmd="tag" pos="NN">problem</wf>
<punc>,</punc>
<wf cmd="ignore" pos="WRB">where</wf>
<wf cmd="ignore" pos="PRP">it</wf>
<wf cmd="done" pos="VB" lemma="exist" wnsn="1" lexsn="2:42:00::">exists</wf>
<punc>,</punc>
<wf cmd="tag" pos="RB">usually</wf>
<wf cmd="done" pos="VB" lemma="stem" wnsn="1" lexsn="2:42:00::">stems</wf>
<wf cmd="done" pos="VB" ot="notag">from</wf>
<wf cmd="ignore" pos="DT">the</wf>
<wf cmd="tag" pos="NN">adoption</wf>
<wf cmd="ignore" pos="IN">of</wf>
<wf cmd="ignore" pos="DT">a</wf>
<wf cmd="tag" pos="NN">budget</wf>
<wf cmd="done" pos="VB" ot="notag">for</wf>
<wf cmd="ignore" pos="DT">the</wf>
<wf cmd="tag" pos="JJ">transitional</wf>
<wf cmd="ignore" pos="CC">or</wf>
<wf cmd="tag" pos="NN">adjustment</wf>
<wf cmd="tag" pos="NN">period</wf>
<punc>.</punc>
</s>
<s snum="103">
<wf cmd="ignore" pos="IN">For</wf>
<wf cmd="ignore" pos="DT">those</wf>
<wf cmd="tag" pos="NNS">communities</wf>
<wf cmd="ignore" pos="WDT">which</wf>
<wf cmd="done" pos="VB" lemma="have" wnsn="2" lexsn="2:42:00::">have</wf>
<wf cmd="tag" pos="JJ">financial</wf>
<wf cmd="tag" pos="NNS">difficulties</wf>
<wf cmd="ignore" pos="IN">in</wf>
<wf cmd="done" pos="VB" lemma="effect" wnsn="1" lexsn="2:36:00::">effecting</wf>
<wf cmd="tag" pos="NNS">adjustments</wf>
<punc>,</punc>
<wf cmd="ignore" pos="EX">there</wf>
<wf cmd="done" pos="VB" ot="notag">are</wf>
<wf cmd="tag" pos="JJ">a_number_of</wf>
<wf cmd="tag" pos="NNS">alternatives</wf>
<wf cmd="ignore" pos="DT">any</wf>
<wf cmd="tag" pos="CD">one</wf>
<wf cmd="tag" pos="RB">of_which</wf>
<wf cmd="tag" pos="RB">alone</wf>
<punc>,</punc>
<wf cmd="ignore" pos="CC">or</wf>
<wf cmd="ignore" pos="IN">in</wf>
<wf cmd="tag" pos="NN">combination</wf>
<wf cmd="ignore" pos="IN">with</wf>
<wf cmd="tag" pos="NNS">others</wf>
<punc>,</punc>
<wf cmd="ignore" pos="MD">would</wf>
<wf cmd="done" pos="VB" lemma="minimize" wnsn="1" lexsn="2:30:00::">minimize</wf>
<wf cmd="tag" pos="RB">if_not</wf>
<wf cmd="tag" pos="RB">even</wf>
<wf cmd="done" pos="VB" lemma="eliminate" wnsn="1" lexsn="2:30:01::">eliminate</wf>
<wf cmd="ignore" pos="DT">the</wf>
<wf cmd="tag" pos="NN">problem</wf>
<punc>.</punc>
</s>
</p>
</context>
</contextfile>
