<contextfile concordance="brown">
<context filename="br-l06" paras="yes">
<p pnum="1">
<s snum="1">
<wf cmd="tag" pos="CD">Eight</wf>
<punc>,</punc>
<wf cmd="tag" pos="CD">nine</wf>
<wf cmd="tag" pos="NNS">steps</wf>
<wf cmd="ignore" pos="IN">above</wf>
<wf cmd="ignore" pos="PRP">him</wf>
<punc>,</punc>
<wf cmd="tag" pos="NNP">Roberts</wf>
<wf cmd="done" pos="VBD" ot="notag">had</wf>
<wf cmd="done" pos="VB" lemma="pause" wnsn="1" lexsn="2:42:00::">paused</wf>
<punc>.</punc>
</s>
<s snum="2">
<wf cmd="tag" pos="NNP">Mickey</wf>
<wf cmd="done" pos="VB" lemma="pause" wnsn="1" lexsn="2:42:00::">paused</wf>
<wf cmd="ignore" pos="IN">with</wf>
<wf cmd="ignore" pos="PRP">him</wf>
<punc>,</punc>
<wf cmd="done" pos="VB" lemma="wait" wnsn="1" lexsn="2:42:00::">waiting</wf>
<punc>,</punc>
<wf cmd="tag" pos="RB">no_longer</wf>
<wf cmd="tag" pos="JJ">impatient</wf>
<punc>,</punc>
<wf cmd="done" pos="VB" lemma="try" wnsn="1" lexsn="2:41:00::">trying</wf>
<wf cmd="tag" pos="RB">now</wf>
<wf cmd="ignore" pos="TO">to</wf>
<wf cmd="done" rdf="think_out" pos="VB" lemma="think_out" wnsn="1" lexsn="2:31:00::">think</wf>
<wf cmd="ignore" pos="PRP">it</wf>
<wf cmd="tag" pos="RB">out</wf>
<punc>,</punc>
<wf cmd="done" pos="VB" lemma="do" wnsn="1" lexsn="2:41:01::">do</wf>
<wf cmd="tag" pos="RB">a_little</wf>
<wf cmd="tag" pos="NN">planning</wf>
<punc>.</punc>
</s>
<s snum="3">
<wf cmd="ignore" pos="PRP">He</wf>
<wf cmd="done" pos="VB" lemma="look" wnsn="1" lexsn="2:39:00::">looked</wf>
<wf cmd="tag" pos="RB">down</wf>
<wf cmd="ignore" pos="IN">over</wf>
<wf cmd="ignore" pos="DT">the</wf>
<wf cmd="tag" pos="NN">banister</wf>
<wf cmd="ignore" pos="IN">at</wf>
<wf cmd="ignore" pos="DT">the</wf>
<wf cmd="tag" pos="NN">hotel</wf>
<wf cmd="tag" pos="NN">desk</wf>
<punc>,</punc>
<wf cmd="ignore" pos="IN">with</wf>
<wf cmd="ignore" pos="DT">the</wf>
<wf cmd="tag" pos="NN">telephone</wf>
<wf cmd="ignore" pos="CC">and</wf>
<wf cmd="tag" pos="NN">pen</wf>
<wf cmd="tag" pos="NN">set</wf>
<punc>.</punc>
</s>
</p>
<p pnum="2">
<s snum="4">
<wf cmd="ignore" pos="IN">If</wf>
<wf cmd="ignore" pos="PRP">I</wf>
<wf cmd="ignore" pos="MD">could</wf>
<wf cmd="done" pos="VB" lemma="call_in" wnsn="5" lexsn="2:32:00::">call_in</wf>
<punc>,</punc>
<wf cmd="ignore" pos="PRP">they</wf>
<wf cmd="ignore" pos="MD">could</wf>
<wf cmd="done" pos="VB" lemma="check" wnsn="3" lexsn="2:31:02::">check</wf>
<wf cmd="ignore" pos="DT">the</wf>
<wf cmd="tag" pos="NN">story</wf>
<wf cmd="ignore" pos="IN">while</wf>
<wf cmd="ignore" pos="PRP">we</wf>
<wf cmd="done" pos="VB" lemma="be" wnsn="1" lexsn="2:42:03::">were</wf>
<wf cmd="done" pos="VB" ot="notag">on</wf>
<wf cmd="ignore" pos="PRP$">our</wf>
<wf cmd="tag" pos="NN">way</wf>
<punc>.</punc>
</s>
<s snum="5">
<wf cmd="ignore" pos="PRP">I</wf>
<wf cmd="ignore" pos="MD">would</wf>
<wf cmd="tag" pos="RB">n't</wf>
<wf cmd="done" pos="VB" ot="notag">have_to</wf>
<wf cmd="done" pos="VB" lemma="tell" wnsn="2" lexsn="2:32:00::">tell</wf>
<wf cmd="ignore" pos="PRP">them</wf>
<wf cmd="ignore" pos="PRP">I</wf>
<wf cmd="done" pos="VB" lemma="have" wnsn="1" lexsn="2:40:00::">had</wf>
<wf cmd="tag" pos="NNP">Roberts</wf>
<punc>-</punc>
</s>
</p>
<p pnum="3">
<s snum="6">
<wf cmd="tag" pos="RB">Then</wf>
<wf cmd="ignore" pos="PRP">he</wf>
<wf cmd="done" pos="VB" lemma="hear" wnsn="1" lexsn="2:39:00::">heard</wf>
<wf cmd="ignore" pos="PRP">it</wf>
<punc>,</punc>
<wf cmd="ignore" pos="IN">like</wf>
<wf cmd="ignore" pos="DT">a</wf>
<wf cmd="tag" pos="JJ">muffled</wf>
<wf cmd="tag" pos="NN">thud</wf>
<punc>,</punc>
<wf cmd="done" pos="VB" lemma="feel" wnsn="3" lexsn="2:39:00::">felt</wf>
<wf cmd="ignore" pos="DT">a</wf>
<wf cmd="tag" pos="JJ">subtle</wf>
<wf cmd="tag" pos="NN">change</wf>
<wf cmd="ignore" pos="IN">in</wf>
<wf cmd="tag" pos="NN">air_pressure</wf>
<punc>.</punc>
</s>
<s snum="7">
<wf cmd="ignore" pos="PRP">He</wf>
<wf cmd="done" pos="VB" lemma="glance" wnsn="1" lexsn="2:39:00::">glanced</wf>
<wf cmd="ignore" pos="IN">up</wf>
<wf cmd="tag" pos="RB">in_time</wf>
<wf cmd="ignore" pos="TO">to</wf>
<wf cmd="done" pos="VB" lemma="see" wnsn="1" lexsn="2:39:00::">see</wf>
<wf cmd="tag" pos="NNP">Roberts</wf>
<wf cmd="done" pos="VB" lemma="hurtle" wnsn="2" lexsn="2:38:00::">hurtling</wf>
<wf cmd="tag" pos="RB">down</wf>
<wf cmd="ignore" pos="IN">on</wf>
<wf cmd="ignore" pos="PRP">him</wf>
<wf cmd="ignore" pos="IN">from</wf>
<wf cmd="tag" pos="RB">above</wf>
<punc>,</punc>
<wf cmd="tag" pos="RB">literally</wf>
<wf cmd="done" pos="VB" lemma="fly" wnsn="1" lexsn="2:38:00::">flying</wf>
<wf cmd="ignore" pos="IN">through</wf>
<wf cmd="ignore" pos="DT">the</wf>
<wf cmd="tag" pos="NN">air</wf>
<punc>,</punc>
<wf cmd="ignore" pos="PRP$">his</wf>
<wf cmd="tag" pos="JJ">bloody</wf>
<wf cmd="tag" pos="NN">face</wf>
<wf cmd="tag" pos="JJ">twisted</wf>
<punc>.</punc>
</s>
<s snum="8">
<wf cmd="tag" pos="NNP">Mickey</wf>
<wf cmd="done" pos="VB" lemma="try" wnsn="1" lexsn="2:41:00::">tried</wf>
<wf cmd="ignore" pos="TO">to</wf>
<wf cmd="done" pos="VB" lemma="flatten" wnsn="1" lexsn="2:30:01::">flatten</wf>
<wf cmd="ignore" pos="IN">against</wf>
<wf cmd="ignore" pos="DT">the</wf>
<wf cmd="tag" pos="NN">banister</wf>
<punc>,</punc>
<wf cmd="done" pos="VB" lemma="grip" wnsn="2" lexsn="2:35:03::">gripped</wf>
<wf cmd="ignore" pos="PRP">it</wf>
<wf cmd="ignore" pos="IN">with</wf>
<wf cmd="tag" pos="CD">one</wf>
<wf cmd="tag" pos="NN">hand</wf>
<punc>,</punc>
<wf cmd="ignore" pos="CC">but</wf>
<wf cmd="tag" pos="NNP">Roberts</wf>
<punc>'</punc>
<wf cmd="tag" pos="JJ">full</wf>
<wf cmd="tag" pos="NN">weight</wf>
<wf cmd="done" pos="VB" lemma="strike" wnsn="1" lexsn="2:35:00::">struck</wf>
<wf cmd="ignore" pos="PRP">him</wf>
<wf cmd="ignore" pos="IN">at</wf>
<wf cmd="tag" pos="RB">that</wf>
<wf cmd="tag" pos="NN">moment</wf>
<wf cmd="ignore" pos="IN">in</wf>
<wf cmd="ignore" pos="DT">the</wf>
<wf cmd="tag" pos="NN">groin</wf>
<punc>.</punc>
</s>
<s snum="9">
<wf cmd="ignore" pos="PRP">He</wf>
<wf cmd="done" pos="VB" lemma="gasp" wnsn="1" lexsn="2:29:00::">gasped</wf>
<wf cmd="ignore" pos="IN">for</wf>
<wf cmd="tag" pos="NN">air</wf>
<wf cmd="ignore" pos="CC">and</wf>
<wf cmd="ignore" pos="DT">the</wf>
<wf cmd="tag" pos="NN">impact</wf>
<wf cmd="done" pos="VB" lemma="tear" wnsn="1" lexsn="2:35:00::">tore</wf>
<wf cmd="ignore" pos="PRP$">his</wf>
<wf cmd="tag" pos="NN">hand</wf>
<wf cmd="ignore" pos="IN">from</wf>
<wf cmd="ignore" pos="DT">the</wf>
<wf cmd="tag" pos="NN">rail</wf>
<punc>.</punc>
</s>
<s snum="10">
<wf cmd="ignore" pos="PRP">He</wf>
<wf cmd="done" pos="VB" lemma="tumble" wnsn="1" lexsn="2:38:00::">tumbled</wf>
<wf cmd="ignore" pos="IN">with</wf>
<wf cmd="tag" pos="NNP">Roberts</wf>
<punc>,</punc>
<wf cmd="tag" pos="JJ">helpless</wf>
<wf cmd="ignore" pos="CC">and</wf>
<wf cmd="ignore" pos="IN">in</wf>
<wf cmd="tag" pos="NN">agony</wf>
<punc>,</punc>
<wf cmd="tag" pos="RB">over_and_over</wf>
<punc>,</punc>
<wf cmd="tag" pos="RB">down</wf>
<wf cmd="ignore" pos="DT">the</wf>
<wf cmd="tag" pos="NNS">steps</wf>
<punc>.</punc>
</s>
</p>
<p pnum="4">
<s snum="11">
<wf cmd="ignore" pos="IN">By</wf>
<wf cmd="ignore" pos="DT">a</wf>
<wf cmd="tag" pos="JJ">wrenching</wf>
<wf cmd="tag" pos="NN">effort</wf>
<punc>,</punc>
<wf cmd="ignore" pos="PRP">he</wf>
<wf cmd="done" pos="VB" lemma="manage" wnsn="1" lexsn="2:41:09::">managed</wf>
<wf cmd="ignore" pos="TO">to</wf>
<wf cmd="done" pos="VB" lemma="hunch" wnsn="1" lexsn="2:38:00::">hunch</wf>
<wf cmd="ignore" pos="CC">and</wf>
<wf cmd="done" pos="VB" lemma="draw_in" wnsn="1" lexsn="2:35:03::">draw_in</wf>
<punc>,</punc>
<wf cmd="ignore" pos="TO">to</wf>
<wf cmd="done" pos="VB" lemma="take" wnsn="15" lexsn="2:39:00::">take</wf>
<wf cmd="ignore" pos="DT">the</wf>
<wf cmd="tag" pos="JJ">final</wf>
<wf cmd="tag" pos="NN">fall</wf>
<wf cmd="done" pos="VB" ot="notag">on</wf>
<wf cmd="ignore" pos="PRP$">his</wf>
<wf cmd="tag" pos="RB">back</wf>
<wf cmd="ignore" pos="CC">and</wf>
<wf cmd="tag" pos="NNS">shoulders</wf>
<wf cmd="tag" pos="RB">rather_than</wf>
<wf cmd="ignore" pos="PRP$">his</wf>
<wf cmd="tag" pos="NN">head</wf>
<punc>.</punc>
</s>
<s snum="12">
<wf cmd="ignore" pos="PRP">He</wf>
<wf cmd="done" pos="VB" lemma="be" wnsn="1" lexsn="2:42:03::">was</wf>
<wf cmd="tag" pos="JJ">fuzzy</wf>
<wf cmd="ignore" pos="IN">in</wf>
<wf cmd="ignore" pos="PRP$">his</wf>
<wf cmd="tag" pos="NN">mind</wf>
<wf cmd="ignore" pos="CC">and</wf>
<punc>,</punc>
<wf cmd="ignore" pos="IN">for</wf>
<wf cmd="ignore" pos="DT">a</wf>
<wf cmd="tag" pos="NN">moment</wf>
<punc>,</punc>
<wf cmd="tag" pos="JJ">helpless</wf>
<wf cmd="ignore" pos="IN">on</wf>
<wf cmd="ignore" pos="DT">the</wf>
<wf cmd="tag" pos="NN">lobby</wf>
<wf cmd="tag" pos="NN">floor</wf>
<punc>,</punc>
<wf cmd="ignore" pos="CC">but</wf>
<wf cmd="ignore" pos="PRP">he</wf>
<wf cmd="done" pos="VB" lemma="be" wnsn="1" lexsn="2:42:03::">was</wf>
<wf cmd="tag" pos="JJ">conscious</wf>
<punc>,</punc>
<wf cmd="ignore" pos="CC">and</wf>
<wf cmd="tag" pos="JJ">free_of</wf>
<wf cmd="ignore" pos="DT">the</wf>
<wf cmd="tag" pos="NN">weight</wf>
<wf cmd="ignore" pos="IN">of</wf>
<wf cmd="tag" pos="NNP">Roberts</wf>
<punc>'</punc>
<wf cmd="tag" pos="NN">body</wf>
<punc>.</punc>
</s>
<s snum="13">
<wf cmd="ignore" pos="WRB">When</wf>
<wf cmd="ignore" pos="PRP$">his</wf>
<wf cmd="tag" pos="NN">vision</wf>
<wf cmd="done" pos="VB" lemma="clear" wnsn="1" lexsn="2:30:02::">cleared</wf>
<wf cmd="ignore" pos="PRP">he</wf>
<wf cmd="done" pos="VB" lemma="see" wnsn="1" lexsn="2:39:00::">saw</wf>
<wf cmd="ignore" pos="DT">the</wf>
<wf cmd="tag" pos="JJR">taller</wf>
<wf cmd="tag" pos="CD">one</wf>
<wf cmd="done" pos="VB" lemma="scramble" wnsn="1" lexsn="2:38:00::">scrambling</wf>
<wf cmd="tag" pos="RB">upward</wf>
<punc>,</punc>
<wf cmd="done" pos="VB" lemma="reach" wnsn="3" lexsn="2:35:00::">reaching</wf>
<punc>.</punc>
</s>
<s snum="14">
<wf cmd="tag" pos="NNP">Mickey</wf>
<wf cmd="done" pos="VB" lemma="be" wnsn="1" lexsn="2:42:03::">was</wf>
<wf cmd="done" pos="VB" ot="notag">on</wf>
<wf cmd="ignore" pos="PRP$">his</wf>
<wf cmd="tag" pos="NNS">knees</wf>
<wf cmd="ignore" pos="WRB">when</wf>
<wf cmd="tag" pos="NNP">Roberts</wf>
<wf cmd="done" pos="VB" lemma="turn" wnsn="1" lexsn="2:38:00::">turned</wf>
<wf cmd="ignore" pos="IN">on</wf>
<wf cmd="ignore" pos="DT">the</wf>
<wf cmd="tag" pos="NNS">stairs</wf>
<wf cmd="ignore" pos="CC">and</wf>
<wf cmd="ignore" pos="DT">the</wf>
<wf cmd="tag" pos="NN">razor</wf>
<wf cmd="done" pos="VB" lemma="flash" wnsn="1" lexsn="2:39:00::">flashed</wf>
<wf cmd="ignore" pos="IN">in</wf>
<wf cmd="ignore" pos="PRP$">his</wf>
<wf cmd="tag" pos="NN">hand</wf>
<punc>.</punc>
</s>
<s snum="15">
<wf cmd="ignore" pos="PRP">He</wf>
<wf cmd="done" pos="VB" lemma="feel" wnsn="8" lexsn="2:39:10::">felt</wf>
<wf cmd="ignore" pos="PRP$">his</wf>
<wf cmd="tag" pos="JJ">empty</wf>
<wf cmd="tag" pos="NN">pocket</wf>
<wf cmd="ignore" pos="CC">and</wf>
<wf cmd="done" pos="VB" lemma="know" wnsn="1" lexsn="2:31:01::">knew</wf>
<wf cmd="ignore" pos="IN">that</wf>
<wf cmd="tag" pos="NNP">Roberts</wf>
<wf cmd="done" pos="VBD" ot="notag">had</wf>
<wf cmd="done" pos="VB" lemma="retrieve" wnsn="1" lexsn="2:40:00::">retrieved</wf>
<wf cmd="ignore" pos="DT">the</wf>
<wf cmd="tag" pos="JJ">only</wf>
<wf cmd="tag" pos="NN">weapon</wf>
<wf cmd="tag" pos="JJ">at_hand</wf>
<punc>.</punc>
</s>
</p>
<p pnum="5">
<s snum="16">
<wf cmd="tag" pos="NNP">Mickey</wf>
<wf cmd="ignore" pos="POS">'s</wf>
<wf cmd="tag" pos="NNS">eyes</wf>
<wf cmd="done" pos="VB" lemma="fix" wnsn="8" lexsn="2:30:00::">fixed</wf>
<wf cmd="ignore" pos="IN">on</wf>
<wf cmd="ignore" pos="DT">the</wf>
<wf cmd="tag" pos="JJ">other</wf>
<wf cmd="ignore" pos="POS">'s</wf>
<wf cmd="tag" pos="NNS">feet</wf>
<punc>,</punc>
<wf cmd="ignore" pos="WDT">which</wf>
<wf cmd="ignore" pos="MD">would</wf>
<wf cmd="tag" pos="JJ">first</wf>
<wf cmd="done" pos="VB" lemma="betray" wnsn="1" lexsn="2:32:01::">betray</wf>
<wf cmd="ignore" pos="DT">the</wf>
<wf cmd="tag" pos="NN">moment</wf>
<wf cmd="ignore" pos="CC">and</wf>
<wf cmd="tag" pos="NN">direction</wf>
<wf cmd="ignore" pos="IN">of</wf>
<wf cmd="ignore" pos="DT">an</wf>
<wf cmd="tag" pos="NN">attack</wf>
<punc>.</punc>
</s>
<s snum="17">
<wf cmd="ignore" pos="PRP">He</wf>
<wf cmd="done" pos="VB" lemma="rise" wnsn="3" lexsn="2:38:05::">rose</wf>
<wf cmd="tag" pos="RB">stiffly</wf>
<punc>,</punc>
<wf cmd="done" pos="VB" lemma="force" wnsn="5" lexsn="2:35:00::">forcing</wf>
<wf cmd="ignore" pos="PRP$">his</wf>
<wf cmd="tag" pos="NNS">knees</wf>
<wf cmd="ignore" pos="TO">to</wf>
<wf cmd="done" pos="VB" lemma="lock" wnsn="3" lexsn="2:30:00::">lock</wf>
<punc>.</punc>
</s>
<s snum="18">
<wf cmd="ignore" pos="DT">The</wf>
<wf cmd="tag" pos="JJ">knifelike</wf>
<wf cmd="tag" pos="NN">pain</wf>
<wf cmd="ignore" pos="IN">in</wf>
<wf cmd="ignore" pos="PRP$">his</wf>
<wf cmd="tag" pos="NN">groin</wf>
<wf cmd="tag" pos="RB">nearly</wf>
<wf cmd="done" pos="VB" lemma="bring" wnsn="2" lexsn="2:35:04::">brought</wf>
<wf cmd="ignore" pos="PRP">him</wf>
<wf cmd="tag" pos="RB">down</wf>
<wf cmd="tag" pos="RB">again</wf>
<punc>.</punc>
</s>
<s snum="19">
<wf cmd="ignore" pos="PRP">He</wf>
<wf cmd="done" pos="VB" lemma="make" wnsn="2" lexsn="2:30:00::">made</wf>
<wf cmd="ignore" pos="PRP">himself</wf>
<wf cmd="done" pos="VB" lemma="back_off" wnsn="1" lexsn="2:38:00::">back_off</wf>
<wf cmd="tag" pos="RB">slowly</wf>
<punc>,</punc>
<wf cmd="ignore" pos="PRP$">his</wf>
<wf cmd="tag" pos="NNS">eyes</wf>
<wf cmd="tag" pos="JJ">wary</wf>
<wf cmd="ignore" pos="IN">on</wf>
<wf cmd="tag" pos="NNP">Roberts</wf>
<punc>,</punc>
<wf cmd="ignore" pos="WP">who</wf>
<wf cmd="tag" pos="RB">now</wf>
<wf cmd="done" pos="VB" lemma="have" wnsn="1" lexsn="2:40:00::">had</wf>
<wf cmd="tag" pos="RB">no_more</wf>
<wf cmd="ignore" pos="TO">to</wf>
<wf cmd="done" pos="VB" lemma="lose" wnsn="1" lexsn="2:40:02::">lose</wf>
<wf cmd="ignore" pos="IN">than</wf>
<wf cmd="ignore" pos="PRP">he</wf>
<punc>.</punc>
</s>
<s snum="20">
<wf cmd="ignore" pos="DT">The</wf>
<wf cmd="tag" pos="NN">pain</wf>
<wf cmd="done" pos="VB" lemma="dull" wnsn="2" lexsn="2:30:00::">dulled</wf>
<wf cmd="ignore" pos="IN">as</wf>
<wf cmd="ignore" pos="PRP">he</wf>
<wf cmd="done" pos="VB" lemma="move" wnsn="1" lexsn="2:38:03::">moved</wf>
<punc>,</punc>
<wf cmd="ignore" pos="CC">and</wf>
<wf cmd="ignore" pos="PRP">he</wf>
<wf cmd="done" pos="VB" lemma="steady" wnsn="2" lexsn="2:35:00::">steadied</wf>
<wf cmd="tag" pos="RB">inside</wf>
<punc>.</punc>
</s>
<s snum="21">
<wf cmd="ignore" pos="IN">After</wf>
<wf cmd="ignore" pos="DT">a</wf>
<wf cmd="tag" pos="NN">moment</wf>
<wf cmd="ignore" pos="PRP">he</wf>
<wf cmd="done" pos="VB" lemma="extend" wnsn="5" lexsn="2:29:01::">extended</wf>
<wf cmd="tag" pos="CD">one</wf>
<wf cmd="tag" pos="NN">hand</wf>
<punc>,</punc>
<wf cmd="ignore" pos="DT">the</wf>
<wf cmd="tag" pos="NNS">fingers</wf>
<wf cmd="tag" pos="JJ">curled</wf>
<punc>.</punc>
</s>
</p>
<p pnum="6">
<s snum="22">
<punc>``</punc>
<wf cmd="done" pos="VB" ot="notag">Come_on</wf>
<punc>''</punc>
<punc>,</punc>
<wf cmd="ignore" pos="PRP">he</wf>
<wf cmd="done" pos="VB" lemma="say" wnsn="1" lexsn="2:32:00::">said</wf>
<punc>.</punc>
</s>
<s snum="23">
<punc>``</punc>
<wf cmd="ignore" pos="PRP">You</wf>
<wf cmd="done" pos="VB" lemma="want" wnsn="1" lexsn="2:37:00::">want</wf>
<wf cmd="done" pos="VB" ot="notag">to</wf>
<wf cmd="done" pos="VB" lemma="be" wnsn="2" lexsn="2:42:06::">be</wf>
<wf cmd="ignore" pos="IN">that</wf>
<wf cmd="tag" pos="JJ">big</wf>
<wf cmd="ignore" pos="DT">a</wf>
<wf cmd="tag" pos="NN">fool</wf>
<punc>-</punc>
<wf cmd="ignore" pos="PRP">I</wf>
<wf cmd="done" pos="VBD" ot="notag">was</wf>
<wf cmd="done" pos="VB" lemma="hope" wnsn="3" lexsn="2:31:00::">hoping</wf>
<wf cmd="ignore" pos="IN">for</wf>
<wf cmd="ignore" pos="DT">this</wf>
<punc>''</punc>
<punc>.</punc>
</s>
</p>
<p pnum="7">
<s snum="24">
<wf cmd="tag" pos="NNP">Roberts</wf>
<wf cmd="done" pos="VB" lemma="brush" wnsn="2" lexsn="2:35:00::">brushed</wf>
<wf cmd="ignore" pos="IN">at</wf>
<wf cmd="ignore" pos="PRP$">his</wf>
<wf cmd="tag" pos="NNS">eyes</wf>
<wf cmd="ignore" pos="IN">with</wf>
<wf cmd="ignore" pos="PRP$">his</wf>
<wf cmd="tag" pos="JJ">free</wf>
<wf cmd="tag" pos="NN">hand</wf>
<wf cmd="ignore" pos="CC">and</wf>
<wf cmd="done" pos="VB" lemma="start" wnsn="1" lexsn="2:30:00::">started</wf>
<wf cmd="tag" pos="RB">down</wf>
<wf cmd="ignore" pos="DT">the</wf>
<wf cmd="tag" pos="NNS">steps</wf>
<punc>.</punc>
</s>
<s snum="25">
<wf cmd="ignore" pos="PRP">He</wf>
<wf cmd="done" pos="VB" lemma="hold" wnsn="2" lexsn="2:35:00::">held</wf>
<wf cmd="ignore" pos="DT">the</wf>
<wf cmd="tag" pos="NN">razor</wf>
<wf cmd="tag" pos="RB">well</wf>
<wf cmd="tag" pos="RB">out</wf>
<wf cmd="ignore" pos="TO">to</wf>
<wf cmd="tag" pos="CD">one</wf>
<wf cmd="tag" pos="NN">side</wf>
<punc>.</punc>
</s>
<s snum="26">
<wf cmd="ignore" pos="PRP">He</wf>
<wf cmd="done" pos="VB" lemma="be" wnsn="1" lexsn="2:42:03::">was</wf>
<wf cmd="tag" pos="JJ">invulnerable</wf>
<wf cmd="ignore" pos="TO">to</wf>
<wf cmd="tag" pos="NN">attack</wf>
<punc>,</punc>
<wf cmd="ignore" pos="CC">but</wf>
<wf cmd="ignore" pos="PRP">he</wf>
<wf cmd="ignore" pos="MD">could</wf>
<wf cmd="done" pos="VB" ot="notag">be</wf>
<wf cmd="done" pos="VB" lemma="handle" wnsn="2" lexsn="2:41:03::">handled</wf>
<punc>,</punc>
<wf cmd="tag" pos="NNP">Mickey</wf>
<wf cmd="done" pos="VB" lemma="know" wnsn="1" lexsn="2:31:01::">knew</wf>
<punc>,</punc>
<wf cmd="ignore" pos="IN">if</wf>
<wf cmd="ignore" pos="PRP">he</wf>
<wf cmd="ignore" pos="MD">could</wf>
<wf cmd="done" pos="VB" ot="notag">be</wf>
<wf cmd="done" pos="VB" lemma="bring" wnsn="2" lexsn="2:35:04::">brought</wf>
<wf cmd="done" pos="VB" ot="notag">to</wf>
<wf cmd="done" pos="VB" lemma="make" wnsn="1" lexsn="2:41:00::">make</wf>
<wf cmd="ignore" pos="DT">the</wf>
<wf cmd="tag" pos="JJ">first</wf>
<wf cmd="tag" pos="NN">move</wf>
<punc>.</punc>
</s>
</p>
<p pnum="8">
<s snum="27">
<wf cmd="ignore" pos="PRP">They</wf>
<wf cmd="done" pos="VB" lemma="be" wnsn="3" lexsn="2:42:05::">were</wf>
<wf cmd="tag" pos="CD">eight</wf>
<wf cmd="tag" pos="NNS">feet</wf>
<wf cmd="tag" pos="RB">apart</wf>
<wf cmd="ignore" pos="WRB">when</wf>
<wf cmd="tag" pos="NNP">Roberts</wf>
<wf cmd="done" pos="VB" lemma="clear" wnsn="9" lexsn="2:38:00::">cleared</wf>
<wf cmd="ignore" pos="DT">the</wf>
<wf cmd="tag" pos="JJ">last</wf>
<wf cmd="tag" pos="NN">step</wf>
<punc>.</punc>
</s>
<s snum="28">
<wf cmd="tag" pos="NNP">Mickey</wf>
<wf cmd="done" pos="VB" lemma="wait" wnsn="1" lexsn="2:42:00::">waited</wf>
<wf cmd="ignore" pos="IN">with</wf>
<wf cmd="tag" pos="JJ">slack</wf>
<wf cmd="tag" pos="NNS">arms</wf>
<punc>.</punc>
</s>
</p>
<p pnum="9">
<s snum="29">
<punc>``</punc>
<wf cmd="ignore" pos="DT">Any</wf>
<wf cmd="tag" pos="NN">time</wf>
<punc>,</punc>
<wf cmd="tag" pos="NNP">Roberts</wf>
<punc>''</punc>
<punc>,</punc>
<wf cmd="ignore" pos="PRP">he</wf>
<wf cmd="done" pos="VB" lemma="say" wnsn="1" lexsn="2:32:00::">said</wf>
<punc>.</punc>
</s>
<s snum="30">
<punc>``</punc>
<wf cmd="ignore" pos="CC">Or</wf>
<wf cmd="ignore" pos="MD">would</wf>
<wf cmd="ignore" pos="PRP">it</wf>
<wf cmd="done" pos="VB" lemma="be" wnsn="1" lexsn="2:42:03::">be</wf>
<wf cmd="tag" pos="JJR">easier</wf>
<wf cmd="ignore" pos="IN">if</wf>
<wf cmd="ignore" pos="PRP">I</wf>
<wf cmd="done" pos="VB" lemma="put" wnsn="2" lexsn="2:35:05::">put</wf>
<wf cmd="ignore" pos="PRP$">my</wf>
<wf cmd="tag" pos="NNS">hands</wf>
<wf cmd="ignore" pos="IN">in</wf>
<wf cmd="ignore" pos="PRP$">my</wf>
<wf cmd="tag" pos="NNS">pockets</wf>
<punc>''</punc>
<punc>?</punc>
</s>
</p>
<p pnum="10">
<s snum="31">
<wf cmd="ignore" pos="DT">The</wf>
<wf cmd="tag" pos="NN">taunt</wf>
<wf cmd="done" pos="VBD" ot="notag">was</wf>
<wf cmd="done" pos="VB" lemma="lose" wnsn="1" lexsn="2:40:02::">lost</wf>
<wf cmd="ignore" pos="IN">on</wf>
<wf cmd="tag" pos="NNP">Roberts</wf>
<punc>.</punc>
</s>
<s snum="32">
<wf cmd="ignore" pos="PRP">He</wf>
<wf cmd="done" pos="VB" lemma="advance" wnsn="1" lexsn="2:38:00::">advanced</wf>
<wf cmd="tag" pos="RB">slowly</wf>
<punc>,</punc>
<wf cmd="tag" pos="RB">directly</wf>
<punc>,</punc>
<wf cmd="done" pos="VB" lemma="give" wnsn="4" lexsn="2:40:07::">giving</wf>
<wf cmd="ignore" pos="DT">no</wf>
<wf cmd="tag" pos="NN">hint</wf>
<wf cmd="ignore" pos="IN">of</wf>
<wf cmd="ignore" pos="DT">a</wf>
<wf cmd="tag" pos="NN">feint</wf>
<wf cmd="ignore" pos="TO">to</wf>
<wf cmd="ignore" pos="DT">either</wf>
<wf cmd="tag" pos="NN">side</wf>
<punc>.</punc>
</s>
<s snum="33">
<wf cmd="ignore" pos="PRP">He</wf>
<wf cmd="done" pos="VB" lemma="be" wnsn="3" lexsn="2:42:05::">was</wf>
<wf cmd="tag" pos="RB">just</wf>
<wf cmd="tag" pos="JJ">short</wf>
<wf cmd="ignore" pos="IN">of</wf>
<wf cmd="tag" pos="NN">arm</wf>
<wf cmd="ignore" pos="POS">'s</wf>
<wf cmd="tag" pos="NN">reach</wf>
<wf cmd="ignore" pos="WRB">when</wf>
<wf cmd="ignore" pos="PRP">he</wf>
<wf cmd="done" pos="VB" lemma="stop" wnsn="1" lexsn="2:38:00::">stopped</wf>
<punc>.</punc>
</s>
<s snum="34">
<wf cmd="tag" pos="NNP">Mickey</wf>
<wf cmd="done" pos="VB" lemma="back_off" wnsn="1" lexsn="2:38:00::">backed_off</wf>
<wf cmd="tag" pos="CD">two</wf>
<wf cmd="tag" pos="NNS">steps</wf>
<punc>,</punc>
<wf cmd="done" pos="VB" lemma="force" wnsn="2" lexsn="2:36:00::">forcing</wf>
<wf cmd="ignore" pos="PRP">him</wf>
<wf cmd="ignore" pos="TO">to</wf>
<wf cmd="done" pos="VB" lemma="come_on" wnsn="2" lexsn="2:38:00::">come_on</wf>
<wf cmd="tag" pos="RB">again</wf>
<punc>.</punc>
</s>
<s snum="35">
<wf cmd="ignore" pos="EX">There</wf>
<wf cmd="done" pos="VB" lemma="be" wnsn="5" lexsn="2:42:04::">was</wf>
<wf cmd="ignore" pos="DT">a</wf>
<wf cmd="tag" pos="JJ">fixed</wf>
<wf cmd="tag" pos="NN">grin</wf>
<wf cmd="ignore" pos="IN">on</wf>
<wf cmd="tag" pos="NNP">Roberts</wf>
<punc>'</punc>
<wf cmd="tag" pos="NN">face</wf>
<punc>,</punc>
<wf cmd="done" pos="VB" lemma="make" wnsn="2" lexsn="2:30:00::">made</wf>
<wf cmd="tag" pos="JJ">hideous</wf>
<wf cmd="ignore" pos="IN">by</wf>
<wf cmd="ignore" pos="DT">the</wf>
<wf cmd="tag" pos="JJ">swollen</wf>
<wf cmd="tag" pos="NN">nose</wf>
<wf cmd="ignore" pos="CC">and</wf>
<wf cmd="ignore" pos="DT">the</wf>
<wf cmd="tag" pos="JJ">smeared</wf>
<wf cmd="tag" pos="NN">blood</wf>
<punc>.</punc>
</s>
</p>
<p pnum="11">
<s snum="36">
<wf cmd="tag" pos="NNP">Mickey</wf>
<wf cmd="done" pos="VB" lemma="back_off" wnsn="1" lexsn="2:38:00::">backed_off</wf>
<wf cmd="tag" pos="RB">again</wf>
<wf cmd="ignore" pos="CC">and</wf>
<wf cmd="tag" pos="NNP">Roberts</wf>
<wf cmd="done" pos="VB" lemma="hesitate" wnsn="1" lexsn="2:42:00::">hesitated</wf>
<punc>,</punc>
<wf cmd="tag" pos="RB">then</wf>
<wf cmd="done" pos="VB" lemma="come" wnsn="1" lexsn="2:38:00::">came</wf>
<wf cmd="tag" pos="RB">along</wf>
<punc>.</punc>
</s>
<s snum="37">
<wf cmd="ignore" pos="PRP">They</wf>
<wf cmd="done" pos="VB" lemma="move" wnsn="1" lexsn="2:38:03::">moved</wf>
<wf cmd="done" pos="VB" ot="notag">in</wf>
<wf cmd="ignore" pos="DT">a</wf>
<wf cmd="tag" pos="NN">series</wf>
<wf cmd="ignore" pos="IN">of</wf>
<wf cmd="tag" pos="JJ">rhythmic</wf>
<wf cmd="tag" pos="NNS">fits</wf>
<wf cmd="ignore" pos="CC">and</wf>
<wf cmd="tag" pos="NN">starts</wf>
<punc>,</punc>
<wf cmd="ignore" pos="DT">a</wf>
<wf cmd="tag" pos="JJ">macabre</wf>
<wf cmd="tag" pos="NN">dance</wf>
<punc>-</punc>
<wf cmd="tag" pos="CD">two</wf>
<wf cmd="tag" pos="NNS">steps</wf>
<wf cmd="tag" pos="RB">back</wf>
<punc>,</punc>
<wf cmd="tag" pos="CD">two</wf>
<wf cmd="tag" pos="NN">steps</wf>
<wf cmd="tag" pos="JJ">forward</wf>
<punc>,</punc>
<wf cmd="tag" pos="CD">two</wf>
<wf cmd="tag" pos="NNS">steps</wf>
<wf cmd="tag" pos="RB">back</wf>
<punc>.</punc>
</s>
<s snum="38">
<wf cmd="tag" pos="NNP">Mickey</wf>
<wf cmd="done" pos="VB" lemma="feel" wnsn="3" lexsn="2:39:00::">felt</wf>
<wf cmd="ignore" pos="PRP$">his</wf>
<wf cmd="tag" pos="NNS">shoulders</wf>
<wf cmd="done" pos="VB" lemma="come_up" wnsn="3" lexsn="2:38:02::">come_up</wf>
<wf cmd="ignore" pos="IN">against</wf>
<wf cmd="ignore" pos="DT">the</wf>
<wf cmd="tag" pos="NN">wall</wf>
<wf cmd="ignore" pos="IN">beside</wf>
<wf cmd="ignore" pos="DT">the</wf>
<wf cmd="tag" pos="JJ">heavy</wf>
<wf cmd="tag" pos="NN">slab</wf>
<wf cmd="tag" pos="NN">front_door</wf>
<punc>.</punc>
</s>
<s snum="39">
<wf cmd="ignore" pos="DT">This</wf>
<wf cmd="done" pos="VBD" ot="notag">was</wf>
<wf cmd="done" pos="VB" ot="notag">going_to</wf>
<wf cmd="done" pos="VB" lemma="be" wnsn="1" lexsn="2:42:03::">be</wf>
<wf cmd="ignore" pos="PRP">it</wf>
<wf cmd="tag" pos="RB">now</wf>
<punc>,</punc>
<wf cmd="ignore" pos="DT">any</wf>
<wf cmd="tag" pos="JJ">second</wf>
<punc>,</punc>
<wf cmd="ignore" pos="CC">and</wf>
<wf cmd="ignore" pos="WP">what</wf>
<wf cmd="ignore" pos="PRP">he</wf>
<wf cmd="done" pos="VB" ot="notag">had</wf>
<wf cmd="done" pos="VB" ot="notag">to</wf>
<wf cmd="done" pos="VB" lemma="remember" wnsn="2" lexsn="2:31:01::">remember</wf>
<wf cmd="done" pos="VB" lemma="be" wnsn="2" lexsn="2:42:06::">was</wf>
<wf cmd="ignore" pos="TO">to</wf>
<wf cmd="done" pos="VB" lemma="keep" wnsn="1" lexsn="2:42:00::">keep</wf>
<wf cmd="ignore" pos="PRP$">his</wf>
<wf cmd="tag" pos="NN">eye</wf>
<wf cmd="ignore" pos="IN">on</wf>
<wf cmd="ignore" pos="DT">the</wf>
<wf cmd="tag" pos="NN">razor</wf>
<punc>,</punc>
<wf cmd="tag" pos="RB">no_matter</wf>
<wf cmd="ignore" pos="WP">what</wf>
<punc>,</punc>
<wf cmd="tag" pos="RB">even</wf>
<wf cmd="ignore" pos="IN">if</wf>
<wf cmd="tag" pos="NNP">Roberts</wf>
<wf cmd="ignore" pos="MD">should</wf>
<wf cmd="done" pos="VB" lemma="feint" wnsn="1" lexsn="2:36:00::">feint</wf>
<wf cmd="ignore" pos="IN">with</wf>
<wf cmd="ignore" pos="DT">a</wf>
<wf cmd="tag" pos="NN">kick</wf>
<wf cmd="ignore" pos="TO">to</wf>
<wf cmd="ignore" pos="DT">the</wf>
<wf cmd="tag" pos="NN">groin</wf>
<punc>,</punc>
<wf cmd="ignore" pos="DT">the</wf>
<wf cmd="tag" pos="JJ">deadly</wf>
<wf cmd="tag" pos="NN">hand</wf>
<wf cmd="done" pos="VB" lemma="be" wnsn="2" lexsn="2:42:06::">was</wf>
<wf cmd="ignore" pos="PRP$">his</wf>
<wf cmd="tag" pos="JJ">exclusive</wf>
<wf cmd="tag" pos="NN">concern</wf>
<punc>.</punc>
</s>
</p>
<p pnum="12">
<s snum="40">
<wf cmd="ignore" pos="DT">The</wf>
<wf cmd="tag" pos="NN">kick</wf>
<wf cmd="done" pos="VB" lemma="come" wnsn="3" lexsn="2:30:01::">came</wf>
<punc>,</punc>
<wf cmd="tag" pos="JJ">sudden</wf>
<wf cmd="ignore" pos="CC">and</wf>
<wf cmd="tag" pos="JJ">vicious</wf>
<wf cmd="ignore" pos="CC">but</wf>
<wf cmd="tag" pos="JJ">short</wf>
<punc>.</punc>
</s>
<s snum="41">
<wf cmd="tag" pos="NNP">Mickey</wf>
<wf cmd="ignore" pos="POS">'s</wf>
<wf cmd="tag" pos="NNS">guts</wf>
<wf cmd="done" pos="VB" lemma="twist" wnsn="2" lexsn="2:35:02::">twisted</wf>
<wf cmd="ignore" pos="IN">with</wf>
<wf cmd="ignore" pos="DT">the</wf>
<wf cmd="tag" pos="NN">effort</wf>
<punc>,</punc>
<wf cmd="ignore" pos="CC">but</wf>
<wf cmd="ignore" pos="PRP">he</wf>
<wf cmd="done" pos="VB" lemma="keep" wnsn="1" lexsn="2:42:00::">kept</wf>
<wf cmd="ignore" pos="PRP$">his</wf>
<wf cmd="tag" pos="NN">eye</wf>
<wf cmd="ignore" pos="IN">on</wf>
<wf cmd="ignore" pos="DT">the</wf>
<wf cmd="tag" pos="NN">weapon</wf>
<punc>.</punc>
</s>
<s snum="42">
<wf cmd="ignore" pos="PRP">It</wf>
<wf cmd="done" pos="VB" lemma="move" wnsn="1" lexsn="2:38:03::">moved</wf>
<wf cmd="done" pos="VB" ot="notag">in</wf>
<wf cmd="ignore" pos="DT">a</wf>
<wf cmd="tag" pos="NN">silver</wf>
<wf cmd="tag" pos="NN">arc</wf>
<wf cmd="ignore" pos="IN">toward</wf>
<wf cmd="ignore" pos="PRP$">his</wf>
<wf cmd="tag" pos="NN">throat</wf>
<punc>,</punc>
<wf cmd="tag" pos="RB">then</wf>
<wf cmd="done" pos="VB" lemma="veer" wnsn="1" lexsn="2:38:00::">veered</wf>
<wf cmd="tag" pos="JJ">downward</wf>
<punc>.</punc>
</s>
<s snum="43">
<wf cmd="ignore" pos="PRP">He</wf>
<wf cmd="done" pos="VB" lemma="hunch" wnsn="1" lexsn="2:38:00::">hunched</wf>
<wf cmd="ignore" pos="PRP$">his</wf>
<wf cmd="tag" pos="JJ">left</wf>
<wf cmd="tag" pos="NN">shoulder</wf>
<wf cmd="ignore" pos="IN">into</wf>
<wf cmd="ignore" pos="PRP">it</wf>
<wf cmd="ignore" pos="CC">and</wf>
<wf cmd="done" pos="VB" lemma="slash" wnsn="2" lexsn="2:35:02::">slashed</wf>
<wf cmd="ignore" pos="IN">at</wf>
<wf cmd="tag" pos="NNP">Roberts</wf>
<punc>'</punc>
<wf cmd="tag" pos="NN">forearm</wf>
<wf cmd="ignore" pos="IN">with</wf>
<wf cmd="ignore" pos="PRP$">his</wf>
<wf cmd="tag" pos="JJ">own</wf>
<punc>,</punc>
<wf cmd="done" pos="VB" lemma="feel" wnsn="3" lexsn="2:39:00::">felt</wf>
<wf cmd="ignore" pos="DT">the</wf>
<wf cmd="tag" pos="NN">blade</wf>
<wf cmd="done" pos="VB" lemma="slide" wnsn="1" lexsn="2:38:01::">slide</wf>
<wf cmd="ignore" pos="IN">off</wf>
<wf cmd="ignore" pos="PRP$">his</wf>
<wf cmd="tag" pos="NN">sleeve</wf>
<punc>.</punc>
</s>
<s snum="44">
<wf cmd="ignore" pos="IN">Before</wf>
<wf cmd="tag" pos="NNP">Roberts</wf>
<wf cmd="ignore" pos="MD">could</wf>
<wf cmd="done" pos="VB" lemma="move" wnsn="3" lexsn="2:38:00::">move</wf>
<wf cmd="tag" pos="RB">inside</wf>
<wf cmd="ignore" pos="TO">to</wf>
<wf cmd="done" pos="VB" lemma="cut" wnsn="8" lexsn="2:35:07::">cut</wf>
<wf cmd="tag" pos="RB">upward</wf>
<wf cmd="ignore" pos="IN">toward</wf>
<wf cmd="ignore" pos="PRP$">his</wf>
<wf cmd="tag" pos="NN">face</wf>
<punc>,</punc>
<wf cmd="ignore" pos="PRP">he</wf>
<wf cmd="done" pos="VB" lemma="slam" wnsn="2" lexsn="2:35:00::">slammed</wf>
<wf cmd="ignore" pos="PRP$">his</wf>
<wf cmd="tag" pos="NN">right</wf>
<wf cmd="tag" pos="NN">fist</wf>
<wf cmd="ignore" pos="IN">into</wf>
<wf cmd="tag" pos="NNP">Roberts</wf>
<punc>'</punc>
<wf cmd="tag" pos="NN">belly</wf>
<punc>.</punc>
</s>
<s snum="45">
<wf cmd="tag" pos="NNP">Roberts</wf>
<wf cmd="done" pos="VB" lemma="sag" wnsn="1" lexsn="2:38:00::">sagged</wf>
<wf cmd="ignore" pos="CC">and</wf>
<wf cmd="done" pos="VB" lemma="slash" wnsn="2" lexsn="2:35:02::">slashed</wf>
<wf cmd="ignore" pos="IN">at</wf>
<wf cmd="ignore" pos="PRP">him</wf>
<wf cmd="tag" pos="RB">wildly</wf>
<punc>.</punc>
</s>
<s snum="46">
<wf cmd="done" pos="VB" lemma="duck" wnsn="1" lexsn="2:38:00::">Ducking</wf>
<punc>,</punc>
<wf cmd="tag" pos="NNP">Mickey</wf>
<wf cmd="done" pos="VB" lemma="trip" wnsn="1" lexsn="2:38:00::">tripped</wf>
<wf cmd="ignore" pos="CC">and</wf>
<wf cmd="done" pos="VB" lemma="fall" wnsn="1" lexsn="2:38:03::">fell</wf>
<wf cmd="done" pos="VB" ot="notag">to</wf>
<wf cmd="tag" pos="CD">one</wf>
<wf cmd="tag" pos="NN">side</wf>
<punc>,</punc>
<wf cmd="done" pos="VB" lemma="land" wnsn="1" lexsn="2:38:00::">landing</wf>
<wf cmd="tag" pos="RB">heavily</wf>
<wf cmd="ignore" pos="IN">on</wf>
<wf cmd="ignore" pos="DT">the</wf>
<wf cmd="tag" pos="NN">wood</wf>
<wf cmd="tag" pos="NN">floor</wf>
<punc>.</punc>
</s>
<s snum="47">
<wf cmd="tag" pos="RB">Then</wf>
<wf cmd="tag" pos="NNP">Roberts</wf>
<wf cmd="done" pos="VB" lemma="be" wnsn="1" lexsn="2:42:03::">was</wf>
<wf cmd="done" pos="VB" ot="notag">on</wf>
<wf cmd="ignore" pos="PRP">him</wf>
<punc>,</punc>
<wf cmd="done" pos="VB" lemma="gasp" wnsn="1" lexsn="2:29:00::">gasping</wf>
<wf cmd="ignore" pos="IN">for</wf>
<wf cmd="tag" pos="NN">breath</wf>
<wf cmd="ignore" pos="CC">and</wf>
<wf cmd="ignore" pos="IN">for</wf>
<wf cmd="tag" pos="JJ">a_couple_of</wf>
<wf cmd="tag" pos="NNS">seconds</wf>
<wf cmd="tag" pos="NNP">Mickey</wf>
<wf cmd="done" pos="VB" lemma="lose" wnsn="1" lexsn="2:40:02::">lost</wf>
<wf cmd="tag" pos="NN">sight</wf>
<wf cmd="done" pos="VB" ot="notag">of</wf>
<wf cmd="ignore" pos="DT">the</wf>
<wf cmd="tag" pos="NN">blade</wf>
<punc>.</punc>
</s>
<s snum="48">
<wf cmd="ignore" pos="PRP">He</wf>
<wf cmd="done" pos="VB" lemma="feel" wnsn="3" lexsn="2:39:00::">felt</wf>
<wf cmd="ignore" pos="PRP">it</wf>
<wf cmd="done" pos="VB" lemma="rip" wnsn="1" lexsn="2:35:00::">rip</wf>
<wf cmd="ignore" pos="IN">at</wf>
<wf cmd="ignore" pos="DT">the</wf>
<wf cmd="tag" pos="NN">side</wf>
<wf cmd="ignore" pos="IN">of</wf>
<wf cmd="ignore" pos="PRP$">his</wf>
<wf cmd="tag" pos="NN">jacket</wf>
<wf cmd="ignore" pos="CC">and</wf>
<wf cmd="ignore" pos="DT">a</wf>
<wf cmd="tag" pos="JJ">momentary</wf>
<wf cmd="tag" pos="NN">sting</wf>
<wf cmd="ignore" pos="IN">under</wf>
<wf cmd="ignore" pos="PRP$">his</wf>
<wf cmd="tag" pos="JJ">left</wf>
<wf cmd="tag" pos="NNS">ribs</wf>
<punc>.</punc>
</s>
<s snum="49">
<wf cmd="ignore" pos="PRP">He</wf>
<wf cmd="done" pos="VB" lemma="get" wnsn="3" lexsn="2:30:02::">got</wf>
<wf cmd="ignore" pos="DT">a</wf>
<wf cmd="tag" pos="NN">knee</wf>
<wf cmd="ignore" pos="IN">up</wf>
<wf cmd="ignore" pos="IN">into</wf>
<wf cmd="tag" pos="NNP">Roberts</wf>
<punc>'</punc>
<wf cmd="tag" pos="NN">belly</wf>
<punc>,</punc>
<wf cmd="done" pos="VB" lemma="use" wnsn="1" lexsn="2:34:01::">used</wf>
<wf cmd="ignore" pos="DT">both</wf>
<wf cmd="tag" pos="NNS">hands</wf>
<wf cmd="ignore" pos="CC">and</wf>
<wf cmd="done" pos="VB" lemma="heave" wnsn="2" lexsn="2:35:01::">heaved</wf>
<wf cmd="ignore" pos="PRP">him</wf>
<wf cmd="tag" pos="JJ">clear</wf>
<punc>,</punc>
<wf cmd="tag" pos="RB">then</wf>
<wf cmd="done" pos="VB" lemma="scramble" wnsn="1" lexsn="2:38:00::">scrambled</wf>
<wf cmd="ignore" pos="TO">to</wf>
<wf cmd="ignore" pos="PRP$">his</wf>
<wf cmd="tag" pos="NNS">feet</wf>
<punc>.</punc>
</s>
<s snum="50">
<wf cmd="ignore" pos="PRP">They</wf>
<wf cmd="done" pos="VB" lemma="be" wnsn="3" lexsn="2:42:05::">were</wf>
<wf cmd="tag" pos="RB">in_the_center</wf>
<wf cmd="ignore" pos="IN">of</wf>
<wf cmd="ignore" pos="DT">the</wf>
<wf cmd="tag" pos="NN">lobby</wf>
<wf cmd="tag" pos="RB">now</wf>
<punc>.</punc>
</s>
<s snum="51">
<wf cmd="tag" pos="RB">Still</wf>
<wf cmd="done" pos="VB" lemma="clutch" wnsn="1" lexsn="2:35:00::">clutching</wf>
<wf cmd="ignore" pos="DT">the</wf>
<wf cmd="tag" pos="NN">razor</wf>
<punc>,</punc>
<wf cmd="tag" pos="NNP">Roberts</wf>
<wf cmd="done" pos="VB" lemma="come_up" wnsn="6" lexsn="2:38:03::">came_up</wf>
<wf cmd="ignore" pos="IN">into</wf>
<wf cmd="ignore" pos="DT">a</wf>
<wf cmd="tag" pos="NN">crouch</wf>
<punc>,</punc>
<wf cmd="done" pos="VB" lemma="shake" wnsn="1" lexsn="2:38:00::">shaking</wf>
<wf cmd="ignore" pos="PRP$">his</wf>
<wf cmd="tag" pos="NN">head</wf>
<punc>.</punc>
</s>
<s snum="52">
<wf cmd="ignore" pos="WRB">When</wf>
<wf cmd="ignore" pos="PRP">he</wf>
<wf cmd="done" pos="VB" lemma="charge" wnsn="4" lexsn="2:38:00::">charged</wf>
<wf cmd="tag" pos="NNP">Mickey</wf>
<wf cmd="done" pos="VB" lemma="be" wnsn="1" lexsn="2:42:03::">was</wf>
<wf cmd="tag" pos="JJ">ready</wf>
<punc>.</punc>
</s>
<s snum="53">
<wf cmd="ignore" pos="PRP">He</wf>
<wf cmd="done" pos="VB" lemma="hit" wnsn="3" lexsn="2:35:00::">hit</wf>
<wf cmd="tag" pos="NNP">Roberts</wf>
<wf cmd="ignore" pos="IN">with</wf>
<wf cmd="ignore" pos="PRP$">his</wf>
<wf cmd="tag" pos="JJ">left</wf>
<wf cmd="tag" pos="NN">fist</wf>
<wf cmd="ignore" pos="IN">in</wf>
<wf cmd="ignore" pos="DT">the</wf>
<wf cmd="tag" pos="NNS">ribs</wf>
<wf cmd="ignore" pos="CC">and</wf>
<wf cmd="ignore" pos="DT">the</wf>
<wf cmd="tag" pos="NN">razor</wf>
<wf cmd="done" pos="VB" lemma="cut" wnsn="3" lexsn="2:38:08::">cut</wf>
<wf cmd="ignore" pos="IN">toward</wf>
<wf cmd="ignore" pos="PRP">him</wf>
<wf cmd="tag" pos="RB">feebly</wf>
<punc>,</punc>
<wf cmd="tag" pos="RB">then</wf>
<wf cmd="done" pos="VB" lemma="wobble" wnsn="1" lexsn="2:38:00::">wobbled</wf>
<wf cmd="ignore" pos="IN">in</wf>
<wf cmd="tag" pos="NN">mid-air</wf>
<punc>.</punc>
</s>
<s snum="54">
<wf cmd="ignore" pos="IN">With</wf>
<wf cmd="ignore" pos="PRP$">his</wf>
<wf cmd="tag" pos="NN">right</wf>
<wf cmd="tag" pos="NN">fist</wf>
<punc>,</punc>
<wf cmd="ignore" pos="CC">and</wf>
<wf cmd="tag" pos="RB">nearly</wf>
<wf cmd="ignore" pos="DT">all</wf>
<wf cmd="ignore" pos="PRP$">his</wf>
<wf cmd="tag" pos="NN">weight</wf>
<wf cmd="ignore" pos="IN">behind</wf>
<wf cmd="ignore" pos="PRP">it</wf>
<punc>,</punc>
<wf cmd="ignore" pos="PRP">he</wf>
<wf cmd="done" pos="VB" lemma="smash" wnsn="1" lexsn="2:35:00::">smashed</wf>
<wf cmd="ignore" pos="IN">at</wf>
<wf cmd="ignore" pos="DT">the</wf>
<wf cmd="tag" pos="JJ">bloodstained</wf>
<wf cmd="tag" pos="NN">face</wf>
<punc>.</punc>
</s>
</p>
<p pnum="13">
<s snum="55">
<wf cmd="tag" pos="NNP">Roberts</wf>
<wf cmd="done" pos="VB" lemma="careen" wnsn="1" lexsn="2:38:01::">careened</wf>
<wf cmd="tag" pos="RB">backward</wf>
<punc>,</punc>
<wf cmd="ignore" pos="PRP$">his</wf>
<wf cmd="tag" pos="RB">back</wf>
<wf cmd="tag" pos="JJ">arched</wf>
<punc>,</punc>
<wf cmd="done" pos="VB" lemma="fight" wnsn="3" lexsn="2:41:00::">fought</wf>
<wf cmd="done" pos="VB" ot="notag">for</wf>
<wf cmd="tag" pos="NN">balance</wf>
<wf cmd="ignore" pos="CC">and</wf>
<punc>,</punc>
<wf cmd="done" pos="VB" lemma="fail" wnsn="2" lexsn="2:41:00::">failing</wf>
<punc>,</punc>
<wf cmd="done" pos="VB" lemma="stumble" wnsn="1" lexsn="2:38:01::">stumbled</wf>
<wf cmd="ignore" pos="IN">against</wf>
<wf cmd="ignore" pos="DT">the</wf>
<wf cmd="tag" pos="NN">newel_post</wf>
<wf cmd="ignore" pos="IN">at</wf>
<wf cmd="ignore" pos="DT">the</wf>
<wf cmd="tag" pos="NN">foot</wf>
<wf cmd="ignore" pos="IN">of</wf>
<wf cmd="ignore" pos="DT">the</wf>
<wf cmd="tag" pos="NNS">stairs</wf>
<punc>.</punc>
</s>
<s snum="56">
<wf cmd="ignore" pos="DT">The</wf>
<wf cmd="tag" pos="NN">sound</wf>
<wf cmd="ignore" pos="IN">of</wf>
<wf cmd="ignore" pos="PRP$">his</wf>
<wf cmd="tag" pos="NN">head</wf>
<wf cmd="done" pos="VB" lemma="strike" wnsn="3" lexsn="2:35:01::">striking</wf>
<wf cmd="ignore" pos="DT">the</wf>
<wf cmd="tag" pos="JJ">solid</wf>
<wf cmd="tag" pos="NN">wood</wf>
<wf cmd="done" pos="VB" lemma="be" wnsn="2" lexsn="2:42:06::">was</wf>
<wf cmd="ignore" pos="DT">an</wf>
<wf cmd="tag" pos="JJ">ultimate</wf>
<punc>,</punc>
<wf cmd="tag" pos="JJ">sudden-end</wf>
<wf cmd="tag" pos="NN">sound</wf>
<punc>.</punc>
</s>
<s snum="57">
<wf cmd="ignore" pos="PRP">He</wf>
<wf cmd="done" pos="VB" lemma="fall" wnsn="1" lexsn="2:38:03::">fell</wf>
<wf cmd="done" pos="VB" ot="notag">on</wf>
<wf cmd="ignore" pos="PRP$">his</wf>
<wf cmd="tag" pos="NN">side</wf>
<wf cmd="ignore" pos="IN">across</wf>
<wf cmd="ignore" pos="DT">the</wf>
<wf cmd="tag" pos="JJS">lowest</wf>
<wf cmd="tag" pos="NN">step</wf>
<punc>,</punc>
<wf cmd="done" pos="VB" lemma="roll_over" wnsn="1" lexsn="2:38:00::">rolled_over</wf>
<wf cmd="tag" pos="RB">once</wf>
<punc>,</punc>
<wf cmd="tag" pos="RB">then</wf>
<wf cmd="done" pos="VB" lemma="lie" wnsn="2" lexsn="2:35:00::">lay</wf>
<wf cmd="tag" pos="RB">still</wf>
<punc>.</punc>
</s>
</p>
<p pnum="14">
<s snum="58">
<wf cmd="tag" pos="NNP">Mickey</wf>
<wf cmd="done" pos="VB" lemma="find" wnsn="2" lexsn="2:39:02::">found</wf>
<wf cmd="ignore" pos="PRP">himself</wf>
<wf cmd="done" pos="VB" lemma="lean_against" wnsn="1" lexsn="2:35:00::">leaning_against</wf>
<wf cmd="ignore" pos="DT">the</wf>
<wf cmd="tag" pos="NN">desk</wf>
<punc>,</punc>
<wf cmd="ignore" pos="IN">with</wf>
<wf cmd="tag" pos="JJ">stiff</wf>
<wf cmd="tag" pos="NNS">hands</wf>
<punc>,</punc>
<wf cmd="done" pos="VB" lemma="pant" wnsn="1" lexsn="2:29:00::">panting</wf>
<wf cmd="ignore" pos="IN">for</wf>
<wf cmd="tag" pos="NN">breath</wf>
<punc>.</punc>
</s>
<s snum="59">
<wf cmd="ignore" pos="IN">After</wf>
<wf cmd="ignore" pos="DT">a</wf>
<wf cmd="tag" pos="NN">minute</wf>
<wf cmd="ignore" pos="PRP">he</wf>
<wf cmd="done" pos="VB" lemma="go" wnsn="1" lexsn="2:38:00::">went</wf>
<wf cmd="done" pos="VB" ot="notag">to</wf>
<wf cmd="tag" pos="NNP">Roberts</wf>
<punc>,</punc>
<wf cmd="done" pos="VB" lemma="look" wnsn="1" lexsn="2:39:00::">looked</wf>
<wf cmd="done" pos="VB" ot="notag">at</wf>
<wf cmd="tag" pos="CD">one</wf>
<wf cmd="ignore" pos="IN">of</wf>
<wf cmd="ignore" pos="PRP$">his</wf>
<wf cmd="tag" pos="NNS">eyes</wf>
<wf cmd="ignore" pos="CC">and</wf>
<wf cmd="done" pos="VB" lemma="feel" wnsn="10" lexsn="2:35:01::">felt</wf>
<wf cmd="done" pos="VB" ot="notag">for</wf>
<wf cmd="ignore" pos="DT">a</wf>
<wf cmd="tag" pos="NN">pulse</wf>
<punc>.</punc>
</s>
<s snum="60">
<wf cmd="ignore" pos="PRP">He</wf>
<wf cmd="ignore" pos="MD">could</wf>
<wf cmd="tag" pos="RB">n't</wf>
<wf cmd="done" pos="VB" lemma="feel" wnsn="10" lexsn="2:35:01::">feel</wf>
<wf cmd="ignore" pos="DT">any</wf>
<punc>.</punc>
</s>
<s snum="61">
<wf cmd="tag" pos="NNP">Roberts</wf>
<wf cmd="done" pos="VB" lemma="appear" wnsn="1" lexsn="2:39:00::">appeared</wf>
<wf cmd="ignore" pos="TO">to</wf>
<wf cmd="done" pos="VB" lemma="be" wnsn="1" lexsn="2:42:03::">be</wf>
<wf cmd="tag" pos="JJ">dead</wf>
<punc>;</punc>
<wf cmd="tag" pos="RB">if_not</wf>
<wf cmd="tag" pos="RB">yet</wf>
<punc>,</punc>
<wf cmd="tag" pos="RB">then</wf>
<wf cmd="tag" pos="RB">soon</wf>
<punc>,</punc>
<wf cmd="tag" pos="RB">very</wf>
<wf cmd="tag" pos="RB">soon</wf>
<punc>.</punc>
</s>
<s snum="62">
<wf cmd="tag" pos="RB">Suddenly</wf>
<wf cmd="ignore" pos="PRP">it</wf>
<wf cmd="done" pos="VB" lemma="be" wnsn="1" lexsn="2:42:03::">was</wf>
<wf cmd="tag" pos="JJ">cold</wf>
<wf cmd="ignore" pos="IN">in</wf>
<wf cmd="ignore" pos="DT">the</wf>
<wf cmd="tag" pos="NN">lobby</wf>
<punc>.</punc>
</s>
</p>
<p pnum="15">
<s snum="63">
<wf cmd="ignore" pos="PRP">It</wf>
<wf cmd="done" pos="VB" lemma="seem" wnsn="2" lexsn="2:39:01::">seemed</wf>
<wf cmd="ignore" pos="TO">to</wf>
<wf cmd="ignore" pos="PRP">him</wf>
<wf cmd="ignore" pos="IN">that</wf>
<wf cmd="ignore" pos="DT">a</wf>
<wf cmd="tag" pos="NN">long_time</wf>
<wf cmd="done" pos="VBD" ot="notag">had</wf>
<wf cmd="done" pos="VB" lemma="pass" wnsn="10" lexsn="2:42:00::">passed</wf>
<wf cmd="ignore" pos="IN">before</wf>
<wf cmd="ignore" pos="PRP">he</wf>
<wf cmd="done" pos="VB" lemma="decide" wnsn="1" lexsn="2:31:00::">decided</wf>
<wf cmd="ignore" pos="WP">what</wf>
<wf cmd="ignore" pos="TO">to</wf>
<wf cmd="done" pos="VB" lemma="do" wnsn="1" lexsn="2:41:01::">do</wf>
<punc>.</punc>
</s>
<s snum="64">
<wf cmd="tag" pos="RB">Actually</wf>
<wf cmd="ignore" pos="PRP">it</wf>
<wf cmd="done" pos="VB" lemma="be" wnsn="2" lexsn="2:42:06::">was</wf>
<wf cmd="tag" pos="RB">no_more_than</wf>
<wf cmd="tag" pos="CD">eight</wf>
<wf cmd="ignore" pos="CC">or</wf>
<wf cmd="tag" pos="CD">ten</wf>
<wf cmd="tag" pos="NNS">minutes</wf>
<punc>,</punc>
<wf cmd="ignore" pos="CC">and</wf>
<wf cmd="ignore" pos="DT">the</wf>
<wf cmd="tag" pos="NN">sum</wf>
<wf cmd="ignore" pos="IN">of</wf>
<wf cmd="ignore" pos="PRP$">his</wf>
<wf cmd="tag" pos="NN">reasoning</wf>
<wf cmd="done" pos="VB" lemma="come" wnsn="15" lexsn="2:42:11::">came</wf>
<wf cmd="done" pos="VB" ot="notag">to</wf>
<wf cmd="ignore" pos="DT">this</wf>
<punc>:</punc>
</s>
</p>
<p pnum="16">
<s snum="65">
<wf cmd="ignore" pos="EX">There</wf>
<wf cmd="done" pos="VBZ" ot="notag">'s</wf>
<wf cmd="ignore" pos="DT">no</wf>
<wf cmd="tag" pos="NN">way</wf>
<wf cmd="ignore" pos="TO">to</wf>
<wf cmd="done" pos="VB" lemma="take" wnsn="3" lexsn="2:38:09::">take</wf>
<wf cmd="ignore" pos="PRP">him</wf>
<wf cmd="ignore" pos="IN">in</wf>
<wf cmd="tag" pos="RB">now</wf>
<wf cmd="ignore" pos="CC">and</wf>
<wf cmd="done" pos="VB" lemma="keep" wnsn="4" lexsn="2:41:01::">keep</wf>
<wf cmd="ignore" pos="DT">those</wf>
<wf cmd="tag" pos="JJ">other</wf>
<wf cmd="tag" pos="CD">two</wf>
<punc>-</punc>
<wf cmd="tag" pos="NNP">Wister</wf>
<wf cmd="ignore" pos="CC">and</wf>
<wf cmd="ignore" pos="DT">the</wf>
<wf cmd="tag" pos="CD">one</wf>
<wf cmd="ignore" pos="WP">who</wf>
<wf cmd="done" pos="VB" lemma="hire" wnsn="1" lexsn="2:41:00::">hired</wf>
<wf cmd="ignore" pos="DT">the</wf>
<wf cmd="tag" pos="CD">two</wf>
<wf cmd="ignore" pos="IN">of</wf>
<wf cmd="ignore" pos="PRP">them</wf>
<punc>-</punc>
<wf cmd="ignore" pos="IN">from</wf>
<wf cmd="done" pos="VB" lemma="find_out" wnsn="2" lexsn="2:31:00::">finding_out</wf>
<wf cmd="ignore" pos="IN">about</wf>
<wf cmd="tag" pos="NNP">Roberts</wf>
<wf cmd="ignore" pos="CC">and</wf>
<wf cmd="done" pos="VB" lemma="lam" wnsn="1" lexsn="2:38:00::">lamming</wf>
<wf cmd="tag" pos="RB">out</wf>
<punc>.</punc>
</s>
<s snum="66">
<wf cmd="ignore" pos="DT">The</wf>
<wf cmd="tag" pos="JJ">local</wf>
<wf cmd="tag" pos="NN">law</wf>
<wf cmd="tag" pos="RB">here</wf>
<wf cmd="ignore" pos="MD">would</wf>
<wf cmd="done" pos="VB" lemma="hold" wnsn="7" lexsn="2:35:03::">hold</wf>
<wf cmd="ignore" pos="PRP">me</wf>
<wf cmd="ignore" pos="IN">till</wf>
<wf cmd="ignore" pos="PRP">they</wf>
<wf cmd="done" pos="VB" lemma="check" wnsn="1" lexsn="2:31:00::">check</wf>
<wf cmd="tag" pos="JJ">clear</wf>
<wf cmd="tag" pos="RB">back</wf>
<wf cmd="tag" pos="NN">home</wf>
<punc>,</punc>
<wf cmd="ignore" pos="CC">and</wf>
<wf cmd="tag" pos="RB">maybe</wf>
<wf cmd="tag" pos="RB">more_than</wf>
<wf cmd="tag" pos="RB">that</wf>
<punc>.</punc>
</s>
<s snum="67">
<wf cmd="ignore" pos="PRP">They</wf>
<wf cmd="ignore" pos="MD">would</wf>
<wf cmd="done" pos="VB" lemma="have" wnsn="0" lexsn="2:42:05::">have</wf>
<wf cmd="done" pos="VB" ot="notag">to</wf>
<punc>.</punc>
</s>
<s snum="68">
<wf cmd="ignore" pos="IN">By</wf>
<wf cmd="tag" pos="RB">then</wf>
<wf cmd="ignore" pos="PRP">they</wf>
<wf cmd="ignore" pos="MD">could</wf>
<wf cmd="tag" pos="RB">never</wf>
<wf cmd="done" pos="VB" lemma="catch_up_with" wnsn="1" lexsn="2:33:00::">catch_up_with</wf>
<wf cmd="ignore" pos="DT">the</wf>
<wf cmd="tag" pos="NNS">others</wf>
<punc>.</punc>
</s>
<s snum="69">
<wf cmd="ignore" pos="EX">There</wf>
<wf cmd="done" pos="VBZ" ot="notag">'s</wf>
<wf cmd="ignore" pos="DT">no</wf>
<wf cmd="tag" pos="JJ">other</wf>
<wf cmd="tag" pos="NN">way</wf>
<punc>;</punc>
<wf cmd="ignore" pos="PRP">I</wf>
<wf cmd="ignore" pos="MD">'ll</wf>
<wf cmd="done" pos="VB" lemma="have" wnsn="0" lexsn="2:42:05::">have</wf>
<wf cmd="done" pos="VB" ot="notag">to</wf>
<wf cmd="done" pos="VB" ot="notag">do</wf>
<wf cmd="done" pos="VB" ot="notag">it</wf>
<wf cmd="ignore" pos="PRP">myself</wf>
<punc>.</punc>
</s>
</p>
<p pnum="17">
<s snum="70">
<wf cmd="ignore" pos="PRP">He</wf>
<wf cmd="done" pos="VB" lemma="look" wnsn="1" lexsn="2:39:00::">looked</wf>
<wf cmd="done" pos="VB" ot="notag">at</wf>
<wf cmd="ignore" pos="WRB">where</wf>
<wf cmd="tag" pos="NNP">Roberts</wf>
<wf cmd="done" pos="VB" lemma="lie" wnsn="1" lexsn="2:42:00::">lay</wf>
<wf cmd="tag" pos="JJ">sprawled</wf>
<wf cmd="ignore" pos="IN">on</wf>
<wf cmd="ignore" pos="DT">the</wf>
<wf cmd="tag" pos="NN">step</wf>
<punc>.</punc>
</s>
<s snum="71">
<wf cmd="tag" pos="NNP">Mickey</wf>
<wf cmd="done" pos="VB" lemma="be" wnsn="1" lexsn="2:42:03::">was</wf>
<wf cmd="tag" pos="JJ">sure</wf>
<wf cmd="tag" pos="RB">now</wf>
<wf cmd="ignore" pos="PRP">he</wf>
<wf cmd="done" pos="VB" lemma="be" wnsn="1" lexsn="2:42:03::">was</wf>
<wf cmd="tag" pos="JJ">dead</wf>
<punc>.</punc>
</s>
</p>
<p pnum="18">
<s snum="72">
<wf cmd="tag" pos="CD">One</wf>
<wf cmd="tag" pos="NN">thing</wf>
<punc>,</punc>
<wf cmd="ignore" pos="PRP">he</wf>
<wf cmd="done" pos="VB" lemma="think" wnsn="3" lexsn="2:31:00::">thought</wf>
<punc>,</punc>
<wf cmd="tag" pos="NN">nobody</wf>
<wf cmd="done" pos="VB" lemma="know" wnsn="1" lexsn="2:31:01::">knows</wf>
<wf cmd="ignore" pos="IN">about</wf>
<wf cmd="ignore" pos="PRP">it</wf>
<wf cmd="tag" pos="RB">yet</wf>
<punc>.</punc>
</s>
<s snum="73">
<wf cmd="tag" pos="RB">Only</wf>
<wf cmd="ignore" pos="PRP">me</wf>
<punc>.</punc>
</s>
</p>
<p pnum="19">
<s snum="74">
<wf cmd="ignore" pos="PRP">He</wf>
<wf cmd="done" pos="VB" lemma="climb" wnsn="1" lexsn="2:38:00::">climbed</wf>
<wf cmd="ignore" pos="DT">the</wf>
<wf cmd="tag" pos="NNS">stairs</wf>
<punc>,</punc>
<wf cmd="done" pos="VB" lemma="go_into" wnsn="1" lexsn="2:38:00::">went_into</wf>
<wf cmd="tag" pos="NNP">Roberts</wf>
<punc>'</punc>
<wf cmd="tag" pos="NN">room</wf>
<punc>,</punc>
<wf cmd="done" pos="VB" lemma="find" wnsn="1" lexsn="2:40:02::">found</wf>
<wf cmd="ignore" pos="DT">a</wf>
<wf cmd="tag" pos="NN">suitcase</wf>
<wf cmd="ignore" pos="CC">and</wf>
<wf cmd="done" pos="VB" lemma="pack" wnsn="1" lexsn="2:35:00::">packed</wf>
<wf cmd="ignore" pos="IN">as</wf>
<wf cmd="tag" pos="JJ">much</wf>
<wf cmd="ignore" pos="IN">into</wf>
<wf cmd="ignore" pos="PRP">it</wf>
<wf cmd="ignore" pos="IN">as</wf>
<wf cmd="ignore" pos="PRP">he</wf>
<wf cmd="ignore" pos="MD">could</wf>
<punc>.</punc>
</s>
<s snum="75">
<wf cmd="ignore" pos="PRP">He</wf>
<wf cmd="done" pos="VB" lemma="leave" wnsn="0" lexsn="2:40:00::">left</wf>
<wf cmd="tag" pos="JJ">a_few</wf>
<wf cmd="tag" pos="NNS">things</wf>
<punc>.</punc>
</s>
<s snum="76">
<wf cmd="ignore" pos="PRP">It</wf>
<wf cmd="done" pos="VBD" ot="notag">did</wf>
<wf cmd="tag" pos="RB">n't</wf>
<wf cmd="done" pos="VB" ot="notag">have_to</wf>
<wf cmd="done" pos="VB" lemma="be" wnsn="1" lexsn="2:42:03::">be</wf>
<wf cmd="tag" pos="JJ">perfect</wf>
<punc>.</punc>
</s>
<s snum="77">
<wf cmd="tag" pos="NNP">Roberts</wf>
<wf cmd="done" pos="VB" lemma="be" wnsn="2" lexsn="2:42:06::">was</wf>
<wf cmd="ignore" pos="DT">a</wf>
<wf cmd="tag" pos="NN">wastrel</wf>
<punc>.</punc>
</s>
<s snum="78">
<wf cmd="done" pos="VB" lemma="walk" wnsn="1" lexsn="2:38:00::">Walking</wf>
<wf cmd="tag" pos="RB">away</wf>
<wf cmd="ignore" pos="IN">on</wf>
<wf cmd="tag" pos="NN">impulse</wf>
<punc>,</punc>
<wf cmd="ignore" pos="PRP">he</wf>
<wf cmd="ignore" pos="MD">might</wf>
<wf cmd="tag" pos="RB">logically</wf>
<wf cmd="done" pos="VB" lemma="leave_behind" wnsn="0" lexsn="2:40:01::">leave_behind</wf>
<wf cmd="ignore" pos="WP">what</wf>
<wf cmd="ignore" pos="PRP">it</wf>
<wf cmd="done" pos="VB" lemma="be" wnsn="1" lexsn="2:42:03::">was</wf>
<wf cmd="tag" pos="JJ">inconvenient</wf>
<wf cmd="ignore" pos="TO">to</wf>
<wf cmd="done" pos="VB" lemma="carry" wnsn="1" lexsn="2:35:02::">carry</wf>
<punc>.</punc>
</s>
</p>
<p pnum="20">
<s snum="79">
<wf cmd="ignore" pos="WRB">When</wf>
<wf cmd="ignore" pos="PRP">he</wf>
<wf cmd="done" pos="VBD" ot="notag">had</wf>
<wf cmd="done" pos="VB" lemma="close" wnsn="1" lexsn="2:35:00::">closed</wf>
<wf cmd="ignore" pos="DT">the</wf>
<wf cmd="tag" pos="NN">suitcase</wf>
<wf cmd="ignore" pos="PRP">he</wf>
<wf cmd="done" pos="VB" lemma="find" wnsn="1" lexsn="2:40:02::">found</wf>
<wf cmd="ignore" pos="DT">a</wf>
<wf cmd="tag" pos="NN">rag</wf>
<wf cmd="ignore" pos="CC">and</wf>
<wf cmd="done" pos="VB" lemma="move" wnsn="1" lexsn="2:38:03::">moved</wf>
<wf cmd="ignore" pos="IN">about</wf>
<wf cmd="ignore" pos="DT">the</wf>
<wf cmd="tag" pos="NN">room</wf>
<punc>,</punc>
<wf cmd="done" pos="VB" lemma="wipe" wnsn="1" lexsn="2:35:00::">wiping</wf>
<wf cmd="tag" pos="RB">carefully</wf>
<wf cmd="tag" pos="NN">everything</wf>
<wf cmd="ignore" pos="PRP">he</wf>
<wf cmd="ignore" pos="MD">might</wf>
<wf cmd="done" pos="VB" ot="notag">have</wf>
<wf cmd="done" pos="VB" lemma="touch" wnsn="1" lexsn="2:35:00::">touched</wf>
<punc>.</punc>
</s>
<s snum="80">
<wf cmd="ignore" pos="PRP">It</wf>
<wf cmd="done" pos="VB" lemma="take" wnsn="2" lexsn="2:40:06::">took</wf>
<wf cmd="ignore" pos="PRP">him</wf>
<wf cmd="tag" pos="RB">nearly</wf>
<wf cmd="ignore" pos="DT">an</wf>
<wf cmd="tag" pos="NN">hour</wf>
<punc>.</punc>
</s>
<s snum="81">
<wf cmd="ignore" pos="PRP">He</wf>
<wf cmd="done" pos="VB" lemma="go_to" wnsn="0" lexsn="2:38:00::">went_to</wf>
<wf cmd="ignore" pos="DT">the</wf>
<wf cmd="tag" pos="NN">room</wf>
<wf cmd="ignore" pos="PRP">he</wf>
<wf cmd="done" pos="VBD" ot="notag">had</wf>
<wf cmd="done" pos="VB" lemma="rent" wnsn="1" lexsn="2:41:01::">rented</wf>
<wf cmd="ignore" pos="CC">and</wf>
<wf cmd="done" pos="VB" lemma="get_into" wnsn="5" lexsn="2:29:00::">got_into</wf>
<wf cmd="ignore" pos="PRP$">his</wf>
<wf cmd="tag" pos="NN">overcoat</wf>
<punc>.</punc>
</s>
<s snum="82">
<wf cmd="ignore" pos="PRP">He</wf>
<wf cmd="done" pos="VB" lemma="leave" wnsn="0" lexsn="2:40:00::">left</wf>
<wf cmd="ignore" pos="DT">the</wf>
<wf cmd="tag" pos="NN">rest</wf>
<wf cmd="ignore" pos="IN">of</wf>
<wf cmd="ignore" pos="PRP$">his</wf>
<wf cmd="tag" pos="NNS">things</wf>
<wf cmd="ignore" pos="CC">and</wf>
<wf cmd="done" pos="VB" lemma="return" wnsn="1" lexsn="2:38:00::">returned</wf>
<wf cmd="done" pos="VB" ot="notag">to</wf>
<wf cmd="ignore" pos="DT">the</wf>
<wf cmd="tag" pos="NN">lobby</wf>
<punc>.</punc>
</s>
<s snum="83">
<wf cmd="ignore" pos="PRP">He</wf>
<wf cmd="done" pos="VB" lemma="set" wnsn="1" lexsn="2:35:00::">set</wf>
<wf cmd="tag" pos="NNP">Roberts</wf>
<punc>'</punc>
<wf cmd="tag" pos="NN">suitcase</wf>
<wf cmd="ignore" pos="IN">near</wf>
<wf cmd="ignore" pos="DT">the</wf>
<wf cmd="tag" pos="NN">front_door</wf>
<punc>,</punc>
<wf cmd="done" pos="VB" lemma="go" wnsn="1" lexsn="2:38:00::">went</wf>
<wf cmd="tag" pos="RB">outside</wf>
<wf cmd="ignore" pos="CC">and</wf>
<wf cmd="done" pos="VB" lemma="walk" wnsn="1" lexsn="2:38:00::">walked</wf>
<wf cmd="tag" pos="RB">back</wf>
<wf cmd="ignore" pos="TO">to</wf>
<wf cmd="ignore" pos="DT">the</wf>
<wf cmd="tag" pos="NN">garage</wf>
<punc>.</punc>
</s>
<s snum="84">
<wf cmd="ignore" pos="PRP">He</wf>
<wf cmd="done" pos="VB" lemma="be" wnsn="1" lexsn="2:42:03::">was</wf>
<wf cmd="tag" pos="RB">mildly</wf>
<wf cmd="tag" pos="JJ">surprised</wf>
<wf cmd="ignore" pos="TO">to</wf>
<wf cmd="done" pos="VB" lemma="find" wnsn="6" lexsn="2:39:01::">find</wf>
<wf cmd="ignore" pos="PRP">it</wf>
<wf cmd="done" pos="VBD" ot="notag">was</wf>
<wf cmd="done" pos="VB" lemma="snow" wnsn="1" lexsn="2:43:00::">snowing</wf>
<punc>.</punc>
</s>
<s snum="85">
<wf cmd="ignore" pos="PRP">It</wf>
<wf cmd="done" pos="VB" lemma="snow" wnsn="1" lexsn="2:43:00::">snowed</wf>
<wf cmd="tag" pos="RB">softly</wf>
<punc>,</punc>
<wf cmd="tag" pos="RB">silently</wf>
<punc>,</punc>
<wf cmd="ignore" pos="DT">an</wf>
<wf cmd="tag" pos="JJ">undulating</wf>
<wf cmd="tag" pos="NN">interruption</wf>
<wf cmd="ignore" pos="IN">of</wf>
<wf cmd="ignore" pos="PRP$">his</wf>
<wf cmd="tag" pos="NN">vision</wf>
<wf cmd="ignore" pos="IN">against</wf>
<wf cmd="ignore" pos="DT">the</wf>
<wf cmd="tag" pos="NN">night</wf>
<wf cmd="tag" pos="NN">sky</wf>
<punc>.</punc>
</s>
<s snum="86">
<wf cmd="ignore" pos="PRP">He</wf>
<wf cmd="ignore" pos="MD">could</wf>
<wf cmd="done" pos="VB" lemma="feel" wnsn="3" lexsn="2:39:00::">feel</wf>
<wf cmd="ignore" pos="PRP">it</wf>
<wf cmd="ignore" pos="IN">on</wf>
<wf cmd="ignore" pos="PRP$">his</wf>
<wf cmd="tag" pos="NN">face</wf>
<wf cmd="ignore" pos="CC">and</wf>
<wf cmd="ignore" pos="IN">in</wf>
<wf cmd="ignore" pos="PRP$">his</wf>
<wf cmd="tag" pos="NN">hair</wf>
<punc>.</punc>
</s>
</p>
<p pnum="21">
<s snum="87">
<wf cmd="ignore" pos="PRP">He</wf>
<wf cmd="done" pos="VB" lemma="find" wnsn="3" lexsn="2:40:00::">found</wf>
<wf cmd="ignore" pos="DT">the</wf>
<wf cmd="tag" pos="NN">key</wf>
<wf cmd="done" pos="VB" ot="notag">to</wf>
<wf cmd="ignore" pos="DT">the</wf>
<wf cmd="tag" pos="NN">Jeep</wf>
<punc>,</punc>
<wf cmd="done" pos="VB" lemma="get" wnsn="3" lexsn="2:30:02::">got</wf>
<wf cmd="done" pos="VB" ot="notag">it</wf>
<wf cmd="done" pos="VB" lemma="start" wnsn="8" lexsn="2:38:01::">started</wf>
<wf cmd="ignore" pos="CC">and</wf>
<wf cmd="done" rdf="warmed_up" pos="VB" lemma="warm_up" wnsn="1" lexsn="2:41:00::">warmed</wf>
<wf cmd="ignore" pos="PRP">it</wf>
<wf cmd="ignore" pos="IN">up</wf>
<wf cmd="ignore" pos="IN">for</wf>
<wf cmd="tag" pos="CD">five</wf>
<wf cmd="tag" pos="NNS">minutes</wf>
<punc>.</punc>
</s>
<s snum="88">
<wf cmd="tag" pos="RB">Then</wf>
<wf cmd="ignore" pos="PRP">he</wf>
<wf cmd="done" pos="VB" lemma="back_out" wnsn="1" lexsn="2:38:00::">backed_out</wf>
<wf cmd="ignore" pos="CC">and</wf>
<wf cmd="done" pos="VB" lemma="swing" wnsn="1" lexsn="2:38:02::">swung</wf>
<wf cmd="tag" pos="RB">around</wf>
<wf cmd="ignore" pos="TO">to</wf>
<wf cmd="ignore" pos="DT">the</wf>
<wf cmd="tag" pos="NN">front</wf>
<wf cmd="tag" pos="NN">drive</wf>
<punc>.</punc>
</s>
<s snum="89">
<wf cmd="ignore" pos="PRP">He</wf>
<wf cmd="done" pos="VB" lemma="go_into" wnsn="1" lexsn="2:38:00::">went_into</wf>
<wf cmd="ignore" pos="DT">the</wf>
<wf cmd="tag" pos="NN">hotel</wf>
<wf cmd="ignore" pos="CC">and</wf>
<wf cmd="done" pos="VB" lemma="search" wnsn="1" lexsn="2:35:00::">searched</wf>
<wf cmd="ignore" pos="IN">till</wf>
<wf cmd="ignore" pos="PRP">he</wf>
<wf cmd="done" pos="VB" lemma="find" wnsn="3" lexsn="2:40:00::">found</wf>
<wf cmd="ignore" pos="DT">the</wf>
<wf cmd="tag" pos="NN">razor</wf>
<punc>.</punc>
</s>
<s snum="90">
<wf cmd="ignore" pos="PRP">He</wf>
<wf cmd="done" pos="VB" lemma="put" wnsn="1" lexsn="2:35:00::">put</wf>
<wf cmd="ignore" pos="PRP">it</wf>
<wf cmd="ignore" pos="IN">in</wf>
<wf cmd="ignore" pos="PRP$">his</wf>
<wf cmd="tag" pos="JJ">own</wf>
<wf cmd="tag" pos="NN">pocket</wf>
<wf cmd="ignore" pos="IN">for</wf>
<wf cmd="tag" pos="NN">safekeeping</wf>
<punc>.</punc>
</s>
<s snum="91">
<wf cmd="ignore" pos="PRP">He</wf>
<wf cmd="done" pos="VB" lemma="take" wnsn="7" lexsn="2:38:10::">took</wf>
<wf cmd="ignore" pos="DT">the</wf>
<wf cmd="tag" pos="NN">suitcase</wf>
<wf cmd="tag" pos="RB">out</wf>
<wf cmd="ignore" pos="TO">to</wf>
<wf cmd="ignore" pos="DT">the</wf>
<wf cmd="tag" pos="NN">Jeep</wf>
<wf cmd="ignore" pos="CC">and</wf>
<wf cmd="done" pos="VB" lemma="put" wnsn="1" lexsn="2:35:00::">put</wf>
<wf cmd="ignore" pos="PRP">it</wf>
<wf cmd="ignore" pos="IN">in</wf>
<wf cmd="ignore" pos="DT">the</wf>
<wf cmd="tag" pos="NN">front</wf>
<wf cmd="tag" pos="NN">seat</wf>
<punc>.</punc>
</s>
<s snum="92">
<wf cmd="tag" pos="RB">Then</wf>
<wf cmd="ignore" pos="PRP">he</wf>
<wf cmd="done" pos="VB" lemma="go_back" wnsn="0" lexsn="2:38:00::">went_back</wf>
<wf cmd="ignore" pos="IN">for</wf>
<wf cmd="tag" pos="NNP">Roberts</wf>
<punc>.</punc>
</s>
</p>
<p pnum="22">
<s snum="93">
<wf cmd="ignore" pos="DT">The</wf>
<wf cmd="tag" pos="NN">body</wf>
<wf cmd="done" pos="VB" lemma="be" wnsn="1" lexsn="2:42:03::">was</wf>
<wf cmd="tag" pos="JJR">heavier</wf>
<wf cmd="ignore" pos="IN">than</wf>
<wf cmd="ignore" pos="PRP">he</wf>
<wf cmd="done" pos="VBD" ot="notag">had</wf>
<wf cmd="done" pos="VB" lemma="anticipate" wnsn="4" lexsn="2:32:00::">anticipated</wf>
<punc>.</punc>
</s>
<s snum="94">
<wf cmd="ignore" pos="PRP">He</wf>
<wf cmd="done" pos="VB" lemma="get" wnsn="3" lexsn="2:30:02::">got</wf>
<wf cmd="done" pos="VB" ot="notag">it</wf>
<wf cmd="ignore" pos="IN">onto</wf>
<wf cmd="ignore" pos="PRP$">his</wf>
<wf cmd="tag" pos="NN">shoulder</wf>
<wf cmd="ignore" pos="IN">after</wf>
<wf cmd="ignore" pos="DT">some</wf>
<wf cmd="tag" pos="NN">work</wf>
<wf cmd="ignore" pos="CC">and</wf>
<wf cmd="done" pos="VB" lemma="carry" wnsn="1" lexsn="2:35:02::">carried</wf>
<wf cmd="ignore" pos="PRP">it</wf>
<wf cmd="tag" pos="RB">outside</wf>
<wf cmd="ignore" pos="CC">and</wf>
<wf cmd="tag" pos="RB">down</wf>
<wf cmd="ignore" pos="TO">to</wf>
<wf cmd="ignore" pos="DT">the</wf>
<wf cmd="tag" pos="NN">Jeep</wf>
<punc>.</punc>
</s>
<s snum="95">
<wf cmd="ignore" pos="PRP">He</wf>
<wf cmd="done" pos="VB" lemma="dump" wnsn="1" lexsn="2:40:00::">dumped</wf>
<wf cmd="ignore" pos="PRP">it</wf>
<wf cmd="ignore" pos="IN">into</wf>
<wf cmd="ignore" pos="DT">the</wf>
<wf cmd="tag" pos="RB">back</wf>
<wf cmd="ignore" pos="CC">and</wf>
<wf cmd="done" pos="VB" lemma="make" wnsn="3" lexsn="2:36:00::">made</wf>
<wf cmd="tag" pos="JJ">sure</wf>
<wf cmd="ignore" pos="PRP">it</wf>
<wf cmd="ignore" pos="MD">would</wf>
<wf cmd="tag" pos="RB">n't</wf>
<wf cmd="done" pos="VB" lemma="roll" wnsn="1" lexsn="2:38:00::">roll</wf>
<wf cmd="tag" pos="RB">out</wf>
<punc>,</punc>
<wf cmd="tag" pos="RB">then</wf>
<wf cmd="done" pos="VB" lemma="return" wnsn="1" lexsn="2:38:00::">returned</wf>
<wf cmd="done" pos="VB" ot="notag">to</wf>
<wf cmd="ignore" pos="DT">the</wf>
<wf cmd="tag" pos="NN">porch</wf>
<wf cmd="ignore" pos="CC">and</wf>
<wf cmd="done" pos="VB" lemma="close" wnsn="1" lexsn="2:35:00::">closed</wf>
<wf cmd="ignore" pos="DT">the</wf>
<wf cmd="tag" pos="NN">front_door</wf>
<punc>,</punc>
<wf cmd="done" pos="VB" lemma="make" wnsn="3" lexsn="2:36:00::">making</wf>
<wf cmd="tag" pos="JJ">sure</wf>
<wf cmd="ignore" pos="PRP">it</wf>
<wf cmd="done" pos="VB" lemma="be" wnsn="1" lexsn="2:42:03::">was</wf>
<wf cmd="tag" pos="JJ">unlocked</wf>
<punc>.</punc>
</s>
</p>
<p pnum="23">
<s snum="96">
<wf cmd="ignore" pos="PRP">He</wf>
<wf cmd="done" pos="VB" lemma="drive" wnsn="2" lexsn="2:38:00::">drove</wf>
<wf cmd="tag" pos="RB">carefully</wf>
<wf cmd="ignore" pos="IN">in</wf>
<wf cmd="ignore" pos="DT">the</wf>
<wf cmd="tag" pos="NN">direction</wf>
<wf cmd="ignore" pos="IN">of</wf>
<wf cmd="ignore" pos="DT">the</wf>
<wf cmd="tag" pos="JJ">brief</wf>
<wf cmd="tag" pos="NN">tour</wf>
<wf cmd="ignore" pos="PRP">they</wf>
<wf cmd="done" pos="VBD" ot="notag">had</wf>
<wf cmd="done" pos="VB" lemma="take" wnsn="15" lexsn="2:39:00::">taken</wf>
<wf cmd="tag" pos="RBR">earlier</wf>
<punc>.</punc>
</s>
<s snum="97">
<wf cmd="ignore" pos="PRP">It</wf>
<wf cmd="done" pos="VB" lemma="snow" wnsn="1" lexsn="2:43:00::">snowed</wf>
<wf cmd="tag" pos="RB">continuously</wf>
<punc>,</punc>
<wf cmd="ignore" pos="CC">but</wf>
<wf cmd="tag" pos="RB">quietly</wf>
<punc>,</punc>
<wf cmd="tag" pos="RB">evenly</wf>
<punc>.</punc>
</s>
<s snum="98">
<wf cmd="ignore" pos="WRB">When</wf>
<wf cmd="ignore" pos="PRP">he</wf>
<wf cmd="done" pos="VB" lemma="reach" wnsn="1" lexsn="2:38:01::">reached</wf>
<wf cmd="ignore" pos="DT">the</wf>
<wf cmd="tag" pos="NN">dip</wf>
<wf cmd="ignore" pos="IN">in</wf>
<wf cmd="ignore" pos="DT">the</wf>
<wf cmd="tag" pos="NNS">woods</wf>
<punc>,</punc>
<wf cmd="ignore" pos="PRP">he</wf>
<wf cmd="done" pos="VB" lemma="see" wnsn="6" lexsn="2:31:02::">saw</wf>
<wf cmd="ignore" pos="IN">that</wf>
<wf cmd="tag" pos="RB">already</wf>
<wf cmd="ignore" pos="DT">the</wf>
<wf cmd="tag" pos="RBR">earlier</wf>
<wf cmd="tag" pos="NNS">ruts</wf>
<wf cmd="done" pos="VB" lemma="be" wnsn="1" lexsn="2:42:03::">were</wf>
<wf cmd="tag" pos="RB">barely</wf>
<wf cmd="tag" pos="JJ">discernible</wf>
<punc>.</punc>
</s>
<s snum="99">
<wf cmd="ignore" pos="DT">The</wf>
<wf cmd="tag" pos="NN">Jeep</wf>
<wf cmd="done" pos="VB" lemma="fight" wnsn="2" lexsn="2:33:01::">fought</wf>
<wf cmd="ignore" pos="PRP$">its</wf>
<wf cmd="tag" pos="NN">way</wf>
<wf cmd="ignore" pos="IN">through</wf>
<wf cmd="ignore" pos="DT">the</wf>
<wf cmd="tag" pos="JJ">low</wf>
<wf cmd="tag" pos="NN">spot</wf>
<wf cmd="ignore" pos="CC">and</wf>
<wf cmd="done" pos="VB" lemma="get" wnsn="2" lexsn="2:30:00::">got</wf>
<wf cmd="done" pos="VB" ot="notag">onto</wf>
<wf cmd="tag" pos="JJR">higher</wf>
<wf cmd="tag" pos="NN">ground</wf>
<punc>.</punc>
</s>
<s snum="100">
<wf cmd="ignore" pos="PRP">He</wf>
<wf cmd="done" pos="VB" lemma="drive" wnsn="2" lexsn="2:38:00::">drove</wf>
<wf cmd="done" pos="VB" ot="notag">in</wf>
<wf cmd="tag" pos="NN">low_gear</wf>
<wf cmd="ignore" pos="TO">to</wf>
<wf cmd="ignore" pos="DT">the</wf>
<wf cmd="tag" pos="NN">fork</wf>
<wf cmd="ignore" pos="IN">in</wf>
<wf cmd="ignore" pos="DT">the</wf>
<wf cmd="tag" pos="NN">road</wf>
<wf cmd="ignore" pos="CC">and</wf>
<wf cmd="done" pos="VB" lemma="swing" wnsn="1" lexsn="2:38:02::">swung</wf>
<wf cmd="tag" pos="IN">as_close_as</wf>
<wf cmd="tag" pos="JJ">possible</wf>
<wf cmd="ignore" pos="TO">to</wf>
<wf cmd="ignore" pos="DT">the</wf>
<wf cmd="tag" pos="NN">entrance</wf>
<wf cmd="ignore" pos="TO">to</wf>
<wf cmd="ignore" pos="DT">the</wf>
<wf cmd="tag" pos="JJ">abandoned</wf>
<wf cmd="tag" pos="NN">mine</wf>
<punc>.</punc>
</s>
<s snum="101">
<wf cmd="ignore" pos="PRP">He</wf>
<wf cmd="done" pos="VB" lemma="park" wnsn="2" lexsn="2:38:00::">parked</wf>
<wf cmd="done" pos="VB" lemma="face" wnsn="3" lexsn="2:42:00::">facing</wf>
<wf cmd="ignore" pos="PRP">it</wf>
<wf cmd="ignore" pos="CC">and</wf>
<wf cmd="done" pos="VB" lemma="leave" wnsn="4" lexsn="2:30:02::">left</wf>
<wf cmd="ignore" pos="DT">the</wf>
<wf cmd="tag" pos="NNS">headlights</wf>
<wf cmd="tag" pos="RB">on</wf>
<punc>,</punc>
<wf cmd="ignore" pos="CC">but</wf>
<wf cmd="ignore" pos="WRB">when</wf>
<wf cmd="ignore" pos="PRP">he</wf>
<wf cmd="done" pos="VB" lemma="start" wnsn="3" lexsn="2:38:02::">started</wf>
<wf cmd="ignore" pos="IN">into</wf>
<wf cmd="ignore" pos="DT">the</wf>
<wf cmd="tag" pos="NN">tunnel</wf>
<wf cmd="ignore" pos="IN">with</wf>
<wf cmd="ignore" pos="DT">the</wf>
<wf cmd="tag" pos="NN">suitcase</wf>
<punc>,</punc>
<wf cmd="ignore" pos="PRP">he</wf>
<wf cmd="done" pos="VB" lemma="find" wnsn="2" lexsn="2:39:02::">found</wf>
<wf cmd="ignore" pos="DT">the</wf>
<wf cmd="tag" pos="NN">illumination</wf>
<wf cmd="done" pos="VB" lemma="extend" wnsn="2" lexsn="2:42:03::">extended</wf>
<wf cmd="ignore" pos="DT">no</wf>
<wf cmd="tag" pos="RB">farther</wf>
<wf cmd="ignore" pos="IN">than</wf>
<wf cmd="tag" pos="NN">half_a_dozen</wf>
<wf cmd="tag" pos="NNS">feet</wf>
<wf cmd="ignore" pos="IN">into</wf>
<wf cmd="ignore" pos="DT">the</wf>
<wf cmd="tag" pos="NN">passage</wf>
<punc>.</punc>
</s>
<s snum="102">
<wf cmd="ignore" pos="PRP">He</wf>
<wf cmd="done" pos="VB" lemma="go_back" wnsn="0" lexsn="2:38:00::">went_back</wf>
<wf cmd="ignore" pos="CC">and</wf>
<wf cmd="done" pos="VB" lemma="get" wnsn="6" lexsn="2:35:03::">got</wf>
<wf cmd="ignore" pos="DT">the</wf>
<wf cmd="tag" pos="NN">flashlight</wf>
<punc>,</punc>
<wf cmd="done" pos="VB" lemma="return" wnsn="1" lexsn="2:38:00::">returned</wf>
<wf cmd="done" pos="VB" ot="notag">to</wf>
<wf cmd="ignore" pos="DT">the</wf>
<wf cmd="tag" pos="NN">tunnel</wf>
<wf cmd="ignore" pos="CC">and</wf>
<wf cmd="done" pos="VB" lemma="carry" wnsn="1" lexsn="2:35:02::">carried</wf>
<wf cmd="ignore" pos="DT">the</wf>
<wf cmd="tag" pos="NN">suitcase</wf>
<wf cmd="ignore" pos="TO">to</wf>
<wf cmd="ignore" pos="DT">the</wf>
<wf cmd="tag" pos="NN">edge</wf>
<wf cmd="ignore" pos="IN">of</wf>
<wf cmd="tag" pos="NN">the_pit</wf>
<wf cmd="ignore" pos="PRP">he</wf>
<wf cmd="done" pos="VBD" ot="notag">had</wf>
<wf cmd="done" pos="VB" lemma="find" wnsn="1" lexsn="2:40:02::">found</wf>
<wf cmd="tag" pos="RBR">earlier</wf>
<punc>.</punc>
</s>
<s snum="103">
<wf cmd="ignore" pos="PRP">He</wf>
<wf cmd="done" pos="VB" lemma="toss" wnsn="1" lexsn="2:35:04::">tossed</wf>
<wf cmd="ignore" pos="DT">the</wf>
<wf cmd="tag" pos="NN">bag</wf>
<wf cmd="ignore" pos="IN">into</wf>
<wf cmd="tag" pos="NN">the_pit</wf>
<wf cmd="ignore" pos="CC">and</wf>
<wf cmd="done" pos="VB" lemma="watch" wnsn="3" lexsn="2:39:05::">watched</wf>
<wf cmd="tag" pos="JJ">dry</wf>
<wf cmd="tag" pos="NN">dust</wf>
<wf cmd="done" pos="VB" lemma="spray" wnsn="2" lexsn="2:35:00::">spray</wf>
<wf cmd="ignore" pos="IN">up</wf>
<wf cmd="ignore" pos="IN">around</wf>
<wf cmd="ignore" pos="PRP">it</wf>
<punc>.</punc>
</s>
<s snum="104">
<wf cmd="ignore" pos="WRB">When</wf>
<wf cmd="ignore" pos="DT">the</wf>
<wf cmd="tag" pos="NN">dust</wf>
<wf cmd="done" pos="VB" lemma="settle" wnsn="1" lexsn="2:38:01::">settled</wf>
<punc>,</punc>
<wf cmd="ignore" pos="PRP">he</wf>
<wf cmd="done" pos="VB" lemma="go_back" wnsn="0" lexsn="2:38:00::">went_back</wf>
<wf cmd="done" pos="VB" ot="notag">to</wf>
<wf cmd="ignore" pos="DT">the</wf>
<wf cmd="tag" pos="NN">Jeep</wf>
<wf cmd="ignore" pos="CC">and</wf>
<wf cmd="tag" pos="RB">carefully</wf>
<wf cmd="done" pos="VB" lemma="work" wnsn="10" lexsn="2:38:02::">worked</wf>
<wf cmd="tag" pos="NNP">Roberts</wf>
<punc>'</punc>
<wf cmd="tag" pos="NN">body</wf>
<wf cmd="ignore" pos="IN">onto</wf>
<wf cmd="ignore" pos="PRP$">his</wf>
<wf cmd="tag" pos="NN">shoulder</wf>
<punc>.</punc>
</s>
</p>
<p pnum="24">
<s snum="105">
<wf cmd="ignore" pos="PRP">It</wf>
<wf cmd="done" pos="VB" lemma="be" wnsn="1" lexsn="2:42:03::">was</wf>
<wf cmd="tag" pos="RB">n't</wf>
<wf cmd="ignore" pos="IN">like</wf>
<wf cmd="done" pos="VB" lemma="carry" wnsn="1" lexsn="2:35:02::">carrying</wf>
<wf cmd="ignore" pos="DT">the</wf>
<wf cmd="tag" pos="NN">suitcase</wf>
<punc>.</punc>
</s>
<s snum="106">
<wf cmd="ignore" pos="DT">The</wf>
<wf cmd="tag" pos="JJ">soft</wf>
<wf cmd="tag" pos="NN">snow</wf>
<wf cmd="done" pos="VB" lemma="be" wnsn="1" lexsn="2:42:03::">was</wf>
<wf cmd="tag" pos="JJ">deceitful</wf>
<wf cmd="tag" pos="RB">underfoot</wf>
<punc>.</punc>
</s>
<s snum="107">
<wf cmd="tag" pos="RB">Twice</wf>
<wf cmd="ignore" pos="PRP">he</wf>
<wf cmd="tag" pos="RB">nearly</wf>
<wf cmd="done" pos="VB" lemma="fall" wnsn="2" lexsn="2:38:00::">fell</wf>
<punc>.</punc>
</s>
<s snum="108">
<wf cmd="ignore" pos="IN">Inside</wf>
<wf cmd="ignore" pos="DT">the</wf>
<wf cmd="tag" pos="NN">passage</wf>
<punc>,</punc>
<wf cmd="ignore" pos="PRP">he</wf>
<wf cmd="done" pos="VB" lemma="have" wnsn="0" lexsn="2:42:05::">had</wf>
<wf cmd="done" pos="VB" ot="notag">to</wf>
<wf cmd="done" pos="VB" lemma="work" wnsn="7" lexsn="2:38:00::">work</wf>
<wf cmd="ignore" pos="PRP$">his</wf>
<wf cmd="tag" pos="NN">way</wf>
<wf cmd="ignore" pos="IN">over</wf>
<wf cmd="ignore" pos="DT">the</wf>
<wf cmd="tag" pos="JJ">fallen</wf>
<wf cmd="tag" pos="NN">timber</wf>
<wf cmd="ignore" pos="CC">and</wf>
<wf cmd="tag" pos="RB">nearly</wf>
<wf cmd="done" pos="VB" lemma="collapse" wnsn="2" lexsn="2:29:00::">collapsed</wf>
<wf cmd="ignore" pos="IN">under</wf>
<wf cmd="ignore" pos="PRP$">his</wf>
<wf cmd="tag" pos="JJ">clumsy</wf>
<wf cmd="tag" pos="NN">burden</wf>
<punc>.</punc>
</s>
<s snum="109">
<wf cmd="ignore" pos="IN">By</wf>
<wf cmd="ignore" pos="DT">the</wf>
<wf cmd="tag" pos="NN">time</wf>
<wf cmd="ignore" pos="PRP">he</wf>
<wf cmd="done" pos="VB" lemma="reach" wnsn="1" lexsn="2:38:01::">reached</wf>
<wf cmd="ignore" pos="DT">the</wf>
<wf cmd="tag" pos="NN">edge</wf>
<wf cmd="ignore" pos="IN">of</wf>
<wf cmd="tag" pos="NN">the_pit</wf>
<wf cmd="ignore" pos="PRP">he</wf>
<wf cmd="done" pos="VBD" ot="notag">was</wf>
<wf cmd="done" pos="VB" lemma="pant" wnsn="1" lexsn="2:29:00::">panting</wf>
<wf cmd="ignore" pos="CC">and</wf>
<wf cmd="ignore" pos="PRP$">his</wf>
<wf cmd="tag" pos="NN">shoulder</wf>
<wf cmd="ignore" pos="CC">and</wf>
<wf cmd="tag" pos="RB">back</wf>
<wf cmd="done" pos="VB" lemma="ache" wnsn="3" lexsn="2:39:00::">ached</wf>
<wf cmd="ignore" pos="IN">under</wf>
<wf cmd="ignore" pos="DT">the</wf>
<wf cmd="tag" pos="NN">drag</wf>
<wf cmd="ignore" pos="IN">of</wf>
<wf cmd="ignore" pos="DT">the</wf>
<wf cmd="tag" pos="JJ">dead</wf>
<wf cmd="tag" pos="NN">weight</wf>
<punc>.</punc>
</s>
</p>
<p pnum="25">
<s snum="110">
<wf cmd="ignore" pos="PRP">He</wf>
<wf cmd="done" pos="VB" lemma="stand" wnsn="1" lexsn="2:35:00::">stood</wf>
<wf cmd="done" pos="VB" lemma="look" wnsn="1" lexsn="2:39:00::">looking</wf>
<wf cmd="tag" pos="RB">down</wf>
<wf cmd="ignore" pos="IN">for</wf>
<wf cmd="tag" pos="JJ">a_few</wf>
<wf cmd="tag" pos="NNS">seconds</wf>
<punc>,</punc>
<wf cmd="tag" pos="RB">then</wf>
<wf cmd="done" pos="VB" lemma="back_up" wnsn="2" lexsn="2:38:00::">backed_up</wf>
<wf cmd="tag" pos="CD">two</wf>
<wf cmd="ignore" pos="CC">or</wf>
<wf cmd="tag" pos="CD">three</wf>
<wf cmd="tag" pos="NNS">paces</wf>
<wf cmd="ignore" pos="IN">from</wf>
<wf cmd="ignore" pos="DT">the</wf>
<wf cmd="tag" pos="NN">edge</wf>
<punc>.</punc>
</s>
<s snum="111">
<wf cmd="ignore" pos="EX">There</wf>
<wf cmd="done" pos="VB" lemma="be" wnsn="1" lexsn="2:42:03::">was</wf>
<wf cmd="tag" pos="RB">too_much</wf>
<wf cmd="tag" pos="NN">weight</wf>
<wf cmd="tag" pos="RB">casually</wf>
<wf cmd="ignore" pos="TO">to</wf>
<wf cmd="done" pos="VB" lemma="toss" wnsn="1" lexsn="2:35:04::">toss</wf>
<wf cmd="ignore" pos="PRP">it</wf>
<wf cmd="tag" pos="RB">away</wf>
<punc>.</punc>
</s>
<s snum="112">
<wf cmd="ignore" pos="PRP">He</wf>
<wf cmd="ignore" pos="MD">could</wf>
<wf cmd="done" pos="VB" lemma="feel" wnsn="3" lexsn="2:39:00::">feel</wf>
<wf cmd="ignore" pos="PRP">himself</wf>
<wf cmd="done" pos="VB" lemma="fall" wnsn="1" lexsn="2:38:03::">falling</wf>
<wf cmd="tag" pos="RB">in</wf>
<wf cmd="done" pos="VB" ot="notag">with</wf>
<wf cmd="ignore" pos="PRP">it</wf>
<wf cmd="ignore" pos="CC">and</wf>
<wf cmd="done" pos="VB" lemma="be" wnsn="1" lexsn="2:42:03::">being</wf>
<wf cmd="tag" pos="JJ">unable</wf>
<wf cmd="ignore" pos="TO">to</wf>
<wf cmd="done" pos="VB" lemma="get_out" wnsn="1" lexsn="2:38:01::">get_out</wf>
<punc>.</punc>
</s>
<s snum="113">
<wf cmd="ignore" pos="PRP">It</wf>
<wf cmd="ignore" pos="MD">would</wf>
<wf cmd="done" pos="VB" lemma="be" wnsn="2" lexsn="2:42:06::">be</wf>
<wf cmd="ignore" pos="DT">a</wf>
<wf cmd="tag" pos="JJ">bad</wf>
<wf cmd="tag" pos="NN">place</wf>
<wf cmd="ignore" pos="TO">to</wf>
<wf cmd="done" pos="VB" lemma="die" wnsn="1" lexsn="2:30:00::">die</wf>
<punc>.</punc>
</s>
<s snum="114">
<wf cmd="ignore" pos="PRP">It</wf>
<wf cmd="done" pos="VB" lemma="be" wnsn="2" lexsn="2:42:06::">was</wf>
<wf cmd="ignore" pos="DT">a</wf>
<wf cmd="tag" pos="JJ">bad</wf>
<wf cmd="tag" pos="NN">place</wf>
<wf cmd="ignore" pos="IN">for</wf>
<wf cmd="tag" pos="NNP">Roberts</wf>
<wf cmd="ignore" pos="TO">to</wf>
<wf cmd="done" pos="VB" lemma="wind_up" wnsn="1" lexsn="2:30:02::">wind_up</wf>
<punc>,</punc>
<wf cmd="ignore" pos="CC">but</wf>
<wf cmd="tag" pos="NNP">Roberts</wf>
<wf cmd="done" pos="VBD" ot="notag">had</wf>
<wf cmd="done" pos="VB" lemma="ask_for" wnsn="1" lexsn="2:37:00::">asked_for</wf>
<wf cmd="ignore" pos="PRP">it</wf>
<punc>.</punc>
</s>
<s snum="115">
<wf cmd="ignore" pos="PRP">It</wf>
<wf cmd="done" pos="VB" lemma="be" wnsn="1" lexsn="2:42:03::">was</wf>
<wf cmd="tag" pos="RB">too</wf>
<wf cmd="tag" pos="JJ">late</wf>
<wf cmd="ignore" pos="TO">to</wf>
<wf cmd="done" pos="VB" lemma="worry" wnsn="2" lexsn="2:37:12::">worry</wf>
<wf cmd="done" pos="VB" ot="notag">about</wf>
<wf cmd="tag" pos="RB">that</wf>
<punc>.</punc>
</s>
</p>
<p pnum="26">
<s snum="116">
<wf cmd="ignore" pos="PRP">He</wf>
<wf cmd="done" pos="VB" lemma="kneel" wnsn="1" lexsn="2:35:00::">knelt</wf>
<wf cmd="tag" pos="RB">slowly</wf>
<wf cmd="ignore" pos="CC">and</wf>
<wf cmd="done" pos="VB" lemma="dump" wnsn="1" lexsn="2:40:00::">dumped</wf>
<wf cmd="ignore" pos="DT">the</wf>
<wf cmd="tag" pos="NN">corpse</wf>
<wf cmd="ignore" pos="IN">onto</wf>
<wf cmd="ignore" pos="DT">the</wf>
<wf cmd="tag" pos="NN">floor</wf>
<wf cmd="ignore" pos="IN">of</wf>
<wf cmd="ignore" pos="DT">the</wf>
<wf cmd="tag" pos="NN">tunnel</wf>
<punc>.</punc>
</s>
<s snum="117">
<wf cmd="ignore" pos="PRP">It</wf>
<wf cmd="done" pos="VB" lemma="be" wnsn="2" lexsn="2:42:06::">was</wf>
<wf cmd="ignore" pos="DT">a</wf>
<wf cmd="tag" pos="NN">relief</wf>
<wf cmd="ignore" pos="TO">to</wf>
<wf cmd="done" pos="VB" lemma="get_rid_of" wnsn="1" lexsn="2:40:01::">get_rid_of</wf>
<wf cmd="ignore" pos="DT">the</wf>
<wf cmd="tag" pos="NN">weight</wf>
<punc>.</punc>
</s>
<s snum="118">
<wf cmd="ignore" pos="PRP">He</wf>
<wf cmd="done" pos="VBD" ot="notag">was</wf>
<wf cmd="done" pos="VB" lemma="shake" wnsn="2" lexsn="2:29:00::">shaking</wf>
<wf cmd="ignore" pos="IN">with</wf>
<wf cmd="tag" pos="NN">tension</wf>
<wf cmd="ignore" pos="CC">and</wf>
<wf cmd="ignore" pos="PRP">it</wf>
<wf cmd="done" pos="VB" lemma="take" wnsn="2" lexsn="2:40:06::">took</wf>
<wf cmd="ignore" pos="PRP">him</wf>
<wf cmd="tag" pos="JJ">a_couple_of</wf>
<wf cmd="tag" pos="NNS">minutes</wf>
<wf cmd="ignore" pos="TO">to</wf>
<wf cmd="done" pos="VB" ot="notag">get</wf>
<wf cmd="ignore" pos="PRP$">his</wf>
<wf cmd="tag" pos="NN">breath</wf>
<wf cmd="ignore" pos="CC">and</wf>
<wf cmd="done" pos="VB" lemma="settle" wnsn="8" lexsn="2:30:05::">settle</wf>
<wf cmd="tag" pos="RB">down</wf>
<punc>.</punc>
</s>
<s snum="119">
<wf cmd="tag" pos="RB">Then</wf>
<wf cmd="ignore" pos="PRP">he</wf>
<wf cmd="done" pos="VB" lemma="get" wnsn="2" lexsn="2:30:00::">got</wf>
<wf cmd="done" pos="VB" ot="notag">on</wf>
<wf cmd="ignore" pos="PRP$">his</wf>
<wf cmd="tag" pos="NNS">knees</wf>
<wf cmd="ignore" pos="CC">and</wf>
<wf cmd="done" pos="VB" lemma="roll" wnsn="1" lexsn="2:38:00::">rolled</wf>
<wf cmd="tag" pos="NNP">Roberts</wf>
<punc>'</punc>
<wf cmd="tag" pos="NN">body</wf>
<wf cmd="ignore" pos="IN">toward</wf>
<wf cmd="ignore" pos="DT">the</wf>
<wf cmd="tag" pos="NN">edge</wf>
<punc>.</punc>
</s>
<s snum="120">
<wf cmd="ignore" pos="PRP">It</wf>
<wf cmd="done" pos="VB" lemma="hang" wnsn="1" lexsn="2:35:03::">hung</wf>
<wf cmd="tag" pos="RB">momentarily</wf>
<wf cmd="ignore" pos="IN">on</wf>
<wf cmd="ignore" pos="DT">the</wf>
<wf cmd="tag" pos="NN">point</wf>
<wf cmd="ignore" pos="IN">of</wf>
<wf cmd="done" pos="VB" lemma="drop" wnsn="2" lexsn="2:38:00::">dropping</wf>
<wf cmd="done" pos="VB" ot="notag">off</wf>
<punc>.</punc>
</s>
<s snum="121">
<wf cmd="ignore" pos="PRP">He</wf>
<wf cmd="done" pos="VBD" ot="notag">gave</wf>
<wf cmd="ignore" pos="PRP">it</wf>
<wf cmd="ignore" pos="DT">a</wf>
<wf cmd="tag" pos="JJ">strong</wf>
<wf cmd="tag" pos="NN">push</wf>
<punc>,</punc>
<wf cmd="done" pos="VB" lemma="hear" wnsn="1" lexsn="2:39:00::">heard</wf>
<wf cmd="ignore" pos="PRP">it</wf>
<wf cmd="done" pos="VB" lemma="slide" wnsn="1" lexsn="2:38:01::">slide</wf>
<punc>,</punc>
<wf cmd="tag" pos="RB">then</wf>
<wf cmd="done" pos="VB" lemma="tumble" wnsn="1" lexsn="2:38:00::">tumble</wf>
<wf cmd="tag" pos="RB">dryly</wf>
<wf cmd="ignore" pos="IN">into</wf>
<wf cmd="ignore" pos="DT">the</wf>
<wf cmd="tag" pos="NN">hole</wf>
<punc>.</punc>
</s>
<s snum="122">
<wf cmd="ignore" pos="PRP">He</wf>
<wf cmd="done" pos="VB" lemma="get" wnsn="2" lexsn="2:30:00::">got</wf>
<wf cmd="done" pos="VB" ot="notag">to</wf>
<wf cmd="ignore" pos="PRP$">his</wf>
<wf cmd="tag" pos="NNS">feet</wf>
<wf cmd="ignore" pos="CC">and</wf>
<wf cmd="done" pos="VB" lemma="throw" wnsn="7" lexsn="2:36:02::">threw</wf>
<wf cmd="ignore" pos="DT">the</wf>
<wf cmd="tag" pos="NN">flashlight</wf>
<wf cmd="tag" pos="NN">beam</wf>
<wf cmd="ignore" pos="IN">into</wf>
<wf cmd="tag" pos="NN">the_pit</wf>
<punc>.</punc>
</s>
<s snum="123">
<wf cmd="ignore" pos="DT">The</wf>
<wf cmd="tag" pos="NN">body</wf>
<wf cmd="done" pos="VB" lemma="lie" wnsn="2;1" lexsn="2:35:00::;2:42:00::">lay</wf>
<wf cmd="done" pos="VB" ot="notag">in</wf>
<wf cmd="ignore" pos="DT">an</wf>
<wf cmd="tag" pos="JJ">awkward</wf>
<wf cmd="tag" pos="NN">sprawl</wf>
<wf cmd="tag" pos="CD">twelve</wf>
<wf cmd="ignore" pos="CC">or</wf>
<wf cmd="tag" pos="CD">fifteen</wf>
<wf cmd="tag" pos="NNS">feet</wf>
<wf cmd="ignore" pos="IN">below</wf>
<wf cmd="ignore" pos="DT">the</wf>
<wf cmd="tag" pos="NN">level</wf>
<wf cmd="ignore" pos="IN">of</wf>
<wf cmd="ignore" pos="DT">the</wf>
<wf cmd="tag" pos="NN">tunnel</wf>
<wf cmd="tag" pos="NN">floor</wf>
<punc>.</punc>
</s>
</p>
<p pnum="27">
<s snum="124">
<wf cmd="tag" pos="NNP">Deep</wf>
<wf cmd="tag" pos="RB">enough</wf>
<punc>,</punc>
<wf cmd="ignore" pos="PRP">he</wf>
<wf cmd="done" pos="VB" lemma="decide" wnsn="1" lexsn="2:31:00::">decided</wf>
<punc>.</punc>
</s>
<s snum="125">
<wf cmd="ignore" pos="EX">There</wf>
<wf cmd="done" pos="VB" ot="notag">was</wf>
<wf cmd="tag" pos="JJ">little</wf>
<wf cmd="tag" pos="NN">chance</wf>
<wf cmd="tag" pos="NN">anyone</wf>
<wf cmd="ignore" pos="MD">would</wf>
<wf cmd="done" pos="VB" lemma="enter" wnsn="1" lexsn="2:38:00::">enter</wf>
<wf cmd="ignore" pos="DT">this</wf>
<wf cmd="tag" pos="NN">shaft</wf>
<wf cmd="ignore" pos="IN">during</wf>
<wf cmd="ignore" pos="DT">the</wf>
<wf cmd="tag" pos="NN">winter</wf>
<punc>.</punc>
</s>
<s snum="126">
<wf cmd="ignore" pos="DT">The</wf>
<wf cmd="tag" pos="JJ">external</wf>
<wf cmd="tag" pos="NNS">signs</wf>
<wf cmd="ignore" pos="IN">of</wf>
<wf cmd="ignore" pos="PRP$">his</wf>
<wf cmd="tag" pos="NN">approach</wf>
<wf cmd="tag" pos="RB">to_it</wf>
<wf cmd="ignore" pos="MD">would</wf>
<wf cmd="done" pos="VB" ot="notag">be</wf>
<wf cmd="done" pos="VB" lemma="cover" wnsn="1" lexsn="2:35:00::">covered</wf>
<wf cmd="ignore" pos="IN">by</wf>
<wf cmd="ignore" pos="DT">the</wf>
<wf cmd="tag" pos="NN">snow</wf>
<punc>,</punc>
<wf cmd="tag" pos="RB">probably</wf>
<wf cmd="ignore" pos="IN">by</wf>
<wf cmd="ignore" pos="DT">the</wf>
<wf cmd="tag" pos="JJ">next</wf>
<wf cmd="tag" pos="NN">day</wf>
<punc>.</punc>
</s>
<s snum="127">
<wf cmd="ignore" pos="PRP">It</wf>
<wf cmd="done" pos="VB" lemma="be" wnsn="1" lexsn="2:42:03::">was</wf>
<wf cmd="tag" pos="RB">n't</wf>
<wf cmd="tag" pos="JJ">cold</wf>
<wf cmd="tag" pos="RB">enough</wf>
<wf cmd="ignore" pos="IN">in</wf>
<wf cmd="ignore" pos="DT">the</wf>
<wf cmd="tag" pos="NN">tunnel</wf>
<wf cmd="ignore" pos="TO">to</wf>
<wf cmd="done" pos="VB" lemma="preserve" wnsn="4" lexsn="2:30:00::">preserve</wf>
<wf cmd="ignore" pos="DT">the</wf>
<wf cmd="tag" pos="NN">body</wf>
<wf cmd="tag" pos="JJ">intact</wf>
<punc>.</punc>
</s>
<s snum="128">
<wf cmd="ignore" pos="IN">By</wf>
<wf cmd="tag" pos="NN">spring</wf>
<wf cmd="ignore" pos="PRP">it</wf>
<wf cmd="ignore" pos="MD">would</wf>
<wf cmd="done" pos="VB" lemma="be" wnsn="2" lexsn="2:42:06::">be</wf>
<wf cmd="ignore" pos="DT">a</wf>
<wf cmd="tag" pos="NN">skeleton</wf>
<punc>.</punc>
</s>
</p>
<p pnum="28">
<s snum="129">
<wf cmd="ignore" pos="PRP">He</wf>
<wf cmd="done" rdf="made_one's_way" pos="VB" lemma="make_one's_way" wnsn="0" lexsn="2:38:00::">made</wf>
<wf cmd="ignore" pos="PRP$">his</wf>
<wf cmd="tag" pos="NN">way</wf>
<wf cmd="tag" pos="RB">back</wf>
<wf cmd="ignore" pos="TO">to</wf>
<wf cmd="ignore" pos="DT">the</wf>
<wf cmd="tag" pos="NN">Jeep</wf>
<punc>.</punc>
</s>
<s snum="130">
<wf cmd="ignore" pos="PRP">He</wf>
<wf cmd="done" pos="VBD" ot="notag">had</wf>
<wf cmd="done" pos="VB" lemma="start" wnsn="1" lexsn="2:30:00::">started</wf>
<wf cmd="ignore" pos="TO">to</wf>
<wf cmd="done" pos="VB" lemma="back" wnsn="2" lexsn="2:38:00::">back</wf>
<wf cmd="ignore" pos="IN">into</wf>
<wf cmd="ignore" pos="DT">the</wf>
<wf cmd="tag" pos="NN">turn</wf>
<wf cmd="ignore" pos="WRB">when</wf>
<wf cmd="ignore" pos="PRP">he</wf>
<wf cmd="done" pos="VB" lemma="remember" wnsn="1" lexsn="2:31:00::">remembered</wf>
<wf cmd="ignore" pos="DT">the</wf>
<wf cmd="tag" pos="NN">razor</wf>
<wf cmd="ignore" pos="IN">in</wf>
<wf cmd="ignore" pos="PRP$">his</wf>
<wf cmd="tag" pos="NN">pocket</wf>
<punc>.</punc>
</s>
<s snum="131">
<wf cmd="ignore" pos="PRP">He</wf>
<wf cmd="done" pos="VB" lemma="climb_down" wnsn="1" lexsn="2:38:00::">climbed_down</wf>
<punc>,</punc>
<wf cmd="done" pos="VB" lemma="go_back" wnsn="0" lexsn="2:38:00::">went_back</wf>
<wf cmd="ignore" pos="IN">into</wf>
<wf cmd="ignore" pos="DT">the</wf>
<wf cmd="tag" pos="NN">tunnel</wf>
<wf cmd="ignore" pos="CC">and</wf>
<wf cmd="done" pos="VB" lemma="toss" wnsn="1" lexsn="2:35:04::">tossed</wf>
<wf cmd="ignore" pos="DT">the</wf>
<wf cmd="tag" pos="NN">razor</wf>
<wf cmd="ignore" pos="IN">into</wf>
<wf cmd="tag" pos="NN">the_pit</wf>
<punc>.</punc>
</s>
<s snum="132">
<wf cmd="ignore" pos="PRP">It</wf>
<wf cmd="done" pos="VB" lemma="land" wnsn="1" lexsn="2:38:00::">landed</wf>
<wf cmd="ignore" pos="IN">on</wf>
<wf cmd="tag" pos="NNP">Roberts</wf>
<punc>'</punc>
<wf cmd="tag" pos="JJ">sprawled</wf>
<wf cmd="tag" pos="NN">right</wf>
<wf cmd="tag" pos="NN">thigh</wf>
<punc>,</punc>
<wf cmd="done" pos="VB" lemma="poise" wnsn="1" lexsn="2:38:00::">poised</wf>
<wf cmd="tag" pos="RB">precariously</wf>
<punc>,</punc>
<wf cmd="tag" pos="RB">then</wf>
<wf cmd="done" pos="VB" lemma="slide" wnsn="1" lexsn="2:38:01::">slid</wf>
<wf cmd="tag" pos="RB">off</wf>
<wf cmd="ignore" pos="TO">to</wf>
<wf cmd="ignore" pos="DT">the</wf>
<wf cmd="tag" pos="NN">ground</wf>
<punc>.</punc>
</s>
<s snum="133">
<wf cmd="ignore" pos="PRP">He</wf>
<wf cmd="done" pos="VB" lemma="go_back" wnsn="0" lexsn="2:38:00::">went_back</wf>
<wf cmd="tag" pos="RB">once_more</wf>
<wf cmd="ignore" pos="TO">to</wf>
<wf cmd="ignore" pos="DT">the</wf>
<wf cmd="tag" pos="NN">Jeep</wf>
<wf cmd="ignore" pos="CC">and</wf>
<wf cmd="done" pos="VB" lemma="start" wnsn="2" lexsn="2:30:01::">started</wf>
<wf cmd="ignore" pos="DT">the</wf>
<wf cmd="tag" pos="JJ">short</wf>
<wf cmd="tag" pos="NN">drive</wf>
<wf cmd="done" pos="VB" ot="notag">to</wf>
<wf cmd="ignore" pos="DT">the</wf>
<wf cmd="tag" pos="NN">hotel</wf>
<punc>.</punc>
</s>
</p>
<p pnum="29">
<s snum="134">
<wf cmd="ignore" pos="IN">In</wf>
<wf cmd="ignore" pos="DT">the</wf>
<wf cmd="tag" pos="NN">garage</wf>
<wf cmd="ignore" pos="PRP">he</wf>
<wf cmd="done" pos="VB" lemma="check" wnsn="1" lexsn="2:31:00::">checked</wf>
<wf cmd="ignore" pos="DT">the</wf>
<wf cmd="tag" pos="NN">Jeep</wf>
<wf cmd="ignore" pos="IN">for</wf>
<wf cmd="tag" pos="NNS">signs</wf>
<wf cmd="ignore" pos="IN">of</wf>
<wf cmd="ignore" pos="DT">the</wf>
<wf cmd="tag" pos="NN">use</wf>
<wf cmd="ignore" pos="PRP">he</wf>
<wf cmd="done" pos="VBD" ot="notag">had</wf>
<wf cmd="done" pos="VB" lemma="make" wnsn="2" lexsn="2:30:00::">made</wf>
<wf cmd="tag" pos="RB">of_it</wf>
<punc>.</punc>
</s>
<s snum="135">
<wf cmd="ignore" pos="EX">There</wf>
<wf cmd="done" pos="VB" ot="notag">were</wf>
<wf cmd="tag" pos="NNS">stains</wf>
<wf cmd="tag" pos="RB">here_and_there</wf>
<wf cmd="ignore" pos="CC">and</wf>
<wf cmd="ignore" pos="PRP">he</wf>
<wf cmd="done" pos="VB" lemma="clean" wnsn="1" lexsn="2:35:00::">cleaned</wf>
<wf cmd="ignore" pos="PRP">them</wf>
<wf cmd="tag" pos="RB">off</wf>
<punc>,</punc>
<wf cmd="done" pos="VB" lemma="use" wnsn="1" lexsn="2:34:01::">using</wf>
<wf cmd="ignore" pos="DT">an</wf>
<wf cmd="tag" pos="JJ">oiled</wf>
<wf cmd="tag" pos="NN">rag</wf>
<wf cmd="ignore" pos="PRP">he</wf>
<wf cmd="done" pos="VB" lemma="find" wnsn="1" lexsn="2:40:02::">found</wf>
<wf cmd="ignore" pos="IN">on</wf>
<wf cmd="ignore" pos="DT">a</wf>
<wf cmd="tag" pos="NN">nail</wf>
<punc>.</punc>
</s>
<s snum="136">
<wf cmd="ignore" pos="PRP">He</wf>
<wf cmd="done" pos="VB" lemma="wipe" wnsn="1" lexsn="2:35:00::">wiped</wf>
<wf cmd="ignore" pos="DT">the</wf>
<wf cmd="tag" pos="NN">steering_wheel</wf>
<wf cmd="ignore" pos="CC">and</wf>
<wf cmd="ignore" pos="PDT">all</wf>
<wf cmd="ignore" pos="DT">the</wf>
<wf cmd="tag" pos="NNS">places</wf>
<wf cmd="ignore" pos="PRP">he</wf>
<wf cmd="ignore" pos="MD">might</wf>
<wf cmd="done" pos="VB" ot="notag">have</wf>
<wf cmd="done" pos="VB" lemma="touch" wnsn="1" lexsn="2:35:00::">touched</wf>
<wf cmd="ignore" pos="DT">the</wf>
<wf cmd="tag" pos="NN">Jeep</wf>
<punc>.</punc>
</s>
<s snum="137">
<wf cmd="ignore" pos="PRP">He</wf>
<wf cmd="done" pos="VB" lemma="replace" wnsn="3" lexsn="2:35:00::">replaced</wf>
<wf cmd="ignore" pos="DT">the</wf>
<wf cmd="tag" pos="NN">flashlight</wf>
<wf cmd="ignore" pos="WRB">where</wf>
<wf cmd="ignore" pos="PRP">it</wf>
<wf cmd="done" pos="VBD" ot="notag">had</wf>
<wf cmd="done" pos="VBN" ot="notag">been</wf>
<wf cmd="done" pos="VB" lemma="stow" wnsn="0" lexsn="2:35:00::">stowed</wf>
<punc>,</punc>
<wf cmd="done" pos="VB" lemma="get" wnsn="2" lexsn="2:30:00::">got</wf>
<wf cmd="done" pos="VB" ot="notag">into</wf>
<wf cmd="ignore" pos="PRP$">his</wf>
<wf cmd="tag" pos="JJ">own</wf>
<wf cmd="tag" pos="NN">car</wf>
<wf cmd="ignore" pos="CC">and</wf>
<wf cmd="done" pos="VB" lemma="back" wnsn="2" lexsn="2:38:00::">backed</wf>
<wf cmd="ignore" pos="PRP">it</wf>
<wf cmd="ignore" pos="IN">out</wf>
<wf cmd="ignore" pos="IN">of</wf>
<wf cmd="ignore" pos="DT">the</wf>
<wf cmd="tag" pos="NN">garage</wf>
<punc>.</punc>
</s>
<s snum="138">
<wf cmd="ignore" pos="EX">There</wf>
<wf cmd="done" pos="VB" lemma="be" wnsn="3" lexsn="2:42:05::">were</wf>
<wf cmd="tag" pos="NN">tire</wf>
<wf cmd="tag" pos="NNS">marks</wf>
<wf cmd="ignore" pos="WRB">where</wf>
<wf cmd="ignore" pos="PRP">it</wf>
<wf cmd="done" pos="VBD" ot="notag">had</wf>
<wf cmd="done" pos="VB" lemma="be" wnsn="3" lexsn="2:42:05::">been</wf>
<punc>,</punc>
<wf cmd="ignore" pos="CC">but</wf>
<wf cmd="ignore" pos="PRP">they</wf>
<wf cmd="done" pos="VBD" ot="notag">were</wf>
<wf cmd="done" pos="VB" lemma="overlap" wnsn="1" lexsn="2:42:03::">overlapped</wf>
<wf cmd="ignore" pos="IN">by</wf>
<wf cmd="tag" pos="NNS">others</wf>
<wf cmd="ignore" pos="CC">and</wf>
<wf cmd="ignore" pos="IN">on</wf>
<wf cmd="ignore" pos="DT">the</wf>
<wf cmd="tag" pos="JJ">dusty</wf>
<wf cmd="tag" pos="NN">floor</wf>
<wf cmd="ignore" pos="MD">would</wf>
<wf cmd="tag" pos="RB">not</wf>
<wf cmd="done" pos="VB" lemma="be" wnsn="1" lexsn="2:42:03::">be</wf>
<wf cmd="tag" pos="JJ">noticeable</wf>
<wf cmd="ignore" pos="IN">except</wf>
<wf cmd="ignore" pos="IN">under</wf>
<wf cmd="tag" pos="NN">close</wf>
<wf cmd="tag" pos="NN">scrutiny</wf>
<punc>.</punc>
</s>
<s snum="139">
<wf cmd="tag" pos="NNP">Liz_Peabody</wf>
<punc>,</punc>
<wf cmd="ignore" pos="PRP">he</wf>
<wf cmd="done" pos="VB" lemma="think" wnsn="3" lexsn="2:31:00::">thought</wf>
<punc>,</punc>
<wf cmd="ignore" pos="MD">might</wf>
<wf cmd="done" pos="VB" lemma="spend" wnsn="1" lexsn="2:42:00::">spend</wf>
<wf cmd="ignore" pos="DT">some</wf>
<wf cmd="tag" pos="NN">time</wf>
<wf cmd="done" pos="VB" lemma="grieve" wnsn="1" lexsn="2:37:00::">grieving</wf>
<wf cmd="ignore" pos="IN">for</wf>
<wf cmd="ignore" pos="PRP$">her</wf>
<wf cmd="tag" pos="JJ">lost</wf>
<wf cmd="tag" pos="NN">lover</wf>
<punc>,</punc>
<wf cmd="ignore" pos="CC">but</wf>
<wf cmd="ignore" pos="PRP">he</wf>
<wf cmd="done" pos="VB" lemma="doubt" wnsn="1" lexsn="2:31:00::">doubted</wf>
<wf cmd="ignore" pos="IN">that</wf>
<wf cmd="ignore" pos="PRP">she</wf>
<wf cmd="ignore" pos="MD">would</wf>
<wf cmd="done" pos="VB" lemma="launch" wnsn="0" lexsn="2:36:00::">launch</wf>
<wf cmd="ignore" pos="DT">an</wf>
<wf cmd="tag" pos="NN">investigation</wf>
<punc>.</punc>
</s>
<s snum="140">
<wf cmd="ignore" pos="PRP">He</wf>
<wf cmd="done" pos="VB" lemma="judge" wnsn="2" lexsn="2:31:00::">judged</wf>
<wf cmd="ignore" pos="PRP">her</wf>
<wf cmd="ignore" pos="TO">to</wf>
<wf cmd="done" pos="VB" lemma="be" wnsn="2" lexsn="2:42:06::">be</wf>
<wf cmd="ignore" pos="DT">a</wf>
<wf cmd="tag" pos="NN">woman</wf>
<wf cmd="ignore" pos="IN">of</wf>
<wf cmd="ignore" pos="DT">some</wf>
<wf cmd="tag" pos="NN">pride</wf>
<punc>,</punc>
<wf cmd="ignore" pos="IN">though</wf>
<wf cmd="tag" pos="RB">not_much</wf>
<wf cmd="tag" pos="NN">sense</wf>
<punc>.</punc>
</s>
<s snum="141">
<wf cmd="tag" pos="RB">Still</wf>
<wf cmd="ignore" pos="PRP">she</wf>
<wf cmd="ignore" pos="MD">would</wf>
<wf cmd="tag" pos="RB">probably</wf>
<wf cmd="done" pos="VB" lemma="have" wnsn="1" lexsn="2:40:00::">have</wf>
<wf cmd="tag" pos="NN">sense</wf>
<wf cmd="tag" pos="RB">enough</wf>
<wf cmd="tag" pos="RB">not</wf>
<wf cmd="ignore" pos="TO">to</wf>
<wf cmd="done" pos="VB" lemma="call_in" wnsn="3" lexsn="2:41:00::">call_in</wf>
<wf cmd="ignore" pos="DT">the</wf>
<wf cmd="tag" pos="JJ">local</wf>
<wf cmd="tag" pos="NN">sheriff</wf>
<wf cmd="ignore" pos="TO">to</wf>
<wf cmd="done" pos="VB" lemma="find" wnsn="3" lexsn="2:40:00::">find</wf>
<wf cmd="ignore" pos="PRP$">her</wf>
<wf cmd="tag" pos="NN">boy</wf>
<wf cmd="tag" pos="NN">friend</wf>
<wf cmd="ignore" pos="WP">who</wf>
<punc>,</punc>
<wf cmd="tag" pos="RB">apparently</wf>
<punc>,</punc>
<wf cmd="done" pos="VBD" ot="notag">had</wf>
<wf cmd="done" pos="VB" lemma="run_away" wnsn="1" lexsn="2:38:00::">run_away</wf>
<punc>.</punc>
</s>
</p>
</context>
</contextfile>
