<contextfile concordance="brown">
<context filename="br-m04" paras="yes">
<p pnum="1">
<s snum="1">
<wf cmd="tag" pos="NNP">Ryan</wf>
<wf cmd="done" pos="VB" lemma="heft" wnsn="1" lexsn="2:35:00::">hefted</wf>
<wf cmd="ignore" pos="PRP$">his</wf>
<wf cmd="tag" pos="NN">bulk</wf>
<wf cmd="tag" pos="RB">up</wf>
<wf cmd="ignore" pos="CC">and</wf>
<wf cmd="done" pos="VB" lemma="support" wnsn="4" lexsn="2:35:00::">supported</wf>
<wf cmd="ignore" pos="PRP">it</wf>
<wf cmd="ignore" pos="IN">on</wf>
<wf cmd="tag" pos="CD">one</wf>
<wf cmd="tag" pos="NN">elbow</wf>
<punc>.</punc>
</s>
<s snum="2">
<wf cmd="ignore" pos="PRP">He</wf>
<wf cmd="done" pos="VB" lemma="rub" wnsn="1" lexsn="2:35:00::">rubbed</wf>
<wf cmd="ignore" pos="PRP$">his</wf>
<wf cmd="tag" pos="NNS">eyes</wf>
<wf cmd="tag" pos="RB">sleepily</wf>
<wf cmd="ignore" pos="IN">with</wf>
<wf cmd="tag" pos="CD">one</wf>
<wf cmd="tag" pos="JJ">huge</wf>
<wf cmd="tag" pos="NN">paw</wf>
<punc>.</punc>
</s>
<s snum="3">
<punc>``</punc>
<wf cmd="tag" pos="NNP">Ekstrohm</wf>
<punc>,</punc>
<wf cmd="tag" pos="NNP">Nogol</wf>
<punc>,</punc>
<wf cmd="ignore" pos="PRP">you</wf>
<wf cmd="tag" pos="NNS">guys</wf>
<wf cmd="tag" pos="JJ">okay</wf>
<punc>''</punc>
<punc>?</punc>
</s>
</p>
<p pnum="2">
<s snum="4">
<punc>``</punc>
<wf cmd="tag" pos="NN">Nothing</wf>
<wf cmd="tag" pos="JJ">wrong</wf>
<wf cmd="ignore" pos="IN">with</wf>
<wf cmd="ignore" pos="PRP">me</wf>
<wf cmd="ignore" pos="WDT">that</wf>
<wf cmd="ignore" pos="MD">could</wf>
<wf cmd="tag" pos="RB">n't</wf>
<wf cmd="done" pos="VB" ot="notag">be</wf>
<wf cmd="done" pos="VB" lemma="cure" wnsn="1" lexsn="2:29:00::">cured</wf>
<punc>''</punc>
<punc>,</punc>
<wf cmd="tag" pos="NNP">Nogol</wf>
<wf cmd="done" pos="VB" lemma="say" wnsn="1" lexsn="2:32:00::">said</wf>
<punc>.</punc>
</s>
<s snum="5">
<wf cmd="ignore" pos="PRP">He</wf>
<wf cmd="done" pos="VBD" ot="notag">did</wf>
<wf cmd="tag" pos="RB">n't</wf>
<wf cmd="done" pos="VB" lemma="say" wnsn="1" lexsn="2:32:00::">say</wf>
<wf cmd="ignore" pos="WP">what</wf>
<wf cmd="ignore" pos="MD">would</wf>
<wf cmd="done" pos="VB" lemma="cure" wnsn="1" lexsn="2:29:00::">cure</wf>
<wf cmd="ignore" pos="PRP">him</wf>
<punc>;</punc>
<wf cmd="ignore" pos="PRP">he</wf>
<wf cmd="done" pos="VBD" ot="notag">had</wf>
<wf cmd="done" pos="VBN" ot="notag">been</wf>
<wf cmd="done" pos="VB" lemma="explain" wnsn="1" lexsn="2:32:00::">explaining</wf>
<wf cmd="ignore" pos="DT">all</wf>
<wf cmd="ignore" pos="IN">during</wf>
<wf cmd="ignore" pos="DT">the</wf>
<wf cmd="tag" pos="NN">trip</wf>
<wf cmd="ignore" pos="WP">what</wf>
<wf cmd="ignore" pos="PRP">he</wf>
<wf cmd="done" pos="VB" lemma="need" wnsn="2" lexsn="2:34:00::">needed</wf>
<wf cmd="done" pos="VB" ot="notag">to</wf>
<wf cmd="done" pos="VB" lemma="make" wnsn="2" lexsn="2:30:00::">make</wf>
<wf cmd="ignore" pos="PRP">him</wf>
<wf cmd="done" pos="VB" lemma="feel" wnsn="4" lexsn="2:29:00::">feel</wf>
<wf cmd="tag" pos="JJ">like</wf>
<wf cmd="ignore" pos="PRP">himself</wf>
<punc>.</punc>
</s>
<s snum="6">
<wf cmd="ignore" pos="PRP$">His</wf>
<wf cmd="tag" pos="JJ">small</wf>
<wf cmd="tag" pos="NN">black_eyes</wf>
<wf cmd="done" pos="VB" lemma="dart" wnsn="1" lexsn="2:38:01::">darted</wf>
<wf cmd="ignore" pos="IN">inside</wf>
<wf cmd="ignore" pos="DT">the</wf>
<wf cmd="tag" pos="JJ">olive</wf>
<wf cmd="tag" pos="NN">oval</wf>
<wf cmd="ignore" pos="IN">of</wf>
<wf cmd="ignore" pos="PRP$">his</wf>
<wf cmd="tag" pos="NN">face</wf>
<punc>.</punc>
</s>
</p>
<p pnum="3">
<s snum="7">
<punc>``</punc>
<wf cmd="tag" pos="NNP">Ekstrohm</wf>
<punc>''</punc>
<punc>?</punc>
</s>
<s snum="8">
<wf cmd="tag" pos="NNP">Ryan</wf>
<wf cmd="done" pos="VB" lemma="insist" wnsn="1" lexsn="2:32:00::">insisted</wf>
<punc>.</punc>
</s>
</p>
<p pnum="4">
<s snum="9">
<punc>``</punc>
<wf cmd="ignore" pos="UH">Okay</wf>
<punc>''</punc>
<punc>.</punc>
</s>
</p>
<p pnum="5">
<s snum="10">
<punc>``</punc>
<wf cmd="ignore" pos="UH">Well</wf>
<punc>,</punc>
<wf cmd="done" pos="VB" lemma="let" wnsn="1" lexsn="2:41:00::">let</wf>
<wf cmd="ignore" pos="POS">'s</wf>
<wf cmd="done" rdf="take_a_look" pos="VB" lemma="take_a_look" wnsn="1" lexsn="2:39:00::">take</wf>
<wf cmd="done" pos="VB" ot="notag">a</wf>
<wf cmd="tag" pos="NN">ground-level</wf>
<wf cmd="done" pos="VB" ot="notag">look</wf>
<wf cmd="done" pos="VB" ot="notag">at</wf>
<wf cmd="ignore" pos="DT">the</wf>
<wf cmd="tag" pos="NN">country</wf>
<wf cmd="ignore" pos="IN">around</wf>
<wf cmd="tag" pos="RB">here</wf>
<punc>''</punc>
<punc>.</punc>
</s>
</p>
<p pnum="6">
<s snum="11">
<wf cmd="ignore" pos="DT">The</wf>
<wf cmd="tag" pos="NN">facsiport</wf>
<wf cmd="done" pos="VB" lemma="roll" wnsn="1" lexsn="2:38:00::">rolled</wf>
<wf cmd="tag" pos="JJ">open</wf>
<wf cmd="ignore" pos="IN">on</wf>
<wf cmd="ignore" pos="DT">the</wf>
<wf cmd="tag" pos="NN">landscape</wf>
<punc>.</punc>
</s>
<s snum="12">
<wf cmd="ignore" pos="DT">A</wf>
<wf cmd="tag" pos="NN">range</wf>
<wf cmd="ignore" pos="IN">of</wf>
<wf cmd="tag" pos="NNS">bluffs</wf>
<wf cmd="done" pos="VB" lemma="hug" wnsn="2" lexsn="2:35:00::">hugged</wf>
<wf cmd="ignore" pos="DT">the</wf>
<wf cmd="tag" pos="NN">horizon</wf>
<punc>,</punc>
<wf cmd="ignore" pos="DT">the</wf>
<wf cmd="tag" pos="NN">color</wf>
<wf cmd="ignore" pos="IN">of</wf>
<wf cmd="tag" pos="JJ">decaying</wf>
<wf cmd="tag" pos="NN">moss</wf>
<punc>.</punc>
</s>
<s snum="13">
<wf cmd="ignore" pos="IN">Above</wf>
<wf cmd="ignore" pos="PRP">them</wf>
<punc>,</punc>
<wf cmd="ignore" pos="DT">the</wf>
<wf cmd="tag" pos="NN">sky</wf>
<wf cmd="done" pos="VB" lemma="be" wnsn="1" lexsn="2:42:03::">was</wf>
<wf cmd="ignore" pos="DT">the</wf>
<wf cmd="tag" pos="NN">black</wf>
<wf cmd="ignore" pos="IN">of</wf>
<wf cmd="tag" pos="NN">space</wf>
<punc>,</punc>
<wf cmd="ignore" pos="CC">or</wf>
<wf cmd="ignore" pos="DT">the</wf>
<wf cmd="tag" pos="RB">almost</wf>
<wf cmd="tag" pos="JJ">equal</wf>
<wf cmd="tag" pos="NN">black</wf>
<wf cmd="ignore" pos="IN">of</wf>
<wf cmd="ignore" pos="DT">the</wf>
<wf cmd="tag" pos="NN">winter</wf>
<wf cmd="tag" pos="NN">sky</wf>
<wf cmd="ignore" pos="IN">above</wf>
<wf cmd="tag" pos="NNP">Minneapolis</wf>
<punc>,</punc>
<wf cmd="done" pos="VB" lemma="see" wnsn="1" lexsn="2:39:00::">seen</wf>
<wf cmd="ignore" pos="IN">against</wf>
<wf cmd="tag" pos="JJ">neon-lit</wf>
<wf cmd="tag" pos="NN">snow</wf>
<punc>.</punc>
</s>
<s snum="14">
<wf cmd="ignore" pos="DT">That</wf>
<wf cmd="tag" pos="JJ">cold</wf>
<punc>,</punc>
<wf cmd="tag" pos="JJ">empty</wf>
<wf cmd="tag" pos="NN">sky</wf>
<wf cmd="done" pos="VB" lemma="be" wnsn="1" lexsn="2:42:03::">was</wf>
<wf cmd="tag" pos="JJ">full</wf>
<wf cmd="done" pos="VB" ot="notag">of</wf>
<wf cmd="tag" pos="NN">fire</wf>
<wf cmd="ignore" pos="CC">and</wf>
<wf cmd="tag" pos="NN">light</wf>
<punc>.</punc>
</s>
<s snum="15">
<wf cmd="ignore" pos="PRP">It</wf>
<wf cmd="done" pos="VB" lemma="seem" wnsn="1" lexsn="2:39:00::">seemed</wf>
<wf cmd="tag" pos="RB">almost</wf>
<wf cmd="ignore" pos="DT">a</wf>
<wf cmd="tag" pos="NN">magnification</wf>
<wf cmd="ignore" pos="IN">of</wf>
<wf cmd="ignore" pos="DT">the</wf>
<wf cmd="tag" pos="NN">Galaxy</wf>
<wf cmd="ignore" pos="PRP">itself</wf>
<punc>,</punc>
<wf cmd="ignore" pos="IN">of</wf>
<wf cmd="ignore" pos="DT">the</wf>
<wf cmd="tag" pos="NN">Milky_Way</wf>
<punc>,</punc>
<wf cmd="done" pos="VB" lemma="blow_up" wnsn="2" lexsn="2:30:00::">blown_up</wf>
<wf cmd="ignore" pos="IN">by</wf>
<wf cmd="ignore" pos="DT">some</wf>
<wf cmd="tag" pos="NN">master</wf>
<wf cmd="tag" pos="NN">photographer</wf>
<punc>.</punc>
</s>
</p>
<p pnum="7">
<s snum="16">
<wf cmd="ignore" pos="DT">This</wf>
<wf cmd="tag" pos="JJ">fiery</wf>
<wf cmd="tag" pos="NN">swath</wf>
<wf cmd="done" pos="VB" lemma="be" wnsn="2" lexsn="2:42:06::">was</wf>
<wf cmd="tag" pos="RB">actually</wf>
<wf cmd="tag" pos="RB">only</wf>
<wf cmd="ignore" pos="DT">a</wf>
<wf cmd="tag" pos="NN">belt</wf>
<wf cmd="ignore" pos="IN">of</wf>
<wf cmd="tag" pos="NN">minor_planets</wf>
<punc>,</punc>
<wf cmd="tag" pos="RB">almost</wf>
<wf cmd="ignore" pos="IN">like</wf>
<wf cmd="ignore" pos="DT">the</wf>
<wf cmd="tag" pos="JJ">asteroid</wf>
<wf cmd="tag" pos="NN">belt</wf>
<wf cmd="ignore" pos="IN">in</wf>
<wf cmd="ignore" pos="DT">the</wf>
<wf cmd="tag" pos="JJ">original</wf>
<wf cmd="tag" pos="NN">Solar_System</wf>
<punc>.</punc>
</s>
<s snum="17">
<wf cmd="ignore" pos="DT">These</wf>
<wf cmd="tag" pos="NNS">planets</wf>
<wf cmd="done" pos="VB" lemma="be" wnsn="1" lexsn="2:42:03::">were</wf>
<wf cmd="tag" pos="JJ">much</wf>
<wf cmd="tag" pos="RBR">bigger</wf>
<punc>,</punc>
<wf cmd="tag" pos="RB">nearly</wf>
<wf cmd="ignore" pos="DT">all</wf>
<wf cmd="tag" pos="JJ">capable_of</wf>
<wf cmd="done" pos="VB" lemma="hold" wnsn="4;1" lexsn="2:40:00::;2:42:00::">holding</wf>
<wf cmd="ignore" pos="DT">an</wf>
<wf cmd="tag" pos="NN">atmosphere</wf>
<punc>.</punc>
</s>
<s snum="18">
<wf cmd="ignore" pos="CC">But</wf>
<wf cmd="ignore" pos="TO">to</wf>
<wf cmd="ignore" pos="DT">the</wf>
<wf cmd="tag" pos="NN">infuriation</wf>
<wf cmd="ignore" pos="IN">of</wf>
<wf cmd="tag" pos="NNS">scientists</wf>
<punc>,</punc>
<wf cmd="ignore" pos="IN">for</wf>
<wf cmd="ignore" pos="DT">no</wf>
<wf cmd="tag" pos="JJ">known</wf>
<wf cmd="tag" pos="NN">reason</wf>
<wf cmd="tag" pos="RB">not</wf>
<wf cmd="tag" pos="JJ">all_of</wf>
<wf cmd="ignore" pos="PRP">them</wf>
<wf cmd="done" pos="VBD" ot="notag">did</wf>
<punc>.</punc>
</s>
<s snum="19">
<wf cmd="ignore" pos="DT">This</wf>
<wf cmd="ignore" pos="MD">would</wf>
<wf cmd="done" pos="VB" lemma="be" wnsn="1" lexsn="2:42:03::">be</wf>
<wf cmd="ignore" pos="DT">the</wf>
<wf cmd="tag" pos="JJ">fifth</wf>
<wf cmd="tag" pos="NN">mapping</wf>
<wf cmd="tag" pos="NN">expedition</wf>
<wf cmd="ignore" pos="TO">to</wf>
<wf cmd="ignore" pos="DT">the</wf>
<wf cmd="tag" pos="NNS">planetoids</wf>
<wf cmd="ignore" pos="IN">of</wf>
<wf cmd="tag" pos="NN">Yancy-6</wf>
<wf cmd="ignore" pos="IN">in</wf>
<wf cmd="tag" pos="CD">three</wf>
<wf cmd="tag" pos="NNS">generations</wf>
<punc>.</punc>
</s>
<s snum="20">
<wf cmd="ignore" pos="PRP">They</wf>
<wf cmd="done" pos="VB" lemma="lie" wnsn="1" lexsn="2:42:00::">lay</wf>
<wf cmd="tag" pos="NNS">months</wf>
<wf cmd="tag" pos="RB">away</wf>
<wf cmd="ignore" pos="IN">from</wf>
<wf cmd="ignore" pos="DT">the</wf>
<wf cmd="tag" pos="JJS">nearest</wf>
<wf cmd="tag" pos="NNP">Earth</wf>
<wf cmd="tag" pos="NN">star</wf>
<wf cmd="ignore" pos="IN">by</wf>
<wf cmd="tag" pos="NN">jump</wf>
<wf cmd="tag" pos="NN">drive</wf>
<punc>,</punc>
<wf cmd="ignore" pos="CC">and</wf>
<wf cmd="ignore" pos="DT">no</wf>
<wf cmd="tag" pos="NN">one</wf>
<wf cmd="done" pos="VB" lemma="know" wnsn="1" lexsn="2:31:01::">knew</wf>
<wf cmd="ignore" pos="WP">what</wf>
<wf cmd="ignore" pos="PRP">they</wf>
<wf cmd="done" pos="VB" lemma="be" wnsn="1" lexsn="2:42:03::">were</wf>
<wf cmd="tag" pos="JJ">good</wf>
<wf cmd="tag" pos="RB">for</wf>
<punc>,</punc>
<wf cmd="ignore" pos="IN">although</wf>
<wf cmd="ignore" pos="PRP">it</wf>
<wf cmd="done" pos="VBD" ot="notag">was</wf>
<wf cmd="done" pos="VB" lemma="feel" wnsn="2" lexsn="2:31:00::">felt</wf>
<wf cmd="ignore" pos="IN">that</wf>
<wf cmd="ignore" pos="PRP">they</wf>
<wf cmd="ignore" pos="MD">would</wf>
<wf cmd="tag" pos="RB">probably</wf>
<wf cmd="done" pos="VB" lemma="be" wnsn="1" lexsn="2:42:03::">be</wf>
<wf cmd="tag" pos="JJ">good</wf>
<wf cmd="ignore" pos="IN">for</wf>
<wf cmd="tag" pos="NN">something</wf>
<wf cmd="ignore" pos="IN">if</wf>
<wf cmd="ignore" pos="PRP">it</wf>
<wf cmd="ignore" pos="MD">could</wf>
<wf cmd="tag" pos="RB">only</wf>
<wf cmd="done" pos="VB" ot="notag">be</wf>
<wf cmd="done" pos="VB" lemma="discover" wnsn="7" lexsn="2:39:00::">discovered</wf>
<punc>-</punc>
<wf cmd="tag" pos="JJ">much</wf>
<wf cmd="ignore" pos="IN">like</wf>
<wf cmd="ignore" pos="DT">the</wf>
<wf cmd="tag" pos="NN">continent</wf>
<wf cmd="ignore" pos="IN">of</wf>
<wf cmd="tag" pos="NNP">Antarctica</wf>
<wf cmd="ignore" pos="IN">in</wf>
<wf cmd="tag" pos="JJ">ancient</wf>
<wf cmd="tag" pos="NN">history</wf>
<punc>.</punc>
</s>
</p>
<p pnum="8">
<s snum="21">
<punc>``</punc>
<wf cmd="ignore" pos="WRB">How</wf>
<wf cmd="ignore" pos="MD">can</wf>
<wf cmd="ignore" pos="DT">a</wf>
<wf cmd="tag" pos="NN">planet</wf>
<wf cmd="ignore" pos="IN">with</wf>
<wf cmd="tag" pos="RB">so</wf>
<wf cmd="tag" pos="JJ">many</wf>
<wf cmd="tag" pos="NNS">neighbors</wf>
<wf cmd="done" pos="VB" lemma="be" wnsn="1" lexsn="2:42:03::">be</wf>
<wf cmd="tag" pos="RB">so</wf>
<wf cmd="tag" pos="JJ">lonely</wf>
<punc>''</punc>
<punc>?</punc>
</s>
<s snum="22">
<wf cmd="tag" pos="NNP">Ryan</wf>
<wf cmd="done" pos="VB" lemma="ask" wnsn="1" lexsn="2:32:00::">asked</wf>
<punc>.</punc>
</s>
<s snum="23">
<wf cmd="ignore" pos="PRP">He</wf>
<wf cmd="done" pos="VB" lemma="be" wnsn="2" lexsn="2:42:06::">was</wf>
<wf cmd="ignore" pos="DT">the</wf>
<wf cmd="tag" pos="NN">captain</wf>
<punc>,</punc>
<wf cmd="tag" pos="RB">so</wf>
<wf cmd="ignore" pos="PRP">he</wf>
<wf cmd="ignore" pos="MD">could</wf>
<wf cmd="done" pos="VB" lemma="ask" wnsn="1" lexsn="2:32:00::">ask</wf>
<wf cmd="tag" pos="NNS">questions</wf>
<wf cmd="ignore" pos="IN">like</wf>
<wf cmd="tag" pos="RB">that</wf>
<punc>.</punc>
</s>
</p>
<p pnum="9">
<s snum="24">
<punc>``</punc>
<wf cmd="ignore" pos="DT">Some</wf>
<wf cmd="ignore" pos="MD">can</wf>
<wf cmd="done" pos="VB" lemma="be" wnsn="1" lexsn="2:42:03::">be</wf>
<wf cmd="tag" pos="JJ">lonely</wf>
<wf cmd="ignore" pos="IN">in</wf>
<wf cmd="ignore" pos="DT">a</wf>
<wf cmd="tag" pos="NN">crowd</wf>
<punc>''</punc>
<punc>,</punc>
<wf cmd="tag" pos="NNP">Nogol</wf>
<wf cmd="done" pos="VB" lemma="say" wnsn="1" lexsn="2:32:00::">said</wf>
<wf cmd="tag" pos="RB">elaborately</wf>
<punc>.</punc>
</s>
</p>
<p pnum="10">
<s snum="25">
<punc>``</punc>
<wf cmd="ignore" pos="WP">What</wf>
<wf cmd="ignore" pos="MD">will</wf>
<wf cmd="ignore" pos="PRP">we</wf>
<wf cmd="done" pos="VB" lemma="need" wnsn="2" lexsn="2:34:00::">need</wf>
<wf cmd="tag" pos="RB">outside</wf>
<punc>,</punc>
<wf cmd="tag" pos="NNP">Ryan</wf>
<punc>''</punc>
<punc>?</punc>
</s>
<s snum="26">
<wf cmd="tag" pos="NNP">Ekstrohm</wf>
<wf cmd="done" pos="VB" lemma="ask" wnsn="1" lexsn="2:32:00::">asked</wf>
<punc>.</punc>
</s>
</p>
<p pnum="11">
<s snum="27">
<punc>``</punc>
<wf cmd="ignore" pos="DT">No</wf>
<wf cmd="tag" pos="NNS">helmets</wf>
<punc>''</punc>
<punc>,</punc>
<wf cmd="ignore" pos="DT">the</wf>
<wf cmd="tag" pos="NN">captain</wf>
<wf cmd="done" pos="VB" lemma="answer" wnsn="1" lexsn="2:32:00::">answered</wf>
<punc>.</punc>
</s>
<s snum="28">
<punc>``</punc>
<wf cmd="ignore" pos="PRP">We</wf>
<wf cmd="ignore" pos="MD">can</wf>
<wf cmd="done" pos="VB" lemma="breathe" wnsn="1" lexsn="2:29:00::">breathe</wf>
<wf cmd="tag" pos="RB">out</wf>
<wf cmd="ignore" pos="EX">there</wf>
<punc>,</punc>
<wf cmd="tag" pos="RB">all_right</wf>
<punc>.</punc>
</s>
<s snum="29">
<wf cmd="ignore" pos="PRP">It</wf>
<wf cmd="tag" pos="RB">just</wf>
<wf cmd="done" rdf="will" pos="VBD" ot="notag">won</wf>
<wf cmd="tag" pos="RB">n't</wf>
<wf cmd="done" pos="VB" lemma="be" wnsn="1" lexsn="2:42:03::">be</wf>
<wf cmd="tag" pos="JJ">easy</wf>
<punc>.</punc>
</s>
<s snum="30">
<wf cmd="ignore" pos="DT">This</wf>
<wf cmd="tag" pos="JJ">old</wf>
<wf cmd="tag" pos="NN">world</wf>
<wf cmd="done" pos="VB" lemma="lose" wnsn="1" lexsn="2:40:02::">lost</wf>
<wf cmd="tag" pos="JJ">all_of</wf>
<wf cmd="ignore" pos="PRP$">its</wf>
<wf cmd="tag" pos="NN">helium</wf>
<wf cmd="ignore" pos="CC">and</wf>
<wf cmd="tag" pos="NN">trace</wf>
<wf cmd="tag" pos="NNS">gases</wf>
<wf cmd="tag" pos="RB">long_ago</wf>
<punc>.</punc>
</s>
<s snum="31">
<wf cmd="tag" pos="NN">Nitrogen</wf>
<wf cmd="ignore" pos="CC">and</wf>
<wf cmd="tag" pos="NN">oxygen</wf>
<wf cmd="done" pos="VB" lemma="be" wnsn="1" lexsn="2:42:03::">are</wf>
<wf cmd="tag" pos="RB">about</wf>
<wf cmd="ignore" pos="PRP">it</wf>
<punc>''</punc>
<punc>.</punc>
</s>
</p>
<p pnum="12">
<s snum="32">
<punc>``</punc>
<wf cmd="tag" pos="NNP">Ryan</wf>
<punc>,</punc>
<wf cmd="done" pos="VB" lemma="look" wnsn="1" lexsn="2:39:00::">look</wf>
<wf cmd="tag" pos="RB">over</wf>
<wf cmd="ignore" pos="EX">there</wf>
<punc>''</punc>
<punc>,</punc>
<wf cmd="tag" pos="NNP">Nogol</wf>
<wf cmd="done" pos="VB" lemma="say" wnsn="1" lexsn="2:32:00::">said</wf>
<punc>.</punc>
</s>
<s snum="33">
<punc>``</punc>
<wf cmd="tag" pos="NNS">Animals</wf>
<punc>.</punc>
</s>
<s snum="34">
<wf cmd="done" pos="VB" lemma="ring" wnsn="0" lexsn="2:42:00::">Ringing</wf>
<wf cmd="ignore" pos="DT">the</wf>
<wf cmd="tag" pos="NN">ship</wf>
<punc>.</punc>
</s>
<s snum="35">
<wf cmd="done" pos="VB" lemma="think" wnsn="2" lexsn="2:31:03::">Think</wf>
<wf cmd="ignore" pos="PRP">they</wf>
<wf cmd="done" rdf="are" pos="VB" lemma="be" wnsn="1" lexsn="2:42:03::">'re</wf>
<wf cmd="tag" pos="JJ">intelligent</wf>
<punc>,</punc>
<wf cmd="tag" pos="RB">maybe</wf>
<wf cmd="tag" pos="JJ">hostile</wf>
<punc>''</punc>
<punc>?</punc>
</s>
</p>
<p pnum="13">
<s snum="36">
<punc>``</punc>
<wf cmd="ignore" pos="PRP">I</wf>
<wf cmd="done" pos="VB" lemma="think" wnsn="1" lexsn="2:31:01::">think</wf>
<wf cmd="ignore" pos="PRP">they</wf>
<wf cmd="done" rdf="are" pos="VB" lemma="be" wnsn="1" lexsn="2:42:03::">'re</wf>
<wf cmd="tag" pos="JJ">dead</wf>
<punc>''</punc>
<punc>,</punc>
<wf cmd="tag" pos="NNP">Ekstrohm</wf>
<wf cmd="done" pos="VB" lemma="interject" wnsn="1" lexsn="2:32:00::">interjected</wf>
<wf cmd="tag" pos="RB">quietly</wf>
<punc>.</punc>
</s>
<s snum="37">
<punc>``</punc>
<wf cmd="ignore" pos="PRP">I</wf>
<wf cmd="done" pos="VB" lemma="get" wnsn="1" lexsn="2:40:00::">get</wf>
<wf cmd="ignore" pos="DT">no</wf>
<wf cmd="tag" pos="NNS">readings</wf>
<wf cmd="ignore" pos="IN">from</wf>
<wf cmd="ignore" pos="PRP">them</wf>
<wf cmd="tag" pos="RB">at_all</wf>
<punc>.</punc>
</s>
<s snum="38">
<wf cmd="tag" pos="JJ">Sonic</wf>
<punc>,</punc>
<wf cmd="tag" pos="JJ">electronic</wf>
<punc>,</punc>
<wf cmd="tag" pos="JJ">galvanic</wf>
<punc>-</punc>
<wf cmd="ignore" pos="DT">all</wf>
<wf cmd="tag" pos="NN">blank</wf>
<punc>.</punc>
</s>
<s snum="39">
<wf cmd="tag" pos="JJ">According</wf>
<wf cmd="ignore" pos="TO">to</wf>
<wf cmd="ignore" pos="DT">these</wf>
<wf cmd="tag" pos="NNS">needles</wf>
<punc>,</punc>
<wf cmd="ignore" pos="PRP">they</wf>
<wf cmd="done" rdf="are" pos="VB" lemma="be" wnsn="1" lexsn="2:42:03::">'re</wf>
<wf cmd="tag" pos="NN">stone</wf>
<wf cmd="tag" pos="JJ">dead</wf>
<punc>''</punc>
<punc>.</punc>
</s>
</p>
<p pnum="14">
<s snum="40">
<punc>``</punc>
<wf cmd="tag" pos="NNP">Ekstrohm</wf>
<punc>,</punc>
<wf cmd="ignore" pos="PRP">you</wf>
<wf cmd="ignore" pos="CC">and</wf>
<wf cmd="ignore" pos="PRP">I</wf>
<wf cmd="ignore" pos="MD">will</wf>
<wf cmd="done" pos="VB" lemma="have_a_look" wnsn="1" lexsn="2:39:00::">have_a_look</wf>
<punc>''</punc>
<punc>,</punc>
<wf cmd="tag" pos="NNP">Ryan</wf>
<wf cmd="done" pos="VB" lemma="say" wnsn="1" lexsn="2:32:00::">said</wf>
<punc>.</punc>
</s>
<s snum="41">
<punc>``</punc>
<wf cmd="ignore" pos="PRP">You</wf>
<wf cmd="done" pos="VB" ot="idiom">hold_down_the_fort</wf>
<punc>,</punc>
<wf cmd="tag" pos="NNP">Nogol</wf>
<punc>.</punc>
</s>
<s snum="42">
<wf cmd="done" pos="VB" lemma="take_it_easy" wnsn="1" lexsn="2:29:00::">Take_it_easy</wf>
<punc>''</punc>
<punc>.</punc>
</s>
</p>
<p pnum="15">
<s snum="43">
<punc>``</punc>
<wf cmd="tag" pos="NNP">Easy</wf>
<punc>''</punc>
<punc>,</punc>
<wf cmd="tag" pos="NNP">Nogol</wf>
<wf cmd="done" pos="VB" lemma="confirm" wnsn="2" lexsn="2:32:00::">confirmed</wf>
<punc>.</punc>
</s>
<s snum="44">
<punc>``</punc>
<wf cmd="ignore" pos="PRP">I</wf>
<wf cmd="done" pos="VB" lemma="hear" wnsn="2" lexsn="2:31:00::">heard</wf>
<wf cmd="ignore" pos="DT">a</wf>
<wf cmd="tag" pos="NN">story</wf>
<wf cmd="tag" pos="RB">once</wf>
<wf cmd="ignore" pos="IN">about</wf>
<wf cmd="ignore" pos="DT">a</wf>
<wf cmd="tag" pos="NN">rookie</wf>
<wf cmd="ignore" pos="WP">who</wf>
<wf cmd="done" pos="VB" lemma="get" wnsn="2" lexsn="2:30:00::">got</wf>
<wf cmd="tag" pos="JJ">excited</wf>
<wf cmd="ignore" pos="WRB">when</wf>
<wf cmd="ignore" pos="DT">the</wf>
<wf cmd="tag" pos="NN">captain</wf>
<wf cmd="done" pos="VB" lemma="step" wnsn="1" lexsn="2:38:00::">stepped</wf>
<wf cmd="tag" pos="RB">outside</wf>
<wf cmd="ignore" pos="CC">and</wf>
<wf cmd="ignore" pos="PRP">he</wf>
<wf cmd="ignore" pos="MD">could</wf>
<wf cmd="tag" pos="RB">n't</wf>
<wf cmd="done" pos="VB" lemma="get" wnsn="1" lexsn="2:40:00::">get</wf>
<wf cmd="ignore" pos="DT">an</wf>
<wf cmd="tag" pos="JJ">encephalographic</wf>
<wf cmd="tag" pos="NN">reading</wf>
<wf cmd="ignore" pos="IN">on</wf>
<wf cmd="ignore" pos="PRP">him</wf>
<punc>.</punc>
</s>
<s snum="45">
<wf cmd="ignore" pos="PRP">Me</wf>
<punc>,</punc>
<wf cmd="ignore" pos="PRP">I</wf>
<wf cmd="done" pos="VB" lemma="know" wnsn="1" lexsn="2:31:01::">know</wf>
<wf cmd="ignore" pos="DT">the</wf>
<wf cmd="tag" pos="NN">mind</wf>
<wf cmd="ignore" pos="IN">of</wf>
<wf cmd="ignore" pos="DT">an</wf>
<wf cmd="tag" pos="NN">officer</wf>
<wf cmd="done" pos="VB" lemma="work" wnsn="4" lexsn="2:35:02::">works</wf>
<wf cmd="ignore" pos="IN">in</wf>
<wf cmd="ignore" pos="DT">a</wf>
<wf cmd="tag" pos="JJ">strange</wf>
<wf cmd="ignore" pos="CC">and</wf>
<wf cmd="tag" pos="JJ">unfathomable</wf>
<wf cmd="tag" pos="NN">manner</wf>
<punc>''</punc>
<punc>.</punc>
</s>
</p>
<p pnum="16">
<s snum="46">
<punc>``</punc>
<wf cmd="ignore" pos="PRP">I</wf>
<wf cmd="done" rdf="am" pos="VB" lemma="be" wnsn="1" lexsn="2:42:03::">'m</wf>
<wf cmd="tag" pos="RB">not</wf>
<wf cmd="tag" pos="JJ">worried</wf>
<wf cmd="done" pos="VB" ot="notag">about</wf>
<wf cmd="ignore" pos="PRP">you</wf>
<wf cmd="done" pos="VB" lemma="misread" wnsn="1" lexsn="2:31:02::">mis-reading</wf>
<wf cmd="ignore" pos="DT">the</wf>
<wf cmd="tag" pos="NNS">dials</wf>
<punc>,</punc>
<wf cmd="tag" pos="NNP">Nogol</wf>
<punc>,</punc>
<wf cmd="tag" pos="RB">just_about</wf>
<wf cmd="ignore" pos="DT">a</wf>
<wf cmd="tag" pos="NN">lug</wf>
<wf cmd="ignore" pos="IN">like</wf>
<wf cmd="ignore" pos="PRP">you</wf>
<wf cmd="done" pos="VB" lemma="read" wnsn="8" lexsn="2:32:02::">reading</wf>
<wf cmd="ignore" pos="PRP">them</wf>
<wf cmd="tag" pos="RB">at_all</wf>
<punc>.</punc>
</s>
<s snum="47">
<wf cmd="done" pos="VB" lemma="remember" wnsn="2" lexsn="2:31:01::">Remember</wf>
<punc>,</punc>
<wf cmd="ignore" pos="WRB">when</wf>
<wf cmd="ignore" pos="DT">the</wf>
<wf cmd="tag" pos="NN">little_hand</wf>
<wf cmd="done" pos="VB" lemma="be" wnsn="1" lexsn="2:42:03::">is</wf>
<wf cmd="tag" pos="JJ">straight</wf>
<wf cmd="ignore" pos="IN">up</wf>
<wf cmd="ignore" pos="IN">that</wf>
<wf cmd="done" pos="VBZ" ot="notag">'s</wf>
<wf cmd="tag" pos="JJ">negative</wf>
<punc>.</punc>
</s>
<s snum="48">
<wf cmd="tag" pos="JJ">Positive</wf>
<wf cmd="tag" pos="NNS">results</wf>
<wf cmd="done" pos="VB" lemma="start" wnsn="4" lexsn="2:42:00::">start</wf>
<wf cmd="ignore" pos="WRB">when</wf>
<wf cmd="ignore" pos="PRP">it</wf>
<wf cmd="done" pos="VB" lemma="go" wnsn="1" lexsn="2:38:00::">goes</wf>
<wf cmd="ignore" pos="IN">towards</wf>
<wf cmd="ignore" pos="DT">the</wf>
<wf cmd="tag" pos="NN">hand</wf>
<wf cmd="ignore" pos="PRP">you</wf>
<wf cmd="done" pos="VB" lemma="use" wnsn="1" lexsn="2:34:01::">use</wf>
<wf cmd="ignore" pos="TO">to</wf>
<wf cmd="done" pos="VB" lemma="make" wnsn="3" lexsn="2:36:00::">make</wf>
<wf cmd="ignore" pos="PRP$">your</wf>
<wf cmd="tag" pos="NN">mark</wf>
<punc>''</punc>
<punc>.</punc>
</s>
</p>
<p pnum="17">
<s snum="49">
<punc>``</punc>
<wf cmd="ignore" pos="CC">But</wf>
<wf cmd="ignore" pos="PRP">I</wf>
<wf cmd="done" rdf="am" pos="VB" lemma="be" wnsn="1" lexsn="2:42:03::">'m</wf>
<wf cmd="tag" pos="JJ">ambidextrous</wf>
<punc>''</punc>
<punc>.</punc>
</s>
</p>
<p pnum="18">
<s snum="50">
<wf cmd="tag" pos="NNP">Ryan</wf>
<wf cmd="done" pos="VB" lemma="tell" wnsn="4" lexsn="2:32:02::">told</wf>
<wf cmd="ignore" pos="PRP">him</wf>
<wf cmd="ignore" pos="WP">what</wf>
<wf cmd="ignore" pos="PRP">he</wf>
<wf cmd="ignore" pos="MD">could</wf>
<wf cmd="done" pos="VB" lemma="do" wnsn="1" lexsn="2:41:01::">do</wf>
<wf cmd="tag" pos="RB">then</wf>
<punc>.</punc>
</s>
</p>
<p pnum="19">
<s snum="51">
<wf cmd="tag" pos="NNP">Ekstrohm</wf>
<wf cmd="done" pos="VB" lemma="smile" wnsn="1" lexsn="2:29:00::">smiled</wf>
<punc>,</punc>
<wf cmd="ignore" pos="CC">and</wf>
<wf cmd="done" pos="VB" lemma="follow" wnsn="1" lexsn="2:38:00::">followed</wf>
<wf cmd="ignore" pos="DT">the</wf>
<wf cmd="tag" pos="NN">captain</wf>
<wf cmd="ignore" pos="IN">through</wf>
<wf cmd="ignore" pos="DT">the</wf>
<wf cmd="tag" pos="NN">airlock</wf>
<wf cmd="ignore" pos="IN">with</wf>
<wf cmd="tag" pos="RB">only</wf>
<wf cmd="ignore" pos="DT">a</wf>
<wf cmd="tag" pos="NN">glance</wf>
<wf cmd="ignore" pos="IN">at</wf>
<wf cmd="ignore" pos="DT">the</wf>
<wf cmd="tag" pos="NN">lapel</wf>
<wf cmd="tag" pos="NN">gauge</wf>
<wf cmd="ignore" pos="IN">on</wf>
<wf cmd="ignore" pos="PRP$">his</wf>
<wf cmd="tag" pos="NN">coverall</wf>
<punc>.</punc>
</s>
<s snum="52">
<wf cmd="ignore" pos="DT">The</wf>
<wf cmd="tag" pos="JJ">strong</wf>
<wf cmd="tag" pos="JJ">negative</wf>
<wf cmd="tag" pos="NN">field</wf>
<wf cmd="ignore" pos="PRP$">his</wf>
<wf cmd="tag" pos="NN">suit</wf>
<wf cmd="done" pos="VB" lemma="set_up" wnsn="2" lexsn="2:36:00::">set_up</wf>
<wf cmd="ignore" pos="MD">would</wf>
<wf cmd="done" pos="VB" lemma="help" wnsn="1" lexsn="2:41:00::">help</wf>
<wf cmd="ignore" pos="TO">to</wf>
<wf cmd="done" pos="VB" lemma="repel" wnsn="3" lexsn="2:33:00::">repel</wf>
<wf cmd="tag" pos="NNS">bacteria</wf>
<wf cmd="ignore" pos="CC">and</wf>
<wf cmd="tag" pos="NNS">insects</wf>
<punc>.</punc>
</s>
</p>
<p pnum="20">
<s snum="53">
<wf cmd="tag" pos="RB">Actually</wf>
<punc>,</punc>
<wf cmd="ignore" pos="DT">the</wf>
<wf cmd="tag" pos="NNS">types</wf>
<wf cmd="ignore" pos="IN">of</wf>
<wf cmd="tag" pos="NN">infection</wf>
<wf cmd="ignore" pos="WDT">that</wf>
<wf cmd="ignore" pos="MD">could</wf>
<wf cmd="done" pos="VB" lemma="attack" wnsn="1" lexsn="2:33:00::">attack</wf>
<wf cmd="ignore" pos="DT">a</wf>
<wf cmd="tag" pos="JJ">warm-blooded</wf>
<wf cmd="tag" pos="NN">mammal</wf>
<wf cmd="done" pos="VB" lemma="be" wnsn="1" lexsn="2:42:03::">were</wf>
<wf cmd="tag" pos="RB">not</wf>
<wf cmd="tag" pos="JJ">infinite</wf>
<punc>,</punc>
<wf cmd="ignore" pos="CC">and</wf>
<wf cmd="ignore" pos="IN">over</wf>
<wf cmd="ignore" pos="DT">the</wf>
<wf cmd="tag" pos="NN">course</wf>
<wf cmd="ignore" pos="IN">of</wf>
<wf cmd="ignore" pos="DT">the</wf>
<wf cmd="tag" pos="JJ">last</wf>
<wf cmd="tag" pos="JJ">few</wf>
<wf cmd="tag" pos="CD">hundred</wf>
<wf cmd="tag" pos="NNS">years</wf>
<wf cmd="tag" pos="JJ">adequate</wf>
<wf cmd="tag" pos="NNS">defenses</wf>
<wf cmd="done" pos="VBD" ot="notag">had</wf>
<wf cmd="done" pos="VB" ot="notag">been</wf>
<wf cmd="done" pos="VB" lemma="find" wnsn="8" lexsn="2:36:00::">found</wf>
<wf cmd="ignore" pos="IN">for</wf>
<wf cmd="ignore" pos="DT">all</wf>
<wf cmd="tag" pos="JJ">basic</wf>
<wf cmd="tag" pos="NNS">categories</wf>
<punc>.</punc>
</s>
<s snum="54">
<wf cmd="ignore" pos="PRP">He</wf>
<wf cmd="done" pos="VB" lemma="be" wnsn="1" lexsn="2:42:03::">was</wf>
<wf cmd="tag" pos="RB">n't</wf>
<wf cmd="tag" pos="JJ">likely</wf>
<wf cmd="ignore" pos="TO">to</wf>
<wf cmd="done" pos="VB" lemma="come_down" wnsn="4" lexsn="2:29:00::">come_down</wf>
<wf cmd="ignore" pos="IN">with</wf>
<wf cmd="tag" pos="JJ">hot</wf>
<wf cmd="tag" pos="NNS">chills</wf>
<wf cmd="ignore" pos="CC">and</wf>
<wf cmd="tag" pos="JJ">puzzling</wf>
<wf cmd="tag" pos="JJ">striped</wf>
<wf cmd="tag" pos="NN">fever</wf>
<punc>.</punc>
</s>
</p>
<p pnum="21">
<s snum="55">
<wf cmd="ignore" pos="PRP">They</wf>
<wf cmd="done" pos="VB" lemma="ignore" wnsn="2" lexsn="2:32:00::">ignored</wf>
<wf cmd="ignore" pos="DT">the</wf>
<wf cmd="tag" pos="NN">ladder</wf>
<wf cmd="tag" pos="RB">down</wf>
<wf cmd="ignore" pos="TO">to</wf>
<wf cmd="ignore" pos="DT">the</wf>
<wf cmd="tag" pos="NN">planet</wf>
<wf cmd="tag" pos="NN">surface</wf>
<wf cmd="ignore" pos="CC">and</wf>
<punc>,</punc>
<wf cmd="ignore" pos="IN">with</wf>
<wf cmd="tag" pos="RB">only</wf>
<wf cmd="ignore" pos="DT">a</wf>
<wf cmd="tag" pos="NN">glance</wf>
<wf cmd="ignore" pos="IN">at</wf>
<wf cmd="ignore" pos="DT">the</wf>
<wf cmd="tag" pos="JJ">seismological</wf>
<wf cmd="tag" pos="NN">gauge</wf>
<wf cmd="ignore" pos="TO">to</wf>
<wf cmd="done" pos="VB" lemma="judge" wnsn="3" lexsn="2:31:01::">judge</wf>
<wf cmd="tag" pos="NN">surface</wf>
<wf cmd="tag" pos="NN">resistance</wf>
<punc>,</punc>
<wf cmd="done" pos="VB" lemma="drop" wnsn="2" lexsn="2:38:00::">dropped</wf>
<wf cmd="ignore" pos="TO">to</wf>
<wf cmd="ignore" pos="DT">the</wf>
<wf cmd="tag" pos="NN">ground</wf>
<punc>.</punc>
</s>
</p>
<p pnum="22">
<s snum="56">
<wf cmd="ignore" pos="PRP">It</wf>
<wf cmd="done" pos="VB" ot="notag">was</wf>
<wf cmd="tag" pos="NN">day</wf>
<punc>,</punc>
<wf cmd="ignore" pos="CC">but</wf>
<wf cmd="ignore" pos="IN">in</wf>
<wf cmd="ignore" pos="DT">the</wf>
<wf cmd="tag" pos="JJ">thin</wf>
<wf cmd="tag" pos="NN">atmosphere</wf>
<wf cmd="tag" pos="NNS">contrasts</wf>
<wf cmd="done" pos="VB" lemma="be" wnsn="1" lexsn="2:42:03::">were</wf>
<wf cmd="tag" pos="JJ">sharp</wf>
<wf cmd="ignore" pos="IN">between</wf>
<wf cmd="tag" pos="NN">light</wf>
<wf cmd="ignore" pos="CC">and</wf>
<wf cmd="tag" pos="NN">shadow</wf>
<punc>.</punc>
</s>
<s snum="57">
<wf cmd="ignore" pos="PRP">They</wf>
<wf cmd="done" pos="VB" lemma="walk" wnsn="1" lexsn="2:38:00::">walked</wf>
<wf cmd="ignore" pos="IN">from</wf>
<wf cmd="tag" pos="NN">midnight</wf>
<wf cmd="ignore" pos="TO">to</wf>
<wf cmd="tag" pos="NN">noon</wf>
<punc>,</punc>
<wf cmd="tag" pos="NN">noon</wf>
<wf cmd="ignore" pos="TO">to</wf>
<wf cmd="tag" pos="NN">midnight</wf>
<punc>,</punc>
<wf cmd="ignore" pos="CC">and</wf>
<wf cmd="done" pos="VB" lemma="come" wnsn="2" lexsn="2:38:04::">came</wf>
<wf cmd="done" pos="VB" ot="notag">to</wf>
<wf cmd="ignore" pos="DT">the</wf>
<wf cmd="tag" pos="NN">beast</wf>
<wf cmd="tag" pos="JJ">sprawled</wf>
<wf cmd="ignore" pos="IN">on</wf>
<wf cmd="ignore" pos="PRP$">its</wf>
<wf cmd="tag" pos="NN">side</wf>
<punc>.</punc>
</s>
</p>
<p pnum="23">
<s snum="58">
<wf cmd="tag" pos="NNP">Ekstrohm</wf>
<wf cmd="done" pos="VB" lemma="nudge" wnsn="1" lexsn="2:35:00::">nudged</wf>
<wf cmd="ignore" pos="PRP">it</wf>
<wf cmd="ignore" pos="IN">with</wf>
<wf cmd="ignore" pos="DT">a</wf>
<wf cmd="tag" pos="NN">boot</wf>
<punc>.</punc>
</s>
<s snum="59">
<punc>``</punc>
<wf cmd="ignore" pos="UH">Hey</wf>
<punc>,</punc>
<wf cmd="ignore" pos="DT">this</wf>
<wf cmd="done" pos="VB" lemma="be" wnsn="1" lexsn="2:42:03::">is</wf>
<wf cmd="tag" pos="RB">pretty</wf>
<wf cmd="tag" pos="RB">close_to</wf>
<wf cmd="ignore" pos="DT">a</wf>
<wf cmd="tag" pos="NN">wart-hog</wf>
<punc>''</punc>
<punc>.</punc>
</s>
</p>
<p pnum="24">
<s snum="60">
<punc>``</punc>
<wf cmd="ignore" pos="UH">Uh-huh</wf>
<punc>''</punc>
<punc>,</punc>
<wf cmd="tag" pos="NNP">Ryan</wf>
<wf cmd="done" pos="VB" lemma="admit" wnsn="1" lexsn="2:32:00::">admitted</wf>
<punc>.</punc>
</s>
<s snum="61">
<punc>``</punc>
<wf cmd="tag" pos="CD">One</wf>
<wf cmd="ignore" pos="IN">of</wf>
<wf cmd="ignore" pos="DT">the</wf>
<wf cmd="tag" pos="JJS">best</wf>
<wf cmd="tag" pos="NN">matches</wf>
<wf cmd="ignore" pos="PRP">I</wf>
<wf cmd="done" pos="VBP" ot="notag">'ve</wf>
<wf cmd="tag" pos="RB">ever</wf>
<wf cmd="done" pos="VB" lemma="find" wnsn="2" lexsn="2:39:02::">found</wf>
<punc>.</punc>
</s>
<s snum="62">
<wf cmd="ignore" pos="UH">Well</wf>
<punc>,</punc>
<wf cmd="ignore" pos="PRP">it</wf>
<wf cmd="done" pos="VB" ot="notag">has_to</wf>
<wf cmd="done" pos="VB" lemma="happen" wnsn="1" lexsn="2:30:00::">happen</wf>
<punc>.</punc>
</s>
<s snum="63">
<wf cmd="tag" pos="NNP">Statistical</wf>
<wf cmd="tag" pos="JJ">average</wf>
<wf cmd="ignore" pos="CC">and</wf>
<wf cmd="ignore" pos="DT">all</wf>
<punc>.</punc>
</s>
<s snum="64">
<wf cmd="tag" pos="RB">Still</wf>
<punc>,</punc>
<wf cmd="ignore" pos="PRP">it</wf>
<wf cmd="tag" pos="RB">sometimes</wf>
<wf cmd="done" pos="VB" lemma="give" wnsn="1" lexsn="2:40:03::">gives</wf>
<wf cmd="ignore" pos="PRP">you</wf>
<wf cmd="ignore" pos="DT">a</wf>
<wf cmd="tag" pos="JJ">creepy</wf>
<wf cmd="tag" pos="NN">feeling</wf>
<wf cmd="ignore" pos="TO">to</wf>
<wf cmd="done" pos="VB" lemma="find" wnsn="1" lexsn="2:40:02::">find</wf>
<wf cmd="ignore" pos="DT">a</wf>
<wf cmd="tag" pos="NN">rabbit</wf>
<wf cmd="ignore" pos="CC">or</wf>
<wf cmd="ignore" pos="DT">a</wf>
<wf cmd="tag" pos="NN">snapping_turtle</wf>
<wf cmd="ignore" pos="IN">on</wf>
<wf cmd="ignore" pos="DT">some</wf>
<wf cmd="tag" pos="JJ">strange</wf>
<wf cmd="tag" pos="NN">world</wf>
<punc>.</punc>
</s>
<s snum="65">
<wf cmd="ignore" pos="PRP">It</wf>
<wf cmd="done" pos="VB" lemma="make" wnsn="4" lexsn="2:32:00::">makes</wf>
<wf cmd="ignore" pos="PRP">you</wf>
<wf cmd="done" pos="VB" lemma="wonder" wnsn="2" lexsn="2:32:01::">wonder</wf>
<wf cmd="ignore" pos="IN">if</wf>
<wf cmd="ignore" pos="DT">this</wf>
<wf cmd="tag" pos="NN">exploration</wf>
<wf cmd="tag" pos="NN">business</wf>
<wf cmd="done" pos="VB" lemma="be" wnsn="1" lexsn="2:42:03::">is</wf>
<wf cmd="tag" pos="RB">n't</wf>
<wf cmd="ignore" pos="DT">all</wf>
<wf cmd="ignore" pos="DT">some</wf>
<wf cmd="tag" pos="JJ">big</wf>
<wf cmd="tag" pos="NN">joke</wf>
<punc>,</punc>
<wf cmd="ignore" pos="CC">and</wf>
<wf cmd="tag" pos="NN">somebody</wf>
<wf cmd="done" pos="VBZ" ot="notag">has</wf>
<wf cmd="done" pos="VB" lemma="be" wnsn="3" lexsn="2:42:05::">been</wf>
<wf cmd="tag" pos="RB">everywhere</wf>
<wf cmd="ignore" pos="IN">before</wf>
<wf cmd="ignore" pos="PRP">you</wf>
<wf cmd="tag" pos="RB">even</wf>
<wf cmd="done" pos="VB" lemma="start" wnsn="1" lexsn="2:30:00::">started</wf>
<punc>''</punc>
<punc>.</punc>
</s>
</p>
<p pnum="25">
<s snum="66">
<wf cmd="ignore" pos="DT">The</wf>
<wf cmd="tag" pos="NN">surveyor</wf>
<wf cmd="done" pos="VB" lemma="look" wnsn="1" lexsn="2:39:00::">looked</wf>
<wf cmd="tag" pos="RB">sidewise</wf>
<wf cmd="ignore" pos="IN">at</wf>
<wf cmd="ignore" pos="DT">the</wf>
<wf cmd="tag" pos="NN">captain</wf>
<punc>.</punc>
</s>
<s snum="67">
<wf cmd="ignore" pos="DT">The</wf>
<wf cmd="tag" pos="JJ">big</wf>
<wf cmd="tag" pos="NN">man</wf>
<wf cmd="tag" pos="RB">seldom</wf>
<wf cmd="done" pos="VB" ot="idiom">gave_out</wf>
<wf cmd="ignore" pos="IN">with</wf>
<wf cmd="tag" pos="JJ">such</wf>
<wf cmd="tag" pos="NNS">thoughts</wf>
<punc>.</punc>
</s>
<s snum="68">
<wf cmd="tag" pos="NNP">Ekstrohm</wf>
<wf cmd="done" pos="VB" lemma="clear" wnsn="1" lexsn="2:30:02::">cleared</wf>
<wf cmd="ignore" pos="PRP$">his</wf>
<wf cmd="tag" pos="NN">throat</wf>
<punc>.</punc>
</s>
<s snum="69">
<punc>``</punc>
<wf cmd="ignore" pos="WP">What</wf>
<wf cmd="ignore" pos="MD">shall</wf>
<wf cmd="ignore" pos="PRP">we</wf>
<wf cmd="done" pos="VBP" ot="notag">do</wf>
<wf cmd="ignore" pos="IN">with</wf>
<wf cmd="ignore" pos="DT">this</wf>
<wf cmd="tag" pos="CD">one</wf>
<punc>?</punc>
</s>
<s snum="70">
<wf cmd="done" pos="VB" lemma="dissect" wnsn="1" lexsn="2:35:00::">Dissect</wf>
<wf cmd="ignore" pos="PRP">it</wf>
<punc>''</punc>
<punc>?</punc>
</s>
</p>
<p pnum="26">
<s snum="71">
<wf cmd="tag" pos="NNP">Ryan</wf>
<wf cmd="done" pos="VB" lemma="nudge" wnsn="1" lexsn="2:35:00::">nudged</wf>
<wf cmd="ignore" pos="PRP">it</wf>
<wf cmd="ignore" pos="IN">with</wf>
<wf cmd="ignore" pos="PRP$">his</wf>
<wf cmd="tag" pos="NN">toe</wf>
<punc>,</punc>
<wf cmd="done" pos="VB" lemma="follow" wnsn="11" lexsn="2:36:00::">following</wf>
<wf cmd="tag" pos="NNP">Ekstrohm</wf>
<wf cmd="ignore" pos="POS">'s</wf>
<wf cmd="tag" pos="NN">example</wf>
<punc>.</punc>
</s>
<s snum="72">
<punc>``</punc>
<wf cmd="ignore" pos="PRP">I</wf>
<wf cmd="done" pos="VBP" ot="notag">do</wf>
<wf cmd="tag" pos="RB">n't</wf>
<wf cmd="done" pos="VB" lemma="know" wnsn="1" lexsn="2:31:01::">know</wf>
<punc>,</punc>
<wf cmd="tag" pos="NNP">Stormy</wf>
<punc>.</punc>
</s>
<s snum="73">
<wf cmd="ignore" pos="PRP">It</wf>
<wf cmd="tag" pos="JJ">sure</wf>
<wf cmd="ignore" pos="IN">as</wf>
<wf cmd="tag" pos="NN">hell</wf>
<wf cmd="done" pos="VBZ" ot="notag">does</wf>
<wf cmd="tag" pos="RB">n't</wf>
<wf cmd="done" pos="VB" lemma="look_like" wnsn="1" lexsn="2:42:00::">look_like</wf>
<wf cmd="ignore" pos="DT">any</wf>
<wf cmd="tag" pos="JJ">dominant</wf>
<wf cmd="tag" pos="JJ">intelligent</wf>
<wf cmd="tag" pos="NN">species</wf>
<wf cmd="ignore" pos="TO">to</wf>
<wf cmd="ignore" pos="PRP">me</wf>
<punc>.</punc>
</s>
<s snum="74">
<wf cmd="ignore" pos="DT">No</wf>
<wf cmd="tag" pos="NNS">hands</wf>
<punc>,</punc>
<wf cmd="tag" pos="RB">for_one_thing</wf>
<punc>.</punc>
</s>
<s snum="75">
<wf cmd="tag" pos="RB">Of_course</wf>
<punc>,</punc>
<wf cmd="ignore" pos="IN">that</wf>
<wf cmd="done" rdf="is" pos="VB" lemma="be" wnsn="7" lexsn="2:42:02::">'s</wf>
<wf cmd="tag" pos="RB">not</wf>
<wf cmd="tag" pos="JJ">definite</wf>
<wf cmd="tag" pos="NN">proof</wf>
<punc>''</punc>
<punc>.</punc>
</s>
</p>
<p pnum="27">
<s snum="76">
<punc>``</punc>
<wf cmd="ignore" pos="DT">No</wf>
<punc>,</punc>
<wf cmd="ignore" pos="PRP">it</wf>
<wf cmd="done" pos="VB" lemma="be" wnsn="7" lexsn="2:42:02::">is</wf>
<wf cmd="tag" pos="RB">n't</wf>
<punc>''</punc>
<punc>,</punc>
<wf cmd="tag" pos="NNP">Ekstrohm</wf>
<wf cmd="done" pos="VB" lemma="say" wnsn="1" lexsn="2:32:00::">said</wf>
<punc>.</punc>
</s>
</p>
<p pnum="28">
<s snum="77">
<punc>``</punc>
<wf cmd="ignore" pos="PRP">I</wf>
<wf cmd="done" pos="VB" lemma="think" wnsn="1" lexsn="2:31:01::">think</wf>
<wf cmd="ignore" pos="PRP">we</wf>
<wf cmd="ignore" pos="MD">'d</wf>
<wf cmd="tag" pos="JJR">better</wf>
<wf cmd="done" pos="VB" lemma="let" wnsn="1" lexsn="2:41:00::">let</wf>
<wf cmd="ignore" pos="PRP">it</wf>
<wf cmd="done" pos="VB" lemma="lie" wnsn="2" lexsn="2:35:00::">lay</wf>
<wf cmd="ignore" pos="IN">until</wf>
<wf cmd="ignore" pos="PRP">we</wf>
<wf cmd="done" pos="VB" lemma="get" wnsn="1" lexsn="2:40:00::">get</wf>
<wf cmd="ignore" pos="DT">a</wf>
<wf cmd="tag" pos="JJR">clearer</wf>
<wf cmd="tag" pos="NN">picture</wf>
<wf cmd="ignore" pos="IN">of</wf>
<wf cmd="ignore" pos="DT">the</wf>
<wf cmd="tag" pos="JJ">ecological</wf>
<wf cmd="tag" pos="NN">setup</wf>
<wf cmd="ignore" pos="IN">around</wf>
<wf cmd="tag" pos="RB">here</wf>
<punc>.</punc>
</s>
<s snum="78">
<wf cmd="tag" pos="RB">In_the_meantime</wf>
<punc>,</punc>
<wf cmd="ignore" pos="PRP">we</wf>
<wf cmd="ignore" pos="MD">might</wf>
<wf cmd="done" pos="VB" ot="notag">be</wf>
<wf cmd="done" pos="VB" lemma="think" wnsn="3" lexsn="2:31:00::">thinking</wf>
<wf cmd="ignore" pos="IN">on</wf>
<wf cmd="ignore" pos="DT">the</wf>
<wf cmd="tag" pos="NN">problem</wf>
<wf cmd="ignore" pos="DT">all</wf>
<wf cmd="ignore" pos="DT">these</wf>
<wf cmd="tag" pos="JJ">dead</wf>
<wf cmd="tag" pos="NNS">beasts</wf>
<wf cmd="done" pos="VB" lemma="represent" wnsn="6" lexsn="2:42:01::">represent</wf>
<punc>.</punc>
</s>
<s snum="79">
<wf cmd="ignore" pos="WP">What</wf>
<wf cmd="done" pos="VB" lemma="kill" wnsn="1" lexsn="2:35:00::">killed</wf>
<wf cmd="ignore" pos="PRP">them</wf>
<punc>''</punc>
<punc>?</punc>
</s>
</p>
<p pnum="29">
<s snum="80">
<punc>``</punc>
<wf cmd="ignore" pos="PRP">It</wf>
<wf cmd="done" pos="VB" lemma="look" wnsn="2" lexsn="2:39:01::">looks</wf>
<wf cmd="done" pos="VB" ot="notag">like</wf>
<wf cmd="ignore" pos="PRP">we</wf>
<wf cmd="done" pos="VBD" ot="notag">did</wf>
<punc>,</punc>
<wf cmd="ignore" pos="WRB">when</wf>
<wf cmd="ignore" pos="PRP">we</wf>
<wf cmd="done" pos="VB" lemma="make" wnsn="13" lexsn="2:38:02::">made</wf>
<wf cmd="tag" pos="NN">blastdown</wf>
<punc>''</punc>
<punc>.</punc>
</s>
</p>
<p pnum="30">
<s snum="81">
<punc>``</punc>
<wf cmd="ignore" pos="CC">But</wf>
<wf cmd="ignore" pos="WP">what</wf>
<wf cmd="ignore" pos="IN">about</wf>
<wf cmd="ignore" pos="PRP$">our</wf>
<wf cmd="tag" pos="NN">landing</wf>
<wf cmd="done" pos="VB" lemma="be" wnsn="1" lexsn="2:42:03::">was</wf>
<wf cmd="tag" pos="JJ">lethal</wf>
<wf cmd="ignore" pos="TO">to</wf>
<wf cmd="ignore" pos="DT">the</wf>
<wf cmd="tag" pos="NNS">creatures</wf>
<punc>''</punc>
<punc>?</punc>
</s>
</p>
<p pnum="31">
<s snum="82">
<punc>``</punc>
<wf cmd="tag" pos="NN">Radiation</wf>
<punc>''</punc>
<punc>?</punc>
</s>
<s snum="83">
<wf cmd="tag" pos="NNP">Ekstrohm</wf>
<wf cmd="done" pos="VB" lemma="suggest" wnsn="1" lexsn="2:32:00::">suggested</wf>
<punc>.</punc>
</s>
<s snum="84">
<punc>``</punc>
<wf cmd="ignore" pos="DT">The</wf>
<wf cmd="tag" pos="NN">planet</wf>
<wf cmd="done" pos="VB" lemma="be" wnsn="1" lexsn="2:42:03::">is</wf>
<wf cmd="tag" pos="RB">very</wf>
<wf cmd="tag" pos="JJ">low</wf>
<wf cmd="ignore" pos="IN">in</wf>
<wf cmd="tag" pos="NN">radiation</wf>
<wf cmd="ignore" pos="IN">from</wf>
<wf cmd="tag" pos="NN">mineral</wf>
<wf cmd="tag" pos="NNS">deposits</wf>
<punc>,</punc>
<wf cmd="ignore" pos="CC">and</wf>
<wf cmd="ignore" pos="DT">the</wf>
<wf cmd="tag" pos="NN">atmosphere</wf>
<wf cmd="done" pos="VB" lemma="seem" wnsn="1" lexsn="2:39:00::">seems</wf>
<wf cmd="ignore" pos="TO">to</wf>
<wf cmd="done" pos="VB" lemma="shield" wnsn="1" lexsn="2:33:00::">shield</wf>
<wf cmd="ignore" pos="IN">out</wf>
<wf cmd="tag" pos="JJ">most_of</wf>
<wf cmd="ignore" pos="DT">the</wf>
<wf cmd="tag" pos="JJ">solar</wf>
<wf cmd="tag" pos="NN">output</wf>
<punc>.</punc>
</s>
<s snum="85">
<wf cmd="ignore" pos="DT">Any</wf>
<wf cmd="tag" pos="JJ">little</wf>
<wf cmd="tag" pos="NN">dose</wf>
<wf cmd="ignore" pos="IN">of</wf>
<wf cmd="tag" pos="NN">radiation</wf>
<wf cmd="ignore" pos="MD">might</wf>
<wf cmd="done" pos="VB" lemma="knock_off" wnsn="1" lexsn="2:35:00::">knock_off</wf>
<wf cmd="ignore" pos="DT">these</wf>
<wf cmd="tag" pos="NNS">critters</wf>
<punc>''</punc>
<punc>.</punc>
</s>
</p>
<p pnum="32">
<s snum="86">
<punc>``</punc>
<wf cmd="ignore" pos="PRP">I</wf>
<wf cmd="done" pos="VBP" ot="notag">do</wf>
<wf cmd="tag" pos="RB">n't</wf>
<wf cmd="done" pos="VB" lemma="know" wnsn="1" lexsn="2:31:01::">know</wf>
<wf cmd="ignore" pos="IN">about</wf>
<wf cmd="tag" pos="RB">that</wf>
<punc>.</punc>
</s>
<s snum="87">
<wf cmd="tag" pos="RB">Maybe</wf>
<wf cmd="ignore" pos="PRP">it</wf>
<wf cmd="ignore" pos="MD">would</wf>
<wf cmd="done" pos="VB" lemma="work" wnsn="0" lexsn="2:30:00::">work</wf>
<wf cmd="ignore" pos="DT">the</wf>
<wf cmd="tag" pos="JJ">other</wf>
<wf cmd="tag" pos="NN">way</wf>
<punc>.</punc>
</s>
<s snum="88">
<wf cmd="tag" pos="RB">Maybe</wf>
<wf cmd="ignore" pos="IN">because</wf>
<wf cmd="ignore" pos="PRP">they</wf>
<wf cmd="done" pos="VBP" ot="notag">have</wf>
<wf cmd="done" pos="VB" lemma="have" wnsn="3" lexsn="2:39:06::">had</wf>
<wf cmd="tag" pos="RB">virtually</wf>
<wf cmd="ignore" pos="DT">no</wf>
<wf cmd="tag" pos="JJ">radioactive</wf>
<wf cmd="tag" pos="NN">exposure</wf>
<wf cmd="ignore" pos="CC">and</wf>
<wf cmd="done" pos="VBP" ot="notag">do</wf>
<wf cmd="tag" pos="RB">n't</wf>
<wf cmd="done" pos="VB" lemma="have" wnsn="1" lexsn="2:40:00::">have</wf>
<wf cmd="ignore" pos="DT">any</wf>
<wf cmd="tag" pos="NN">R</wf>
<wf cmd="ignore" pos="POS">'s</wf>
<wf cmd="tag" pos="JJ">stored</wf>
<wf cmd="tag" pos="RB">up</wf>
<punc>,</punc>
<wf cmd="ignore" pos="PRP">they</wf>
<wf cmd="ignore" pos="MD">could</wf>
<wf cmd="done" pos="VB" lemma="take" wnsn="19" lexsn="2:31:09::">take</wf>
<wf cmd="tag" pos="RB">a_lot</wf>
<wf cmd="ignore" pos="IN">without</wf>
<wf cmd="tag" pos="NN">harm</wf>
<punc>''</punc>
<punc>.</punc>
</s>
</p>
<p pnum="33">
<s snum="89">
<punc>``</punc>
<wf cmd="tag" pos="RB">Then</wf>
<wf cmd="tag" pos="RB">maybe</wf>
<wf cmd="ignore" pos="PRP">it</wf>
<wf cmd="done" pos="VB" lemma="be" wnsn="2" lexsn="2:42:06::">was</wf>
<wf cmd="ignore" pos="DT">the</wf>
<wf cmd="tag" pos="NN">shockwave</wf>
<wf cmd="ignore" pos="PRP">we</wf>
<wf cmd="done" pos="VB" lemma="set_up" wnsn="8" lexsn="2:36:03::">set_up</wf>
<punc>.</punc>
</s>
<s snum="90">
<wf cmd="ignore" pos="CC">Or</wf>
<wf cmd="tag" pos="RB">maybe</wf>
<wf cmd="ignore" pos="PRP">it</wf>
<wf cmd="done" rdf="is" pos="VB" lemma="be" wnsn="2" lexsn="2:42:06::">'s</wf>
<wf cmd="tag" pos="JJ">sheer</wf>
<wf cmd="tag" pos="NN">xenophobia</wf>
<punc>.</punc>
</s>
<s snum="91">
<wf cmd="ignore" pos="PRP">They</wf>
<wf cmd="done" pos="VB" lemma="curl_up" wnsn="1" lexsn="2:38:01::">curl_up</wf>
<wf cmd="ignore" pos="CC">and</wf>
<wf cmd="done" pos="VB" lemma="die" wnsn="1" lexsn="2:30:00::">die</wf>
<wf cmd="ignore" pos="IN">at</wf>
<wf cmd="ignore" pos="DT">the</wf>
<wf cmd="tag" pos="NN">sight</wf>
<wf cmd="ignore" pos="IN">of</wf>
<wf cmd="tag" pos="NN">something</wf>
<wf cmd="tag" pos="JJ">strange</wf>
<wf cmd="ignore" pos="CC">and</wf>
<wf cmd="tag" pos="JJ">alien</wf>
<punc>-</punc>
<wf cmd="ignore" pos="IN">like</wf>
<wf cmd="ignore" pos="DT">a</wf>
<wf cmd="tag" pos="NN">spaceship</wf>
<punc>''</punc>
<punc>.</punc>
</s>
</p>
<p pnum="34">
<s snum="92">
<punc>``</punc>
<wf cmd="tag" pos="RB">Maybe</wf>
<punc>''</punc>
<punc>,</punc>
<wf cmd="ignore" pos="DT">the</wf>
<wf cmd="tag" pos="NN">captain</wf>
<wf cmd="done" pos="VB" lemma="admit" wnsn="1" lexsn="2:32:00::">admitted</wf>
<punc>.</punc>
</s>
<s snum="93">
<punc>``</punc>
<wf cmd="ignore" pos="IN">At</wf>
<wf cmd="ignore" pos="DT">this</wf>
<wf cmd="tag" pos="NN">stage</wf>
<wf cmd="ignore" pos="IN">of</wf>
<wf cmd="ignore" pos="DT">the</wf>
<wf cmd="tag" pos="NN">game</wf>
<wf cmd="tag" pos="NN">anything</wf>
<wf cmd="ignore" pos="MD">could</wf>
<wf cmd="done" pos="VB" lemma="be" wnsn="1" lexsn="2:42:03::">be</wf>
<wf cmd="tag" pos="JJ">possible</wf>
<punc>.</punc>
</s>
<s snum="94">
<wf cmd="ignore" pos="CC">But</wf>
<wf cmd="ignore" pos="EX">there</wf>
<wf cmd="done" rdf="is" pos="VBZ" ot="notag">'s</wf>
<wf cmd="tag" pos="CD">one</wf>
<wf cmd="tag" pos="NN">possibility</wf>
<wf cmd="ignore" pos="PRP">I</wf>
<wf cmd="tag" pos="RB">particularly</wf>
<wf cmd="done" pos="VBP" ot="notag">do</wf>
<wf cmd="tag" pos="RB">n't</wf>
<wf cmd="done" pos="VB" lemma="like" wnsn="2" lexsn="2:37:05::">like</wf>
<punc>''</punc>
<punc>.</punc>
</s>
</p>
<p pnum="35">
<s snum="95">
<punc>``</punc>
<wf cmd="ignore" pos="CC">And</wf>
<wf cmd="tag" pos="RB">that</wf>
<wf cmd="done" pos="VB" lemma="be" wnsn="2" lexsn="2:42:06::">is</wf>
<punc>''</punc>
<punc>?</punc>
</s>
</p>
<p pnum="36">
<s snum="96">
<punc>``</punc>
<wf cmd="done" pos="VB" lemma="suppose" wnsn="1" lexsn="2:32:00::">Suppose</wf>
<wf cmd="ignore" pos="PRP">it</wf>
<wf cmd="done" pos="VB" lemma="be" wnsn="2" lexsn="2:42:06::">was</wf>
<wf cmd="tag" pos="RB">not</wf>
<wf cmd="ignore" pos="PRP">us</wf>
<wf cmd="ignore" pos="WDT">that</wf>
<wf cmd="done" pos="VB" lemma="kill" wnsn="1" lexsn="2:35:00::">killed</wf>
<wf cmd="ignore" pos="DT">these</wf>
<wf cmd="tag" pos="NNS">aliens</wf>
<punc>.</punc>
</s>
<s snum="97">
<wf cmd="done" pos="VB" lemma="suppose" wnsn="1" lexsn="2:32:00::">Suppose</wf>
<wf cmd="ignore" pos="PRP">it</wf>
<wf cmd="done" pos="VB" lemma="be" wnsn="2" lexsn="2:42:06::">is</wf>
<wf cmd="tag" pos="NN">something</wf>
<wf cmd="tag" pos="RB">right_on</wf>
<wf cmd="ignore" pos="DT">the</wf>
<wf cmd="tag" pos="NN">planet</wf>
<punc>,</punc>
<wf cmd="tag" pos="JJ">native</wf>
<wf cmd="tag" pos="RB">to_it</wf>
<punc>.</punc>
</s>
<s snum="98">
<wf cmd="ignore" pos="PRP">I</wf>
<wf cmd="tag" pos="RB">just</wf>
<wf cmd="done" pos="VB" lemma="hope" wnsn="1" lexsn="2:37:01::">hope</wf>
<wf cmd="ignore" pos="PRP">it</wf>
<wf cmd="done" pos="VBZ" ot="notag">does</wf>
<wf cmd="tag" pos="RB">n't</wf>
<wf cmd="done" pos="VB" lemma="work" wnsn="3" lexsn="2:41:03::">work</wf>
<wf cmd="done" pos="VB" ot="notag">on</wf>
<wf cmd="tag" pos="NNPS">Earthmen</wf>
<wf cmd="tag" pos="RB">too</wf>
<punc>.</punc>
</s>
<s snum="99">
<wf cmd="ignore" pos="DT">These</wf>
<wf cmd="tag" pos="NNS">critters</wf>
<wf cmd="done" pos="VB" lemma="go" wnsn="17" lexsn="2:30:00::">went</wf>
<wf cmd="tag" pos="JJ">real</wf>
<wf cmd="tag" pos="JJ">sudden</wf>
<punc>''</punc>
<punc>.</punc>
</s>
</p>
<p pnum="37">
<s snum="100">
<wf cmd="tag" pos="NNP">Ekstrohm</wf>
<wf cmd="done" pos="VB" lemma="lie" wnsn="2" lexsn="2:35:00::">lay</wf>
<wf cmd="done" pos="VB" ot="notag">in</wf>
<wf cmd="ignore" pos="PRP$">his</wf>
<wf cmd="tag" pos="NN">bunk</wf>
<wf cmd="ignore" pos="CC">and</wf>
<wf cmd="done" pos="VB" lemma="think" wnsn="3" lexsn="2:31:00::">thought</wf>
<punc>,</punc>
<wf cmd="ignore" pos="DT">the</wf>
<wf cmd="tag" pos="NN">camp</wf>
<wf cmd="done" pos="VB" lemma="be" wnsn="1" lexsn="2:42:03::">is</wf>
<wf cmd="tag" pos="JJ">quiet</wf>
<punc>.</punc>
</s>
</p>
<p pnum="38">
<s snum="101">
<wf cmd="ignore" pos="DT">The</wf>
<wf cmd="tag" pos="NNPS">Earthmen</wf>
<wf cmd="done" pos="VB" lemma="make" wnsn="3" lexsn="2:36:00::">made</wf>
<wf cmd="tag" pos="NN">camp</wf>
<wf cmd="ignore" pos="IN">outside</wf>
<wf cmd="ignore" pos="DT">the</wf>
<wf cmd="tag" pos="NN">spaceship</wf>
<punc>.</punc>
</s>
<s snum="102">
<wf cmd="ignore" pos="EX">There</wf>
<wf cmd="done" pos="VB" ot="notag">was</wf>
<wf cmd="ignore" pos="DT">no</wf>
<wf cmd="tag" pos="NN">reason</wf>
<wf cmd="ignore" pos="TO">to</wf>
<wf cmd="done" pos="VB" lemma="leave" wnsn="5" lexsn="2:38:00::">leave</wf>
<wf cmd="ignore" pos="DT">the</wf>
<wf cmd="tag" pos="JJ">comfortable</wf>
<wf cmd="tag" pos="NNS">quarters</wf>
<wf cmd="ignore" pos="IN">inside</wf>
<wf cmd="ignore" pos="DT">the</wf>
<wf cmd="tag" pos="NN">ship</wf>
<punc>,</punc>
<wf cmd="ignore" pos="IN">except</wf>
<wf cmd="tag" pos="RB">that</wf>
<punc>,</punc>
<wf cmd="done" pos="VB" lemma="face" wnsn="6" lexsn="2:32:03::">faced</wf>
<wf cmd="ignore" pos="IN">with</wf>
<wf cmd="ignore" pos="DT">a</wf>
<wf cmd="tag" pos="NN">possibility</wf>
<wf cmd="ignore" pos="IN">of</wf>
<wf cmd="done" pos="VB" lemma="sleep" wnsn="1" lexsn="2:29:00::">sleeping</wf>
<wf cmd="ignore" pos="IN">on</wf>
<wf cmd="tag" pos="NN">solid_ground</wf>
<punc>,</punc>
<wf cmd="ignore" pos="PRP">they</wf>
<wf cmd="tag" pos="RB">simply</wf>
<wf cmd="done" pos="VB" ot="notag">had_to</wf>
<wf cmd="done" pos="VB" lemma="get_out" wnsn="1" lexsn="2:38:01::">get_out</wf>
<punc>.</punc>
</s>
</p>
<p pnum="39">
<s snum="103">
<wf cmd="ignore" pos="DT">The</wf>
<wf cmd="tag" pos="NN">camp</wf>
<wf cmd="done" pos="VB" lemma="be" wnsn="2" lexsn="2:42:06::">was</wf>
<wf cmd="ignore" pos="DT">a</wf>
<wf cmd="tag" pos="NN">cluster</wf>
<wf cmd="ignore" pos="IN">of</wf>
<wf cmd="tag" pos="NN">aluminum</wf>
<wf cmd="tag" pos="NNS">bubbles</wf>
<punc>,</punc>
<wf cmd="tag" pos="JJ">ringed</wf>
<wf cmd="ignore" pos="IN">with</wf>
<wf cmd="ignore" pos="DT">a</wf>
<wf cmd="tag" pos="NN">spy</wf>
<wf cmd="tag" pos="NN">web</wf>
<wf cmd="ignore" pos="TO">to</wf>
<wf cmd="done" pos="VB" lemma="alert" wnsn="1" lexsn="2:32:00::">alert</wf>
<wf cmd="ignore" pos="DT">the</wf>
<wf cmd="tag" pos="NNPS">Earthmen</wf>
<wf cmd="ignore" pos="TO">to</wf>
<wf cmd="ignore" pos="DT">the</wf>
<wf cmd="tag" pos="NN">approach</wf>
<wf cmd="ignore" pos="IN">of</wf>
<wf cmd="ignore" pos="DT">any</wf>
<wf cmd="tag" pos="NN">being</wf>
<punc>.</punc>
</s>
</p>
<p pnum="40">
<s snum="104">
<wf cmd="ignore" pos="DT">Each</wf>
<wf cmd="tag" pos="NN">man</wf>
<wf cmd="done" pos="VB" lemma="have" wnsn="1" lexsn="2:40:00::">had</wf>
<wf cmd="ignore" pos="DT">a</wf>
<wf cmd="tag" pos="NN">bubble</wf>
<wf cmd="ignore" pos="TO">to</wf>
<wf cmd="ignore" pos="PRP">himself</wf>
<punc>,</punc>
<wf cmd="tag" pos="NN">privacy</wf>
<wf cmd="ignore" pos="IN">after</wf>
<wf cmd="ignore" pos="DT">the</wf>
<wf cmd="tag" pos="JJ">long</wf>
<wf cmd="tag" pos="NN">period</wf>
<wf cmd="ignore" pos="IN">of</wf>
<wf cmd="tag" pos="JJ">enforced</wf>
<wf cmd="tag" pos="NN">intimacy</wf>
<wf cmd="tag" pos="RB">on_board</wf>
<wf cmd="ignore" pos="DT">the</wf>
<wf cmd="tag" pos="NN">ship</wf>
<punc>.</punc>
</s>
</p>
<p pnum="41">
<s snum="105">
<wf cmd="tag" pos="NNP">Ekstrohm</wf>
<wf cmd="done" pos="VB" lemma="lie" wnsn="2" lexsn="2:35:00::">lay</wf>
<wf cmd="done" pos="VB" ot="notag">in</wf>
<wf cmd="ignore" pos="PRP$">his</wf>
<wf cmd="tag" pos="NN">bunk</wf>
<wf cmd="ignore" pos="CC">and</wf>
<wf cmd="done" pos="VB" lemma="listen" wnsn="1" lexsn="2:39:00::">listened</wf>
<wf cmd="done" pos="VB" ot="notag">to</wf>
<wf cmd="ignore" pos="DT">the</wf>
<wf cmd="tag" pos="NN">sounds</wf>
<wf cmd="ignore" pos="IN">of</wf>
<wf cmd="ignore" pos="DT">the</wf>
<wf cmd="tag" pos="NN">night</wf>
<wf cmd="ignore" pos="IN">on</wf>
<wf cmd="tag" pos="NN">Yancey-6</wf>
<wf cmd="tag" pos="CD">138</wf>
<punc>.</punc>
</s>
<s snum="106">
<wf cmd="ignore" pos="EX">There</wf>
<wf cmd="done" pos="VB" ot="notag">was</wf>
<wf cmd="ignore" pos="DT">a</wf>
<wf cmd="tag" pos="NN">keening</wf>
<wf cmd="ignore" pos="IN">of</wf>
<wf cmd="tag" pos="NN">wind</wf>
<punc>,</punc>
<wf cmd="ignore" pos="CC">and</wf>
<wf cmd="ignore" pos="DT">a</wf>
<wf cmd="tag" pos="NN">cracking</wf>
<wf cmd="ignore" pos="IN">of</wf>
<wf cmd="ignore" pos="DT">the</wf>
<wf cmd="tag" pos="JJ">frozen</wf>
<wf cmd="tag" pos="NN">ground</wf>
<punc>.</punc>
</s>
<s snum="107">
<wf cmd="tag" pos="NNS">Insects</wf>
<wf cmd="ignore" pos="EX">there</wf>
<wf cmd="done" pos="VB" lemma="be" wnsn="3" lexsn="2:42:05::">were</wf>
<wf cmd="done" pos="VB" ot="notag">on</wf>
<wf cmd="ignore" pos="DT">the</wf>
<wf cmd="tag" pos="NN">world</wf>
<punc>,</punc>
<wf cmd="ignore" pos="CC">but</wf>
<wf cmd="ignore" pos="PRP">they</wf>
<wf cmd="done" pos="VBD" ot="notag">were</wf>
<wf cmd="done" pos="VB" lemma="freeze" wnsn="2" lexsn="2:30:00::">frozen</wf>
<wf cmd="tag" pos="JJ">solid</wf>
<wf cmd="ignore" pos="IN">during</wf>
<wf cmd="ignore" pos="DT">the</wf>
<wf cmd="tag" pos="NN">night</wf>
<punc>,</punc>
<wf cmd="tag" pos="RB">only</wf>
<wf cmd="ignore" pos="TO">to</wf>
<wf cmd="done" pos="VB" lemma="revive" wnsn="2" lexsn="2:29:00::">revive</wf>
<wf cmd="ignore" pos="CC">and</wf>
<wf cmd="done" pos="VB" lemma="thaw" wnsn="1" lexsn="2:30:00::">thaw</wf>
<wf cmd="ignore" pos="IN">in</wf>
<wf cmd="ignore" pos="DT">the</wf>
<wf cmd="tag" pos="NN">morning</wf>
<wf cmd="tag" pos="NN">sun</wf>
<punc>.</punc>
</s>
</p>
<p pnum="42">
<s snum="108">
<wf cmd="ignore" pos="DT">The</wf>
<wf cmd="tag" pos="NN">bunk</wf>
<wf cmd="ignore" pos="PRP">he</wf>
<wf cmd="done" pos="VB" lemma="lie" wnsn="1" lexsn="2:42:00::">lay</wf>
<wf cmd="done" pos="VB" ot="notag">on</wf>
<wf cmd="done" pos="VB" lemma="be" wnsn="1" lexsn="2:42:03::">was</wf>
<wf cmd="tag" pos="JJ">much</wf>
<wf cmd="tag" pos="RBR">more</wf>
<wf cmd="tag" pos="JJ">uncomfortable</wf>
<wf cmd="ignore" pos="IN">than</wf>
<wf cmd="ignore" pos="DT">the</wf>
<wf cmd="tag" pos="NN">acceleration</wf>
<wf cmd="tag" pos="NNS">couches</wf>
<wf cmd="tag" pos="RB">on_board</wf>
<punc>.</punc>
</s>
<s snum="109">
<wf cmd="tag" pos="RB">Yet</wf>
<wf cmd="ignore" pos="PRP">he</wf>
<wf cmd="done" pos="VB" lemma="know" wnsn="3" lexsn="2:31:02::">knew</wf>
<wf cmd="ignore" pos="DT">the</wf>
<wf cmd="tag" pos="NNS">others</wf>
<wf cmd="done" pos="VBD" ot="notag">were</wf>
<wf cmd="done" pos="VB" lemma="sleep" wnsn="1" lexsn="2:29:00::">sleeping</wf>
<wf cmd="tag" pos="RBR">more</wf>
<wf cmd="tag" pos="RB">soundly</wf>
<punc>,</punc>
<wf cmd="tag" pos="RB">now</wf>
<wf cmd="ignore" pos="IN">that</wf>
<wf cmd="ignore" pos="PRP">they</wf>
<wf cmd="done" pos="VBD" ot="notag">had</wf>
<wf cmd="done" pos="VB" lemma="renew" wnsn="2" lexsn="2:30:00::">renewed</wf>
<wf cmd="ignore" pos="PRP$">their</wf>
<wf cmd="tag" pos="NN">contact</wf>
<wf cmd="ignore" pos="IN">with</wf>
<wf cmd="tag" pos="JJ">the_matter</wf>
<wf cmd="ignore" pos="WDT">that</wf>
<wf cmd="done" pos="VBD" ot="notag">had</wf>
<wf cmd="done" pos="VB" lemma="birthe" wnsn="0" lexsn="2:29:00::">birthed</wf>
<wf cmd="ignore" pos="PRP">them</wf>
<wf cmd="ignore" pos="TO">to</wf>
<wf cmd="done" pos="VB" lemma="send" wnsn="1" lexsn="2:38:01::">send</wf>
<wf cmd="ignore" pos="PRP">them</wf>
<wf cmd="done" pos="VB" lemma="ride" wnsn="2" lexsn="2:38:00::">riding</wf>
<wf cmd="tag" pos="JJ">high</wf>
<wf cmd="tag" pos="NN">vacuum</wf>
<punc>.</punc>
</s>
</p>
<p pnum="43">
<s snum="110">
<wf cmd="tag" pos="NNP">Ekstrohm</wf>
<wf cmd="done" pos="VB" lemma="be" wnsn="1" lexsn="2:42:03::">was</wf>
<wf cmd="tag" pos="RB">not</wf>
<wf cmd="tag" pos="RB">asleep</wf>
<punc>.</punc>
</s>
</p>
<p pnum="44">
<s snum="111">
<wf cmd="tag" pos="RB">Now</wf>
<wf cmd="ignore" pos="EX">there</wf>
<wf cmd="ignore" pos="MD">could</wf>
<wf cmd="done" pos="VB" lemma="be" wnsn="5" lexsn="2:42:04::">be</wf>
<wf cmd="ignore" pos="DT">an</wf>
<wf cmd="tag" pos="NN">end</wf>
<wf cmd="ignore" pos="TO">to</wf>
<wf cmd="done" pos="VB" lemma="pretend" wnsn="2" lexsn="2:36:00::">pretending</wf>
<punc>.</punc>
</s>
</p>
<p pnum="45">
<s snum="112">
<wf cmd="ignore" pos="PRP">He</wf>
<wf cmd="done" pos="VB" lemma="throw_off" wnsn="1" lexsn="2:35:00::">threw_off</wf>
<wf cmd="ignore" pos="DT">the</wf>
<wf cmd="tag" pos="NN">light</wf>
<wf cmd="tag" pos="NN">blanket</wf>
<wf cmd="ignore" pos="CC">and</wf>
<wf cmd="done" pos="VB" lemma="swing" wnsn="1" lexsn="2:38:02::">swung</wf>
<wf cmd="ignore" pos="PRP$">his</wf>
<wf cmd="tag" pos="NNS">feet</wf>
<wf cmd="ignore" pos="IN">off</wf>
<wf cmd="ignore" pos="DT">the</wf>
<wf cmd="tag" pos="NN">bunk</wf>
<punc>,</punc>
<wf cmd="ignore" pos="TO">to</wf>
<wf cmd="ignore" pos="DT">the</wf>
<wf cmd="tag" pos="NN">floor</wf>
<punc>.</punc>
</s>
<s snum="113">
<wf cmd="tag" pos="NNP">Ekstrohm</wf>
<wf cmd="done" pos="VB" lemma="stand_up" wnsn="1" lexsn="2:38:00::">stood_up</wf>
<punc>.</punc>
</s>
</p>
<p pnum="46">
<s snum="114">
<wf cmd="ignore" pos="EX">There</wf>
<wf cmd="done" pos="VB" ot="notag">was</wf>
<wf cmd="tag" pos="RB">no_longer</wf>
<wf cmd="ignore" pos="DT">any</wf>
<wf cmd="tag" pos="NN">need</wf>
<wf cmd="done" pos="VB" ot="notag">to</wf>
<wf cmd="done" pos="VB" lemma="hide" wnsn="1" lexsn="2:39:00::">hide</wf>
<punc>.</punc>
</s>
<s snum="115">
<wf cmd="ignore" pos="CC">But</wf>
<wf cmd="ignore" pos="WP">what</wf>
<wf cmd="done" pos="VB" ot="notag">was</wf>
<wf cmd="done" pos="VB" ot="notag">there</wf>
<wf cmd="ignore" pos="TO">to</wf>
<wf cmd="done" pos="VB" lemma="do" wnsn="3" lexsn="2:41:04::">do</wf>
<punc>?</punc>
</s>
<s snum="116">
<wf cmd="ignore" pos="WP">What</wf>
<wf cmd="done" pos="VBD" ot="notag">had</wf>
<wf cmd="done" pos="VB" lemma="change" wnsn="2" lexsn="2:30:00::">changed</wf>
<wf cmd="ignore" pos="IN">for</wf>
<wf cmd="ignore" pos="PRP">him</wf>
<punc>?</punc>
</s>
</p>
<p pnum="47">
<s snum="117">
<wf cmd="ignore" pos="PRP">He</wf>
<wf cmd="tag" pos="RB">no_longer</wf>
<wf cmd="done" pos="VB" ot="notag">had_to</wf>
<wf cmd="done" pos="VB" lemma="lie" wnsn="2;1" lexsn="2:35:00::;2:42:00::">lie</wf>
<wf cmd="done" pos="VB" ot="notag">in</wf>
<wf cmd="ignore" pos="PRP$">his</wf>
<wf cmd="tag" pos="NN">bunk</wf>
<wf cmd="ignore" pos="DT">all</wf>
<wf cmd="tag" pos="NN">night</wf>
<punc>,</punc>
<wf cmd="ignore" pos="PRP$">his</wf>
<wf cmd="tag" pos="NNS">eyes</wf>
<wf cmd="tag" pos="JJ">closed</wf>
<punc>,</punc>
<wf cmd="done" pos="VB" lemma="pretend" wnsn="2" lexsn="2:36:00::">pretending</wf>
<wf cmd="ignore" pos="TO">to</wf>
<wf cmd="done" pos="VB" lemma="sleep" wnsn="1" lexsn="2:29:00::">sleep</wf>
<punc>.</punc>
</s>
<s snum="118">
<wf cmd="ignore" pos="IN">In</wf>
<wf cmd="tag" pos="NN">privacy</wf>
<wf cmd="ignore" pos="PRP">he</wf>
<wf cmd="ignore" pos="MD">could</wf>
<wf cmd="done" pos="VB" lemma="walk_around" wnsn="1" lexsn="2:38:00::">walk_around</wf>
<punc>,</punc>
<wf cmd="done" pos="VB" lemma="leave" wnsn="4" lexsn="2:30:02::">leave</wf>
<wf cmd="ignore" pos="DT">the</wf>
<wf cmd="tag" pos="NN">light</wf>
<wf cmd="tag" pos="RB">on</wf>
<punc>,</punc>
<wf cmd="done" pos="VB" lemma="read" wnsn="1" lexsn="2:31:00::">read</wf>
<punc>.</punc>
</s>
</p>
<p pnum="48">
<s snum="119">
<wf cmd="ignore" pos="PRP">It</wf>
<wf cmd="done" pos="VB" lemma="be" wnsn="1" lexsn="2:42:03::">was</wf>
<wf cmd="tag" pos="JJ">small</wf>
<wf cmd="tag" pos="NN">comfort</wf>
<wf cmd="ignore" pos="IN">for</wf>
<wf cmd="tag" pos="NN">insomnia</wf>
<punc>.</punc>
</s>
</p>
<p pnum="49">
<s snum="120">
<wf cmd="tag" pos="NNP">Ekstrohm</wf>
<wf cmd="tag" pos="RB">never</wf>
<wf cmd="done" pos="VB" lemma="sleep" wnsn="1" lexsn="2:29:00::">slept</wf>
<punc>.</punc>
</s>
<s snum="121">
<wf cmd="ignore" pos="DT">Some</wf>
<wf cmd="tag" pos="NNS">doctors</wf>
<wf cmd="done" pos="VBD" ot="notag">had</wf>
<wf cmd="done" pos="VB" lemma="inform" wnsn="1" lexsn="2:32:00::">informed</wf>
<wf cmd="ignore" pos="PRP">him</wf>
<wf cmd="ignore" pos="PRP">he</wf>
<wf cmd="done" pos="VB" lemma="be" wnsn="1" lexsn="2:42:03::">was</wf>
<wf cmd="tag" pos="JJ">mistaken</wf>
<wf cmd="ignore" pos="IN">about</wf>
<wf cmd="ignore" pos="DT">this</wf>
<punc>.</punc>
</s>
<s snum="122">
<wf cmd="tag" pos="RB">Actually</wf>
<punc>,</punc>
<wf cmd="ignore" pos="PRP">they</wf>
<wf cmd="done" pos="VB" lemma="say" wnsn="1" lexsn="2:32:00::">said</wf>
<punc>,</punc>
<wf cmd="ignore" pos="PRP">he</wf>
<wf cmd="done" pos="VBD" ot="notag">did</wf>
<wf cmd="done" pos="VB" lemma="sleep" wnsn="1" lexsn="2:29:00::">sleep</wf>
<punc>,</punc>
<wf cmd="ignore" pos="CC">but</wf>
<wf cmd="tag" pos="RB">so</wf>
<wf cmd="tag" pos="RB">shortly</wf>
<wf cmd="ignore" pos="CC">and</wf>
<wf cmd="tag" pos="RB">fitfully</wf>
<wf cmd="ignore" pos="IN">that</wf>
<wf cmd="ignore" pos="PRP">he</wf>
<wf cmd="done" pos="VB" lemma="forget" wnsn="2" lexsn="2:31:00::">forgot</wf>
<punc>.</punc>
</s>
<s snum="123">
<wf cmd="tag" pos="NNS">Others</wf>
<wf cmd="done" pos="VB" lemma="admit" wnsn="1" lexsn="2:32:00::">admitted</wf>
<wf cmd="ignore" pos="PRP">he</wf>
<wf cmd="done" pos="VB" lemma="be" wnsn="1" lexsn="2:42:03::">was</wf>
<wf cmd="tag" pos="RB">absolutely</wf>
<wf cmd="tag" pos="JJ">correct</wf>
<punc>-</punc>
<wf cmd="ignore" pos="PRP">he</wf>
<wf cmd="tag" pos="RB">never</wf>
<wf cmd="done" pos="VB" lemma="sleep" wnsn="1" lexsn="2:29:00::">slept</wf>
<punc>.</punc>
</s>
<s snum="124">
<wf cmd="ignore" pos="PRP$">His</wf>
<wf cmd="tag" pos="NN">body_processes</wf>
<wf cmd="tag" pos="RB">only</wf>
<wf cmd="done" pos="VB" lemma="slow_down" wnsn="1" lexsn="2:30:00::">slowed_down</wf>
<wf cmd="tag" pos="RB">enough</wf>
<wf cmd="ignore" pos="IN">for</wf>
<wf cmd="ignore" pos="PRP">him</wf>
<wf cmd="ignore" pos="TO">to</wf>
<wf cmd="done" pos="VB" lemma="dispel" wnsn="1" lexsn="2:38:00::">dispel</wf>
<wf cmd="tag" pos="NN">fatigue</wf>
<wf cmd="tag" pos="NNS">poisons</wf>
<punc>.</punc>
</s>
<s snum="125">
<wf cmd="tag" pos="RB">Occasionally</wf>
<wf cmd="ignore" pos="PRP">he</wf>
<wf cmd="done" pos="VB" lemma="fall" wnsn="3" lexsn="2:30:08::">fell</wf>
<wf cmd="done" pos="VB" ot="notag">into</wf>
<wf cmd="ignore" pos="DT">a</wf>
<wf cmd="tag" pos="JJ">waking</wf>
<punc>,</punc>
<wf cmd="tag" pos="JJ">gritty-eyed</wf>
<wf cmd="tag" pos="NN">stupor</wf>
<punc>;</punc>
<wf cmd="ignore" pos="CC">but</wf>
<wf cmd="ignore" pos="PRP">he</wf>
<wf cmd="tag" pos="RB">never</wf>
<wf cmd="done" pos="VB" lemma="sleep" wnsn="1" lexsn="2:29:00::">slept</wf>
<punc>.</punc>
</s>
</p>
<p pnum="50">
<s snum="126">
<wf cmd="tag" pos="RB">Never</wf>
<wf cmd="tag" pos="RB">at_all</wf>
<punc>.</punc>
</s>
</p>
<p pnum="51">
<s snum="127">
<wf cmd="tag" pos="RB">Naturally</wf>
<punc>,</punc>
<wf cmd="ignore" pos="PRP">he</wf>
<wf cmd="ignore" pos="MD">could</wf>
<wf cmd="tag" pos="RB">n't</wf>
<wf cmd="done" pos="VB" lemma="let" wnsn="1" lexsn="2:41:00::">let</wf>
<wf cmd="ignore" pos="PRP$">his</wf>
<wf cmd="tag" pos="NNS">shipmates</wf>
<wf cmd="done" pos="VB" lemma="know" wnsn="1" lexsn="2:31:01::">know</wf>
<wf cmd="ignore" pos="DT">this</wf>
<punc>.</punc>
</s>
<s snum="128">
<wf cmd="tag" pos="NN">Insomnia</wf>
<wf cmd="ignore" pos="MD">would</wf>
<wf cmd="done" pos="VB" lemma="ground" wnsn="2" lexsn="2:35:01::">ground</wf>
<wf cmd="ignore" pos="PRP">him</wf>
<wf cmd="ignore" pos="IN">from</wf>
<wf cmd="ignore" pos="DT">the</wf>
<wf cmd="tag" pos="NNP">Exploration_Service</wf>
<punc>,</punc>
<wf cmd="ignore" pos="IN">on</wf>
<wf cmd="tag" pos="JJ">physiological</wf>
<wf cmd="tag" pos="RB">if_not</wf>
<wf cmd="tag" pos="JJ">psychological</wf>
<wf cmd="tag" pos="NNS">grounds</wf>
<punc>.</punc>
</s>
<s snum="129">
<wf cmd="ignore" pos="PRP">He</wf>
<wf cmd="done" pos="VB" ot="notag">had_to</wf>
<wf cmd="done" pos="VB" lemma="hide" wnsn="1" lexsn="2:39:00::">hide</wf>
<wf cmd="ignore" pos="PRP">it</wf>
<punc>.</punc>
</s>
</p>
<p pnum="52">
<s snum="130">
<wf cmd="ignore" pos="IN">Over</wf>
<wf cmd="ignore" pos="DT">the</wf>
<wf cmd="tag" pos="NNS">years</wf>
<punc>,</punc>
<wf cmd="ignore" pos="PRP">he</wf>
<wf cmd="done" pos="VBD" ot="notag">had</wf>
<wf cmd="done" pos="VB" lemma="have" wnsn="1" lexsn="2:40:00::">had</wf>
<wf cmd="tag" pos="NNS">buddies</wf>
<wf cmd="ignore" pos="IN">in</wf>
<wf cmd="tag" pos="NN">space</wf>
<wf cmd="ignore" pos="IN">in</wf>
<wf cmd="ignore" pos="WP">whom</wf>
<wf cmd="ignore" pos="PRP">he</wf>
<wf cmd="done" pos="VB" lemma="think" wnsn="1" lexsn="2:31:01::">thought</wf>
<wf cmd="ignore" pos="PRP">he</wf>
<wf cmd="ignore" pos="MD">could</wf>
<wf cmd="done" pos="VB" lemma="confide" wnsn="1" lexsn="2:32:00::">confide</wf>
<punc>.</punc>
</s>
<s snum="131">
<wf cmd="ignore" pos="DT">The</wf>
<wf cmd="tag" pos="NNS">buddies</wf>
<wf cmd="tag" pos="RB">invariably</wf>
<wf cmd="done" pos="VB" lemma="take_advantage" wnsn="2" lexsn="2:41:12::">took_advantage</wf>
<wf cmd="done" pos="VB" ot="notag">of</wf>
<wf cmd="ignore" pos="PRP">him</wf>
<punc>.</punc>
</s>
<s snum="132">
<wf cmd="ignore" pos="IN">Since</wf>
<wf cmd="ignore" pos="PRP">he</wf>
<wf cmd="ignore" pos="MD">could</wf>
<wf cmd="tag" pos="RB">n't</wf>
<wf cmd="done" pos="VB" lemma="sleep" wnsn="1" lexsn="2:29:00::">sleep</wf>
<wf cmd="tag" pos="RB">anyway</wf>
<punc>,</punc>
<wf cmd="ignore" pos="PRP">he</wf>
<wf cmd="ignore" pos="MD">might</wf>
<wf cmd="tag" pos="RB">as_well</wf>
<wf cmd="done" rdf="stand_watches" pos="VB" lemma="stand_watch" wnsn="1" lexsn="2:41:00::">stand</wf>
<wf cmd="ignore" pos="PRP$">their</wf>
<wf cmd="tag" pos="NNS">watches</wf>
<wf cmd="ignore" pos="IN">for</wf>
<wf cmd="ignore" pos="PRP">them</wf>
<wf cmd="ignore" pos="CC">or</wf>
<wf cmd="done" pos="VB" lemma="write" wnsn="1" lexsn="2:36:00::">write</wf>
<wf cmd="ignore" pos="PRP$">their</wf>
<wf cmd="tag" pos="NNS">reports</wf>
<punc>.</punc>
</s>
<s snum="133">
<wf cmd="ignore" pos="WRB">Where</wf>
<wf cmd="ignore" pos="DT">the</wf>
<wf cmd="tag" pos="NN">hell</wf>
<wf cmd="done" pos="VBD" ot="notag">did</wf>
<wf cmd="ignore" pos="PRP">he</wf>
<wf cmd="done" pos="VB" ot="idiom">get_off</wf>
<wf cmd="done" pos="VB" lemma="threaten" wnsn="2" lexsn="2:32:00::">threatening</wf>
<wf cmd="ignore" pos="TO">to</wf>
<wf cmd="done" pos="VB" lemma="report" wnsn="4" lexsn="2:32:01::">report</wf>
<wf cmd="ignore" pos="DT">any</wf>
<wf cmd="tag" pos="NN">laxness</wf>
<wf cmd="ignore" pos="IN">on</wf>
<wf cmd="ignore" pos="PRP$">their</wf>
<wf cmd="tag" pos="NN">part</wf>
<wf cmd="ignore" pos="TO">to</wf>
<wf cmd="ignore" pos="DT">the</wf>
<wf cmd="tag" pos="NN">captain</wf>
<punc>?</punc>
</s>
<s snum="134">
<wf cmd="ignore" pos="DT">A</wf>
<wf cmd="tag" pos="NN">man</wf>
<wf cmd="ignore" pos="IN">with</wf>
<wf cmd="tag" pos="NN">insomnia</wf>
<wf cmd="done" pos="VB" lemma="had_better" wnsn="0" lexsn="2:42:00::">had_better</wf>
<wf cmd="done" pos="VB" lemma="avoid" wnsn="2" lexsn="2:41:01::">avoid</wf>
<wf cmd="tag" pos="JJ">bad</wf>
<wf cmd="tag" pos="NNS">dreams</wf>
<wf cmd="tag" pos="RB">of_that</wf>
<wf cmd="tag" pos="NN">kind</wf>
<wf cmd="ignore" pos="IN">if</wf>
<wf cmd="ignore" pos="PRP">he</wf>
<wf cmd="done" pos="VB" lemma="know" wnsn="1" lexsn="2:31:01::">knew</wf>
<wf cmd="ignore" pos="WP">what</wf>
<wf cmd="done" pos="VB" lemma="be" wnsn="1" lexsn="2:42:03::">was</wf>
<wf cmd="tag" pos="JJ">good</wf>
<wf cmd="ignore" pos="IN">for</wf>
<wf cmd="ignore" pos="PRP">him</wf>
<punc>.</punc>
</s>
</p>
<p pnum="53">
<s snum="135">
<wf cmd="tag" pos="NNP">Ekstrohm</wf>
<wf cmd="done" pos="VB" ot="notag">had_to</wf>
<wf cmd="done" pos="VB" lemma="hide" wnsn="1" lexsn="2:39:00::">hide</wf>
<wf cmd="ignore" pos="PRP$">his</wf>
<wf cmd="tag" pos="JJ">secret</wf>
<punc>.</punc>
</s>
</p>
<p pnum="54">
<s snum="136">
<wf cmd="ignore" pos="IN">In</wf>
<wf cmd="ignore" pos="DT">a</wf>
<wf cmd="tag" pos="NN">camp</wf>
<punc>,</punc>
<wf cmd="tag" pos="RB">instead</wf>
<wf cmd="ignore" pos="IN">of</wf>
<wf cmd="tag" pos="NN">shipboard</wf>
<punc>,</punc>
<wf cmd="done" pos="VB" lemma="hide" wnsn="1" lexsn="2:39:00::">hiding</wf>
<wf cmd="ignore" pos="DT">the</wf>
<wf cmd="tag" pos="JJ">secret</wf>
<wf cmd="done" pos="VB" lemma="be" wnsn="1" lexsn="2:42:03::">was</wf>
<wf cmd="tag" pos="JJR">easier</wf>
<punc>.</punc>
</s>
<s snum="137">
<wf cmd="ignore" pos="CC">But</wf>
<wf cmd="ignore" pos="DT">the</wf>
<wf cmd="tag" pos="JJ">secret</wf>
<wf cmd="ignore" pos="PRP">itself</wf>
<wf cmd="done" pos="VB" lemma="be" wnsn="1" lexsn="2:42:03::">was</wf>
<wf cmd="tag" pos="RB">just_as</wf>
<wf cmd="tag" pos="JJ">hard</wf>
<punc>.</punc>
</s>
</p>
<p pnum="55">
<s snum="138">
<wf cmd="tag" pos="NNP">Ekstrohm</wf>
<wf cmd="done" pos="VB" lemma="pick_up" wnsn="2" lexsn="2:35:01::">picked_up</wf>
<wf cmd="ignore" pos="DT">a</wf>
<wf cmd="tag" pos="JJ">lightweight</wf>
<wf cmd="tag" pos="NN">no-back</wf>
<wf cmd="ignore" pos="IN">from</wf>
<wf cmd="ignore" pos="DT">the</wf>
<wf cmd="tag" pos="NN">ship</wf>
<wf cmd="ignore" pos="POS">'s</wf>
<wf cmd="tag" pos="NN">library</wf>
<punc>,</punc>
<wf cmd="ignore" pos="DT">a</wf>
<wf cmd="tag" pos="NN">book</wf>
<wf cmd="ignore" pos="IN">by</wf>
<wf cmd="tag" pos="NNP">Bloch</wf>
<punc>,</punc>
<wf cmd="ignore" pos="DT">the</wf>
<wf cmd="tag" pos="JJ">famous</wf>
<wf cmd="tag" pos="JJ">twentieth</wf>
<wf cmd="tag" pos="NN">century</wf>
<wf cmd="tag" pos="NN">expert</wf>
<wf cmd="ignore" pos="IN">on</wf>
<wf cmd="tag" pos="NN">sex</wf>
<punc>.</punc>
</s>
<s snum="139">
<wf cmd="ignore" pos="PRP">He</wf>
<wf cmd="done" pos="VB" lemma="scan" wnsn="0" lexsn="2:31:01::">scanned</wf>
<wf cmd="tag" pos="JJ">a_few</wf>
<wf cmd="tag" pos="NNS">lines</wf>
<wf cmd="ignore" pos="IN">on</wf>
<wf cmd="ignore" pos="DT">the</wf>
<wf cmd="tag" pos="JJ">social</wf>
<wf cmd="tag" pos="NNS">repercussions</wf>
<wf cmd="ignore" pos="IN">of</wf>
<wf cmd="ignore" pos="DT">a</wf>
<wf cmd="tag" pos="JJ">celebrated</wf>
<wf cmd="tag" pos="JJ">nineteenth</wf>
<wf cmd="tag" pos="NN">century</wf>
<wf cmd="tag" pos="NN">sex</wf>
<wf cmd="tag" pos="NN">murderer</wf>
<punc>,</punc>
<wf cmd="ignore" pos="CC">but</wf>
<wf cmd="ignore" pos="PRP">he</wf>
<wf cmd="ignore" pos="MD">could</wf>
<wf cmd="tag" pos="RB">n't</wf>
<wf cmd="done" pos="VB" lemma="seem" wnsn="1" lexsn="2:39:00::">seem</wf>
<wf cmd="ignore" pos="TO">to</wf>
<wf cmd="done" pos="VB" lemma="concentrate" wnsn="2" lexsn="2:31:00::">concentrate</wf>
<wf cmd="done" pos="VB" ot="notag">on</wf>
<wf cmd="ignore" pos="DT">the</wf>
<wf cmd="tag" pos="JJ">weighty</wf>
<punc>,</punc>
<wf cmd="tag" pos="JJ">pontifical</wf>
<punc>,</punc>
<wf cmd="tag" pos="JJ">ponderous</wf>
<wf cmd="tag" pos="NN">style</wf>
<punc>.</punc>
</s>
</p>
<p pnum="56">
<s snum="140">
<wf cmd="ignore" pos="IN">On</wf>
<wf cmd="tag" pos="NN">impulse</wf>
<punc>,</punc>
<wf cmd="ignore" pos="PRP">he</wf>
<wf cmd="done" pos="VB" lemma="flip" wnsn="2" lexsn="2:35:01::">flipped</wf>
<wf cmd="ignore" pos="IN">up</wf>
<wf cmd="ignore" pos="DT">the</wf>
<wf cmd="tag" pos="NN">heat</wf>
<wf cmd="tag" pos="NN">control</wf>
<wf cmd="ignore" pos="IN">on</wf>
<wf cmd="ignore" pos="PRP$">his</wf>
<wf cmd="tag" pos="NN">coverall</wf>
<wf cmd="ignore" pos="CC">and</wf>
<wf cmd="done" pos="VB" lemma="slide" wnsn="1" lexsn="2:38:01::">slid</wf>
<wf cmd="tag" pos="RB">back</wf>
<wf cmd="ignore" pos="DT">the</wf>
<wf cmd="tag" pos="NN">hatch</wf>
<wf cmd="ignore" pos="IN">of</wf>
<wf cmd="ignore" pos="DT">the</wf>
<wf cmd="tag" pos="NN">bubble</wf>
<punc>.</punc>
</s>
</p>
<p pnum="57">
<s snum="141">
<wf cmd="tag" pos="NNP">Ekstrohm</wf>
<wf cmd="done" pos="VB" lemma="walk" wnsn="1" lexsn="2:38:00::">walked</wf>
<wf cmd="ignore" pos="IN">through</wf>
<wf cmd="ignore" pos="DT">the</wf>
<wf cmd="tag" pos="JJ">alien</wf>
<wf cmd="tag" pos="NN">glass</wf>
<wf cmd="ignore" pos="CC">and</wf>
<wf cmd="done" pos="VB" lemma="look" wnsn="1" lexsn="2:39:00::">looked</wf>
<wf cmd="tag" pos="RB">up</wf>
<wf cmd="ignore" pos="IN">at</wf>
<wf cmd="ignore" pos="DT">the</wf>
<wf cmd="tag" pos="JJ">unfamiliar</wf>
<wf cmd="tag" pos="NNS">constellations</wf>
<punc>,</punc>
<wf cmd="done" pos="VB" lemma="smell" wnsn="1" lexsn="2:39:01::">smelling</wf>
<wf cmd="ignore" pos="DT">the</wf>
<wf cmd="tag" pos="JJ">frozen</wf>
<wf cmd="tag" pos="NN">sterility</wf>
<wf cmd="ignore" pos="IN">of</wf>
<wf cmd="ignore" pos="DT">the</wf>
<wf cmd="tag" pos="JJ">thin</wf>
<wf cmd="tag" pos="NN">air</wf>
<punc>.</punc>
</s>
</p>
<p pnum="58">
<s snum="142">
<wf cmd="ignore" pos="IN">Behind</wf>
<wf cmd="ignore" pos="PRP">him</wf>
<punc>,</punc>
<wf cmd="ignore" pos="PRP$">his</wf>
<wf cmd="tag" pos="NNS">mates</wf>
<wf cmd="done" pos="VB" lemma="stir" wnsn="2" lexsn="2:38:00::">stirred</wf>
<wf cmd="ignore" pos="IN">without</wf>
<wf cmd="done" pos="VB" lemma="wake" wnsn="1" lexsn="2:29:00::">waking</wf>
<punc>.</punc>
</s>
</p>
<p pnum="59">
<s snum="143">
<wf cmd="tag" pos="NNP">Ekstrohm</wf>
<wf cmd="done" pos="VBD" ot="notag">was</wf>
<wf cmd="done" pos="VB" lemma="startle" wnsn="1" lexsn="2:37:00::">startled</wf>
<wf cmd="ignore" pos="IN">in</wf>
<wf cmd="ignore" pos="DT">the</wf>
<wf cmd="tag" pos="NN">morning</wf>
<wf cmd="ignore" pos="IN">by</wf>
<wf cmd="ignore" pos="DT">a</wf>
<wf cmd="tag" pos="NN">banging</wf>
<wf cmd="ignore" pos="IN">on</wf>
<wf cmd="ignore" pos="DT">the</wf>
<wf cmd="tag" pos="NN">hatch</wf>
<wf cmd="ignore" pos="IN">of</wf>
<wf cmd="ignore" pos="PRP$">his</wf>
<wf cmd="tag" pos="NN">bubble</wf>
<punc>.</punc>
</s>
<s snum="144">
<wf cmd="ignore" pos="PRP">It</wf>
<wf cmd="done" pos="VB" lemma="take" wnsn="2" lexsn="2:40:06::">took</wf>
<wf cmd="ignore" pos="PRP">him</wf>
<wf cmd="tag" pos="JJ">a_few</wf>
<wf cmd="tag" pos="NNS">seconds</wf>
<wf cmd="ignore" pos="TO">to</wf>
<wf cmd="done" pos="VB" lemma="put" wnsn="2" lexsn="2:35:05::">put</wf>
<wf cmd="ignore" pos="PRP$">his</wf>
<wf cmd="tag" pos="NNS">thoughts</wf>
<wf cmd="tag" pos="JJ">in_order</wf>
<punc>,</punc>
<wf cmd="tag" pos="RB">and_then</wf>
<wf cmd="ignore" pos="PRP">he</wf>
<wf cmd="done" pos="VB" lemma="get_up" wnsn="1" lexsn="2:38:01::">got_up</wf>
<wf cmd="ignore" pos="IN">from</wf>
<wf cmd="ignore" pos="DT">the</wf>
<wf cmd="tag" pos="NN">bunk</wf>
<wf cmd="ignore" pos="WRB">where</wf>
<wf cmd="ignore" pos="PRP">he</wf>
<wf cmd="done" pos="VBD" ot="notag">had</wf>
<wf cmd="done" pos="VBN" ot="notag">been</wf>
<wf cmd="done" pos="VB" lemma="rest" wnsn="1" lexsn="2:35:00::">resting</wf>
<punc>,</punc>
<wf cmd="tag" pos="RB">sleeplessly</wf>
<punc>.</punc>
</s>
</p>
<p pnum="60">
<s snum="145">
<wf cmd="ignore" pos="DT">The</wf>
<wf cmd="tag" pos="JJ">angry</wf>
<wf cmd="tag" pos="JJ">burnt-red</wf>
<wf cmd="tag" pos="NN">face</wf>
<wf cmd="ignore" pos="IN">of</wf>
<wf cmd="tag" pos="NNP">Ryan</wf>
<wf cmd="done" pos="VB" lemma="greet" wnsn="4" lexsn="2:39:00::">greeted</wf>
<wf cmd="ignore" pos="PRP">him</wf>
<punc>.</punc>
</s>
<s snum="146">
<punc>``</punc>
<wf cmd="ignore" pos="UH">Okay</wf>
<punc>,</punc>
<wf cmd="tag" pos="NNP">Stormy</wf>
<punc>,</punc>
<wf cmd="ignore" pos="DT">this</wf>
<wf cmd="done" pos="VB" lemma="be" wnsn="2" lexsn="2:42:06::">is</wf>
<wf cmd="tag" pos="RB">n't</wf>
<wf cmd="ignore" pos="DT">the</wf>
<wf cmd="tag" pos="NN">place</wf>
<wf cmd="ignore" pos="IN">for</wf>
<wf cmd="tag" pos="NN">fun</wf>
<wf cmd="ignore" pos="CC">and</wf>
<wf cmd="tag" pos="NNS">games</wf>
<punc>.</punc>
</s>
<s snum="147">
<wf cmd="ignore" pos="WP">What</wf>
<wf cmd="done" pos="VBD" ot="notag">did</wf>
<wf cmd="ignore" pos="PRP">you</wf>
<wf cmd="done" pos="VBP" ot="notag">do</wf>
<wf cmd="ignore" pos="IN">with</wf>
<wf cmd="ignore" pos="PRP">them</wf>
<punc>''</punc>
<punc>?</punc>
</s>
</p>
<p pnum="61">
<s snum="148">
<punc>``</punc>
<wf cmd="done" pos="VBP" ot="notag">Do</wf>
<wf cmd="ignore" pos="IN">with</wf>
<wf cmd="ignore" pos="WP">what</wf>
<punc>''</punc>
<punc>?</punc>
</s>
</p>
<p pnum="62">
<s snum="149">
<punc>``</punc>
<wf cmd="ignore" pos="DT">The</wf>
<wf cmd="tag" pos="JJ">dead</wf>
<wf cmd="tag" pos="NNS">beasties</wf>
<punc>.</punc>
</s>
<s snum="150">
<wf cmd="ignore" pos="PDT">All</wf>
<wf cmd="ignore" pos="DT">the</wf>
<wf cmd="tag" pos="NN">dead_animals</wf>
<wf cmd="done" rdf="lie" pos="VB" lemma="lie" wnsn="1" lexsn="2:42:00::">laying</wf>
<wf cmd="ignore" pos="IN">around</wf>
<wf cmd="ignore" pos="DT">the</wf>
<wf cmd="tag" pos="NN">ship</wf>
<punc>''</punc>
<punc>.</punc>
</s>
</p>
<p pnum="63">
<s snum="151">
<punc>``</punc>
<wf cmd="ignore" pos="WP">What</wf>
<wf cmd="done" pos="VBP" ot="notag">are</wf>
<wf cmd="ignore" pos="PRP">you</wf>
<wf cmd="done" pos="VB" lemma="talk_about" wnsn="1" lexsn="2:32:00::">talking_about</wf>
<punc>,</punc>
<wf cmd="tag" pos="NNP">Ryan</wf>
<punc>?</punc>
</s>
<s snum="152">
<wf cmd="ignore" pos="WP">What</wf>
<wf cmd="done" pos="VBP" ot="notag">do</wf>
<wf cmd="ignore" pos="PRP">you</wf>
<wf cmd="done" pos="VB" lemma="think" wnsn="1" lexsn="2:31:01::">think</wf>
<wf cmd="ignore" pos="PRP">I</wf>
<wf cmd="done" pos="VBD" ot="notag">did</wf>
<wf cmd="ignore" pos="IN">with</wf>
<wf cmd="ignore" pos="PRP">them</wf>
<punc>''</punc>
<punc>?</punc>
</s>
</p>
<p pnum="64">
<s snum="153">
<punc>``</punc>
<wf cmd="ignore" pos="PRP">I</wf>
<wf cmd="done" pos="VBP" ot="notag">do</wf>
<wf cmd="tag" pos="RB">n't</wf>
<wf cmd="done" pos="VB" lemma="know" wnsn="1" lexsn="2:31:01::">know</wf>
<punc>.</punc>
</s>
<s snum="154">
<wf cmd="ignore" pos="DT">All</wf>
<wf cmd="ignore" pos="PRP">I</wf>
<wf cmd="done" pos="VB" lemma="know" wnsn="1" lexsn="2:31:01::">know</wf>
<wf cmd="done" pos="VB" lemma="be" wnsn="6" lexsn="2:42:07::">is</wf>
<wf cmd="ignore" pos="IN">that</wf>
<wf cmd="ignore" pos="PRP">they</wf>
<wf cmd="done" pos="VB" lemma="be" wnsn="1" lexsn="2:42:03::">are</wf>
<wf cmd="tag" pos="JJ">gone</wf>
<punc>''</punc>
<punc>.</punc>
</s>
</p>
<p pnum="65">
<s snum="155">
<punc>``</punc>
<wf cmd="tag" pos="JJ">Gone</wf>
<punc>''</punc>
<punc>?</punc>
</s>
</p>
<p pnum="66">
<s snum="156">
<wf cmd="tag" pos="NNP">Ekstrohm</wf>
<wf cmd="done" pos="VB" lemma="shoulder" wnsn="2" lexsn="2:35:00::">shouldered</wf>
<wf cmd="ignore" pos="PRP$">his</wf>
<wf cmd="tag" pos="NN">way</wf>
<wf cmd="tag" pos="RB">outside</wf>
<wf cmd="ignore" pos="CC">and</wf>
<wf cmd="done" pos="VB" lemma="scan" wnsn="1" lexsn="2:39:01::">scanned</wf>
<wf cmd="ignore" pos="DT">the</wf>
<wf cmd="tag" pos="NN">veldt</wf>
<punc>.</punc>
</s>
</p>
<p pnum="67">
<s snum="157">
<wf cmd="ignore" pos="EX">There</wf>
<wf cmd="done" pos="VB" ot="notag">was</wf>
<wf cmd="ignore" pos="DT">no</wf>
<wf cmd="tag" pos="NN">ring</wf>
<wf cmd="ignore" pos="IN">of</wf>
<wf cmd="tag" pos="NN">animal</wf>
<wf cmd="tag" pos="NNS">corpses</wf>
<punc>.</punc>
</s>
<s snum="158">
<wf cmd="tag" pos="NN">Nothing</wf>
<punc>.</punc>
</s>
<s snum="159">
<wf cmd="tag" pos="NN">Nothing</wf>
<wf cmd="ignore" pos="CC">but</wf>
<wf cmd="tag" pos="JJ">wispy</wf>
<wf cmd="tag" pos="NN">grass</wf>
<wf cmd="done" pos="VB" lemma="whip" wnsn="3" lexsn="2:38:00::">whipping</wf>
<wf cmd="ignore" pos="IN">in</wf>
<wf cmd="ignore" pos="DT">the</wf>
<wf cmd="tag" pos="JJ">keen</wf>
<wf cmd="tag" pos="NN">breeze</wf>
<punc>.</punc>
</s>
</p>
<p pnum="68">
<s snum="160">
<punc>``</punc>
<wf cmd="ignore" pos="PRP">I</wf>
<wf cmd="ignore" pos="MD">'ll</wf>
<wf cmd="done" pos="VB" lemma="be" wnsn="1" lexsn="2:42:03::">be</wf>
<wf cmd="tag" pos="JJ">damned</wf>
<punc>''</punc>
<punc>,</punc>
<wf cmd="tag" pos="NNP">Ekstrohm</wf>
<wf cmd="done" pos="VB" lemma="say" wnsn="1" lexsn="2:32:00::">said</wf>
<punc>.</punc>
</s>
</p>
<p pnum="69">
<s snum="161">
<punc>``</punc>
<wf cmd="ignore" pos="PRP">You</wf>
<wf cmd="done" pos="VB" lemma="be" wnsn="1" lexsn="2:42:03::">are</wf>
<wf cmd="tag" pos="RB">right_now</wf>
<punc>,</punc>
<wf cmd="tag" pos="NN">buddy</wf>
<punc>.</punc>
</s>
<s snum="162">
<wf cmd="tag" pos="NNP">ExPe</wf>
<wf cmd="done" pos="VBZ" ot="notag">does</wf>
<wf cmd="tag" pos="RB">n't</wf>
<wf cmd="done" pos="VB" lemma="like" wnsn="2" lexsn="2:37:05::">like</wf>
<wf cmd="tag" pos="NN">anybody</wf>
<wf cmd="done" pos="VB" lemma="muck_up" wnsn="1" lexsn="2:41:00::">mucking_up</wf>
<wf cmd="tag" pos="JJ">primary</wf>
<wf cmd="tag" pos="NN">evidence</wf>
<punc>''</punc>
<punc>.</punc>
</s>
</p>
<p pnum="70">
<s snum="163">
<punc>``</punc>
<wf cmd="ignore" pos="WRB">Where</wf>
<wf cmd="done" pos="VBP" ot="notag">do</wf>
<wf cmd="ignore" pos="PRP">you</wf>
<wf cmd="done" pos="VB" ot="idiom">get_off</wf>
<punc>,</punc>
<wf cmd="tag" pos="NNP">Ryan</wf>
<punc>''</punc>
<punc>?</punc>
</s>
<s snum="164">
<wf cmd="tag" pos="NNP">Ekstrohm</wf>
<wf cmd="done" pos="VB" lemma="demand" wnsn="1" lexsn="2:32:00::">demanded</wf>
<punc>.</punc>
</s>
<s snum="165">
<punc>``</punc>
<wf cmd="ignore" pos="WRB">Why</wf>
<wf cmd="done" pos="VB" lemma="pick" wnsn="1" lexsn="2:31:00::">pick</wf>
<wf cmd="ignore" pos="PRP">me</wf>
<wf cmd="ignore" pos="IN">for</wf>
<wf cmd="ignore" pos="PRP$">your</wf>
<wf cmd="tag" pos="NN">patsy</wf>
<punc>?</punc>
</s>
<s snum="166">
<wf cmd="ignore" pos="DT">This</wf>
<wf cmd="done" pos="VB" ot="notag">has_got_to</wf>
<wf cmd="done" pos="VB" lemma="be" wnsn="1" lexsn="2:42:03::">be</wf>
<wf cmd="ignore" pos="DT">some</wf>
<wf cmd="tag" pos="RB">kind_of</wf>
<wf cmd="tag" pos="JJ">local</wf>
<wf cmd="tag" pos="NN">phenomenon</wf>
<punc>.</punc>
</s>
<s snum="167">
<wf cmd="ignore" pos="WRB">Why</wf>
<wf cmd="done" pos="VB" lemma="accuse" wnsn="1" lexsn="2:32:00::">accuse</wf>
<wf cmd="ignore" pos="DT">a</wf>
<wf cmd="tag" pos="NN">shipmate</wf>
<wf cmd="ignore" pos="IN">of</wf>
<wf cmd="done" pos="VB" lemma="be" wnsn="1" lexsn="2:42:03::">being</wf>
<wf cmd="ignore" pos="IN">behind</wf>
<wf cmd="ignore" pos="DT">this</wf>
<punc>''</punc>
<punc>?</punc>
</s>
</p>
<p pnum="71">
<s snum="168">
<punc>``</punc>
<wf cmd="done" pos="VB" lemma="listen" wnsn="2" lexsn="2:39:01::">Listen</wf>
<punc>,</punc>
<wf cmd="tag" pos="NNP">Ekstrohm</wf>
<punc>,</punc>
<wf cmd="ignore" pos="PRP">I</wf>
<wf cmd="done" pos="VB" lemma="want" wnsn="1" lexsn="2:37:00::">want</wf>
<wf cmd="done" pos="VB" ot="notag">to</wf>
<wf cmd="done" pos="VB" lemma="give" wnsn="1" lexsn="2:40:03::">give</wf>
<wf cmd="ignore" pos="PRP">you</wf>
<wf cmd="ignore" pos="DT">the</wf>
<wf cmd="tag" pos="NN">benefit</wf>
<wf cmd="ignore" pos="IN">of</wf>
<wf cmd="ignore" pos="DT">every</wf>
<wf cmd="tag" pos="NN">doubt</wf>
<punc>.</punc>
</s>
<s snum="169">
<wf cmd="ignore" pos="CC">But</wf>
<wf cmd="ignore" pos="PRP">you</wf>
<wf cmd="done" pos="VB" lemma="be" wnsn="1" lexsn="2:42:03::">are</wf>
<wf cmd="tag" pos="RB">n't</wf>
<wf cmd="tag" pos="RB">exactly</wf>
<wf cmd="ignore" pos="DT">the</wf>
<wf cmd="tag" pos="NN">model</wf>
<wf cmd="ignore" pos="IN">of</wf>
<wf cmd="ignore" pos="DT">a</wf>
<wf cmd="tag" pos="NN">surveyor</wf>
<punc>,</punc>
<wf cmd="ignore" pos="PRP">you</wf>
<wf cmd="done" pos="VB" lemma="know" wnsn="1" lexsn="2:31:01::">know</wf>
<punc>.</punc>
</s>
<s snum="170">
<wf cmd="ignore" pos="PRP">You</wf>
<wf cmd="done" pos="VBP" ot="notag">'ve</wf>
<wf cmd="done" pos="VBN" ot="notag">been</wf>
<wf cmd="done" pos="VB" lemma="ride" wnsn="3" lexsn="2:42:00::">riding</wf>
<wf cmd="ignore" pos="IN">on</wf>
<wf cmd="ignore" pos="DT">a</wf>
<wf cmd="tag" pos="JJ">pink</wf>
<wf cmd="tag" pos="NN">ticket</wf>
<wf cmd="ignore" pos="IN">for</wf>
<wf cmd="tag" pos="CD">six</wf>
<wf cmd="tag" pos="NNS">years</wf>
<punc>,</punc>
<wf cmd="ignore" pos="PRP">you</wf>
<wf cmd="done" pos="VB" lemma="know" wnsn="1" lexsn="2:31:01::">know</wf>
<wf cmd="ignore" pos="IN">that</wf>
<punc>''</punc>
<punc>.</punc>
</s>
</p>
<p pnum="72">
<s snum="171">
<punc>``</punc>
<wf cmd="ignore" pos="DT">No</wf>
<punc>''</punc>
<punc>,</punc>
<wf cmd="tag" pos="NNP">Ekstrohm</wf>
<wf cmd="done" pos="VB" lemma="say" wnsn="1" lexsn="2:32:00::">said</wf>
<punc>,</punc>
<punc>``</punc>
<wf cmd="ignore" pos="DT">No</wf>
<punc>,</punc>
<wf cmd="ignore" pos="PRP">I</wf>
<wf cmd="done" pos="VBD" ot="notag">did</wf>
<wf cmd="tag" pos="RB">n't</wf>
<wf cmd="done" pos="VB" lemma="know" wnsn="1" lexsn="2:31:01::">know</wf>
<wf cmd="ignore" pos="IN">that</wf>
<punc>''</punc>
<punc>.</punc>
</s>
</p>
<p pnum="73">
<s snum="172">
<punc>``</punc>
<wf cmd="ignore" pos="PRP">You</wf>
<wf cmd="done" pos="VBP" ot="notag">'ve</wf>
<wf cmd="done" pos="VBN" ot="notag">been</wf>
<wf cmd="done" pos="VB" lemma="hide" wnsn="1" lexsn="2:39:00::">hiding</wf>
<wf cmd="tag" pos="NNS">things</wf>
<wf cmd="ignore" pos="IN">from</wf>
<wf cmd="ignore" pos="PRP">me</wf>
<wf cmd="ignore" pos="CC">and</wf>
<wf cmd="tag" pos="NNP">Nogol</wf>
<wf cmd="ignore" pos="DT">every</wf>
<wf cmd="tag" pos="NN">jump</wf>
<wf cmd="ignore" pos="PRP">we</wf>
<wf cmd="done" pos="VBP" ot="notag">'ve</wf>
<wf cmd="done" pos="VB" lemma="make" wnsn="1" lexsn="2:41:00::">made</wf>
<wf cmd="ignore" pos="IN">with</wf>
<wf cmd="ignore" pos="PRP">you</wf>
<punc>.</punc>
</s>
<s snum="173">
<wf cmd="tag" pos="RB">Now</wf>
<wf cmd="done" pos="VB" lemma="come" wnsn="3" lexsn="2:30:01::">comes</wf>
<wf cmd="ignore" pos="DT">this</wf>
<punc>!</punc>
</s>
<s snum="174">
<wf cmd="ignore" pos="PRP">It</wf>
<wf cmd="done" pos="VB" lemma="fit" wnsn="3" lexsn="2:42:01::">fits</wf>
<wf cmd="ignore" pos="DT">the</wf>
<wf cmd="tag" pos="NN">pattern</wf>
<wf cmd="ignore" pos="IN">of</wf>
<wf cmd="tag" pos="NN">secrecy</wf>
<wf cmd="ignore" pos="CC">and</wf>
<wf cmd="tag" pos="NN">stealth</wf>
<wf cmd="ignore" pos="PRP">you</wf>
<wf cmd="done" pos="VBP" ot="notag">'ve</wf>
<wf cmd="done" pos="VB" ot="notag">been</wf>
<wf cmd="done" pos="VB" lemma="involve" wnsn="1" lexsn="2:42:01::">involved</wf>
<wf cmd="ignore" pos="IN">in</wf>
<punc>''</punc>
<punc>.</punc>
</s>
</p>
<p pnum="74">
<s snum="175">
<punc>``</punc>
<wf cmd="ignore" pos="WP">What</wf>
<wf cmd="ignore" pos="MD">could</wf>
<wf cmd="ignore" pos="PRP">I</wf>
<wf cmd="done" pos="VBP" ot="notag">do</wf>
<wf cmd="ignore" pos="IN">with</wf>
<wf cmd="ignore" pos="PRP$">your</wf>
<wf cmd="tag" pos="JJ">lousy</wf>
<wf cmd="tag" pos="NN">dead_bodies</wf>
<punc>?</punc>
</s>
<s snum="176">
<wf cmd="ignore" pos="WP">What</wf>
<wf cmd="ignore" pos="MD">would</wf>
<wf cmd="ignore" pos="PRP">I</wf>
<wf cmd="done" pos="VB" lemma="want" wnsn="1" lexsn="2:37:00::">want</wf>
<wf cmd="ignore" pos="IN">with</wf>
<wf cmd="ignore" pos="PRP">them</wf>
<punc>''</punc>
<punc>?</punc>
</s>
</p>
<p pnum="75">
<s snum="177">
<punc>``</punc>
<wf cmd="ignore" pos="DT">All</wf>
<wf cmd="ignore" pos="PRP">I</wf>
<wf cmd="done" pos="VB" lemma="know" wnsn="1" lexsn="2:31:01::">know</wf>
<wf cmd="done" pos="VB" lemma="be" wnsn="6" lexsn="2:42:07::">is</wf>
<wf cmd="ignore" pos="IN">that</wf>
<wf cmd="ignore" pos="PRP">you</wf>
<wf cmd="done" pos="VB" lemma="be" wnsn="3" lexsn="2:42:05::">were</wf>
<wf cmd="ignore" pos="IN">outside</wf>
<wf cmd="ignore" pos="DT">the</wf>
<wf cmd="tag" pos="NNS">bubbles</wf>
<wf cmd="tag" pos="JJ">last</wf>
<wf cmd="tag" pos="NN">night</wf>
<punc>,</punc>
<wf cmd="ignore" pos="CC">and</wf>
<wf cmd="ignore" pos="PRP">you</wf>
<wf cmd="done" pos="VB" lemma="be" wnsn="2" lexsn="2:42:06::">were</wf>
<wf cmd="ignore" pos="DT">the</wf>
<wf cmd="tag" pos="RB">only</wf>
<wf cmd="tag" pos="JJ">sentient</wf>
<wf cmd="tag" pos="NN">being</wf>
<wf cmd="ignore" pos="WP">who</wf>
<wf cmd="done" pos="VB" lemma="come_in" wnsn="1" lexsn="2:38:02::">came_in</wf>
<wf cmd="ignore" pos="CC">or</wf>
<wf cmd="ignore" pos="IN">out</wf>
<wf cmd="ignore" pos="IN">of</wf>
<wf cmd="ignore" pos="PRP$">our</wf>
<wf cmd="tag" pos="NN">alarm</wf>
<wf cmd="tag" pos="NN">web</wf>
<punc>.</punc>
</s>
<s snum="178">
<wf cmd="ignore" pos="DT">The</wf>
<wf cmd="tag" pos="NNS">tapes</wf>
<wf cmd="done" pos="VB" lemma="show" wnsn="1" lexsn="2:39:02::">show</wf>
<wf cmd="tag" pos="RB">that</wf>
<punc>.</punc>
</s>
<s snum="179">
<wf cmd="tag" pos="RB">Now</wf>
<wf cmd="ignore" pos="PDT">all</wf>
<wf cmd="ignore" pos="DT">the</wf>
<wf cmd="tag" pos="NNS">bodies</wf>
<wf cmd="done" pos="VB" lemma="be" wnsn="1" lexsn="2:42:03::">are</wf>
<wf cmd="tag" pos="JJ">missing</wf>
<punc>,</punc>
<wf cmd="ignore" pos="IN">like</wf>
<wf cmd="ignore" pos="PRP">they</wf>
<wf cmd="done" pos="VB" lemma="get_up" wnsn="1" lexsn="2:38:01::">got_up</wf>
<wf cmd="ignore" pos="CC">and</wf>
<wf cmd="done" pos="VB" lemma="walk" wnsn="1" lexsn="2:38:00::">walked</wf>
<wf cmd="tag" pos="RB">away</wf>
<punc>''</punc>
<punc>.</punc>
</s>
</p>
<p pnum="76">
<s snum="180">
<wf cmd="ignore" pos="PRP">It</wf>
<wf cmd="done" pos="VB" lemma="be" wnsn="1" lexsn="2:42:03::">was</wf>
<wf cmd="tag" pos="RB">not</wf>
<wf cmd="ignore" pos="DT">a</wf>
<wf cmd="tag" pos="JJ">new</wf>
<wf cmd="tag" pos="NN">experience</wf>
<wf cmd="ignore" pos="TO">to</wf>
<wf cmd="tag" pos="NNP">Ekstrohm</wf>
<punc>.</punc>
</s>
<s snum="181">
<wf cmd="ignore" pos="DT">No</wf>
<punc>.</punc>
</s>
<s snum="182">
<wf cmd="tag" pos="NN">Suspicion</wf>
<wf cmd="done" pos="VB" lemma="be" wnsn="1" lexsn="2:42:03::">was</wf>
<wf cmd="tag" pos="RB">n't</wf>
<wf cmd="tag" pos="JJ">new_to</wf>
<wf cmd="ignore" pos="PRP">him</wf>
<wf cmd="tag" pos="RB">at_all</wf>
<punc>.</punc>
</s>
</p>
<p pnum="77">
<s snum="183">
<punc>``</punc>
<wf cmd="tag" pos="NNP">Ryan</wf>
<punc>,</punc>
<wf cmd="ignore" pos="EX">there</wf>
<wf cmd="done" pos="VB" ot="notag">are</wf>
<wf cmd="tag" pos="JJ">other</wf>
<wf cmd="tag" pos="NNS">explanations</wf>
<wf cmd="ignore" pos="IN">for</wf>
<wf cmd="ignore" pos="DT">the</wf>
<wf cmd="tag" pos="NN">disappearance</wf>
<wf cmd="ignore" pos="IN">of</wf>
<wf cmd="ignore" pos="DT">the</wf>
<wf cmd="tag" pos="NNS">bodies</wf>
<punc>.</punc>
</s>
<s snum="184">
<wf cmd="done" pos="VB" lemma="look_for" wnsn="1" lexsn="2:35:00::">Look_for</wf>
<wf cmd="ignore" pos="PRP">them</wf>
<punc>,</punc>
<wf cmd="ignore" pos="MD">will</wf>
<wf cmd="ignore" pos="PRP">you</wf>
<punc>?</punc>
</s>
<s snum="185">
<wf cmd="ignore" pos="PRP">I</wf>
<wf cmd="done" pos="VB" lemma="give" wnsn="5" lexsn="2:32:01::">give</wf>
<wf cmd="ignore" pos="PRP">you</wf>
<wf cmd="ignore" pos="PRP$">my</wf>
<wf cmd="tag" pos="NN">word</wf>
<wf cmd="ignore" pos="PRP">I</wf>
<wf cmd="done" pos="VBP" ot="notag">'m</wf>
<wf cmd="tag" pos="RB">not</wf>
<wf cmd="done" pos="VB" lemma="try" wnsn="1" lexsn="2:41:00::">trying</wf>
<wf cmd="ignore" pos="TO">to</wf>
<wf cmd="done" pos="VB" lemma="pull" wnsn="5" lexsn="2:41:00::">pull</wf>
<wf cmd="ignore" pos="DT">some</wf>
<wf cmd="tag" pos="JJ">stupid</wf>
<wf cmd="tag" pos="RB">kind_of</wf>
<wf cmd="tag" pos="NN">joke</wf>
<punc>,</punc>
<wf cmd="ignore" pos="CC">or</wf>
<wf cmd="ignore" pos="TO">to</wf>
<wf cmd="tag" pos="RB">deliberately</wf>
<wf cmd="done" pos="VB" lemma="foul_up" wnsn="1" lexsn="2:41:00::">foul_up</wf>
<wf cmd="ignore" pos="DT">the</wf>
<wf cmd="tag" pos="NN">expedition</wf>
<punc>.</punc>
</s>
<s snum="186">
<wf cmd="done" pos="VB" lemma="take" wnsn="23" lexsn="2:40:07::">Take</wf>
<wf cmd="ignore" pos="PRP$">my</wf>
<wf cmd="tag" pos="NN">word</wf>
<punc>,</punc>
<wf cmd="ignore" pos="MD">can</wf>
<wf cmd="tag" pos="RB">n't</wf>
<wf cmd="ignore" pos="PRP">you</wf>
<punc>''</punc>
<punc>?</punc>
</s>
</p>
<p pnum="78">
<s snum="187">
<wf cmd="tag" pos="NNP">Ryan</wf>
<wf cmd="done" pos="VB" lemma="shake" wnsn="1" lexsn="2:38:00::">shook</wf>
<wf cmd="ignore" pos="PRP$">his</wf>
<wf cmd="tag" pos="NN">head</wf>
<punc>.</punc>
</s>
<s snum="188">
<punc>``</punc>
<wf cmd="ignore" pos="PRP">I</wf>
<wf cmd="done" pos="VBP" ot="notag">do</wf>
<wf cmd="tag" pos="RB">n't</wf>
<wf cmd="done" pos="VB" lemma="think" wnsn="2" lexsn="2:31:03::">think</wf>
<wf cmd="ignore" pos="PRP">I</wf>
<wf cmd="ignore" pos="MD">can</wf>
<punc>.</punc>
</s>
<s snum="189">
<wf cmd="ignore" pos="EX">There</wf>
<wf cmd="done" pos="VBZ" ot="notag">'s</wf>
<wf cmd="tag" pos="RB">still</wf>
<wf cmd="tag" pos="JJ">such</wf>
<wf cmd="ignore" pos="DT">a</wf>
<wf cmd="tag" pos="NN">thing</wf>
<wf cmd="ignore" pos="IN">as</wf>
<wf cmd="tag" pos="NN">mental_illness</wf>
<punc>.</punc>
</s>
<s snum="190">
<wf cmd="ignore" pos="PRP">You</wf>
<wf cmd="done" pos="VB" ot="notag">may_not</wf>
<wf cmd="done" pos="VB" lemma="be" wnsn="1" lexsn="2:42:03::">be</wf>
<wf cmd="tag" pos="JJ">responsible</wf>
<punc>''</punc>
<punc>.</punc>
</s>
</p>
<p pnum="79">
<s snum="191">
<wf cmd="tag" pos="NNP">Ekstrohm</wf>
<wf cmd="done" pos="VB" lemma="scowl" wnsn="1" lexsn="2:29:00::">scowled</wf>
<punc>.</punc>
</s>
</p>
<p pnum="80">
<s snum="192">
<punc>``</punc>
<wf cmd="done" pos="VBP" ot="notag">Do</wf>
<wf cmd="tag" pos="RB">n't</wf>
<wf cmd="done" pos="VB" lemma="try" wnsn="1" lexsn="2:41:00::">try</wf>
<wf cmd="tag" pos="NN">anything</wf>
<wf cmd="tag" pos="JJ">violent</wf>
<punc>,</punc>
<wf cmd="tag" pos="NNP">Stormy</wf>
<punc>.</punc>
</s>
<s snum="193">
<wf cmd="ignore" pos="PRP">I</wf>
<wf cmd="done" pos="VB" lemma="outweigh" wnsn="1" lexsn="2:33:00::">outweigh</wf>
<wf cmd="ignore" pos="PRP">you</wf>
<wf cmd="tag" pos="CD">fifty</wf>
<wf cmd="tag" pos="NNS">pounds</wf>
<wf cmd="ignore" pos="CC">and</wf>
<wf cmd="ignore" pos="PRP">I</wf>
<wf cmd="done" rdf="am" pos="VB" lemma="be" wnsn="1" lexsn="2:42:03::">'m</wf>
<wf cmd="tag" pos="RB">fast</wf>
<wf cmd="ignore" pos="IN">for</wf>
<wf cmd="ignore" pos="DT">a</wf>
<wf cmd="tag" pos="JJ">big</wf>
<wf cmd="tag" pos="NN">man</wf>
<punc>''</punc>
<punc>.</punc>
</s>
</p>
<p pnum="81">
<s snum="194">
<punc>``</punc>
<wf cmd="ignore" pos="PRP">I</wf>
<wf cmd="done" pos="VBD" ot="notag">was</wf>
<wf cmd="tag" pos="RB">n't</wf>
<wf cmd="done" pos="VB" lemma="plan" wnsn="1" lexsn="2:31:01::">planning</wf>
<wf cmd="ignore" pos="IN">on</wf>
<wf cmd="done" pos="VB" lemma="jump" wnsn="3" lexsn="2:33:00::">jumping</wf>
<wf cmd="ignore" pos="PRP">you</wf>
<punc>.</punc>
</s>
<s snum="195">
<wf cmd="ignore" pos="WRB">Why</wf>
<wf cmd="done" pos="VBP" ot="notag">do</wf>
<wf cmd="ignore" pos="PRP">you</wf>
<wf cmd="done" pos="VB" ot="notag">have_to</wf>
<wf cmd="done" pos="VB" lemma="jump" wnsn="3" lexsn="2:33:00::">jump</wf>
<wf cmd="ignore" pos="PRP">me</wf>
<wf cmd="ignore" pos="DT">the</wf>
<wf cmd="tag" pos="JJ">first</wf>
<wf cmd="tag" pos="NN">time</wf>
<wf cmd="tag" pos="NN">something</wf>
<wf cmd="done" pos="VB" lemma="go_wrong" wnsn="1" lexsn="2:41:00::">goes_wrong</wf>
<punc>?</punc>
</s>
</p>
</context>
</contextfile>
