<contextfile concordance="brown">
<context filename="br-n07" paras="yes">
<p pnum="1">
<s snum="1">
<wf cmd="tag" pos="DT">The</wf>
<wf cmd="tag" pos="JJ">flat</wf>
<punc>,</punc>
<wf cmd="tag" pos="JJ">hard</wf>
<wf cmd="tag" pos="NN">cap</wf>
<wf cmd="done" pos="VB" lemma="be" wnsn="1" lexsn="2:42:03::">was</wf>
<wf cmd="tag" pos="JJ">small</wf>
<punc>,</punc>
<wf cmd="ignore" pos="CC">but</wf>
<wf cmd="ignore" pos="PRP">he</wf>
<wf cmd="done" pos="VB" lemma="thrust" wnsn="1" lexsn="2:38:00::">thrust</wf>
<wf cmd="ignore" pos="PRP">it</wf>
<wf cmd="tag" pos="RB">to_the_back</wf>
<wf cmd="ignore" pos="IN">of</wf>
<wf cmd="ignore" pos="PRP$">his</wf>
<wf cmd="tag" pos="NN">head</wf>
<punc>.</punc>
</s>
</p>
<p pnum="2">
<s snum="2">
<punc>``</punc>
<wf cmd="done" pos="VB" lemma="tie" wnsn="1" lexsn="2:35:00::">Tie</wf>
<wf cmd="ignore" pos="PRP">him</wf>
<wf cmd="ignore" pos="IN">up</wf>
<punc>''</punc>
<punc>.</punc>
</s>
</p>
<p pnum="3">
<s snum="3">
<punc>``</punc>
<wf cmd="ignore" pos="UH">Hell</wf>
<wf cmd="tag" pos="RB">with_it</wf>
<punc>''</punc>
<punc>.</punc>
</s>
</p>
<p pnum="4">
<s snum="4">
<wf cmd="ignore" pos="IN">Before</wf>
<wf cmd="ignore" pos="PRP">they</wf>
<wf cmd="ignore" pos="MD">could</wf>
<wf cmd="done" pos="VB" lemma="guess" wnsn="3" lexsn="2:31:01::">guess</wf>
<wf cmd="ignore" pos="PRP$">his</wf>
<wf cmd="tag" pos="NN">intention</wf>
<wf cmd="tag" pos="NNP">Rankin</wf>
<wf cmd="done" pos="VB" lemma="step" wnsn="1" lexsn="2:38:00::">stepped</wf>
<wf cmd="tag" pos="RB">forward</wf>
<wf cmd="ignore" pos="CC">and</wf>
<wf cmd="done" pos="VB" lemma="swing" wnsn="1" lexsn="2:38:02::">swung</wf>
<wf cmd="ignore" pos="DT">the</wf>
<wf cmd="tag" pos="NN">guard</wf>
<wf cmd="ignore" pos="POS">'s</wf>
<wf cmd="tag" pos="JJ">own</wf>
<wf cmd="tag" pos="NN">gun</wf>
<wf cmd="ignore" pos="IN">against</wf>
<wf cmd="ignore" pos="DT">the</wf>
<wf cmd="tag" pos="JJ">uncovered</wf>
<wf cmd="tag" pos="NN">head</wf>
<punc>,</punc>
<wf cmd="tag" pos="JJ">hard</wf>
<punc>.</punc>
</s>
<s snum="5">
<wf cmd="ignore" pos="DT">The</wf>
<wf cmd="tag" pos="NN">man</wf>
<wf cmd="done" pos="VB" lemma="go_over" wnsn="4" lexsn="2:29:00::">went_over</wf>
<wf cmd="ignore" pos="IN">without</wf>
<wf cmd="tag" pos="NN">sound</wf>
<punc>,</punc>
<wf cmd="done" pos="VB" lemma="fall" wnsn="1" lexsn="2:38:03::">falling</wf>
<wf cmd="done" pos="VB" ot="notag">to</wf>
<wf cmd="ignore" pos="DT">the</wf>
<wf cmd="tag" pos="JJ">bare</wf>
<wf cmd="tag" pos="NN">floor</wf>
<punc>.</punc>
</s>
</p>
<p pnum="5">
<s snum="6">
<wf cmd="tag" pos="NNP">Barton</wf>
<wf cmd="done" pos="VB" lemma="say" wnsn="1" lexsn="2:32:00::">said</wf>
<wf cmd="tag" pos="RB">harshly</wf>
<punc>,</punc>
<punc>``</punc>
<wf cmd="ignore" pos="WRB">Why</wf>
<wf cmd="done" pos="VBD" ot="notag">did</wf>
<wf cmd="ignore" pos="PRP">you</wf>
<wf cmd="done" pos="VB" lemma="do" wnsn="1" lexsn="2:41:01::">do</wf>
<wf cmd="ignore" pos="IN">that</wf>
<punc>''</punc>
<punc>?</punc>
</s>
</p>
<p pnum="6">
<s snum="7">
<wf cmd="tag" pos="NNP">Rankin</wf>
<wf cmd="done" pos="VB" lemma="sneer" wnsn="2" lexsn="2:29:00::">sneered</wf>
<wf cmd="ignore" pos="IN">at</wf>
<wf cmd="ignore" pos="PRP">him</wf>
<punc>.</punc>
</s>
<s snum="8">
<punc>``</punc>
<wf cmd="ignore" pos="WP">What</wf>
<wf cmd="done" pos="VBD" ot="notag">did</wf>
<wf cmd="ignore" pos="PRP">you</wf>
<wf cmd="done" pos="VB" lemma="want" wnsn="1" lexsn="2:37:00::">want</wf>
<wf cmd="ignore" pos="PRP">me</wf>
<wf cmd="ignore" pos="TO">to</wf>
<wf cmd="done" pos="VB" lemma="do" wnsn="1" lexsn="2:41:01::">do</wf>
<punc>,</punc>
<wf cmd="done" pos="VB" lemma="kiss" wnsn="1" lexsn="2:35:00::">kiss</wf>
<wf cmd="ignore" pos="PRP">him</wf>
<punc>?</punc>
</s>
<s snum="9">
<wf cmd="ignore" pos="PRP">He</wf>
<wf cmd="done" pos="VB" lemma="dump" wnsn="2" lexsn="2:40:02::">dumped</wf>
<wf cmd="ignore" pos="PRP">me</wf>
<wf cmd="ignore" pos="IN">in</wf>
<wf cmd="tag" pos="NN">solitary</wf>
<wf cmd="tag" pos="RB">twice</wf>
<punc>''</punc>
<punc>.</punc>
</s>
</p>
<p pnum="7">
<s snum="10">
<wf cmd="tag" pos="NNP">Barton</wf>
<wf cmd="done" pos="VB" lemma="catch" wnsn="4" lexsn="2:35:00::">caught</wf>
<wf cmd="ignore" pos="DT">the</wf>
<wf cmd="tag" pos="JJR">lighter</wf>
<wf cmd="tag" pos="NN">man</wf>
<wf cmd="ignore" pos="POS">'s</wf>
<wf cmd="tag" pos="NN">shoulder</wf>
<wf cmd="ignore" pos="CC">and</wf>
<wf cmd="done" pos="VB" lemma="swing" wnsn="1" lexsn="2:38:02::">swung</wf>
<wf cmd="ignore" pos="PRP">him</wf>
<wf cmd="done" pos="RB" ot="notag">around</wf>
<punc>.</punc>
</s>
</p>
<p pnum="8">
<s snum="11">
<punc>``</punc>
<wf cmd="done" pos="VB" lemma="let" wnsn="1" lexsn="2:41:00::">Let</wf>
<wf cmd="ignore" pos="POS">'s</wf>
<wf cmd="done" pos="VB" lemma="get" wnsn="3" lexsn="2:30:02::">get</wf>
<wf cmd="tag" pos="CD">one</wf>
<wf cmd="tag" pos="NN">thing</wf>
<wf cmd="tag" pos="JJ">straight</wf>
<punc>,</punc>
<wf cmd="ignore" pos="PRP">you</wf>
<wf cmd="ignore" pos="CC">and</wf>
<wf cmd="ignore" pos="PRP">me</wf>
<punc>.</punc>
</s>
<s snum="12">
<wf cmd="ignore" pos="DT">The</wf>
<wf cmd="tag" pos="JJ">only</wf>
<wf cmd="tag" pos="NN">reason</wf>
<wf cmd="ignore" pos="PRP">we</wf>
<wf cmd="done" pos="VB" lemma="bring" wnsn="1" lexsn="2:38:00::">brought</wf>
<wf cmd="ignore" pos="PRP">you</wf>
<wf cmd="done" pos="VB" lemma="be" wnsn="2" lexsn="2:42:06::">was</wf>
<wf cmd="ignore" pos="TO">to</wf>
<wf cmd="done" pos="VB" lemma="get" wnsn="3" lexsn="2:30:02::">get</wf>
<wf cmd="tag" pos="NNP">Miller</wf>
<wf cmd="tag" pos="RB">out</wf>
<punc>.</punc>
</s>
<s snum="13">
<wf cmd="ignore" pos="IN">If</wf>
<wf cmd="ignore" pos="PRP">you</wf>
<wf cmd="tag" pos="RB">ever</wf>
<wf cmd="done" pos="VB" lemma="try" wnsn="1" lexsn="2:41:00::">try</wf>
<wf cmd="tag" pos="NN">anything</wf>
<wf cmd="ignore" pos="IN">without</wf>
<wf cmd="ignore" pos="PRP$">my</wf>
<wf cmd="tag" pos="NNS">orders</wf>
<wf cmd="ignore" pos="PRP">I</wf>
<wf cmd="ignore" pos="MD">'ll</wf>
<wf cmd="done" pos="VB" lemma="kill" wnsn="1" lexsn="2:35:00::">kill</wf>
<wf cmd="ignore" pos="PRP">you</wf>
<punc>''</punc>
<punc>.</punc>
</s>
</p>
<p pnum="9">
<s snum="14">
<wf cmd="tag" pos="NNP">Fred_Rankin</wf>
<wf cmd="done" pos="VB" lemma="look" wnsn="1" lexsn="2:39:00::">looked</wf>
<wf cmd="done" pos="VB" ot="notag">at</wf>
<wf cmd="ignore" pos="PRP">him</wf>
<punc>.</punc>
</s>
<s snum="15">
<wf cmd="ignore" pos="PRP">It</wf>
<wf cmd="done" pos="VB" lemma="seem" wnsn="1" lexsn="2:39:00::">seemed</wf>
<wf cmd="ignore" pos="TO">to</wf>
<wf cmd="tag" pos="NNP">Barton</wf>
<wf cmd="ignore" pos="IN">that</wf>
<wf cmd="ignore" pos="DT">the</wf>
<wf cmd="tag" pos="JJ">green</wf>
<wf cmd="tag" pos="NNS">eyes</wf>
<wf cmd="done" pos="VB" lemma="mock" wnsn="1" lexsn="2:32:00::">mocked</wf>
<wf cmd="ignore" pos="PRP">him</wf>
<punc>,</punc>
<wf cmd="ignore" pos="DT">the</wf>
<wf cmd="tag" pos="JJ">thin-lipped</wf>
<wf cmd="tag" pos="NN">smile</wf>
<wf cmd="done" pos="VB" lemma="hold" wnsn="6" lexsn="2:37:00::">held</wf>
<wf cmd="tag" pos="NN">insolence</wf>
<punc>,</punc>
<wf cmd="ignore" pos="CC">but</wf>
<wf cmd="ignore" pos="PRP">he</wf>
<wf cmd="done" pos="VB" lemma="have" wnsn="9" lexsn="2:40:01::">had</wf>
<wf cmd="ignore" pos="DT">no</wf>
<wf cmd="tag" pos="NN">time</wf>
<wf cmd="ignore" pos="TO">to</wf>
<wf cmd="done" pos="VB" lemma="waste" wnsn="1" lexsn="2:40:00::">waste</wf>
<wf cmd="tag" pos="RB">now</wf>
<punc>.</punc>
</s>
</p>
<p pnum="10">
<s snum="16">
<punc>``</punc>
<wf cmd="done" pos="VB" ot="notag">Come_on</wf>
<punc>.</punc>
</s>
<s snum="17">
<wf cmd="done" pos="VB" lemma="let" wnsn="1" lexsn="2:41:00::">Let</wf>
<wf cmd="ignore" pos="POS">'s</wf>
<wf cmd="done" pos="VB" lemma="move" wnsn="1" lexsn="2:38:03::">move</wf>
<punc>''</punc>
<punc>.</punc>
</s>
</p>
<p pnum="11">
<s snum="18">
<wf cmd="ignore" pos="PRP">They</wf>
<wf cmd="done" pos="VB" lemma="file_out" wnsn="1" lexsn="2:38:00::">filed_out</wf>
<wf cmd="ignore" pos="IN">through</wf>
<wf cmd="ignore" pos="DT">the</wf>
<wf cmd="tag" pos="NN">guard-room</wf>
<wf cmd="tag" pos="NN">door</wf>
<punc>,</punc>
<wf cmd="ignore" pos="IN">into</wf>
<wf cmd="ignore" pos="DT">the</wf>
<wf cmd="tag" pos="JJ">paved</wf>
<wf cmd="tag" pos="NN">square</wf>
<punc>.</punc>
</s>
<s snum="19">
<wf cmd="ignore" pos="EX">There</wf>
<wf cmd="done" pos="VB" ot="notag">were</wf>
<wf cmd="tag" pos="CD">three</wf>
<wf cmd="tag" pos="JJ">other</wf>
<wf cmd="tag" pos="NNS">men</wf>
<wf cmd="ignore" pos="IN">within</wf>
<wf cmd="ignore" pos="DT">this</wf>
<wf cmd="tag" pos="NN">prison</wf>
<wf cmd="ignore" pos="WP">whom</wf>
<wf cmd="tag" pos="NNP">Barton</wf>
<wf cmd="ignore" pos="MD">would</wf>
<wf cmd="done" pos="VB" ot="notag">have</wf>
<wf cmd="done" pos="VB" lemma="like" wnsn="1" lexsn="2:37:01::">liked</wf>
<wf cmd="ignore" pos="TO">to</wf>
<wf cmd="done" pos="VB" lemma="liberate" wnsn="2" lexsn="2:41:02::">liberate</wf>
<punc>,</punc>
<wf cmd="ignore" pos="CC">but</wf>
<wf cmd="ignore" pos="PRP">they</wf>
<wf cmd="done" pos="VB" lemma="be" wnsn="3" lexsn="2:42:05::">were</wf>
<wf cmd="ignore" pos="IN">in</wf>
<wf cmd="tag" pos="JJ">other</wf>
<wf cmd="tag" pos="NN">cell</wf>
<wf cmd="tag" pos="NNS">blocks</wf>
<punc>.</punc>
</s>
<s snum="20">
<wf cmd="ignore" pos="EX">There</wf>
<wf cmd="done" pos="VB" ot="notag">was</wf>
<wf cmd="ignore" pos="DT">no</wf>
<wf cmd="tag" pos="NN">chance</wf>
<punc>.</punc>
</s>
<s snum="21">
<wf cmd="ignore" pos="PRP">They</wf>
<wf cmd="done" pos="VB" lemma="move" wnsn="1" lexsn="2:38:03::">moved</wf>
<wf cmd="tag" pos="RB">slowly</wf>
<punc>,</punc>
<wf cmd="ignore" pos="IN">toward</wf>
<wf cmd="ignore" pos="DT">the</wf>
<wf cmd="tag" pos="JJ">main</wf>
<wf cmd="tag" pos="NN">gate</wf>
<punc>,</punc>
<wf cmd="done" pos="VB" lemma="follow" wnsn="4" lexsn="2:38:01::">following</wf>
<wf cmd="ignore" pos="DT">the</wf>
<wf cmd="tag" pos="NN">wall</wf>
<punc>.</punc>
</s>
<s snum="22">
<wf cmd="ignore" pos="EX">There</wf>
<wf cmd="done" pos="VB" ot="notag">was</wf>
<wf cmd="ignore" pos="DT">no</wf>
<wf cmd="tag" pos="NN">moon</wf>
<punc>.</punc>
</s>
<s snum="23">
<wf cmd="ignore" pos="PRP">They</wf>
<wf cmd="done" pos="VBD" ot="notag">had</wf>
<wf cmd="done" pos="VB" lemma="choose" wnsn="1" lexsn="2:31:00::">chosen</wf>
<wf cmd="tag" pos="RB">this_night</wf>
<wf cmd="tag" pos="RB">purposely</wf>
<punc>.</punc>
</s>
<s snum="24">
<wf cmd="ignore" pos="PRP">They</wf>
<wf cmd="done" pos="VB" lemma="reach" wnsn="1" lexsn="2:38:01::">reached</wf>
<wf cmd="ignore" pos="DT">the</wf>
<wf cmd="tag" pos="NN">guard</wf>
<wf cmd="tag" pos="NN">house</wf>
<wf cmd="ignore" pos="IN">without</wf>
<wf cmd="done" pos="VB" lemma="alert" wnsn="1" lexsn="2:32:00::">alerting</wf>
<wf cmd="ignore" pos="DT">the</wf>
<wf cmd="tag" pos="NNS">men</wf>
<wf cmd="ignore" pos="IN">on</wf>
<wf cmd="ignore" pos="DT">the</wf>
<wf cmd="tag" pos="NNS">walls</wf>
<wf cmd="tag" pos="RB">above</wf>
<punc>,</punc>
<wf cmd="ignore" pos="CC">and</wf>
<wf cmd="tag" pos="NNP">Powers</wf>
<wf cmd="done" pos="VB" lemma="slip" wnsn="1" lexsn="2:38:01::">slipped</wf>
<wf cmd="ignore" pos="IN">through</wf>
<wf cmd="ignore" pos="DT">the</wf>
<wf cmd="tag" pos="NN">door</wf>
<punc>.</punc>
</s>
</p>
<p pnum="12">
<s snum="25">
<wf cmd="tag" pos="CD">Two</wf>
<wf cmd="tag" pos="NNS">men</wf>
<wf cmd="done" pos="VB" lemma="be" wnsn="1" lexsn="2:42:03::">were</wf>
<wf cmd="tag" pos="JJ">on_duty</wf>
<wf cmd="tag" pos="RB">inside</wf>
<punc>,</punc>
<wf cmd="done" pos="VB" lemma="play" wnsn="1" lexsn="2:33:00::">playing</wf>
<wf cmd="tag" pos="NN">pinochle</wf>
<punc>,</punc>
<wf cmd="tag" pos="JJ">relaxed</wf>
<punc>.</punc>
</s>
<s snum="26">
<wf cmd="ignore" pos="PRP">They</wf>
<wf cmd="done" pos="VB" lemma="look" wnsn="1" lexsn="2:39:00::">looked</wf>
<wf cmd="tag" pos="RB">up</wf>
<wf cmd="tag" pos="RB">in</wf>
<wf cmd="tag" pos="NN">surprise</wf>
<wf cmd="ignore" pos="IN">as</wf>
<wf cmd="tag" pos="NNP">Powers</wf>
<wf cmd="done" pos="VB" lemma="come_in" wnsn="1" lexsn="2:38:02::">came_in</wf>
<punc>.</punc>
</s>
</p>
<p pnum="13">
<s snum="27">
<punc>``</punc>
<wf cmd="ignore" pos="WP">What</wf>
<wf cmd="done" pos="VBP" ot="notag">are</wf>
<wf cmd="ignore" pos="PRP">you</wf>
<wf cmd="done" pos="VB" lemma="do" wnsn="1" lexsn="2:41:01::">doing</wf>
<wf cmd="ignore" pos="IN">out</wf>
<wf cmd="ignore" pos="IN">of</wf>
<wf cmd="ignore" pos="DT">the</wf>
<wf cmd="tag" pos="NN">block</wf>
<punc>''</punc>
<punc>?</punc>
</s>
</p>
<p pnum="14">
<s snum="28">
<punc>``</punc>
<wf cmd="ignore" pos="PRP">It</wf>
<wf cmd="done" pos="VB" ot="notag">'s</wf>
<wf cmd="tag" pos="NNP">Curtiss</wf>
<punc>''</punc>
<punc>,</punc>
<wf cmd="ignore" pos="PRP">he</wf>
<wf cmd="done" pos="VB" lemma="say" wnsn="1" lexsn="2:32:00::">said</wf>
<punc>,</punc>
<wf cmd="done" pos="VB" lemma="name" wnsn="2" lexsn="2:32:02::">naming</wf>
<wf cmd="ignore" pos="DT">the</wf>
<wf cmd="tag" pos="NN">man</wf>
<wf cmd="tag" pos="NNP">Rankin</wf>
<wf cmd="done" pos="VBD" ot="notag">had</wf>
<wf cmd="done" pos="VB" lemma="hit" wnsn="3" lexsn="2:35:00::">hit</wf>
<punc>.</punc>
</s>
<s snum="29">
<punc>``</punc>
<wf cmd="ignore" pos="PRP">I</wf>
<wf cmd="done" pos="VBP" ot="notag">'ve</wf>
<wf cmd="done" pos="VB" ot="notag">got_to</wf>
<wf cmd="done" pos="VB" lemma="have" wnsn="1" lexsn="2:40:00::">have</wf>
<wf cmd="tag" pos="NN">help</wf>
<punc>''</punc>
<punc>.</punc>
</s>
</p>
<p pnum="15">
<s snum="30">
<wf cmd="ignore" pos="PRP">They</wf>
<wf cmd="done" pos="VB" lemma="stare" wnsn="1" lexsn="2:39:00::">stared</wf>
<wf cmd="ignore" pos="IN">at</wf>
<wf cmd="ignore" pos="PRP">him</wf>
<punc>.</punc>
</s>
<s snum="31">
<wf cmd="ignore" pos="DT">The</wf>
<wf cmd="tag" pos="NN">sergeant</wf>
<wf cmd="ignore" pos="IN">in</wf>
<wf cmd="tag" pos="NN">charge</wf>
<wf cmd="done" pos="VB" lemma="climb" wnsn="1" lexsn="2:38:00::">climbed</wf>
<wf cmd="ignore" pos="TO">to</wf>
<wf cmd="ignore" pos="PRP$">his</wf>
<wf cmd="tag" pos="NNS">feet</wf>
<punc>.</punc>
</s>
</p>
<p pnum="16">
<s snum="32">
<punc>``</punc>
<wf cmd="ignore" pos="WP">What</wf>
<wf cmd="ignore" pos="POS">'s</wf>
<wf cmd="tag" pos="JJ">wrong</wf>
<wf cmd="ignore" pos="IN">with</wf>
<wf cmd="ignore" pos="PRP">him</wf>
<punc>''</punc>
<punc>?</punc>
</s>
</p>
<p pnum="17">
<s snum="33">
<punc>``</punc>
<wf cmd="ignore" pos="PRP">He</wf>
<wf cmd="done" pos="VBZ" ot="notag">'s</wf>
<wf cmd="done" pos="VB" lemma="have" wnsn="3" lexsn="2:39:06::">having</wf>
<wf cmd="ignore" pos="DT">some</wf>
<wf cmd="tag" pos="RB">kind_of</wf>
<wf cmd="ignore" pos="DT">a</wf>
<wf cmd="tag" pos="NN">fit</wf>
<punc>''</punc>
<punc>.</punc>
</s>
</p>
<p pnum="18">
<s snum="34">
<wf cmd="ignore" pos="DT">The</wf>
<wf cmd="tag" pos="NN">sergeant</wf>
<wf cmd="done" pos="VB" lemma="turn" wnsn="1" lexsn="2:38:00::">turned</wf>
<wf cmd="done" pos="VB" ot="notag">to</wf>
<wf cmd="ignore" pos="DT">the</wf>
<wf cmd="tag" pos="NN">door</wf>
<punc>.</punc>
</s>
<s snum="35">
<wf cmd="ignore" pos="IN">As</wf>
<wf cmd="ignore" pos="PRP">he</wf>
<wf cmd="done" pos="VB" lemma="pass_through" wnsn="1" lexsn="2:38:00::">passed_through</wf>
<wf cmd="ignore" pos="PRP">it</wf>
<wf cmd="tag" pos="NNP">Barton</wf>
<wf cmd="done" pos="VB" lemma="shove" wnsn="1" lexsn="2:38:00::">shoved</wf>
<wf cmd="ignore" pos="PRP$">his</wf>
<wf cmd="tag" pos="NN">gun</wf>
<wf cmd="ignore" pos="IN">against</wf>
<wf cmd="ignore" pos="DT">the</wf>
<wf cmd="tag" pos="NN">man</wf>
<wf cmd="ignore" pos="POS">'s</wf>
<wf cmd="tag" pos="NN">side</wf>
<punc>.</punc>
</s>
</p>
<p pnum="19">
<s snum="36">
<punc>``</punc>
<wf cmd="tag" pos="CD">One</wf>
<wf cmd="tag" pos="NN">sound</wf>
<wf cmd="ignore" pos="CC">and</wf>
<wf cmd="ignore" pos="PRP">you</wf>
<wf cmd="done" rdf="are" pos="VB" lemma="be" wnsn="1" lexsn="2:42:03::">'re</wf>
<wf cmd="tag" pos="JJ">dead</wf>
<punc>''</punc>
<punc>.</punc>
</s>
</p>
<p pnum="20">
<s snum="37">
<wf cmd="ignore" pos="DT">The</wf>
<wf cmd="tag" pos="NN">sergeant</wf>
<wf cmd="done" pos="VB" lemma="freeze" wnsn="1" lexsn="2:38:00::">froze</wf>
<punc>.</punc>
</s>
<s snum="38">
<wf cmd="tag" pos="NNP">Powers</wf>
<wf cmd="done" pos="VBD" ot="notag">had</wf>
<wf cmd="tag" pos="RB">not</wf>
<wf cmd="done" pos="VB" lemma="follow" wnsn="1" lexsn="2:38:00::">followed</wf>
<punc>.</punc>
</s>
<s snum="39">
<wf cmd="tag" pos="NNP">Powers</wf>
<wf cmd="done" pos="VBD" ot="notag">was</wf>
<wf cmd="done" pos="VB" lemma="cover" wnsn="9" lexsn="2:33:01::">covering</wf>
<wf cmd="ignore" pos="DT">the</wf>
<wf cmd="tag" pos="JJ">remaining</wf>
<wf cmd="tag" pos="NN">guard</wf>
<punc>.</punc>
</s>
<s snum="40">
<wf cmd="ignore" pos="DT">The</wf>
<wf cmd="tag" pos="NN">man</wf>
<wf cmd="tag" pos="RB">half</wf>
<wf cmd="done" pos="VB" lemma="reach" wnsn="3" lexsn="2:35:00::">reached</wf>
<wf cmd="ignore" pos="IN">for</wf>
<wf cmd="ignore" pos="DT">the</wf>
<wf cmd="tag" pos="NN">cord</wf>
<wf cmd="ignore" pos="IN">of</wf>
<wf cmd="ignore" pos="DT">the</wf>
<wf cmd="tag" pos="NN">alarm_bell</wf>
<punc>.</punc>
</s>
<s snum="41">
<wf cmd="tag" pos="NNP">Powers</wf>
<wf cmd="done" pos="VB" lemma="knock" wnsn="1" lexsn="2:35:04::">knocked</wf>
<wf cmd="ignore" pos="PRP$">his</wf>
<wf cmd="tag" pos="NN">arm</wf>
<wf cmd="tag" pos="RB">aside</wf>
<punc>.</punc>
</s>
<s snum="42">
<wf cmd="tag" pos="RB">Deliberately</wf>
<punc>,</punc>
<wf cmd="ignore" pos="IN">with</wf>
<wf cmd="tag" pos="NN">none</wf>
<wf cmd="ignore" pos="IN">of</wf>
<wf cmd="tag" pos="NNP">Rankin</wf>
<wf cmd="ignore" pos="POS">'s</wf>
<wf cmd="tag" pos="NN">viciousness</wf>
<punc>,</punc>
<wf cmd="ignore" pos="PRP">he</wf>
<wf cmd="done" pos="VB" lemma="lay" wnsn="1" lexsn="2:35:01::">laid</wf>
<wf cmd="ignore" pos="DT">the</wf>
<wf cmd="tag" pos="NN">barrel</wf>
<wf cmd="ignore" pos="IN">of</wf>
<wf cmd="ignore" pos="PRP$">his</wf>
<wf cmd="tag" pos="NN">gun</wf>
<wf cmd="ignore" pos="IN">alongside</wf>
<wf cmd="ignore" pos="DT">the</wf>
<wf cmd="tag" pos="NN">guard</wf>
<wf cmd="ignore" pos="POS">'s</wf>
<wf cmd="tag" pos="NN">head</wf>
<punc>.</punc>
</s>
</p>
<p pnum="21">
<s snum="43">
<wf cmd="ignore" pos="PRP">They</wf>
<wf cmd="done" pos="VB" lemma="be" wnsn="1" lexsn="2:42:03::">were</wf>
<wf cmd="tag" pos="JJ">free</wf>
<punc>.</punc>
</s>
<s snum="44">
<wf cmd="tag" pos="RB">Even</wf>
<wf cmd="tag" pos="NNP">Barton</wf>
<wf cmd="ignore" pos="MD">could</wf>
<wf cmd="tag" pos="RB">not_quite</wf>
<wf cmd="done" pos="VB" lemma="believe" wnsn="1" lexsn="2:31:00::">believe</wf>
<wf cmd="ignore" pos="PRP">it</wf>
<punc>.</punc>
</s>
<s snum="45">
<wf cmd="ignore" pos="PRP">It</wf>
<wf cmd="done" pos="VBD" ot="notag">had</wf>
<wf cmd="done" pos="VB" lemma="go" wnsn="2" lexsn="2:41:00::">gone</wf>
<wf cmd="done" pos="VB" ot="notag">without</wf>
<wf cmd="ignore" pos="DT">a</wf>
<wf cmd="tag" pos="NN">hitch</wf>
<punc>.</punc>
</s>
<s snum="46">
<wf cmd="ignore" pos="PRP">They</wf>
<wf cmd="done" pos="VB" lemma="slide" wnsn="1" lexsn="2:38:01::">slid</wf>
<wf cmd="ignore" pos="IN">through</wf>
<wf cmd="ignore" pos="DT">the</wf>
<wf cmd="tag" pos="NN">wicket</wf>
<wf cmd="ignore" pos="IN">in</wf>
<wf cmd="ignore" pos="DT">the</wf>
<wf cmd="tag" pos="JJ">big</wf>
<wf cmd="tag" pos="NN">gate</wf>
<punc>,</punc>
<wf cmd="done" pos="VB" lemma="ghost" wnsn="1" lexsn="2:38:00::">ghosted</wf>
<wf cmd="ignore" pos="IN">across</wf>
<wf cmd="ignore" pos="DT">the</wf>
<wf cmd="tag" pos="JJ">dark</wf>
<wf cmd="tag" pos="NN">ground</wf>
<punc>.</punc>
</s>
<s snum="47">
<wf cmd="tag" pos="CD">Five</wf>
<wf cmd="tag" pos="NNS">minutes</wf>
<wf cmd="tag" pos="RB">later</wf>
<wf cmd="ignore" pos="PRP">they</wf>
<wf cmd="done" pos="VB" lemma="reach" wnsn="1" lexsn="2:38:01::">reached</wf>
<wf cmd="ignore" pos="DT">the</wf>
<wf cmd="tag" pos="NNS">horses</wf>
<punc>.</punc>
</s>
<s snum="48">
<wf cmd="tag" pos="NNP">Barton</wf>
<wf cmd="done" pos="VB" lemma="be" wnsn="1" lexsn="2:42:03::">was</wf>
<wf cmd="tag" pos="JJ">relieved</wf>
<wf cmd="ignore" pos="TO">to</wf>
<wf cmd="done" pos="VB" lemma="see" wnsn="3" lexsn="2:39:02::">see</wf>
<wf cmd="ignore" pos="IN">that</wf>
<wf cmd="tag" pos="NNP">Carl_Dill</wf>
<wf cmd="ignore" pos="CC">and</wf>
<wf cmd="tag" pos="NNP">Emmett_Foster</wf>
<wf cmd="done" pos="VBD" ot="notag">had</wf>
<wf cmd="done" pos="VB" lemma="bring" wnsn="4" lexsn="2:35:00::">brought</wf>
<wf cmd="tag" pos="JJ">extra</wf>
<wf cmd="tag" pos="NNS">mounts</wf>
<punc>.</punc>
</s>
<s snum="49">
<wf cmd="ignore" pos="PRP">He</wf>
<wf cmd="done" pos="VBD" ot="notag">had</wf>
<wf cmd="done" pos="VB" lemma="be" wnsn="1" lexsn="2:42:03::">been</wf>
<wf cmd="tag" pos="JJ">worried</wf>
<wf cmd="ignore" pos="IN">that</wf>
<wf cmd="ignore" pos="IN">with</wf>
<wf cmd="tag" pos="NNP">Miller</wf>
<wf cmd="ignore" pos="CC">and</wf>
<wf cmd="tag" pos="NNP">Rankin</wf>
<wf cmd="done" pos="VB" lemma="add" wnsn="1" lexsn="2:30:00::">added</wf>
<wf cmd="ignore" pos="TO">to</wf>
<wf cmd="ignore" pos="DT">the</wf>
<wf cmd="tag" pos="NN">escape</wf>
<wf cmd="tag" pos="NN">party</wf>
<wf cmd="ignore" pos="PRP">they</wf>
<wf cmd="ignore" pos="MD">would</wf>
<wf cmd="done" pos="VB" lemma="be" wnsn="1" lexsn="2:42:03::">be</wf>
<wf cmd="tag" pos="JJ">short</wf>
<punc>.</punc>
</s>
</p>
<p pnum="22">
<s snum="50">
<wf cmd="ignore" pos="DT">No</wf>
<wf cmd="tag" pos="CD">one</wf>
<wf cmd="done" pos="VB" lemma="hurry" wnsn="2" lexsn="2:30:00::">hurried</wf>
<punc>.</punc>
</s>
<s snum="51">
<wf cmd="ignore" pos="PRP">They</wf>
<wf cmd="done" pos="VB" lemma="walk" wnsn="2" lexsn="2:38:01::">walked</wf>
<wf cmd="ignore" pos="DT">the</wf>
<wf cmd="tag" pos="NNS">horses</wf>
<punc>,</punc>
<wf cmd="done" pos="VB" lemma="head" wnsn="1" lexsn="2:38:00::">heading</wf>
<wf cmd="ignore" pos="IN">along</wf>
<wf cmd="ignore" pos="DT">the</wf>
<wf cmd="tag" pos="NN">river</wf>
<punc>,</punc>
<wf cmd="tag" pos="NNP">Barton</wf>
<wf cmd="ignore" pos="CC">and</wf>
<wf cmd="tag" pos="NNP">Emmett_Foster</wf>
<wf cmd="tag" pos="JJ">in_the_lead</wf>
<punc>,</punc>
<wf cmd="tag" pos="CD">seven</wf>
<wf cmd="tag" pos="NNS">men</wf>
<wf cmd="done" pos="VB" lemma="ride" wnsn="1" lexsn="2:38:01::">riding</wf>
<wf cmd="tag" pos="RB">quietly</wf>
<wf cmd="ignore" pos="IN">through</wf>
<wf cmd="ignore" pos="DT">the</wf>
<wf cmd="tag" pos="NN">night</wf>
<punc>.</punc>
</s>
</p>
<p pnum="23">
<s snum="52">
<wf cmd="ignore" pos="DT">The</wf>
<wf cmd="tag" pos="JJ">only</wf>
<wf cmd="tag" pos="NN">thing</wf>
<wf cmd="ignore" pos="WDT">which</wf>
<wf cmd="ignore" pos="MD">would</wf>
<wf cmd="done" pos="VB" ot="notag">have</wf>
<wf cmd="done" pos="VB" lemma="attract" wnsn="1" lexsn="2:35:00::">attracted</wf>
<wf cmd="tag" pos="NN">attention</wf>
<wf cmd="done" pos="VB" lemma="be" wnsn="2" lexsn="2:42:06::">was</wf>
<wf cmd="ignore" pos="IN">that</wf>
<wf cmd="tag" pos="CD">two</wf>
<wf cmd="done" pos="VB" lemma="wear" wnsn="1" lexsn="2:29:00::">wore</wf>
<wf cmd="ignore" pos="DT">the</wf>
<wf cmd="tag" pos="NN">uniform</wf>
<wf cmd="ignore" pos="IN">of</wf>
<wf cmd="tag" pos="NN">prison_guards</wf>
<punc>,</punc>
<wf cmd="tag" pos="CD">three</wf>
<wf cmd="ignore" pos="DT">the</wf>
<wf cmd="tag" pos="JJ">striped</wf>
<wf cmd="tag" pos="NNS">suits</wf>
<wf cmd="ignore" pos="IN">of</wf>
<wf cmd="tag" pos="NNS">convicts</wf>
<punc>.</punc>
</s>
</p>
<p pnum="24">
<s snum="53">
<wf cmd="tag" pos="CD">Five</wf>
<wf cmd="tag" pos="NNS">miles</wf>
<punc>.</punc>
</s>
</p>
<p pnum="25">
<s snum="54">
<wf cmd="ignore" pos="IN">In</wf>
<wf cmd="ignore" pos="DT">a</wf>
<wf cmd="tag" pos="JJ">small</wf>
<wf cmd="tag" pos="NN">grove</wf>
<wf cmd="ignore" pos="IN">against</wf>
<wf cmd="ignore" pos="DT">the</wf>
<wf cmd="tag" pos="NN">river</wf>
<wf cmd="ignore" pos="PRP">they</wf>
<wf cmd="done" pos="VB" lemma="halt" wnsn="2" lexsn="2:38:01::">halted</wf>
<punc>,</punc>
<wf cmd="done" pos="VB" lemma="turn" wnsn="1" lexsn="2:38:00::">turning</wf>
<wf cmd="tag" pos="JJ">deep</wf>
<wf cmd="ignore" pos="IN">into</wf>
<wf cmd="ignore" pos="DT">the</wf>
<wf cmd="tag" pos="NN">protection</wf>
<wf cmd="ignore" pos="IN">of</wf>
<wf cmd="ignore" pos="DT">the</wf>
<wf cmd="tag" pos="NNS">trees</wf>
<punc>.</punc>
</s>
<s snum="55">
<wf cmd="tag" pos="NNP">Foster</wf>
<wf cmd="done" pos="VBD" ot="notag">had</wf>
<wf cmd="done" pos="VB" lemma="bring" wnsn="4" lexsn="2:35:00::">brought</wf>
<wf cmd="tag" pos="JJ">extra</wf>
<wf cmd="tag" pos="NN">clothing</wf>
<wf cmd="tag" pos="RB">also</wf>
<punc>.</punc>
</s>
<s snum="56">
<wf cmd="ignore" pos="DT">A</wf>
<wf cmd="tag" pos="JJ">good</wf>
<wf cmd="tag" pos="NN">man</wf>
<punc>,</punc>
<wf cmd="tag" pos="NNP">Emmett</wf>
<punc>.</punc>
</s>
<s snum="57">
<wf cmd="ignore" pos="PRP">He</wf>
<wf cmd="done" pos="VBD" ot="notag">had</wf>
<wf cmd="done" pos="VB" lemma="be" wnsn="2" lexsn="2:42:06::">been</wf>
<wf cmd="tag" pos="CD">one</wf>
<wf cmd="ignore" pos="IN">of</wf>
<wf cmd="ignore" pos="DT">the</wf>
<wf cmd="tag" pos="JJ">original</wf>
<wf cmd="tag" pos="NN">Night_Riders</wf>
<punc>,</punc>
<wf cmd="tag" pos="CD">one</wf>
<wf cmd="ignore" pos="WP">who</wf>
<wf cmd="done" pos="VBD" ot="notag">had</wf>
<wf cmd="done" pos="VB" lemma="escape" wnsn="2" lexsn="2:32:00::">escaped</wf>
<wf cmd="ignore" pos="DT">the</wf>
<wf cmd="tag" pos="NN">trial</wf>
<punc>.</punc>
</s>
<s snum="58">
<wf cmd="ignore" pos="PRP">It</wf>
<wf cmd="done" pos="VBD" ot="notag">was</wf>
<wf cmd="ignore" pos="TO">to</wf>
<wf cmd="ignore" pos="PRP">him</wf>
<wf cmd="ignore" pos="IN">that</wf>
<wf cmd="tag" pos="NNP">Barton</wf>
<wf cmd="done" pos="VBD" ot="notag">had</wf>
<wf cmd="done" pos="VB" lemma="send" wnsn="1" lexsn="2:38:01::">sent</wf>
<wf cmd="tag" pos="NNP">Carl_Dill</wf>
<wf cmd="ignore" pos="IN">on</wf>
<wf cmd="tag" pos="NNP">Dill</wf>
<wf cmd="ignore" pos="POS">'s</wf>
<wf cmd="tag" pos="NN">release</wf>
<wf cmd="done" pos="VB" ot="notag">from</wf>
<wf cmd="ignore" pos="DT">the</wf>
<wf cmd="tag" pos="NN">prison</wf>
<punc>.</punc>
</s>
</p>
<p pnum="26">
<s snum="59">
<wf cmd="tag" pos="NNP">Clyde_Miller</wf>
<wf cmd="done" pos="VBD" ot="notag">was</wf>
<wf cmd="done" pos="VB" lemma="cry" wnsn="2" lexsn="2:29:00::">crying</wf>
<wf cmd="tag" pos="RB">softly</wf>
<wf cmd="ignore" pos="TO">to</wf>
<wf cmd="ignore" pos="PRP">himself</wf>
<punc>,</punc>
<wf cmd="done" pos="VB" lemma="shed" wnsn="1" lexsn="2:35:01::">shedding</wf>
<wf cmd="ignore" pos="PRP$">his</wf>
<wf cmd="tag" pos="JJ">striped</wf>
<wf cmd="tag" pos="NN">suit</wf>
<wf cmd="ignore" pos="CC">and</wf>
<wf cmd="done" pos="VB" lemma="fumble" wnsn="1" lexsn="2:35:00::">fumbling</wf>
<wf cmd="ignore" pos="IN">into</wf>
<wf cmd="ignore" pos="DT">the</wf>
<wf cmd="tag" pos="JJ">nondescript</wf>
<wf cmd="tag" pos="NN">butternut</wf>
<wf cmd="tag" pos="NNS">pants</wf>
<punc>,</punc>
<wf cmd="ignore" pos="DT">the</wf>
<wf cmd="tag" pos="JJ">worn</wf>
<wf cmd="tag" pos="JJ">brown</wf>
<wf cmd="tag" pos="NN">shirt</wf>
<punc>.</punc>
</s>
<s snum="60">
<wf cmd="tag" pos="NNP">Kid_Boyd</wf>
<wf cmd="done" pos="VB" lemma="be" wnsn="1" lexsn="2:42:03::">was</wf>
<wf cmd="tag" pos="RB">unusually</wf>
<wf cmd="tag" pos="JJ">silent</wf>
<punc>,</punc>
<wf cmd="tag" pos="NNP">Rankin</wf>
<wf cmd="tag" pos="JJ">watchful</wf>
<punc>,</punc>
<wf cmd="tag" pos="JJ">a_few</wf>
<wf cmd="tag" pos="NNS">paces</wf>
<wf cmd="tag" pos="RB">apart</wf>
<punc>.</punc>
</s>
<s snum="61">
<wf cmd="tag" pos="NNP">Barton</wf>
<wf cmd="done" pos="VB" lemma="finish" wnsn="2" lexsn="2:30:01::">finished</wf>
<wf cmd="ignore" pos="PRP$">his</wf>
<wf cmd="tag" pos="NN">dressing</wf>
<wf cmd="ignore" pos="CC">and</wf>
<wf cmd="done" pos="VB" lemma="extend" wnsn="5" lexsn="2:29:01::">extended</wf>
<wf cmd="ignore" pos="PRP$">his</wf>
<wf cmd="tag" pos="NN">hand</wf>
<wf cmd="ignore" pos="TO">to</wf>
<wf cmd="tag" pos="NNP">Powers</wf>
<punc>.</punc>
</s>
</p>
<p pnum="27">
<s snum="62">
<punc>``</punc>
<wf cmd="ignore" pos="PRP">I</wf>
<wf cmd="done" pos="VBD" ot="notag">won</wf>
<wf cmd="tag" pos="RB">n't</wf>
<wf cmd="tag" pos="RB">even</wf>
<wf cmd="done" pos="VB" lemma="try" wnsn="1" lexsn="2:41:00::">try</wf>
<wf cmd="ignore" pos="TO">to</wf>
<wf cmd="done" pos="VB" lemma="thank" wnsn="1" lexsn="2:32:00::">thank</wf>
<wf cmd="tag" pos="NN">you</wf>
<punc>''</punc>
<punc>.</punc>
</s>
</p>
<p pnum="28">
<s snum="63">
<wf cmd="ignore" pos="DT">The</wf>
<wf cmd="tag" pos="NN">ex-prison</wf>
<wf cmd="tag" pos="NN">guard</wf>
<wf cmd="done" pos="VB" lemma="be" wnsn="1" lexsn="2:42:03::">was</wf>
<wf cmd="tag" pos="JJ">embarrassed</wf>
<punc>.</punc>
</s>
<s snum="64">
<wf cmd="ignore" pos="PRP">He</wf>
<wf cmd="done" pos="VB" lemma="say" wnsn="1" lexsn="2:32:00::">said</wf>
<wf cmd="ignore" pos="IN">in</wf>
<wf cmd="ignore" pos="DT">a</wf>
<wf cmd="tag" pos="JJ">studied</wf>
<wf cmd="tag" pos="NN">voice</wf>
<punc>,</punc>
<punc>``</punc>
<wf cmd="ignore" pos="PRP">I</wf>
<wf cmd="done" pos="VBD" ot="notag">did</wf>
<wf cmd="tag" pos="RB">n't</wf>
<wf cmd="done" pos="VB" lemma="do" wnsn="1" lexsn="2:41:01::">do</wf>
<wf cmd="done" pos="VB" ot="notag">it</wf>
<wf cmd="ignore" pos="IN">for</wf>
<wf cmd="ignore" pos="PRP">you</wf>
<punc>.</punc>
</s>
<s snum="65">
<wf cmd="ignore" pos="PRP">I</wf>
<wf cmd="done" pos="VB" lemma="do" wnsn="1" lexsn="2:41:01::">did</wf>
<wf cmd="done" pos="VB" ot="notag">it</wf>
<wf cmd="ignore" pos="IN">for</wf>
<wf cmd="ignore" pos="DT">the</wf>
<wf cmd="tag" pos="NN">valley</wf>
<punc>.</punc>
</s>
<s snum="66">
<wf cmd="ignore" pos="PRP">You</wf>
<wf cmd="done" rdf="are" pos="VB" lemma="be" wnsn="2" lexsn="2:42:06::">'re</wf>
<wf cmd="ignore" pos="DT">the</wf>
<wf cmd="tag" pos="JJ">only</wf>
<wf cmd="tag" pos="NN">man</wf>
<wf cmd="ignore" pos="DT">the</wf>
<wf cmd="tag" pos="NN">Night_Riders</wf>
<wf cmd="ignore" pos="MD">will</wf>
<wf cmd="done" pos="VB" lemma="follow" wnsn="5" lexsn="2:41:00::">follow</wf>
<punc>.</punc>
</s>
<s snum="67">
<wf cmd="ignore" pos="PRP">We</wf>
<wf cmd="done" pos="VBP" ot="notag">'ve</wf>
<wf cmd="done" pos="VBN" ot="notag">been</wf>
<wf cmd="done" pos="VB" lemma="starve" wnsn="1" lexsn="2:34:00::">starving</wf>
<wf cmd="ignore" pos="CC">and</wf>
<wf cmd="ignore" pos="PRP">I</wf>
<wf cmd="done" pos="VBP" ot="notag">do</wf>
<wf cmd="tag" pos="RB">n't</wf>
<wf cmd="done" pos="VB" lemma="like" wnsn="1" lexsn="2:37:01::">like</wf>
<wf cmd="ignore" pos="TO">to</wf>
<wf cmd="done" pos="VB" lemma="starve" wnsn="1" lexsn="2:34:00::">starve</wf>
<punc>''</punc>
<punc>.</punc>
</s>
</p>
<p pnum="29">
<s snum="68">
<wf cmd="tag" pos="NNP">Barton</wf>
<wf cmd="done" pos="VB" lemma="turn_away" wnsn="1" lexsn="2:38:02::">turned_away</wf>
<punc>,</punc>
<wf cmd="ignore" pos="PRP$">his</wf>
<wf cmd="tag" pos="NNS">eyes</wf>
<wf cmd="done" pos="VB" lemma="fall" wnsn="8" lexsn="2:42:04::">falling</wf>
<wf cmd="done" pos="VB" ot="notag">upon</wf>
<wf cmd="tag" pos="NNP">Rankin</wf>
<wf cmd="ignore" pos="IN">beside</wf>
<wf cmd="ignore" pos="PRP$">his</wf>
<wf cmd="tag" pos="NN">horse</wf>
<punc>.</punc>
</s>
</p>
<p pnum="30">
<s snum="69">
<punc>``</punc>
<wf cmd="tag" pos="NN">Good_luck</wf>
<punc>''</punc>
<punc>.</punc>
</s>
</p>
<p pnum="31">
<s snum="70">
<wf cmd="ignore" pos="DT">The</wf>
<wf cmd="tag" pos="NN">murderer</wf>
<wf cmd="done" pos="VB" lemma="lift" wnsn="1" lexsn="2:38:00::">lifted</wf>
<wf cmd="ignore" pos="PRP$">his</wf>
<wf cmd="tag" pos="NN">head</wf>
<punc>.</punc>
</s>
<s snum="71">
<punc>``</punc>
<wf cmd="done" pos="VB" lemma="mean" wnsn="1" lexsn="2:32:01::">Meaning</wf>
<wf cmd="ignore" pos="PRP">you</wf>
<wf cmd="done" pos="VB" lemma="want" wnsn="1" lexsn="2:37:00::">want</wf>
<wf cmd="ignore" pos="PRP">me</wf>
<wf cmd="ignore" pos="TO">to</wf>
<wf cmd="done" pos="VB" lemma="ride" wnsn="1" lexsn="2:38:01::">ride</wf>
<wf cmd="tag" pos="RB">out</wf>
<punc>''</punc>
<punc>?</punc>
</s>
</p>
<p pnum="32">
<s snum="72">
<punc>``</punc>
<wf cmd="ignore" pos="PRP">You</wf>
<wf cmd="done" pos="VB" lemma="be" wnsn="2" lexsn="2:42:06::">are</wf>
<wf cmd="tag" pos="RB">n't</wf>
<wf cmd="tag" pos="CD">one</wf>
<wf cmd="ignore" pos="IN">of</wf>
<wf cmd="ignore" pos="PRP">us</wf>
<punc>.</punc>
</s>
<s snum="73">
<wf cmd="ignore" pos="EX">There</wf>
<wf cmd="done" pos="VB" ot="notag">'s</wf>
<wf cmd="tag" pos="NN">nothing</wf>
<wf cmd="ignore" pos="IN">for</wf>
<wf cmd="ignore" pos="PRP">you</wf>
<wf cmd="tag" pos="RB">here</wf>
<punc>''</punc>
<punc>.</punc>
</s>
</p>
<p pnum="33">
<s snum="74">
<punc>``</punc>
<wf cmd="ignore" pos="PRP">I</wf>
<wf cmd="done" pos="VBD" ot="notag">got</wf>
<wf cmd="ignore" pos="DT">no</wf>
<wf cmd="tag" pos="NN">place</wf>
<wf cmd="ignore" pos="TO">to</wf>
<wf cmd="done" pos="VB" lemma="go" wnsn="1" lexsn="2:38:00::">go</wf>
<punc>''</punc>
<punc>.</punc>
</s>
</p>
<p pnum="34">
<s snum="75">
<wf cmd="tag" pos="NNP">Barton</wf>
<wf cmd="done" pos="VB" lemma="hesitate" wnsn="2" lexsn="2:42:01::">hesitated</wf>
<punc>.</punc>
</s>
<s snum="76">
<wf cmd="ignore" pos="PRP">He</wf>
<wf cmd="done" pos="VBD" ot="notag">did</wf>
<wf cmd="tag" pos="RB">not</wf>
<wf cmd="done" pos="VB" lemma="trust" wnsn="1" lexsn="2:31:00::">trust</wf>
<wf cmd="tag" pos="NNP">Rankin</wf>
<punc>,</punc>
<wf cmd="ignore" pos="PRP$">his</wf>
<wf cmd="tag" pos="JJ">violent</wf>
<wf cmd="tag" pos="NN">temper</wf>
<punc>,</punc>
<wf cmd="ignore" pos="PRP$">his</wf>
<wf cmd="tag" pos="NN">killer</wf>
<wf cmd="tag" pos="NN">instinct</wf>
<punc>.</punc>
</s>
<s snum="77">
<wf cmd="ignore" pos="CC">But</wf>
<wf cmd="tag" pos="CD">ten</wf>
<wf cmd="tag" pos="NNS">years</wf>
<wf cmd="ignore" pos="IN">in</wf>
<wf cmd="tag" pos="NN">prison</wf>
<wf cmd="done" pos="VBD" ot="notag">had</wf>
<wf cmd="done" pos="VB" lemma="teach" wnsn="1" lexsn="2:32:00::">taught</wf>
<wf cmd="ignore" pos="PRP">him</wf>
<wf cmd="tag" pos="NNS">realities</wf>
<punc>.</punc>
</s>
<s snum="78">
<wf cmd="ignore" pos="PRP">They</wf>
<wf cmd="done" pos="VB" lemma="be" wnsn="1" lexsn="2:42:03::">were</wf>
<wf cmd="ignore" pos="IN">in</wf>
<wf cmd="ignore" pos="DT">a</wf>
<wf cmd="tag" pos="NN">fight</wf>
<punc>,</punc>
<wf cmd="done" pos="VB" lemma="outweigh" wnsn="1" lexsn="2:33:00::">outweighed</wf>
<wf cmd="ignore" pos="IN">in</wf>
<wf cmd="ignore" pos="DT">both</wf>
<wf cmd="tag" pos="NNS">numbers</wf>
<wf cmd="ignore" pos="CC">and</wf>
<wf cmd="tag" pos="NN">money</wf>
<punc>.</punc>
</s>
<s snum="79">
<wf cmd="ignore" pos="PRP">It</wf>
<wf cmd="done" pos="VB" lemma="be" wnsn="1" lexsn="2:42:03::">was</wf>
<wf cmd="tag" pos="RB">all_right</wf>
<wf cmd="ignore" pos="TO">to</wf>
<wf cmd="done" pos="VB" lemma="put" wnsn="2" lexsn="2:35:05::">put</wf>
<wf cmd="ignore" pos="DT">a</wf>
<wf cmd="tag" pos="NN">bunch</wf>
<wf cmd="ignore" pos="IN">of</wf>
<wf cmd="tag" pos="NNS">ranchers</wf>
<wf cmd="ignore" pos="IN">onto</wf>
<wf cmd="tag" pos="NNS">horses</wf>
<punc>,</punc>
<wf cmd="ignore" pos="TO">to</wf>
<wf cmd="done" pos="VB" lemma="call" wnsn="1" lexsn="2:32:02::">call</wf>
<wf cmd="ignore" pos="PRP">them</wf>
<wf cmd="tag" pos="NN">Night_Riders</wf>
<punc>,</punc>
<wf cmd="ignore" pos="TO">to</wf>
<wf cmd="done" pos="VB" lemma="set_out" wnsn="1" lexsn="2:30:00::">set_out</wf>
<wf cmd="ignore" pos="TO">to</wf>
<wf cmd="done" pos="VB" lemma="attack" wnsn="1" lexsn="2:33:00::">attack</wf>
<wf cmd="ignore" pos="DT">the</wf>
<wf cmd="tag" pos="JJS">largest</wf>
<wf cmd="tag" pos="NN">mining</wf>
<wf cmd="tag" pos="NN">combination</wf>
<wf cmd="ignore" pos="DT">the</wf>
<wf cmd="tag" pos="NN">country</wf>
<wf cmd="done" pos="VBD" ot="notag">had</wf>
<wf cmd="tag" pos="RB">ever</wf>
<wf cmd="done" pos="VB" lemma="see" wnsn="3" lexsn="2:39:02::">seen</wf>
<wf cmd="ignore" pos="IN">if</wf>
<wf cmd="ignore" pos="DT">all</wf>
<wf cmd="ignore" pos="PRP">they</wf>
<wf cmd="done" pos="VB" lemma="want" wnsn="1" lexsn="2:37:00::">wanted</wf>
<wf cmd="done" pos="VB" lemma="be" wnsn="2" lexsn="2:42:06::">was</wf>
<wf cmd="tag" pos="NN">adventure</wf>
<punc>.</punc>
</s>
<s snum="80">
<wf cmd="ignore" pos="CC">But</wf>
<wf cmd="ignore" pos="IN">if</wf>
<wf cmd="ignore" pos="PRP">they</wf>
<wf cmd="tag" pos="RB">really</wf>
<wf cmd="done" pos="VB" lemma="hope" wnsn="3" lexsn="2:31:00::">hoped</wf>
<wf cmd="ignore" pos="TO">to</wf>
<wf cmd="done" pos="VB" lemma="succeed" wnsn="1" lexsn="2:41:00::">succeed</wf>
<wf cmd="ignore" pos="PRP">they</wf>
<wf cmd="done" pos="VB" lemma="need" wnsn="1" lexsn="2:42:00::">needed</wf>
<wf cmd="tag" pos="NNS">professionals</wf>
<punc>,</punc>
<wf cmd="tag" pos="NNS">men</wf>
<wf cmd="ignore" pos="WP">who</wf>
<wf cmd="done" pos="VB" lemma="know" wnsn="2" lexsn="2:31:03::">knew</wf>
<wf cmd="ignore" pos="WRB">how</wf>
<wf cmd="ignore" pos="TO">to</wf>
<wf cmd="done" pos="VB" lemma="use" wnsn="1" lexsn="2:34:01::">use</wf>
<wf cmd="ignore" pos="DT">a</wf>
<wf cmd="tag" pos="NN">gun</wf>
<wf cmd="ignore" pos="IN">against</wf>
<wf cmd="tag" pos="NNS">men</wf>
<punc>,</punc>
<wf cmd="ignore" pos="WP">who</wf>
<wf cmd="ignore" pos="MD">would</wf>
<wf cmd="done" pos="VB" lemma="match" wnsn="4" lexsn="2:42:01::">match</wf>
<wf cmd="ignore" pos="DT">the</wf>
<wf cmd="tag" pos="NNS">killers</wf>
<wf cmd="ignore" pos="IN">on</wf>
<wf cmd="ignore" pos="DT">the</wf>
<wf cmd="tag" pos="JJ">other</wf>
<wf cmd="tag" pos="NN">side</wf>
<punc>.</punc>
</s>
</p>
<p pnum="35">
<s snum="81">
<punc>``</punc>
<wf cmd="ignore" pos="PRP$">Your</wf>
<wf cmd="tag" pos="NN">choice</wf>
<punc>''</punc>
<punc>,</punc>
<wf cmd="ignore" pos="PRP">he</wf>
<wf cmd="done" pos="VB" lemma="say" wnsn="1" lexsn="2:32:00::">said</wf>
<wf cmd="tag" pos="NN">briefly</wf>
<punc>,</punc>
<wf cmd="ignore" pos="CC">and</wf>
<wf cmd="done" pos="VB" lemma="turn_to" wnsn="1" lexsn="2:32:01::">turned_to</wf>
<wf cmd="tag" pos="NNP">Kid_Boyd</wf>
<punc>.</punc>
</s>
<s snum="82">
<punc>``</punc>
<wf cmd="done" pos="VB" lemma="bury" wnsn="3" lexsn="2:35:00::">Bury</wf>
<wf cmd="ignore" pos="DT">those</wf>
<wf cmd="tag" pos="NNS">uniforms</wf>
<wf cmd="tag" pos="RB">so</wf>
<wf cmd="ignore" pos="PRP">they</wf>
<wf cmd="done" pos="VBD" ot="notag">won</wf>
<wf cmd="tag" pos="RB">n't</wf>
<wf cmd="done" pos="VB" ot="notag">be</wf>
<wf cmd="done" pos="VB" lemma="find" wnsn="1" lexsn="2:40:02::">found</wf>
<punc>''</punc>
<punc>.</punc>
</s>
</p>
<p pnum="36">
<s snum="83">
<wf cmd="tag" pos="RB">Then</wf>
<wf cmd="tag" pos="NNP">Barton</wf>
<wf cmd="done" pos="VB" lemma="touch" wnsn="1" lexsn="2:35:00::">touched</wf>
<wf cmd="tag" pos="NNP">Carl_Dill</wf>
<wf cmd="ignore" pos="POS">'s</wf>
<wf cmd="tag" pos="NN">arm</wf>
<wf cmd="ignore" pos="CC">and</wf>
<wf cmd="done" pos="VB" lemma="move" wnsn="1" lexsn="2:38:03::">moved</wf>
<wf cmd="tag" pos="RB">off</wf>
<punc>,</punc>
<wf cmd="ignore" pos="IN">up</wf>
<wf cmd="ignore" pos="DT">the</wf>
<wf cmd="tag" pos="NN">river</wf>
<wf cmd="tag" pos="NN">bank</wf>
<punc>.</punc>
</s>
<s snum="84">
<wf cmd="ignore" pos="PRP">He</wf>
<wf cmd="done" pos="VB" lemma="want" wnsn="1" lexsn="2:37:00::">wanted</wf>
<wf cmd="ignore" pos="DT">a</wf>
<wf cmd="tag" pos="JJ">careful</wf>
<punc>,</punc>
<wf cmd="tag" pos="JJ">uninterrupted</wf>
<wf cmd="tag" pos="NN">report</wf>
<wf cmd="ignore" pos="IN">from</wf>
<wf cmd="tag" pos="NNP">Dill</wf>
<wf cmd="ignore" pos="IN">on</wf>
<wf cmd="ignore" pos="DT">the</wf>
<wf cmd="tag" pos="NNS">conditions</wf>
<wf cmd="ignore" pos="IN">in</wf>
<wf cmd="ignore" pos="DT">the</wf>
<wf cmd="tag" pos="NN">valley</wf>
<punc>.</punc>
</s>
</p>
<p pnum="37">
<s snum="85">
<wf cmd="ignore" pos="PRP">They</wf>
<wf cmd="done" pos="VB" lemma="squat" wnsn="1" lexsn="2:35:00::">squatted</wf>
<wf cmd="ignore" pos="IN">on</wf>
<wf cmd="ignore" pos="PRP$">their</wf>
<wf cmd="tag" pos="NNS">heels</wf>
<wf cmd="ignore" pos="IN">in</wf>
<wf cmd="ignore" pos="DT">the</wf>
<wf cmd="tag" pos="JJ">deep</wf>
<wf cmd="tag" pos="NN">mud</wf>
<wf cmd="ignore" pos="CC">and</wf>
<wf cmd="tag" pos="NNP">Dill</wf>
<wf cmd="done" pos="VB" lemma="find" wnsn="3" lexsn="2:40:00::">found</wf>
<wf cmd="ignore" pos="DT">a</wf>
<wf cmd="tag" pos="NN">cigar</wf>
<wf cmd="ignore" pos="IN">in</wf>
<wf cmd="ignore" pos="PRP$">his</wf>
<wf cmd="tag" pos="NN">breast_pocket</wf>
<punc>,</punc>
<wf cmd="done" pos="VB" lemma="pass" wnsn="5" lexsn="2:40:00::">passing</wf>
<wf cmd="ignore" pos="PRP">it</wf>
<wf cmd="ignore" pos="IN">over</wf>
<wf cmd="tag" pos="RB">silently</wf>
<punc>.</punc>
</s>
<s snum="86">
<wf cmd="ignore" pos="PRP">He</wf>
<wf cmd="tag" pos="RB">too</wf>
<wf cmd="done" pos="VB" lemma="know" wnsn="2" lexsn="2:31:03::">knew</wf>
<wf cmd="ignore" pos="DT">the</wf>
<wf cmd="tag" pos="NN">agony</wf>
<wf cmd="ignore" pos="IN">of</wf>
<wf cmd="done" pos="VB" lemma="go" wnsn="15" lexsn="2:42:14::">going</wf>
<wf cmd="done" pos="VB" ot="notag">for</wf>
<wf cmd="tag" pos="NNS">weeks</wf>
<punc>,</punc>
<wf cmd="tag" pos="RB">sometimes</wf>
<wf cmd="tag" pos="NNS">months</wf>
<wf cmd="ignore" pos="IN">without</wf>
<wf cmd="ignore" pos="DT">the</wf>
<wf cmd="tag" pos="NN">solace</wf>
<wf cmd="ignore" pos="IN">of</wf>
<wf cmd="tag" pos="NN">tobacco</wf>
<punc>.</punc>
</s>
</p>
<p pnum="38">
<s snum="87">
<wf cmd="tag" pos="NNP">Mitchell_Barton</wf>
<wf cmd="done" pos="VB" lemma="draw_in" wnsn="0" lexsn="2:35:02::">drew_in</wf>
<wf cmd="ignore" pos="DT">the</wf>
<wf cmd="tag" pos="NN">fragrance</wf>
<wf cmd="tag" pos="RB">deeply</wf>
<punc>,</punc>
<wf cmd="done" pos="VB" lemma="let" wnsn="1" lexsn="2:41:00::">letting</wf>
<wf cmd="ignore" pos="DT">the</wf>
<wf cmd="tag" pos="NN">smoke</wf>
<wf cmd="done" pos="VB" lemma="lie" wnsn="1" lexsn="2:42:00::">lie</wf>
<wf cmd="tag" pos="JJ">warm</wf>
<wf cmd="ignore" pos="CC">and</wf>
<wf cmd="tag" pos="JJ">soothing</wf>
<wf cmd="ignore" pos="IN">in</wf>
<wf cmd="ignore" pos="PRP$">his</wf>
<wf cmd="tag" pos="NN">throat</wf>
<wf cmd="ignore" pos="IN">for</wf>
<wf cmd="ignore" pos="DT">a</wf>
<wf cmd="tag" pos="NN">moment</wf>
<wf cmd="ignore" pos="IN">before</wf>
<wf cmd="ignore" pos="PRP">he</wf>
<wf cmd="done" pos="VB" lemma="exhale" wnsn="1" lexsn="2:29:00::">exhaled</wf>
<punc>.</punc>
</s>
</p>
<p pnum="39">
<s snum="88">
<wf cmd="ignore" pos="IN">Through</wf>
<wf cmd="ignore" pos="DT">the</wf>
<wf cmd="tag" pos="NN">gloom</wf>
<wf cmd="ignore" pos="PRP">he</wf>
<wf cmd="ignore" pos="MD">could</wf>
<wf cmd="tag" pos="RB">not</wf>
<wf cmd="done" pos="VB" lemma="see" wnsn="1" lexsn="2:39:00::">see</wf>
<wf cmd="ignore" pos="DT">the</wf>
<wf cmd="tag" pos="NN">man</wf>
<wf cmd="ignore" pos="IN">beside</wf>
<wf cmd="ignore" pos="PRP">him</wf>
<wf cmd="tag" pos="RB">clearly</wf>
<wf cmd="ignore" pos="CC">but</wf>
<wf cmd="ignore" pos="PRP">he</wf>
<wf cmd="done" pos="VB" lemma="know" wnsn="1" lexsn="2:31:01::">knew</wf>
<wf cmd="ignore" pos="PRP">him</wf>
<wf cmd="tag" pos="RB">thoroughly</wf>
<punc>.</punc>
</s>
<s snum="89">
<wf cmd="ignore" pos="IN">For</wf>
<wf cmd="ignore" pos="PRP$">his</wf>
<wf cmd="tag" pos="JJ">first</wf>
<wf cmd="tag" pos="CD">five</wf>
<wf cmd="tag" pos="NNS">years</wf>
<wf cmd="ignore" pos="IN">in</wf>
<wf cmd="tag" pos="NN">prison</wf>
<punc>,</punc>
<wf cmd="ignore" pos="PRP">they</wf>
<wf cmd="done" pos="VBD" ot="notag">had</wf>
<wf cmd="done" pos="VB" lemma="share" wnsn="2" lexsn="2:40:02::">shared</wf>
<wf cmd="ignore" pos="DT">a</wf>
<wf cmd="tag" pos="NN">cell</wf>
<punc>.</punc>
</s>
</p>
<p pnum="40">
<s snum="90">
<wf cmd="tag" pos="NNP">Carl_Dill</wf>
<wf cmd="done" pos="VB" lemma="be" wnsn="8" lexsn="2:41:00::">was</wf>
<wf cmd="ignore" pos="DT">neither</wf>
<wf cmd="ignore" pos="DT">a</wf>
<wf cmd="tag" pos="NN">rancher</wf>
<wf cmd="ignore" pos="CC">nor</wf>
<wf cmd="ignore" pos="DT">a</wf>
<wf cmd="tag" pos="NN">valley</wf>
<wf cmd="tag" pos="NN">man</wf>
<punc>.</punc>
</s>
<s snum="91">
<wf cmd="ignore" pos="PRP">He</wf>
<wf cmd="done" pos="VBD" ot="notag">had</wf>
<wf cmd="done" pos="VB" lemma="be" wnsn="8" lexsn="2:41:00::">been</wf>
<wf cmd="ignore" pos="DT">the</wf>
<wf cmd="tag" pos="NN">auditor</wf>
<wf cmd="ignore" pos="IN">for</wf>
<wf cmd="ignore" pos="DT">the</wf>
<wf cmd="tag" pos="NN">mining</wf>
<wf cmd="tag" pos="NN">syndicate</wf>
<punc>,</punc>
<wf cmd="ignore" pos="CC">and</wf>
<wf cmd="ignore" pos="PRP">he</wf>
<wf cmd="done" pos="VBD" ot="notag">had</wf>
<wf cmd="done" pos="VB" lemma="steal" wnsn="1" lexsn="2:40:00::">stolen</wf>
<wf cmd="tag" pos="CD">fifty</wf>
<wf cmd="tag" pos="CD">thousand</wf>
<wf cmd="tag" pos="NNS">dollars</wf>
<wf cmd="ignore" pos="IN">of</wf>
<wf cmd="ignore" pos="DT">the</wf>
<wf cmd="tag" pos="NN">syndicate</wf>
<wf cmd="ignore" pos="POS">'s</wf>
<wf cmd="tag" pos="NN">money</wf>
<punc>.</punc>
</s>
<s snum="92">
<wf cmd="ignore" pos="PRP">He</wf>
<wf cmd="done" pos="VBD" ot="notag">had</wf>
<wf cmd="done" pos="VB" lemma="do" wnsn="10" lexsn="2:42:02::">done</wf>
<wf cmd="tag" pos="NN">time</wf>
<wf cmd="ignore" pos="IN">for</wf>
<wf cmd="ignore" pos="DT">the</wf>
<wf cmd="tag" pos="NN">theft</wf>
<punc>.</punc>
</s>
</p>
<p pnum="41">
<s snum="93">
<wf cmd="ignore" pos="DT">The</wf>
<wf cmd="tag" pos="CD">one</wf>
<wf cmd="tag" pos="NN">thing</wf>
<wf cmd="ignore" pos="PRP">they</wf>
<wf cmd="done" pos="VB" lemma="have" wnsn="1" lexsn="2:40:00::">had</wf>
<wf cmd="tag" pos="RB">in_common</wf>
<wf cmd="done" pos="VB" lemma="be" wnsn="2" lexsn="2:42:06::">was</wf>
<wf cmd="ignore" pos="PRP$">their</wf>
<wf cmd="tag" pos="NN">hatred</wf>
<punc>.</punc>
</s>
<s snum="94">
<wf cmd="ignore" pos="DT">Both</wf>
<wf cmd="done" pos="VB" lemma="hate" wnsn="1" lexsn="2:37:00::">hated</wf>
<wf cmd="tag" pos="NNP">Donald_Kruger</wf>
<punc>.</punc>
</s>
<s snum="95">
<wf cmd="ignore" pos="PRP">It</wf>
<wf cmd="done" pos="VBD" ot="notag">had</wf>
<wf cmd="done" rdf="drawn_together" pos="VB" lemma="draw_together" wnsn="1" lexsn="2:35:00::">drawn</wf>
<wf cmd="ignore" pos="PRP">them</wf>
<wf cmd="tag" pos="RB">together</wf>
<punc>,</punc>
<wf cmd="ignore" pos="CC">and</wf>
<wf cmd="ignore" pos="IN">since</wf>
<wf cmd="ignore" pos="PRP$">his</wf>
<wf cmd="tag" pos="NN">release</wf>
<wf cmd="done" pos="VB" ot="notag">from</wf>
<wf cmd="tag" pos="NN">prison</wf>
<wf cmd="tag" pos="NNP">Dill</wf>
<wf cmd="done" pos="VBD" ot="notag">had</wf>
<wf cmd="done" pos="VB" lemma="work" wnsn="1" lexsn="2:41:02::">worked</wf>
<wf cmd="tag" pos="RB">tirelessly</wf>
<wf cmd="ignore" pos="TO">to</wf>
<wf cmd="done" pos="VB" lemma="effect" wnsn="1" lexsn="2:36:00::">effect</wf>
<wf cmd="tag" pos="RB">this_night</wf>
<wf cmd="ignore" pos="POS">'s</wf>
<wf cmd="tag" pos="NN">escape</wf>
<punc>.</punc>
</s>
</p>
<p pnum="42">
<s snum="96">
<wf cmd="ignore" pos="PRP">He</wf>
<wf cmd="done" pos="VB" lemma="say" wnsn="1" lexsn="2:32:00::">said</wf>
<wf cmd="tag" pos="RB">now</wf>
<punc>,</punc>
<punc>``</punc>
<wf cmd="ignore" pos="PRP">I</wf>
<wf cmd="done" rdf="have_got" pos="VB" lemma="have_got" wnsn="1" lexsn="2:40:00::">'ve</wf>
<wf cmd="done" pos="VB" ot="notag">got</wf>
<wf cmd="ignore" pos="DT">the</wf>
<wf cmd="tag" pos="JJ">perfect</wf>
<wf cmd="tag" pos="NN">headquarters</wf>
<wf cmd="tag" pos="NN">set_up</wf>
<punc>.</punc>
</s>
<s snum="97">
<wf cmd="ignore" pos="DT">The</wf>
<wf cmd="tag" pos="JJ">old</wf>
<wf cmd="tag" pos="NNP">Haskell</wf>
<wf cmd="tag" pos="NN">mine</wf>
<punc>''</punc>
<punc>.</punc>
</s>
</p>
<p pnum="43">
<s snum="98">
<wf cmd="tag" pos="NNP">Mitch_Barton</wf>
<wf cmd="done" pos="VB" lemma="know" wnsn="4" lexsn="2:31:00::">knew</wf>
<wf cmd="ignore" pos="DT">the</wf>
<wf cmd="tag" pos="NN">place</wf>
<punc>.</punc>
</s>
<s snum="99">
<wf cmd="tag" pos="CD">Twenty</wf>
<wf cmd="tag" pos="NNS">years</wf>
<wf cmd="ignore" pos="IN">before</wf>
<wf cmd="ignore" pos="DT">a</wf>
<wf cmd="tag" pos="NN">group</wf>
<wf cmd="ignore" pos="IN">of</wf>
<wf cmd="tag" pos="NNS">Easterners</wf>
<wf cmd="done" pos="VBD" ot="notag">had</wf>
<wf cmd="done" pos="VB" lemma="buy_out" wnsn="1" lexsn="2:40:00::">bought_out</wf>
<wf cmd="ignore" pos="DT">the</wf>
<wf cmd="tag" pos="NNP">Haskell</wf>
<wf cmd="tag" pos="NNS">claims</wf>
<wf cmd="ignore" pos="IN">in</wf>
<wf cmd="ignore" pos="DT">the</wf>
<wf cmd="tag" pos="JJ">rocky</wf>
<wf cmd="tag" pos="NNS">hills</wf>
<wf cmd="tag" pos="RB">south</wf>
<wf cmd="ignore" pos="IN">of</wf>
<wf cmd="tag" pos="NNP">Grass_Valley</wf>
<punc>.</punc>
</s>
<s snum="100">
<wf cmd="ignore" pos="PRP">They</wf>
<wf cmd="done" pos="VBD" ot="notag">had</wf>
<wf cmd="done" pos="VB" lemma="spend" wnsn="2" lexsn="2:40:00::">spent</wf>
<wf cmd="tag" pos="JJ">a_million</wf>
<wf cmd="tag" pos="NNS">dollars</wf>
<punc>,</punc>
<wf cmd="done" pos="VB" lemma="carve" wnsn="1" lexsn="2:35:01::">carving</wf>
<wf cmd="ignore" pos="IN">in</wf>
<wf cmd="ignore" pos="DT">a</wf>
<wf cmd="tag" pos="NN">road</wf>
<punc>,</punc>
<wf cmd="done" pos="VB" lemma="put_up" wnsn="3" lexsn="2:36:00::">putting_up</wf>
<wf cmd="tag" pos="NNS">buildings</wf>
<punc>,</punc>
<wf cmd="done" pos="VB" lemma="drill" wnsn="1" lexsn="2:35:00::">drilling</wf>
<wf cmd="ignore" pos="PRP$">their</wf>
<wf cmd="tag" pos="JJ">haulage</wf>
<wf cmd="tag" pos="NN">tunnel</wf>
<punc>.</punc>
</s>
<s snum="101">
<wf cmd="tag" pos="RB">Then</wf>
<wf cmd="ignore" pos="DT">the</wf>
<wf cmd="tag" pos="NN">vein</wf>
<wf cmd="done" pos="VBD" ot="notag">had</wf>
<wf cmd="done" pos="VB" lemma="peter_out" wnsn="1" lexsn="2:42:00::">petered_out</wf>
<wf cmd="ignore" pos="CC">and</wf>
<wf cmd="ignore" pos="DT">the</wf>
<wf cmd="tag" pos="JJ">whole</wf>
<wf cmd="tag" pos="NN">project</wf>
<wf cmd="done" pos="VBD" ot="notag">had</wf>
<wf cmd="done" pos="VBN" ot="notag">been</wf>
<wf cmd="done" pos="VB" lemma="abandon" wnsn="2" lexsn="2:40:01::">abandoned</wf>
<punc>.</punc>
</s>
</p>
<p pnum="44">
<s snum="102">
<punc>``</punc>
<wf cmd="ignore" pos="DT">The</wf>
<wf cmd="tag" pos="NN">road</wf>
<wf cmd="done" rdf="is" pos="VB" lemma="be" wnsn="1" lexsn="2:42:03::">'s</wf>
<wf cmd="tag" pos="JJ">washed</wf>
<wf cmd="tag" pos="RB">badly</wf>
<punc>''</punc>
<punc>,</punc>
<wf cmd="done" pos="VB" lemma="say" wnsn="1" lexsn="2:32:00::">said</wf>
<wf cmd="tag" pos="NNP">Dill</wf>
<punc>,</punc>
<punc>``</punc>
<wf cmd="ignore" pos="CC">but</wf>
<wf cmd="ignore" pos="EX">there</wf>
<wf cmd="done" pos="VB" ot="notag">'s</wf>
<wf cmd="ignore" pos="DT">a</wf>
<wf cmd="tag" pos="NN">trail</wf>
<wf cmd="ignore" pos="PRP">you</wf>
<wf cmd="ignore" pos="MD">can</wf>
<wf cmd="done" pos="VB" lemma="get_over" wnsn="1" lexsn="2:38:00::">get_over</wf>
<wf cmd="ignore" pos="IN">with</wf>
<wf cmd="ignore" pos="DT">a</wf>
<wf cmd="tag" pos="NN">horse</wf>
<punc>.</punc>
</s>
<s snum="103">
<wf cmd="ignore" pos="DT">A</wf>
<wf cmd="tag" pos="NN">company</wf>
<wf cmd="ignore" pos="IN">of</wf>
<wf cmd="tag" pos="NN">cavalry</wf>
<wf cmd="ignore" pos="MD">could</wf>
<wf cmd="tag" pos="RB">n't</wf>
<wf cmd="done" pos="VB" lemma="come_in" wnsn="1" lexsn="2:38:02::">come_in</wf>
<wf cmd="tag" pos="RB">there</wf>
<wf cmd="ignore" pos="IN">if</wf>
<wf cmd="tag" pos="CD">two</wf>
<wf cmd="tag" pos="NNS">men</wf>
<wf cmd="done" pos="VBD" ot="notag">were</wf>
<wf cmd="done" pos="VB" lemma="guard" wnsn="1" lexsn="2:41:00::">guarding</wf>
<wf cmd="ignore" pos="IN">that</wf>
<wf cmd="tag" pos="NN">trail</wf>
<punc>''</punc>
<punc>.</punc>
</s>
</p>
<p pnum="45">
<s snum="104">
<wf cmd="tag" pos="NNP">Barton</wf>
<wf cmd="done" pos="VB" lemma="nod" wnsn="1" lexsn="2:32:01::">nodded</wf>
<punc>.</punc>
</s>
<s snum="105">
<punc>``</punc>
<wf cmd="ignore" pos="WRB">How</wf>
<wf cmd="done" pos="VBP" ot="notag">do</wf>
<wf cmd="ignore" pos="DT">the</wf>
<wf cmd="tag" pos="NN">valley</wf>
<wf cmd="tag" pos="NNS">people</wf>
<wf cmd="done" pos="VB" lemma="feel" wnsn="1" lexsn="2:37:00::">feel</wf>
<punc>''</punc>
<punc>?</punc>
</s>
</p>
<p pnum="46">
<s snum="106">
<punc>``</punc>
<wf cmd="tag" pos="RB">As</wf>
<wf cmd="tag" pos="JJ">mad</wf>
<wf cmd="ignore" pos="IN">as</wf>
<wf cmd="tag" pos="RB">ever</wf>
<punc>.</punc>
</s>
<s snum="107">
<wf cmd="ignore" pos="CC">But</wf>
<wf cmd="tag" pos="NNP">Kruger</wf>
<wf cmd="ignore" pos="POS">'s</wf>
<wf cmd="tag" pos="NNS">men</wf>
<wf cmd="done" pos="VB" lemma="keep" wnsn="1" lexsn="2:42:00::">keep</wf>
<wf cmd="ignore" pos="PRP">them</wf>
<wf cmd="ignore" pos="IN">off</wf>
<wf cmd="tag" pos="NN">balance</wf>
<punc>,</punc>
<wf cmd="ignore" pos="CC">and</wf>
<wf cmd="ignore" pos="PRP">they</wf>
<wf cmd="done" pos="VBP" ot="notag">do</wf>
<wf cmd="tag" pos="RB">n't</wf>
<wf cmd="done" pos="VB" lemma="trust" wnsn="1" lexsn="2:31:00::">trust</wf>
<wf cmd="ignore" pos="PRP">me</wf>
<punc>.</punc>
</s>
<s snum="108">
<wf cmd="ignore" pos="PRP">I</wf>
<wf cmd="done" rdf="am" pos="VB" lemma="be" wnsn="2" lexsn="2:42:06::">'m</wf>
<wf cmd="ignore" pos="DT">an</wf>
<wf cmd="tag" pos="NN">outsider</wf>
<punc>.</punc>
</s>
<s snum="109">
<wf cmd="ignore" pos="WRB">When</wf>
<wf cmd="ignore" pos="PRP">they</wf>
<wf cmd="done" pos="VB" lemma="learn" wnsn="2" lexsn="2:31:01::">learn</wf>
<wf cmd="ignore" pos="PRP">you</wf>
<wf cmd="done" rdf="are" pos="VB" lemma="be" wnsn="3" lexsn="2:42:05::">'re</wf>
<wf cmd="ignore" pos="IN">in</wf>
<wf cmd="ignore" pos="DT">the</wf>
<wf cmd="tag" pos="NNS">hills</wf>
<wf cmd="tag" pos="RB">though</wf>
<punc>,</punc>
<wf cmd="ignore" pos="PRP">they</wf>
<wf cmd="ignore" pos="MD">'ll</wf>
<wf cmd="done" pos="VB" lemma="rally" wnsn="2" lexsn="2:33:00::">rally</wf>
<punc>,</punc>
<wf cmd="done" pos="VB" ot="notag">do</wf>
<wf cmd="tag" pos="RB">n't</wf>
<wf cmd="done" pos="VB" lemma="worry" wnsn="2" lexsn="2:37:12::">worry</wf>
<wf cmd="done" pos="VB" ot="notag">about</wf>
<wf cmd="ignore" pos="IN">that</wf>
<punc>''</punc>
<punc>.</punc>
</s>
</p>
<p pnum="47">
<s snum="110">
<wf cmd="tag" pos="NNP">Barton</wf>
<wf cmd="done" pos="VB" lemma="wait" wnsn="2" lexsn="2:42:01::">waited</wf>
<wf cmd="done" pos="VB" ot="notag">for</wf>
<wf cmd="ignore" pos="DT">a</wf>
<wf cmd="tag" pos="JJ">long</wf>
<wf cmd="tag" pos="NN">moment</wf>
<punc>,</punc>
<wf cmd="tag" pos="RB">then</wf>
<wf cmd="done" pos="VB" lemma="ask" wnsn="1" lexsn="2:32:00::">asked</wf>
<wf cmd="ignore" pos="DT">the</wf>
<wf cmd="tag" pos="NN">question</wf>
<wf cmd="ignore" pos="WDT">which</wf>
<wf cmd="done" pos="VB" lemma="lie" wnsn="1" lexsn="2:42:00::">lay</wf>
<wf cmd="tag" pos="RB">always</wf>
<wf cmd="tag" pos="JJS">uppermost</wf>
<wf cmd="ignore" pos="IN">in</wf>
<wf cmd="ignore" pos="PRP$">his</wf>
<wf cmd="tag" pos="NN">mind</wf>
<punc>.</punc>
</s>
</p>
<p pnum="48">
<s snum="111">
<punc>``</punc>
<wf cmd="ignore" pos="PRP$">My</wf>
<wf cmd="tag" pos="NN">boy</wf>
<punc>.</punc>
</s>
<s snum="112">
<wf cmd="done" pos="VBD" ot="notag">Did</wf>
<wf cmd="ignore" pos="PRP">you</wf>
<wf cmd="done" pos="VB" lemma="find" wnsn="3" lexsn="2:40:00::">find</wf>
<wf cmd="ignore" pos="PRP">him</wf>
<punc>''</punc>
<punc>?</punc>
</s>
</p>
<p pnum="49">
<s snum="113">
<wf cmd="tag" pos="NNP">Dill</wf>
<wf cmd="done" pos="VB" lemma="be" wnsn="1" lexsn="2:42:03::">was</wf>
<wf cmd="tag" pos="JJ">silent</wf>
<wf cmd="ignore" pos="IN">as</wf>
<wf cmd="ignore" pos="IN">if</wf>
<wf cmd="ignore" pos="PRP">he</wf>
<wf cmd="done" pos="VB" lemma="hate" wnsn="1" lexsn="2:37:00::">hated</wf>
<wf cmd="ignore" pos="TO">to</wf>
<wf cmd="done" pos="VB" lemma="answer" wnsn="1" lexsn="2:32:00::">answer</wf>
<punc>,</punc>
<wf cmd="ignore" pos="CC">and</wf>
<wf cmd="tag" pos="NNP">Barton</wf>
<wf cmd="done" pos="VB" lemma="have" wnsn="12" lexsn="2:29:02::">had</wf>
<wf cmd="ignore" pos="DT">a</wf>
<wf cmd="tag" pos="JJ">cold</wf>
<punc>,</punc>
<wf cmd="tag" pos="JJ">sick</wf>
<wf cmd="tag" pos="NN">feeling</wf>
<wf cmd="ignore" pos="IN">of</wf>
<wf cmd="tag" pos="NN">apprehension</wf>
<punc>.</punc>
</s>
</p>
<p pnum="50">
<s snum="114">
<punc>``</punc>
<wf cmd="ignore" pos="PRP">He</wf>
<wf cmd="done" rdf="is" pos="VB" lemma="be" wnsn="3" lexsn="2:42:05::">'s</wf>
<wf cmd="ignore" pos="IN">in</wf>
<wf cmd="tag" pos="NNP">Morgan</wf>
<wf cmd="ignore" pos="POS">'s</wf>
<wf cmd="tag" pos="NNP">Ferry</wf>
<punc>''</punc>
<punc>.</punc>
</s>
</p>
<p pnum="51">
<s snum="115">
<wf cmd="tag" pos="NNP">Barton</wf>
<wf cmd="tag" pos="JJ">half</wf>
<wf cmd="done" pos="VB" lemma="straighten" wnsn="3" lexsn="2:38:01::">straightened</wf>
<wf cmd="ignore" pos="IN">in</wf>
<wf cmd="tag" pos="NN">surprise</wf>
<punc>.</punc>
</s>
</p>
<p pnum="52">
<s snum="116">
<punc>``</punc>
<wf cmd="ignore" pos="WP">What</wf>
<wf cmd="ignore" pos="POS">'s</wf>
<wf cmd="ignore" pos="PRP">he</wf>
<wf cmd="done" pos="VB" lemma="do" wnsn="1" lexsn="2:41:01::">doing</wf>
<wf cmd="ignore" pos="EX">there</wf>
<punc>''</punc>
<punc>?</punc>
</s>
</p>
<p pnum="53">
<s snum="117">
<wf cmd="tag" pos="RB">Again</wf>
<wf cmd="tag" pos="NNP">Dill</wf>
<wf cmd="done" pos="VB" lemma="hesitate" wnsn="2" lexsn="2:42:01::">hesitated</wf>
<punc>.</punc>
</s>
<s snum="118">
<punc>``</punc>
<wf cmd="done" pos="VB" lemma="deal" wnsn="9" lexsn="2:40:02::">Dealing</wf>
<wf cmd="tag" pos="NN">faro</wf>
<punc>''</punc>
<punc>.</punc>
</s>
</p>
<p pnum="54">
<s snum="119">
<punc>``</punc>
<wf cmd="done" pos="VB" lemma="deal" wnsn="9" lexsn="2:40:02::">Dealing</wf>
<wf cmd="tag" pos="NN">faro</wf>
<punc>?</punc>
</s>
<s snum="120">
<wf cmd="tag" pos="RB">How_come</wf>
<punc>''</punc>
<punc>?</punc>
</s>
</p>
<p pnum="55">
<s snum="121">
<punc>``</punc>
<wf cmd="ignore" pos="PRP$">Your</wf>
<wf cmd="tag" pos="NN">sister-in-law</wf>
<wf cmd="done" pos="VB" lemma="have" wnsn="1" lexsn="2:40:00::">has</wf>
<wf cmd="ignore" pos="DT">the</wf>
<wf cmd="tag" pos="NN">faro</wf>
<wf cmd="tag" pos="NN">bank</wf>
<wf cmd="ignore" pos="IN">in</wf>
<wf cmd="tag" pos="NNP">Cap_Ayres</wf>
<punc>'</punc>
<wf cmd="tag" pos="NN">saloon</wf>
<punc>''</punc>
<punc>.</punc>
</s>
</p>
<p pnum="56">
<s snum="122">
<wf cmd="tag" pos="NNP">Barton</wf>
<wf cmd="done" pos="VB" lemma="curse" wnsn="1" lexsn="2:32:00::">cursed</wf>
<wf cmd="ignore" pos="IN">under</wf>
<wf cmd="ignore" pos="PRP$">his</wf>
<wf cmd="tag" pos="NN">breath</wf>
<punc>.</punc>
</s>
<s snum="123">
<wf cmd="ignore" pos="IN">After</wf>
<wf cmd="ignore" pos="DT">another</wf>
<wf cmd="tag" pos="JJ">long</wf>
<wf cmd="tag" pos="NN">pause</wf>
<wf cmd="ignore" pos="PRP">he</wf>
<wf cmd="done" pos="VB" lemma="ask" wnsn="1" lexsn="2:32:00::">asked</wf>
<punc>,</punc>
<punc>``</punc>
<wf cmd="ignore" pos="WRB">How</wf>
<wf cmd="tag" pos="JJ">many</wf>
<wf cmd="tag" pos="NNS">people</wf>
<wf cmd="done" pos="VB" lemma="know" wnsn="4" lexsn="2:31:00::">know</wf>
<wf cmd="ignore" pos="WP">who</wf>
<wf cmd="ignore" pos="PRP">they</wf>
<wf cmd="done" pos="VB" lemma="be" wnsn="2" lexsn="2:42:06::">are</wf>
<punc>''</punc>
<punc>?</punc>
</s>
</p>
<p pnum="57">
<s snum="124">
<punc>``</punc>
<wf cmd="tag" pos="NN">Everyone</wf>
<punc>.</punc>
</s>
<s snum="125">
<wf cmd="ignore" pos="PRP$">Your</wf>
<wf cmd="tag" pos="NN">cousin</wf>
<wf cmd="tag" pos="NNP">Finley</wf>
<wf cmd="done" pos="VB" lemma="see" wnsn="10" lexsn="2:31:03::">saw</wf>
<wf cmd="done" pos="VB" ot="notag">to</wf>
<wf cmd="tag" pos="RB">that</wf>
<punc>.</punc>
</s>
<s snum="126">
<wf cmd="ignore" pos="PRP">He</wf>
<wf cmd="done" rdf="is" pos="VB" lemma="be" wnsn="2" lexsn="2:42:06::">'s</wf>
<wf cmd="tag" pos="RB">quite</wf>
<wf cmd="ignore" pos="DT">a</wf>
<wf cmd="tag" pos="NN">rat</wf>
<punc>,</punc>
<wf cmd="ignore" pos="PRP">you</wf>
<wf cmd="done" pos="VB" lemma="know" wnsn="1" lexsn="2:31:01::">know</wf>
<punc>.</punc>
</s>
<s snum="127">
<wf cmd="ignore" pos="PRP">He</wf>
<wf cmd="done" pos="VB" lemma="sell_out" wnsn="2" lexsn="2:32:10::">sold_out</wf>
<wf cmd="done" pos="VB" ot="notag">to</wf>
<wf cmd="tag" pos="NNP">Kruger</wf>
<wf cmd="ignore" pos="POS">'s</wf>
<wf cmd="tag" pos="NNS">men</wf>
<punc>.</punc>
</s>
<s snum="128">
<wf cmd="ignore" pos="PRP">He</wf>
<wf cmd="done" pos="VBZ" ot="notag">'s</wf>
<wf cmd="done" pos="VB" lemma="inform" wnsn="1" lexsn="2:32:00::">informed</wf>
<wf cmd="ignore" pos="PRP">them</wf>
<wf cmd="ignore" pos="IN">of</wf>
<wf cmd="tag" pos="NN">everything</wf>
<wf cmd="ignore" pos="PRP">you</wf>
<wf cmd="done" pos="VBP" ot="notag">'ve</wf>
<wf cmd="tag" pos="RB">ever</wf>
<wf cmd="done" pos="VB" lemma="write" wnsn="2" lexsn="2:32:00::">written</wf>
<wf cmd="ignore" pos="PRP">him</wf>
<punc>.</punc>
</s>
<s snum="129">
<wf cmd="ignore" pos="PRP">He</wf>
<wf cmd="done" pos="VB" lemma="want" wnsn="1" lexsn="2:37:00::">wants</wf>
<wf cmd="ignore" pos="PRP$">your</wf>
<wf cmd="tag" pos="NN">ranch</wf>
<punc>''</punc>
<punc>.</punc>
</s>
</p>
<p pnum="58">
<s snum="130">
<wf cmd="tag" pos="NNP">Barton</wf>
<wf cmd="done" pos="VB" lemma="stand_up" wnsn="1" lexsn="2:38:00::">stood_up</wf>
<punc>.</punc>
</s>
<s snum="131">
<wf cmd="ignore" pos="PRP">He</wf>
<wf cmd="done" pos="VB" lemma="say" wnsn="1" lexsn="2:32:00::">said</wf>
<wf cmd="tag" pos="RB">tensely</wf>
<punc>,</punc>
<punc>``</punc>
<wf cmd="tag" pos="RB">All_right</wf>
<punc>.</punc>
</s>
<s snum="132">
<wf cmd="done" pos="VB" ot="notag">Let</wf>
<wf cmd="ignore" pos="POS">'s</wf>
<wf cmd="done" pos="VB" lemma="go" wnsn="1" lexsn="2:38:00::">go</wf>
<wf cmd="done" pos="VB" lemma="get" wnsn="6" lexsn="2:35:03::">get</wf>
<wf cmd="ignore" pos="DT">the</wf>
<wf cmd="tag" pos="NN">boy</wf>
<punc>''</punc>
<punc>.</punc>
</s>
</p>
<p pnum="59">
<s snum="133">
<wf cmd="tag" pos="NNP">Dill</wf>
<wf cmd="done" pos="VBD" ot="notag">had</wf>
<wf cmd="done" pos="VB" lemma="come_up" wnsn="3" lexsn="2:38:02::">come_up</wf>
<wf cmd="tag" pos="RB">also</wf>
<punc>.</punc>
</s>
<s snum="134">
<punc>``</punc>
<wf cmd="ignore" pos="PRP">I</wf>
<wf cmd="done" pos="VB" lemma="be" wnsn="1" lexsn="2:42:03::">was</wf>
<wf cmd="tag" pos="JJ">afraid</wf>
<wf cmd="tag" pos="RB">of_this</wf>
<punc>.</punc>
</s>
<s snum="135">
<wf cmd="ignore" pos="PRP">I</wf>
<wf cmd="tag" pos="RB">almost</wf>
<wf cmd="done" pos="VBD" ot="notag">did</wf>
<wf cmd="tag" pos="RB">n't</wf>
<wf cmd="done" pos="VB" lemma="tell" wnsn="2" lexsn="2:32:00::">tell</wf>
<wf cmd="ignore" pos="PRP">you</wf>
<punc>''</punc>
<punc>.</punc>
</s>
</p>
<p pnum="60">
<s snum="136">
<punc>``</punc>
<wf cmd="ignore" pos="IN">If</wf>
<wf cmd="ignore" pos="PRP">you</wf>
<wf cmd="done" pos="VBD" ot="notag">had</wf>
<wf cmd="tag" pos="RB">n't</wf>
<wf cmd="ignore" pos="PRP">I</wf>
<wf cmd="ignore" pos="MD">'d</wf>
<wf cmd="done" pos="VB" ot="notag">have</wf>
<wf cmd="done" pos="VB" lemma="kill" wnsn="1" lexsn="2:35:00::">killed</wf>
<wf cmd="ignore" pos="PRP">you</wf>
<punc>''</punc>
<punc>.</punc>
</s>
</p>
<p pnum="61">
<s snum="137">
<wf cmd="tag" pos="NNP">Dill</wf>
<wf cmd="ignore" pos="POS">'s</wf>
<wf cmd="tag" pos="NN">voice</wf>
<wf cmd="done" pos="VB" lemma="tighten" wnsn="2" lexsn="2:30:00::">tightened</wf>
<punc>.</punc>
</s>
<s snum="138">
<punc>``</punc>
<wf cmd="ignore" pos="CC">But</wf>
<wf cmd="ignore" pos="PRP">you</wf>
<wf cmd="ignore" pos="MD">can</wf>
<wf cmd="tag" pos="RB">n't</wf>
<wf cmd="done" pos="VB" lemma="ride" wnsn="1" lexsn="2:38:01::">ride</wf>
<wf cmd="ignore" pos="IN">into</wf>
<wf cmd="ignore" pos="DT">the</wf>
<wf cmd="tag" pos="NNP">Ferry</wf>
<punc>.</punc>
</s>
<s snum="139">
<wf cmd="ignore" pos="DT">That</wf>
<wf cmd="done" rdf="is" pos="VB" lemma="be" wnsn="2" lexsn="2:42:06::">'s</wf>
<wf cmd="ignore" pos="WP">what</wf>
<wf cmd="ignore" pos="PRP">they</wf>
<wf cmd="ignore" pos="MD">'ll</wf>
<wf cmd="done" pos="VB" lemma="expect" wnsn="1" lexsn="2:31:00::">expect</wf>
<wf cmd="ignore" pos="PRP">you</wf>
<wf cmd="ignore" pos="TO">to</wf>
<wf cmd="done" pos="VB" lemma="do" wnsn="1" lexsn="2:41:01::">do</wf>
<punc>.</punc>
</s>
<s snum="140">
<wf cmd="ignore" pos="PRP">They</wf>
<wf cmd="ignore" pos="MD">'ll</wf>
<wf cmd="done" pos="VB" lemma="be" wnsn="3" lexsn="2:42:05::">be</wf>
<wf cmd="tag" pos="RB">there</wf>
<wf cmd="done" pos="VB" lemma="wait" wnsn="1" lexsn="2:42:00::">waiting</wf>
<wf cmd="done" pos="VB" ot="notag">for</wf>
<wf cmd="ignore" pos="PRP">you</wf>
<punc>.</punc>
</s>
<s snum="141">
<wf cmd="ignore" pos="PRP">I</wf>
<wf cmd="done" pos="VB" lemma="understand" wnsn="1" lexsn="2:31:00::">understand</wf>
<wf cmd="ignore" pos="WRB">how</wf>
<wf cmd="ignore" pos="PRP">you</wf>
<wf cmd="done" pos="VB" lemma="feel" wnsn="1" lexsn="2:37:00::">feel</wf>
<wf cmd="ignore" pos="IN">about</wf>
<wf cmd="ignore" pos="DT">the</wf>
<wf cmd="tag" pos="NN">child</wf>
<punc>''</punc>
<punc>.</punc>
</s>
</p>
<p pnum="62">
<s snum="142">
<punc>``</punc>
<wf cmd="ignore" pos="DT">The</wf>
<wf cmd="tag" pos="NN">hell</wf>
<wf cmd="ignore" pos="PRP">you</wf>
<wf cmd="done" pos="VBP" ot="notag">do</wf>
<punc>''</punc>
<punc>.</punc>
</s>
<s snum="143">
<wf cmd="tag" pos="NNP">Barton</wf>
<wf cmd="ignore" pos="POS">'s</wf>
<wf cmd="tag" pos="NN">voice</wf>
<wf cmd="done" pos="VB" lemma="be" wnsn="1" lexsn="2:42:03::">was</wf>
<wf cmd="tag" pos="JJR">rougher</wf>
<wf cmd="ignore" pos="IN">than</wf>
<wf cmd="tag" pos="NNP">Dill</wf>
<wf cmd="done" pos="VBD" ot="notag">had</wf>
<wf cmd="tag" pos="RB">ever</wf>
<wf cmd="done" pos="VB" lemma="hear" wnsn="1" lexsn="2:39:00::">heard</wf>
<wf cmd="ignore" pos="PRP">it</wf>
<punc>.</punc>
</s>
<s snum="144">
<punc>``</punc>
<wf cmd="ignore" pos="PRP">I</wf>
<wf cmd="tag" pos="RB">never</wf>
<wf cmd="done" pos="VB" lemma="see" wnsn="1" lexsn="2:39:00::">saw</wf>
<wf cmd="ignore" pos="PRP">him</wf>
<punc>.</punc>
</s>
<s snum="145">
<wf cmd="ignore" pos="PRP$">My</wf>
<wf cmd="tag" pos="NN">wife</wf>
<wf cmd="done" pos="VB" lemma="die" wnsn="1" lexsn="2:30:00::">died</wf>
<wf cmd="ignore" pos="IN">in</wf>
<wf cmd="tag" pos="NN">childbirth</wf>
<wf cmd="ignore" pos="IN">after</wf>
<wf cmd="ignore" pos="PRP">I</wf>
<wf cmd="done" pos="VBD" ot="notag">was</wf>
<wf cmd="done" pos="VB" lemma="send_away" wnsn="1" lexsn="2:41:01::">sent_away</wf>
<punc>.</punc>
</s>
</p>
<p pnum="63">
<s snum="146">
<punc>``</punc>
<wf cmd="ignore" pos="PRP">I</wf>
<wf cmd="ignore" pos="MD">can</wf>
<wf cmd="tag" pos="RB">n't</wf>
<wf cmd="done" pos="VB" lemma="leave" wnsn="2" lexsn="2:31:05::">leave</wf>
<wf cmd="ignore" pos="PRP">him</wf>
<wf cmd="ignore" pos="EX">there</wf>
<punc>.</punc>
</s>
<s snum="147">
<wf cmd="tag" pos="NNP">Donald_Kruger</wf>
<wf cmd="done" pos="VB" ot="notag">would</wf>
<wf cmd="done" pos="VB" lemma="like" wnsn="2" lexsn="2:37:05::">like</wf>
<wf cmd="tag" pos="NN">nothing</wf>
<wf cmd="tag" pos="JJR">better</wf>
<wf cmd="tag" pos="RB">than</wf>
<wf cmd="ignore" pos="TO">to</wf>
<wf cmd="done" pos="VB" lemma="hold" wnsn="1" lexsn="2:42:00::">hold</wf>
<wf cmd="ignore" pos="PRP">him</wf>
<wf cmd="ignore" pos="IN">as</wf>
<wf cmd="tag" pos="NN">hostage</wf>
<punc>,</punc>
<wf cmd="ignore" pos="CC">and</wf>
<wf cmd="ignore" pos="PRP">I</wf>
<wf cmd="ignore" pos="MD">would</wf>
<wf cmd="tag" pos="RB">n't</wf>
<wf cmd="done" pos="VB" lemma="entrust" wnsn="1" lexsn="2:40:00::">entrust</wf>
<wf cmd="ignore" pos="DT">a</wf>
<wf cmd="tag" pos="NN">snake</wf>
<wf cmd="ignore" pos="TO">to</wf>
<wf cmd="ignore" pos="PRP$">his</wf>
<wf cmd="tag" pos="NN">tender</wf>
<wf cmd="tag" pos="NN">care</wf>
<punc>.</punc>
</s>
<s snum="148">
<wf cmd="ignore" pos="PRP">I</wf>
<wf cmd="done" pos="VBP" ot="notag">'ve</wf>
<wf cmd="done" pos="VB" ot="notag">got_to</wf>
<wf cmd="done" pos="VB" lemma="get" wnsn="6" lexsn="2:35:03::">get</wf>
<wf cmd="ignore" pos="DT">the</wf>
<wf cmd="tag" pos="NN">boy</wf>
<punc>.</punc>
</s>
<s snum="149">
<wf cmd="done" pos="VB" ot="notag">Let</wf>
<wf cmd="ignore" pos="POS">'s</wf>
<wf cmd="done" pos="VB" lemma="ride" wnsn="1" lexsn="2:38:01::">ride</wf>
<punc>''</punc>
<punc>.</punc>
</s>
</p>
<p pnum="64">
<s snum="150">
<wf cmd="tag" pos="NNP">Barton</wf>
<wf cmd="ignore" pos="POS">'s</wf>
<wf cmd="tag" pos="NNS">men</wf>
<wf cmd="done" pos="VB" lemma="cut" wnsn="1" lexsn="2:35:00::">cut</wf>
<wf cmd="ignore" pos="DT">the</wf>
<wf cmd="tag" pos="NN">telegraph_wires</wf>
<wf cmd="ignore" pos="IN">in</wf>
<wf cmd="tag" pos="NN">half_a_dozen</wf>
<wf cmd="tag" pos="NNS">places</wf>
<punc>,</punc>
<wf cmd="done" pos="VB" lemma="carry_away" wnsn="1" lexsn="2:35:00::">carrying_away</wf>
<wf cmd="tag" pos="JJ">whole</wf>
<wf cmd="tag" pos="NNS">sections</wf>
<wf cmd="ignore" pos="TO">to</wf>
<wf cmd="done" pos="VB" lemma="make" wnsn="2" lexsn="2:30:00::">make</wf>
<wf cmd="tag" pos="NNS">repairs</wf>
<wf cmd="tag" pos="RBR">more</wf>
<wf cmd="tag" pos="JJ">difficult</wf>
<punc>.</punc>
</s>
<s snum="151">
<wf cmd="ignore" pos="PRP">It</wf>
<wf cmd="done" pos="VB" lemma="be" wnsn="2" lexsn="2:42:06::">was</wf>
<wf cmd="ignore" pos="IN">over</wf>
<wf cmd="ignore" pos="DT">an</wf>
<wf cmd="tag" pos="NN">hour</wf>
<wf cmd="ignore" pos="IN">before</wf>
<wf cmd="ignore" pos="PRP$">their</wf>
<wf cmd="tag" pos="NN">escape</wf>
<wf cmd="done" pos="VBD" ot="notag">was</wf>
<wf cmd="done" pos="VB" lemma="discover" wnsn="1" lexsn="2:39:03::">discovered</wf>
<punc>,</punc>
<wf cmd="ignore" pos="CC">but</wf>
<wf cmd="tag" pos="RB">still</wf>
<wf cmd="ignore" pos="DT">the</wf>
<wf cmd="tag" pos="NN">news</wf>
<wf cmd="ignore" pos="IN">that</wf>
<wf cmd="tag" pos="NNP">Barton</wf>
<wf cmd="done" pos="VB" lemma="be" wnsn="1" lexsn="2:42:03::">was</wf>
<wf cmd="tag" pos="JJ">free</wf>
<wf cmd="done" pos="VB" lemma="flash" wnsn="5" lexsn="2:38:00::">flashed</wf>
<wf cmd="ignore" pos="IN">across</wf>
<wf cmd="ignore" pos="DT">the</wf>
<wf cmd="tag" pos="JJ">central</wf>
<wf cmd="tag" pos="NN">portion</wf>
<wf cmd="ignore" pos="IN">of</wf>
<wf cmd="ignore" pos="DT">the</wf>
<wf cmd="tag" pos="NN">state</wf>
<punc>.</punc>
</s>
</p>
<p pnum="65">
<s snum="152">
<wf cmd="ignore" pos="PRP">It</wf>
<wf cmd="done" pos="VB" lemma="reach" wnsn="1" lexsn="2:38:01::">reached</wf>
<wf cmd="tag" pos="NNP">Donald_Kruger</wf>
<wf cmd="ignore" pos="IN">in</wf>
<wf cmd="ignore" pos="PRP$">his</wf>
<wf cmd="tag" pos="JJ">massive</wf>
<wf cmd="tag" pos="NN">home</wf>
<wf cmd="ignore" pos="IN">in</wf>
<wf cmd="tag" pos="NNP">Burlingame</wf>
<punc>.</punc>
</s>
<s snum="153">
<wf cmd="ignore" pos="PRP">It</wf>
<wf cmd="done" pos="VB" lemma="reach" wnsn="1" lexsn="2:38:01::">reached</wf>
<wf cmd="ignore" pos="DT">the</wf>
<wf cmd="tag" pos="NNS">mines</wf>
<wf cmd="ignore" pos="IN">at</wf>
<wf cmd="tag" pos="NNP">North</wf>
<wf cmd="tag" pos="NN">San_Juan</wf>
<wf cmd="ignore" pos="CC">and</wf>
<wf cmd="tag" pos="NNP">Bloomfield</wf>
<punc>.</punc>
</s>
<s snum="154">
<wf cmd="ignore" pos="PRP">It</wf>
<wf cmd="done" pos="VB" lemma="bring" wnsn="5" lexsn="2:30:00::">brought</wf>
<wf cmd="tag" pos="NNS">men</wf>
<wf cmd="tag" pos="JJ">out_of_bed</wf>
<wf cmd="ignore" pos="CC">and</wf>
<wf cmd="done" pos="VB" lemma="send" wnsn="1" lexsn="2:38:01::">sent</wf>
<wf cmd="ignore" pos="PRP">them</wf>
<wf cmd="ignore" pos="IN">into</wf>
<wf cmd="tag" pos="JJ">hurried</wf>
<wf cmd="tag" pos="NNS">conferences</wf>
<punc>.</punc>
</s>
</p>
<p pnum="66">
<s snum="155">
<wf cmd="ignore" pos="IN">For</wf>
<wf cmd="tag" pos="NN">everyone</wf>
<wf cmd="tag" pos="JJ">involved</wf>
<wf cmd="done" pos="VB" lemma="know" wnsn="1" lexsn="2:31:01::">knew</wf>
<wf cmd="ignore" pos="IN">that</wf>
<wf cmd="ignore" pos="DT">the</wf>
<wf cmd="tag" pos="JJ">whole</wf>
<wf cmd="tag" pos="NN">valley</wf>
<wf cmd="done" pos="VB" lemma="be" wnsn="2" lexsn="2:42:06::">was</wf>
<wf cmd="ignore" pos="DT">a</wf>
<wf cmd="tag" pos="NN">powder_keg</wf>
<punc>,</punc>
<wf cmd="ignore" pos="CC">and</wf>
<wf cmd="tag" pos="NNP">Mitchell_Barton</wf>
<wf cmd="ignore" pos="DT">the</wf>
<wf cmd="tag" pos="NN">fuse</wf>
<wf cmd="ignore" pos="WDT">which</wf>
<wf cmd="ignore" pos="MD">could</wf>
<wf cmd="done" pos="VB" lemma="send" wnsn="1" lexsn="2:38:01::">send</wf>
<wf cmd="ignore" pos="PRP">it</wf>
<wf cmd="ignore" pos="IN">into</wf>
<wf cmd="tag" pos="JJ">explosive</wf>
<wf cmd="tag" pos="NN">violence</wf>
<punc>.</punc>
</s>
</p>
<p pnum="67">
<s snum="156">
<wf cmd="tag" pos="NNP">Creighton_Hague</wf>
<wf cmd="done" pos="VB" lemma="sit" wnsn="1" lexsn="2:35:00::">sat</wf>
<wf cmd="ignore" pos="IN">in</wf>
<wf cmd="ignore" pos="PRP$">his</wf>
<wf cmd="tag" pos="NN">office</wf>
<wf cmd="ignore" pos="IN">above</wf>
<wf cmd="ignore" pos="DT">the</wf>
<wf cmd="tag" pos="NNP">Ione</wf>
<wf cmd="tag" pos="NN">pit</wf>
<punc>.</punc>
</s>
<s snum="157">
<wf cmd="ignore" pos="DT">The</wf>
<wf cmd="tag" pos="NN">office</wf>
<wf cmd="done" pos="VB" lemma="be" wnsn="1" lexsn="2:42:03::">was</wf>
<wf cmd="ignore" pos="IN">of</wf>
<wf cmd="tag" pos="NNS">logs</wf>
<punc>,</punc>
<wf cmd="tag" pos="CD">four</wf>
<wf cmd="tag" pos="NNS">rooms</wf>
<punc>,</punc>
<wf cmd="ignore" pos="DT">each</wf>
<wf cmd="done" pos="VB" lemma="heat" wnsn="1" lexsn="2:30:01::">heated</wf>
<wf cmd="ignore" pos="IN">by</wf>
<wf cmd="ignore" pos="DT">an</wf>
<wf cmd="tag" pos="NN">iron</wf>
<wf cmd="tag" pos="NN">stove</wf>
<punc>.</punc>
</s>
<s snum="158">
<wf cmd="ignore" pos="DT">The</wf>
<wf cmd="tag" pos="NN">building</wf>
<wf cmd="done" pos="VBD" ot="notag">was</wf>
<wf cmd="done" pos="VB" lemma="dwarf" wnsn="1" lexsn="2:42:00::">dwarfed</wf>
<wf cmd="ignore" pos="IN">by</wf>
<wf cmd="ignore" pos="DT">the</wf>
<wf cmd="tag" pos="NN">scene</wf>
<wf cmd="tag" pos="RB">outside</wf>
<punc>.</punc>
</s>
<s snum="159">
<wf cmd="ignore" pos="EX">There</wf>
<wf cmd="ignore" pos="DT">a</wf>
<wf cmd="tag" pos="NN">dozen</wf>
<wf cmd="tag" pos="NN">giant</wf>
<wf cmd="tag" pos="NNS">monitors</wf>
<wf cmd="done" pos="VB" lemma="play" wnsn="9" lexsn="2:38:00::">played</wf>
<wf cmd="ignore" pos="PRP$">their</wf>
<wf cmd="tag" pos="JJ">seventy-five-foot</wf>
<wf cmd="tag" pos="NNS">jets</wf>
<wf cmd="ignore" pos="IN">of</wf>
<wf cmd="tag" pos="NN">water</wf>
<wf cmd="ignore" pos="IN">against</wf>
<wf cmd="ignore" pos="DT">the</wf>
<wf cmd="tag" pos="JJ">huge</wf>
<wf cmd="tag" pos="NN">seam</wf>
<wf cmd="ignore" pos="IN">of</wf>
<wf cmd="tag" pos="JJ">tertiary</wf>
<wf cmd="tag" pos="NN">gravel</wf>
<wf cmd="ignore" pos="WDT">which</wf>
<wf cmd="done" pos="VB" lemma="be" wnsn="2" lexsn="2:42:06::">was</wf>
<wf cmd="ignore" pos="DT">the</wf>
<wf cmd="tag" pos="NN">mountainside</wf>
<punc>.</punc>
</s>
</p>
<p pnum="68">
<s snum="160">
<wf cmd="ignore" pos="DT">The</wf>
<wf cmd="tag" pos="NN">gravel</wf>
<wf cmd="done" pos="VB" lemma="be" wnsn="2" lexsn="2:42:06::">was</wf>
<wf cmd="ignore" pos="DT">the</wf>
<wf cmd="tag" pos="NN">bed</wf>
<wf cmd="ignore" pos="IN">of</wf>
<wf cmd="ignore" pos="DT">an</wf>
<wf cmd="tag" pos="JJ">ancient</wf>
<wf cmd="tag" pos="NN">river</wf>
<punc>,</punc>
<wf cmd="tag" pos="JJ">buckled</wf>
<wf cmd="ignore" pos="IN">in</wf>
<wf cmd="ignore" pos="DT">some</wf>
<wf cmd="tag" pos="JJ">prehistoric</wf>
<wf cmd="tag" pos="NN">upheaval</wf>
<wf cmd="ignore" pos="IN">of</wf>
<wf cmd="tag" pos="NN">earth</wf>
<punc>.</punc>
</s>
<s snum="161">
<wf cmd="ignore" pos="PRP">It</wf>
<wf cmd="done" pos="VBD" ot="notag">was</wf>
<wf cmd="tag" pos="RB">partially</wf>
<wf cmd="done" pos="VB" lemma="cement" wnsn="1" lexsn="2:35:01::">cemented</wf>
<wf cmd="ignore" pos="IN">by</wf>
<wf cmd="tag" pos="NNS">ages</wf>
<wf cmd="ignore" pos="CC">and</wf>
<wf cmd="tag" pos="NN">pressure</wf>
<punc>,</punc>
<wf cmd="tag" pos="RB">yet</wf>
<wf cmd="ignore" pos="PRP">it</wf>
<wf cmd="done" pos="VB" lemma="crumple" wnsn="1" lexsn="2:38:00::">crumpled</wf>
<wf cmd="ignore" pos="IN">before</wf>
<wf cmd="ignore" pos="DT">the</wf>
<wf cmd="tag" pos="NN">onslaught</wf>
<wf cmd="ignore" pos="IN">of</wf>
<wf cmd="ignore" pos="DT">the</wf>
<wf cmd="tag" pos="JJ">powerful</wf>
<wf cmd="tag" pos="NNS">streams</wf>
<punc>,</punc>
<wf cmd="ignore" pos="DT">the</wf>
<wf cmd="tag" pos="NN">force</wf>
<wf cmd="ignore" pos="IN">of</wf>
<wf cmd="tag" pos="JJ">a_thousand</wf>
<wf cmd="tag" pos="NN">fire_hoses</wf>
<punc>,</punc>
<wf cmd="ignore" pos="CC">and</wf>
<wf cmd="ignore" pos="IN">with</wf>
<wf cmd="ignore" pos="DT">the</wf>
<wf cmd="tag" pos="NN">gold</wf>
<wf cmd="ignore" pos="PRP">it</wf>
<wf cmd="done" pos="VB" lemma="hold" wnsn="11" lexsn="2:42:13::">held</wf>
<wf cmd="done" pos="VB" lemma="wash_down" wnsn="2" lexsn="2:30:00::">washed_down</wf>
<wf cmd="ignore" pos="IN">through</wf>
<wf cmd="ignore" pos="DT">the</wf>
<wf cmd="tag" pos="JJ">long</wf>
<wf cmd="tag" pos="NNS">sluices</wf>
<punc>.</punc>
</s>
<s snum="162">
<wf cmd="tag" pos="JJ">A_million</wf>
<wf cmd="tag" pos="NNS">dollars</wf>
<punc>'</punc>
<wf cmd="ignore" pos="IN">of</wf>
<wf cmd="tag" pos="NN">gold</wf>
<wf cmd="ignore" pos="DT">a</wf>
<wf cmd="tag" pos="NN">month</wf>
<punc>.</punc>
</s>
<s snum="163">
<wf cmd="tag" pos="JJ">A_million</wf>
<wf cmd="tag" pos="NNS">tons</wf>
<wf cmd="ignore" pos="IN">of</wf>
<wf cmd="tag" pos="NN">rock</wf>
<wf cmd="ignore" pos="CC">and</wf>
<wf cmd="tag" pos="NN">soil</wf>
<wf cmd="ignore" pos="CC">and</wf>
<wf cmd="tag" pos="NN">brush</wf>
<punc>.</punc>
</s>
</p>
<p pnum="69">
<s snum="164">
<wf cmd="ignore" pos="DT">The</wf>
<wf cmd="tag" pos="NNS">monitors</wf>
<wf cmd="done" pos="VB" lemma="run" wnsn="7" lexsn="2:35:00::">ran</wf>
<wf cmd="tag" pos="NN">twenty-four_hours</wf>
<wf cmd="tag" pos="RB">each_day</wf>
<punc>.</punc>
</s>
<s snum="165">
<wf cmd="ignore" pos="PRP$">Their</wf>
<wf cmd="tag" pos="NN">roar</wf>
<punc>,</punc>
<wf cmd="ignore" pos="IN">like</wf>
<wf cmd="ignore" pos="DT">the</wf>
<wf cmd="tag" pos="JJ">swelling</wf>
<wf cmd="tag" pos="NN">volume</wf>
<wf cmd="ignore" pos="IN">of</wf>
<wf cmd="tag" pos="JJ">a_hundred</wf>
<wf cmd="tag" pos="NNS">tornadoes</wf>
<wf cmd="ignore" pos="MD">could</wf>
<wf cmd="done" pos="VB" ot="notag">be</wf>
<wf cmd="done" pos="VB" lemma="hear" wnsn="1" lexsn="2:39:00::">heard</wf>
<wf cmd="ignore" pos="IN">for</wf>
<wf cmd="tag" pos="NNS">miles</wf>
<punc>.</punc>
</s>
<s snum="166">
<wf cmd="tag" pos="NNP">Hague</wf>
<punc>,</punc>
<wf cmd="ignore" pos="IN">like</wf>
<wf cmd="ignore" pos="DT">all</wf>
<wf cmd="ignore" pos="WP">who</wf>
<wf cmd="done" pos="VB" lemma="work" wnsn="2" lexsn="2:41:00::">worked</wf>
<wf cmd="ignore" pos="IN">near</wf>
<wf cmd="tag" pos="NN">the_pits</wf>
<punc>,</punc>
<wf cmd="done" pos="VB" lemma="be" wnsn="1" lexsn="2:42:03::">was</wf>
<wf cmd="tag" pos="RB">partly</wf>
<wf cmd="tag" pos="JJ">deafened</wf>
<wf cmd="ignore" pos="IN">from</wf>
<wf cmd="ignore" pos="DT">the</wf>
<wf cmd="tag" pos="JJ">constant</wf>
<wf cmd="tag" pos="NN">assault</wf>
<wf cmd="ignore" pos="IN">against</wf>
<wf cmd="ignore" pos="PRP$">his</wf>
<wf cmd="tag" pos="NNS">eardrums</wf>
<punc>.</punc>
</s>
</p>
<p pnum="70">
<s snum="167">
<wf cmd="ignore" pos="PRP">He</wf>
<wf cmd="done" pos="VB" lemma="be" wnsn="2" lexsn="2:42:06::">was</wf>
<wf cmd="ignore" pos="DT">a</wf>
<wf cmd="tag" pos="JJ">big</wf>
<wf cmd="tag" pos="NN">man</wf>
<punc>,</punc>
<wf cmd="done" pos="VB" lemma="wear" wnsn="1" lexsn="2:29:00::">wearing</wf>
<wf cmd="ignore" pos="DT">a</wf>
<wf cmd="tag" pos="JJ">neat</wf>
<wf cmd="tag" pos="NN">flannel</wf>
<wf cmd="tag" pos="NN">shirt</wf>
<wf cmd="ignore" pos="IN">against</wf>
<wf cmd="ignore" pos="DT">the</wf>
<wf cmd="tag" pos="JJ">cold</wf>
<wf cmd="tag" pos="NN">foothill</wf>
<wf cmd="tag" pos="NN">air</wf>
<punc>.</punc>
</s>
<s snum="168">
<wf cmd="tag" pos="NNP">Fat</wf>
<wf cmd="done" pos="VB" lemma="show" wnsn="8" lexsn="2:39:01::">showed</wf>
<wf cmd="ignore" pos="IN">in</wf>
<wf cmd="tag" pos="JJ">loose</wf>
<wf cmd="tag" pos="NNS">rolls</wf>
<wf cmd="ignore" pos="IN">beneath</wf>
<wf cmd="ignore" pos="DT">the</wf>
<wf cmd="tag" pos="NN">shirt</wf>
<punc>.</punc>
</s>
<s snum="169">
<wf cmd="tag" pos="CD">Ten</wf>
<wf cmd="tag" pos="NNS">years</wf>
<wf cmd="tag" pos="JJR">older</wf>
<wf cmd="ignore" pos="IN">than</wf>
<wf cmd="tag" pos="NNP">Mitch_Barton</wf>
<punc>,</punc>
<wf cmd="ignore" pos="PRP">he</wf>
<wf cmd="done" pos="VBD" ot="notag">had</wf>
<wf cmd="done" pos="VB" lemma="claw" wnsn="1" lexsn="2:38:00::">clawed</wf>
<wf cmd="ignore" pos="PRP$">his</wf>
<wf cmd="tag" pos="NN">way</wf>
<wf cmd="tag" pos="RB">up</wf>
<wf cmd="ignore" pos="IN">from</wf>
<wf cmd="tag" pos="NN">mucker</wf>
<wf cmd="ignore" pos="IN">in</wf>
<wf cmd="tag" pos="NN">the_pits</wf>
<wf cmd="ignore" pos="TO">to</wf>
<wf cmd="tag" pos="NN">manager</wf>
<wf cmd="ignore" pos="IN">of</wf>
<wf cmd="ignore" pos="DT">the</wf>
<wf cmd="tag" pos="NN">operation</wf>
<punc>.</punc>
</s>
</p>
<p pnum="71">
<s snum="170">
<wf cmd="ignore" pos="PRP">He</wf>
<wf cmd="done" pos="VB" lemma="be" wnsn="1" lexsn="2:42:03::">was</wf>
<wf cmd="tag" pos="JJ">proud_of</wf>
<wf cmd="ignore" pos="PRP$">his</wf>
<wf cmd="tag" pos="NNS">accomplishments</wf>
<punc>,</punc>
<wf cmd="tag" pos="JJ">proud_of</wf>
<wf cmd="ignore" pos="PRP$">his</wf>
<wf cmd="tag" pos="NN">job</wf>
<punc>,</punc>
<wf cmd="tag" pos="JJ">proud</wf>
<wf cmd="ignore" pos="IN">that</wf>
<wf cmd="tag" pos="NNP">Donald_Kruger</wf>
<wf cmd="ignore" pos="CC">and</wf>
<wf cmd="ignore" pos="PRP$">his</wf>
<wf cmd="tag" pos="NNS">associates</wf>
<wf cmd="done" pos="VB" lemma="trust" wnsn="1" lexsn="2:31:00::">trusted</wf>
<wf cmd="ignore" pos="PRP">him</wf>
<punc>.</punc>
</s>
<s snum="171">
<wf cmd="ignore" pos="PRP">He</wf>
<wf cmd="done" pos="VB" lemma="live" wnsn="2" lexsn="2:42:06::">lived</wf>
<wf cmd="ignore" pos="CC">and</wf>
<wf cmd="done" pos="VB" lemma="breathe" wnsn="2" lexsn="2:42:00::">breathed</wf>
<wf cmd="ignore" pos="IN">for</wf>
<wf cmd="ignore" pos="DT">the</wf>
<wf cmd="tag" pos="NN">mining_company</wf>
<punc>.</punc>
</s>
</p>
<p pnum="72">
<s snum="172">
<wf cmd="ignore" pos="DT">No</wf>
<wf cmd="tag" pos="NN">man</wf>
<wf cmd="ignore" pos="MD">could</wf>
<wf cmd="done" pos="VB" ot="notag">have</wf>
<wf cmd="done" pos="VB" lemma="reach" wnsn="5" lexsn="2:41:00::">reached</wf>
<wf cmd="ignore" pos="PRP$">his</wf>
<wf cmd="tag" pos="NN">spot</wf>
<wf cmd="ignore" pos="CC">nor</wf>
<wf cmd="done" pos="VB" lemma="hold" wnsn="9" lexsn="2:40:04::">held</wf>
<wf cmd="ignore" pos="PRP">it</wf>
<wf cmd="ignore" pos="IN">without</wf>
<wf cmd="done" pos="VB" lemma="be" wnsn="1" lexsn="2:42:03::">being</wf>
<wf cmd="tag" pos="JJ">ruthless</wf>
<punc>,</punc>
<wf cmd="ignore" pos="CC">and</wf>
<wf cmd="tag" pos="NNP">Hague</wf>
<wf cmd="done" pos="VBD" ot="notag">had</wf>
<wf cmd="done" pos="VB" lemma="make" wnsn="2" lexsn="2:30:00::">made</wf>
<wf cmd="ignore" pos="DT">a</wf>
<wf cmd="tag" pos="NN">virtue</wf>
<wf cmd="ignore" pos="IN">of</wf>
<wf cmd="tag" pos="NN">ruthlessness</wf>
<wf cmd="tag" pos="JJ">all_of</wf>
<wf cmd="ignore" pos="PRP$">his</wf>
<wf cmd="tag" pos="NN">life</wf>
<punc>.</punc>
</s>
</p>
<p pnum="73">
<s snum="173">
<wf cmd="ignore" pos="EX">There</wf>
<wf cmd="done" pos="VB" lemma="come" wnsn="3" lexsn="2:30:01::">came</wf>
<wf cmd="ignore" pos="DT">a</wf>
<wf cmd="tag" pos="NN">ghost</wf>
<wf cmd="ignore" pos="IN">of</wf>
<wf cmd="tag" pos="NN">noise</wf>
<wf cmd="ignore" pos="IN">at</wf>
<wf cmd="ignore" pos="DT">the</wf>
<wf cmd="tag" pos="NN">office</wf>
<wf cmd="tag" pos="NN">door</wf>
<wf cmd="ignore" pos="CC">and</wf>
<wf cmd="tag" pos="NNP">Hague</wf>
<wf cmd="done" rdf="swung_around" pos="VB" lemma="swing_around" wnsn="1" lexsn="2:38:00::">swung</wf>
<wf cmd="ignore" pos="TO">to</wf>
<wf cmd="done" pos="VB" lemma="see" wnsn="1" lexsn="2:39:00::">see</wf>
<wf cmd="tag" pos="NNP">Kodyke</wf>
<wf cmd="ignore" pos="IN">in</wf>
<wf cmd="ignore" pos="DT">the</wf>
<wf cmd="tag" pos="NN">entrance</wf>
<wf cmd="ignore" pos="IN">from</wf>
<wf cmd="ignore" pos="DT">the</wf>
<wf cmd="tag" pos="JJ">outer</wf>
<wf cmd="tag" pos="NN">room</wf>
<punc>.</punc>
</s>
<s snum="174">
<wf cmd="tag" pos="NNP">Hague</wf>
<wf cmd="done" pos="VBD" ot="notag">had</wf>
<wf cmd="tag" pos="RB">never</wf>
<wf cmd="done" pos="VB" lemma="accustom" wnsn="1" lexsn="2:30:00::">accustomed</wf>
<wf cmd="ignore" pos="PRP">himself</wf>
<wf cmd="ignore" pos="TO">to</wf>
<wf cmd="tag" pos="NNP">Kodyke</wf>
<punc>.</punc>
</s>
<s snum="175">
<wf cmd="ignore" pos="DT">The</wf>
<wf cmd="tag" pos="NN">man</wf>
<wf cmd="done" pos="VB" lemma="be" wnsn="1" lexsn="2:42:03::">was</wf>
<wf cmd="tag" pos="JJ">tall</wf>
<punc>,</punc>
<wf cmd="tag" pos="JJ">thin</wf>
<punc>,</punc>
<wf cmd="ignore" pos="IN">with</wf>
<wf cmd="ignore" pos="DT">a</wf>
<wf cmd="tag" pos="JJ">narrow</wf>
<wf cmd="tag" pos="NN">face</wf>
<wf cmd="ignore" pos="CC">and</wf>
<wf cmd="ignore" pos="DT">a</wf>
<wf cmd="tag" pos="JJ">too-large</wf>
<wf cmd="tag" pos="NN">nose</wf>
<punc>.</punc>
</s>
<s snum="176">
<wf cmd="ignore" pos="DT">The</wf>
<wf cmd="tag" pos="NNS">eyes</wf>
<wf cmd="tag" pos="RB">always</wf>
<wf cmd="done" pos="VB" lemma="hold" wnsn="1" lexsn="2:42:00::">held</wf>
<wf cmd="tag" pos="NNP">Hague</wf>
<punc>,</punc>
<wf cmd="tag" pos="NNS">eyes</wf>
<wf cmd="ignore" pos="IN">of</wf>
<wf cmd="ignore" pos="DT">a</wf>
<wf cmd="tag" pos="JJ">dead</wf>
<wf cmd="tag" pos="NN">man</wf>
<punc>,</punc>
<wf cmd="tag" pos="JJ">lidless</wf>
<wf cmd="ignore" pos="IN">as</wf>
<wf cmd="ignore" pos="DT">a</wf>
<wf cmd="tag" pos="NN">lizard</wf>
<wf cmd="ignore" pos="POS">'s</wf>
<punc>,</punc>
<wf cmd="ignore" pos="IN">with</wf>
<wf cmd="ignore" pos="DT">the</wf>
<wf cmd="tag" pos="JJ">fixed</wf>
<wf cmd="tag" pos="NN">intensity</wf>
<wf cmd="ignore" pos="IN">of</wf>
<wf cmd="ignore" pos="DT">a</wf>
<wf cmd="tag" pos="NN">cobra</wf>
<punc>.</punc>
</s>
<s snum="177">
<wf cmd="tag" pos="RB">Even</wf>
<wf cmd="tag" pos="NNP">Hague</wf>
<wf cmd="done" pos="VBD" ot="notag">was</wf>
<wf cmd="done" pos="VB" lemma="repel" wnsn="2" lexsn="2:37:00::">repelled</wf>
<wf cmd="ignore" pos="IN">by</wf>
<wf cmd="ignore" pos="DT">the</wf>
<wf cmd="tag" pos="JJ">machinelike</wf>
<wf cmd="tag" pos="NN">deadliness</wf>
<wf cmd="ignore" pos="WDT">that</wf>
<wf cmd="done" pos="VB" lemma="be" wnsn="7" lexsn="2:42:02::">was</wf>
<wf cmd="tag" pos="NNP">Kodyke</wf>
<punc>.</punc>
</s>
</p>
<p pnum="74">
<s snum="178">
<wf cmd="ignore" pos="PRP">He</wf>
<wf cmd="done" pos="VB" lemma="know" wnsn="1" lexsn="2:31:01::">knew</wf>
<wf cmd="tag" pos="NN">nothing</wf>
<wf cmd="ignore" pos="IN">about</wf>
<wf cmd="ignore" pos="DT">the</wf>
<wf cmd="tag" pos="NN">man</wf>
<wf cmd="ignore" pos="POS">'s</wf>
<wf cmd="tag" pos="NN">history</wf>
<punc>.</punc>
</s>
<s snum="179">
<wf cmd="tag" pos="NNP">Kodyke</wf>
<wf cmd="done" pos="VBD" ot="notag">had</wf>
<wf cmd="done" pos="VB" lemma="appear" wnsn="2" lexsn="2:30:00::">appeared</wf>
<wf cmd="ignore" pos="IN">at</wf>
<wf cmd="ignore" pos="DT">the</wf>
<wf cmd="tag" pos="NN">mine</wf>
<wf cmd="tag" pos="RB">one_day</wf>
<wf cmd="done" pos="VB" lemma="bear" wnsn="4" lexsn="2:35:00::">bearing</wf>
<wf cmd="ignore" pos="DT">a</wf>
<wf cmd="tag" pos="NN">letter</wf>
<wf cmd="ignore" pos="IN">from</wf>
<wf cmd="tag" pos="NNP">Kruger</wf>
<punc>.</punc>
</s>
<s snum="180">
<wf cmd="tag" pos="NNP">Kodyke</wf>
<wf cmd="done" pos="VBD" ot="notag">was</wf>
<wf cmd="ignore" pos="TO">to</wf>
<wf cmd="done" pos="VB" lemma="head" wnsn="2" lexsn="2:41:00::">head</wf>
<wf cmd="ignore" pos="DT">the</wf>
<wf cmd="tag" pos="NN">dread</wf>
<wf cmd="tag" pos="NN">company</wf>
<wf cmd="tag" pos="NN">police</wf>
<punc>.</punc>
</s>
<s snum="181">
<wf cmd="ignore" pos="PRP">He</wf>
<wf cmd="done" pos="VB" lemma="run" wnsn="4" lexsn="2:41:02::">ran</wf>
<wf cmd="ignore" pos="DT">the</wf>
<wf cmd="tag" pos="NN">change</wf>
<wf cmd="tag" pos="NNS">rooms</wf>
<punc>.</punc>
</s>
<s snum="182">
<wf cmd="ignore" pos="PRP">He</wf>
<wf cmd="done" pos="VB" lemma="throw_out" wnsn="2" lexsn="2:40:00::">threw_out</wf>
<wf cmd="ignore" pos="DT">the</wf>
<wf cmd="tag" pos="NNS">hi-graders</wf>
<punc>.</punc>
</s>
<s snum="183">
<wf cmd="ignore" pos="PRP">He</wf>
<wf cmd="done" pos="VB" lemma="supervise" wnsn="1" lexsn="2:41:00::">supervised</wf>
<wf cmd="ignore" pos="DT">the</wf>
<wf cmd="tag" pos="NNS">cleanups</wf>
<wf cmd="ignore" pos="CC">and</wf>
<wf cmd="done" pos="VB" lemma="handle" wnsn="1" lexsn="2:41:00::">handled</wf>
<wf cmd="ignore" pos="DT">the</wf>
<wf cmd="tag" pos="NNS">shipments</wf>
<wf cmd="ignore" pos="IN">of</wf>
<wf cmd="tag" pos="JJ">raw</wf>
<wf cmd="tag" pos="NN">gold</wf>
<wf cmd="ignore" pos="WDT">which</wf>
<wf cmd="tag" pos="RB">each_week</wf>
<wf cmd="done" pos="VB" lemma="go_out" wnsn="1" lexsn="2:38:00::">went_out</wf>
<wf cmd="ignore" pos="TO">to</wf>
<wf cmd="tag" pos="NN">San_Francisco</wf>
<punc>.</punc>
</s>
</p>
<p pnum="75">
<s snum="184">
<wf cmd="tag" pos="NNP">Hague</wf>
<wf cmd="done" pos="VB" lemma="squeeze" wnsn="1" lexsn="2:35:05::">squeezed</wf>
<wf cmd="tag" pos="RB">down</wf>
<wf cmd="ignore" pos="PRP$">his</wf>
<wf cmd="tag" pos="JJ">uneasy</wf>
<wf cmd="tag" pos="NN">dislike</wf>
<punc>.</punc>
</s>
<s snum="185">
<wf cmd="ignore" pos="PRP">He</wf>
<wf cmd="done" pos="VB" lemma="pull" wnsn="1" lexsn="2:35:00::">pulled</wf>
<wf cmd="tag" pos="JJ">open</wf>
<wf cmd="ignore" pos="DT">the</wf>
<wf cmd="tag" pos="JJ">top</wf>
<wf cmd="tag" pos="NN">drawer</wf>
<wf cmd="ignore" pos="IN">of</wf>
<wf cmd="ignore" pos="PRP$">his</wf>
<wf cmd="tag" pos="NN">desk</wf>
<wf cmd="ignore" pos="CC">and</wf>
<wf cmd="done" pos="VB" lemma="draw" wnsn="5" lexsn="2:38:01::">drew</wf>
<wf cmd="tag" pos="RB">out</wf>
<wf cmd="ignore" pos="DT">a</wf>
<wf cmd="tag" pos="NN">tintype</wf>
<punc>.</punc>
</s>
</p>
<p pnum="76">
<s snum="186">
<punc>``</punc>
<wf cmd="ignore" pos="DT">This</wf>
<wf cmd="done" pos="VB" lemma="be" wnsn="2" lexsn="2:42:06::">is</wf>
<wf cmd="tag" pos="NNP">Mitchell_Barton</wf>
<punc>.</punc>
</s>
<s snum="187">
<wf cmd="ignore" pos="PRP">He</wf>
<wf cmd="done" pos="VB" lemma="break_out" wnsn="3" lexsn="2:38:00::">broke_out</wf>
<wf cmd="ignore" pos="IN">of</wf>
<wf cmd="tag" pos="NNP">Folsom</wf>
<wf cmd="tag" pos="JJ">last</wf>
<wf cmd="tag" pos="NN">night</wf>
<punc>.</punc>
</s>
<s snum="188">
<wf cmd="tag" pos="RB">Apparently</wf>
<wf cmd="ignore" pos="PRP">he</wf>
<wf cmd="done" pos="VB" lemma="bribe" wnsn="1" lexsn="2:40:00::">bribed</wf>
<wf cmd="tag" pos="CD">one</wf>
<wf cmd="ignore" pos="IN">of</wf>
<wf cmd="ignore" pos="DT">the</wf>
<wf cmd="tag" pos="NNS">guards</wf>
<punc>.</punc>
</s>
<s snum="189">
<wf cmd="ignore" pos="PRP">We</wf>
<wf cmd="done" pos="VB" lemma="want" wnsn="1" lexsn="2:37:00::">want</wf>
<wf cmd="ignore" pos="PRP">him</wf>
<wf cmd="tag" pos="RB">back</wf>
<wf cmd="ignore" pos="EX">there</wf>
<wf cmd="ignore" pos="CC">or</wf>
<wf cmd="ignore" pos="PRP">we</wf>
<wf cmd="done" pos="VB" lemma="want" wnsn="1" lexsn="2:37:00::">want</wf>
<wf cmd="ignore" pos="PRP">him</wf>
<wf cmd="tag" pos="JJ">dead</wf>
<punc>''</punc>
<punc>.</punc>
</s>
</p>
<p pnum="77">
<s snum="190">
<wf cmd="tag" pos="NNP">Kodyke</wf>
<wf cmd="done" pos="VB" lemma="take" wnsn="4" lexsn="2:35:00::">took</wf>
<wf cmd="ignore" pos="DT">the</wf>
<wf cmd="tag" pos="NN">picture</wf>
<wf cmd="ignore" pos="IN">in</wf>
<wf cmd="ignore" pos="DT">a</wf>
<wf cmd="tag" pos="JJ">lean</wf>
<wf cmd="tag" pos="NN">hand</wf>
<punc>,</punc>
<wf cmd="done" pos="VB" lemma="study" wnsn="1" lexsn="2:31:02::">studying</wf>
<wf cmd="ignore" pos="PRP">it</wf>
<wf cmd="tag" pos="RB">thoughtfully</wf>
<punc>.</punc>
</s>
</p>
<p pnum="78">
<s snum="191">
<punc>``</punc>
<wf cmd="tag" pos="JJ">Dangerous</wf>
<punc>''</punc>
<punc>?</punc>
</s>
</p>
<p pnum="79">
<s snum="192">
<punc>``</punc>
<wf cmd="tag" pos="JJ">Dangerous</wf>
<punc>,</punc>
<wf cmd="ignore" pos="UH">yes</wf>
<punc>.</punc>
</s>
<s snum="193">
<wf cmd="ignore" pos="PRP">You</wf>
<wf cmd="done" pos="VB" lemma="know" wnsn="1" lexsn="2:31:01::">know</wf>
<wf cmd="ignore" pos="WRB">how</wf>
<wf cmd="ignore" pos="DT">the</wf>
<wf cmd="tag" pos="NNS">ranchers</wf>
<wf cmd="ignore" pos="IN">in</wf>
<wf cmd="ignore" pos="DT">the</wf>
<wf cmd="tag" pos="NN">valley</wf>
<wf cmd="done" pos="VB" lemma="be" wnsn="1" lexsn="2:42:03::">are</wf>
<punc>.</punc>
</s>
<s snum="194">
<wf cmd="ignore" pos="PRP">They</wf>
<wf cmd="done" pos="VB" lemma="blame" wnsn="1" lexsn="2:32:00::">blame</wf>
<wf cmd="ignore" pos="PRP">us</wf>
<wf cmd="ignore" pos="IN">for</wf>
<wf cmd="ignore" pos="DT">all</wf>
<wf cmd="ignore" pos="PRP$">their</wf>
<wf cmd="tag" pos="NNS">troubles</wf>
<punc>.</punc>
</s>
<s snum="195">
<wf cmd="tag" pos="CD">Ten</wf>
<wf cmd="tag" pos="NNS">years</wf>
<wf cmd="tag" pos="RB">ago</wf>
<wf cmd="ignore" pos="PRP">they</wf>
<wf cmd="done" pos="VB" lemma="blow_up" wnsn="1" lexsn="2:30:03::">blew_up</wf>
<wf cmd="ignore" pos="DT">some</wf>
<wf cmd="ignore" pos="IN">of</wf>
<wf cmd="ignore" pos="PRP$">our</wf>
<wf cmd="tag" pos="NNS">ditches</wf>
<punc>.</punc>
</s>
<s snum="196">
<wf cmd="ignore" pos="PRP">It</wf>
<wf cmd="done" pos="VB" lemma="cost" wnsn="1" lexsn="2:42:00::">cost</wf>
<wf cmd="ignore" pos="PRP">us</wf>
<wf cmd="tag" pos="JJ">a_hundred_thousand</wf>
<wf cmd="tag" pos="NNS">dollars</wf>
<wf cmd="ignore" pos="CC">and</wf>
<wf cmd="tag" pos="CD">thirty</wf>
<wf cmd="tag" pos="NNS">days</wf>
<wf cmd="tag" pos="JJ">lost</wf>
<wf cmd="tag" pos="NN">time</wf>
<wf cmd="ignore" pos="TO">to</wf>
<wf cmd="done" pos="VB" lemma="fix" wnsn="1" lexsn="2:30:01::">fix</wf>
<wf cmd="ignore" pos="PRP">them</wf>
<punc>.</punc>
</s>
<s snum="197">
<wf cmd="ignore" pos="PRP">We</wf>
<wf cmd="done" pos="VBP" ot="notag">do</wf>
<wf cmd="tag" pos="RB">n't</wf>
<wf cmd="done" pos="VB" lemma="want" wnsn="1" lexsn="2:37:00::">want</wf>
<wf cmd="tag" pos="NNP">Barton</wf>
<wf cmd="ignore" pos="POS">'s</wf>
<wf cmd="tag" pos="NN">Night_Riders</wf>
<wf cmd="tag" pos="JJ">loose</wf>
<wf cmd="tag" pos="RB">again</wf>
<punc>''</punc>
<punc>.</punc>
</s>
</p>
<p pnum="80">
<s snum="198">
<wf cmd="ignore" pos="DT">The</wf>
<wf cmd="tag" pos="NN">gunman</wf>
<wf cmd="done" pos="VB" lemma="nod" wnsn="1" lexsn="2:32:01::">nodded</wf>
<punc>,</punc>
<wf cmd="done" pos="VB" lemma="slip" wnsn="2" lexsn="2:30:04::">slipping</wf>
<wf cmd="ignore" pos="DT">the</wf>
<wf cmd="tag" pos="NN">picture</wf>
<wf cmd="ignore" pos="IN">into</wf>
<wf cmd="ignore" pos="PRP$">his</wf>
<wf cmd="tag" pos="NN">breast_pocket</wf>
<punc>,</punc>
<wf cmd="done" pos="VB" lemma="say" wnsn="1" lexsn="2:32:00::">saying</wf>
<wf cmd="tag" pos="NN">nothing</wf>
<punc>.</punc>
</s>
</p>
<p pnum="81">
<s snum="199">
<wf cmd="tag" pos="RB">Normally</wf>
<wf cmd="tag" pos="NNP">Hague</wf>
<wf cmd="done" pos="VB" lemma="waste" wnsn="1" lexsn="2:40:00::">wasted</wf>
<wf cmd="ignore" pos="DT">no</wf>
<wf cmd="tag" pos="NNS">words</wf>
<punc>,</punc>
<wf cmd="ignore" pos="CC">but</wf>
<wf cmd="tag" pos="RB">now</wf>
<wf cmd="ignore" pos="PRP">he</wf>
<wf cmd="done" pos="VB" lemma="find" wnsn="6" lexsn="2:39:01::">found</wf>
<wf cmd="ignore" pos="PRP">himself</wf>
<wf cmd="tag" pos="JJ">unable</wf>
<wf cmd="ignore" pos="TO">to</wf>
<wf cmd="done" pos="VB" lemma="stop" wnsn="2" lexsn="2:42:00::">stop</wf>
<wf cmd="ignore" pos="PRP$">their</wf>
<wf cmd="tag" pos="NN">flow</wf>
<wf cmd="ignore" pos="IN">although</wf>
<wf cmd="ignore" pos="PRP">he</wf>
<wf cmd="done" pos="VB" lemma="know" wnsn="1" lexsn="2:31:01::">knew</wf>
<wf cmd="tag" pos="NNP">Kodyke</wf>
<wf cmd="done" pos="VB" lemma="be" wnsn="1" lexsn="2:42:03::">was</wf>
<wf cmd="tag" pos="JJ">aware_of</wf>
<wf cmd="ignore" pos="DT">all</wf>
<wf cmd="ignore" pos="PRP">he</wf>
<wf cmd="done" pos="VB" lemma="say" wnsn="1" lexsn="2:32:00::">said</wf>
<punc>.</punc>
</s>
</p>
</context>
</contextfile>
