<contextfile concordance="brown">
<context filename="br-n06" paras="yes">
<p pnum="1">
<s snum="1">
<wf cmd="tag" pos="JJ">Such</wf>
<wf cmd="done" pos="VB" lemma="be" wnsn="2" lexsn="2:42:06::">was</wf>
<wf cmd="ignore" pos="PRP$">my</wf>
<wf cmd="tag" pos="NN">state_of_mind</wf>
<wf cmd="ignore" pos="IN">that</wf>
<wf cmd="ignore" pos="PRP">I</wf>
<wf cmd="done" pos="VBD" ot="notag">did</wf>
<wf cmd="tag" pos="RB">not</wf>
<wf cmd="done" pos="VB" lemma="question" wnsn="1" lexsn="2:32:01::">question</wf>
<wf cmd="ignore" pos="DT">the</wf>
<wf cmd="tag" pos="NN">possibility</wf>
<wf cmd="tag" pos="RB">of_this</wf>
<punc>;</punc>
<wf cmd="tag" pos="RB">under_the_circumstances</wf>
<wf cmd="ignore" pos="PRP">I</wf>
<wf cmd="done" pos="VB" lemma="be" wnsn="1" lexsn="2:42:03::">was</wf>
<wf cmd="tag" pos="RB">only_too</wf>
<wf cmd="tag" pos="JJ">willing</wf>
<wf cmd="ignore" pos="TO">to</wf>
<wf cmd="done" pos="VB" lemma="confess" wnsn="2" lexsn="2:32:01::">confess</wf>
<wf cmd="ignore" pos="DT">all</wf>
<punc>.</punc>
</s>
<s snum="2">
<wf cmd="ignore" pos="PRP">I</wf>
<wf cmd="done" pos="VB" lemma="be" wnsn="1" lexsn="2:42:03::">was</wf>
<wf cmd="tag" pos="RB">nearly</wf>
<wf cmd="tag" pos="CD">thirty</wf>
<wf cmd="tag" pos="RB">at_the_time</wf>
<punc>.</punc>
</s>
</p>
<p pnum="2">
<s snum="3">
<wf cmd="ignore" pos="PRP">I</wf>
<wf cmd="done" pos="VB" lemma="go_to" wnsn="0" lexsn="2:38:00::">went_to</wf>
<wf cmd="ignore" pos="DT">the</wf>
<wf cmd="tag" pos="NN">hall</wf>
<wf cmd="ignore" pos="IN">in</wf>
<wf cmd="ignore" pos="DT">the</wf>
<wf cmd="tag" pos="NNS">afternoons</wf>
<wf cmd="tag" pos="RB">only</wf>
<punc>,</punc>
<wf cmd="ignore" pos="IN">on</wf>
<wf cmd="ignore" pos="DT">these</wf>
<wf cmd="tag" pos="JJ">preliminary</wf>
<wf cmd="tag" pos="NNS">matters</wf>
<punc>.</punc>
</s>
<s snum="4">
<wf cmd="ignore" pos="PRP">It</wf>
<wf cmd="done" pos="VB" lemma="be" wnsn="1" lexsn="2:42:03::">was</wf>
<wf cmd="tag" pos="JJ">dark</wf>
<wf cmd="ignore" pos="CC">and</wf>
<punc>,</punc>
<wf cmd="ignore" pos="PRP">I</wf>
<wf cmd="done" pos="VB" lemma="sense" wnsn="1" lexsn="2:39:00::">sensed</wf>
<punc>,</punc>
<wf cmd="tag" pos="RB">very</wf>
<wf cmd="tag" pos="JJ">large</wf>
<punc>;</punc>
<wf cmd="tag" pos="RB">only</wf>
<wf cmd="ignore" pos="DT">the</wf>
<wf cmd="tag" pos="NN">counter</wf>
<wf cmd="ignore" pos="IN">at</wf>
<wf cmd="tag" pos="CD">one</wf>
<wf cmd="tag" pos="NN">end</wf>
<wf cmd="done" pos="VBD" ot="notag">was</wf>
<wf cmd="done" pos="VB" lemma="light" wnsn="1" lexsn="2:30:00::">lighted</wf>
<wf cmd="ignore" pos="IN">by</wf>
<wf cmd="ignore" pos="DT">a</wf>
<wf cmd="tag" pos="JJ">long</wf>
<wf cmd="tag" pos="JJ">fluorescent</wf>
<wf cmd="tag" pos="NN">tube</wf>
<wf cmd="done" pos="VB" lemma="suspend" wnsn="1" lexsn="2:35:00::">suspended</wf>
<wf cmd="tag" pos="RB">directly</wf>
<wf cmd="ignore" pos="IN">above</wf>
<wf cmd="ignore" pos="PRP">it</wf>
<punc>.</punc>
</s>
<s snum="5">
<wf cmd="tag" pos="RB">Sometimes</wf>
<wf cmd="ignore" pos="PRP">I</wf>
<wf cmd="done" pos="VB" lemma="be" wnsn="1" lexsn="2:42:03::">was</wf>
<wf cmd="tag" pos="JJ">aware_of</wf>
<wf cmd="tag" pos="NNS">people</wf>
<wf cmd="done" pos="VB" lemma="move" wnsn="1" lexsn="2:38:03::">moving</wf>
<wf cmd="ignore" pos="IN">about</wf>
<wf cmd="ignore" pos="IN">in</wf>
<wf cmd="ignore" pos="DT">the</wf>
<wf cmd="tag" pos="NN">darkness</wf>
<punc>.</punc>
</s>
<s snum="6">
<wf cmd="ignore" pos="PRP">I</wf>
<wf cmd="ignore" pos="MD">would</wf>
<wf cmd="done" pos="VB" lemma="turn" wnsn="1" lexsn="2:38:00::">turn</wf>
<wf cmd="done" pos="VB" ot="notag">away</wf>
<wf cmd="ignore" pos="IN">from</wf>
<wf cmd="ignore" pos="PRP$">my</wf>
<wf cmd="tag" pos="NN">writing</wf>
<wf cmd="ignore" pos="IN">in</wf>
<wf cmd="ignore" pos="DT">the</wf>
<wf cmd="tag" pos="NN">hope</wf>
<wf cmd="ignore" pos="IN">of</wf>
<wf cmd="done" rdf="get_a_look" pos="VB" lemma="get_a_look" wnsn="1" lexsn="2:39:00::">getting</wf>
<wf cmd="ignore" pos="DT">a</wf>
<wf cmd="tag" pos="JJ">good</wf>
<wf cmd="done" pos="VB" ot="notag">look</wf>
<wf cmd="done" pos="VB" ot="notag">at</wf>
<wf cmd="ignore" pos="PRP">them</wf>
<wf cmd="ignore" pos="CC">but</wf>
<wf cmd="ignore" pos="PRP">I</wf>
<wf cmd="tag" pos="RB">never</wf>
<wf cmd="tag" pos="RB">quite</wf>
<wf cmd="done" pos="VB" lemma="succeed" wnsn="1" lexsn="2:41:00::">succeeded</wf>
<punc>.</punc>
</s>
<s snum="7">
<wf cmd="ignore" pos="DT">A</wf>
<wf cmd="tag" pos="NN">glimpse</wf>
<wf cmd="ignore" pos="IN">of</wf>
<wf cmd="tag" pos="CD">three</wf>
<wf cmd="ignore" pos="IN">of</wf>
<wf cmd="tag" pos="CD">four</wf>
<wf cmd="tag" pos="JJ">vague</wf>
<wf cmd="tag" pos="NNS">figures</wf>
<punc>,</punc>
<wf cmd="tag" pos="RB">at_the_most</wf>
<punc>.</punc>
</s>
<s snum="8">
<wf cmd="done" pos="VB" lemma="drift" wnsn="3" lexsn="2:38:01::">Drifting</wf>
<wf cmd="tag" pos="RB">here_and_there</wf>
<punc>.</punc>
</s>
<s snum="9">
<wf cmd="done" pos="VB" lemma="squat" wnsn="1" lexsn="2:35:00::">Squatting</wf>
<punc>,</punc>
<wf cmd="ignore" pos="IN">as</wf>
<wf cmd="ignore" pos="IN">if</wf>
<wf cmd="done" pos="VB" lemma="wait" wnsn="1" lexsn="2:42:00::">waiting</wf>
<punc>.</punc>
</s>
<s snum="10">
<wf cmd="ignore" pos="DT">The</wf>
<wf cmd="done" pos="VB" lemma="pulse" wnsn="1" lexsn="2:38:00::">pulsing</wf>
<wf cmd="tag" pos="NN">glow</wf>
<wf cmd="ignore" pos="IN">of</wf>
<wf cmd="ignore" pos="DT">a</wf>
<wf cmd="tag" pos="NN">cigarette</wf>
<punc>.</punc>
</s>
<s snum="11">
<wf cmd="ignore" pos="IN">Since</wf>
<wf cmd="ignore" pos="PRP">they</wf>
<wf cmd="ignore" pos="MD">could</wf>
<wf cmd="done" pos="VB" lemma="see" wnsn="1" lexsn="2:39:00::">see</wf>
<wf cmd="ignore" pos="PRP">me</wf>
<wf cmd="ignore" pos="CC">but</wf>
<wf cmd="ignore" pos="PRP">I</wf>
<wf cmd="tag" pos="RB">not</wf>
<wf cmd="ignore" pos="PRP">them</wf>
<punc>,</punc>
<wf cmd="ignore" pos="PRP$">their</wf>
<wf cmd="tag" pos="NN">presence</wf>
<wf cmd="ignore" pos="IN">in</wf>
<wf cmd="ignore" pos="DT">the</wf>
<wf cmd="tag" pos="NN">hall</wf>
<wf cmd="done" pos="VB" lemma="disturb" wnsn="1" lexsn="2:37:00::">disturbed</wf>
<wf cmd="ignore" pos="PRP">me</wf>
<punc>.</punc>
</s>
<s snum="12">
<wf cmd="ignore" pos="DT">The</wf>
<wf cmd="tag" pos="NN">clerk</wf>
<wf cmd="done" rdf="paid_attention" pos="VB" lemma="pay_attention" wnsn="0" lexsn="2:39:00::">paid</wf>
<wf cmd="ignore" pos="PRP">them</wf>
<wf cmd="ignore" pos="DT">no</wf>
<wf cmd="tag" pos="NN">attention</wf>
<punc>.</punc>
</s>
<s snum="13">
<wf cmd="ignore" pos="DT">This</wf>
<wf cmd="done" pos="VB" lemma="impress" wnsn="2" lexsn="2:37:00::">impressed</wf>
<wf cmd="ignore" pos="PRP">me</wf>
<punc>,</punc>
<wf cmd="ignore" pos="IN">until</wf>
<wf cmd="ignore" pos="PRP">I</wf>
<wf cmd="done" pos="VB" lemma="realize" wnsn="1" lexsn="2:31:01::">realized</wf>
<wf cmd="ignore" pos="WRB">how</wf>
<wf cmd="tag" pos="JJ">limited</wf>
<wf cmd="done" pos="VB" lemma="be" wnsn="1" lexsn="2:42:03::">was</wf>
<wf cmd="ignore" pos="PRP$">his</wf>
<wf cmd="tag" pos="NN">sphere_of_influence</wf>
<punc>.</punc>
</s>
<s snum="14">
<wf cmd="ignore" pos="PRP$">His</wf>
<wf cmd="tag" pos="NN">job</wf>
<wf cmd="tag" pos="RB">simply</wf>
<wf cmd="done" pos="VB" lemma="consist_in" wnsn="0" lexsn="2:42:00::">consisted_in</wf>
<wf cmd="done" pos="VB" lemma="register" wnsn="2" lexsn="2:32:03::">registering</wf>
<wf cmd="tag" pos="JJ">new</wf>
<wf cmd="tag" pos="NNS">men</wf>
<punc>.</punc>
</s>
<s snum="15">
<wf cmd="ignore" pos="WRB">When</wf>
<wf cmd="ignore" pos="DT">the</wf>
<wf cmd="tag" pos="NN">phone</wf>
<wf cmd="done" pos="VB" lemma="ring" wnsn="1" lexsn="2:39:00::">rang</wf>
<wf cmd="ignore" pos="PRP">he</wf>
<wf cmd="done" pos="VB" lemma="answer" wnsn="2" lexsn="2:31:02::">answered</wf>
<wf cmd="ignore" pos="PRP">it</wf>
<punc>.</punc>
</s>
<s snum="16">
<wf cmd="ignore" pos="PRP$">His</wf>
<wf cmd="tag" pos="NN">authority</wf>
<wf cmd="done" pos="VB" lemma="extend_to" wnsn="1" lexsn="2:42:00::">extended_to</wf>
<wf cmd="ignore" pos="DT">the</wf>
<wf cmd="tag" pos="JJ">far</wf>
<wf cmd="tag" pos="NN">edge</wf>
<wf cmd="ignore" pos="IN">of</wf>
<wf cmd="ignore" pos="DT">the</wf>
<wf cmd="tag" pos="NN">counter</wf>
<punc>,</punc>
<wf cmd="ignore" pos="DT">no</wf>
<wf cmd="tag" pos="JJ">further</wf>
<punc>.</punc>
</s>
<s snum="17">
<wf cmd="tag" pos="NN">None</wf>
<wf cmd="ignore" pos="IN">of</wf>
<wf cmd="ignore" pos="DT">the</wf>
<wf cmd="tag" pos="NNS">men</wf>
<wf cmd="done" pos="VB" lemma="hang_around" wnsn="1" lexsn="2:42:00::">hanging_around</wf>
<wf cmd="ignore" pos="DT">the</wf>
<wf cmd="tag" pos="NN">hall</wf>
<wf cmd="done" pos="VB" lemma="bother" wnsn="1" lexsn="2:41:00::">bothered</wf>
<wf cmd="ignore" pos="TO">to</wf>
<wf cmd="done" pos="VB" lemma="speak" wnsn="2" lexsn="2:32:01::">speak</wf>
<wf cmd="done" pos="VB" ot="notag">to</wf>
<wf cmd="ignore" pos="PRP">him</wf>
<punc>.</punc>
</s>
<s snum="18">
<wf cmd="tag" pos="NN">Baldness</wf>
<wf cmd="done" pos="VBD" ot="notag">was</wf>
<wf cmd="done" pos="VB" lemma="attack" wnsn="4" lexsn="2:33:02::">attacking</wf>
<wf cmd="ignore" pos="PRP$">his</wf>
<wf cmd="tag" pos="NN">pate</wf>
<punc>.</punc>
</s>
<s snum="19">
<wf cmd="ignore" pos="PRP">He</wf>
<wf cmd="done" pos="VB" lemma="speak_to" wnsn="0" lexsn="2:32:00::">spoke_to</wf>
<wf cmd="ignore" pos="PRP">me</wf>
<wf cmd="ignore" pos="IN">in</wf>
<wf cmd="ignore" pos="DT">a</wf>
<wf cmd="tag" pos="JJ">gruff</wf>
<wf cmd="tag" pos="NN">voice</wf>
<punc>,</punc>
<wf cmd="ignore" pos="DT">an</wf>
<wf cmd="tag" pos="NN">affectation</wf>
<wf cmd="ignore" pos="WDT">which</wf>
<wf cmd="tag" pos="RB">quite</wf>
<wf cmd="done" pos="VB" lemma="belie" wnsn="1" lexsn="2:42:00::">belied</wf>
<wf cmd="ignore" pos="PRP$">his</wf>
<wf cmd="tag" pos="NN">personality</wf>
<punc>.</punc>
</s>
<s snum="20">
<wf cmd="ignore" pos="PRP">He</wf>
<wf cmd="done" pos="VB" lemma="wear" wnsn="1" lexsn="2:29:00::">wore</wf>
<wf cmd="ignore" pos="PRP$">his</wf>
<wf cmd="tag" pos="JJ">white</wf>
<wf cmd="tag" pos="NN">shirt</wf>
<wf cmd="tag" pos="JJ">open</wf>
<wf cmd="ignore" pos="IN">at</wf>
<wf cmd="ignore" pos="DT">the</wf>
<wf cmd="tag" pos="NN">neck</wf>
<punc>,</punc>
<wf cmd="done" pos="VB" lemma="reveal" wnsn="1" lexsn="2:39:00::">revealing</wf>
<wf cmd="tag" pos="RB">a_bit</wf>
<wf cmd="ignore" pos="IN">of</wf>
<wf cmd="tag" pos="JJ">scrawny</wf>
<wf cmd="tag" pos="JJ">pale</wf>
<wf cmd="tag" pos="NN">chest</wf>
<wf cmd="ignore" pos="IN">underneath</wf>
<punc>.</punc>
</s>
<s snum="21">
<wf cmd="ignore" pos="PRP">It</wf>
<wf cmd="done" pos="VB" lemma="be" wnsn="1" lexsn="2:42:03::">was</wf>
<wf cmd="tag" pos="JJ">obvious</wf>
<wf cmd="ignore" pos="IN">that</wf>
<wf cmd="ignore" pos="PRP">he</wf>
<wf cmd="done" pos="VB" lemma="wish" wnsn="1" lexsn="2:37:00::">wished</wf>
<wf cmd="ignore" pos="PRP">himself</wf>
<wf cmd="tag" pos="JJ">different</wf>
<wf cmd="ignore" pos="IN">from</wf>
<wf cmd="ignore" pos="DT">the</wf>
<wf cmd="tag" pos="RB">sort_of</wf>
<wf cmd="tag" pos="NN">person</wf>
<wf cmd="ignore" pos="PRP">he</wf>
<wf cmd="done" pos="VB" lemma="think" wnsn="1" lexsn="2:31:01::">thought</wf>
<wf cmd="ignore" pos="PRP">he</wf>
<wf cmd="done" pos="VB" lemma="be" wnsn="2" lexsn="2:42:06::">was</wf>
<punc>.</punc>
</s>
<s snum="22">
<wf cmd="ignore" pos="CC">But</wf>
<wf cmd="ignore" pos="PRP">it</wf>
<wf cmd="done" pos="VB" lemma="be" wnsn="1" lexsn="2:42:03::">was</wf>
<wf cmd="tag" pos="RB">not</wf>
<wf cmd="tag" pos="JJ">easy</wf>
<wf cmd="ignore" pos="IN">for</wf>
<wf cmd="ignore" pos="PRP">him</wf>
<wf cmd="ignore" pos="CC">and</wf>
<wf cmd="ignore" pos="PRP">he</wf>
<wf cmd="tag" pos="RB">often</wf>
<wf cmd="done" pos="VB" lemma="slip" wnsn="6" lexsn="2:31:00::">slipped</wf>
<punc>.</punc>
</s>
<s snum="23">
<wf cmd="ignore" pos="WRB">When</wf>
<wf cmd="tag" pos="CD">one</wf>
<wf cmd="ignore" pos="IN">of</wf>
<wf cmd="ignore" pos="DT">the</wf>
<wf cmd="tag" pos="NNS">men</wf>
<wf cmd="ignore" pos="IN">in</wf>
<wf cmd="ignore" pos="DT">the</wf>
<wf cmd="tag" pos="NN">hall</wf>
<wf cmd="ignore" pos="IN">behind</wf>
<wf cmd="ignore" pos="PRP">us</wf>
<wf cmd="done" pos="VB" lemma="spit" wnsn="1" lexsn="2:29:00::">spat</wf>
<wf cmd="ignore" pos="IN">on</wf>
<wf cmd="ignore" pos="DT">the</wf>
<wf cmd="tag" pos="NN">floor</wf>
<wf cmd="ignore" pos="CC">and</wf>
<wf cmd="done" pos="VB" lemma="scrape" wnsn="1" lexsn="2:35:00::">scraped</wf>
<wf cmd="ignore" pos="PRP$">his</wf>
<wf cmd="tag" pos="NN">boot</wf>
<wf cmd="ignore" pos="IN">over</wf>
<wf cmd="ignore" pos="DT">the</wf>
<wf cmd="tag" pos="NN">gob</wf>
<wf cmd="ignore" pos="IN">of</wf>
<wf cmd="tag" pos="NN">spittle</wf>
<wf cmd="ignore" pos="PRP">I</wf>
<wf cmd="done" pos="VB" lemma="notice" wnsn="1" lexsn="2:39:04::">noticed</wf>
<wf cmd="ignore" pos="WRB">how</wf>
<wf cmd="ignore" pos="DT">the</wf>
<wf cmd="tag" pos="NN">clerk</wf>
<wf cmd="done" pos="VB" lemma="wince" wnsn="1" lexsn="2:38:00::">winced</wf>
<punc>.</punc>
</s>
<s snum="24">
<wf cmd="ignore" pos="PRP">I</wf>
<wf cmd="done" pos="VB" lemma="feel" wnsn="2" lexsn="2:31:00::">felt</wf>
<wf cmd="tag" pos="JJ">certain</wf>
<wf cmd="ignore" pos="PRP">he</wf>
<wf cmd="done" pos="VB" lemma="be" wnsn="2" lexsn="2:42:06::">was</wf>
<wf cmd="tag" pos="RB">really</wf>
<wf cmd="ignore" pos="DT">a</wf>
<wf cmd="tag" pos="JJ">spineless</wf>
<wf cmd="tag" pos="JJ">little</wf>
<wf cmd="tag" pos="NN">man</wf>
<punc>.</punc>
</s>
<s snum="25">
<wf cmd="ignore" pos="PRP$">His</wf>
<wf cmd="tag" pos="NN">hat</wf>
<punc>(</punc>
<wf cmd="ignore" pos="DT">the</wf>
<wf cmd="tag" pos="NN">cause</wf>
<wf cmd="ignore" pos="IN">of</wf>
<wf cmd="ignore" pos="PRP$">his</wf>
<wf cmd="tag" pos="NN">baldness</wf>
<punc>?</punc>
<punc>)</punc>
</s>
<s snum="26">
<wf cmd="done" pos="VB" lemma="hang" wnsn="1" lexsn="2:35:03::">hung</wf>
<wf cmd="done" pos="VB" ot="notag">on</wf>
<wf cmd="ignore" pos="DT">a</wf>
<wf cmd="tag" pos="NN">hook</wf>
<wf cmd="ignore" pos="IN">on</wf>
<wf cmd="ignore" pos="DT">the</wf>
<wf cmd="tag" pos="NN">wall</wf>
<punc>,</punc>
<wf cmd="ignore" pos="CC">and</wf>
<wf cmd="ignore" pos="IN">underneath</wf>
<wf cmd="ignore" pos="PRP">it</wf>
<wf cmd="ignore" pos="PRP">I</wf>
<wf cmd="ignore" pos="MD">could</wf>
<wf cmd="done" pos="VB" lemma="see" wnsn="1" lexsn="2:39:00::">see</wf>
<wf cmd="ignore" pos="PRP$">his</wf>
<wf cmd="tag" pos="NN">tie</wf>
<punc>,</punc>
<wf cmd="tag" pos="JJ">knotted</wf>
<punc>,</punc>
<wf cmd="tag" pos="JJ">ready_to</wf>
<wf cmd="done" pos="VB" ot="notag">be</wf>
<wf cmd="done" pos="VB" lemma="slip" wnsn="3" lexsn="2:38:00::">slipped</wf>
<wf cmd="ignore" pos="IN">over</wf>
<wf cmd="ignore" pos="PRP$">his</wf>
<wf cmd="tag" pos="NN">head</wf>
<punc>,</punc>
<wf cmd="ignore" pos="DT">a</wf>
<wf cmd="tag" pos="JJ">black</wf>
<wf cmd="tag" pos="NN">badge</wf>
<wf cmd="ignore" pos="IN">of</wf>
<wf cmd="tag" pos="JJ">frayed</wf>
<wf cmd="tag" pos="NN">respectability</wf>
<wf cmd="ignore" pos="WDT">that</wf>
<wf cmd="ignore" pos="MD">ought</wf>
<wf cmd="tag" pos="RB">never</wf>
<wf cmd="ignore" pos="TO">to</wf>
<wf cmd="done" pos="VB" ot="notag">have_left</wf>
<wf cmd="ignore" pos="PRP$">his</wf>
<wf cmd="tag" pos="NN">neck</wf>
<punc>.</punc>
</s>
<s snum="27">
<wf cmd="ignore" pos="DT">The</wf>
<wf cmd="tag" pos="NN">morning</wf>
<wf cmd="ignore" pos="POS">'s</wf>
<wf cmd="tag" pos="NNS">tabloids</wf>
<wf cmd="done" pos="VB" lemma="be" wnsn="3" lexsn="2:42:05::">were</wf>
<wf cmd="done" pos="VB" ot="notag">on</wf>
<wf cmd="ignore" pos="DT">the</wf>
<wf cmd="tag" pos="NN">counter</wf>
<punc>,</punc>
<wf cmd="ignore" pos="CC">and</wf>
<wf cmd="ignore" pos="DT">a</wf>
<wf cmd="tag" pos="NN">stack</wf>
<wf cmd="ignore" pos="IN">of</wf>
<wf cmd="tag" pos="JJ">dog-eared</wf>
<wf cmd="tag" pos="NNS">men</wf>
<wf cmd="ignore" pos="POS">'s</wf>
<wf cmd="tag" pos="NNS">magazines</wf>
<punc>.</punc>
</s>
<s snum="28">
<wf cmd="ignore" pos="IN">On</wf>
<wf cmd="ignore" pos="DT">a</wf>
<wf cmd="tag" pos="NN">shelf</wf>
<wf cmd="ignore" pos="IN">in</wf>
<wf cmd="ignore" pos="DT">the</wf>
<wf cmd="tag" pos="NN">office</wf>
<wf cmd="ignore" pos="IN">behind</wf>
<wf cmd="ignore" pos="DT">the</wf>
<wf cmd="tag" pos="NN">counter</wf>
<wf cmd="done" pos="VB" lemma="be" wnsn="3" lexsn="2:42:05::">was</wf>
<wf cmd="ignore" pos="DT">a</wf>
<wf cmd="tag" pos="JJ">small</wf>
<wf cmd="tag" pos="NN">radio</wf>
<wf cmd="done" pos="VB" lemma="dial" wnsn="1" lexsn="2:32:00::">dialed</wf>
<wf cmd="tag" pos="RB">permanently</wf>
<wf cmd="ignore" pos="IN">on</wf>
<wf cmd="ignore" pos="DT">a</wf>
<wf cmd="tag" pos="NN">station</wf>
<wf cmd="ignore" pos="WDT">which</wf>
<wf cmd="tag" pos="NN">broadcast</wf>
<wf cmd="tag" pos="RB">only</wf>
<wf cmd="tag" pos="JJ">vulgar</wf>
<wf cmd="tag" pos="NNS">commercials</wf>
<wf cmd="ignore" pos="CC">and</wf>
<wf cmd="tag" pos="JJ">cheap</wf>
<wf cmd="tag" pos="NN">popular_music</wf>
<punc>.</punc>
</s>
<s snum="29">
<wf cmd="tag" pos="NN">Everything</wf>
<wf cmd="ignore" pos="IN">about</wf>
<wf cmd="ignore" pos="DT">the</wf>
<wf cmd="tag" pos="NN">clerk</wf>
<wf cmd="done" pos="VB" lemma="be" wnsn="1" lexsn="2:42:03::">was</wf>
<wf cmd="tag" pos="JJ">trivial</wf>
<punc>.</punc>
</s>
<s snum="30">
<wf cmd="tag" pos="RB">Once</wf>
<punc>,</punc>
<wf cmd="done" pos="VB" lemma="press" wnsn="2" lexsn="2:32:00::">pressing</wf>
<wf cmd="ignore" pos="PRP">him</wf>
<punc>,</punc>
<wf cmd="ignore" pos="PRP">I</wf>
<wf cmd="done" pos="VB" lemma="learn" wnsn="2" lexsn="2:31:01::">learned</wf>
<wf cmd="ignore" pos="IN">that</wf>
<wf cmd="ignore" pos="PRP$">his</wf>
<wf cmd="tag" pos="NN">job</wf>
<wf cmd="done" pos="VB" lemma="be" wnsn="1" lexsn="2:42:03::">was</wf>
<wf cmd="tag" pos="RB">only</wf>
<wf cmd="tag" pos="JJ">part-time</wf>
<punc>,</punc>
<wf cmd="ignore" pos="IN">in</wf>
<wf cmd="ignore" pos="DT">the</wf>
<wf cmd="tag" pos="NNS">afternoons</wf>
<wf cmd="ignore" pos="WRB">when</wf>
<wf cmd="tag" pos="NN">nothing</wf>
<wf cmd="done" pos="VB" lemma="go_on" wnsn="2" lexsn="2:30:00::">went_on</wf>
<wf cmd="ignore" pos="IN">in</wf>
<wf cmd="ignore" pos="DT">the</wf>
<wf cmd="tag" pos="NN">hall</wf>
<punc>.</punc>
</s>
<s snum="31">
<wf cmd="done" pos="VB" lemma="notice" wnsn="1" lexsn="2:39:04::">Noticing</wf>
<wf cmd="ignore" pos="PRP$">my</wf>
<wf cmd="tag" pos="NN">disappointment</wf>
<wf cmd="ignore" pos="PRP">he</wf>
<wf cmd="done" pos="VB" lemma="attempt" wnsn="1" lexsn="2:41:00::">attempted</wf>
<wf cmd="ignore" pos="TO">to</wf>
<wf cmd="done" pos="VB" lemma="salvage" wnsn="1" lexsn="2:41:00::">salvage</wf>
<wf cmd="ignore" pos="WP">what</wf>
<wf cmd="tag" pos="NNS">scraps</wf>
<wf cmd="ignore" pos="CC">and</wf>
<wf cmd="tag" pos="NNS">shreds</wf>
<wf cmd="ignore" pos="IN">of</wf>
<wf cmd="tag" pos="NN">authority</wf>
<wf cmd="ignore" pos="PRP">he</wf>
<wf cmd="done" pos="VB" lemma="feel" wnsn="2" lexsn="2:31:00::">felt</wf>
<wf cmd="ignore" pos="MD">might</wf>
<wf cmd="tag" pos="RB">still</wf>
<wf cmd="done" pos="VB" ot="notag">be</wf>
<wf cmd="done" pos="VB" lemma="cling_to" wnsn="1" lexsn="2:35:00::">clinging_to</wf>
<wf cmd="ignore" pos="PRP$">his</wf>
<wf cmd="tag" pos="NN">person</wf>
<punc>.</punc>
</s>
<s snum="32">
<wf cmd="ignore" pos="IN">With</wf>
<wf cmd="tag" pos="NN">distaste</wf>
<wf cmd="ignore" pos="PRP">I</wf>
<wf cmd="done" pos="VB" lemma="see" wnsn="1" lexsn="2:39:00::">saw</wf>
<wf cmd="ignore" pos="PRP">him</wf>
<wf cmd="done" pos="VB" lemma="assume" wnsn="3" lexsn="2:30:00::">assume</wf>
<wf cmd="ignore" pos="DT">a</wf>
<wf cmd="tag" pos="JJ">pompous</wf>
<wf cmd="tag" pos="NN">air</wf>
<punc>.</punc>
</s>
<s snum="33">
<wf cmd="ignore" pos="WRB">When</wf>
<wf cmd="ignore" pos="PRP">he</wf>
<wf cmd="done" pos="VB" lemma="see" wnsn="1" lexsn="2:39:00::">saw</wf>
<wf cmd="ignore" pos="PRP">me</wf>
<wf cmd="done" pos="VB" lemma="come" wnsn="1" lexsn="2:38:00::">coming</wf>
<wf cmd="ignore" pos="PRP">he</wf>
<wf cmd="done" rdf="turned_off" pos="VB" lemma="turn_off" wnsn="1" lexsn="2:35:00::">turned</wf>
<wf cmd="ignore" pos="PRP$">his</wf>
<wf cmd="tag" pos="NN">radio</wf>
<wf cmd="tag" pos="RB">off</wf>
<punc>.</punc>
</s>
<s snum="34">
<wf cmd="ignore" pos="PRP">He</wf>
<wf cmd="done" pos="VB" lemma="make" wnsn="2" lexsn="2:30:00::">made</wf>
<wf cmd="ignore" pos="DT">a</wf>
<wf cmd="tag" pos="NN">show</wf>
<wf cmd="ignore" pos="IN">of</wf>
<wf cmd="done" pos="VB" lemma="rearrange" wnsn="1" lexsn="2:30:00::">rearranging</wf>
<wf cmd="ignore" pos="PRP$">my</wf>
<wf cmd="tag" pos="NNS">forms</wf>
<wf cmd="ignore" pos="IN">on</wf>
<wf cmd="ignore" pos="DT">the</wf>
<wf cmd="tag" pos="NN">shelf</wf>
<punc>.</punc>
</s>
<s snum="35">
<wf cmd="ignore" pos="PRP">He</wf>
<wf cmd="ignore" pos="MD">would</wf>
<wf cmd="done" pos="VB" lemma="pick_up" wnsn="2" lexsn="2:35:01::">pick_up</wf>
<wf cmd="ignore" pos="DT">the</wf>
<wf cmd="tag" pos="JJ">ringing</wf>
<wf cmd="tag" pos="NN">phone</wf>
<wf cmd="ignore" pos="IN">with</wf>
<wf cmd="tag" pos="JJ">studied</wf>
<wf cmd="tag" pos="NN">negligence</wf>
<punc>,</punc>
<wf cmd="tag" pos="RB">then</wf>
<wf cmd="done" pos="VB" lemma="bark" wnsn="1" lexsn="2:32:01::">bark</wf>
<wf cmd="ignore" pos="IN">into</wf>
<wf cmd="ignore" pos="PRP">it</wf>
<wf cmd="ignore" pos="IN">with</wf>
<wf cmd="tag" pos="JJ">gruff</wf>
<wf cmd="tag" pos="NN">importance</wf>
<punc>.</punc>
</s>
<s snum="36">
<wf cmd="ignore" pos="WP">What</wf>
<wf cmd="tag" pos="JJ">limited</wf>
<wf cmd="tag" pos="NN">knowledge</wf>
<wf cmd="ignore" pos="PRP">he</wf>
<wf cmd="done" pos="VB" lemma="possess" wnsn="1" lexsn="2:42:00::">possessed</wf>
<wf cmd="ignore" pos="PRP">he</wf>
<wf cmd="done" pos="VB" lemma="force" wnsn="4" lexsn="2:32:00::">forced</wf>
<wf cmd="ignore" pos="IN">upon</wf>
<wf cmd="ignore" pos="PRP">me</wf>
<punc>.</punc>
</s>
<s snum="37">
<wf cmd="ignore" pos="IN">In</wf>
<wf cmd="ignore" pos="DT">the</wf>
<wf cmd="tag" pos="NNS">mornings</wf>
<punc>,</punc>
<wf cmd="ignore" pos="PRP">I</wf>
<wf cmd="done" pos="VBD" ot="notag">was</wf>
<wf cmd="done" pos="VB" lemma="inform" wnsn="1" lexsn="2:32:00::">informed</wf>
<punc>,</punc>
<wf cmd="tag" pos="JJ">fluorescent</wf>
<wf cmd="tag" pos="NNS">tubes</wf>
<punc>,</punc>
<wf cmd="tag" pos="JJ">similar</wf>
<wf cmd="ignore" pos="TO">to</wf>
<wf cmd="ignore" pos="DT">the</wf>
<wf cmd="tag" pos="CD">one</wf>
<wf cmd="ignore" pos="IN">above</wf>
<wf cmd="ignore" pos="DT">the</wf>
<wf cmd="tag" pos="NN">counter</wf>
<punc>,</punc>
<wf cmd="done" pos="VB" lemma="illuminate" wnsn="1" lexsn="2:30:03::">illuminated</wf>
<wf cmd="ignore" pos="DT">the</wf>
<wf cmd="tag" pos="JJ">entire</wf>
<wf cmd="tag" pos="NN">hall</wf>
<punc>.</punc>
</s>
<s snum="38">
<wf cmd="ignore" pos="PRP">They</wf>
<punc>,</punc>
<wf cmd="ignore" pos="CC">and</wf>
<wf cmd="ignore" pos="DT">the</wf>
<wf cmd="tag" pos="CD">two</wf>
<wf cmd="tag" pos="JJ">large</wf>
<wf cmd="tag" pos="NNS">fans</wf>
<wf cmd="ignore" pos="WDT">which</wf>
<wf cmd="ignore" pos="PRP">I</wf>
<wf cmd="ignore" pos="MD">could</wf>
<wf cmd="tag" pos="RB">dimly</wf>
<wf cmd="done" pos="VB" lemma="see" wnsn="1" lexsn="2:39:00::">see</wf>
<wf cmd="ignore" pos="IN">as</wf>
<wf cmd="tag" pos="NN">daylight</wf>
<wf cmd="done" pos="VB" lemma="filter" wnsn="2" lexsn="2:35:01::">filtered</wf>
<wf cmd="ignore" pos="IN">through</wf>
<wf cmd="ignore" pos="PRP$">their</wf>
<wf cmd="tag" pos="NNS">vents</wf>
<punc>,</punc>
<wf cmd="tag" pos="RB">down</wf>
<wf cmd="ignore" pos="IN">at</wf>
<wf cmd="ignore" pos="DT">the</wf>
<wf cmd="tag" pos="JJ">far</wf>
<wf cmd="tag" pos="NN">end</wf>
<wf cmd="ignore" pos="IN">of</wf>
<wf cmd="ignore" pos="DT">the</wf>
<wf cmd="tag" pos="NN">hall</wf>
<punc>,</punc>
<wf cmd="ignore" pos="MD">could</wf>
<wf cmd="done" pos="VB" ot="notag">be</wf>
<wf cmd="done" pos="VB" lemma="turn_on" wnsn="1" lexsn="2:35:00::">turned_on</wf>
<wf cmd="ignore" pos="IN">by</wf>
<wf cmd="ignore" pos="DT">a</wf>
<wf cmd="tag" pos="NN">master</wf>
<wf cmd="tag" pos="NN">switch</wf>
<wf cmd="tag" pos="JJ">situated</wf>
<wf cmd="ignore" pos="IN">inside</wf>
<wf cmd="ignore" pos="DT">the</wf>
<wf cmd="tag" pos="NN">office</wf>
<punc>.</punc>
</s>
<s snum="39">
<wf cmd="ignore" pos="PRP">He</wf>
<wf cmd="done" pos="VB" lemma="point_out" wnsn="2" lexsn="2:32:03::">pointed_out</wf>
<wf cmd="ignore" pos="DT">the</wf>
<wf cmd="tag" pos="NN">switch</wf>
<wf cmd="ignore" pos="TO">to</wf>
<wf cmd="ignore" pos="PRP">me</wf>
<wf cmd="ignore" pos="CC">and</wf>
<wf cmd="ignore" pos="IN">for</wf>
<wf cmd="ignore" pos="DT">a</wf>
<wf cmd="tag" pos="NN">moment</wf>
<wf cmd="ignore" pos="PRP">I</wf>
<wf cmd="tag" pos="RB">foolishly</wf>
<wf cmd="done" pos="VB" lemma="believe" wnsn="2" lexsn="2:31:04::">believed</wf>
<wf cmd="ignore" pos="IN">that</wf>
<wf cmd="ignore" pos="PRP">he</wf>
<wf cmd="ignore" pos="MD">would</wf>
<wf cmd="done" pos="VB" lemma="let" wnsn="4" lexsn="2:30:01::">let</wf>
<wf cmd="tag" pos="NN">deed</wf>
<wf cmd="done" pos="VB" lemma="follow" wnsn="7" lexsn="2:30:00::">follow</wf>
<wf cmd="tag" pos="NNS">words</wf>
<punc>.</punc>
</s>
<s snum="40">
<wf cmd="ignore" pos="PRP">I</wf>
<wf cmd="done" pos="VB" ot="notag">was</wf>
<wf cmd="done" pos="VB" lemma="show" wnsn="7" lexsn="2:32:01::">shown</wf>
<punc>,</punc>
<wf cmd="tag" pos="RB">instead</wf>
<punc>,</punc>
<wf cmd="ignore" pos="DT">a</wf>
<wf cmd="tag" pos="NN">batch</wf>
<wf cmd="ignore" pos="IN">of</wf>
<wf cmd="tag" pos="JJ">white</wf>
<wf cmd="tag" pos="NNS">tickets</wf>
<wf cmd="ignore" pos="IN">of</wf>
<wf cmd="ignore" pos="DT">the</wf>
<wf cmd="tag" pos="NN">sort</wf>
<wf cmd="done" pos="VB" lemma="hand_out" wnsn="1" lexsn="2:40:00::">handed_out</wf>
<punc>,</punc>
<wf cmd="ignore" pos="PRP">he</wf>
<wf cmd="done" pos="VB" lemma="tell" wnsn="3" lexsn="2:32:01::">told</wf>
<wf cmd="ignore" pos="PRP">me</wf>
<punc>,</punc>
<wf cmd="ignore" pos="DT">every</wf>
<wf cmd="tag" pos="NN">morning</wf>
<punc>.</punc>
</s>
<s snum="41">
<wf cmd="tag" pos="RB">Now</wf>
<punc>,</punc>
<wf cmd="tag" pos="RB">here</wf>
<wf cmd="done" pos="VB" ot="notag">was</wf>
<wf cmd="tag" pos="NN">something</wf>
<wf cmd="ignore" pos="IN">of</wf>
<wf cmd="tag" pos="JJ">obvious</wf>
<wf cmd="tag" pos="NN">importance</wf>
<wf cmd="ignore" pos="TO">to</wf>
<wf cmd="ignore" pos="PRP">me</wf>
<punc>,</punc>
<wf cmd="tag" pos="RB">yet</wf>
<wf cmd="ignore" pos="WRB">when</wf>
<wf cmd="ignore" pos="PRP">I</wf>
<wf cmd="done" pos="VB" lemma="reach" wnsn="3" lexsn="2:35:00::">reached</wf>
<wf cmd="ignore" pos="IN">for</wf>
<wf cmd="ignore" pos="DT">the</wf>
<wf cmd="tag" pos="NNS">tickets</wf>
<wf cmd="ignore" pos="PRP">he</wf>
<wf cmd="done" pos="VB" lemma="snatch" wnsn="1" lexsn="2:35:00::">snatched</wf>
<wf cmd="ignore" pos="PRP">them</wf>
<wf cmd="tag" pos="RB">away</wf>
<wf cmd="ignore" pos="IN">from</wf>
<wf cmd="ignore" pos="PRP$">my</wf>
<wf cmd="tag" pos="NN">hand</wf>
<punc>.</punc>
</s>
<s snum="42">
<wf cmd="ignore" pos="PRP">He</wf>
<wf cmd="ignore" pos="MD">could</wf>
<wf cmd="tag" pos="RB">n't</wf>
<wf cmd="done" pos="VB" lemma="afford" wnsn="1" lexsn="2:34:00::">afford</wf>
<wf cmd="ignore" pos="TO">to</wf>
<wf cmd="done" pos="VB" ot="notag">have</wf>
<wf cmd="tag" pos="NN">anyone</wf>
<wf cmd="done" pos="VB" lemma="mess_around" wnsn="1" lexsn="2:35:00::">mess_around</wf>
<wf cmd="ignore" pos="IN">with</wf>
<wf cmd="ignore" pos="PRP">them</wf>
<punc>,</punc>
<wf cmd="ignore" pos="PRP">he</wf>
<wf cmd="done" pos="VB" lemma="say" wnsn="2" lexsn="2:32:01::">said</wf>
<punc>.</punc>
</s>
<s snum="43">
<wf cmd="ignore" pos="DT">Each</wf>
<wf cmd="ignore" pos="IN">of</wf>
<wf cmd="ignore" pos="DT">those</wf>
<wf cmd="tag" pos="NNS">tickets</wf>
<wf cmd="done" pos="VB" lemma="be" wnsn="1" lexsn="2:42:03::">was</wf>
<wf cmd="ignore" pos="IN">of</wf>
<wf cmd="tag" pos="JJ">great</wf>
<wf cmd="tag" pos="NN">value</wf>
<wf cmd="ignore" pos="TO">to</wf>
<wf cmd="ignore" pos="PRP$">its</wf>
<wf cmd="tag" pos="JJ">rightful</wf>
<wf cmd="tag" pos="NN">recipient</wf>
<punc>.</punc>
</s>
<s snum="44">
<wf cmd="ignore" pos="PRP">I</wf>
<wf cmd="done" pos="VB" lemma="withdraw" wnsn="3" lexsn="2:35:00::">withdrew</wf>
<wf cmd="ignore" pos="PRP$">my</wf>
<wf cmd="tag" pos="NN">hand</wf>
<punc>.</punc>
</s>
<s snum="45">
<wf cmd="tag" pos="RB">Later</wf>
<wf cmd="ignore" pos="PRP">I</wf>
<wf cmd="ignore" pos="MD">would</wf>
<wf cmd="done" pos="VB" lemma="remember" wnsn="1" lexsn="2:31:00::">remember</wf>
<wf cmd="ignore" pos="WP">what</wf>
<wf cmd="ignore" pos="DT">this</wf>
<wf cmd="tag" pos="JJ">pompous</wf>
<wf cmd="tag" pos="JJ">little</wf>
<wf cmd="tag" pos="NN">man</wf>
<wf cmd="done" pos="VBD" ot="notag">had</wf>
<wf cmd="done" pos="VB" lemma="tell" wnsn="1" lexsn="2:32:04::">told</wf>
<wf cmd="ignore" pos="PRP">me</wf>
<wf cmd="ignore" pos="IN">about</wf>
<wf cmd="ignore" pos="DT">the</wf>
<wf cmd="tag" pos="NN">worth</wf>
<wf cmd="ignore" pos="IN">of</wf>
<wf cmd="ignore" pos="DT">a</wf>
<wf cmd="tag" pos="NN">ticket</wf>
<punc>.</punc>
</s>
</p>
<p pnum="3">
<s snum="46">
<wf cmd="done" pos="VB" lemma="have" wnsn="1" lexsn="2:40:00::">Having</wf>
<wf cmd="tag" pos="NN">nothing</wf>
<wf cmd="tag" pos="RB">else</wf>
<wf cmd="ignore" pos="TO">to</wf>
<wf cmd="done" pos="VB" lemma="do" wnsn="3" lexsn="2:41:04::">do</wf>
<wf cmd="ignore" pos="IN">except</wf>
<wf cmd="done" pos="VB" lemma="wait" wnsn="1" lexsn="2:42:00::">wait</wf>
<wf cmd="done" pos="VB" ot="notag">for</wf>
<wf cmd="ignore" pos="PRP$">my</wf>
<wf cmd="tag" pos="NNS">forms</wf>
<wf cmd="ignore" pos="TO">to</wf>
<wf cmd="done" pos="VB" ot="notag">be</wf>
<wf cmd="done" pos="VB" lemma="process" wnsn="2" lexsn="2:41:01::">processed</wf>
<punc>,</punc>
<wf cmd="ignore" pos="PRP">I</wf>
<wf cmd="done" pos="VB" lemma="give" wnsn="10" lexsn="2:31:02::">gave</wf>
<wf cmd="ignore" pos="PRP">myself</wf>
<wf cmd="tag" pos="RB">over</wf>
<wf cmd="ignore" pos="TO">to</wf>
<wf cmd="tag" pos="NNS">speculations</wf>
<wf cmd="done" pos="VB" lemma="concern" wnsn="1" lexsn="2:42:00::">concerning</wf>
<wf cmd="ignore" pos="DT">the</wf>
<wf cmd="tag" pos="NN">hall</wf>
<wf cmd="ignore" pos="PRP">itself</wf>
<punc>.</punc>
</s>
<s snum="47">
<wf cmd="ignore" pos="WRB">When</wf>
<wf cmd="tag" pos="RB">suitably</wf>
<wf cmd="done" pos="VB" lemma="light" wnsn="1" lexsn="2:30:00::">lighted</wf>
<punc>,</punc>
<wf cmd="ignore" pos="WP">what</wf>
<wf cmd="ignore" pos="MD">would</wf>
<wf cmd="ignore" pos="PRP">it</wf>
<wf cmd="done" pos="VB" lemma="look_like" wnsn="1" lexsn="2:42:00::">look_like</wf>
<punc>?</punc>
</s>
<s snum="48">
<wf cmd="ignore" pos="DT">The</wf>
<wf cmd="tag" pos="NN">presence</wf>
<wf cmd="ignore" pos="IN">of</wf>
<wf cmd="ignore" pos="DT">the</wf>
<wf cmd="tag" pos="CD">two</wf>
<wf cmd="tag" pos="NN">exhaust_fans</wf>
<wf cmd="done" pos="VB" lemma="seem" wnsn="1" lexsn="2:39:00::">seemed</wf>
<wf cmd="ignore" pos="TO">to</wf>
<wf cmd="done" pos="VB" lemma="indicate" wnsn="1" lexsn="2:32:01::">indicate</wf>
<wf cmd="ignore" pos="IN">that</wf>
<wf cmd="ignore" pos="DT">the</wf>
<wf cmd="tag" pos="NN">hall</wf>
<wf cmd="ignore" pos="MD">could</wf>
<wf cmd="done" pos="VB" lemma="become" wnsn="1" lexsn="2:30:00::">become</wf>
<wf cmd="tag" pos="JJ">crowded</wf>
<wf cmd="ignore" pos="IN">for</wf>
<wf cmd="tag" pos="NN">air</wf>
<punc>.</punc>
</s>
<s snum="49">
<wf cmd="tag" pos="CD">One</wf>
<wf cmd="tag" pos="NN">afternoon</wf>
<punc>,</punc>
<wf cmd="ignore" pos="IN">upon</wf>
<wf cmd="done" pos="VB" lemma="receive" wnsn="2" lexsn="2:30:01::">receiving</wf>
<wf cmd="tag" pos="NN">permission</wf>
<wf cmd="ignore" pos="CC">and</wf>
<wf cmd="ignore" pos="DT">the</wf>
<wf cmd="tag" pos="JJ">necessary</wf>
<wf cmd="tag" pos="NNS">instructions</wf>
<wf cmd="ignore" pos="IN">from</wf>
<wf cmd="ignore" pos="DT">the</wf>
<wf cmd="tag" pos="NN">clerk</wf>
<punc>,</punc>
<wf cmd="ignore" pos="PRP">I</wf>
<wf cmd="done" pos="VBD" ot="notag">had</wf>
<wf cmd="done" pos="VB" lemma="visit" wnsn="2" lexsn="2:38:00::">visited</wf>
<wf cmd="ignore" pos="DT">the</wf>
<wf cmd="tag" pos="NN">toilet</wf>
<wf cmd="tag" pos="JJ">adjoining</wf>
<wf cmd="ignore" pos="DT">the</wf>
<wf cmd="tag" pos="NN">hall</wf>
<punc>.</punc>
</s>
<s snum="50">
<wf cmd="ignore" pos="IN">By</wf>
<wf cmd="done" pos="VB" lemma="count" wnsn="1" lexsn="2:32:00::">counting</wf>
<wf cmd="ignore" pos="DT">the</wf>
<wf cmd="tag" pos="NN">number</wf>
<wf cmd="ignore" pos="IN">of</wf>
<wf cmd="tag" pos="NNS">stalls</wf>
<wf cmd="ignore" pos="CC">and</wf>
<wf cmd="tag" pos="NNS">urinals</wf>
<wf cmd="ignore" pos="PRP">I</wf>
<wf cmd="done" pos="VB" lemma="attempt" wnsn="1" lexsn="2:41:00::">attempted</wf>
<wf cmd="ignore" pos="TO">to</wf>
<wf cmd="done" pos="VB" lemma="form" wnsn="6" lexsn="2:41:02::">form</wf>
<wf cmd="ignore" pos="DT">a</wf>
<wf cmd="tag" pos="JJ">loose</wf>
<wf cmd="tag" pos="NN">estimate</wf>
<wf cmd="ignore" pos="IN">of</wf>
<wf cmd="ignore" pos="WRB">how</wf>
<wf cmd="tag" pos="JJ">many</wf>
<wf cmd="tag" pos="NNS">men</wf>
<wf cmd="ignore" pos="DT">the</wf>
<wf cmd="tag" pos="NN">hall</wf>
<wf cmd="ignore" pos="MD">would</wf>
<wf cmd="done" pos="VB" lemma="hold" wnsn="12" lexsn="2:42:05::">hold</wf>
<wf cmd="tag" pos="RB">at_one_time</wf>
<punc>.</punc>
</s>
<s snum="51">
<wf cmd="ignore" pos="IN">For</wf>
<wf cmd="ignore" pos="IN">although</wf>
<wf cmd="ignore" pos="PRP">I</wf>
<wf cmd="done" pos="VBD" ot="notag">had</wf>
<wf cmd="done" pos="VB" lemma="cross" wnsn="1" lexsn="2:38:00::">crossed</wf>
<wf cmd="ignore" pos="DT">a</wf>
<wf cmd="tag" pos="NN">corner</wf>
<wf cmd="ignore" pos="IN">of</wf>
<wf cmd="ignore" pos="DT">the</wf>
<wf cmd="tag" pos="NN">hall</wf>
<wf cmd="ignore" pos="IN">on</wf>
<wf cmd="ignore" pos="PRP$">my</wf>
<wf cmd="tag" pos="NN">way</wf>
<wf cmd="ignore" pos="TO">to</wf>
<wf cmd="ignore" pos="DT">the</wf>
<wf cmd="tag" pos="NN">toilet</wf>
<wf cmd="ignore" pos="PRP">I</wf>
<wf cmd="tag" pos="RB">still</wf>
<wf cmd="ignore" pos="MD">could</wf>
<wf cmd="tag" pos="RB">not</wf>
<wf cmd="done" pos="VB" lemma="tell" wnsn="5" lexsn="2:31:00::">tell</wf>
<wf cmd="tag" pos="RB">for_sure</wf>
<wf cmd="ignore" pos="WRB">how</wf>
<wf cmd="tag" pos="RB">far</wf>
<wf cmd="tag" pos="RB">to_the_rear</wf>
<wf cmd="ignore" pos="DT">the</wf>
<wf cmd="tag" pos="NN">darkness</wf>
<wf cmd="done" pos="VB" lemma="extend" wnsn="2" lexsn="2:42:03::">extended</wf>
<punc>.</punc>
</s>
<s snum="52">
<wf cmd="ignore" pos="PRP">I</wf>
<wf cmd="ignore" pos="MD">could</wf>
<wf cmd="done" pos="VB" lemma="observe" wnsn="4" lexsn="2:39:00::">observe</wf>
<wf cmd="ignore" pos="DT">the</wf>
<wf cmd="tag" pos="CD">two</wf>
<wf cmd="tag" pos="NNS">fans</wf>
<wf cmd="tag" pos="RB">down</wf>
<wf cmd="ignore" pos="IN">at</wf>
<wf cmd="ignore" pos="DT">the</wf>
<wf cmd="tag" pos="NN">end</wf>
<punc>,</punc>
<wf cmd="ignore" pos="CC">but</wf>
<wf cmd="ignore" pos="PRP$">their</wf>
<wf cmd="tag" pos="NN">size</wf>
<wf cmd="ignore" pos="IN">in</wf>
<wf cmd="ignore" pos="PRP">themselves</wf>
<wf cmd="done" pos="VB" lemma="mean" wnsn="3" lexsn="2:32:03::">meant</wf>
<wf cmd="tag" pos="NN">nothing</wf>
<wf cmd="ignore" pos="TO">to</wf>
<wf cmd="ignore" pos="PRP">me</wf>
<wf cmd="tag" pos="RB">as</wf>
<wf cmd="tag" pos="JJ">long</wf>
<wf cmd="ignore" pos="IN">as</wf>
<wf cmd="ignore" pos="PRP">I</wf>
<wf cmd="done" pos="VB" lemma="have" wnsn="1" lexsn="2:40:00::">had</wf>
<wf cmd="ignore" pos="DT">no</wf>
<wf cmd="tag" pos="NN">measure</wf>
<wf cmd="ignore" pos="IN">of</wf>
<wf cmd="tag" pos="NN">comparison</wf>
<punc>.</punc>
</s>
<s snum="53">
<wf cmd="ignore" pos="PRP">I</wf>
<wf cmd="done" pos="VBD" ot="notag">had</wf>
<wf cmd="tag" pos="RB">for_some_time</wf>
<wf cmd="done" pos="VBN" ot="notag">been</wf>
<wf cmd="done" pos="VB" lemma="hope" wnsn="2" lexsn="2:37:00::">hoping</wf>
<punc>,</punc>
<wf cmd="tag" pos="RB">in_vain</wf>
<punc>,</punc>
<wf cmd="ignore" pos="IN">for</wf>
<wf cmd="tag" pos="CD">one</wf>
<wf cmd="ignore" pos="IN">of</wf>
<wf cmd="ignore" pos="DT">the</wf>
<wf cmd="tag" pos="JJ">dim</wf>
<wf cmd="tag" pos="NNS">figures</wf>
<wf cmd="ignore" pos="TO">to</wf>
<wf cmd="done" pos="VB" lemma="pass" wnsn="1" lexsn="2:38:00::">pass</wf>
<wf cmd="ignore" pos="IN">between</wf>
<wf cmd="ignore" pos="DT">the</wf>
<wf cmd="tag" pos="NN">fan</wf>
<wf cmd="tag" pos="NNS">vents</wf>
<wf cmd="ignore" pos="CC">and</wf>
<wf cmd="ignore" pos="PRP">myself</wf>
<punc>.</punc>
</s>
<s snum="54">
<wf cmd="ignore" pos="PRP">I</wf>
<wf cmd="done" pos="VB" lemma="know" wnsn="1" lexsn="2:31:01::">knew</wf>
<wf cmd="ignore" pos="IN">that</wf>
<wf cmd="tag" pos="CD">three</wf>
<wf cmd="ignore" pos="CC">or</wf>
<wf cmd="tag" pos="CD">four</wf>
<wf cmd="ignore" pos="IN">of</wf>
<wf cmd="ignore" pos="PRP">them</wf>
<wf cmd="done" pos="VB" lemma="be" wnsn="1" lexsn="2:42:03::">were</wf>
<wf cmd="tag" pos="RB">almost</wf>
<wf cmd="tag" pos="RB">always</wf>
<wf cmd="tag" pos="JJ">present</wf>
<wf cmd="ignore" pos="IN">in</wf>
<wf cmd="ignore" pos="DT">the</wf>
<wf cmd="tag" pos="NN">hall</wf>
<punc>,</punc>
<wf cmd="ignore" pos="CC">but</wf>
<wf cmd="ignore" pos="WP">what</wf>
<wf cmd="ignore" pos="PRP">they</wf>
<wf cmd="done" pos="VBD" ot="notag">were</wf>
<wf cmd="done" pos="VB" lemma="do" wnsn="1" lexsn="2:41:01::">doing</wf>
<punc>,</punc>
<wf cmd="ignore" pos="CC">and</wf>
<wf cmd="tag" pos="RB">exactly</wf>
<wf cmd="ignore" pos="WRB">where</wf>
<punc>,</punc>
<wf cmd="ignore" pos="PRP">I</wf>
<wf cmd="ignore" pos="MD">could</wf>
<wf cmd="tag" pos="RB">not</wf>
<wf cmd="done" pos="VB" lemma="tell" wnsn="5" lexsn="2:31:00::">tell</wf>
<punc>.</punc>
</s>
<s snum="55">
<wf cmd="ignore" pos="PRP">It</wf>
<wf cmd="done" pos="VB" lemma="be" wnsn="1" lexsn="2:42:03::">was</wf>
<punc>,</punc>
<wf cmd="ignore" pos="PRP">I</wf>
<wf cmd="done" pos="VB" lemma="feel" wnsn="2" lexsn="2:31:00::">felt</wf>
<punc>,</punc>
<wf cmd="tag" pos="JJ">possible</wf>
<wf cmd="ignore" pos="IN">that</wf>
<wf cmd="ignore" pos="PRP">they</wf>
<wf cmd="done" pos="VB" lemma="be" wnsn="2" lexsn="2:42:06::">were</wf>
<wf cmd="tag" pos="NNS">men</wf>
<wf cmd="ignore" pos="WP">who</wf>
<punc>,</punc>
<wf cmd="done" pos="VBG" ot="notag">having</wf>
<wf cmd="done" pos="VB" lemma="receive" wnsn="1" lexsn="2:40:00::">received</wf>
<wf cmd="ignore" pos="DT">no</wf>
<wf cmd="tag" pos="NNS">tickets</wf>
<wf cmd="ignore" pos="IN">for</wf>
<wf cmd="ignore" pos="IN">that</wf>
<wf cmd="tag" pos="NN">day</wf>
<punc>,</punc>
<wf cmd="done" pos="VBD" ot="notag">had</wf>
<wf cmd="done" pos="VB" lemma="remain" wnsn="2" lexsn="2:42:03::">remained</wf>
<wf cmd="ignore" pos="IN">in</wf>
<wf cmd="ignore" pos="DT">the</wf>
<wf cmd="tag" pos="NN">hall</wf>
<punc>,</punc>
<wf cmd="ignore" pos="TO">to</wf>
<wf cmd="done" pos="VB" lemma="sleep" wnsn="1" lexsn="2:29:00::">sleep</wf>
<wf cmd="tag" pos="RB">perhaps</wf>
<punc>,</punc>
<wf cmd="ignore" pos="IN">in</wf>
<wf cmd="ignore" pos="DT">the</wf>
<wf cmd="tag" pos="NNS">corners</wf>
<wf cmd="tag" pos="JJS">farthest</wf>
<wf cmd="tag" pos="JJ">removed</wf>
<wf cmd="ignore" pos="IN">from</wf>
<wf cmd="ignore" pos="DT">the</wf>
<wf cmd="tag" pos="NN">counter</wf>
<wf cmd="ignore" pos="IN">with</wf>
<wf cmd="ignore" pos="PRP$">its</wf>
<wf cmd="tag" pos="JJ">overhead</wf>
<wf cmd="tag" pos="NN">light</wf>
<punc>.</punc>
</s>
<s snum="56">
<wf cmd="ignore" pos="DT">This</wf>
<wf cmd="tag" pos="NN">light</wf>
<wf cmd="done" pos="VBD" ot="notag">did</wf>
<wf cmd="tag" pos="RB">not</wf>
<wf cmd="done" pos="VB" lemma="penetrate" wnsn="1" lexsn="2:35:00::">penetrate</wf>
<wf cmd="tag" pos="RB">very</wf>
<wf cmd="tag" pos="RB">far</wf>
<wf cmd="tag" pos="RB">back</wf>
<wf cmd="ignore" pos="IN">into</wf>
<wf cmd="ignore" pos="DT">the</wf>
<wf cmd="tag" pos="NN">hall</wf>
<punc>,</punc>
<wf cmd="ignore" pos="CC">and</wf>
<wf cmd="ignore" pos="PRP$">my</wf>
<wf cmd="tag" pos="NNS">eyes</wf>
<wf cmd="done" pos="VBD" ot="notag">were</wf>
<wf cmd="done" pos="VB" lemma="hinder" wnsn="3" lexsn="2:33:00::">hindered</wf>
<wf cmd="tag" pos="RB">rather_than</wf>
<wf cmd="done" pos="VB" lemma="aid" wnsn="1" lexsn="2:41:00::">aided</wf>
<wf cmd="ignore" pos="IN">by</wf>
<wf cmd="ignore" pos="DT">the</wf>
<wf cmd="tag" pos="JJ">dim</wf>
<wf cmd="tag" pos="NN">daylight</wf>
<wf cmd="done" pos="VB" lemma="enter" wnsn="1" lexsn="2:38:00::">entering</wf>
<wf cmd="ignore" pos="IN">through</wf>
<wf cmd="ignore" pos="DT">the</wf>
<wf cmd="tag" pos="NN">fan</wf>
<wf cmd="tag" pos="NNS">vents</wf>
<wf cmd="ignore" pos="WRB">when</wf>
<wf cmd="ignore" pos="PRP">I</wf>
<wf cmd="done" pos="VB" lemma="try" wnsn="1" lexsn="2:41:00::">tried</wf>
<wf cmd="ignore" pos="TO">to</wf>
<wf cmd="done" pos="VB" lemma="pick_out" wnsn="2" lexsn="2:39:00::">pick_out</wf>
<wf cmd="ignore" pos="WDT">whatever</wf>
<wf cmd="ignore" pos="MD">might</wf>
<wf cmd="done" pos="VB" ot="notag">be</wf>
<wf cmd="done" pos="VB" lemma="lie" wnsn="2" lexsn="2:35:00::">lying</wf>
<punc>,</punc>
<wf cmd="ignore" pos="CC">or</wf>
<wf cmd="done" pos="VB" lemma="squat" wnsn="1" lexsn="2:35:00::">squatting</wf>
<punc>,</punc>
<wf cmd="ignore" pos="IN">on</wf>
<wf cmd="ignore" pos="DT">the</wf>
<wf cmd="tag" pos="NN">floor</wf>
<wf cmd="tag" pos="RB">below</wf>
<punc>.</punc>
</s>
<s snum="57">
<wf cmd="tag" pos="RB">Also</wf>
<wf cmd="ignore" pos="DT">the</wf>
<wf cmd="tag" pos="NN">clerk</wf>
<wf cmd="done" pos="VB" lemma="appear" wnsn="1" lexsn="2:39:00::">appeared</wf>
<wf cmd="ignore" pos="TO">to</wf>
<wf cmd="done" pos="VB" lemma="disapprove" wnsn="1" lexsn="2:31:00::">disapprove</wf>
<wf cmd="done" pos="VB" ot="notag">of</wf>
<wf cmd="ignore" pos="PRP$">my</wf>
<wf cmd="tag" pos="JJ">frequent</wf>
<wf cmd="tag" pos="JJ">curious</wf>
<wf cmd="tag" pos="NNS">glances</wf>
<wf cmd="tag" pos="RB">back</wf>
<wf cmd="ignore" pos="IN">over</wf>
<wf cmd="ignore" pos="PRP$">my</wf>
<wf cmd="tag" pos="NN">shoulder</wf>
<punc>.</punc>
</s>
<s snum="58">
<wf cmd="ignore" pos="DT">No</wf>
<wf cmd="tag" pos="RBR">sooner</wf>
<wf cmd="ignore" pos="MD">would</wf>
<wf cmd="ignore" pos="PRP">I</wf>
<wf cmd="done" pos="VB" lemma="turn" wnsn="1" lexsn="2:38:00::">turn</wf>
<wf cmd="ignore" pos="PRP$">my</wf>
<wf cmd="tag" pos="NN">head</wf>
<wf cmd="tag" pos="RB">away</wf>
<wf cmd="ignore" pos="IN">from</wf>
<wf cmd="ignore" pos="DT">the</wf>
<wf cmd="tag" pos="NN">counter</wf>
<wf cmd="ignore" pos="IN">before</wf>
<wf cmd="ignore" pos="PRP">he</wf>
<wf cmd="ignore" pos="MD">would</wf>
<wf cmd="done" pos="VB" lemma="address" wnsn="1" lexsn="2:32:00::">address</wf>
<wf cmd="ignore" pos="PRP">me</wf>
<punc>,</punc>
<wf cmd="tag" pos="RB">at_times</wf>
<wf cmd="tag" pos="RB">quite</wf>
<wf cmd="tag" pos="RB">sharply</wf>
<punc>,</punc>
<wf cmd="tag" pos="RB">in_order_to</wf>
<wf cmd="done" pos="VB" lemma="bring_back" wnsn="2" lexsn="2:29:00::">bring_back</wf>
<wf cmd="ignore" pos="PRP$">my</wf>
<wf cmd="tag" pos="NN">attention</wf>
<punc>.</punc>
</s>
<s snum="59">
<wf cmd="ignore" pos="CC">And</wf>
<wf cmd="ignore" pos="PRP">I</wf>
<wf cmd="done" pos="VBD" ot="notag">had</wf>
<wf cmd="tag" pos="RB">hardly</wf>
<wf cmd="done" pos="VB" lemma="finish" wnsn="1" lexsn="2:30:02::">finished</wf>
<wf cmd="ignore" pos="PRP$">my</wf>
<wf cmd="tag" pos="NN">business</wf>
<wf cmd="ignore" pos="IN">in</wf>
<wf cmd="ignore" pos="DT">the</wf>
<wf cmd="tag" pos="NN">toilet</wf>
<wf cmd="ignore" pos="IN">on</wf>
<wf cmd="ignore" pos="DT">the</wf>
<wf cmd="tag" pos="JJ">aforementioned</wf>
<wf cmd="tag" pos="NN">occasion</wf>
<wf cmd="ignore" pos="WRB">when</wf>
<wf cmd="ignore" pos="DT">the</wf>
<wf cmd="tag" pos="NNS">lights</wf>
<wf cmd="tag" pos="RB">in_that</wf>
<wf cmd="tag" pos="NN">place</wf>
<punc>,</punc>
<wf cmd="ignore" pos="IN">like</wf>
<wf cmd="ignore" pos="DT">the</wf>
<wf cmd="tag" pos="NN">hall</wf>
<wf cmd="tag" pos="NNS">lights</wf>
<wf cmd="done" pos="VB" lemma="control" wnsn="3" lexsn="2:35:00::">controlled</wf>
<wf cmd="ignore" pos="IN">from</wf>
<wf cmd="ignore" pos="DT">the</wf>
<wf cmd="tag" pos="NN">switch</wf>
<wf cmd="ignore" pos="IN">in</wf>
<wf cmd="ignore" pos="DT">the</wf>
<wf cmd="tag" pos="NN">office</wf>
<punc>,</punc>
<wf cmd="done" pos="VB" lemma="flick" wnsn="1" lexsn="2:39:00::">flicked</wf>
<wf cmd="tag" pos="RB">off_and_on</wf>
<wf cmd="tag" pos="RB">impatiently</wf>
<punc>.</punc>
</s>
<s snum="60">
<wf cmd="ignore" pos="DT">This</wf>
<wf cmd="tag" pos="RB">sort_of</wf>
<wf cmd="tag" pos="JJ">petty</wf>
<wf cmd="tag" pos="NN">vigilance</wf>
<wf cmd="done" pos="VB" lemma="annoy" wnsn="1" lexsn="2:37:00::">annoyed</wf>
<wf cmd="ignore" pos="PRP">me</wf>
<punc>.</punc>
</s>
<s snum="61">
<wf cmd="ignore" pos="PRP">I</wf>
<wf cmd="done" pos="VB" lemma="feel" wnsn="2" lexsn="2:31:00::">felt</wf>
<wf cmd="tag" pos="JJ">certain</wf>
<wf cmd="ignore" pos="PRP">it</wf>
<wf cmd="done" pos="VB" lemma="be" wnsn="1" lexsn="2:42:03::">was</wf>
<wf cmd="tag" pos="JJ">self-appointed</wf>
<punc>.</punc>
</s>
<s snum="62">
<wf cmd="ignore" pos="PRP">It</wf>
<wf cmd="done" pos="VB" lemma="spring" wnsn="2" lexsn="2:42:00::">sprang</wf>
<wf cmd="ignore" pos="IN">from</wf>
<wf cmd="ignore" pos="DT">a</wf>
<wf cmd="tag" pos="NN">type</wf>
<wf cmd="ignore" pos="IN">of</wf>
<wf cmd="tag" pos="NN">mentality</wf>
<wf cmd="ignore" pos="PRP">I</wf>
<wf cmd="ignore" pos="MD">'d</wf>
<wf cmd="done" pos="VB" lemma="encounter" wnsn="2" lexsn="2:40:00::">encountered</wf>
<wf cmd="tag" pos="RB">often</wf>
<wf cmd="tag" pos="RB">enough</wf>
<wf cmd="ignore" pos="CC">but</wf>
<wf cmd="tag" pos="RB">certainly</wf>
<wf cmd="done" pos="VBD" ot="notag">had</wf>
<wf cmd="tag" pos="RB">not</wf>
<wf cmd="done" pos="VB" lemma="expect" wnsn="1" lexsn="2:31:00::">expected</wf>
<wf cmd="ignore" pos="TO">to</wf>
<wf cmd="done" pos="VB" lemma="find" wnsn="1" lexsn="2:40:02::">find</wf>
<wf cmd="tag" pos="RB">here</wf>
<punc>.</punc>
</s>
<s snum="63">
<wf cmd="ignore" pos="PRP">I</wf>
<wf cmd="done" pos="VB" lemma="decide" wnsn="1" lexsn="2:31:00::">decided</wf>
<wf cmd="ignore" pos="TO">to</wf>
<wf cmd="done" pos="VB" lemma="see" wnsn="1" lexsn="2:39:00::">see</wf>
<wf cmd="tag" pos="RB">no_more</wf>
<wf cmd="ignore" pos="IN">of</wf>
<wf cmd="ignore" pos="DT">the</wf>
<wf cmd="tag" pos="NN">clerk</wf>
<wf cmd="ignore" pos="IN">until</wf>
<wf cmd="ignore" pos="DT">the</wf>
<wf cmd="tag" pos="NN">processing</wf>
<wf cmd="ignore" pos="IN">of</wf>
<wf cmd="ignore" pos="PRP$">my</wf>
<wf cmd="tag" pos="NNS">papers</wf>
<wf cmd="done" pos="VB" lemma="be" wnsn="1" lexsn="2:42:03::">was</wf>
<wf cmd="tag" pos="JJ">completed</wf>
<punc>.</punc>
</s>
</p>
<p pnum="4">
<s snum="64">
<wf cmd="ignore" pos="PRP">I</wf>
<wf cmd="done" pos="VB" lemma="feel" wnsn="1" lexsn="2:37:00::">felt</wf>
<wf cmd="tag" pos="RB">strongly</wf>
<wf cmd="tag" pos="JJ">attached</wf>
<wf cmd="done" pos="VB" ot="notag">to</wf>
<wf cmd="ignore" pos="DT">the</wf>
<wf cmd="tag" pos="NN">hall</wf>
<punc>,</punc>
<wf cmd="tag" pos="RB">however</wf>
<punc>,</punc>
<wf cmd="ignore" pos="CC">and</wf>
<wf cmd="tag" pos="JJ">hardly_a</wf>
<wf cmd="tag" pos="NN">day</wf>
<wf cmd="done" pos="VB" lemma="pass" wnsn="4" lexsn="2:38:03::">passed</wf>
<wf cmd="ignore" pos="WRB">when</wf>
<wf cmd="ignore" pos="PRP">I</wf>
<wf cmd="done" pos="VBD" ot="notag">did</wf>
<wf cmd="tag" pos="RB">not</wf>
<wf cmd="done" pos="VB" lemma="go" wnsn="1" lexsn="2:38:00::">go</wf>
<wf cmd="done" pos="VB" ot="notag">to</wf>
<wf cmd="done" pos="VB" lemma="look" wnsn="1" lexsn="2:39:00::">look</wf>
<wf cmd="done" pos="VB" ot="notag">at</wf>
<wf cmd="ignore" pos="PRP">it</wf>
<wf cmd="ignore" pos="IN">from</wf>
<wf cmd="ignore" pos="DT">a</wf>
<wf cmd="tag" pos="NN">distance</wf>
<punc>.</punc>
</s>
<s snum="65">
<wf cmd="ignore" pos="PRP">I</wf>
<wf cmd="done" pos="VB" lemma="live" wnsn="2" lexsn="2:42:06::">lived</wf>
<wf cmd="done" pos="VB" ot="notag">in</wf>
<wf cmd="ignore" pos="DT">a</wf>
<wf cmd="tag" pos="NN">state</wf>
<wf cmd="ignore" pos="IN">of</wf>
<wf cmd="tag" pos="NN">suspense</wf>
<wf cmd="ignore" pos="IN">because</wf>
<wf cmd="tag" pos="RB">of_it</wf>
<punc>.</punc>
</s>
<s snum="66">
<wf cmd="ignore" pos="PRP">I</wf>
<wf cmd="ignore" pos="MD">could</wf>
<wf cmd="tag" pos="RB">not</wf>
<wf cmd="done" pos="VB" lemma="cling" wnsn="2" lexsn="2:37:00::">cling</wf>
<wf cmd="done" pos="VB" ot="notag">to</wf>
<wf cmd="ignore" pos="PRP$">my</wf>
<wf cmd="tag" pos="JJ">past</wf>
<wf cmd="ignore" pos="CC">nor</wf>
<wf cmd="done" pos="VBD" ot="notag">did</wf>
<wf cmd="ignore" pos="PRP">I</wf>
<wf cmd="done" pos="VB" lemma="wish" wnsn="1" lexsn="2:37:00::">wish</wf>
<wf cmd="done" pos="VB" ot="notag">to</wf>
<punc>.</punc>
</s>
<s snum="67">
<wf cmd="ignore" pos="PRP">I</wf>
<wf cmd="done" pos="VBD" ot="notag">had</wf>
<wf cmd="done" pos="VB" lemma="sign" wnsn="1" lexsn="2:32:02::">signed</wf>
<wf cmd="ignore" pos="PRP">it</wf>
<wf cmd="tag" pos="RB">off</wf>
<wf cmd="ignore" pos="IN">on</wf>
<wf cmd="ignore" pos="DT">the</wf>
<wf cmd="tag" pos="NNS">forms</wf>
<punc>.</punc>
</s>
<s snum="68">
<wf cmd="ignore" pos="PRP$">My</wf>
<wf cmd="tag" pos="NN">future</wf>
<wf cmd="done" pos="VB" lemma="lie" wnsn="1" lexsn="2:42:00::">lay</wf>
<wf cmd="tag" pos="RB">solely</wf>
<wf cmd="ignore" pos="IN">with</wf>
<wf cmd="ignore" pos="DT">the</wf>
<wf cmd="tag" pos="NN">hall</wf>
<punc>,</punc>
<wf cmd="tag" pos="RB">yet</wf>
<wf cmd="ignore" pos="WP">what</wf>
<wf cmd="done" pos="VBD" ot="notag">did</wf>
<wf cmd="ignore" pos="PRP">I</wf>
<wf cmd="done" pos="VB" lemma="know" wnsn="2" lexsn="2:31:03::">know</wf>
<wf cmd="ignore" pos="IN">about</wf>
<wf cmd="ignore" pos="DT">the</wf>
<wf cmd="tag" pos="NN">hall</wf>
<wf cmd="ignore" pos="IN">at</wf>
<wf cmd="ignore" pos="DT">this</wf>
<wf cmd="tag" pos="NN">point</wf>
<punc>?</punc>
</s>
<s snum="69">
<wf cmd="ignore" pos="IN">Although</wf>
<wf cmd="ignore" pos="PRP">I</wf>
<wf cmd="done" pos="VBD" ot="notag">had</wf>
<wf cmd="done" pos="VB" lemma="be" wnsn="3" lexsn="2:42:05::">been</wf>
<wf cmd="ignore" pos="IN">inside</wf>
<wf cmd="ignore" pos="PRP">it</wf>
<wf cmd="ignore" pos="PRP">I</wf>
<wf cmd="done" pos="VBD" ot="notag">had</wf>
<wf cmd="tag" pos="RB">not_yet</wf>
<wf cmd="done" pos="VB" lemma="see" wnsn="3" lexsn="2:39:02::">seen</wf>
<wf cmd="ignore" pos="PRP">it</wf>
<wf cmd="done" pos="VB" lemma="function" wnsn="1" lexsn="2:35:00::">functioning</wf>
<punc>.</punc>
</s>
<s snum="70">
<wf cmd="ignore" pos="PRP">I</wf>
<wf cmd="done" pos="VB" lemma="wish" wnsn="1" lexsn="2:37:00::">wished</wf>
<wf cmd="done" pos="VB" ot="notag">to</wf>
<wf cmd="done" pos="VB" lemma="prepare" wnsn="1" lexsn="2:30:00::">prepare</wf>
<wf cmd="ignore" pos="PRP">myself</wf>
<wf cmd="ignore" pos="CC">but</wf>
<wf cmd="done" pos="VBD" ot="notag">did</wf>
<wf cmd="tag" pos="RB">not</wf>
<wf cmd="tag" pos="RB">even</wf>
<wf cmd="done" pos="VB" lemma="know" wnsn="1" lexsn="2:31:01::">know</wf>
<wf cmd="ignore" pos="WP">what</wf>
<wf cmd="tag" pos="RB">sort_of</wf>
<wf cmd="tag" pos="NNS">clothes</wf>
<wf cmd="ignore" pos="PRP">I</wf>
<wf cmd="done" pos="VB" ot="notag">ought_to</wf>
<wf cmd="done" pos="VB" ot="notag">be</wf>
<wf cmd="done" pos="VB" lemma="wear" wnsn="1" lexsn="2:29:00::">wearing</wf>
<punc>.</punc>
</s>
<s snum="71">
<wf cmd="ignore" pos="PRP">I</wf>
<wf cmd="done" pos="VBD" ot="notag">did</wf>
<wf cmd="tag" pos="RB">not</wf>
<wf cmd="done" pos="VB" lemma="despair" wnsn="1" lexsn="2:37:00::">despair</wf>
<punc>,</punc>
<wf cmd="tag" pos="RB">however</wf>
<punc>;</punc>
<wf cmd="tag" pos="RB">far</wf>
<wf cmd="tag" pos="RB">from_it</wf>
<punc>!</punc>
</s>
<s snum="72">
<wf cmd="ignore" pos="PRP">I</wf>
<wf cmd="done" pos="VBD" ot="notag">was</wf>
<wf cmd="tag" pos="RB">constantly</wf>
<wf cmd="done" pos="VB" lemma="search" wnsn="4" lexsn="2:35:01::">searching</wf>
<wf cmd="ignore" pos="IN">for</wf>
<wf cmd="tag" pos="NNS">clues</wf>
<wf cmd="ignore" pos="IN">around</wf>
<wf cmd="ignore" pos="DT">the</wf>
<wf cmd="tag" pos="NN">neighborhood</wf>
<wf cmd="ignore" pos="IN">of</wf>
<wf cmd="ignore" pos="DT">the</wf>
<wf cmd="tag" pos="NN">hall</wf>
<punc>.</punc>
</s>
<s snum="73">
<wf cmd="ignore" pos="IN">Though</wf>
<wf cmd="tag" pos="RB">only</wf>
<wf cmd="ignore" pos="DT">a</wf>
<wf cmd="tag" pos="RB">relatively</wf>
<wf cmd="tag" pos="JJ">short</wf>
<wf cmd="tag" pos="NN">walk</wf>
<wf cmd="done" pos="VB" lemma="separate" wnsn="1" lexsn="2:42:00::">separated</wf>
<wf cmd="ignore" pos="PRP">it</wf>
<wf cmd="ignore" pos="IN">from</wf>
<wf cmd="ignore" pos="PRP$">my</wf>
<wf cmd="tag" pos="JJ">own</wf>
<wf cmd="tag" pos="NN">part</wf>
<wf cmd="ignore" pos="IN">of</wf>
<wf cmd="tag" pos="NN">town</wf>
<punc>,</punc>
<wf cmd="ignore" pos="PRP$">its</wf>
<wf cmd="tag" pos="NN">character</wf>
<wf cmd="done" pos="VB" lemma="be" wnsn="1" lexsn="2:42:03::">was</wf>
<wf cmd="tag" pos="RB">wholly</wf>
<wf cmd="tag" pos="JJ">foreign</wf>
<wf cmd="ignore" pos="TO">to</wf>
<wf cmd="ignore" pos="PRP">me</wf>
<punc>.</punc>
</s>
<s snum="74">
<wf cmd="tag" pos="JJ">Large</wf>
<wf cmd="tag" pos="NNS">warehouses</wf>
<wf cmd="done" pos="VB" lemma="flank" wnsn="1" lexsn="2:42:00::">flanked</wf>
<wf cmd="ignore" pos="DT">the</wf>
<wf cmd="tag" pos="NN">street</wf>
<wf cmd="tag" pos="RB">on_which</wf>
<wf cmd="ignore" pos="DT">the</wf>
<wf cmd="tag" pos="NN">hall</wf>
<wf cmd="done" pos="VB" lemma="front" wnsn="1" lexsn="2:42:00::">fronted</wf>
<punc>.</punc>
</s>
<s snum="75">
<wf cmd="ignore" pos="DT">The</wf>
<wf cmd="tag" pos="NN">river</wf>
<wf cmd="done" pos="VB" lemma="be" wnsn="3" lexsn="2:42:05::">was</wf>
<wf cmd="tag" pos="RB">only</wf>
<wf cmd="tag" pos="JJ">a_few</wf>
<wf cmd="tag" pos="NNS">blocks</wf>
<wf cmd="tag" pos="RB">away</wf>
<wf cmd="ignore" pos="CC">but</wf>
<wf cmd="ignore" pos="DT">an</wf>
<wf cmd="tag" pos="JJ">unbroken</wf>
<wf cmd="tag" pos="NN">line</wf>
<wf cmd="ignore" pos="IN">of</wf>
<wf cmd="tag" pos="NNS">piers</wf>
<wf cmd="done" pos="VB" lemma="prevent" wnsn="2" lexsn="2:41:00::">prevented</wf>
<wf cmd="ignore" pos="PRP">me</wf>
<wf cmd="ignore" pos="IN">from</wf>
<wf cmd="done" pos="VB" lemma="see" wnsn="1" lexsn="2:39:00::">seeing</wf>
<wf cmd="ignore" pos="PRP">it</wf>
<punc>.</punc>
</s>
<s snum="76">
<wf cmd="tag" pos="RB">Sometimes</wf>
<wf cmd="ignore" pos="PRP">I</wf>
<wf cmd="done" pos="VB" lemma="notice" wnsn="1" lexsn="2:39:04::">noticed</wf>
<wf cmd="ignore" pos="DT">the</wf>
<wf cmd="tag" pos="NNS">tops</wf>
<wf cmd="ignore" pos="IN">of</wf>
<wf cmd="tag" pos="NNS">ships</wf>
<punc>'</punc>
<wf cmd="tag" pos="NNS">masts</wf>
<wf cmd="ignore" pos="CC">and</wf>
<wf cmd="tag" pos="NNS">funnels</wf>
<wf cmd="done" pos="VB" lemma="reach" wnsn="6" lexsn="2:42:00::">reaching</wf>
<wf cmd="ignore" pos="IN">above</wf>
<wf cmd="ignore" pos="DT">the</wf>
<wf cmd="tag" pos="NN">pier</wf>
<wf cmd="tag" pos="NNS">roofs</wf>
<punc>.</punc>
</s>
<s snum="77">
<wf cmd="ignore" pos="DT">The</wf>
<wf cmd="tag" pos="NN">sounds</wf>
<wf cmd="done" pos="VB" lemma="issue" wnsn="4" lexsn="2:30:00::">issuing</wf>
<wf cmd="ignore" pos="IN">from</wf>
<wf cmd="ignore" pos="IN">beyond</wf>
<punc>-</punc>
<wf cmd="tag" pos="NNS">winches</wf>
<wf cmd="done" pos="VB" lemma="whir" wnsn="1" lexsn="2:39:00::">whirring</wf>
<punc>,</punc>
<wf cmd="tag" pos="NNS">men</wf>
<wf cmd="done" pos="VB" lemma="shout" wnsn="1" lexsn="2:32:00::">shouting</wf>
<punc>-</punc>
<wf cmd="done" pos="VB" lemma="indicate" wnsn="1" lexsn="2:32:01::">indicated</wf>
<wf cmd="tag" pos="JJ">great</wf>
<wf cmd="tag" pos="NN">activity</wf>
<wf cmd="ignore" pos="CC">and</wf>
<wf cmd="done" pos="VB" lemma="excite" wnsn="1" lexsn="2:37:02::">excited</wf>
<wf cmd="ignore" pos="PRP">me</wf>
<punc>.</punc>
</s>
<s snum="78">
<wf cmd="ignore" pos="DT">The</wf>
<wf cmd="tag" pos="NN">hall</wf>
<punc>,</punc>
<wf cmd="tag" pos="RB">on_the_other_hand</wf>
<punc>,</punc>
<wf cmd="done" pos="VB" lemma="appear" wnsn="1" lexsn="2:39:00::">appeared</wf>
<wf cmd="tag" pos="JJ">lifeless</wf>
<wf cmd="ignore" pos="CC">and</wf>
<wf cmd="tag" pos="JJ">deserted</wf>
<wf cmd="ignore" pos="IN">on</wf>
<wf cmd="ignore" pos="DT">these</wf>
<wf cmd="tag" pos="JJ">long</wf>
<wf cmd="tag" pos="NN">waterfront</wf>
<wf cmd="tag" pos="NNS">afternoons</wf>
<punc>.</punc>
</s>
<s snum="79">
<wf cmd="ignore" pos="PRP">It</wf>
<wf cmd="done" pos="VB" lemma="resemble" wnsn="1" lexsn="2:42:00::">resembled</wf>
<wf cmd="tag" pos="NN">nothing</wf>
<wf cmd="ignore" pos="PRP">I</wf>
<wf cmd="ignore" pos="MD">'d</wf>
<wf cmd="tag" pos="RB">ever</wf>
<wf cmd="done" pos="VB" lemma="see" wnsn="1" lexsn="2:39:00::">seen</wf>
<wf cmd="tag" pos="RB">before</wf>
<punc>.</punc>
</s>
<s snum="80">
<wf cmd="ignore" pos="PRP$">Its</wf>
<wf cmd="tag" pos="NN">front</wf>
<wf cmd="done" pos="VB" lemma="be" wnsn="1" lexsn="2:42:03::">was</wf>
<wf cmd="tag" pos="JJ">windowless</wf>
<punc>,</punc>
<wf cmd="ignore" pos="CC">but</wf>
<wf cmd="tag" pos="NNS">irregularities</wf>
<wf cmd="ignore" pos="IN">in</wf>
<wf cmd="ignore" pos="DT">the</wf>
<wf cmd="tag" pos="NN">masonry</wf>
<wf cmd="ignore" pos="MD">might</wf>
<wf cmd="done" pos="VB" lemma="be" wnsn="2" lexsn="2:42:06::">be</wf>
<wf cmd="ignore" pos="DT">an</wf>
<wf cmd="tag" pos="NN">indication</wf>
<wf cmd="ignore" pos="IN">that</wf>
<wf cmd="tag" pos="NNS">windows</wf>
<punc>,</punc>
<wf cmd="tag" pos="RB">now</wf>
<wf cmd="tag" pos="JJ">blinded</wf>
<punc>,</punc>
<wf cmd="done" pos="VBD" ot="notag">had</wf>
<wf cmd="tag" pos="RB">once</wf>
<wf cmd="done" rdf="looked_out_on" pos="VB" lemma="look_out_on" wnsn="1" lexsn="2:42:00::">looked_out</wf>
<wf cmd="ignore" pos="IN">upon</wf>
<wf cmd="ignore" pos="DT">the</wf>
<wf cmd="tag" pos="NN">street</wf>
<punc>.</punc>
</s>
<s snum="81">
<wf cmd="ignore" pos="PRP">I</wf>
<wf cmd="done" pos="VB" lemma="keep" wnsn="2" lexsn="2:42:07::">kept</wf>
<wf cmd="done" pos="VB" lemma="circle" wnsn="1" lexsn="2:38:01::">circling</wf>
<wf cmd="ignore" pos="DT">the</wf>
<wf cmd="tag" pos="NN">block</wf>
<wf cmd="done" pos="VB" lemma="hope" wnsn="2" lexsn="2:37:00::">hoping</wf>
<wf cmd="ignore" pos="TO">to</wf>
<wf cmd="done" pos="VB" lemma="see" wnsn="1" lexsn="2:39:00::">see</wf>
<punc>,</punc>
<wf cmd="ignore" pos="IN">from</wf>
<wf cmd="ignore" pos="DT">the</wf>
<wf cmd="tag" pos="NN">street</wf>
<wf cmd="ignore" pos="IN">behind</wf>
<wf cmd="ignore" pos="PRP">it</wf>
<punc>,</punc>
<wf cmd="ignore" pos="DT">the</wf>
<wf cmd="tag" pos="NN">rear</wf>
<wf cmd="ignore" pos="IN">of</wf>
<wf cmd="ignore" pos="DT">the</wf>
<wf cmd="tag" pos="NN">hall</wf>
<punc>.</punc>
</s>
<s snum="82">
<wf cmd="ignore" pos="CC">But</wf>
<wf cmd="ignore" pos="PRP">it</wf>
<wf cmd="done" pos="VB" lemma="be" wnsn="1" lexsn="2:42:03::">was</wf>
<wf cmd="tag" pos="RB">not</wf>
<wf cmd="ignore" pos="DT">a</wf>
<wf cmd="tag" pos="JJ">tall</wf>
<wf cmd="tag" pos="NN">structure</wf>
<wf cmd="ignore" pos="CC">and</wf>
<wf cmd="tag" pos="JJ">other</wf>
<wf cmd="tag" pos="NNS">buildings</wf>
<wf cmd="done" pos="VB" lemma="conceal" wnsn="1" lexsn="2:39:01::">concealed</wf>
<wf cmd="ignore" pos="PRP">it</wf>
<punc>.</punc>
</s>
<s snum="83">
<wf cmd="ignore" pos="IN">For</wf>
<wf cmd="tag" pos="NNS">weeks</wf>
<wf cmd="ignore" pos="PRP">I</wf>
<wf cmd="done" pos="VB" lemma="wander" wnsn="1" lexsn="2:38:00::">wandered</wf>
<wf cmd="ignore" pos="IN">about</wf>
<wf cmd="ignore" pos="DT">this</wf>
<wf cmd="tag" pos="NN">neighborhood</wf>
<wf cmd="ignore" pos="IN">of</wf>
<wf cmd="tag" pos="NNS">warehouses</wf>
<wf cmd="ignore" pos="CC">and</wf>
<wf cmd="tag" pos="NNS">garages</wf>
<punc>,</punc>
<wf cmd="tag" pos="NN">truck</wf>
<wf cmd="tag" pos="NNS">terminals</wf>
<wf cmd="ignore" pos="CC">and</wf>
<wf cmd="tag" pos="NN">taxi</wf>
<wf cmd="tag" pos="NN">repair_shops</wf>
<punc>,</punc>
<wf cmd="tag" pos="NN">gasoline_pumps</wf>
<wf cmd="ignore" pos="CC">and</wf>
<wf cmd="tag" pos="NNS">longshoremen</wf>
<wf cmd="ignore" pos="POS">'s</wf>
<wf cmd="tag" pos="NN">lunch</wf>
<wf cmd="tag" pos="NNS">counters</wf>
<punc>,</punc>
<wf cmd="tag" pos="RB">yet</wf>
<wf cmd="tag" pos="RB">never</wf>
<wf cmd="done" pos="VBD" ot="notag">did</wf>
<wf cmd="ignore" pos="PRP">I</wf>
<wf cmd="done" pos="VB" lemma="cease" wnsn="1" lexsn="2:42:00::">cease</wf>
<wf cmd="ignore" pos="TO">to</wf>
<wf cmd="done" pos="VB" lemma="feel" wnsn="2" lexsn="2:31:00::">feel</wf>
<wf cmd="ignore" pos="PRP">myself</wf>
<wf cmd="ignore" pos="DT">a</wf>
<wf cmd="tag" pos="NN">stranger</wf>
<wf cmd="ignore" pos="EX">there</wf>
<punc>.</punc>
</s>
</p>
<p pnum="5">
<s snum="84">
<wf cmd="ignore" pos="PRP">I</wf>
<wf cmd="done" pos="VB" lemma="return" wnsn="1" lexsn="2:38:00::">returned</wf>
<wf cmd="done" pos="VB" ot="notag">to</wf>
<wf cmd="ignore" pos="DT">the</wf>
<wf cmd="tag" pos="NN">hall</wf>
<punc>,</punc>
<wf cmd="ignore" pos="IN">despite</wf>
<wf cmd="ignore" pos="PRP$">my</wf>
<wf cmd="tag" pos="NN">dislike</wf>
<wf cmd="ignore" pos="IN">for</wf>
<wf cmd="ignore" pos="DT">the</wf>
<wf cmd="tag" pos="NN">clerk</wf>
<punc>.</punc>
</s>
<s snum="85">
<wf cmd="ignore" pos="IN">As</wf>
<wf cmd="ignore" pos="PRP">I</wf>
<wf cmd="done" pos="VBD" ot="notag">had</wf>
<wf cmd="done" pos="VB" lemma="expect" wnsn="1" lexsn="2:31:00::">expected</wf>
<punc>,</punc>
<wf cmd="ignore" pos="PRP">he</wf>
<wf cmd="done" pos="VB" lemma="insist" wnsn="1" lexsn="2:32:00::">insisted</wf>
<wf cmd="ignore" pos="IN">that</wf>
<wf cmd="ignore" pos="PRP$">my</wf>
<wf cmd="tag" pos="NNS">visits</wf>
<wf cmd="ignore" pos="TO">to</wf>
<wf cmd="ignore" pos="DT">the</wf>
<wf cmd="tag" pos="NN">hall</wf>
<wf cmd="ignore" pos="MD">would</wf>
<wf cmd="done" pos="VB" lemma="do" wnsn="1" lexsn="2:41:01::">do</wf>
<wf cmd="tag" pos="NN">nothing</wf>
<wf cmd="ignore" pos="TO">to</wf>
<wf cmd="done" pos="VB" lemma="further" wnsn="2" lexsn="2:41:00::">further</wf>
<wf cmd="ignore" pos="DT">the</wf>
<wf cmd="tag" pos="NN">process</wf>
<wf cmd="ignore" pos="IN">of</wf>
<wf cmd="ignore" pos="PRP$">my</wf>
<wf cmd="tag" pos="NN">application</wf>
<punc>.</punc>
</s>
<s snum="86">
<wf cmd="tag" pos="RB">Meanwhile</wf>
<wf cmd="tag" pos="NN">spring</wf>
<wf cmd="done" pos="VBD" ot="notag">had</wf>
<wf cmd="done" pos="VB" lemma="pass" wnsn="4" lexsn="2:38:03::">passed</wf>
<wf cmd="tag" pos="RB">well</wf>
<wf cmd="ignore" pos="IN">into</wf>
<wf cmd="tag" pos="NN">summer</wf>
<punc>.</punc>
</s>
<s snum="87">
<wf cmd="tag" pos="RB">At_last</wf>
<punc>,</punc>
<wf cmd="ignore" pos="WRB">when</wf>
<wf cmd="ignore" pos="PRP">I</wf>
<wf cmd="done" pos="VB" lemma="put" wnsn="3" lexsn="2:32:00::">put</wf>
<wf cmd="ignore" pos="PRP">it</wf>
<wf cmd="ignore" pos="TO">to</wf>
<wf cmd="ignore" pos="PRP">him</wf>
<wf cmd="tag" pos="RB">directly</wf>
<punc>,</punc>
<wf cmd="ignore" pos="DT">the</wf>
<wf cmd="tag" pos="NN">clerk</wf>
<wf cmd="done" pos="VBD" ot="notag">was</wf>
<wf cmd="done" pos="VB" lemma="force" wnsn="1" lexsn="2:41:00::">forced</wf>
<wf cmd="ignore" pos="TO">to</wf>
<wf cmd="done" pos="VB" lemma="admit" wnsn="1" lexsn="2:32:00::">admit</wf>
<wf cmd="ignore" pos="IN">that</wf>
<wf cmd="ignore" pos="DT">the</wf>
<wf cmd="tag" pos="NN">delay</wf>
<wf cmd="ignore" pos="IN">in</wf>
<wf cmd="ignore" pos="PRP$">my</wf>
<wf cmd="tag" pos="NN">case</wf>
<wf cmd="done" pos="VB" lemma="be" wnsn="1" lexsn="2:42:03::">was</wf>
<wf cmd="tag" pos="JJ">unusual</wf>
<punc>.</punc>
</s>
<s snum="88">
<wf cmd="ignore" pos="WRB">When</wf>
<wf cmd="ignore" pos="PRP">I</wf>
<wf cmd="done" pos="VB" lemma="ask" wnsn="1" lexsn="2:32:00::">asked</wf>
<wf cmd="ignore" pos="PRP">him</wf>
<wf cmd="ignore" pos="WP">what</wf>
<punc>,</punc>
<wf cmd="ignore" pos="IN">if</wf>
<wf cmd="tag" pos="NN">anything</wf>
<punc>,</punc>
<wf cmd="ignore" pos="PRP">I</wf>
<wf cmd="ignore" pos="MD">could</wf>
<wf cmd="done" pos="VB" lemma="do" wnsn="1" lexsn="2:41:01::">do</wf>
<wf cmd="ignore" pos="IN">about</wf>
<wf cmd="ignore" pos="PRP">it</wf>
<punc>,</punc>
<wf cmd="ignore" pos="PRP">he</wf>
<wf cmd="done" pos="VB" lemma="surprise" wnsn="1" lexsn="2:31:00::">surprised</wf>
<wf cmd="ignore" pos="PRP">me</wf>
<wf cmd="ignore" pos="IN">by</wf>
<wf cmd="done" pos="VB" lemma="refer" wnsn="4" lexsn="2:38:00::">referring</wf>
<wf cmd="ignore" pos="PRP">me</wf>
<wf cmd="ignore" pos="TO">to</wf>
<wf cmd="ignore" pos="DT">the</wf>
<wf cmd="tag" pos="NN">director</wf>
<wf cmd="ignore" pos="IN">of</wf>
<wf cmd="ignore" pos="DT">the</wf>
<wf cmd="tag" pos="NN">hall</wf>
<punc>.</punc>
</s>
<s snum="89">
<wf cmd="ignore" pos="PRP">I</wf>
<wf cmd="ignore" pos="MD">could</wf>
<wf cmd="done" pos="VB" lemma="consult" wnsn="1" lexsn="2:32:02::">consult</wf>
<wf cmd="ignore" pos="DT">this</wf>
<wf cmd="tag" pos="NN">personage</wf>
<wf cmd="ignore" pos="IN">on</wf>
<wf cmd="ignore" pos="DT">any</wf>
<wf cmd="tag" pos="NN">weekday</wf>
<wf cmd="tag" pos="NN">morning</wf>
<punc>,</punc>
<wf cmd="ignore" pos="IN">though</wf>
<wf cmd="tag" pos="RB">not</wf>
<wf cmd="ignore" pos="IN">before</wf>
<wf cmd="tag" pos="CD">ten</wf>
<wf cmd="ignore" pos="IN">o</wf>
<punc>'</punc>
<wf cmd="tag" pos="NN">clock</wf>
<punc>.</punc>
</s>
<s snum="90">
<wf cmd="ignore" pos="DT">The</wf>
<wf cmd="tag" pos="NN">clerk</wf>
<wf cmd="done" pos="VB" lemma="impress" wnsn="3" lexsn="2:31:00::">impressed</wf>
<wf cmd="ignore" pos="DT">this</wf>
<wf cmd="ignore" pos="IN">upon</wf>
<wf cmd="ignore" pos="PRP">me</wf>
<punc>:</punc>
<wf cmd="ignore" pos="IN">that</wf>
<wf cmd="ignore" pos="PRP">I</wf>
<wf cmd="ignore" pos="MD">should</wf>
<wf cmd="tag" pos="RB">not</wf>
<wf cmd="done" pos="VB" lemma="arrive" wnsn="1" lexsn="2:38:00::">arrive</wf>
<wf cmd="ignore" pos="IN">in</wf>
<wf cmd="ignore" pos="DT">the</wf>
<wf cmd="tag" pos="NN">hall</wf>
<wf cmd="ignore" pos="IN">before</wf>
<wf cmd="tag" pos="CD">ten</wf>
<wf cmd="ignore" pos="IN">o</wf>
<punc>'</punc>
<wf cmd="tag" pos="NN">clock</wf>
<punc>.</punc>
</s>
<s snum="91">
<wf cmd="ignore" pos="WRB">When</wf>
<wf cmd="ignore" pos="PRP">I</wf>
<wf cmd="done" pos="VB" lemma="go" wnsn="1" lexsn="2:38:00::">went</wf>
<wf cmd="done" pos="VB" ot="notag">for</wf>
<wf cmd="ignore" pos="PRP$">my</wf>
<wf cmd="tag" pos="NN">interview</wf>
<wf cmd="ignore" pos="IN">with</wf>
<wf cmd="ignore" pos="DT">the</wf>
<wf cmd="tag" pos="NN">director</wf>
<wf cmd="ignore" pos="PRP">I</wf>
<wf cmd="done" pos="VB" lemma="see" wnsn="2" lexsn="2:31:01::">saw</wf>
<wf cmd="ignore" pos="WRB">why</wf>
<punc>.</punc>
</s>
<s snum="92">
<wf cmd="ignore" pos="IN">Although</wf>
<wf cmd="ignore" pos="PRP">it</wf>
<wf cmd="done" pos="VB" lemma="be" wnsn="1" lexsn="2:42:03::">was</wf>
<wf cmd="tag" pos="JJ">dark</wf>
<wf cmd="tag" pos="RB">as_usual</wf>
<wf cmd="ignore" pos="PRP">I</wf>
<wf cmd="ignore" pos="MD">could</wf>
<wf cmd="done" pos="VB" lemma="see" wnsn="1" lexsn="2:39:00::">see</wf>
<wf cmd="ignore" pos="IN">that</wf>
<wf cmd="ignore" pos="DT">the</wf>
<wf cmd="tag" pos="NN">hall</wf>
<wf cmd="done" pos="VBD" ot="notag">had</wf>
<wf cmd="tag" pos="RB">only</wf>
<wf cmd="tag" pos="RB">recently</wf>
<wf cmd="done" pos="VB" lemma="contain" wnsn="2" lexsn="2:42:13::">contained</wf>
<wf cmd="ignore" pos="DT">a</wf>
<wf cmd="tag" pos="JJ">great</wf>
<wf cmd="tag" pos="JJ">many</wf>
<wf cmd="tag" pos="NNS">people</wf>
<punc>.</punc>
</s>
<s snum="93">
<wf cmd="tag" pos="NN">Cigarette_butts</wf>
<wf cmd="done" pos="VB" lemma="litter" wnsn="1" lexsn="2:42:00::">littered</wf>
<wf cmd="ignore" pos="DT">the</wf>
<wf cmd="tag" pos="NN">floor</wf>
<punc>.</punc>
</s>
<s snum="94">
<wf cmd="ignore" pos="DT">The</wf>
<wf cmd="tag" pos="JJ">big</wf>
<wf cmd="tag" pos="NNS">fans</wf>
<wf cmd="done" pos="VBD" ot="notag">were</wf>
<wf cmd="done" pos="VB" lemma="go" wnsn="12" lexsn="2:35:00::">going</wf>
<punc>,</punc>
<wf cmd="done" pos="VB" lemma="draw" wnsn="7" lexsn="2:38:00::">drawing</wf>
<wf cmd="done" pos="VB" ot="notag">from</wf>
<wf cmd="ignore" pos="DT">the</wf>
<wf cmd="tag" pos="JJ">large</wf>
<wf cmd="tag" pos="NN">room</wf>
<wf cmd="ignore" pos="DT">the</wf>
<wf cmd="tag" pos="NNS">remnants</wf>
<wf cmd="ignore" pos="IN">of</wf>
<wf cmd="tag" pos="JJ">stale</wf>
<wf cmd="tag" pos="NN">smoke</wf>
<wf cmd="ignore" pos="WDT">which</wf>
<wf cmd="done" pos="VB" lemma="drift" wnsn="1" lexsn="2:38:02::">drifted</wf>
<wf cmd="ignore" pos="IN">about</wf>
<wf cmd="ignore" pos="IN">in</wf>
<wf cmd="tag" pos="JJ">pale</wf>
<wf cmd="tag" pos="NNS">strata</wf>
<wf cmd="ignore" pos="IN">underneath</wf>
<wf cmd="ignore" pos="DT">the</wf>
<wf cmd="tag" pos="NN">ceiling</wf>
<punc>.</punc>
</s>
<s snum="95">
<wf cmd="ignore" pos="PRP">I</wf>
<wf cmd="done" pos="VBD" ot="notag">had</wf>
<wf cmd="done" pos="VB" lemma="feel" wnsn="3" lexsn="2:39:00::">felt</wf>
<wf cmd="ignore" pos="DT">the</wf>
<wf cmd="tag" pos="NN">draft</wf>
<wf cmd="ignore" pos="PRP">they</wf>
<wf cmd="done" pos="VBD" ot="notag">were</wf>
<wf cmd="done" pos="VB" lemma="make" wnsn="3" lexsn="2:36:00::">making</wf>
<wf cmd="ignore" pos="IN">while</wf>
<wf cmd="done" pos="VB" lemma="mount" wnsn="6" lexsn="2:38:00::">mounting</wf>
<wf cmd="ignore" pos="DT">the</wf>
<wf cmd="tag" pos="NNS">stairs</wf>
<punc>.</punc>
</s>
<s snum="96">
<wf cmd="ignore" pos="DT">The</wf>
<wf cmd="tag" pos="NN">staircase</wf>
<wf cmd="ignore" pos="PRP">itself</wf>
<wf cmd="done" pos="VB" lemma="seem" wnsn="1" lexsn="2:39:00::">seemed</wf>
<wf cmd="tag" pos="RB">still</wf>
<wf cmd="ignore" pos="TO">to</wf>
<wf cmd="done" pos="VB" ot="notag">be</wf>
<wf cmd="done" pos="VB" lemma="echo" wnsn="1" lexsn="2:32:00::">echoing</wf>
<wf cmd="ignore" pos="DT">the</wf>
<wf cmd="tag" pos="JJ">heavy</wf>
<wf cmd="tag" pos="NNS">footfalls</wf>
<wf cmd="ignore" pos="IN">of</wf>
<wf cmd="tag" pos="JJ">many</wf>
<wf cmd="tag" pos="NNS">men</wf>
<punc>.</punc>
</s>
<s snum="97">
<wf cmd="ignore" pos="PRP">I</wf>
<wf cmd="done" pos="VB" lemma="stop" wnsn="1" lexsn="2:38:00::">stopped</wf>
<wf cmd="ignore" pos="IN">by</wf>
<wf cmd="ignore" pos="DT">the</wf>
<wf cmd="tag" pos="NN">counter</wf>
<punc>.</punc>
</s>
<s snum="98">
<wf cmd="ignore" pos="DT">No</wf>
<wf cmd="tag" pos="CD">one</wf>
<wf cmd="done" pos="VB" lemma="be" wnsn="3" lexsn="2:42:05::">was</wf>
<wf cmd="ignore" pos="IN">behind</wf>
<wf cmd="ignore" pos="PRP">it</wf>
<punc>,</punc>
<wf cmd="ignore" pos="CC">but</wf>
<wf cmd="ignore" pos="IN">in</wf>
<wf cmd="ignore" pos="DT">the</wf>
<wf cmd="tag" pos="JJ">rear</wf>
<wf cmd="tag" pos="NN">wall</wf>
<wf cmd="ignore" pos="IN">of</wf>
<wf cmd="ignore" pos="DT">the</wf>
<wf cmd="tag" pos="NN">office</wf>
<wf cmd="ignore" pos="PRP">I</wf>
<wf cmd="done" pos="VB" lemma="notice" wnsn="1" lexsn="2:39:04::">noticed</wf>
<punc>,</punc>
<wf cmd="tag" pos="RB">for_the_first_time</wf>
<punc>,</punc>
<wf cmd="ignore" pos="DT">a</wf>
<wf cmd="tag" pos="NN">door</wf>
<wf cmd="ignore" pos="WDT">which</wf>
<wf cmd="done" pos="VBD" ot="notag">had</wf>
<wf cmd="done" pos="VB" ot="notag">been</wf>
<wf cmd="done" pos="VB" lemma="leave" wnsn="3" lexsn="2:42:02::">left</wf>
<wf cmd="tag" pos="RB">partially</wf>
<wf cmd="tag" pos="JJ">open</wf>
<punc>.</punc>
</s>
<s snum="99">
<wf cmd="tag" pos="JJ">Past</wf>
<wf cmd="ignore" pos="PRP">it</wf>
<wf cmd="ignore" pos="PRP">I</wf>
<wf cmd="ignore" pos="MD">could</wf>
<wf cmd="done" pos="VB" lemma="see" wnsn="1" lexsn="2:39:00::">see</wf>
<wf cmd="tag" pos="NN">part</wf>
<wf cmd="ignore" pos="IN">of</wf>
<wf cmd="ignore" pos="DT">a</wf>
<wf cmd="tag" pos="NN">desk</wf>
<punc>,</punc>
<wf cmd="ignore" pos="DT">a</wf>
<wf cmd="tag" pos="NN">flag</wf>
<wf cmd="ignore" pos="IN">in</wf>
<wf cmd="ignore" pos="DT">a</wf>
<wf cmd="tag" pos="NN">corner</wf>
<punc>,</punc>
<wf cmd="ignore" pos="DT">a</wf>
<wf cmd="tag" pos="NN">rug</wf>
<wf cmd="ignore" pos="IN">on</wf>
<wf cmd="ignore" pos="DT">the</wf>
<wf cmd="tag" pos="NN">floor</wf>
<punc>.</punc>
</s>
<s snum="100">
<wf cmd="ignore" pos="DT">The</wf>
<wf cmd="tag" pos="NN">director</wf>
<wf cmd="ignore" pos="POS">'s</wf>
<wf cmd="tag" pos="NN">office</wf>
<punc>.</punc>
</s>
<s snum="101">
<wf cmd="ignore" pos="PRP">I</wf>
<wf cmd="done" pos="VB" lemma="rap" wnsn="1" lexsn="2:35:00::">rapped</wf>
<wf cmd="ignore" pos="PRP$">my</wf>
<wf cmd="tag" pos="NNS">knuckles</wf>
<wf cmd="ignore" pos="IN">on</wf>
<wf cmd="ignore" pos="DT">the</wf>
<wf cmd="tag" pos="NN">counter</wf>
<punc>.</punc>
</s>
<s snum="102">
<wf cmd="ignore" pos="DT">The</wf>
<wf cmd="tag" pos="NN">director</wf>
<wf cmd="done" pos="VB" lemma="come" wnsn="1" lexsn="2:38:00::">came</wf>
<wf cmd="done" pos="VB" ot="notag">to</wf>
<wf cmd="ignore" pos="DT">the</wf>
<wf cmd="tag" pos="NN">door</wf>
<punc>.</punc>
</s>
<s snum="103">
<wf cmd="ignore" pos="PRP">I</wf>
<wf cmd="done" pos="VBD" ot="notag">was</wf>
<wf cmd="tag" pos="RB">at_once</wf>
<wf cmd="done" pos="VB" lemma="disappoint" wnsn="1" lexsn="2:37:00::">disappointed</wf>
<punc>,</punc>
<wf cmd="ignore" pos="IN">although</wf>
<wf cmd="tag" pos="RB">just</wf>
<wf cmd="ignore" pos="WP">what</wf>
<wf cmd="ignore" pos="PRP">I</wf>
<wf cmd="done" pos="VBD" ot="notag">had</wf>
<wf cmd="done" pos="VB" lemma="expect" wnsn="1" lexsn="2:31:00::">expected</wf>
<wf cmd="ignore" pos="PRP">him</wf>
<wf cmd="ignore" pos="TO">to</wf>
<wf cmd="done" pos="VB" lemma="look_like" wnsn="1" lexsn="2:42:00::">look_like</wf>
<wf cmd="ignore" pos="PRP">I</wf>
<wf cmd="ignore" pos="MD">could</wf>
<wf cmd="tag" pos="RB">not</wf>
<wf cmd="done" pos="VB" ot="notag">have</wf>
<wf cmd="done" pos="VB" lemma="explain" wnsn="1" lexsn="2:32:00::">explained</wf>
<punc>.</punc>
</s>
<s snum="104">
<wf cmd="ignore" pos="PRP">He</wf>
<wf cmd="done" pos="VB" lemma="be" wnsn="2" lexsn="2:42:06::">was</wf>
<wf cmd="ignore" pos="DT">a</wf>
<wf cmd="tag" pos="NN">man</wf>
<wf cmd="ignore" pos="IN">in</wf>
<wf cmd="ignore" pos="PRP$">his</wf>
<wf cmd="tag" pos="JJ">late</wf>
<wf cmd="tag" pos="NNS">forties</wf>
<punc>,</punc>
<wf cmd="ignore" pos="IN">with</wf>
<wf cmd="tag" pos="JJ">graying</wf>
<wf cmd="tag" pos="NN">hair</wf>
<punc>,</punc>
<wf cmd="ignore" pos="IN">of</wf>
<wf cmd="tag" pos="NN">medium</wf>
<wf cmd="tag" pos="NN">height</wf>
<punc>;</punc>
<wf cmd="ignore" pos="PRP">he</wf>
<wf cmd="done" pos="VB" lemma="look" wnsn="2" lexsn="2:39:01::">looked</wf>
<wf cmd="tag" pos="JJ">dapper</wf>
<wf cmd="ignore" pos="IN">in</wf>
<wf cmd="ignore" pos="DT">a</wf>
<wf cmd="tag" pos="JJ">lightweight</wf>
<wf cmd="tag" pos="NN">summer</wf>
<wf cmd="tag" pos="NN">suit</wf>
<punc>,</punc>
<wf cmd="tag" pos="JJ">brown</wf>
<wf cmd="tag" pos="NN">silk</wf>
<wf cmd="tag" pos="NN">tie</wf>
<wf cmd="ignore" pos="CC">and</wf>
<wf cmd="tag" pos="JJ">green-tinted</wf>
<wf cmd="tag" pos="JJ">soft</wf>
<wf cmd="tag" pos="NN">collar</wf>
<punc>.</punc>
</s>
<s snum="105">
<wf cmd="ignore" pos="PRP">He</wf>
<wf cmd="done" pos="VB" lemma="wear" wnsn="1" lexsn="2:29:00::">wore</wf>
<wf cmd="tag" pos="JJ">perforated</wf>
<punc>,</punc>
<wf cmd="tag" pos="JJ">white-topped</wf>
<wf cmd="tag" pos="NNS">shoes</wf>
<punc>;</punc>
<wf cmd="ignore" pos="PRP">they</wf>
<wf cmd="tag" pos="RB">somehow</wf>
<wf cmd="done" pos="VB" lemma="make" wnsn="4" lexsn="2:32:00::">made</wf>
<wf cmd="ignore" pos="PRP">me</wf>
<wf cmd="done" pos="VB" lemma="expect" wnsn="1" lexsn="2:31:00::">expect</wf>
<wf cmd="ignore" pos="TO">to</wf>
<wf cmd="done" pos="VB" lemma="see" wnsn="1" lexsn="2:39:00::">see</wf>
<wf cmd="ignore" pos="PRP">him</wf>
<wf cmd="done" pos="VB" lemma="launch" wnsn="4" lexsn="2:30:10::">launch</wf>
<wf cmd="done" pos="VB" ot="notag">into</wf>
<wf cmd="ignore" pos="DT">a</wf>
<wf cmd="tag" pos="NN">vaudeville</wf>
<wf cmd="tag" pos="NN">tapdance</wf>
<wf cmd="tag" pos="JJ">routine</wf>
<wf cmd="ignore" pos="DT">any</wf>
<wf cmd="tag" pos="NN">moment</wf>
<punc>.</punc>
</s>
<s snum="106">
<wf cmd="ignore" pos="CC">But</wf>
<wf cmd="ignore" pos="PRP">he</wf>
<wf cmd="done" pos="VB" lemma="come" wnsn="1" lexsn="2:38:00::">came</wf>
<wf cmd="ignore" pos="IN">toward</wf>
<wf cmd="ignore" pos="PRP">me</wf>
<wf cmd="tag" pos="RB">sedately</wf>
<wf cmd="tag" pos="RB">enough</wf>
<punc>,</punc>
<wf cmd="done" pos="VB" lemma="show" wnsn="7" lexsn="2:32:01::">showed</wf>
<wf cmd="ignore" pos="PRP">me</wf>
<wf cmd="ignore" pos="IN">around</wf>
<wf cmd="ignore" pos="DT">the</wf>
<wf cmd="tag" pos="NN">counter</wf>
<punc>,</punc>
<wf cmd="done" pos="VB" lemma="offer" wnsn="1" lexsn="2:40:02::">offered</wf>
<wf cmd="ignore" pos="PRP">me</wf>
<wf cmd="ignore" pos="DT">a</wf>
<wf cmd="tag" pos="NN">seat</wf>
<wf cmd="ignore" pos="IN">inside</wf>
<wf cmd="ignore" pos="PRP$">his</wf>
<wf cmd="tag" pos="NN">office</wf>
<punc>,</punc>
<wf cmd="tag" pos="RB">then</wf>
<wf cmd="done" pos="VB" lemma="walk" wnsn="1" lexsn="2:38:00::">walked</wf>
<wf cmd="ignore" pos="TO">to</wf>
<wf cmd="ignore" pos="DT">a</wf>
<wf cmd="tag" pos="NN">file_cabinet</wf>
<wf cmd="ignore" pos="CC">and</wf>
<wf cmd="done" pos="VB" lemma="get_out" wnsn="2" lexsn="2:35:00::">got_out</wf>
<wf cmd="ignore" pos="PRP$">my</wf>
<wf cmd="tag" pos="NN">application</wf>
<punc>.</punc>
</s>
<s snum="107">
<wf cmd="ignore" pos="PRP">I</wf>
<wf cmd="done" pos="VB" lemma="have" wnsn="3" lexsn="2:39:06::">had</wf>
<wf cmd="ignore" pos="DT">the</wf>
<wf cmd="tag" pos="NN">impression</wf>
<wf cmd="ignore" pos="IN">that</wf>
<wf cmd="ignore" pos="PRP">he</wf>
<wf cmd="done" pos="VBD" ot="notag">had</wf>
<wf cmd="done" pos="VB" lemma="read" wnsn="1" lexsn="2:31:00::">read</wf>
<wf cmd="ignore" pos="PRP$">my</wf>
<wf cmd="tag" pos="NNS">forms</wf>
<punc>,</punc>
<wf cmd="tag" pos="RB">perhaps</wf>
<wf cmd="tag" pos="RB">several_times</wf>
<punc>.</punc>
</s>
<s snum="108">
<wf cmd="ignore" pos="PRP">He</wf>
<wf cmd="done" pos="VBD" ot="notag">did</wf>
<wf cmd="tag" pos="RB">not</wf>
<wf cmd="done" pos="VB" lemma="look" wnsn="1" lexsn="2:39:00::">look</wf>
<wf cmd="done" pos="VB" ot="notag">at</wf>
<wf cmd="ignore" pos="PRP">them</wf>
<wf cmd="tag" pos="RB">now</wf>
<punc>.</punc>
</s>
<s snum="109">
<wf cmd="ignore" pos="IN">As</wf>
<wf cmd="ignore" pos="PRP">he</wf>
<wf cmd="done" pos="VB" lemma="lower" wnsn="1" lexsn="2:38:00::">lowered</wf>
<wf cmd="ignore" pos="PRP">himself</wf>
<wf cmd="ignore" pos="IN">on</wf>
<wf cmd="ignore" pos="DT">the</wf>
<wf cmd="tag" pos="NN">chair</wf>
<wf cmd="ignore" pos="IN">behind</wf>
<wf cmd="ignore" pos="PRP$">his</wf>
<wf cmd="tag" pos="NN">desk</wf>
<wf cmd="ignore" pos="PRP">I</wf>
<wf cmd="done" pos="VB" lemma="wonder" wnsn="1" lexsn="2:31:00::">wondered</wf>
<wf cmd="ignore" pos="WP">what</wf>
<wf cmd="ignore" pos="DT">this</wf>
<wf cmd="tag" pos="JJ">dapper</wf>
<punc>,</punc>
<wf cmd="tag" pos="RB">slightly</wf>
<wf cmd="tag" pos="JJ">ridiculous</wf>
<wf cmd="tag" pos="NN">man</wf>
<wf cmd="ignore" pos="MD">could</wf>
<wf cmd="tag" pos="RB">possibly</wf>
<wf cmd="done" pos="VB" lemma="have" wnsn="10" lexsn="2:42:12::">have</wf>
<wf cmd="done" pos="VB" ot="notag">to</wf>
<wf cmd="done" pos="VB" lemma="do" wnsn="4" lexsn="2:42:00::">do</wf>
<wf cmd="done" pos="VB" ot="notag">with</wf>
<wf cmd="ignore" pos="DT">the</wf>
<wf cmd="tag" pos="NNS">workings</wf>
<wf cmd="ignore" pos="IN">of</wf>
<wf cmd="ignore" pos="DT">the</wf>
<wf cmd="tag" pos="NN">hall</wf>
<punc>.</punc>
</s>
<s snum="110">
<wf cmd="ignore" pos="PRP">He</wf>
<wf cmd="done" pos="VB" lemma="speak" wnsn="2" lexsn="2:32:01::">spoke</wf>
<punc>,</punc>
<wf cmd="ignore" pos="IN">in</wf>
<wf cmd="ignore" pos="DT">a</wf>
<wf cmd="tag" pos="NN">voice</wf>
<wf cmd="tag" pos="RB">as</wf>
<wf cmd="tag" pos="JJ">immaculate</wf>
<wf cmd="ignore" pos="IN">as</wf>
<wf cmd="ignore" pos="PRP$">his</wf>
<wf cmd="tag" pos="NN">appearance</wf>
<punc>.</punc>
</s>
<s snum="111">
<wf cmd="ignore" pos="WRB">Why</wf>
<wf cmd="done" pos="VBD" ot="notag">had</wf>
<wf cmd="ignore" pos="PRP">I</wf>
<wf cmd="done" pos="VB" lemma="register" wnsn="2" lexsn="2:32:03::">registered</wf>
<punc>?</punc>
</s>
<s snum="112">
<wf cmd="done" pos="VB" lemma="beg" wnsn="1" lexsn="2:32:00::">Begging</wf>
<wf cmd="ignore" pos="PRP$">my</wf>
<wf cmd="tag" pos="NN">pardon</wf>
<punc>,</punc>
<wf cmd="ignore" pos="PRP">he</wf>
<wf cmd="ignore" pos="MD">must</wf>
<wf cmd="done" pos="VB" lemma="express" wnsn="2" lexsn="2:32:00::">express</wf>
<wf cmd="ignore" pos="PRP$">his</wf>
<wf cmd="tag" pos="NN">astonishment</wf>
<wf cmd="ignore" pos="IN">over</wf>
<wf cmd="done" pos="VB" lemma="see" wnsn="3" lexsn="2:39:02::">seeing</wf>
<wf cmd="ignore" pos="DT">a</wf>
<wf cmd="tag" pos="NN">person</wf>
<wf cmd="ignore" pos="IN">of</wf>
<wf cmd="ignore" pos="PRP$">my</wf>
<wf cmd="tag" pos="NN">background</wf>
<wf cmd="done" pos="VB" lemma="apply" wnsn="3" lexsn="2:32:00::">applying</wf>
<wf cmd="ignore" pos="IN">at</wf>
<wf cmd="ignore" pos="DT">the</wf>
<wf cmd="tag" pos="NN">hall</wf>
<punc>.</punc>
</s>
<s snum="113">
<wf cmd="ignore" pos="PRP">He</wf>
<wf cmd="done" pos="VBD" ot="notag">had</wf>
<wf cmd="done" pos="VB" lemma="look" wnsn="1" lexsn="2:39:00::">looked</wf>
<wf cmd="done" pos="VB" ot="notag">over</wf>
<wf cmd="ignore" pos="PRP$">my</wf>
<wf cmd="tag" pos="NNS">forms</wf>
<wf cmd="ignore" pos="CC">and</wf>
<wf cmd="done" pos="VBD" ot="notag">was</wf>
<wf cmd="done" pos="VB" lemma="impress" wnsn="2" lexsn="2:37:00::">impressed</wf>
<wf cmd="ignore" pos="IN">by</wf>
<wf cmd="ignore" pos="WP">what</wf>
<wf cmd="ignore" pos="PRP">he</wf>
<wf cmd="done" pos="VBD" ot="notag">had</wf>
<wf cmd="done" pos="VB" lemma="see" wnsn="6" lexsn="2:31:02::">seen</wf>
<wf cmd="ignore" pos="EX">there</wf>
<punc>;</punc>
<wf cmd="tag" pos="RB">indeed</wf>
<punc>,</punc>
<wf cmd="ignore" pos="PRP$">my</wf>
<wf cmd="tag" pos="JJ">scholastic</wf>
<wf cmd="tag" pos="NNS">qualifications</wf>
<wf cmd="done" pos="VB" lemma="be" wnsn="2" lexsn="2:42:06::">were</wf>
<wf cmd="tag" pos="JJ">such_that</wf>
<wf cmd="ignore" pos="PRP">he</wf>
<punc>,</punc>
<wf cmd="ignore" pos="DT">a</wf>
<wf cmd="tag" pos="NN">college</wf>
<wf cmd="tag" pos="NN">graduate</wf>
<wf cmd="ignore" pos="PRP">himself</wf>
<punc>,</punc>
<wf cmd="ignore" pos="MD">must</wf>
<wf cmd="done" pos="VB" lemma="envy" wnsn="1" lexsn="2:37:01::">envy</wf>
<wf cmd="ignore" pos="PRP">me</wf>
<wf cmd="ignore" pos="PRP">them</wf>
<punc>.</punc>
</s>
<s snum="114">
<wf cmd="done" pos="VB" lemma="be" wnsn="1" lexsn="2:42:03::">Was</wf>
<wf cmd="ignore" pos="PRP">I</wf>
<wf cmd="tag" pos="JJ">sure</wf>
<punc>,</punc>
<wf cmd="ignore" pos="PRP">he</wf>
<wf cmd="done" pos="VB" lemma="ask" wnsn="1" lexsn="2:32:00::">asked</wf>
<punc>,</punc>
<wf cmd="ignore" pos="IN">that</wf>
<wf cmd="ignore" pos="PRP">I</wf>
<wf cmd="done" pos="VB" lemma="know" wnsn="2" lexsn="2:31:03::">knew</wf>
<wf cmd="ignore" pos="WP">what</wf>
<wf cmd="ignore" pos="PRP">I</wf>
<wf cmd="done" pos="VBD" ot="notag">was</wf>
<wf cmd="done" pos="VB" lemma="apply" wnsn="3" lexsn="2:32:00::">applying</wf>
<wf cmd="tag" pos="RB">for</wf>
<punc>?</punc>
</s>
<s snum="115">
<wf cmd="ignore" pos="WP">What</wf>
<wf cmd="tag" pos="RB">sort_of</wf>
<wf cmd="tag" pos="NNS">men</wf>
<wf cmd="ignore" pos="PRP">I</wf>
<wf cmd="ignore" pos="MD">would</wf>
<wf cmd="done" pos="VB" lemma="come" wnsn="2" lexsn="2:38:04::">come</wf>
<wf cmd="done" pos="VB" ot="notag">into</wf>
<wf cmd="tag" pos="NN">contact</wf>
<wf cmd="tag" pos="RB">with</wf>
<punc>,</punc>
<wf cmd="ignore" pos="IN">at</wf>
<wf cmd="ignore" pos="DT">the</wf>
<wf cmd="tag" pos="NN">hall</wf>
<punc>?</punc>
</s>
<s snum="116">
<wf cmd="ignore" pos="DT">These</wf>
<wf cmd="tag" pos="NNS">questions</wf>
<wf cmd="done" pos="VBD" ot="notag">did</wf>
<wf cmd="tag" pos="RB">not</wf>
<wf cmd="done" pos="VB" lemma="surprise" wnsn="1" lexsn="2:31:00::">surprise</wf>
<wf cmd="ignore" pos="PRP">me</wf>
<punc>;</punc>
<wf cmd="ignore" pos="PRP">I</wf>
<wf cmd="done" pos="VB" lemma="feel" wnsn="2" lexsn="2:31:00::">felt</wf>
<wf cmd="tag" pos="JJ">certain</wf>
<wf cmd="ignore" pos="IN">that</wf>
<wf cmd="ignore" pos="DT">the</wf>
<wf cmd="tag" pos="NN">director</wf>
<punc>,</punc>
<wf cmd="ignore" pos="IN">like</wf>
<wf cmd="ignore" pos="DT">the</wf>
<wf cmd="tag" pos="NN">afternoon</wf>
<wf cmd="tag" pos="NN">clerk</wf>
<punc>,</punc>
<wf cmd="tag" pos="RB">seldom</wf>
<wf cmd="done" pos="VB" lemma="move" wnsn="1" lexsn="2:38:03::">moved</wf>
<wf cmd="ignore" pos="IN">beyond</wf>
<wf cmd="ignore" pos="DT">the</wf>
<wf cmd="tag" pos="NN">counter</wf>
<punc>,</punc>
<wf cmd="ignore" pos="IN">that</wf>
<wf cmd="ignore" pos="DT">the</wf>
<wf cmd="tag" pos="NN">hall</wf>
<punc>,</punc>
<wf cmd="ignore" pos="TO">to</wf>
<wf cmd="ignore" pos="PRP">them</wf>
<punc>,</punc>
<wf cmd="done" pos="VB" lemma="be" wnsn="2" lexsn="2:42:06::">was</wf>
<wf cmd="ignore" pos="DT">a</wf>
<wf cmd="tag" pos="NN">jungle</wf>
<punc>,</punc>
<wf cmd="ignore" pos="DT">a</wf>
<wf cmd="tag" pos="JJ">dark</wf>
<wf cmd="ignore" pos="CC">and</wf>
<wf cmd="tag" pos="JJ">unwelcome</wf>
<wf cmd="tag" pos="NN">place</wf>
<punc>.</punc>
</s>
<s snum="117">
<wf cmd="ignore" pos="IN">Though</wf>
<wf cmd="ignore" pos="PRP">I</wf>
<wf cmd="done" pos="VB" lemma="doubt" wnsn="1" lexsn="2:31:00::">doubted</wf>
<wf cmd="ignore" pos="IN">that</wf>
<wf cmd="ignore" pos="PRP">he</wf>
<wf cmd="ignore" pos="MD">would</wf>
<wf cmd="done" pos="VB" lemma="understand" wnsn="1" lexsn="2:31:00::">understand</wf>
<wf cmd="ignore" pos="PRP">me</wf>
<punc>,</punc>
<wf cmd="ignore" pos="PRP">I</wf>
<wf cmd="done" pos="VB" lemma="tell" wnsn="2" lexsn="2:32:00::">told</wf>
<wf cmd="ignore" pos="DT">the</wf>
<wf cmd="tag" pos="NN">director</wf>
<wf cmd="ignore" pos="PRP$">my</wf>
<wf cmd="tag" pos="NNS">motives</wf>
<wf cmd="ignore" pos="IN">for</wf>
<wf cmd="done" pos="VB" lemma="apply" wnsn="3" lexsn="2:32:00::">applying</wf>
<punc>.</punc>
</s>
<s snum="118">
<wf cmd="ignore" pos="PRP">I</wf>
<wf cmd="done" pos="VBD" ot="notag">had</wf>
<wf cmd="tag" pos="RB">always</wf>
<punc>,</punc>
<wf cmd="ignore" pos="PRP">I</wf>
<wf cmd="done" pos="VB" lemma="say" wnsn="1" lexsn="2:32:00::">said</wf>
<punc>,</punc>
<wf cmd="done" pos="VB" lemma="hanker" wnsn="1" lexsn="2:37:00::">hankered</wf>
<wf cmd="ignore" pos="IN">after</wf>
<wf cmd="done" pos="VB" lemma="work" wnsn="1" lexsn="2:41:02::">working</wf>
<wf cmd="tag" pos="JJ">hard</wf>
<wf cmd="ignore" pos="IN">with</wf>
<wf cmd="ignore" pos="PRP$">my</wf>
<wf cmd="tag" pos="NNS">hands</wf>
<punc>.</punc>
</s>
<s snum="119">
<wf cmd="ignore" pos="DT">This</wf>
<wf cmd="tag" pos="NN">desire</wf>
<punc>,</punc>
<wf cmd="ignore" pos="PRP">I</wf>
<wf cmd="done" pos="VB" lemma="go_on" wnsn="4" lexsn="2:32:00::">went_on</wf>
<punc>,</punc>
<wf cmd="done" pos="VB" lemma="grow" wnsn="1" lexsn="2:30:03::">growing</wf>
<wf cmd="tag" pos="JJ">voluble</wf>
<wf cmd="ignore" pos="IN">as</wf>
<wf cmd="ignore" pos="PRP$">my</wf>
<wf cmd="tag" pos="NN">conviction</wf>
<wf cmd="done" pos="VBD" ot="notag">was</wf>
<wf cmd="done" pos="VB" lemma="arouse" wnsn="1" lexsn="2:37:00::">aroused</wf>
<punc>,</punc>
<wf cmd="done" pos="VBD" ot="notag">had</wf>
<wf cmd="done" pos="VB" lemma="mount" wnsn="2" lexsn="2:30:00::">mounted</wf>
<wf cmd="ignore" pos="IN">at</wf>
<wf cmd="tag" pos="JJ">such</wf>
<wf cmd="ignore" pos="DT">a</wf>
<wf cmd="tag" pos="NN">rate</wf>
<wf cmd="tag" pos="RB">recently</wf>
<wf cmd="ignore" pos="IN">that</wf>
<wf cmd="ignore" pos="PRP">I</wf>
<wf cmd="tag" pos="RB">now</wf>
<wf cmd="done" pos="VB" lemma="find" wnsn="2" lexsn="2:39:02::">found</wf>
<wf cmd="ignore" pos="PRP$">its</wf>
<wf cmd="tag" pos="NN">realization</wf>
<wf cmd="tag" pos="JJ">necessary</wf>
<wf cmd="tag" pos="RB">not_only</wf>
<wf cmd="ignore" pos="TO">to</wf>
<wf cmd="ignore" pos="PRP$">my</wf>
<wf cmd="tag" pos="JJ">physical</wf>
<wf cmd="ignore" pos="CC">but</wf>
<wf cmd="tag" pos="RB">also</wf>
<wf cmd="ignore" pos="TO">to</wf>
<wf cmd="ignore" pos="PRP$">my</wf>
<wf cmd="tag" pos="JJ">spiritual</wf>
<wf cmd="tag" pos="NN">wellbeing</wf>
<punc>.</punc>
</s>
<s snum="120">
<wf cmd="ignore" pos="TO">To</wf>
<wf cmd="ignore" pos="DT">this</wf>
<wf cmd="tag" pos="NN">effect</wf>
<wf cmd="ignore" pos="PRP">I</wf>
<wf cmd="done" pos="VBD" ot="notag">had</wf>
<wf cmd="tag" pos="RB">already</wf>
<wf cmd="done" pos="VB" lemma="sever" wnsn="1" lexsn="2:35:01::">severed</wf>
<wf cmd="ignore" pos="DT">all</wf>
<wf cmd="tag" pos="NNS">connections</wf>
<wf cmd="ignore" pos="WDT">which</wf>
<wf cmd="done" pos="VB" lemma="bind" wnsn="3" lexsn="2:35:00::">bound</wf>
<wf cmd="ignore" pos="PRP">me</wf>
<wf cmd="ignore" pos="TO">to</wf>
<wf cmd="ignore" pos="PRP$">my</wf>
<wf cmd="tag" pos="JJ">former</wf>
<wf cmd="tag" pos="NN">existence</wf>
<punc>.</punc>
</s>
</p>
</context>
</contextfile>
