<contextfile concordance="brown">
<context filename="br-n03" paras="yes">
<p pnum="1">
<s snum="1">
<wf cmd="ignore" pos="DT">The</wf>
<wf cmd="tag" pos="NN">sentry</wf>
<wf cmd="done" pos="VB" lemma="be" wnsn="1" lexsn="2:42:03::">was</wf>
<wf cmd="tag" pos="RB">not</wf>
<wf cmd="tag" pos="JJ">dead</wf>
<punc>.</punc>
</s>
<s snum="2">
<wf cmd="ignore" pos="PRP">He</wf>
<wf cmd="done" pos="VBD" ot="notag">was</wf>
<punc>,</punc>
<wf cmd="tag" pos="RB">in_fact</wf>
<punc>,</punc>
<wf cmd="done" pos="VB" lemma="show" wnsn="1" lexsn="2:39:02::">showing</wf>
<wf cmd="tag" pos="NNS">signs</wf>
<wf cmd="ignore" pos="IN">of</wf>
<wf cmd="done" pos="VB" lemma="revive" wnsn="2" lexsn="2:29:00::">reviving</wf>
<punc>.</punc>
</s>
<s snum="3">
<wf cmd="ignore" pos="PRP">He</wf>
<wf cmd="done" pos="VBD" ot="notag">had</wf>
<wf cmd="done" pos="VBN" ot="notag">been</wf>
<wf cmd="done" pos="VB" lemma="carry" wnsn="2" lexsn="2:42:01::">carrying</wf>
<wf cmd="ignore" pos="DT">an</wf>
<wf cmd="tag" pos="NNP">Enfield</wf>
<wf cmd="tag" pos="NN">rifle</wf>
<wf cmd="ignore" pos="CC">and</wf>
<wf cmd="ignore" pos="DT">a</wf>
<wf cmd="tag" pos="JJ">holstered</wf>
<wf cmd="tag" pos="NN">navy</wf>
<wf cmd="tag" pos="JJ">cap-and-ball</wf>
<wf cmd="tag" pos="NN">pistol</wf>
<punc>.</punc>
</s>
<s snum="4">
<wf cmd="ignore" pos="DT">A</wf>
<wf cmd="tag" pos="NN">bayonet</wf>
<wf cmd="done" pos="VB" lemma="hang" wnsn="1" lexsn="2:35:03::">hung</wf>
<wf cmd="done" pos="VB" ot="notag">in</wf>
<wf cmd="ignore" pos="DT">a</wf>
<wf cmd="tag" pos="NN">belt</wf>
<wf cmd="tag" pos="NN">scabbard</wf>
<punc>.</punc>
</s>
<s snum="5">
<wf cmd="ignore" pos="PRP">He</wf>
<wf cmd="done" pos="VB" lemma="be" wnsn="1" lexsn="2:42:03::">was</wf>
<wf cmd="tag" pos="RB">partially</wf>
<wf cmd="tag" pos="JJ">uniformed</wf>
<wf cmd="ignore" pos="IN">in</wf>
<wf cmd="ignore" pos="DT">a</wf>
<wf cmd="tag" pos="NN">cavalry</wf>
<wf cmd="tag" pos="NN">tunic</wf>
<wf cmd="ignore" pos="CC">and</wf>
<wf cmd="tag" pos="NN">hat</wf>
<punc>.</punc>
</s>
<s snum="6">
<wf cmd="tag" pos="NNP">Mike</wf>
<wf cmd="done" pos="VB" lemma="strip" wnsn="2" lexsn="2:29:01::">stripped</wf>
<wf cmd="ignore" pos="DT">these</wf>
<wf cmd="ignore" pos="IN">from</wf>
<wf cmd="ignore" pos="PRP">him</wf>
<wf cmd="ignore" pos="CC">and</wf>
<wf cmd="done" pos="VB" lemma="don" wnsn="1" lexsn="2:29:00::">donned</wf>
<wf cmd="ignore" pos="PRP">them</wf>
<punc>.</punc>
</s>
<s snum="7">
<wf cmd="ignore" pos="PRP">He</wf>
<wf cmd="ignore" pos="CC">and</wf>
<wf cmd="tag" pos="NNP">Dean</wf>
<wf cmd="done" pos="VB" lemma="tie" wnsn="1" lexsn="2:35:00::">tied</wf>
<wf cmd="ignore" pos="CC">and</wf>
<wf cmd="done" pos="VB" lemma="gag" wnsn="1" lexsn="2:39:00::">gagged</wf>
<wf cmd="ignore" pos="DT">the</wf>
<wf cmd="tag" pos="NN">man</wf>
<punc>,</punc>
<wf cmd="done" pos="VB" lemma="use" wnsn="1" lexsn="2:34:01::">using</wf>
<wf cmd="ignore" pos="PRP$">his</wf>
<wf cmd="tag" pos="NN">belt</wf>
<wf cmd="ignore" pos="CC">and</wf>
<wf cmd="tag" pos="NN">shirt</wf>
<wf cmd="ignore" pos="IN">for</wf>
<wf cmd="ignore" pos="DT">the</wf>
<wf cmd="tag" pos="NN">purpose</wf>
<punc>.</punc>
</s>
<s snum="8">
<wf cmd="ignore" pos="PRP">They</wf>
<wf cmd="done" pos="VB" lemma="drag" wnsn="1" lexsn="2:35:00::">dragged</wf>
<wf cmd="ignore" pos="PRP">him</wf>
<wf cmd="ignore" pos="IN">inside</wf>
<wf cmd="ignore" pos="DT">the</wf>
<wf cmd="tag" pos="NN">building</wf>
<punc>.</punc>
</s>
</p>
<p pnum="2">
<s snum="9">
<wf cmd="tag" pos="NNP">Fiske</wf>
<wf cmd="done" pos="VB" lemma="join" wnsn="1" lexsn="2:41:00::">joined</wf>
<wf cmd="ignore" pos="PRP">them</wf>
<punc>,</punc>
<wf cmd="tag" pos="JJ">unsteady</wf>
<wf cmd="ignore" pos="IN">on</wf>
<wf cmd="ignore" pos="PRP$">his</wf>
<wf cmd="tag" pos="NNS">feet</wf>
<punc>.</punc>
</s>
<s snum="10">
<wf cmd="tag" pos="NNP">Julia</wf>
<punc>,</punc>
<wf cmd="done" pos="VB" lemma="see" wnsn="1" lexsn="2:39:00::">seeing</wf>
<wf cmd="ignore" pos="DT">the</wf>
<wf cmd="tag" pos="NN">bandage</wf>
<punc>,</punc>
<wf cmd="done" pos="VB" lemma="rush" wnsn="1" lexsn="2:38:00::">rushed</wf>
<wf cmd="ignore" pos="TO">to</wf>
<wf cmd="ignore" pos="PRP">him</wf>
<punc>.</punc>
</s>
<s snum="11">
<punc>``</punc>
<wf cmd="ignore" pos="PRP">You</wf>
<wf cmd="done" pos="VB" lemma="be" wnsn="1" lexsn="2:42:03::">are</wf>
<wf cmd="tag" pos="JJ">hurt</wf>
<punc>''</punc>
<punc>!</punc>
</s>
<s snum="12">
<wf cmd="ignore" pos="PRP">she</wf>
<wf cmd="done" pos="VB" lemma="breathe" wnsn="1" lexsn="2:29:00::">breathed</wf>
<punc>.</punc>
</s>
</p>
<p pnum="3">
<s snum="13">
<punc>``</punc>
<wf cmd="ignore" pos="PRP">I</wf>
<wf cmd="tag" pos="RB">never</wf>
<wf cmd="done" pos="VB" lemma="feel" wnsn="4" lexsn="2:29:00::">felt</wf>
<wf cmd="tag" pos="JJR">better</wf>
<wf cmd="ignore" pos="IN">in</wf>
<wf cmd="ignore" pos="PRP$">my</wf>
<wf cmd="tag" pos="NN">life</wf>
<punc>''</punc>
<punc>,</punc>
<wf cmd="tag" pos="NNP">Fiske</wf>
<wf cmd="done" pos="VB" lemma="bluster" wnsn="2" lexsn="2:32:00::">blustered</wf>
<punc>.</punc>
</s>
</p>
<p pnum="4">
<s snum="14">
<wf cmd="ignore" pos="PRP">He</wf>
<wf cmd="done" pos="VB" lemma="turn" wnsn="1" lexsn="2:38:00::">turned</wf>
<wf cmd="done" pos="VB" ot="notag">to</wf>
<wf cmd="tag" pos="NNP">Susan</wf>
<wf cmd="ignore" pos="CC">and</wf>
<wf cmd="done" pos="VB" lemma="kiss" wnsn="1" lexsn="2:35:00::">kissed</wf>
<wf cmd="ignore" pos="PRP">her</wf>
<wf cmd="ignore" pos="IN">on</wf>
<wf cmd="ignore" pos="DT">the</wf>
<wf cmd="tag" pos="NN">cheek</wf>
<punc>.</punc>
</s>
<s snum="15">
<punc>``</punc>
<wf cmd="tag" pos="NN">Thank_you</wf>
<punc>,</punc>
<wf cmd="ignore" pos="PRP$">My</wf>
<wf cmd="tag" pos="JJ">dear</wf>
<punc>''</punc>
<punc>,</punc>
<wf cmd="ignore" pos="PRP">he</wf>
<wf cmd="done" pos="VB" lemma="say" wnsn="1" lexsn="2:32:00::">said</wf>
<punc>.</punc>
</s>
<s snum="16">
<punc>``</punc>
<wf cmd="ignore" pos="PRP">You</wf>
<wf cmd="done" pos="VB" lemma="be" wnsn="1" lexsn="2:42:03::">are</wf>
<wf cmd="tag" pos="RB">very</wf>
<wf cmd="tag" pos="JJ">brave</wf>
<punc>''</punc>
<punc>.</punc>
</s>
</p>
<p pnum="5">
<s snum="17">
<wf cmd="tag" pos="NNP">Mike</wf>
<wf cmd="done" pos="VB" lemma="silence" wnsn="1" lexsn="2:30:00::">silenced</wf>
<wf cmd="ignore" pos="PRP">them</wf>
<punc>.</punc>
</s>
<s snum="18">
<punc>``</punc>
<wf cmd="ignore" pos="PRP">We</wf>
<wf cmd="ignore" pos="MD">'ll</wf>
<wf cmd="done" pos="VB" lemma="talk" wnsn="1" lexsn="2:32:01::">talk</wf>
<wf cmd="tag" pos="RB">later</wf>
<punc>.</punc>
</s>
<s snum="19">
<wf cmd="tag" pos="NNP">First</wf>
<punc>,</punc>
<wf cmd="ignore" pos="PRP">we</wf>
<wf cmd="done" pos="VBP" ot="notag">'ve</wf>
<wf cmd="done" pos="VB" ot="notag">got_to</wf>
<wf cmd="done" pos="VB" lemma="get_out" wnsn="1" lexsn="2:38:01::">get_out</wf>
<wf cmd="ignore" pos="IN">of</wf>
<wf cmd="tag" pos="RB">here</wf>
<punc>''</punc>
<punc>.</punc>
</s>
</p>
<p pnum="6">
<s snum="20">
<punc>``</punc>
<wf cmd="ignore" pos="PRP">We</wf>
<wf cmd="ignore" pos="MD">'ll</wf>
<wf cmd="done" pos="VB" lemma="grab" wnsn="1" lexsn="2:35:00::">grab</wf>
<wf cmd="tag" pos="NNS">horses</wf>
<punc>''</punc>
<punc>,</punc>
<wf cmd="tag" pos="NNP">Dean</wf>
<wf cmd="done" pos="VB" lemma="say" wnsn="1" lexsn="2:32:00::">said</wf>
<punc>.</punc>
</s>
<s snum="21">
<punc>``</punc>
<wf cmd="ignore" pos="DT">The</wf>
<wf cmd="tag" pos="JJ">main</wf>
<wf cmd="tag" pos="NN">bunch</wf>
<wf cmd="done" pos="VB" lemma="be" wnsn="3" lexsn="2:42:05::">is</wf>
<wf cmd="tag" pos="RB">outside</wf>
<punc>,</punc>
<wf cmd="ignore" pos="CC">but</wf>
<wf cmd="ignore" pos="EX">there</wf>
<wf cmd="done" pos="VB" lemma="be" wnsn="5" lexsn="2:42:04::">are</wf>
<wf cmd="ignore" pos="DT">some</wf>
<wf cmd="ignore" pos="IN">over</wf>
<wf cmd="tag" pos="RB">there</wf>
<wf cmd="ignore" pos="IN">inside</wf>
<wf cmd="ignore" pos="DT">the</wf>
<wf cmd="tag" pos="NN">wall</wf>
<punc>''</punc>
<punc>.</punc>
</s>
</p>
<p pnum="7">
<s snum="22">
<wf cmd="tag" pos="NNP">Mike</wf>
<wf cmd="done" pos="VB" lemma="debate" wnsn="1" lexsn="2:31:00::">debated</wf>
<wf cmd="ignore" pos="PRP">it</wf>
<punc>,</punc>
<wf cmd="done" pos="VB" lemma="try" wnsn="1" lexsn="2:41:00::">trying</wf>
<wf cmd="ignore" pos="TO">to</wf>
<wf cmd="done" pos="VB" lemma="decide" wnsn="1" lexsn="2:31:00::">decide</wf>
<wf cmd="ignore" pos="IN">whether</wf>
<wf cmd="tag" pos="NNP">Fiske</wf>
<wf cmd="done" pos="VB" lemma="be" wnsn="1" lexsn="2:42:03::">was</wf>
<wf cmd="tag" pos="JJ">strong</wf>
<wf cmd="tag" pos="RB">enough</wf>
<wf cmd="ignore" pos="TO">to</wf>
<wf cmd="done" pos="VB" lemma="ride" wnsn="1" lexsn="2:38:01::">ride</wf>
<punc>.</punc>
</s>
<s snum="23">
<wf cmd="ignore" pos="CC">But</wf>
<wf cmd="ignore" pos="PRP">it</wf>
<wf cmd="tag" pos="RB">at_least</wf>
<wf cmd="done" pos="VB" lemma="offer" wnsn="1" lexsn="2:40:02::">offered</wf>
<wf cmd="ignore" pos="PRP">him</wf>
<wf cmd="ignore" pos="DT">a</wf>
<wf cmd="tag" pos="NN">chance</wf>
<wf cmd="ignore" pos="IN">for</wf>
<wf cmd="tag" pos="NN">living</wf>
<punc>.</punc>
</s>
<s snum="24">
<wf cmd="ignore" pos="PRP">He</wf>
<wf cmd="done" pos="VB" lemma="have" wnsn="1" lexsn="2:40:00::">had</wf>
<wf cmd="tag" pos="NN">none</wf>
<wf cmd="tag" pos="RB">here</wf>
<punc>.</punc>
</s>
<s snum="25">
<wf cmd="ignore" pos="CC">And</wf>
<punc>,</punc>
<wf cmd="ignore" pos="IN">for</wf>
<wf cmd="ignore" pos="DT">the</wf>
<wf cmd="tag" pos="NN">sake</wf>
<wf cmd="ignore" pos="IN">of</wf>
<wf cmd="tag" pos="NNP">Julia</wf>
<wf cmd="ignore" pos="CC">and</wf>
<wf cmd="tag" pos="NNP">Susan</wf>
<punc>,</punc>
<wf cmd="ignore" pos="PRP">it</wf>
<wf cmd="done" pos="VB" lemma="have" wnsn="0" lexsn="2:42:05::">had</wf>
<wf cmd="done" pos="VB" ot="notag">to</wf>
<wf cmd="done" pos="VB" ot="notag">be</wf>
<wf cmd="done" pos="VB" lemma="try" wnsn="1" lexsn="2:41:00::">tried</wf>
<punc>.</punc>
</s>
</p>
<p pnum="8">
<s snum="26">
<wf cmd="ignore" pos="DT">The</wf>
<wf cmd="tag" pos="NN">guerrilla</wf>
<wf cmd="tag" pos="NN">bivouac</wf>
<wf cmd="done" pos="VB" lemma="remain" wnsn="1" lexsn="2:30:00::">remained</wf>
<wf cmd="tag" pos="JJ">silent</wf>
<punc>.</punc>
</s>
<s snum="27">
<wf cmd="tag" pos="NNP">Light</wf>
<wf cmd="done" pos="VB" lemma="show" wnsn="8" lexsn="2:39:01::">showed</wf>
<wf cmd="ignore" pos="IN">in</wf>
<wf cmd="ignore" pos="DT">the</wf>
<wf cmd="tag" pos="JJ">orderly</wf>
<wf cmd="tag" pos="NN">room</wf>
<wf cmd="ignore" pos="IN">across</wf>
<wf cmd="ignore" pos="DT">the</wf>
<wf cmd="tag" pos="NN">parade_ground</wf>
<punc>.</punc>
</s>
<s snum="28">
<wf cmd="tag" pos="NN">Someone</wf>
<wf cmd="tag" pos="RB">evidently</wf>
<wf cmd="done" pos="VB" lemma="be" wnsn="1" lexsn="2:42:03::">was</wf>
<wf cmd="tag" pos="JJ">on_duty</wf>
<wf cmd="ignore" pos="EX">there</wf>
<punc>.</punc>
</s>
<s snum="29">
<wf cmd="tag" pos="RB">No_doubt</wf>
<wf cmd="ignore" pos="EX">there</wf>
<wf cmd="ignore" pos="MD">would</wf>
<wf cmd="done" pos="VB" lemma="be" wnsn="5" lexsn="2:42:04::">be</wf>
<wf cmd="tag" pos="NNS">men</wf>
<wf cmd="done" pos="VB" lemma="guard" wnsn="1" lexsn="2:41:00::">guarding</wf>
<wf cmd="ignore" pos="DT">the</wf>
<wf cmd="tag" pos="NNS">horses</wf>
<punc>.</punc>
</s>
</p>
<p pnum="9">
<s snum="30">
<wf cmd="ignore" pos="IN">About</wf>
<wf cmd="ignore" pos="DT">a</wf>
<wf cmd="tag" pos="NN">dozen</wf>
<wf cmd="tag" pos="NNS">animals</wf>
<wf cmd="done" pos="VBD" ot="notag">were</wf>
<wf cmd="done" pos="VB" lemma="hold" wnsn="7" lexsn="2:35:03::">held</wf>
<wf cmd="ignore" pos="IN">inside</wf>
<wf cmd="ignore" pos="DT">the</wf>
<wf cmd="tag" pos="NN">stockade</wf>
<punc>,</punc>
<wf cmd="ignore" pos="IN">as</wf>
<wf cmd="tag" pos="JJS">best</wf>
<wf cmd="tag" pos="NNP">Mike</wf>
<wf cmd="ignore" pos="MD">could</wf>
<wf cmd="done" pos="VB" lemma="make_out" wnsn="1" lexsn="2:39:00::">make_out</wf>
<wf cmd="ignore" pos="IN">in</wf>
<wf cmd="ignore" pos="DT">the</wf>
<wf cmd="tag" pos="NN">moonlight</wf>
<punc>.</punc>
</s>
<s snum="31">
<wf cmd="tag" pos="RB">Evidently</wf>
<wf cmd="ignore" pos="DT">this</wf>
<wf cmd="done" pos="VB" lemma="be" wnsn="2" lexsn="2:42:06::">was</wf>
<wf cmd="ignore" pos="DT">a</wf>
<wf cmd="tag" pos="NN">precaution</wf>
<wf cmd="tag" pos="RB">so_that</wf>
<wf cmd="tag" pos="NNS">mounts</wf>
<wf cmd="ignore" pos="MD">would</wf>
<wf cmd="done" pos="VB" lemma="be" wnsn="1" lexsn="2:42:03::">be</wf>
<wf cmd="tag" pos="JJ">available</wf>
<wf cmd="ignore" pos="IN">in</wf>
<wf cmd="ignore" pos="DT">an</wf>
<wf cmd="tag" pos="NN">emergency</wf>
<punc>.</punc>
</s>
</p>
<p pnum="10">
<s snum="32">
<wf cmd="ignore" pos="PRP">He</wf>
<wf cmd="done" pos="VB" lemma="hand" wnsn="1" lexsn="2:40:00::">handed</wf>
<wf cmd="ignore" pos="DT">the</wf>
<wf cmd="tag" pos="NN">guard</wf>
<wf cmd="ignore" pos="POS">'s</wf>
<wf cmd="tag" pos="NN">rifle</wf>
<wf cmd="ignore" pos="TO">to</wf>
<wf cmd="tag" pos="NNP">Fiske</wf>
<punc>.</punc>
</s>
<s snum="33">
<punc>``</punc>
<wf cmd="tag" pos="NNP">Dean</wf>
<wf cmd="ignore" pos="CC">and</wf>
<wf cmd="ignore" pos="PRP">myself</wf>
<wf cmd="ignore" pos="MD">will</wf>
<wf cmd="done" pos="VB" lemma="try" wnsn="1" lexsn="2:41:00::">try</wf>
<wf cmd="ignore" pos="TO">to</wf>
<wf cmd="done" pos="VB" lemma="cut" wnsn="1" lexsn="2:35:00::">cut</wf>
<wf cmd="done" pos="VB" ot="notag">out</wf>
<wf cmd="tag" pos="NNS">horses</wf>
<wf cmd="ignore" pos="TO">to</wf>
<wf cmd="done" pos="VB" lemma="ride" wnsn="1" lexsn="2:38:01::">ride</wf>
<punc>''</punc>
<punc>,</punc>
<wf cmd="ignore" pos="PRP">he</wf>
<wf cmd="done" pos="VB" lemma="say" wnsn="1" lexsn="2:32:00::">said</wf>
<punc>.</punc>
</s>
<s snum="34">
<punc>``</punc>
<wf cmd="ignore" pos="PRP">We</wf>
<wf cmd="ignore" pos="MD">'ll</wf>
<wf cmd="done" pos="VB" lemma="stampede" wnsn="1" lexsn="2:38:01::">stampede</wf>
<wf cmd="ignore" pos="DT">the</wf>
<wf cmd="tag" pos="NN">rest</wf>
<punc>.</punc>
</s>
<s snum="35">
<wf cmd="ignore" pos="PRP">You</wf>
<wf cmd="done" pos="VB" lemma="stay" wnsn="3" lexsn="2:42:01::">stay</wf>
<wf cmd="ignore" pos="IN">with</wf>
<wf cmd="ignore" pos="DT">the</wf>
<wf cmd="tag" pos="NNS">ladies</wf>
<punc>.</punc>
</s>
<s snum="36">
<wf cmd="tag" pos="JJ">All_of</wf>
<wf cmd="ignore" pos="PRP">you</wf>
<wf cmd="done" pos="VB" lemma="be" wnsn="1" lexsn="2:42:03::">be</wf>
<wf cmd="tag" pos="JJ">ready</wf>
<wf cmd="ignore" pos="TO">to</wf>
<wf cmd="done" pos="VB" lemma="ride" wnsn="1" lexsn="2:38:01::">ride</wf>
<wf cmd="tag" pos="NN">hell</wf>
<wf cmd="ignore" pos="IN">for</wf>
<wf cmd="tag" pos="NN">leather</wf>
<punc>''</punc>
<punc>.</punc>
</s>
</p>
<p pnum="11">
<s snum="37">
<wf cmd="ignore" pos="PRP">He</wf>
<wf cmd="done" pos="VB" lemma="add" wnsn="2" lexsn="2:32:01::">added</wf>
<punc>,</punc>
<punc>``</punc>
<wf cmd="ignore" pos="IN">If</wf>
<wf cmd="ignore" pos="DT">this</wf>
<wf cmd="done" pos="VBZ" ot="notag">does</wf>
<wf cmd="tag" pos="RB">n't</wf>
<wf cmd="done" pos="VB" lemma="work_out" wnsn="2" lexsn="2:42:00::">work_out</wf>
<punc>,</punc>
<wf cmd="ignore" pos="DT">the</wf>
<wf cmd="tag" pos="CD">three</wf>
<wf cmd="ignore" pos="IN">of</wf>
<wf cmd="ignore" pos="PRP">you</wf>
<wf cmd="done" pos="VB" lemma="barricade" wnsn="1" lexsn="2:35:00::">barricade</wf>
<wf cmd="ignore" pos="PRP">yourself</wf>
<wf cmd="ignore" pos="IN">in</wf>
<wf cmd="ignore" pos="DT">the</wf>
<wf cmd="tag" pos="NN">house</wf>
<wf cmd="ignore" pos="CC">and</wf>
<wf cmd="done" pos="VB" lemma="talk_terms" wnsn="1" lexsn="2:32:00::">talk_terms</wf>
<wf cmd="ignore" pos="IN">with</wf>
<wf cmd="ignore" pos="PRP">them</wf>
<punc>''</punc>
<punc>.</punc>
</s>
</p>
<p pnum="12">
<s snum="38">
<wf cmd="ignore" pos="PRP">He</wf>
<wf cmd="done" pos="VB" lemma="hand" wnsn="1" lexsn="2:40:00::">handed</wf>
<wf cmd="ignore" pos="DT">the</wf>
<wf cmd="tag" pos="NN">bayonet</wf>
<wf cmd="ignore" pos="TO">to</wf>
<wf cmd="tag" pos="NNP">Dean</wf>
<wf cmd="ignore" pos="CC">and</wf>
<wf cmd="done" pos="VB" lemma="keep" wnsn="3" lexsn="2:40:00::">kept</wf>
<wf cmd="ignore" pos="DT">the</wf>
<wf cmd="tag" pos="NN">pistol</wf>
<punc>.</punc>
</s>
<s snum="39">
<wf cmd="tag" pos="NNP">Susan</wf>
<wf cmd="done" pos="VB" lemma="halt" wnsn="1" lexsn="2:38:05::">halted</wf>
<wf cmd="tag" pos="NNP">Dean</wf>
<wf cmd="ignore" pos="CC">and</wf>
<wf cmd="done" pos="VB" lemma="kiss" wnsn="1" lexsn="2:35:00::">kissed</wf>
<wf cmd="ignore" pos="PRP">him</wf>
<punc>.</punc>
</s>
<s snum="40">
<wf cmd="ignore" pos="PRP">She</wf>
<wf cmd="done" pos="VB" lemma="cling_to" wnsn="1" lexsn="2:35:00::">clung_to</wf>
<wf cmd="ignore" pos="PRP">him</wf>
<punc>,</punc>
<wf cmd="done" pos="VB" lemma="talk" wnsn="1" lexsn="2:32:01::">talking</wf>
<wf cmd="ignore" pos="TO">to</wf>
<wf cmd="ignore" pos="PRP">him</wf>
<punc>,</punc>
<wf cmd="ignore" pos="CC">and</wf>
<wf cmd="done" pos="VB" lemma="dab" wnsn="1" lexsn="2:35:01::">dabbing</wf>
<wf cmd="ignore" pos="IN">at</wf>
<wf cmd="ignore" pos="PRP$">her</wf>
<wf cmd="tag" pos="NNS">eyes</wf>
<punc>.</punc>
</s>
</p>
<p pnum="13">
<s snum="41">
<wf cmd="tag" pos="NNP">Mike</wf>
<wf cmd="done" pos="VB" lemma="turn_away" wnsn="1" lexsn="2:38:02::">turned_away</wf>
<punc>.</punc>
</s>
<s snum="42">
<wf cmd="ignore" pos="PRP">He</wf>
<wf cmd="done" pos="VBD" ot="notag">was</wf>
<wf cmd="done" pos="VB" lemma="think" wnsn="2" lexsn="2:31:03::">thinking</wf>
<wf cmd="ignore" pos="IN">that</wf>
<wf cmd="ignore" pos="DT">the</wf>
<wf cmd="tag" pos="NN">way</wf>
<wf cmd="ignore" pos="PRP">she</wf>
<wf cmd="done" pos="VBD" ot="notag">had</wf>
<wf cmd="done" pos="VB" lemma="respond" wnsn="1" lexsn="2:31:00::">responded</wf>
<wf cmd="ignore" pos="TO">to</wf>
<wf cmd="ignore" pos="PRP$">his</wf>
<wf cmd="tag" pos="JJ">own</wf>
<wf cmd="tag" pos="NN">kiss</wf>
<wf cmd="done" pos="VBD" ot="notag">had</wf>
<wf cmd="tag" pos="RB">n't</wf>
<wf cmd="done" pos="VB" lemma="mean" wnsn="1" lexsn="2:32:01::">meant</wf>
<wf cmd="ignore" pos="WP">what</wf>
<wf cmd="ignore" pos="PRP">he</wf>
<wf cmd="done" pos="VBD" ot="notag">had</wf>
<wf cmd="done" pos="VB" lemma="believe" wnsn="1" lexsn="2:31:00::">believed</wf>
<wf cmd="ignore" pos="PRP">it</wf>
<wf cmd="done" pos="VBD" ot="notag">had</wf>
<punc>.</punc>
</s>
<s snum="43">
<wf cmd="ignore" pos="PRP">He</wf>
<wf cmd="done" pos="VB" lemma="feel" wnsn="4" lexsn="2:29:00::">felt</wf>
<wf cmd="tag" pos="RB">unutterably</wf>
<wf cmd="tag" pos="JJ">weary</wf>
<punc>.</punc>
</s>
</p>
<p pnum="14">
<s snum="44">
<wf cmd="tag" pos="NNP">Dean</wf>
<wf cmd="done" pos="VB" lemma="turn" wnsn="1" lexsn="2:38:00::">turned</wf>
<wf cmd="ignore" pos="IN">from</wf>
<wf cmd="tag" pos="NNP">Susan</wf>
<wf cmd="ignore" pos="CC">and</wf>
<wf cmd="done" pos="VB" lemma="take" wnsn="4" lexsn="2:35:00::">took</wf>
<wf cmd="tag" pos="NNP">Julia_Fortune</wf>
<wf cmd="ignore" pos="IN">in</wf>
<wf cmd="ignore" pos="PRP$">his</wf>
<wf cmd="tag" pos="NNS">arms</wf>
<punc>.</punc>
</s>
<s snum="45">
<wf cmd="ignore" pos="PRP">He</wf>
<wf cmd="done" pos="VB" lemma="kiss" wnsn="1" lexsn="2:35:00::">kissed</wf>
<wf cmd="ignore" pos="PRP$">her</wf>
<wf cmd="tag" pos="RB">also</wf>
<punc>,</punc>
<wf cmd="ignore" pos="CC">and</wf>
<wf cmd="ignore" pos="IN">with</wf>
<wf cmd="tag" pos="JJ">deep</wf>
<wf cmd="tag" pos="NN">tenderness</wf>
<punc>.</punc>
</s>
<s snum="46">
<wf cmd="ignore" pos="PRP">She</wf>
<wf cmd="tag" pos="RB">too</wf>
<wf cmd="done" pos="VB" lemma="begin" wnsn="1" lexsn="2:30:00::">began</wf>
<wf cmd="ignore" pos="TO">to</wf>
<wf cmd="done" pos="VB" lemma="weep" wnsn="1" lexsn="2:29:00::">weep</wf>
<punc>.</punc>
</s>
<s snum="47">
<wf cmd="ignore" pos="PRP">He</wf>
<wf cmd="done" pos="VB" lemma="release" wnsn="1" lexsn="2:35:00::">released</wf>
<wf cmd="ignore" pos="PRP$">her</wf>
<wf cmd="ignore" pos="CC">and</wf>
<wf cmd="done" pos="VB" lemma="join" wnsn="1" lexsn="2:41:00::">joined</wf>
<wf cmd="tag" pos="NNP">Mike</wf>
<punc>.</punc>
</s>
<s snum="48">
<punc>``</punc>
<wf cmd="tag" pos="RB">All_right</wf>
<punc>''</punc>
<punc>,</punc>
<wf cmd="ignore" pos="PRP">he</wf>
<wf cmd="done" pos="VB" lemma="say" wnsn="1" lexsn="2:32:00::">said</wf>
<punc>.</punc>
</s>
</p>
<p pnum="15">
<s snum="49">
<wf cmd="tag" pos="NNP">Mike</wf>
<wf cmd="tag" pos="RB">only</wf>
<wf cmd="done" pos="VB" lemma="say" wnsn="1" lexsn="2:32:00::">said</wf>
<punc>,</punc>
<punc>``</punc>
<wf cmd="tag" pos="RB">Later</wf>
<punc>''</punc>
<punc>.</punc>
</s>
</p>
<p pnum="16">
<s snum="50">
<punc>``</punc>
<wf cmd="done" pos="VB" lemma="be" wnsn="1" lexsn="2:42:03::">Be</wf>
<wf cmd="tag" pos="JJ">careful</wf>
<punc>,</punc>
<wf cmd="tag" pos="NNP">McLish</wf>
<punc>''</punc>
<punc>!</punc>
</s>
<s snum="51">
<wf cmd="tag" pos="NNP">Susan</wf>
<wf cmd="done" pos="VB" lemma="say" wnsn="1" lexsn="2:32:00::">said</wf>
<wf cmd="tag" pos="RB">fiercely</wf>
<punc>.</punc>
</s>
</p>
<p pnum="17">
<s snum="52">
<punc>``</punc>
<wf cmd="ignore" pos="DT">The</wf>
<wf cmd="tag" pos="NN">way</wf>
<wf cmd="ignore" pos="PRP">you</wf>
<wf cmd="done" pos="VB" lemma="be" wnsn="1" lexsn="2:42:03::">were</wf>
<wf cmd="tag" pos="JJ">careful</wf>
<punc>''</punc>
<punc>?</punc>
<wf cmd="ignore" pos="PRP">he</wf>
<wf cmd="done" pos="VB" lemma="snort" wnsn="1" lexsn="2:32:00::">snorted</wf>
<punc>.</punc>
</s>
<s snum="53">
<punc>``</punc>
<wf cmd="done" pos="VB" lemma="run_around" wnsn="1" lexsn="2:38:00::">Running_around</wf>
<wf cmd="ignore" pos="IN">in</wf>
<wf cmd="ignore" pos="DT">the</wf>
<wf cmd="tag" pos="NN">moonlight</wf>
<wf cmd="tag" pos="RB">almost</wf>
<wf cmd="tag" pos="JJ">naked</wf>
<wf cmd="ignore" pos="CC">and</wf>
<wf cmd="done" pos="VB" lemma="slug" wnsn="1" lexsn="2:35:00::">slugging</wf>
<wf cmd="ignore" pos="DT">a</wf>
<wf cmd="tag" pos="NN">man</wf>
<wf cmd="ignore" pos="IN">with</wf>
<wf cmd="ignore" pos="DT">a</wf>
<wf cmd="tag" pos="NN">rock</wf>
<punc>''</punc>
<punc>?</punc>
</s>
</p>
<p pnum="18">
<s snum="54">
<wf cmd="ignore" pos="PRP">He</wf>
<wf cmd="done" pos="VB" lemma="keep" wnsn="2" lexsn="2:42:07::">kept</wf>
<wf cmd="done" pos="VB" lemma="go" wnsn="1" lexsn="2:38:00::">going</wf>
<punc>.</punc>
</s>
<s snum="55">
<wf cmd="ignore" pos="PRP">He</wf>
<wf cmd="done" pos="VB" lemma="want" wnsn="1" lexsn="2:37:00::">wanted</wf>
<wf cmd="tag" pos="RB">no_more</wf>
<wf cmd="tag" pos="JJ">sentimental</wf>
<wf cmd="tag" pos="NNS">scenes</wf>
<wf cmd="ignore" pos="IN">with</wf>
<wf cmd="ignore" pos="PRP$">her</wf>
<punc>.</punc>
</s>
<s snum="56">
<wf cmd="ignore" pos="PRP">He</wf>
<wf cmd="ignore" pos="MD">might</wf>
<wf cmd="done" pos="VB" lemma="say" wnsn="1" lexsn="2:32:00::">say</wf>
<wf cmd="ignore" pos="CC">or</wf>
<wf cmd="done" pos="VB" lemma="do" wnsn="1" lexsn="2:41:01::">do</wf>
<wf cmd="done" pos="VB" ot="notag">something</wf>
<wf cmd="tag" pos="JJ">foolish</wf>
<punc>.</punc>
</s>
<s snum="57">
<wf cmd="tag" pos="NN">Something</wf>
<wf cmd="tag" pos="JJ">all_of</wf>
<wf cmd="ignore" pos="PRP">them</wf>
<wf cmd="ignore" pos="MD">would</wf>
<wf cmd="done" pos="VB" lemma="regret" wnsn="1" lexsn="2:37:00::">regret</wf>
<punc>.</punc>
</s>
<s snum="58">
<wf cmd="ignore" pos="PRP">He</wf>
<wf cmd="ignore" pos="MD">might</wf>
<wf cmd="done" pos="VB" lemma="tell" wnsn="2" lexsn="2:32:00::">tell</wf>
<wf cmd="ignore" pos="PRP$">her</wf>
<wf cmd="ignore" pos="WRB">how</wf>
<wf cmd="tag" pos="JJ">sorry</wf>
<wf cmd="ignore" pos="DT">a</wf>
<wf cmd="tag" pos="NN">spectacle</wf>
<wf cmd="ignore" pos="PRP">she</wf>
<wf cmd="done" pos="VBD" ot="notag">was</wf>
<wf cmd="done" pos="VB" lemma="make" wnsn="2" lexsn="2:30:00::">making</wf>
<wf cmd="ignore" pos="IN">of</wf>
<wf cmd="ignore" pos="PRP">herself</wf>
<punc>,</punc>
<wf cmd="done" pos="VB" lemma="pretend" wnsn="1" lexsn="2:32:00::">pretending</wf>
<wf cmd="ignore" pos="TO">to</wf>
<wf cmd="done" pos="VB" lemma="be" wnsn="1" lexsn="2:42:03::">be</wf>
<wf cmd="tag" pos="JJ">blind_to</wf>
<wf cmd="ignore" pos="DT">the</wf>
<wf cmd="tag" pos="NN">way</wf>
<wf cmd="tag" pos="NNP">Julia_Fortune</wf>
<wf cmd="done" pos="VBD" ot="notag">had</wf>
<wf cmd="done" pos="VB" lemma="take" wnsn="8" lexsn="2:40:00::">taken</wf>
<wf cmd="tag" pos="NNP">Dean</wf>
<wf cmd="ignore" pos="POS">'s</wf>
<wf cmd="tag" pos="NNS">affections</wf>
<wf cmd="ignore" pos="IN">from</wf>
<wf cmd="ignore" pos="PRP$">her</wf>
<punc>.</punc>
</s>
<s snum="59">
<wf cmd="ignore" pos="CC">And</wf>
<wf cmd="done" pos="VB" lemma="use" wnsn="1" lexsn="2:34:01::">using</wf>
<wf cmd="ignore" pos="PRP">him</wf>
<punc>,</punc>
<wf cmd="tag" pos="NNP">Mike_McLish</wf>
<punc>,</punc>
<wf cmd="ignore" pos="IN">as</wf>
<wf cmd="ignore" pos="DT">a</wf>
<wf cmd="tag" pos="NN">sop</wf>
<wf cmd="ignore" pos="TO">to</wf>
<wf cmd="ignore" pos="PRP$">her</wf>
<wf cmd="tag" pos="NN">pride</wf>
<punc>.</punc>
</s>
</p>
<p pnum="19">
<s snum="60">
<wf cmd="ignore" pos="PRP">He</wf>
<wf cmd="done" pos="VB" lemma="hand" wnsn="1" lexsn="2:40:00::">handed</wf>
<wf cmd="ignore" pos="DT">the</wf>
<wf cmd="tag" pos="NN">bayonet</wf>
<wf cmd="ignore" pos="TO">to</wf>
<wf cmd="tag" pos="NNP">Dean</wf>
<wf cmd="ignore" pos="CC">and</wf>
<wf cmd="done" pos="VB" lemma="keep" wnsn="3" lexsn="2:40:00::">kept</wf>
<wf cmd="ignore" pos="DT">the</wf>
<wf cmd="tag" pos="NN">pistol</wf>
<punc>.</punc>
</s>
<s snum="61">
<punc>``</punc>
<wf cmd="done" pos="VB" lemma="stay" wnsn="1" lexsn="2:30:00::">Stay</wf>
<wf cmd="tag" pos="RB">well</wf>
<wf cmd="tag" pos="RB">back</wf>
<wf cmd="ignore" pos="IN">of</wf>
<wf cmd="ignore" pos="PRP">me</wf>
<punc>''</punc>
<punc>,</punc>
<wf cmd="ignore" pos="PRP">he</wf>
<wf cmd="done" pos="VB" lemma="say" wnsn="1" lexsn="2:32:00::">said</wf>
<punc>.</punc>
</s>
<s snum="62">
<punc>``</punc>
<wf cmd="ignore" pos="PRP">I</wf>
<wf cmd="done" pos="VBP" ot="notag">'m</wf>
<wf cmd="done" pos="VB" ot="notag">going_to</wf>
<wf cmd="done" pos="VB" lemma="walk" wnsn="1" lexsn="2:38:00::">walk</wf>
<wf cmd="ignore" pos="IN">up</wf>
<wf cmd="ignore" pos="TO">to</wf>
<wf cmd="ignore" pos="DT">the</wf>
<wf cmd="tag" pos="NNS">horses</wf>
<punc>,</punc>
<wf cmd="tag" pos="JJ">bold</wf>
<wf cmd="ignore" pos="IN">as</wf>
<wf cmd="tag" pos="NN">brass</wf>
<punc>,</punc>
<wf cmd="done" pos="VB" lemma="pretend" wnsn="1" lexsn="2:32:00::">pretending</wf>
<wf cmd="ignore" pos="PRP">I</wf>
<wf cmd="done" rdf="am" pos="VB" lemma="be" wnsn="2" lexsn="2:42:06::">'m</wf>
<wf cmd="tag" pos="CD">one</wf>
<wf cmd="ignore" pos="IN">of</wf>
<wf cmd="ignore" pos="DT">the</wf>
<wf cmd="tag" pos="NNS">guerrillas</wf>
<punc>.</punc>
</s>
<s snum="63">
<wf cmd="ignore" pos="EX">There</wf>
<wf cmd="done" rdf="is" pos="VB" lemma="be" wnsn="1" lexsn="2:42:03::">'s</wf>
<wf cmd="tag" pos="JJ">bound_to</wf>
<wf cmd="done" pos="VB" lemma="be" wnsn="5" lexsn="2:42:04::">be</wf>
<wf cmd="tag" pos="NN">someone</wf>
<wf cmd="tag" pos="JJ">on_guard</wf>
<punc>,</punc>
<wf cmd="ignore" pos="CC">but</wf>
<wf cmd="ignore" pos="DT">the</wf>
<wf cmd="tag" pos="NN">hat</wf>
<wf cmd="ignore" pos="MD">might</wf>
<wf cmd="done" pos="VB" lemma="fool" wnsn="1" lexsn="2:41:00::">fool</wf>
<wf cmd="ignore" pos="PRP">them</wf>
<wf cmd="tag" pos="JJ">long</wf>
<wf cmd="tag" pos="RB">enough</wf>
<wf cmd="ignore" pos="IN">for</wf>
<wf cmd="ignore" pos="PRP">me</wf>
<wf cmd="ignore" pos="TO">to</wf>
<wf cmd="done" pos="VB" lemma="get" wnsn="2" lexsn="2:30:00::">get</wf>
<wf cmd="tag" pos="RB">close</wf>
<punc>''</punc>
<punc>.</punc>
</s>
</p>
<p pnum="20">
<s snum="64">
<wf cmd="done" pos="VB" lemma="hold" wnsn="1;2" lexsn="2:42:00::;2:35:00::">Holding</wf>
<wf cmd="ignore" pos="DT">the</wf>
<wf cmd="tag" pos="NN">pistol</wf>
<wf cmd="tag" pos="JJ">concealed</wf>
<punc>,</punc>
<wf cmd="ignore" pos="PRP">he</wf>
<wf cmd="done" pos="VB" lemma="walk" wnsn="1" lexsn="2:38:00::">walked</wf>
<wf cmd="tag" pos="RB">to_the_rear</wf>
<wf cmd="tag" pos="NN">wall</wf>
<wf cmd="ignore" pos="IN">of</wf>
<wf cmd="ignore" pos="DT">the</wf>
<wf cmd="tag" pos="NN">stockade</wf>
<punc>.</punc>
</s>
<s snum="65">
<wf cmd="ignore" pos="PRP">It</wf>
<wf cmd="done" pos="VBD" ot="notag">was</wf>
<wf cmd="done" pos="VB" lemma="pierce" wnsn="1" lexsn="2:35:02::">pierced</wf>
<wf cmd="ignore" pos="IN">by</wf>
<wf cmd="ignore" pos="DT">a</wf>
<wf cmd="tag" pos="NN">wagon</wf>
<wf cmd="tag" pos="NN">gate</wf>
<wf cmd="tag" pos="JJ">built</wf>
<wf cmd="ignore" pos="IN">of</wf>
<wf cmd="tag" pos="CD">two</wf>
<wf cmd="tag" pos="NNS">wings</wf>
<punc>.</punc>
</s>
<s snum="66">
<wf cmd="tag" pos="CD">One</wf>
<wf cmd="tag" pos="NN">wing</wf>
<wf cmd="done" pos="VB" lemma="stand" wnsn="2" lexsn="2:42:04::">stood</wf>
<wf cmd="tag" pos="JJ">open</wf>
<punc>.</punc>
</s>
<s snum="67">
<wf cmd="tag" pos="NNP">Mike</wf>
<wf cmd="done" pos="VB" lemma="pass_through" wnsn="1" lexsn="2:38:00::">passed_through</wf>
<wf cmd="ignore" pos="PRP">it</wf>
<wf cmd="ignore" pos="CC">and</wf>
<wf cmd="done" pos="VB" lemma="move" wnsn="1" lexsn="2:38:03::">moved</wf>
<wf cmd="ignore" pos="IN">toward</wf>
<wf cmd="ignore" pos="DT">the</wf>
<wf cmd="tag" pos="JJ">dark</wf>
<wf cmd="tag" pos="NN">mass</wf>
<wf cmd="ignore" pos="IN">of</wf>
<wf cmd="tag" pos="NNS">horses</wf>
<punc>.</punc>
</s>
<s snum="68">
<wf cmd="ignore" pos="PRP">They</wf>
<wf cmd="done" pos="VBD" ot="notag">were</wf>
<wf cmd="done" pos="VB" lemma="tether" wnsn="1" lexsn="2:35:00::">tethered</wf>
<punc>,</punc>
<wf cmd="tag" pos="NN">army</wf>
<wf cmd="tag" pos="NN">style</wf>
<punc>,</punc>
<wf cmd="ignore" pos="IN">on</wf>
<wf cmd="tag" pos="JJ">stable</wf>
<wf cmd="tag" pos="NNS">lines</wf>
<punc>.</punc>
</s>
</p>
<p pnum="21">
<s snum="69">
<wf cmd="ignore" pos="DT">A</wf>
<wf cmd="tag" pos="NN">voice</wf>
<wf cmd="done" pos="VB" lemma="speak" wnsn="1" lexsn="2:32:00::">spoke</wf>
<wf cmd="tag" pos="JJ">near-at-hand</wf>
<punc>.</punc>
</s>
<s snum="70">
<punc>``</punc>
<wf cmd="ignore" pos="WP">Who</wf>
<wf cmd="ignore" pos="POS">'s</wf>
<wf cmd="ignore" pos="DT">thet</wf>
<punc>''</punc>
<punc>?</punc>
</s>
</p>
<p pnum="22">
<s snum="71">
<wf cmd="tag" pos="RB">Just</wf>
<wf cmd="ignore" pos="PRP">me</wf>
<punc>``</punc>
<punc>,</punc>
<wf cmd="tag" pos="NNP">Mike</wf>
<wf cmd="done" pos="VB" lemma="say" wnsn="1" lexsn="2:32:00::">said</wf>
<punc>.</punc>
</s>
<s snum="72">
<punc>''</punc>
<wf cmd="done" pos="VBZ" ot="notag">Is</wf>
<wf cmd="ignore" pos="IN">that</wf>
<wf cmd="ignore" pos="PRP">you</wf>
<punc>,</punc>
<wf cmd="tag" pos="NNP">Bill</wf>
<punc>``</punc>
<punc>?</punc>
</s>
</p>
<p pnum="23">
<s snum="73">
<wf cmd="ignore" pos="PRP">He</wf>
<wf cmd="done" pos="VB" lemma="locate" wnsn="1" lexsn="2:40:00::">located</wf>
<wf cmd="ignore" pos="PRP$">his</wf>
<wf cmd="tag" pos="NN">man</wf>
<punc>.</punc>
</s>
<s snum="74">
<wf cmd="ignore" pos="DT">The</wf>
<wf cmd="tag" pos="NN">guard</wf>
<wf cmd="done" pos="VB" lemma="stand" wnsn="3" lexsn="2:42:03::">stood</wf>
<wf cmd="done" pos="VB" ot="notag">in</wf>
<wf cmd="ignore" pos="DT">the</wf>
<wf cmd="tag" pos="NN">shadow</wf>
<wf cmd="ignore" pos="IN">of</wf>
<wf cmd="ignore" pos="DT">the</wf>
<wf cmd="tag" pos="NN">stockade</wf>
<wf cmd="tag" pos="NN">wall</wf>
<wf cmd="tag" pos="RB">just</wf>
<wf cmd="tag" pos="JJ">out_of_reach</wf>
<wf cmd="ignore" pos="IN">of</wf>
<wf cmd="ignore" pos="DT">the</wf>
<wf cmd="tag" pos="NN">moonlight</wf>
<punc>.</punc>
</s>
<s snum="75">
<wf cmd="tag" pos="NNP">Mike</wf>
<wf cmd="done" pos="VB" lemma="keep" wnsn="2" lexsn="2:42:07::">kept</wf>
<wf cmd="done" pos="VB" lemma="walk" wnsn="1" lexsn="2:38:00::">walking</wf>
<wf cmd="ignore" pos="CC">and</wf>
<wf cmd="done" pos="VB" lemma="get" wnsn="5" lexsn="2:38:00::">got</wf>
<wf cmd="ignore" pos="IN">within</wf>
<wf cmd="tag" pos="NN">arm</wf>
<wf cmd="ignore" pos="POS">'s</wf>
<wf cmd="tag" pos="NN">reach</wf>
<wf cmd="ignore" pos="IN">before</wf>
<wf cmd="ignore" pos="DT">the</wf>
<wf cmd="tag" pos="NN">man</wf>
<wf cmd="done" pos="VB" lemma="become" wnsn="1" lexsn="2:30:00::">became</wf>
<wf cmd="tag" pos="JJ">suspicious</wf>
<wf cmd="ignore" pos="CC">and</wf>
<wf cmd="done" pos="VB" lemma="straighten" wnsn="1" lexsn="2:38:00::">straightened</wf>
<wf cmd="ignore" pos="IN">from</wf>
<wf cmd="ignore" pos="PRP$">his</wf>
<wf cmd="tag" pos="JJ">lax</wf>
<wf cmd="tag" pos="NN">slouch</wf>
<punc>.</punc>
</s>
</p>
<p pnum="24">
<s snum="76">
<wf cmd="tag" pos="NNP">Mike</wf>
<wf cmd="done" pos="VB" lemma="strike" wnsn="1" lexsn="2:35:00::">struck</wf>
<wf cmd="ignore" pos="IN">with</wf>
<wf cmd="ignore" pos="DT">the</wf>
<wf cmd="tag" pos="NN">muzzle</wf>
<wf cmd="ignore" pos="IN">of</wf>
<wf cmd="ignore" pos="DT">the</wf>
<wf cmd="tag" pos="NN">pistol</wf>
<punc>.</punc>
</s>
<s snum="77">
<wf cmd="ignore" pos="CC">But</wf>
<wf cmd="ignore" pos="DT">the</wf>
<wf cmd="tag" pos="NN">luck</wf>
<wf cmd="ignore" pos="WDT">that</wf>
<wf cmd="done" pos="VBD" ot="notag">had</wf>
<wf cmd="done" pos="VB" ot="notag">been</wf>
<wf cmd="done" pos="VB" lemma="run" wnsn="6" lexsn="2:38:01::">running</wf>
<wf cmd="ignore" pos="PRP$">their</wf>
<wf cmd="tag" pos="NN">way</wf>
<wf cmd="done" pos="VB" lemma="leave" wnsn="2" lexsn="2:31:05::">left</wf>
<wf cmd="ignore" pos="PRP">him</wf>
<punc>.</punc>
</s>
<s snum="78">
<wf cmd="ignore" pos="DT">The</wf>
<wf cmd="tag" pos="NN">guard</wf>
<wf cmd="tag" pos="RB">instinctively</wf>
<wf cmd="done" pos="VB" lemma="parry" wnsn="1" lexsn="2:33:00::">parried</wf>
<wf cmd="ignore" pos="DT">the</wf>
<wf cmd="tag" pos="NN">blow</wf>
<wf cmd="ignore" pos="IN">with</wf>
<wf cmd="ignore" pos="PRP$">his</wf>
<wf cmd="tag" pos="NN">rifle</wf>
<punc>.</punc>
</s>
<s snum="79">
<wf cmd="ignore" pos="PRP">He</wf>
<wf cmd="done" pos="VB" lemma="try" wnsn="1" lexsn="2:41:00::">tried</wf>
<wf cmd="ignore" pos="TO">to</wf>
<wf cmd="done" pos="VB" lemma="veer" wnsn="1" lexsn="2:38:00::">veer</wf>
<wf cmd="ignore" pos="DT">the</wf>
<wf cmd="tag" pos="NN">rifle</wf>
<wf cmd="tag" pos="RB">around</wf>
<wf cmd="ignore" pos="TO">to</wf>
<wf cmd="done" pos="VB" lemma="fire" wnsn="1" lexsn="2:33:01::">fire</wf>
<wf cmd="ignore" pos="IN">into</wf>
<wf cmd="tag" pos="NNP">Mike</wf>
<wf cmd="ignore" pos="POS">'s</wf>
<wf cmd="tag" pos="NN">body</wf>
<punc>.</punc>
</s>
</p>
<p pnum="25">
<s snum="80">
<wf cmd="tag" pos="NNP">Mike</wf>
<punc>,</punc>
<wf cmd="ignore" pos="IN">off</wf>
<wf cmd="tag" pos="NN">balance</wf>
<punc>,</punc>
<wf cmd="done" pos="VB" lemma="manage" wnsn="1" lexsn="2:41:09::">managed</wf>
<wf cmd="ignore" pos="TO">to</wf>
<wf cmd="done" pos="VB" lemma="bat" wnsn="1" lexsn="2:35:01::">bat</wf>
<wf cmd="ignore" pos="DT">the</wf>
<wf cmd="tag" pos="NN">muzzle</wf>
<wf cmd="tag" pos="RB">away</wf>
<wf cmd="ignore" pos="DT">a</wf>
<wf cmd="tag" pos="NN">moment</wf>
<wf cmd="ignore" pos="IN">before</wf>
<wf cmd="ignore" pos="PRP">it</wf>
<wf cmd="done" pos="VB" lemma="explode" wnsn="2" lexsn="2:30:00::">exploded</wf>
<punc>.</punc>
</s>
<s snum="81">
<wf cmd="ignore" pos="DT">The</wf>
<wf cmd="tag" pos="NN">bullet</wf>
<wf cmd="done" pos="VB" lemma="go" wnsn="1" lexsn="2:38:00::">went</wf>
<wf cmd="tag" pos="JJ">wide</wf>
<punc>.</punc>
</s>
<s snum="82">
<wf cmd="tag" pos="NNP">Mike</wf>
<wf cmd="done" pos="VB" lemma="swing" wnsn="5" lexsn="2:35:00::">swung</wf>
<wf cmd="ignore" pos="DT">the</wf>
<wf cmd="tag" pos="NN">pistol</wf>
<wf cmd="ignore" pos="IN">in</wf>
<wf cmd="ignore" pos="DT">a</wf>
<wf cmd="tag" pos="JJ">savage</wf>
<wf cmd="tag" pos="NN">backlash</wf>
<punc>.</punc>
</s>
<s snum="83">
<wf cmd="ignore" pos="DT">This</wf>
<wf cmd="tag" pos="NN">time</wf>
<wf cmd="ignore" pos="PRP">it</wf>
<wf cmd="done" pos="VB" lemma="connect" wnsn="5" lexsn="2:35:01::">connected</wf>
<wf cmd="tag" pos="RB">solidly</wf>
<wf cmd="ignore" pos="IN">on</wf>
<wf cmd="ignore" pos="DT">the</wf>
<wf cmd="tag" pos="NN">man</wf>
<wf cmd="ignore" pos="POS">'s</wf>
<wf cmd="tag" pos="NN">temple</wf>
<punc>,</punc>
<wf cmd="done" pos="VB" lemma="fell" wnsn="1" lexsn="2:35:00::">felling</wf>
<wf cmd="ignore" pos="PRP">him</wf>
<punc>.</punc>
</s>
</p>
<p pnum="26">
<s snum="84">
<wf cmd="ignore" pos="DT">The</wf>
<wf cmd="tag" pos="NN">explosion</wf>
<wf cmd="ignore" pos="IN">of</wf>
<wf cmd="ignore" pos="DT">the</wf>
<wf cmd="tag" pos="NN">rifle</wf>
<wf cmd="done" pos="VBD" ot="notag">had</wf>
<wf cmd="done" pos="VB" lemma="crash" wnsn="2" lexsn="2:38:01::">crashed</wf>
<wf cmd="ignore" pos="IN">against</wf>
<wf cmd="ignore" pos="DT">the</wf>
<wf cmd="tag" pos="NNS">walls</wf>
<wf cmd="ignore" pos="IN">of</wf>
<wf cmd="ignore" pos="DT">the</wf>
<wf cmd="tag" pos="NN">stockade</wf>
<wf cmd="ignore" pos="CC">and</wf>
<wf cmd="ignore" pos="DT">the</wf>
<wf cmd="tag" pos="JJ">deep</wf>
<wf cmd="tag" pos="NNS">echoes</wf>
<wf cmd="done" pos="VBD" ot="notag">were</wf>
<wf cmd="tag" pos="RB">still</wf>
<wf cmd="done" pos="VB" lemma="roll" wnsn="3" lexsn="2:42:00::">rolling</wf>
<wf cmd="ignore" pos="IN">in</wf>
<wf cmd="ignore" pos="DT">the</wf>
<wf cmd="tag" pos="NNS">hills</wf>
<punc>.</punc>
</s>
<s snum="85">
<wf cmd="ignore" pos="DT">The</wf>
<wf cmd="tag" pos="JJ">startled</wf>
<wf cmd="tag" pos="NNS">horses</wf>
<wf cmd="done" pos="VB" lemma="begin" wnsn="1" lexsn="2:30:00::">began</wf>
<wf cmd="done" pos="VB" lemma="rear" wnsn="1" lexsn="2:38:00::">rearing</wf>
<wf cmd="ignore" pos="IN">on</wf>
<wf cmd="ignore" pos="PRP$">their</wf>
<wf cmd="tag" pos="NNS">tethers</wf>
<punc>.</punc>
</s>
</p>
<p pnum="27">
<s snum="86">
<wf cmd="tag" pos="NNP">Dean</wf>
<wf cmd="done" pos="VB" ot="notag">came</wf>
<wf cmd="done" pos="VB" lemma="rush" wnsn="1" lexsn="2:38:00::">rushing</wf>
<wf cmd="tag" pos="RB">up</wf>
<punc>.</punc>
</s>
<s snum="87">
<punc>``</punc>
<wf cmd="done" pos="VB" ot="notag">Are</wf>
<wf cmd="ignore" pos="PRP">you</wf>
<wf cmd="done" pos="VB" lemma="hit" wnsn="6" lexsn="2:33:01::">hit</wf>
<punc>''</punc>
<punc>?</punc>
<wf cmd="ignore" pos="PRP">he</wf>
<wf cmd="done" pos="VB" lemma="demand" wnsn="1" lexsn="2:32:00::">demanded</wf>
<punc>.</punc>
</s>
</p>
<p pnum="28">
<s snum="88">
<punc>``</punc>
<wf cmd="ignore" pos="DT">No</wf>
<punc>,</punc>
<wf cmd="ignore" pos="CC">but</wf>
<wf cmd="ignore" pos="DT">the</wf>
<wf cmd="tag" pos="JJ">fat</wf>
<wf cmd="ignore" pos="POS">'s</wf>
<wf cmd="ignore" pos="IN">in</wf>
<wf cmd="ignore" pos="DT">the</wf>
<wf cmd="tag" pos="NN">fire</wf>
<punc>''</punc>
<punc>!</punc>
</s>
<s snum="89">
<wf cmd="tag" pos="NNP">Mike</wf>
<wf cmd="done" pos="VB" lemma="say" wnsn="1" lexsn="2:32:00::">said</wf>
<punc>.</punc>
</s>
<s snum="90">
<punc>``</punc>
<wf cmd="ignore" pos="EX">There</wf>
<wf cmd="done" pos="VBZ" ot="notag">'s</wf>
<wf cmd="ignore" pos="DT">no</wf>
<wf cmd="tag" pos="NN">chance</wf>
<wf cmd="tag" pos="RB">now</wf>
<wf cmd="ignore" pos="IN">of</wf>
<wf cmd="tag" pos="JJ">all_of</wf>
<wf cmd="ignore" pos="PRP">us</wf>
<wf cmd="done" pos="VB" lemma="get_away" wnsn="1" lexsn="2:38:00::">getting_away</wf>
<punc>.</punc>
</s>
<s snum="91">
<wf cmd="ignore" pos="PRP">You</wf>
<wf cmd="ignore" pos="MD">'ll</wf>
<wf cmd="done" pos="VB" ot="notag">have_to</wf>
<wf cmd="done" pos="VB" lemma="try" wnsn="1" lexsn="2:41:00::">try</wf>
<wf cmd="ignore" pos="PRP">it</wf>
<wf cmd="tag" pos="RB">alone</wf>
<punc>''</punc>
<punc>.</punc>
</s>
</p>
<p pnum="29">
<s snum="92">
<wf cmd="ignore" pos="DT">The</wf>
<wf cmd="tag" pos="NN">sentry</wf>
<wf cmd="ignore" pos="POS">'s</wf>
<wf cmd="tag" pos="JJ">saddled</wf>
<wf cmd="tag" pos="NN">horse</wf>
<wf cmd="done" pos="VB" lemma="stand" wnsn="1" lexsn="2:35:00::">stood</wf>
<wf cmd="done" pos="VB" lemma="picket" wnsn="2" lexsn="2:35:00::">picketed</wf>
<wf cmd="tag" pos="JJ">nearby</wf>
<punc>,</punc>
<wf cmd="done" pos="VBG" ot="notag">having</wf>
<wf cmd="done" pos="VBN" ot="notag">been</wf>
<wf cmd="done" pos="VB" lemma="keep" wnsn="1" lexsn="2:42:00::">kept</wf>
<wf cmd="tag" pos="JJ">handy</wf>
<wf cmd="tag" pos="RB">in_case</wf>
<wf cmd="ignore" pos="IN">of</wf>
<wf cmd="tag" pos="NN">need</wf>
<punc>.</punc>
</s>
</p>
<p pnum="30">
<s snum="93">
<wf cmd="tag" pos="NNP">Mike</wf>
<wf cmd="done" pos="VB" lemma="take" wnsn="4" lexsn="2:35:00::">took</wf>
<wf cmd="ignore" pos="DT">the</wf>
<wf cmd="tag" pos="NN">bayonet</wf>
<wf cmd="ignore" pos="IN">from</wf>
<wf cmd="tag" pos="NNP">Dean</wf>
<wf cmd="ignore" pos="POS">'s</wf>
<wf cmd="tag" pos="NN">hand</wf>
<wf cmd="ignore" pos="CC">and</wf>
<wf cmd="done" pos="VB" lemma="slash" wnsn="1" lexsn="2:35:01::">slashed</wf>
<wf cmd="ignore" pos="DT">the</wf>
<wf cmd="tag" pos="NN">picket_line</wf>
<punc>.</punc>
</s>
<s snum="94">
<punc>``</punc>
<wf cmd="ignore" pos="IN">Up</wf>
<wf cmd="ignore" pos="PRP">you</wf>
<wf cmd="done" pos="VB" lemma="go" wnsn="1" lexsn="2:38:00::">go</wf>
<punc>''</punc>
<punc>!</punc>
<wf cmd="ignore" pos="PRP">he</wf>
<wf cmd="done" pos="VB" lemma="say" wnsn="1" lexsn="2:32:00::">said</wf>
<punc>.</punc>
</s>
<s snum="95">
<punc>``</punc>
<wf cmd="done" pos="VB" ot="notag">Ride</wf>
<punc>''</punc>
<punc>!</punc>
</s>
</p>
<p pnum="31">
<s snum="96">
<wf cmd="tag" pos="NNP">Dean</wf>
<wf cmd="done" pos="VB" lemma="resist" wnsn="1" lexsn="2:42:01::">resisted</wf>
<wf cmd="tag" pos="NNP">Mike</wf>
<wf cmd="ignore" pos="POS">'s</wf>
<wf cmd="tag" pos="NN">attempt</wf>
<wf cmd="ignore" pos="TO">to</wf>
<wf cmd="done" pos="VB" lemma="push" wnsn="1" lexsn="2:38:00::">push</wf>
<wf cmd="ignore" pos="PRP">him</wf>
<wf cmd="ignore" pos="IN">toward</wf>
<wf cmd="ignore" pos="DT">the</wf>
<wf cmd="tag" pos="NN">horse</wf>
<punc>.</punc>
</s>
<s snum="97">
<punc>``</punc>
<wf cmd="ignore" pos="WRB">Why</wf>
<wf cmd="tag" pos="RB">not</wf>
<wf cmd="ignore" pos="PRP">you</wf>
<punc>''</punc>
<punc>?</punc>
<wf cmd="ignore" pos="PRP">he</wf>
<wf cmd="done" pos="VB" lemma="protest" wnsn="1" lexsn="2:32:00::">protested</wf>
<punc>.</punc>
</s>
</p>
<p pnum="32">
<s snum="98">
<punc>``</punc>
<wf cmd="ignore" pos="UH">Dammit</wf>
<punc>''</punc>
<punc>!</punc>
</s>
<s snum="99">
<wf cmd="tag" pos="NNP">Mike</wf>
<wf cmd="done" pos="VB" lemma="say" wnsn="1" lexsn="2:32:00::">said</wf>
<wf cmd="tag" pos="RB">frantically</wf>
<punc>.</punc>
</s>
<s snum="100">
<punc>``</punc>
<wf cmd="ignore" pos="PRP">You</wf>
<wf cmd="done" rdf="are" pos="VB" lemma="be" wnsn="1" lexsn="2:42:03::">'re</wf>
<wf cmd="tag" pos="JJR">lighter</wf>
<wf cmd="ignore" pos="IN">than</wf>
<wf cmd="ignore" pos="PRP">me</wf>
<punc>.</punc>
</s>
<s snum="101">
<wf cmd="ignore" pos="PRP">It</wf>
<wf cmd="done" rdf="is" pos="VB" lemma="be" wnsn="2" lexsn="2:42:06::">'s</wf>
<wf cmd="ignore" pos="PRP$">our</wf>
<wf cmd="tag" pos="RB">only</wf>
<wf cmd="tag" pos="NN">chance</wf>
<wf cmd="tag" pos="RB">now</wf>
<punc>.</punc>
</s>
<s snum="102">
<wf cmd="done" pos="VB" lemma="try" wnsn="1" lexsn="2:41:00::">Try</wf>
<wf cmd="ignore" pos="TO">to</wf>
<wf cmd="done" pos="VB" lemma="find" wnsn="3" lexsn="2:40:00::">find</wf>
<wf cmd="ignore" pos="DT">these</wf>
<wf cmd="tag" pos="NNPS">Feds</wf>
<punc>.</punc>
</s>
<s snum="103">
<wf cmd="ignore" pos="DT">The</wf>
<wf cmd="tag" pos="NN">rest</wf>
<wf cmd="ignore" pos="IN">of</wf>
<wf cmd="ignore" pos="PRP">us</wf>
<wf cmd="ignore" pos="MD">can</wf>
<wf cmd="done" pos="VB" lemma="fort_up" wnsn="1" lexsn="2:38:00::">fort_up</wf>
<wf cmd="ignore" pos="IN">in</wf>
<wf cmd="ignore" pos="DT">the</wf>
<wf cmd="tag" pos="NN">house</wf>
<wf cmd="ignore" pos="CC">and</wf>
<wf cmd="done" pos="VB" lemma="hang_on" wnsn="2" lexsn="2:30:00::">hang_on</wf>
<wf cmd="ignore" pos="IN">until</wf>
<wf cmd="ignore" pos="PRP">you</wf>
<wf cmd="done" pos="VB" lemma="get_back" wnsn="0" lexsn="2:38:00::">get_back</wf>
<punc>.</punc>
</s>
<s snum="104">
<wf cmd="ignore" pos="PRP">You</wf>
<wf cmd="done" rdf="are" pos="VB" lemma="be" wnsn="2" lexsn="2:42:06::">'re</wf>
<wf cmd="ignore" pos="DT">the</wf>
<wf cmd="tag" pos="CD">one</wf>
<wf cmd="ignore" pos="IN">that</wf>
<wf cmd="done" pos="VBZ" ot="notag">'s</wf>
<wf cmd="done" rdf="taking_a_chance" pos="VB" lemma="take_a_chance" wnsn="1" lexsn="2:41:00::">taking</wf>
<wf cmd="ignore" pos="DT">the</wf>
<wf cmd="tag" pos="JJ">big</wf>
<wf cmd="tag" pos="NN">chance</wf>
<punc>''</punc>
<punc>.</punc>
</s>
</p>
<p pnum="33">
<s snum="105">
<wf cmd="tag" pos="NNP">Dean</wf>
<wf cmd="tag" pos="RB">still</wf>
<wf cmd="done" pos="VB" lemma="hesitate" wnsn="1" lexsn="2:42:00::">hesitated</wf>
<punc>,</punc>
<wf cmd="ignore" pos="CC">but</wf>
<wf cmd="tag" pos="NNP">Mike</wf>
<wf cmd="done" pos="VB" lemma="lift" wnsn="1" lexsn="2:38:00::">lifted</wf>
<wf cmd="ignore" pos="PRP">him</wf>
<wf cmd="tag" pos="RB">almost</wf>
<wf cmd="tag" pos="JJ">bodily</wf>
<wf cmd="ignore" pos="IN">into</wf>
<wf cmd="ignore" pos="DT">the</wf>
<wf cmd="tag" pos="NN">saddle</wf>
<wf cmd="ignore" pos="CC">and</wf>
<wf cmd="done" pos="VB" lemma="thrust" wnsn="1" lexsn="2:38:00::">thrust</wf>
<wf cmd="ignore" pos="DT">the</wf>
<wf cmd="tag" pos="NNS">reins</wf>
<wf cmd="ignore" pos="IN">in</wf>
<wf cmd="ignore" pos="PRP$">his</wf>
<wf cmd="tag" pos="NN">hand</wf>
<punc>.</punc>
</s>
</p>
<p pnum="34">
<s snum="106">
<punc>``</punc>
<wf cmd="ignore" pos="DT">No</wf>
<wf cmd="done" pos="VB" lemma="tell" wnsn="5" lexsn="2:31:00::">telling</wf>
<wf cmd="ignore" pos="WRB">how</wf>
<wf cmd="tag" pos="RB">good</wf>
<wf cmd="ignore" pos="DT">this</wf>
<wf cmd="tag" pos="NN">horse</wf>
<wf cmd="done" pos="VB" lemma="be" wnsn="1" lexsn="2:42:03::">is</wf>
<punc>''</punc>
<punc>,</punc>
<wf cmd="tag" pos="NNP">Mike</wf>
<wf cmd="done" pos="VB" lemma="pant" wnsn="2" lexsn="2:32:00::">panted</wf>
<punc>.</punc>
</s>
<s snum="107">
<punc>``</punc>
<wf cmd="done" pos="VB" lemma="favor" wnsn="3" lexsn="2:41:01::">Favor</wf>
<wf cmd="ignore" pos="PRP">him</wf>
<wf cmd="ignore" pos="CC">and</wf>
<wf cmd="done" pos="VB" lemma="save" wnsn="2" lexsn="2:40:00::">save</wf>
<wf cmd="tag" pos="NN">something</wf>
<wf cmd="tag" pos="RB">in_case</wf>
<wf cmd="ignore" pos="PRP">you</wf>
<wf cmd="done" pos="VB" lemma="hit" wnsn="7" lexsn="2:40:05::">hit</wf>
<wf cmd="tag" pos="NN">trouble</wf>
<punc>.</punc>
</s>
<s snum="108">
<wf cmd="done" pos="VB" lemma="watch" wnsn="1" lexsn="2:39:00::">Watch</wf>
<wf cmd="done" pos="IN" ot="notag">out</wf>
<wf cmd="ignore" pos="IN">for</wf>
<wf cmd="tag" pos="NNPS">Apaches</wf>
<wf cmd="ignore" pos="WRB">when</wf>
<wf cmd="ignore" pos="PRP">it</wf>
<wf cmd="done" pos="VBZ" ot="notag">comes</wf>
<wf cmd="tag" pos="NN">daylight</wf>
<punc>.</punc>
</s>
<s snum="109">
<wf cmd="done" pos="VB" lemma="take" wnsn="11" lexsn="2:40:05::">Take</wf>
<wf cmd="ignore" pos="DT">the</wf>
<wf cmd="tag" pos="NN">pistol</wf>
<punc>.</punc>
</s>
<s snum="110">
<wf cmd="ignore" pos="PRP">You</wf>
<wf cmd="ignore" pos="MD">might</wf>
<wf cmd="done" pos="VB" lemma="need" wnsn="2" lexsn="2:34:00::">need</wf>
<wf cmd="ignore" pos="PRP">it</wf>
<punc>.</punc>
</s>
<s snum="111">
<wf cmd="ignore" pos="PRP">We</wf>
<wf cmd="ignore" pos="MD">'ll</wf>
<wf cmd="tag" pos="RB">still</wf>
<wf cmd="done" pos="VB" lemma="have" wnsn="1" lexsn="2:40:00::">have</wf>
<wf cmd="ignore" pos="DT">the</wf>
<wf cmd="tag" pos="NN">rifle</wf>
<punc>,</punc>
<wf cmd="ignore" pos="CC">and</wf>
<wf cmd="ignore" pos="PRP">I</wf>
<wf cmd="ignore" pos="MD">might</wf>
<wf cmd="done" pos="VB" lemma="be" wnsn="1" lexsn="2:42:03::">be</wf>
<wf cmd="tag" pos="JJ">able</wf>
<wf cmd="done" pos="VB" ot="notag">to</wf>
<wf cmd="done" pos="VB" lemma="round_up" wnsn="1" lexsn="2:35:00::">round_up</wf>
<wf cmd="ignore" pos="DT">some</wf>
<wf cmd="tag" pos="JJR">more</wf>
<punc>.</punc>
</s>
<s snum="112">
<wf cmd="ignore" pos="PRP">I</wf>
<wf cmd="ignore" pos="MD">'ll</wf>
<wf cmd="done" pos="VB" lemma="stampede" wnsn="1" lexsn="2:38:01::">stampede</wf>
<wf cmd="ignore" pos="DT">the</wf>
<wf cmd="tag" pos="NN">rest</wf>
<wf cmd="ignore" pos="IN">of</wf>
<wf cmd="ignore" pos="DT">these</wf>
<wf cmd="tag" pos="NNS">horses</wf>
<wf cmd="tag" pos="RB">so</wf>
<wf cmd="ignore" pos="PRP">they</wf>
<wf cmd="ignore" pos="MD">can</wf>
<wf cmd="tag" pos="RB">n't</wf>
<wf cmd="done" pos="VB" lemma="chase" wnsn="1" lexsn="2:38:00::">chase</wf>
<wf cmd="ignore" pos="PRP">you</wf>
<punc>''</punc>
<punc>.</punc>
</s>
</p>
<p pnum="35">
<s snum="113">
<wf cmd="tag" pos="NNP">Dean</wf>
<wf cmd="done" pos="VB" lemma="lean" wnsn="1" lexsn="2:38:00::">leaned</wf>
<wf cmd="ignore" pos="IN">from</wf>
<wf cmd="ignore" pos="DT">the</wf>
<wf cmd="tag" pos="NN">saddle</wf>
<wf cmd="ignore" pos="CC">and</wf>
<wf cmd="done" pos="VBD" ot="notag">gave</wf>
<wf cmd="ignore" pos="PRP">him</wf>
<wf cmd="ignore" pos="DT">a</wf>
<wf cmd="tag" pos="JJ">mighty</wf>
<wf cmd="tag" pos="NN">whack</wf>
<wf cmd="ignore" pos="IN">on</wf>
<wf cmd="ignore" pos="DT">the</wf>
<wf cmd="tag" pos="RB">back</wf>
<punc>.</punc>
</s>
<s snum="114">
<punc>``</punc>
<wf cmd="tag" pos="NNP">McLish</wf>
<punc>''</punc>
<punc>,</punc>
<wf cmd="ignore" pos="PRP">he</wf>
<wf cmd="done" pos="VB" lemma="say" wnsn="1" lexsn="2:32:00::">said</wf>
<wf cmd="ignore" pos="IN">as</wf>
<wf cmd="ignore" pos="PRP">he</wf>
<wf cmd="done" pos="VB" lemma="kick" wnsn="3" lexsn="2:35:00::">kicked</wf>
<wf cmd="ignore" pos="DT">the</wf>
<wf cmd="tag" pos="NN">horse</wf>
<wf cmd="ignore" pos="IN">into</wf>
<wf cmd="tag" pos="NN">motion</wf>
<punc>,</punc>
<punc>``</punc>
<wf cmd="ignore" pos="PRP">I</wf>
<wf cmd="ignore" pos="MD">'d</wf>
<wf cmd="done" pos="VB" lemma="be" wnsn="1" lexsn="2:42:03::">be</wf>
<wf cmd="ignore" pos="DT">a</wf>
<wf cmd="tag" pos="JJ">mighty</wf>
<wf cmd="tag" pos="JJ">sad</wf>
<wf cmd="tag" pos="NN">man</wf>
<wf cmd="ignore" pos="IN">if</wf>
<wf cmd="ignore" pos="PRP">we</wf>
<wf cmd="tag" pos="RB">never</wf>
<wf cmd="done" pos="VB" lemma="meet" wnsn="2" lexsn="2:41:01::">met</wf>
<wf cmd="tag" pos="RB">again</wf>
<punc>''</punc>
<punc>.</punc>
</s>
</p>
<p pnum="36">
<s snum="115">
<wf cmd="tag" pos="RB">Then</wf>
<wf cmd="ignore" pos="PRP">he</wf>
<wf cmd="done" pos="VB" lemma="be" wnsn="1" lexsn="2:42:03::">was</wf>
<wf cmd="done" pos="VB" ot="notag">on</wf>
<wf cmd="ignore" pos="PRP$">his</wf>
<wf cmd="tag" pos="NN">way</wf>
<wf cmd="ignore" pos="IN">at</wf>
<wf cmd="ignore" pos="DT">a</wf>
<wf cmd="tag" pos="NN">gallop</wf>
<punc>.</punc>
</s>
<s snum="116">
<wf cmd="tag" pos="NNP">Mike</wf>
<wf cmd="done" pos="VB" lemma="run" wnsn="1" lexsn="2:38:00::">ran</wf>
<wf cmd="tag" pos="RB">down</wf>
<wf cmd="ignore" pos="DT">the</wf>
<wf cmd="tag" pos="NN">line</wf>
<punc>,</punc>
<wf cmd="done" pos="VB" lemma="slash" wnsn="1" lexsn="2:35:01::">slashing</wf>
<wf cmd="tag" pos="NN">picket</wf>
<wf cmd="tag" pos="NNS">ropes</wf>
<wf cmd="ignore" pos="IN">with</wf>
<wf cmd="ignore" pos="DT">the</wf>
<wf cmd="tag" pos="NN">bayonet</wf>
<punc>.</punc>
</s>
<s snum="117">
<wf cmd="ignore" pos="PRP">He</wf>
<wf cmd="done" pos="VB" lemma="lift" wnsn="5" lexsn="2:32:02::">lifted</wf>
<wf cmd="ignore" pos="DT">a</wf>
<wf cmd="tag" pos="JJ">screeching</wf>
<wf cmd="tag" pos="NN">war_whoop</wf>
<punc>.</punc>
</s>
<s snum="118">
<wf cmd="ignore" pos="DT">That</wf>
<wf cmd="done" pos="VB" lemma="touch_off" wnsn="1" lexsn="2:36:00::">touched_off</wf>
<wf cmd="ignore" pos="DT">a</wf>
<wf cmd="tag" pos="JJ">total</wf>
<wf cmd="tag" pos="NN">stampede</wf>
<punc>.</punc>
</s>
<s snum="119">
<wf cmd="ignore" pos="PRP">He</wf>
<wf cmd="done" pos="VB" lemma="dart" wnsn="2" lexsn="2:38:00::">darted</wf>
<wf cmd="ignore" pos="IN">inside</wf>
<wf cmd="ignore" pos="DT">the</wf>
<wf cmd="tag" pos="NN">stockade</wf>
<wf cmd="ignore" pos="CC">and</wf>
<wf cmd="done" pos="VB" lemma="free" wnsn="1" lexsn="2:41:00::">freed</wf>
<wf cmd="ignore" pos="DT">the</wf>
<wf cmd="tag" pos="NNS">horses</wf>
<wf cmd="ignore" pos="EX">there</wf>
<punc>.</punc>
</s>
<s snum="120">
<wf cmd="ignore" pos="DT">These</wf>
<wf cmd="done" pos="VB" lemma="pour" wnsn="2" lexsn="2:38:00::">poured</wf>
<wf cmd="ignore" pos="IN">through</wf>
<wf cmd="ignore" pos="DT">the</wf>
<wf cmd="tag" pos="NN">gate</wf>
<wf cmd="ignore" pos="CC">and</wf>
<wf cmd="done" pos="VB" lemma="join" wnsn="1" lexsn="2:41:00::">joined</wf>
<wf cmd="ignore" pos="DT">the</wf>
<wf cmd="tag" pos="NN">flight</wf>
<punc>.</punc>
</s>
<s snum="121">
<wf cmd="ignore" pos="DT">The</wf>
<wf cmd="tag" pos="NNS">animals</wf>
<wf cmd="done" pos="VB" lemma="thunder" wnsn="1" lexsn="2:38:00::">thundered</wf>
<wf cmd="tag" pos="RB">away</wf>
<wf cmd="ignore" pos="IN">into</wf>
<wf cmd="ignore" pos="DT">the</wf>
<wf cmd="tag" pos="NN">moonlight</wf>
<punc>,</punc>
<wf cmd="done" pos="VB" lemma="head" wnsn="1" lexsn="2:38:00::">heading</wf>
<wf cmd="ignore" pos="IN">for</wf>
<wf cmd="ignore" pos="DT">the</wf>
<wf cmd="tag" pos="NNS">ridges</wf>
<punc>.</punc>
</s>
</p>
<p pnum="37">
<s snum="122">
<wf cmd="ignore" pos="DT">The</wf>
<wf cmd="tag" pos="NNS">guerrillas</wf>
<wf cmd="done" pos="VBD" ot="notag">were</wf>
<wf cmd="done" pos="VB" lemma="swarm" wnsn="2" lexsn="2:38:00::">swarming</wf>
<wf cmd="ignore" pos="IN">from</wf>
<wf cmd="ignore" pos="PRP$">their</wf>
<wf cmd="tag" pos="NN">bivouac</wf>
<wf cmd="ignore" pos="IN">at</wf>
<wf cmd="ignore" pos="DT">the</wf>
<wf cmd="tag" pos="NN">west_end</wf>
<wf cmd="ignore" pos="IN">of</wf>
<wf cmd="ignore" pos="DT">the</wf>
<wf cmd="tag" pos="NN">enclosure</wf>
<punc>.</punc>
</s>
</p>
<p pnum="38">
<s snum="123">
<punc>``</punc>
<punc>'</punc>
<wf cmd="tag" pos="NNP">Paches</wf>
<punc>''</punc>
<punc>!</punc>
</s>
<s snum="124">
<wf cmd="tag" pos="NNP">Mike</wf>
<wf cmd="done" pos="VB" lemma="yell" wnsn="1" lexsn="2:32:01::">yelled</wf>
<punc>.</punc>
</s>
<s snum="125">
<punc>``</punc>
<wf cmd="ignore" pos="PRP">They</wf>
<wf cmd="done" pos="VBP" ot="notag">'re</wf>
<wf cmd="done" rdf="stealing" pos="VB" lemma="steal" wnsn="1" lexsn="2:40:00::">stealin</wf>
<punc>'</punc>
<wf cmd="ignore" pos="DT">the</wf>
<wf cmd="tag" pos="NN">stock</wf>
<punc>''</punc>
<punc>!</punc>
</s>
</p>
<p pnum="39">
<s snum="126">
<wf cmd="ignore" pos="PRP">He</wf>
<wf cmd="done" pos="VB" lemma="scuttle" wnsn="1" lexsn="2:38:00::">scuttled</wf>
<wf cmd="ignore" pos="IN">in</wf>
<wf cmd="tag" pos="NN">shadow</wf>
<wf cmd="ignore" pos="IN">along</wf>
<wf cmd="ignore" pos="DT">the</wf>
<wf cmd="tag" pos="JJ">east</wf>
<wf cmd="tag" pos="NN">wall</wf>
<wf cmd="ignore" pos="IN">of</wf>
<wf cmd="ignore" pos="DT">the</wf>
<wf cmd="tag" pos="NN">stockade</wf>
<wf cmd="tag" pos="RB">and_then</wf>
<wf cmd="done" pos="VB" lemma="follow" wnsn="4" lexsn="2:38:01::">followed</wf>
<wf cmd="ignore" pos="DT">the</wf>
<wf cmd="tag" pos="JJ">south</wf>
<wf cmd="tag" pos="NN">wall</wf>
<wf cmd="ignore" pos="IN">until</wf>
<wf cmd="ignore" pos="PRP">he</wf>
<wf cmd="done" pos="VB" lemma="be" wnsn="3" lexsn="2:42:05::">was</wf>
<wf cmd="tag" pos="RB">at_the_rear</wf>
<wf cmd="ignore" pos="IN">of</wf>
<wf cmd="ignore" pos="DT">the</wf>
<wf cmd="tag" pos="CD">two</wf>
<wf cmd="tag" pos="NN">frame</wf>
<wf cmd="tag" pos="NNS">buildings</wf>
<punc>.</punc>
</s>
<s snum="127">
<wf cmd="ignore" pos="PRP">He</wf>
<wf cmd="done" pos="VB" lemma="crouch" wnsn="2" lexsn="2:35:00::">crouched</wf>
<wf cmd="ignore" pos="EX">there</wf>
<punc>.</punc>
</s>
</p>
<p pnum="40">
<s snum="128">
<wf cmd="ignore" pos="PRP$">His</wf>
<wf cmd="tag" pos="NN">shout</wf>
<wf cmd="done" pos="VBN" ot="notag">had</wf>
<wf cmd="done" pos="VBN" ot="notag">been</wf>
<wf cmd="done" pos="VB" lemma="take_up" wnsn="6" lexsn="2:40:00::">taken_up</wf>
<wf cmd="ignore" pos="CC">and</wf>
<wf cmd="done" pos="VB" lemma="repeat" wnsn="4" lexsn="2:32:01::">repeated</wf>
<punc>.</punc>
</s>
<s snum="129">
<wf cmd="ignore" pos="DT">The</wf>
<wf cmd="tag" pos="NNS">guerrillas</wf>
<wf cmd="done" pos="VB" ot="notag">were</wf>
<wf cmd="done" pos="VB" lemma="run" wnsn="1" lexsn="2:38:00::">running</wf>
<wf cmd="ignore" pos="IN">across</wf>
<wf cmd="ignore" pos="DT">the</wf>
<wf cmd="tag" pos="NN">parade_ground</wf>
<wf cmd="ignore" pos="CC">and</wf>
<wf cmd="ignore" pos="IN">through</wf>
<wf cmd="ignore" pos="DT">the</wf>
<wf cmd="tag" pos="JJ">rear</wf>
<wf cmd="tag" pos="NN">gate</wf>
<wf cmd="ignore" pos="IN">in</wf>
<wf cmd="ignore" pos="DT">the</wf>
<wf cmd="tag" pos="NN">wake</wf>
<wf cmd="ignore" pos="IN">of</wf>
<wf cmd="ignore" pos="DT">the</wf>
<wf cmd="tag" pos="JJ">departing</wf>
<wf cmd="tag" pos="NNS">horses</wf>
<punc>.</punc>
</s>
<s snum="130">
<wf cmd="ignore" pos="DT">All</wf>
<wf cmd="done" pos="VBD" ot="notag">were</wf>
<wf cmd="done" pos="VB" lemma="carry" wnsn="1" lexsn="2:35:02::">carrying</wf>
<wf cmd="tag" pos="NNS">guns</wf>
<wf cmd="ignore" pos="PRP">they</wf>
<wf cmd="done" pos="VBD" ot="notag">had</wf>
<wf cmd="done" pos="VB" lemma="seize" wnsn="1" lexsn="2:35:00::">seized</wf>
<wf cmd="tag" pos="RB">up</wf>
<punc>,</punc>
<wf cmd="ignore" pos="CC">but</wf>
<wf cmd="ignore" pos="PRP">they</wf>
<wf cmd="done" pos="VB" lemma="be" wnsn="1" lexsn="2:42:03::">were</wf>
<wf cmd="tag" pos="JJ">half-clad</wf>
<wf cmd="ignore" pos="CC">or</wf>
<wf cmd="tag" pos="RB">hardly</wf>
<wf cmd="tag" pos="JJ">clad</wf>
<wf cmd="tag" pos="RB">at_all</wf>
<punc>.</punc>
</s>
</p>
<p pnum="41">
<s snum="131">
<wf cmd="tag" pos="NNP">Durkin</wf>
<wf cmd="ignore" pos="CC">and</wf>
<wf cmd="tag" pos="NNP">Calhoun</wf>
<wf cmd="done" pos="VB" lemma="come" wnsn="1" lexsn="2:38:00::">came</wf>
<wf cmd="done" pos="VB" lemma="run" wnsn="1" lexsn="2:38:00::">running</wf>
<wf cmd="ignore" pos="IN">from</wf>
<wf cmd="ignore" pos="DT">the</wf>
<wf cmd="tag" pos="NN">post</wf>
<punc>.</punc>
</s>
<s snum="132">
<wf cmd="ignore" pos="PRP">They</wf>
<wf cmd="done" pos="VB" lemma="have" wnsn="1" lexsn="2:40:00::">had</wf>
<wf cmd="tag" pos="NNS">pistols</wf>
<wf cmd="ignore" pos="IN">in</wf>
<wf cmd="ignore" pos="PRP$">their</wf>
<wf cmd="tag" pos="NNS">hands</wf>
<punc>.</punc>
</s>
<s snum="133">
<wf cmd="ignore" pos="PRP">They</wf>
<wf cmd="done" pos="VB" lemma="bawl" wnsn="1" lexsn="2:32:00::">bawled</wf>
<wf cmd="tag" pos="NNS">questions</wf>
<wf cmd="ignore" pos="WDT">that</wf>
<wf cmd="done" pos="VBD" ot="notag">were</wf>
<wf cmd="tag" pos="RB">not</wf>
<wf cmd="done" pos="VB" lemma="answer" wnsn="1" lexsn="2:32:00::">answered</wf>
<wf cmd="ignore" pos="IN">in</wf>
<wf cmd="ignore" pos="DT">the</wf>
<wf cmd="tag" pos="NN">uproar</wf>
<punc>.</punc>
</s>
<s snum="134">
<wf cmd="ignore" pos="PRP">They</wf>
<wf cmd="done" pos="VB" lemma="follow" wnsn="1" lexsn="2:38:00::">followed</wf>
<wf cmd="ignore" pos="DT">the</wf>
<wf cmd="tag" pos="NNS">others</wf>
<wf cmd="tag" pos="RB">toward_the_east</wf>
<wf cmd="tag" pos="NN">gate</wf>
<punc>.</punc>
</s>
<s snum="135">
<wf cmd="ignore" pos="IN">Beyond</wf>
<wf cmd="ignore" pos="DT">the</wf>
<wf cmd="tag" pos="NN">stockade</wf>
<wf cmd="tag" pos="NNS">rifles</wf>
<wf cmd="done" pos="VB" lemma="begin" wnsn="1" lexsn="2:30:00::">began</wf>
<wf cmd="ignore" pos="TO">to</wf>
<wf cmd="done" pos="VB" lemma="explode" wnsn="0" lexsn="2:33:00::">explode</wf>
<wf cmd="ignore" pos="IN">as</wf>
<wf cmd="ignore" pos="DT">some</wf>
<wf cmd="ignore" pos="IN">of</wf>
<wf cmd="ignore" pos="DT">the</wf>
<wf cmd="tag" pos="NNS">guerrillas</wf>
<wf cmd="done" pos="VB" lemma="fire" wnsn="1" lexsn="2:33:01::">fired</wf>
<wf cmd="ignore" pos="IN">at</wf>
<wf cmd="tag" pos="NNS">shadows</wf>
<wf cmd="ignore" pos="IN">that</wf>
<wf cmd="ignore" pos="PRP">they</wf>
<wf cmd="done" pos="VB" lemma="imagine" wnsn="1" lexsn="2:36:00::">imagined</wf>
<wf cmd="done" pos="VB" lemma="be" wnsn="2" lexsn="2:42:06::">were</wf>
<wf cmd="tag" pos="NNPS">Apaches</wf>
<punc>.</punc>
</s>
</p>
<p pnum="42">
<s snum="136">
<wf cmd="tag" pos="NNP">Mike</wf>
<wf cmd="done" pos="VBD" ot="notag">made</wf>
<wf cmd="ignore" pos="DT">a</wf>
<wf cmd="tag" pos="NN">dash</wf>
<wf cmd="tag" pos="RB">to_the_rear</wf>
<wf cmd="ignore" pos="IN">of</wf>
<wf cmd="ignore" pos="DT">the</wf>
<wf cmd="tag" pos="NN">frame</wf>
<wf cmd="tag" pos="NNS">buildings</wf>
<punc>.</punc>
</s>
<s snum="137">
<wf cmd="ignore" pos="PRP">He</wf>
<wf cmd="done" pos="VB" lemma="crawl" wnsn="1" lexsn="2:38:00::">crawled</wf>
<wf cmd="ignore" pos="IN">beneath</wf>
<wf cmd="ignore" pos="DT">the</wf>
<wf cmd="tag" pos="CD">two</wf>
<wf cmd="tag" pos="NN">supply</wf>
<wf cmd="tag" pos="NNS">wagons</wf>
<wf cmd="ignore" pos="WDT">which</wf>
<wf cmd="done" pos="VB" lemma="stand" wnsn="1" lexsn="2:35:00::">stood</wf>
<wf cmd="ignore" pos="IN">between</wf>
<wf cmd="ignore" pos="DT">the</wf>
<wf cmd="tag" pos="NNS">buildings</wf>
<wf cmd="ignore" pos="CC">and</wf>
<wf cmd="done" pos="VB" lemma="peer" wnsn="1" lexsn="2:39:00::">peered</wf>
<wf cmd="ignore" pos="IN">around</wf>
<wf cmd="ignore" pos="DT">a</wf>
<wf cmd="tag" pos="NN">corner</wf>
<punc>.</punc>
</s>
<s snum="138">
<wf cmd="ignore" pos="DT">The</wf>
<wf cmd="tag" pos="NN">area</wf>
<wf cmd="done" pos="VB" lemma="be" wnsn="1" lexsn="2:42:03::">was</wf>
<wf cmd="tag" pos="JJ">deserted</wf>
<punc>.</punc>
</s>
<s snum="139">
<wf cmd="ignore" pos="DT">A</wf>
<wf cmd="tag" pos="NN">man</wf>
<wf cmd="done" pos="VB" ot="notag">was</wf>
<wf cmd="done" pos="VB" lemma="stand" wnsn="3" lexsn="2:42:03::">standing</wf>
<wf cmd="tag" pos="JJ">in_the_open</wf>
<wf cmd="tag" pos="NN">door</wf>
<wf cmd="ignore" pos="IN">of</wf>
<wf cmd="ignore" pos="DT">the</wf>
<wf cmd="tag" pos="JJ">lighted</wf>
<wf cmd="tag" pos="JJ">orderly</wf>
<wf cmd="tag" pos="NN">room</wf>
<wf cmd="tag" pos="JJ">a_few</wf>
<wf cmd="tag" pos="NNS">yards</wf>
<wf cmd="ignore" pos="TO">to</wf>
<wf cmd="tag" pos="NNP">Mike</wf>
<wf cmd="ignore" pos="POS">'s</wf>
<wf cmd="tag" pos="JJ">left</wf>
<punc>,</punc>
<wf cmd="ignore" pos="CC">but</wf>
<wf cmd="ignore" pos="PRP">he</wf>
<punc>,</punc>
<wf cmd="tag" pos="RB">too</wf>
<punc>,</punc>
<wf cmd="tag" pos="RB">suddenly</wf>
<wf cmd="done" rdf="make_up_one's_mind" pos="VB" lemma="make_up_one's_mind" wnsn="1" lexsn="2:31:00::">made_up_his_mind</wf>
<wf cmd="ignore" pos="CC">and</wf>
<wf cmd="done" pos="VB" lemma="go" wnsn="1" lexsn="2:38:00::">went</wf>
<wf cmd="done" pos="VB" lemma="race" wnsn="1" lexsn="2:38:00::">racing</wf>
<wf cmd="ignore" pos="TO">to</wf>
<wf cmd="done" pos="VB" lemma="join" wnsn="1" lexsn="2:41:00::">join</wf>
<wf cmd="ignore" pos="DT">the</wf>
<wf cmd="tag" pos="JJ">confused</wf>
<wf cmd="tag" pos="NN">activity</wf>
<wf cmd="ignore" pos="IN">at</wf>
<wf cmd="ignore" pos="DT">the</wf>
<wf cmd="tag" pos="JJ">east</wf>
<wf cmd="tag" pos="NN">end</wf>
<wf cmd="ignore" pos="IN">of</wf>
<wf cmd="ignore" pos="DT">the</wf>
<wf cmd="tag" pos="NN">stockade</wf>
<punc>.</punc>
</s>
</p>
<p pnum="43">
<s snum="140">
<wf cmd="tag" pos="NNP">Mike</wf>
<wf cmd="done" pos="VB" lemma="crawl" wnsn="1" lexsn="2:38:00::">crawled</wf>
<wf cmd="ignore" pos="TO">to</wf>
<wf cmd="ignore" pos="DT">the</wf>
<wf cmd="tag" pos="NN">door</wf>
<wf cmd="ignore" pos="CC">and</wf>
<wf cmd="done" pos="VB" lemma="peer" wnsn="1" lexsn="2:39:00::">peered</wf>
<wf cmd="tag" pos="RB">in</wf>
<punc>.</punc>
</s>
<s snum="141">
<wf cmd="ignore" pos="DT">The</wf>
<wf cmd="tag" pos="JJ">orderly</wf>
<wf cmd="tag" pos="NN">room</wf>
<wf cmd="done" pos="VB" lemma="seem" wnsn="1" lexsn="2:39:00::">seemed</wf>
<wf cmd="ignore" pos="TO">to</wf>
<wf cmd="done" pos="VB" lemma="be" wnsn="1" lexsn="2:42:03::">be</wf>
<wf cmd="tag" pos="JJ">deserted</wf>
<punc>.</punc>
</s>
<s snum="142">
<wf cmd="ignore" pos="DT">A</wf>
<wf cmd="tag" pos="NN">lantern</wf>
<wf cmd="done" pos="VB" lemma="hang" wnsn="1" lexsn="2:35:03::">hung</wf>
<wf cmd="ignore" pos="IN">from</wf>
<wf cmd="ignore" pos="DT">a</wf>
<wf cmd="tag" pos="NN">peg</wf>
<punc>,</punc>
<wf cmd="done" pos="VB" lemma="give" wnsn="2" lexsn="2:40:05::">giving</wf>
<wf cmd="tag" pos="NN">light</wf>
<punc>.</punc>
</s>
<s snum="143">
<wf cmd="done" pos="VB" lemma="duck" wnsn="2" lexsn="2:38:01::">Ducking</wf>
<wf cmd="tag" pos="RB">inside</wf>
<punc>,</punc>
<wf cmd="ignore" pos="PRP">he</wf>
<wf cmd="done" pos="VB" lemma="find" wnsn="8" lexsn="2:36:00::">found</wf>
<wf cmd="ignore" pos="IN">that</wf>
<wf cmd="tag" pos="CD">three</wf>
<wf cmd="tag" pos="NNS">rifles</wf>
<wf cmd="done" pos="VB" lemma="be" wnsn="3" lexsn="2:42:05::">were</wf>
<wf cmd="tag" pos="JJ">stacked</wf>
<wf cmd="ignore" pos="IN">in</wf>
<wf cmd="ignore" pos="DT">a</wf>
<wf cmd="tag" pos="NN">corner</wf>
<punc>.</punc>
</s>
<s snum="144">
<wf cmd="ignore" pos="DT">A</wf>
<wf cmd="tag" pos="NN">brace</wf>
<wf cmd="ignore" pos="IN">of</wf>
<wf cmd="tag" pos="NNS">pistols</wf>
<punc>,</punc>
<wf cmd="tag" pos="JJ">holstered</wf>
<wf cmd="ignore" pos="IN">on</wf>
<wf cmd="tag" pos="NNS">belts</wf>
<punc>,</punc>
<wf cmd="done" pos="VB" lemma="hang" wnsn="1" lexsn="2:35:03::">hung</wf>
<wf cmd="ignore" pos="IN">from</wf>
<wf cmd="ignore" pos="DT">a</wf>
<wf cmd="tag" pos="NN">peg</wf>
<punc>,</punc>
<wf cmd="ignore" pos="IN">along</wf>
<wf cmd="ignore" pos="IN">with</wf>
<wf cmd="tag" pos="NN">ammunition</wf>
<wf cmd="tag" pos="NNS">pouches</wf>
<punc>.</punc>
</s>
<s snum="145">
<wf cmd="ignore" pos="DT">An</wf>
<wf cmd="tag" pos="NN">ammunition</wf>
<wf cmd="tag" pos="NN">case</wf>
<wf cmd="done" pos="VB" lemma="stand" wnsn="2" lexsn="2:42:04::">stood</wf>
<wf cmd="tag" pos="JJ">open</wf>
<punc>,</punc>
<wf cmd="done" pos="VB" lemma="contain" wnsn="2" lexsn="2:42:13::">containing</wf>
<wf cmd="tag" pos="NNS">canisters</wf>
<wf cmd="ignore" pos="WDT">which</wf>
<wf cmd="done" pos="VB" lemma="contain" wnsn="2" lexsn="2:42:13::">contained</wf>
<wf cmd="tag" pos="NN">powder</wf>
<wf cmd="tag" pos="NNS">cartridges</wf>
<punc>.</punc>
</s>
</p>
<p pnum="44">
<s snum="146">
<wf cmd="tag" pos="NNP">Mike</wf>
<wf cmd="done" pos="VB" lemma="seize" wnsn="1" lexsn="2:35:00::">seized</wf>
<wf cmd="ignore" pos="DT">a</wf>
<wf cmd="tag" pos="NN">blanket</wf>
<wf cmd="ignore" pos="IN">from</wf>
<wf cmd="ignore" pos="DT">a</wf>
<wf cmd="tag" pos="NN">pallet</wf>
<wf cmd="ignore" pos="IN">in</wf>
<wf cmd="ignore" pos="DT">a</wf>
<wf cmd="tag" pos="NN">corner</wf>
<punc>,</punc>
<wf cmd="done" pos="VB" lemma="spread" wnsn="1" lexsn="2:35:00::">spread</wf>
<wf cmd="ignore" pos="PRP">it</wf>
<wf cmd="ignore" pos="IN">on</wf>
<wf cmd="ignore" pos="DT">the</wf>
<wf cmd="tag" pos="NN">floor</wf>
<wf cmd="ignore" pos="CC">and</wf>
<wf cmd="done" pos="VB" lemma="use" wnsn="1" lexsn="2:34:01::">used</wf>
<wf cmd="ignore" pos="PRP">it</wf>
<wf cmd="ignore" pos="TO">to</wf>
<wf cmd="done" pos="VB" lemma="form" wnsn="4" lexsn="2:30:01::">form</wf>
<wf cmd="ignore" pos="DT">a</wf>
<wf cmd="tag" pos="NN">bag</wf>
<wf cmd="tag" pos="RB">in_which</wf>
<wf cmd="ignore" pos="PRP">he</wf>
<wf cmd="done" pos="VB" lemma="place" wnsn="1" lexsn="2:35:00::">placed</wf>
<wf cmd="ignore" pos="PRP$">his</wf>
<wf cmd="tag" pos="NN">booty</wf>
<punc>.</punc>
</s>
</p>
<p pnum="45">
<s snum="147">
<wf cmd="done" pos="VB" lemma="shoulder" wnsn="1" lexsn="2:35:02::">Shouldering</wf>
<wf cmd="ignore" pos="DT">the</wf>
<wf cmd="tag" pos="NN">load</wf>
<wf cmd="ignore" pos="PRP">he</wf>
<wf cmd="done" pos="VB" lemma="peer" wnsn="1" lexsn="2:39:00::">peered</wf>
<wf cmd="ignore" pos="IN">from</wf>
<wf cmd="ignore" pos="DT">the</wf>
<wf cmd="tag" pos="NN">door</wf>
<punc>.</punc>
</s>
<s snum="148">
<wf cmd="ignore" pos="PRP$">His</wf>
<wf cmd="tag" pos="NN">looting</wf>
<wf cmd="ignore" pos="IN">of</wf>
<wf cmd="ignore" pos="DT">the</wf>
<wf cmd="tag" pos="JJ">orderly</wf>
<wf cmd="tag" pos="NN">room</wf>
<wf cmd="done" pos="VBD" ot="notag">had</wf>
<wf cmd="done" pos="VB" lemma="take" wnsn="2" lexsn="2:40:06::">taken</wf>
<wf cmd="tag" pos="RB">only</wf>
<wf cmd="ignore" pos="DT">a</wf>
<wf cmd="tag" pos="NN">minute</wf>
<wf cmd="ignore" pos="CC">or</wf>
<wf cmd="tag" pos="CD">two</wf>
<wf cmd="ignore" pos="CC">and</wf>
<wf cmd="ignore" pos="DT">the</wf>
<wf cmd="tag" pos="NN">vicinity</wf>
<wf cmd="done" pos="VB" lemma="be" wnsn="1" lexsn="2:42:03::">was</wf>
<wf cmd="tag" pos="RB">still</wf>
<wf cmd="tag" pos="JJ">clear</wf>
<wf cmd="ignore" pos="IN">of</wf>
<wf cmd="tag" pos="NNS">guerrillas</wf>
<punc>.</punc>
</s>
</p>
<p pnum="46">
<s snum="149">
<wf cmd="ignore" pos="PRP">He</wf>
<wf cmd="done" pos="VB" lemma="look" wnsn="1" lexsn="2:39:00::">looked</wf>
<wf cmd="done" pos="VB" ot="notag">at</wf>
<wf cmd="ignore" pos="DT">the</wf>
<wf cmd="tag" pos="JJ">looming</wf>
<wf cmd="tag" pos="NNS">hoods</wf>
<wf cmd="ignore" pos="IN">of</wf>
<wf cmd="ignore" pos="DT">the</wf>
<wf cmd="tag" pos="NN">supply</wf>
<wf cmd="tag" pos="NNS">wagons</wf>
<punc>,</punc>
<wf cmd="done" pos="VB" lemma="strike" wnsn="2" lexsn="2:37:00::">struck</wf>
<wf cmd="ignore" pos="IN">by</wf>
<wf cmd="ignore" pos="DT">a</wf>
<wf cmd="tag" pos="JJ">new</wf>
<wf cmd="tag" pos="NN">inspiration</wf>
<punc>.</punc>
</s>
<s snum="150">
<wf cmd="ignore" pos="PRP">He</wf>
<wf cmd="done" rdf="set_down" pos="VB" lemma="set_down" wnsn="4" lexsn="2:35:02::">set</wf>
<wf cmd="ignore" pos="PRP$">his</wf>
<wf cmd="tag" pos="NN">bundle</wf>
<wf cmd="tag" pos="RB">down</wf>
<punc>.</punc>
</s>
<s snum="151">
<wf cmd="done" pos="VB" lemma="snatch" wnsn="1" lexsn="2:35:00::">Snatching</wf>
<wf cmd="ignore" pos="DT">the</wf>
<wf cmd="tag" pos="NN">lantern</wf>
<wf cmd="ignore" pos="IN">from</wf>
<wf cmd="ignore" pos="PRP$">its</wf>
<wf cmd="tag" pos="NN">peg</wf>
<punc>,</punc>
<wf cmd="ignore" pos="PRP">he</wf>
<wf cmd="done" pos="VB" lemma="shatter" wnsn="1" lexsn="2:30:00::">shattered</wf>
<wf cmd="ignore" pos="PRP$">its</wf>
<wf cmd="tag" pos="NN">globe</wf>
<wf cmd="ignore" pos="IN">with</wf>
<wf cmd="ignore" pos="DT">a</wf>
<wf cmd="tag" pos="NN">blow</wf>
<wf cmd="ignore" pos="IN">against</wf>
<wf cmd="ignore" pos="DT">a</wf>
<wf cmd="tag" pos="NN">post</wf>
<punc>.</punc>
</s>
<s snum="152">
<wf cmd="ignore" pos="PRP">He</wf>
<wf cmd="done" pos="VB" lemma="pick_up" wnsn="2" lexsn="2:35:01::">picked_up</wf>
<wf cmd="ignore" pos="DT">the</wf>
<wf cmd="tag" pos="NN">powder</wf>
<wf cmd="tag" pos="NN">canister</wf>
<wf cmd="ignore" pos="CC">and</wf>
<wf cmd="done" pos="VB" lemma="run_out" wnsn="3" lexsn="2:38:02::">ran_out</wf>
<punc>.</punc>
</s>
<s snum="153">
<wf cmd="done" pos="VB" lemma="burst" wnsn="1" lexsn="2:30:00::">Bursting</wf>
<wf cmd="tag" pos="NN">paper</wf>
<wf cmd="tag" pos="NNS">cartridges</wf>
<punc>,</punc>
<wf cmd="ignore" pos="PRP">he</wf>
<wf cmd="done" pos="VB" lemma="scatter" wnsn="3" lexsn="2:35:00::">scattered</wf>
<wf cmd="tag" pos="NN">powder</wf>
<wf cmd="ignore" pos="IN">beneath</wf>
<wf cmd="ignore" pos="DT">the</wf>
<wf cmd="tag" pos="JJS">nearest</wf>
<wf cmd="tag" pos="NN">wagon</wf>
<wf cmd="ignore" pos="CC">and</wf>
<wf cmd="done" pos="VB" lemma="dump" wnsn="1" lexsn="2:40:00::">dumped</wf>
<wf cmd="ignore" pos="DT">the</wf>
<wf cmd="tag" pos="NNS">contents</wf>
<wf cmd="ignore" pos="IN">of</wf>
<wf cmd="ignore" pos="DT">the</wf>
<wf cmd="tag" pos="NN">canister</wf>
<wf cmd="ignore" pos="IN">upon</wf>
<wf cmd="ignore" pos="PRP">it</wf>
<punc>.</punc>
</s>
</p>
<p pnum="47">
<s snum="154">
<wf cmd="ignore" pos="PRP">He</wf>
<wf cmd="done" pos="VB" lemma="shoulder" wnsn="1" lexsn="2:35:02::">shouldered</wf>
<wf cmd="ignore" pos="DT">the</wf>
<wf cmd="tag" pos="NN">blanket</wf>
<wf cmd="tag" pos="RB">again</wf>
<punc>,</punc>
<wf cmd="done" pos="VB" lemma="back_off" wnsn="1" lexsn="2:38:00::">backed_off</wf>
<punc>,</punc>
<wf cmd="ignore" pos="CC">and</wf>
<wf cmd="done" pos="VB" lemma="toss" wnsn="1" lexsn="2:35:04::">tossed</wf>
<wf cmd="ignore" pos="DT">the</wf>
<wf cmd="tag" pos="NN">lantern</wf>
<wf cmd="ignore" pos="IN">with</wf>
<wf cmd="ignore" pos="PRP$">its</wf>
<wf cmd="tag" pos="JJ">open</wf>
<wf cmd="tag" pos="NN">wick</wf>
<wf cmd="ignore" pos="IN">beneath</wf>
<wf cmd="ignore" pos="DT">the</wf>
<wf cmd="tag" pos="NN">wagon</wf>
<punc>.</punc>
</s>
<s snum="155">
<wf cmd="ignore" pos="PRP">He</wf>
<wf cmd="done" pos="VB" lemma="turn" wnsn="1" lexsn="2:38:00::">turned</wf>
<wf cmd="ignore" pos="CC">and</wf>
<wf cmd="done" pos="VB" lemma="race" wnsn="1" lexsn="2:38:00::">raced</wf>
<wf cmd="ignore" pos="IN">across</wf>
<wf cmd="ignore" pos="DT">the</wf>
<wf cmd="tag" pos="NN">parade_ground</wf>
<wf cmd="ignore" pos="IN">toward</wf>
<wf cmd="ignore" pos="DT">the</wf>
<wf cmd="tag" pos="NN">rock</wf>
<wf cmd="tag" pos="NN">house</wf>
<punc>.</punc>
</s>
</p>
<p pnum="48">
<s snum="156">
<wf cmd="tag" pos="NNP">Powder</wf>
<wf cmd="tag" pos="NN">flame</wf>
<wf cmd="done" pos="VB" lemma="gush" wnsn="1" lexsn="2:38:00::">gushed</wf>
<wf cmd="ignore" pos="IN">beneath</wf>
<wf cmd="ignore" pos="DT">the</wf>
<wf cmd="tag" pos="NN">wagon</wf>
<punc>.</punc>
</s>
<s snum="157">
<wf cmd="ignore" pos="DT">The</wf>
<wf cmd="tag" pos="NN">stockade</wf>
<wf cmd="done" pos="VB" lemma="be" wnsn="1" lexsn="2:42:03::">was</wf>
<wf cmd="tag" pos="RB">brilliantly</wf>
<wf cmd="tag" pos="JJ">lighted</wf>
<wf cmd="ignore" pos="CC">and</wf>
<wf cmd="ignore" pos="DT">the</wf>
<wf cmd="tag" pos="NNS">guerrillas</wf>
<wf cmd="done" pos="VB" lemma="sight" wnsn="1" lexsn="2:39:00::">sighted</wf>
<wf cmd="ignore" pos="PRP">him</wf>
<punc>.</punc>
</s>
<s snum="158">
<wf cmd="ignore" pos="PRP">They</wf>
<wf cmd="done" pos="VB" lemma="realize" wnsn="2" lexsn="2:31:00::">realized</wf>
<wf cmd="ignore" pos="DT">the</wf>
<wf cmd="tag" pos="NN">truth</wf>
<punc>.</punc>
</s>
<s snum="159">
<wf cmd="tag" pos="NNS">Bullets</wf>
<wf cmd="done" pos="VB" lemma="begin" wnsn="1" lexsn="2:30:00::">began</wf>
<wf cmd="ignore" pos="TO">to</wf>
<wf cmd="done" pos="VB" lemma="snap" wnsn="7" lexsn="2:38:01::">snap</wf>
<wf cmd="tag" pos="JJ">past</wf>
<wf cmd="ignore" pos="PRP">him</wf>
<punc>.</punc>
</s>
<s snum="160">
<wf cmd="tag" pos="CD">One</wf>
<wf cmd="done" pos="VB" lemma="strike" wnsn="3" lexsn="2:35:01::">struck</wf>
<wf cmd="ignore" pos="DT">the</wf>
<wf cmd="tag" pos="NN">muzzle</wf>
<wf cmd="ignore" pos="IN">of</wf>
<wf cmd="tag" pos="CD">one</wf>
<wf cmd="ignore" pos="IN">of</wf>
<wf cmd="ignore" pos="DT">the</wf>
<wf cmd="tag" pos="NNS">rifles</wf>
<wf cmd="ignore" pos="WDT">that</wf>
<wf cmd="done" pos="VB" lemma="project" wnsn="2" lexsn="2:42:00::">projected</wf>
<wf cmd="ignore" pos="IN">from</wf>
<wf cmd="ignore" pos="DT">the</wf>
<wf cmd="tag" pos="NN">shoulder</wf>
<wf cmd="tag" pos="NN">pack</wf>
<punc>.</punc>
</s>
<s snum="161">
<wf cmd="ignore" pos="PRP$">Its</wf>
<wf cmd="tag" pos="NN">force</wf>
<wf cmd="done" pos="VB" lemma="spin" wnsn="1" lexsn="2:38:01::">spun</wf>
<wf cmd="ignore" pos="PRP">him</wf>
<wf cmd="tag" pos="RB">around</wf>
<punc>,</punc>
<wf cmd="ignore" pos="CC">but</wf>
<wf cmd="ignore" pos="PRP">he</wf>
<wf cmd="done" pos="VB" lemma="recover" wnsn="3" lexsn="2:30:00::">recovered</wf>
<wf cmd="ignore" pos="CC">and</wf>
<wf cmd="done" pos="VB" lemma="get" wnsn="2" lexsn="2:30:00::">got</wf>
<wf cmd="done" pos="VB" ot="notag">into</wf>
<wf cmd="tag" pos="NN">stride</wf>
<wf cmd="tag" pos="RB">again</wf>
<punc>.</punc>
</s>
</p>
<p pnum="49">
<s snum="162">
<wf cmd="ignore" pos="DT">A</wf>
<wf cmd="tag" pos="NN">bullet</wf>
<wf cmd="done" pos="VB" lemma="tear" wnsn="2" lexsn="2:35:01::">tore</wf>
<wf cmd="ignore" pos="DT">the</wf>
<wf cmd="tag" pos="NN">earth</wf>
<wf cmd="ignore" pos="IN">from</wf>
<wf cmd="ignore" pos="IN">beneath</wf>
<wf cmd="ignore" pos="PRP$">his</wf>
<wf cmd="tag" pos="NN">foot</wf>
<wf cmd="ignore" pos="WRB">when</wf>
<wf cmd="ignore" pos="PRP">he</wf>
<wf cmd="done" pos="VB" lemma="be" wnsn="1" lexsn="2:42:03::">was</wf>
<wf cmd="ignore" pos="DT">a</wf>
<wf cmd="tag" pos="NN">stride</wf>
<wf cmd="ignore" pos="CC">or</wf>
<wf cmd="tag" pos="CD">two</wf>
<wf cmd="ignore" pos="IN">from</wf>
<wf cmd="tag" pos="NN">safety</wf>
<punc>.</punc>
</s>
<s snum="163">
<wf cmd="ignore" pos="DT">Another</wf>
<wf cmd="done" pos="VB" lemma="strike" wnsn="3" lexsn="2:35:01::">struck</wf>
<wf cmd="ignore" pos="PRP">him</wf>
<wf cmd="tag" pos="RB">heavily</wf>
<wf cmd="ignore" pos="IN">in</wf>
<wf cmd="ignore" pos="DT">the</wf>
<wf cmd="tag" pos="NN">thigh</wf>
<wf cmd="ignore" pos="CC">and</wf>
<wf cmd="ignore" pos="PRP">he</wf>
<wf cmd="done" pos="VB" lemma="go_down" wnsn="1" lexsn="2:38:02::">went_down</wf>
<punc>.</punc>
</s>
</p>
<p pnum="50">
<s snum="164">
<wf cmd="tag" pos="NNS">Guerrillas</wf>
<wf cmd="done" pos="VBD" ot="notag">were</wf>
<wf cmd="done" pos="VB" lemma="race" wnsn="1" lexsn="2:38:00::">racing</wf>
<wf cmd="ignore" pos="IN">toward</wf>
<wf cmd="ignore" pos="PRP">him</wf>
<punc>.</punc>
</s>
<s snum="165">
<wf cmd="tag" pos="NNP">Susan</wf>
<wf cmd="ignore" pos="CC">and</wf>
<wf cmd="tag" pos="NNP">Julia</wf>
<wf cmd="done" pos="VB" lemma="come" wnsn="1" lexsn="2:38:00::">came</wf>
<wf cmd="done" pos="VB" ot="notag">from</wf>
<wf cmd="ignore" pos="DT">the</wf>
<wf cmd="tag" pos="NN">door</wf>
<wf cmd="ignore" pos="CC">and</wf>
<wf cmd="done" pos="VB" lemma="drag" wnsn="1" lexsn="2:35:00::">dragged</wf>
<wf cmd="ignore" pos="PRP">him</wf>
<wf cmd="ignore" pos="IN">with</wf>
<wf cmd="ignore" pos="PRP">them</wf>
<punc>.</punc>
</s>
<s snum="166">
<wf cmd="ignore" pos="DT">The</wf>
<wf cmd="tag" pos="CD">three</wf>
<wf cmd="ignore" pos="IN">of</wf>
<wf cmd="ignore" pos="PRP">them</wf>
<wf cmd="done" pos="VB" lemma="flounder" wnsn="1" lexsn="2:38:00::">floundered</wf>
<wf cmd="ignore" pos="IN">through</wf>
<wf cmd="ignore" pos="DT">the</wf>
<wf cmd="tag" pos="NN">door</wf>
<wf cmd="tag" pos="RB">into_the_interior</wf>
<wf cmd="ignore" pos="CC">and</wf>
<wf cmd="done" pos="VB" lemma="fall" wnsn="1" lexsn="2:38:03::">fell</wf>
<wf cmd="done" pos="VB" ot="notag">in</wf>
<wf cmd="ignore" pos="DT">a</wf>
<wf cmd="tag" pos="NN">heap</wf>
<punc>.</punc>
</s>
</p>
<p pnum="51">
<s snum="167">
<wf cmd="tag" pos="NNP">Susan</wf>
<wf cmd="done" pos="VB" lemma="bounce" wnsn="5" lexsn="2:38:01::">bounced</wf>
<wf cmd="ignore" pos="TO">to</wf>
<wf cmd="ignore" pos="PRP$">her</wf>
<wf cmd="tag" pos="NNS">feet</wf>
<wf cmd="ignore" pos="CC">and</wf>
<wf cmd="done" pos="VB" lemma="slam" wnsn="1" lexsn="2:35:01::">slammed</wf>
<wf cmd="ignore" pos="DT">the</wf>
<wf cmd="tag" pos="NN">door</wf>
<punc>.</punc>
</s>
<s snum="168">
<wf cmd="ignore" pos="PRP">She</wf>
<wf cmd="done" pos="VB" lemma="crouch" wnsn="1" lexsn="2:38:00::">crouched</wf>
<wf cmd="tag" pos="RB">aside</wf>
<wf cmd="ignore" pos="IN">as</wf>
<wf cmd="tag" pos="NNS">bullets</wf>
<wf cmd="done" pos="VB" lemma="beat" wnsn="3" lexsn="2:35:00::">beat</wf>
<wf cmd="ignore" pos="IN">at</wf>
<wf cmd="ignore" pos="DT">the</wf>
<wf cmd="tag" pos="NN">portal</wf>
<punc>,</punc>
<wf cmd="done" pos="VBG" ot="metaphor">chewing</wf>
<wf cmd="ignore" pos="IN">into</wf>
<wf cmd="ignore" pos="DT">the</wf>
<wf cmd="tag" pos="NNS">planks</wf>
<punc>.</punc>
</s>
<s snum="169">
<wf cmd="ignore" pos="DT">Some</wf>
<wf cmd="done" pos="VB" lemma="tear" wnsn="1" lexsn="2:35:00::">tore</wf>
<wf cmd="tag" pos="RB">entirely</wf>
<wf cmd="ignore" pos="IN">through</wf>
<wf cmd="ignore" pos="DT">the</wf>
<wf cmd="tag" pos="JJ">whipsawed</wf>
<wf cmd="tag" pos="NN">post_oak</wf>
<punc>.</punc>
</s>
<s snum="170">
<wf cmd="ignore" pos="DT">The</wf>
<wf cmd="tag" pos="NN">iron</wf>
<wf cmd="tag" pos="NNS">hinges</wf>
<wf cmd="done" pos="VB" lemma="hold" wnsn="13" lexsn="2:42:01::">held</wf>
<punc>,</punc>
<wf cmd="ignore" pos="CC">but</wf>
<wf cmd="ignore" pos="DT">the</wf>
<wf cmd="tag" pos="NNS">planks</wf>
<wf cmd="done" pos="VB" lemma="be" wnsn="1" lexsn="2:42:03::">were</wf>
<wf cmd="ignore" pos="IN">in</wf>
<wf cmd="tag" pos="NN">danger</wf>
<wf cmd="ignore" pos="IN">of</wf>
<wf cmd="done" pos="VBG" ot="notag">being</wf>
<wf cmd="done" pos="VB" lemma="tear" wnsn="2" lexsn="2:35:01::">torn</wf>
<wf cmd="ignore" pos="IN">from</wf>
<wf cmd="ignore" pos="DT">the</wf>
<wf cmd="tag" pos="NNS">crossbars</wf>
<punc>.</punc>
</s>
</p>
<p pnum="52">
<s snum="171">
<wf cmd="tag" pos="NN">mike</wf>
<wf cmd="done" pos="VB" lemma="roll" wnsn="1" lexsn="2:38:00::">rolled</wf>
<wf cmd="ignore" pos="TO">to</wf>
<wf cmd="tag" pos="NNP">Susan</wf>
<punc>,</punc>
<wf cmd="done" pos="VB" lemma="grasp" wnsn="1" lexsn="2:35:00::">grasped</wf>
<wf cmd="ignore" pos="PRP">her</wf>
<wf cmd="ignore" pos="IN">around</wf>
<wf cmd="ignore" pos="DT">the</wf>
<wf cmd="tag" pos="NNS">knees</wf>
<punc>,</punc>
<wf cmd="done" pos="VB" lemma="drag" wnsn="1" lexsn="2:35:00::">dragging</wf>
<wf cmd="ignore" pos="PRP">her</wf>
<wf cmd="ignore" pos="IN">off</wf>
<wf cmd="ignore" pos="PRP$">her</wf>
<wf cmd="tag" pos="NNS">feet</wf>
<punc>.</punc>
</s>
<s snum="172">
<wf cmd="ignore" pos="PRP">He</wf>
<wf cmd="done" pos="VB" lemma="hover" wnsn="2" lexsn="2:42:01::">hovered</wf>
<wf cmd="ignore" pos="IN">over</wf>
<wf cmd="ignore" pos="PRP">her</wf>
<wf cmd="ignore" pos="TO">to</wf>
<wf cmd="done" pos="VB" lemma="shield" wnsn="1" lexsn="2:33:00::">shield</wf>
<wf cmd="ignore" pos="PRP$">her</wf>
<punc>,</punc>
<wf cmd="ignore" pos="IN">for</wf>
<wf cmd="tag" pos="JJ">spent</wf>
<wf cmd="tag" pos="NNS">bullets</wf>
<wf cmd="done" pos="VBD" ot="notag">were</wf>
<wf cmd="done" pos="VB" lemma="thud" wnsn="2" lexsn="2:35:00::">thudding</wf>
<wf cmd="ignore" pos="IN">against</wf>
<wf cmd="ignore" pos="DT">the</wf>
<wf cmd="tag" pos="JJ">rear</wf>
<wf cmd="tag" pos="NNS">walls</wf>
<punc>.</punc>
</s>
</p>
<p pnum="53">
<s snum="173">
<wf cmd="ignore" pos="PRP">He</wf>
<wf cmd="done" pos="VB" lemma="peer" wnsn="1" lexsn="2:39:00::">peered</wf>
<wf cmd="ignore" pos="IN">from</wf>
<wf cmd="ignore" pos="DT">a</wf>
<wf cmd="tag" pos="NN">loophole</wf>
<punc>.</punc>
</s>
<s snum="174">
<wf cmd="tag" pos="NNS">Guerrillas</wf>
<wf cmd="done" pos="VB" lemma="be" wnsn="3" lexsn="2:42:05::">were</wf>
<wf cmd="tag" pos="RB">only</wf>
<wf cmd="ignore" pos="DT">a</wf>
<wf cmd="tag" pos="NN">dozen</wf>
<wf cmd="tag" pos="NNS">yards</wf>
<wf cmd="tag" pos="RB">away</wf>
<punc>,</punc>
<wf cmd="done" pos="VB" lemma="charge" wnsn="1" lexsn="2:33:00::">charging</wf>
<wf cmd="ignore" pos="DT">the</wf>
<wf cmd="tag" pos="NN">house</wf>
<punc>.</punc>
</s>
<s snum="175">
<wf cmd="tag" pos="NNP">Mike</wf>
<wf cmd="done" pos="VB" lemma="snatch" wnsn="1" lexsn="2:35:00::">snatched</wf>
<wf cmd="ignore" pos="DT">a</wf>
<wf cmd="tag" pos="NN">pistol</wf>
<wf cmd="ignore" pos="IN">from</wf>
<wf cmd="ignore" pos="DT">the</wf>
<wf cmd="tag" pos="NN">heap</wf>
<wf cmd="ignore" pos="IN">of</wf>
<wf cmd="tag" pos="JJ">scattered</wf>
<wf cmd="tag" pos="NN">booty</wf>
<wf cmd="ignore" pos="CC">and</wf>
<wf cmd="done" pos="VB" lemma="fire" wnsn="1" lexsn="2:33:01::">fired</wf>
<punc>.</punc>
</s>
<s snum="176">
<wf cmd="ignore" pos="PRP">He</wf>
<wf cmd="done" pos="VB" lemma="drop" wnsn="9" lexsn="2:35:03::">dropped</wf>
<wf cmd="ignore" pos="DT">a</wf>
<wf cmd="tag" pos="NN">man</wf>
<wf cmd="ignore" pos="IN">with</wf>
<wf cmd="ignore" pos="DT">the</wf>
<wf cmd="tag" pos="JJ">first</wf>
<wf cmd="tag" pos="NN">bullet</wf>
<punc>.</punc>
</s>
<s snum="177">
<wf cmd="ignore" pos="IN">At</wf>
<wf cmd="ignore" pos="DT">the</wf>
<wf cmd="tag" pos="JJ">same</wf>
<wf cmd="tag" pos="NN">moment</wf>
<wf cmd="tag" pos="NNP">Wheeler_Fiske</wf>
<wf cmd="done" pos="VB" lemma="fire" wnsn="2" lexsn="2:33:00::">fired</wf>
<wf cmd="ignore" pos="DT">the</wf>
<wf cmd="tag" pos="NN">rifle</wf>
<wf cmd="tag" pos="NNP">Mike</wf>
<wf cmd="done" pos="VBD" ot="notag">had</wf>
<wf cmd="done" pos="VB" lemma="give" wnsn="3" lexsn="2:40:00::">given</wf>
<wf cmd="ignore" pos="PRP">him</wf>
<wf cmd="ignore" pos="CC">and</wf>
<wf cmd="ignore" pos="DT">another</wf>
<wf cmd="tag" pos="NN">guerrilla</wf>
<wf cmd="done" pos="VBD" ot="notag">was</wf>
<wf cmd="done" pos="VB" lemma="hit" wnsn="6" lexsn="2:33:01::">hit</wf>
<punc>.</punc>
</s>
<s snum="178">
<wf cmd="ignore" pos="DT">That</wf>
<wf cmd="done" pos="VB" lemma="halt" wnsn="1" lexsn="2:38:05::">halted</wf>
<wf cmd="ignore" pos="DT">the</wf>
<wf cmd="tag" pos="NN">rush</wf>
<punc>.</punc>
</s>
<s snum="179">
<wf cmd="ignore" pos="DT">The</wf>
<wf cmd="tag" pos="NNS">guerrillas</wf>
<wf cmd="done" pos="VB" lemma="scatter" wnsn="2" lexsn="2:38:00::">scattered</wf>
<wf cmd="ignore" pos="IN">for</wf>
<wf cmd="tag" pos="NN">cover</wf>
<punc>.</punc>
</s>
</p>
<p pnum="54">
<s snum="180">
<wf cmd="ignore" pos="DT">The</wf>
<wf cmd="tag" pos="NNS">wagons</wf>
<wf cmd="done" pos="VBD" ot="notag">were</wf>
<wf cmd="done" pos="VB" lemma="burn" wnsn="3" lexsn="2:30:00::">burning</wf>
<wf cmd="tag" pos="RB">fiercely</wf>
<punc>.</punc>
</s>
<s snum="181">
<wf cmd="ignore" pos="DT">The</wf>
<wf cmd="tag" pos="NN">mudwagon</wf>
<wf cmd="done" pos="VBD" ot="notag">had</wf>
<wf cmd="done" pos="VB" lemma="catch_fire" wnsn="1" lexsn="2:43:00::">caught_fire</wf>
<wf cmd="tag" pos="RB">also</wf>
<punc>.</punc>
</s>
<s snum="182">
<wf cmd="ignore" pos="DT">The</wf>
<wf cmd="tag" pos="NN">blaze</wf>
<wf cmd="done" pos="VBD" ot="notag">was</wf>
<wf cmd="done" pos="VB" lemma="spread" wnsn="8" lexsn="2:38:02::">spreading</wf>
<wf cmd="ignore" pos="TO">to</wf>
<wf cmd="ignore" pos="DT">the</wf>
<wf cmd="tag" pos="NN">frame</wf>
<wf cmd="tag" pos="NNS">buildings</wf>
<punc>.</punc>
</s>
</p>
<p pnum="55">
<s snum="183">
<wf cmd="ignore" pos="DT">The</wf>
<wf cmd="tag" pos="NNS">guerrillas</wf>
<wf cmd="done" pos="VB" lemma="realize" wnsn="2" lexsn="2:31:00::">realized</wf>
<wf cmd="ignore" pos="PRP">they</wf>
<wf cmd="done" pos="VB" lemma="face" wnsn="1" lexsn="2:32:00::">faced</wf>
<wf cmd="ignore" pos="DT">a</wf>
<wf cmd="tag" pos="JJ">new</wf>
<wf cmd="tag" pos="NN">problem</wf>
<punc>.</punc>
</s>
<s snum="184">
<punc>``</punc>
<wf cmd="ignore" pos="UH">Gawdamighty</wf>
<punc>''</punc>
<punc>!</punc>
<wf cmd="tag" pos="CD">one</wf>
<wf cmd="done" pos="VB" lemma="screech" wnsn="0" lexsn="2:32:00::">screeched</wf>
<punc>.</punc>
</s>
<s snum="185">
<punc>``</punc>
<wf cmd="ignore" pos="EX">There</wf>
<wf cmd="done" pos="VB" lemma="go" wnsn="1" lexsn="2:38:00::">goes</wf>
<wf cmd="ignore" pos="PRP$">our</wf>
<wf cmd="tag" pos="NN">grub</wf>
<wf cmd="ignore" pos="DT">an</wf>
<punc>'</punc>
<wf cmd="tag" pos="NN">ammunition</wf>
<punc>''</punc>
<punc>!</punc>
</s>
</p>
<p pnum="56">
<s snum="186">
<punc>``</punc>
<wf cmd="done" pos="VB" lemma="get" wnsn="3" lexsn="2:30:02::">Get</wf>
<wf cmd="ignore" pos="DT">a</wf>
<wf cmd="tag" pos="NN">bucket</wf>
<wf cmd="tag" pos="NN">line</wf>
<wf cmd="done" pos="VB" lemma="go" wnsn="12" lexsn="2:35:00::">going</wf>
<punc>''</punc>
<punc>!</punc>
</s>
<s snum="187">
<wf cmd="tag" pos="NNP">Calhoun</wf>
<wf cmd="done" pos="VB" lemma="shout" wnsn="1" lexsn="2:32:00::">shouted</wf>
<punc>.</punc>
</s>
<s snum="188">
<punc>``</punc>
<wf cmd="done" pos="VB" lemma="hurry" wnsn="2" lexsn="2:30:00::">Hurry</wf>
<punc>!</punc>
</s>
<s snum="189">
<wf cmd="done" pos="VB" lemma="hurry" wnsn="2" lexsn="2:30:00::">Hurry</wf>
<punc>''</punc>
<punc>!</punc>
</s>
</p>
<p pnum="57">
<s snum="190">
<wf cmd="ignore" pos="DT">The</wf>
<wf cmd="tag" pos="NNS">guerrillas</wf>
<wf cmd="done" pos="VB" lemma="begin" wnsn="3" lexsn="2:30:01::">began</wf>
<wf cmd="ignore" pos="DT">a</wf>
<wf cmd="tag" pos="JJ">frantic</wf>
<wf cmd="tag" pos="NN">search</wf>
<wf cmd="ignore" pos="IN">for</wf>
<wf cmd="tag" pos="NNS">pails</wf>
<wf cmd="tag" pos="RB">in_which</wf>
<wf cmd="ignore" pos="TO">to</wf>
<wf cmd="done" pos="VB" lemma="bring" wnsn="4" lexsn="2:35:00::">bring</wf>
<wf cmd="tag" pos="NN">water</wf>
<wf cmd="ignore" pos="IN">from</wf>
<wf cmd="ignore" pos="DT">the</wf>
<wf cmd="tag" pos="NN">spring</wf>
<punc>.</punc>
</s>
<s snum="191">
<wf cmd="ignore" pos="CC">But</wf>
<wf cmd="ignore" pos="WP">what</wf>
<wf cmd="tag" pos="JJ">few</wf>
<wf cmd="tag" pos="NNS">containers</wf>
<wf cmd="ignore" pos="PRP">they</wf>
<wf cmd="done" pos="VB" lemma="find" wnsn="7" lexsn="2:40:01::">found</wf>
<wf cmd="done" pos="VB" lemma="be" wnsn="1" lexsn="2:42:03::">were</wf>
<wf cmd="tag" pos="JJ">inadequate</wf>
<punc>.</punc>
</s>
<s snum="192">
<wf cmd="tag" pos="JJ">Many_of</wf>
<wf cmd="ignore" pos="PRP">them</wf>
<punc>,</punc>
<wf cmd="ignore" pos="IN">in</wf>
<wf cmd="tag" pos="JJ">increasing</wf>
<wf cmd="tag" pos="NN">panic</wf>
<punc>,</punc>
<wf cmd="done" pos="VB" lemma="come" wnsn="1" lexsn="2:38:00::">came</wf>
<wf cmd="done" pos="VB" lemma="run" wnsn="1" lexsn="2:38:00::">running</wf>
<wf cmd="ignore" pos="IN">with</wf>
<wf cmd="tag" pos="NN">water</wf>
<wf cmd="ignore" pos="IN">in</wf>
<wf cmd="ignore" pos="PRP$">their</wf>
<wf cmd="tag" pos="NNS">hats</wf>
<wf cmd="ignore" pos="IN">in</wf>
<wf cmd="ignore" pos="DT">a</wf>
<wf cmd="tag" pos="JJ">ludicrous</wf>
<wf cmd="tag" pos="NN">effort</wf>
<punc>.</punc>
</s>
<s snum="193">
<wf cmd="ignore" pos="DT">Both</wf>
<wf cmd="tag" pos="NNS">buildings</wf>
<wf cmd="done" pos="VB" lemma="be" wnsn="1" lexsn="2:42:03::">were</wf>
<wf cmd="tag" pos="JJ">in_flames</wf>
<punc>.</punc>
</s>
<s snum="194">
<wf cmd="ignore" pos="DT">The</wf>
<wf cmd="tag" pos="NN">heat</wf>
<wf cmd="done" pos="VB" lemma="drive" wnsn="3" lexsn="2:38:02::">drove</wf>
<wf cmd="ignore" pos="DT">the</wf>
<wf cmd="tag" pos="NNS">guerrillas</wf>
<wf cmd="tag" pos="RB">back</wf>
<punc>.</punc>
</s>
<s snum="195">
<wf cmd="ignore" pos="DT">The</wf>
<wf cmd="tag" pos="NN">roof</wf>
<wf cmd="ignore" pos="IN">of</wf>
<wf cmd="ignore" pos="DT">the</wf>
<wf cmd="tag" pos="NN">command_post</wf>
<wf cmd="done" pos="VB" lemma="begin" wnsn="1" lexsn="2:30:00::">began</wf>
<wf cmd="ignore" pos="TO">to</wf>
<wf cmd="done" pos="VB" lemma="buckle" wnsn="3" lexsn="2:30:00::">buckle</wf>
<punc>.</punc>
</s>
</p>
<p pnum="58">
<s snum="196">
<punc>``</punc>
<wf cmd="done" pos="VB" lemma="drag" wnsn="1" lexsn="2:35:00::">Drag</wf>
<wf cmd="ignore" pos="DT">the</wf>
<wf cmd="tag" pos="NNS">wagons</wf>
<wf cmd="ignore" pos="TO">to</wf>
<wf cmd="ignore" pos="DT">the</wf>
<wf cmd="tag" pos="NN">spring</wf>
<punc>''</punc>
<punc>!</punc>
</s>
<s snum="197">
<wf cmd="tag" pos="NNP">Lew_Durkin</wf>
<wf cmd="done" pos="VB" lemma="yell" wnsn="1" lexsn="2:32:01::">yelled</wf>
<punc>.</punc>
</s>
<s snum="198">
<punc>``</punc>
<wf cmd="done" pos="VB" lemma="run" wnsn="26" lexsn="2:38:10::">Run</wf>
<punc>'</punc>
<wf cmd="ignore" pos="PRP">em</wf>
<wf cmd="tag" pos="NN">right</wf>
<wf cmd="ignore" pos="IN">into</wf>
<wf cmd="ignore" pos="DT">the</wf>
<wf cmd="tag" pos="NN">spring</wf>
<punc>!</punc>
</s>
<s snum="199">
<wf cmd="done" pos="VB" lemma="hustle" wnsn="2" lexsn="2:38:00::">Hustle</wf>
<punc>''</punc>
<punc>!</punc>
</s>
</p>
<p pnum="59">
<s snum="200">
<wf cmd="tag" pos="CD">One</wf>
<wf cmd="ignore" pos="IN">of</wf>
<wf cmd="ignore" pos="DT">the</wf>
<wf cmd="tag" pos="NNS">wagons</wf>
<wf cmd="done" pos="VB" lemma="erupt" wnsn="5" lexsn="2:30:00::">erupted</wf>
<wf cmd="ignore" pos="DT">a</wf>
<wf cmd="tag" pos="JJ">massive</wf>
<wf cmd="tag" pos="NN">pillar</wf>
<wf cmd="ignore" pos="IN">of</wf>
<wf cmd="tag" pos="NN">flame</wf>
<punc>.</punc>
</s>
<s snum="201">
<wf cmd="ignore" pos="DT">A</wf>
<wf cmd="tag" pos="JJ">sizable</wf>
<wf cmd="tag" pos="NN">supply</wf>
<wf cmd="ignore" pos="IN">of</wf>
<wf cmd="tag" pos="NN">powder</wf>
<wf cmd="done" pos="VBD" ot="notag">had</wf>
<wf cmd="done" pos="VBN" ot="notag">been</wf>
<wf cmd="done" pos="VB" lemma="touch_off" wnsn="1" lexsn="2:36:00::">touched_off</wf>
<punc>.</punc>
</s>
<s snum="202">
<wf cmd="ignore" pos="DT">The</wf>
<wf cmd="tag" pos="NNS">wagons</wf>
<wf cmd="ignore" pos="CC">and</wf>
<wf cmd="ignore" pos="DT">the</wf>
<wf cmd="tag" pos="NN">coach</wf>
<wf cmd="done" pos="VB" lemma="be" wnsn="1" lexsn="2:42:03::">were</wf>
<wf cmd="ignore" pos="IN">beyond</wf>
<wf cmd="tag" pos="NN">saving</wf>
<wf cmd="ignore" pos="CC">and</wf>
<wf cmd="tag" pos="RB">so</wf>
<wf cmd="done" pos="VB" lemma="be" wnsn="1" lexsn="2:42:03::">were</wf>
<wf cmd="ignore" pos="DT">the</wf>
<wf cmd="tag" pos="NNS">buildings</wf>
<punc>.</punc>
</s>
</p>
<p pnum="60">
<s snum="203">
<wf cmd="ignore" pos="DT">The</wf>
<wf cmd="tag" pos="NN">glow</wf>
<wf cmd="ignore" pos="IN">of</wf>
<wf cmd="ignore" pos="DT">the</wf>
<wf cmd="tag" pos="NN">fire</wf>
<wf cmd="done" pos="VB" lemma="reach" wnsn="6" lexsn="2:42:00::">reached</wf>
<wf cmd="ignore" pos="IN">through</wf>
<wf cmd="ignore" pos="DT">the</wf>
<wf cmd="tag" pos="NNS">openings</wf>
<wf cmd="ignore" pos="IN">in</wf>
<wf cmd="ignore" pos="DT">the</wf>
<wf cmd="tag" pos="NNS">windows</wf>
<punc>,</punc>
<wf cmd="done" pos="VB" lemma="give" wnsn="2" lexsn="2:40:05::">giving</wf>
<wf cmd="tag" pos="NN">light</wf>
<wf cmd="tag" pos="RB">enough</wf>
<wf cmd="ignore" pos="TO">to</wf>
<wf cmd="done" pos="VB" lemma="examine" wnsn="2" lexsn="2:39:00::">examine</wf>
<wf cmd="tag" pos="NNP">Mike</wf>
<wf cmd="ignore" pos="POS">'s</wf>
<wf cmd="tag" pos="NN">wound</wf>
<punc>.</punc>
</s>
<s snum="204">
<wf cmd="ignore" pos="DT">The</wf>
<wf cmd="tag" pos="NN">bullet</wf>
<wf cmd="done" pos="VBD" ot="notag">had</wf>
<wf cmd="done" pos="VB" lemma="tear" wnsn="1" lexsn="2:35:00::">torn</wf>
<wf cmd="ignore" pos="IN">through</wf>
<wf cmd="ignore" pos="DT">the</wf>
<wf cmd="tag" pos="NN">flesh</wf>
<wf cmd="tag" pos="RB">just</wf>
<wf cmd="ignore" pos="IN">above</wf>
<wf cmd="ignore" pos="DT">the</wf>
<wf cmd="tag" pos="NN">knee</wf>
<punc>,</punc>
<wf cmd="done" pos="VB" lemma="inflict" wnsn="1" lexsn="2:32:00::">inflicting</wf>
<wf cmd="ignore" pos="DT">an</wf>
<wf cmd="tag" pos="JJ">ugly</wf>
<wf cmd="tag" pos="NN">gash</wf>
<wf cmd="ignore" pos="WDT">that</wf>
<wf cmd="done" pos="VBD" ot="notag">was</wf>
<wf cmd="done" pos="VB" lemma="form" wnsn="4" lexsn="2:30:01::">forming</wf>
<wf cmd="ignore" pos="DT">a</wf>
<wf cmd="tag" pos="NN">pool</wf>
<wf cmd="ignore" pos="IN">of</wf>
<wf cmd="tag" pos="NN">blood</wf>
<wf cmd="ignore" pos="IN">on</wf>
<wf cmd="ignore" pos="DT">the</wf>
<wf cmd="tag" pos="NN">floor</wf>
<punc>.</punc>
</s>
<s snum="205">
<wf cmd="ignore" pos="CC">But</wf>
<wf cmd="ignore" pos="PRP">it</wf>
<wf cmd="done" pos="VBD" ot="notag">had</wf>
<wf cmd="done" pos="VB" lemma="miss" wnsn="7" lexsn="2:35:00::">missed</wf>
<wf cmd="ignore" pos="DT">the</wf>
<wf cmd="tag" pos="NN">bone</wf>
<wf cmd="ignore" pos="CC">and</wf>
<wf cmd="done" pos="VBD" ot="notag">had</wf>
<wf cmd="done" pos="VB" lemma="pass" wnsn="2" lexsn="2:38:05::">passed</wf>
<wf cmd="done" pos="VB" ot="notag">on</wf>
<wf cmd="tag" pos="RB">through</wf>
<punc>.</punc>
</s>
<s snum="206">
<wf cmd="tag" pos="NNP">Susan</wf>
<wf cmd="ignore" pos="CC">and</wf>
<wf cmd="tag" pos="NNP">Julia</wf>
<wf cmd="done" pos="VB" lemma="rip" wnsn="1" lexsn="2:35:00::">ripped</wf>
<wf cmd="tag" pos="NNS">strips</wf>
<wf cmd="ignore" pos="IN">from</wf>
<wf cmd="ignore" pos="PRP$">their</wf>
<wf cmd="tag" pos="NN">clothing</wf>
<wf cmd="ignore" pos="CC">and</wf>
<wf cmd="done" pos="VB" lemma="bind" wnsn="3" lexsn="2:35:00::">bound</wf>
<wf cmd="ignore" pos="DT">the</wf>
<wf cmd="tag" pos="NN">injury</wf>
<punc>.</punc>
</s>
</p>
<p pnum="61">
<s snum="207">
<wf cmd="tag" pos="NNP">Mike</wf>
<wf cmd="done" pos="VB" lemma="test" wnsn="1" lexsn="2:41:00::">tested</wf>
<wf cmd="ignore" pos="DT">the</wf>
<wf cmd="tag" pos="NN">leg</wf>
<wf cmd="ignore" pos="CC">and</wf>
<wf cmd="done" pos="VB" lemma="find" wnsn="9" lexsn="2:31:09::">found</wf>
<wf cmd="ignore" pos="IN">that</wf>
<wf cmd="ignore" pos="PRP">he</wf>
<wf cmd="done" pos="VB" lemma="be" wnsn="1" lexsn="2:42:03::">was</wf>
<wf cmd="tag" pos="JJ">able</wf>
<wf cmd="done" pos="VB" ot="notag">to</wf>
<wf cmd="done" pos="VB" lemma="hobble" wnsn="1" lexsn="2:38:00::">hobble</wf>
<wf cmd="ignore" pos="IN">around</wf>
<wf cmd="tag" pos="RB">on_it</wf>
<punc>.</punc>
</s>
</p>
</context>
</contextfile>
