<contextfile concordance="brown">
<context filename="br-p03" paras="yes">
<p pnum="1">
<s snum="1">
<punc>``</punc>
<wf cmd="tag" pos="NNP">Thrifty</wf>
<wf cmd="ignore" pos="IN">of</wf>
<wf cmd="ignore" pos="PRP">her</wf>
<wf cmd="ignore" pos="TO">to</wf>
<wf cmd="done" rdf="use_up" pos="VB" lemma="use_up" wnsn="1" lexsn="2:34:00::">use</wf>
<wf cmd="ignore" pos="PRP">it</wf>
<wf cmd="tag" pos="RB">up</wf>
<punc>.</punc>
</s>
<s snum="2">
<wf cmd="tag" pos="JJ">Unusual</wf>
<wf cmd="ignore" pos="IN">in</wf>
<wf cmd="ignore" pos="DT">a</wf>
<wf cmd="tag" pos="NN">case</wf>
<wf cmd="ignore" pos="IN">like</wf>
<wf cmd="ignore" pos="DT">this</wf>
<punc>,</punc>
<wf cmd="ignore" pos="CC">but</wf>
<punc>''</punc>
<punc>-</punc>
</s>
</p>
<p pnum="2">
<s snum="3">
<punc>``</punc>
<wf cmd="ignore" pos="PRP">You</wf>
<wf cmd="ignore" pos="MD">can</wf>
<wf cmd="done" pos="VB" lemma="joke" wnsn="1" lexsn="2:32:00::">joke</wf>
<punc>!</punc>
</s>
<s snum="4">
<wf cmd="done" pos="VBD" ot="notag">Did</wf>
<wf cmd="tag" pos="RB">n't</wf>
<wf cmd="ignore" pos="PRP">you</wf>
<wf cmd="done" pos="VB" lemma="read" wnsn="1" lexsn="2:31:00::">read</wf>
<wf cmd="ignore" pos="PRP">it</wf>
<punc>?</punc>
</s>
<s snum="5">
<wf cmd="ignore" pos="PRP">She</wf>
<wf cmd="done" pos="VBZ" ot="notag">'s</wf>
<wf cmd="done" pos="VB" lemma="marry" wnsn="1" lexsn="2:41:00::">married</wf>
<wf cmd="ignore" pos="IN">that</wf>
<wf cmd="tag" pos="NN">tenant</wf>
<punc>!</punc>
<punc>''</punc>
</s>
<s snum="6">
<punc>``</punc>
<wf cmd="ignore" pos="PRP">I</wf>
<wf cmd="done" pos="VB" lemma="read" wnsn="1" lexsn="2:31:00::">read</wf>
<wf cmd="ignore" pos="PRP">it</wf>
<punc>,</punc>
<wf cmd="ignore" pos="UH">yes</wf>
<punc>.</punc>
</s>
<s snum="7">
<wf cmd="ignore" pos="DT">This</wf>
<wf cmd="done" pos="VB" lemma="ought" wnsn="0" lexsn="2:42:00::">ought</wf>
<wf cmd="done" pos="VB" ot="notag">to</wf>
<wf cmd="done" pos="VB" lemma="simplify" wnsn="1" lexsn="2:30:00::">simplify</wf>
<wf cmd="tag" pos="NNP">Tolley</wf>
<wf cmd="ignore" pos="POS">'s</wf>
<wf cmd="tag" pos="NN">life</wf>
<punc>''</punc>
<punc>.</punc>
</s>
</p>
<p pnum="3">
<s snum="8">
<wf cmd="tag" pos="NNP">Laban</wf>
<wf cmd="done" pos="VB" lemma="have" wnsn="1" lexsn="2:40:00::">had</wf>
<wf cmd="tag" pos="JJR">more</wf>
<wf cmd="ignore" pos="TO">to</wf>
<wf cmd="done" pos="VB" lemma="say" wnsn="1" lexsn="2:32:00::">say</wf>
<punc>.</punc>
</s>
<s snum="9">
<wf cmd="tag" pos="NNP">Tolley</wf>
<wf cmd="done" pos="VBD" ot="notag">had</wf>
<wf cmd="done" pos="VB" lemma="go" wnsn="3" lexsn="2:38:01::">gone</wf>
<wf cmd="done" pos="VB" ot="notag">to</wf>
<wf cmd="done" pos="VB" lemma="live" wnsn="1" lexsn="2:42:08::">live</wf>
<wf cmd="done" pos="VB" ot="notag">in</wf>
<wf cmd="tag" pos="NNP">California</wf>
<punc>.</punc>
</s>
<s snum="10">
<wf cmd="ignore" pos="PRP">He</wf>
<wf cmd="ignore" pos="MD">'d</wf>
<wf cmd="done" pos="VB" lemma="mention" wnsn="1" lexsn="2:32:02::">mentioned</wf>
<wf cmd="ignore" pos="PRP">it</wf>
<punc>,</punc>
<wf cmd="ignore" pos="PRP">himself</wf>
<punc>,</punc>
<wf cmd="ignore" pos="IN">at</wf>
<wf cmd="tag" pos="NN">church</wf>
<wf cmd="ignore" pos="CC">and</wf>
<wf cmd="tag" pos="NN">everybody</wf>
<wf cmd="done" pos="VB" lemma="seem" wnsn="1" lexsn="2:39:00::">seemed</wf>
<wf cmd="ignore" pos="TO">to</wf>
<wf cmd="done" pos="VB" lemma="have" wnsn="1" lexsn="2:40:00::">have</wf>
<wf cmd="ignore" pos="DT">the</wf>
<wf cmd="tag" pos="NN">idea</wf>
<wf cmd="ignore" pos="IN">that</wf>
<wf cmd="tag" pos="NNP">Tolley</wf>
<wf cmd="done" pos="VB" ot="notag">had</wf>
<wf cmd="done" pos="VB" lemma="leave" wnsn="1" lexsn="2:38:01::">left</wf>
<wf cmd="ignore" pos="IN">because</wf>
<wf cmd="tag" pos="NNP">Jenny</wf>
<wf cmd="done" pos="VBD" ot="notag">had</wf>
<wf cmd="done" pos="VB" lemma="jilt" wnsn="1" lexsn="2:31:00::">jilted</wf>
<wf cmd="ignore" pos="PRP">him</wf>
<wf cmd="ignore" pos="IN">for</wf>
<wf cmd="tag" pos="NNP">Roy</wf>
<wf cmd="tag" pos="NNS">robards</wf>
<punc>.</punc>
</s>
<s snum="11">
<punc>``</punc>
<wf cmd="ignore" pos="PRP">It</wf>
<wf cmd="done" pos="VB" lemma="be" wnsn="1" lexsn="2:42:03::">was</wf>
<wf cmd="tag" pos="JJ">plain</wf>
<wf cmd="ignore" pos="IN">as</wf>
<wf cmd="ignore" pos="DT">the</wf>
<wf cmd="tag" pos="NN">nose</wf>
<wf cmd="ignore" pos="IN">on</wf>
<wf cmd="ignore" pos="PRP$">your</wf>
<wf cmd="tag" pos="NN">face</wf>
<wf cmd="ignore" pos="IN">that</wf>
<wf cmd="ignore" pos="PRP">they</wf>
<wf cmd="done" pos="VBP" ot="notag">'re</wf>
<wf cmd="done" pos="VB" lemma="laugh" wnsn="1" lexsn="2:29:00::">laughing</wf>
<wf cmd="ignore" pos="IN">about</wf>
<wf cmd="ignore" pos="PRP">it</wf>
<punc>,</punc>
<wf cmd="tag" pos="NNP">Mamma</wf>
<punc>.</punc>
</s>
<s snum="12">
<wf cmd="tag" pos="NNP">Zion</wf>
<wf cmd="done" pos="VB" lemma="stay" wnsn="2" lexsn="2:38:00::">stayed</wf>
<wf cmd="ignore" pos="TO">to</wf>
<wf cmd="done" pos="VB" lemma="get" wnsn="1" lexsn="2:40:00::">get</wf>
<wf cmd="ignore" pos="PRP$">my</wf>
<wf cmd="tag" pos="NN">pin</wf>
<punc>,</punc>
<wf cmd="ignore" pos="CC">but</wf>
<wf cmd="ignore" pos="PRP">it</wf>
<wf cmd="ignore" pos="MD">'ll</wf>
<wf cmd="done" pos="VB" lemma="be" wnsn="2" lexsn="2:42:06::">be</wf>
<wf cmd="ignore" pos="DT">a</wf>
<wf cmd="tag" pos="JJ">cold</wf>
<wf cmd="tag" pos="NN">day</wf>
<wf cmd="ignore" pos="IN">in</wf>
<wf cmd="tag" pos="NNP">June</wf>
<wf cmd="ignore" pos="WRB">when</wf>
<wf cmd="ignore" pos="PRP">I</wf>
<wf cmd="done" pos="VB" lemma="go_back" wnsn="0" lexsn="2:38:00::">go_back</wf>
<punc>''</punc>
<punc>.</punc>
</s>
</p>
<p pnum="4">
<s snum="13">
<punc>``</punc>
<wf cmd="ignore" pos="PRP">We</wf>
<wf cmd="ignore" pos="MD">will</wf>
<wf cmd="ignore" pos="DT">both</wf>
<wf cmd="done" pos="VB" lemma="go_back" wnsn="0" lexsn="2:38:00::">go_back</wf>
<punc>,</punc>
<wf cmd="tag" pos="NNP">Laban</wf>
<punc>''</punc>
<punc>!</punc>
</s>
<s snum="14">
<wf cmd="tag" pos="NNP">Kizzie</wf>
<wf cmd="done" pos="VB" lemma="turn" wnsn="1" lexsn="2:38:00::">turned</wf>
<wf cmd="done" pos="VB" ot="notag">to</wf>
<wf cmd="done" pos="VB" lemma="go" wnsn="1" lexsn="2:38:00::">go</wf>
<wf cmd="tag" pos="RB">inside</wf>
<punc>.</punc>
</s>
<s snum="15">
<punc>``</punc>
<wf cmd="done" pos="VB" lemma="let" wnsn="1" lexsn="2:41:00::">Let</wf>
<wf cmd="ignore" pos="PRP">me</wf>
<wf cmd="done" pos="VB" lemma="stay" wnsn="2" lexsn="2:38:00::">stay</wf>
<wf cmd="ignore" pos="CC">and</wf>
<wf cmd="done" pos="VB" lemma="take" wnsn="16" lexsn="2:32:02::">take</wf>
<wf cmd="ignore" pos="DT">the</wf>
<wf cmd="tag" pos="NNS">pictures</wf>
<wf cmd="ignore" pos="PRP">you</wf>
<wf cmd="done" pos="VB" lemma="want" wnsn="1" lexsn="2:37:00::">wanted</wf>
<punc>,</punc>
<wf cmd="tag" pos="NNP">Mamma</wf>
<punc>.</punc>
</s>
<s snum="16">
<wf cmd="ignore" pos="DT">The</wf>
<wf cmd="tag" pos="NN">sun</wf>
<wf cmd="ignore" pos="POS">'s</wf>
<wf cmd="tag" pos="NN">right</wf>
<punc>''</punc>
<punc>-</punc>
</s>
</p>
<p pnum="5">
<s snum="17">
<punc>``</punc>
<wf cmd="tag" pos="NNPS">Pictures</wf>
<punc>''</punc>
<punc>?</punc>
</s>
<s snum="18">
<wf cmd="ignore" pos="PRP">She</wf>
<wf cmd="done" pos="VB" lemma="swing" wnsn="1" lexsn="2:38:02::">swung</wf>
<wf cmd="tag" pos="RB">around</wf>
<punc>.</punc>
</s>
<s snum="19">
<punc>``</punc>
<wf cmd="ignore" pos="WP">What</wf>
<wf cmd="tag" pos="NNS">pictures</wf>
<punc>''</punc>
<punc>?</punc>
</s>
</p>
<p pnum="6">
<s snum="20">
<punc>``</punc>
<wf cmd="ignore" pos="IN">In</wf>
<wf cmd="tag" pos="NNP">Brace</wf>
<wf cmd="ignore" pos="POS">'s</wf>
<wf cmd="tag" pos="NN">room</wf>
<punc>!</punc>
</s>
<s snum="21">
<wf cmd="ignore" pos="PRP">You</wf>
<wf cmd="done" pos="VB" lemma="tell" wnsn="4" lexsn="2:32:02::">told</wf>
<wf cmd="ignore" pos="PRP">me</wf>
<wf cmd="ignore" pos="TO">to</wf>
<wf cmd="done" pos="VB" lemma="bring" wnsn="1" lexsn="2:38:00::">bring</wf>
<wf cmd="ignore" pos="PRP$">my</wf>
<wf cmd="tag" pos="NN">camera</wf>
<punc>.</punc>
</s>
<s snum="22">
<wf cmd="ignore" pos="PRP">I</wf>
<wf cmd="done" pos="VBP" ot="notag">'m</wf>
<wf cmd="tag" pos="RB">not</wf>
<wf cmd="done" pos="VB" lemma="go_back" wnsn="0" lexsn="2:38:00::">going_back</wf>
<punc>''</punc>
<punc>-</punc>
</s>
</p>
<p pnum="7">
<s snum="23">
<punc>``</punc>
<wf cmd="tag" pos="RB">Indeed</wf>
<wf cmd="ignore" pos="PRP">you</wf>
<wf cmd="done" pos="VBP" ot="notag">are</wf>
<punc>!</punc>
</s>
<s snum="24">
<wf cmd="ignore" pos="WRB">Why</wf>
<wf cmd="ignore" pos="MD">should</wf>
<wf cmd="ignore" pos="PRP">I</wf>
<wf cmd="done" pos="VB" lemma="want" wnsn="1" lexsn="2:37:00::">want</wf>
<wf cmd="tag" pos="NNS">pictures</wf>
<wf cmd="ignore" pos="IN">of</wf>
<wf cmd="ignore" pos="DT">an</wf>
<wf cmd="tag" pos="JJ">empty</wf>
<wf cmd="tag" pos="NN">room</wf>
<wf cmd="tag" pos="RB">now</wf>
<punc>?</punc>
</s>
<s snum="25">
<wf cmd="tag" pos="NNP">Tolley</wf>
<wf cmd="done" pos="VB" lemma="have" wnsn="1" lexsn="2:40:00::">had</wf>
<wf cmd="ignore" pos="DT">no</wf>
<wf cmd="tag" pos="NN">idea</wf>
<wf cmd="ignore" pos="IN">of</wf>
<wf cmd="done" pos="VB" lemma="marry" wnsn="1" lexsn="2:41:00::">marrying</wf>
<wf cmd="ignore" pos="IN">that</wf>
<wf cmd="tag" pos="JJ">sneaky</wf>
<wf cmd="tag" pos="JJ">little</wf>
<wf cmd="tag" pos="NNP">Jenny</wf>
<punc>!</punc>
</s>
<s snum="26">
<wf cmd="ignore" pos="DT">This</wf>
<punc>-</punc>
<wf cmd="tag" pos="NN">trip</wf>
<wf cmd="ignore" pos="IN">of</wf>
<wf cmd="ignore" pos="PRP$">his</wf>
<wf cmd="done" pos="VB" lemma="have" wnsn="10" lexsn="2:42:12::">had</wf>
<wf cmd="tag" pos="NN">nothing</wf>
<wf cmd="ignore" pos="TO">to</wf>
<wf cmd="done" pos="VB" lemma="do" wnsn="4" lexsn="2:42:00::">do</wf>
<wf cmd="ignore" pos="IN">with</wf>
<wf cmd="ignore" pos="PRP$">her</wf>
<wf cmd="done" pos="VB" lemma="consort" wnsn="1" lexsn="2:41:12::">consorting</wf>
<wf cmd="done" pos="VB" ot="notag">with</wf>
<wf cmd="tag" pos="NNS">tenants</wf>
<punc>,</punc>
<wf cmd="ignore" pos="CC">and</wf>
<wf cmd="ignore" pos="PRP">I</wf>
<wf cmd="done" pos="VBP" ot="notag">am</wf>
<wf cmd="done" pos="VB" ot="notag">going_to</wf>
<wf cmd="done" pos="VB" lemma="see" wnsn="10" lexsn="2:31:03::">see</wf>
<wf cmd="ignore" pos="IN">that</wf>
<wf cmd="tag" pos="NN">everybody</wf>
<wf cmd="ignore" pos="IN">at</wf>
<wf cmd="tag" pos="NNP">Mt._Pleasant</wf>
<wf cmd="done" pos="VB" lemma="understand" wnsn="2" lexsn="2:31:01::">understands</wf>
<wf cmd="ignore" pos="IN">that</wf>
<wf cmd="tag" pos="JJ">simple</wf>
<wf cmd="tag" pos="NN">fact</wf>
<punc>.</punc>
</s>
<s snum="27">
<wf cmd="done" pos="VB" lemma="wait" wnsn="1" lexsn="2:42:00::">Wait</wf>
<wf cmd="done" pos="VB" ot="notag">for</wf>
<wf cmd="ignore" pos="PRP">me</wf>
<punc>,</punc>
<wf cmd="tag" pos="NNP">Laban</wf>
<punc>,</punc>
<wf cmd="ignore" pos="PRP">I</wf>
<wf cmd="ignore" pos="MD">'ll</wf>
<wf cmd="done" pos="VB" lemma="be" wnsn="1" lexsn="2:42:03::">be</wf>
<wf cmd="tag" pos="JJ">dressed</wf>
<wf cmd="done" pos="VB" ot="notag">in</wf>
<wf cmd="tag" pos="NN">half</wf>
<wf cmd="ignore" pos="DT">a</wf>
<wf cmd="tag" pos="JJ">second</wf>
<punc>''</punc>
<punc>!</punc>
</s>
</p>
<p pnum="8">
<s snum="28">
<wf cmd="tag" pos="NNP">Frank</wf>
<wf cmd="done" pos="VB" lemma="follow" wnsn="1" lexsn="2:38:00::">followed</wf>
<wf cmd="ignore" pos="PRP">her</wf>
<wf cmd="ignore" pos="IN">into</wf>
<wf cmd="ignore" pos="DT">the</wf>
<wf cmd="tag" pos="NN">bedroom</wf>
<punc>,</punc>
<wf cmd="done" pos="VB" lemma="hook" wnsn="1" lexsn="2:35:00::">hooked</wf>
<wf cmd="ignore" pos="PRP$">her</wf>
<wf cmd="tag" pos="NN">dress</wf>
<wf cmd="tag" pos="JJ">up</wf>
<wf cmd="ignore" pos="DT">the</wf>
<wf cmd="tag" pos="RB">back</wf>
<punc>.</punc>
</s>
</p>
<p pnum="9">
<s snum="29">
<punc>``</punc>
<wf cmd="done" pos="VB" ot="notag">Hurry</wf>
<punc>,</punc>
<wf cmd="tag" pos="NNP">Frank</wf>
<punc>!</punc>
</s>
<s snum="30">
<wf cmd="ignore" pos="PRP">They</wf>
<wf cmd="done" pos="VBP" ot="notag">'re</wf>
<wf cmd="tag" pos="RB">not</wf>
<wf cmd="done" pos="VB" ot="notag">going_to</wf>
<wf cmd="done" pos="VB" lemma="laugh_at" wnsn="1" lexsn="2:32:00::">laugh_at</wf>
<wf cmd="ignore" pos="DT">the</wf>
<wf cmd="tag" pos="NNP">Fairbrothers</wf>
<wf cmd="ignore" pos="CC">and</wf>
<wf cmd="tag" pos="NNP">Labans</wf>
<wf cmd="tag" pos="RB">very</wf>
<wf cmd="tag" pos="JJ">long</wf>
<punc>!</punc>
</s>
<s snum="31">
<wf cmd="tag" pos="NNP">Tolley</wf>
<wf cmd="ignore" pos="POS">'s</wf>
<wf cmd="tag" pos="NN">going</wf>
<wf cmd="done" pos="VB" lemma="be" wnsn="1" lexsn="2:42:03::">is</wf>
<wf cmd="ignore" pos="PRP$">my</wf>
<wf cmd="tag" pos="NN">fault</wf>
<punc>.</punc>
</s>
<s snum="32">
<wf cmd="ignore" pos="PRP">I</wf>
<wf cmd="done" rdf="drove_away" pos="VB" lemma="drive_away" wnsn="1" lexsn="2:38:00::">drove</wf>
<wf cmd="ignore" pos="PRP">him</wf>
<wf cmd="tag" pos="RB">away</wf>
<punc>.</punc>
</s>
<s snum="33">
<wf cmd="ignore" pos="PRP">You</wf>
<wf cmd="done" pos="VB" lemma="know" wnsn="1" lexsn="2:31:01::">know</wf>
<wf cmd="ignore" pos="PRP">it</wf>
<wf cmd="ignore" pos="CC">and</wf>
<wf cmd="ignore" pos="PRP">I</wf>
<wf cmd="ignore" pos="MD">'ll</wf>
<wf cmd="done" pos="VB" lemma="tell" wnsn="2" lexsn="2:32:00::">tell</wf>
<wf cmd="tag" pos="NN">everybody</wf>
<wf cmd="tag" pos="RB">exactly</wf>
<wf cmd="ignore" pos="WRB">how</wf>
<wf cmd="ignore" pos="PRP">it</wf>
<wf cmd="done" pos="VB" lemma="happen" wnsn="1" lexsn="2:30:00::">happened</wf>
<punc>''</punc>
<punc>.</punc>
</s>
</p>
<p pnum="10">
<s snum="34">
<wf cmd="ignore" pos="PRP">She</wf>
<wf cmd="done" pos="VB" lemma="be" wnsn="1" lexsn="2:42:03::">was</wf>
<wf cmd="tag" pos="RB">so</wf>
<wf cmd="tag" pos="JJ">beautiful</wf>
<punc>,</punc>
<wf cmd="tag" pos="RB">so</wf>
<wf cmd="tag" pos="JJ">valiant</wf>
<punc>,</punc>
<wf cmd="tag" pos="RB">so</wf>
<wf cmd="tag" pos="JJ">pitiable</wf>
<punc>.</punc>
</s>
<s snum="35">
<wf cmd="ignore" pos="PRP">He</wf>
<wf cmd="done" pos="VB" lemma="kiss" wnsn="1" lexsn="2:35:00::">kissed</wf>
<wf cmd="ignore" pos="PRP$">her</wf>
<punc>.</punc>
</s>
<s snum="36">
<punc>``</punc>
<wf cmd="done" pos="VB" lemma="make" wnsn="1" lexsn="2:41:00::">Make</wf>
<wf cmd="ignore" pos="PRP$">your</wf>
<wf cmd="tag" pos="NN">confession</wf>
<wf cmd="ignore" pos="TO">to</wf>
<wf cmd="tag" pos="NNP">God</wf>
<punc>,</punc>
<wf cmd="tag" pos="NNP">Kizzie</wf>
<wf cmd="tag" pos="JJ">dear</wf>
<punc>,</punc>
<wf cmd="tag" pos="RB">not</wf>
<wf cmd="ignore" pos="TO">to</wf>
<wf cmd="ignore" pos="DT">the</wf>
<wf cmd="tag" pos="NN">congregation</wf>
<punc>''</punc>
<punc>.</punc>
</s>
</p>
<p pnum="11">
<s snum="37">
<punc>``</punc>
<wf cmd="ignore" pos="PRP">I</wf>
<wf cmd="ignore" pos="MD">'ll</wf>
<wf cmd="done" pos="VB" lemma="decide" wnsn="1" lexsn="2:31:00::">decide</wf>
<wf cmd="ignore" pos="IN">that</wf>
<wf cmd="ignore" pos="WRB">when</wf>
<wf cmd="ignore" pos="PRP">I</wf>
<wf cmd="done" pos="VB" lemma="get" wnsn="5" lexsn="2:38:00::">get</wf>
<wf cmd="ignore" pos="EX">there</wf>
<punc>.</punc>
</s>
<s snum="38">
<wf cmd="ignore" pos="PRP">I</wf>
<wf cmd="done" pos="VB" lemma="be" wnsn="1" lexsn="2:42:03::">was</wf>
<wf cmd="tag" pos="RB">so</wf>
<wf cmd="tag" pos="JJ">cruel</wf>
<wf cmd="ignore" pos="TO">to</wf>
<wf cmd="tag" pos="NNP">Tolley</wf>
<punc>,</punc>
<wf cmd="tag" pos="RB">so</wf>
<wf cmd="tag" pos="JJ">unfair</wf>
<punc>.</punc>
</s>
<s snum="39">
<wf cmd="ignore" pos="CC">But</wf>
<wf cmd="ignore" pos="PRP">I</wf>
<wf cmd="ignore" pos="MD">'ll</wf>
<wf cmd="done" pos="VB" lemma="be" wnsn="1" lexsn="2:42:03::">be</wf>
<wf cmd="tag" pos="JJ">fair</wf>
<wf cmd="tag" pos="RB">now</wf>
<punc>!</punc>
</s>
<s snum="40">
<wf cmd="ignore" pos="PRP">He</wf>
<wf cmd="done" pos="VBZ" ot="notag">is</wf>
<wf cmd="done" pos="VB" lemma="come_back" wnsn="0" lexsn="2:38:00::">coming_back</wf>
<punc>,</punc>
<wf cmd="done" pos="VBZ" ot="notag">is</wf>
<wf cmd="tag" pos="RB">n't</wf>
<wf cmd="ignore" pos="PRP">he</wf>
<punc>,</punc>
<wf cmd="tag" pos="NNP">Frank</wf>
<punc>''</punc>
<punc>?</punc>
</s>
</p>
<p pnum="12">
<s snum="41">
<wf cmd="ignore" pos="UH">Yes</wf>
<punc>,</punc>
<wf cmd="ignore" pos="UH">oh</wf>
<wf cmd="ignore" pos="UH">yes</wf>
<punc>.</punc>
</s>
<s snum="42">
<wf cmd="ignore" pos="WP">What</wf>
<wf cmd="tag" pos="RB">else</wf>
<wf cmd="done" pos="VB" ot="notag">was_there</wf>
<wf cmd="ignore" pos="TO">to</wf>
<wf cmd="done" pos="VB" lemma="say" wnsn="1" lexsn="2:32:00::">say</wf>
<punc>?</punc>
</s>
<s snum="43">
<wf cmd="done" pos="VB" lemma="return" wnsn="1" lexsn="2:38:00::">Returning</wf>
<wf cmd="done" pos="VB" ot="notag">to</wf>
<wf cmd="ignore" pos="DT">the</wf>
<wf cmd="tag" pos="NN">log-house</wf>
<wf cmd="ignore" pos="PRP">he</wf>
<wf cmd="done" pos="VB" lemma="find" wnsn="1" lexsn="2:40:02::">found</wf>
<wf cmd="ignore" pos="DT">some</wf>
<wf cmd="tag" pos="JJ">favorite</wf>
<wf cmd="tag" pos="NNS">lines</wf>
<wf cmd="ignore" pos="IN">from</wf>
<wf cmd="tag" pos="NNP">Jonathan_Swift</wf>
<wf cmd="ignore" pos="IN">on</wf>
<wf cmd="ignore" pos="PRP$">his</wf>
<wf cmd="tag" pos="NNS">lips</wf>
<punc>:</punc>
<punc>``</punc>
<wf cmd="ignore" pos="IN">Under</wf>
<wf cmd="ignore" pos="DT">the</wf>
<wf cmd="tag" pos="NN">window</wf>
<wf cmd="ignore" pos="IN">in</wf>
<wf cmd="tag" pos="JJ">stormy</wf>
<wf cmd="tag" pos="NN">weather</wf>
<wf cmd="ignore" pos="PRP">I</wf>
<wf cmd="done" pos="VB" lemma="marry" wnsn="2" lexsn="2:41:01::">marry</wf>
<wf cmd="ignore" pos="DT">this</wf>
<wf cmd="tag" pos="NN">man</wf>
<wf cmd="ignore" pos="CC">and</wf>
<wf cmd="tag" pos="NN">woman</wf>
<wf cmd="tag" pos="RB">together</wf>
<punc>.</punc>
</s>
</p>
<p pnum="16">
<s snum="45">
<wf cmd="done" pos="VB" lemma="let" wnsn="1" lexsn="2:41:00::">Let</wf>
<wf cmd="tag" pos="NN">none</wf>
<wf cmd="ignore" pos="CC">but</wf>
<wf cmd="ignore" pos="PRP">Him</wf>
<wf cmd="ignore" pos="WP">who</wf>
<wf cmd="done" pos="VB" lemma="rule" wnsn="1" lexsn="2:41:00::">rules</wf>
<wf cmd="ignore" pos="DT">the</wf>
<wf cmd="tag" pos="NN">thunder</wf>
<wf cmd="done" pos="VB" lemma="put" wnsn="2" lexsn="2:35:05::">Put</wf>
<wf cmd="ignore" pos="DT">this</wf>
<wf cmd="tag" pos="NN">man</wf>
<wf cmd="ignore" pos="CC">and</wf>
<wf cmd="tag" pos="NN">woman</wf>
<wf cmd="tag" pos="RB">asunder</wf>
<punc>``</punc>
<punc>.</punc>
</s>
</p>
<p pnum="17">
<s snum="46">
<wf cmd="tag" pos="NN">Absolution</wf>
<wf cmd="ignore" pos="IN">for</wf>
<wf cmd="ignore" pos="PRP$">his</wf>
<wf cmd="tag" pos="NN">lie</wf>
<punc>?</punc>
</s>
<s snum="47">
<wf cmd="ignore" pos="PRP">He</wf>
<wf cmd="done" pos="VB" lemma="question" wnsn="1" lexsn="2:32:01::">questioned</wf>
<wf cmd="tag" pos="NNP">God</wf>
<wf cmd="ignore" pos="POS">'s</wf>
<wf cmd="done" pos="VB" lemma="take" wnsn="2" lexsn="2:40:06::">taking</wf>
<wf cmd="tag" pos="NN">time</wf>
<wf cmd="ignore" pos="TO">to</wf>
<wf cmd="done" pos="VB" lemma="telegraph" wnsn="1" lexsn="2:32:00::">telegraph</wf>
<wf cmd="ignore" pos="DT">the</wf>
<wf cmd="tag" pos="NN">message</wf>
<punc>,</punc>
<wf cmd="ignore" pos="CC">but</wf>
<wf cmd="ignore" pos="PRP">he</wf>
<wf cmd="done" pos="VB" lemma="feel" wnsn="1" lexsn="2:37:00::">felt</wf>
<wf cmd="tag" pos="JJR">better</wf>
<wf cmd="ignore" pos="IN">about</wf>
<wf cmd="tag" pos="NNP">Kizzie</wf>
<punc>,</punc>
<wf cmd="ignore" pos="CC">and</wf>
<wf cmd="ignore" pos="PRP">he</wf>
<wf cmd="done" pos="VB" lemma="take" wnsn="4" lexsn="2:35:00::">took</wf>
<wf cmd="ignore" pos="DT">the</wf>
<wf cmd="tag" pos="JJ">sealed</wf>
<wf cmd="tag" pos="NN">envelope</wf>
<wf cmd="ignore" pos="IN">from</wf>
<wf cmd="ignore" pos="PRP$">its</wf>
<wf cmd="tag" pos="NN">pigeonhole</wf>
<punc>,</punc>
<wf cmd="done" pos="VB" lemma="wonder" wnsn="1" lexsn="2:31:00::">wondering</wf>
<wf cmd="ignore" pos="WRB">why</wf>
<wf cmd="ignore" pos="PRP">he</wf>
<wf cmd="done" pos="VBD" ot="notag">had</wf>
<wf cmd="done" pos="VB" lemma="preserve" wnsn="3" lexsn="2:40:01::">preserved</wf>
<wf cmd="ignore" pos="PRP">it</wf>
<punc>.</punc>
</s>
<s snum="48">
<wf cmd="ignore" pos="IN">If</wf>
<wf cmd="ignore" pos="PRP">he</wf>
<wf cmd="done" pos="VB" lemma="die" wnsn="1" lexsn="2:30:00::">died</wf>
<wf cmd="done" pos="RB" ot="notag">before</wf>
<wf cmd="ignore" pos="PRP">she</wf>
<wf cmd="done" pos="VBD" ot="notag">did</wf>
<punc>,</punc>
<wf cmd="ignore" pos="PRP">she</wf>
<wf cmd="ignore" pos="MD">would</wf>
<wf cmd="tag" pos="RB">never</wf>
<wf cmd="done" pos="VB" lemma="be" wnsn="1" lexsn="2:42:03::">be</wf>
<wf cmd="tag" pos="JJ">unable</wf>
<wf cmd="ignore" pos="TO">to</wf>
<wf cmd="done" pos="VB" lemma="resist" wnsn="1" lexsn="2:42:01::">resist</wf>
<wf cmd="done" pos="VB" lemma="open" wnsn="1" lexsn="2:35:00::">opening</wf>
<wf cmd="ignore" pos="PRP">it</wf>
<punc>.</punc>
</s>
<s snum="49">
<wf cmd="tag" pos="RB">In_any_case</wf>
<wf cmd="ignore" pos="PRP">he</wf>
<wf cmd="ignore" pos="MD">would</wf>
<wf cmd="done" pos="VB" ot="notag">be</wf>
<wf cmd="done" pos="VB" lemma="thrust" wnsn="4" lexsn="2:32:00::">thrusting</wf>
<wf cmd="ignore" pos="DT">a</wf>
<wf cmd="tag" pos="NN">burden</wf>
<wf cmd="ignore" pos="IN">on</wf>
<wf cmd="ignore" pos="PRP$">his</wf>
<wf cmd="tag" pos="JJ">remaining</wf>
<wf cmd="tag" pos="NNS">sons</wf>
<punc>,</punc>
<wf cmd="done" pos="VB" lemma="make" wnsn="2" lexsn="2:30:00::">making</wf>
<wf cmd="ignore" pos="PRP">them</wf>
<wf cmd="tag" pos="NN">parties</wf>
<wf cmd="ignore" pos="TO">to</wf>
<wf cmd="ignore" pos="DT">a</wf>
<wf cmd="tag" pos="NN">deception</wf>
<wf cmd="tag" pos="RB">peculiarly</wf>
<wf cmd="ignore" pos="PRP$">his</wf>
<wf cmd="tag" pos="JJ">own</wf>
<punc>.</punc>
</s>
<s snum="50">
<wf cmd="ignore" pos="PRP">It</wf>
<wf cmd="done" pos="VB" lemma="be" wnsn="2" lexsn="2:42:06::">was</wf>
<wf cmd="tag" pos="RB">simply</wf>
<wf cmd="ignore" pos="PRP$">his</wf>
<wf cmd="tag" pos="NN">necessity</wf>
<wf cmd="ignore" pos="TO">to</wf>
<wf cmd="done" pos="VB" lemma="confess" wnsn="1" lexsn="2:32:00::">confess</wf>
<wf cmd="ignore" pos="WDT">which</wf>
<wf cmd="done" pos="VBD" ot="notag">had</wf>
<wf cmd="done" pos="VB" lemma="make" wnsn="4" lexsn="2:32:00::">made</wf>
<wf cmd="ignore" pos="PRP">him</wf>
<wf cmd="done" pos="VB" lemma="write" wnsn="1" lexsn="2:36:00::">write</wf>
<wf cmd="ignore" pos="CC">and</wf>
<wf cmd="done" pos="VB" lemma="keep" wnsn="3" lexsn="2:40:00::">keep</wf>
<wf cmd="ignore" pos="DT">this</wf>
<wf cmd="tag" pos="NN">thing</wf>
<punc>.</punc>
</s>
<s snum="51">
<punc>``</punc>
<wf cmd="ignore" pos="PRP">You</wf>
<wf cmd="done" pos="VBP" ot="notag">'ve</wf>
<wf cmd="done" pos="VB" lemma="tell" wnsn="2" lexsn="2:32:00::">told</wf>
<wf cmd="tag" pos="NNP">God</wf>
<punc>,</punc>
<wf cmd="tag" pos="NNP">Frank</wf>
<punc>''</punc>
<punc>,</punc>
<wf cmd="ignore" pos="PRP">he</wf>
<wf cmd="done" pos="VB" lemma="say" wnsn="1" lexsn="2:32:00::">said</wf>
<punc>.</punc>
</s>
<s snum="52">
<punc>``</punc>
<wf cmd="ignore" pos="WRB">Why</wf>
<wf cmd="done" pos="VB" lemma="lacerate" wnsn="1" lexsn="2:35:00::">lacerate</wf>
<wf cmd="ignore" pos="DT">the</wf>
<punc>-</punc>
<wf cmd="tag" pos="NN">congregation</wf>
<punc>''</punc>
<punc>?</punc>
</s>
</p>
<p pnum="18">
<s snum="53">
<wf cmd="done" pos="VB" lemma="reach" wnsn="3" lexsn="2:35:00::">Reaching</wf>
<wf cmd="ignore" pos="IN">for</wf>
<wf cmd="ignore" pos="DT">an</wf>
<wf cmd="tag" pos="JJ">old</wf>
<wf cmd="tag" pos="NN">clay</wf>
<wf cmd="tag" pos="NN">pot</wf>
<punc>,</punc>
<wf cmd="tag" pos="NN">relic</wf>
<wf cmd="ignore" pos="IN">of</wf>
<wf cmd="tag" pos="NN">pioneer</wf>
<wf cmd="tag" pos="NNS">days</wf>
<punc>,</punc>
<wf cmd="ignore" pos="PRP">he</wf>
<wf cmd="done" pos="VB" lemma="tear" wnsn="1" lexsn="2:35:00::">tore</wf>
<wf cmd="ignore" pos="DT">the</wf>
<wf cmd="tag" pos="NN">envelope</wf>
<wf cmd="ignore" pos="IN">in</wf>
<wf cmd="tag" pos="NNS">pieces</wf>
<punc>,</punc>
<wf cmd="done" pos="VB" lemma="drop" wnsn="1" lexsn="2:38:01::">dropping</wf>
<wf cmd="ignore" pos="PRP">them</wf>
<wf cmd="ignore" pos="IN">into</wf>
<wf cmd="ignore" pos="PRP">it</wf>
<punc>,</punc>
<wf cmd="done" pos="VB" lemma="touch" wnsn="8" lexsn="2:35:04::">touching</wf>
<wf cmd="ignore" pos="DT">the</wf>
<wf cmd="tag" pos="JJ">little</wf>
<wf cmd="tag" pos="NN">pyre</wf>
<wf cmd="ignore" pos="TO">to</wf>
<wf cmd="tag" pos="NN">flame</wf>
<punc>,</punc>
<wf cmd="done" pos="VB" lemma="watch" wnsn="2" lexsn="2:41:00::">watching</wf>
<wf cmd="ignore" pos="PRP">it</wf>
<wf cmd="done" pos="VB" lemma="curl" wnsn="1" lexsn="2:30:00::">curl</wf>
<punc>,</punc>
<wf cmd="ignore" pos="DT">the</wf>
<wf cmd="tag" pos="JJ">red</wf>
<wf cmd="tag" pos="NN">sealing_wax</wf>
<wf cmd="done" pos="VB" lemma="melt" wnsn="1" lexsn="2:30:01::">melting</wf>
<wf cmd="ignore" pos="CC">and</wf>
<wf cmd="done" pos="VB" lemma="bubble" wnsn="1" lexsn="2:30:00::">bubbling</wf>
<wf cmd="ignore" pos="IN">in</wf>
<wf cmd="ignore" pos="DT">the</wf>
<wf cmd="tag" pos="JJ">feathery</wf>
<wf cmd="tag" pos="NN">ash</wf>
<punc>.</punc>
</s>
<s snum="54">
<wf cmd="tag" pos="RB">Surely</wf>
<wf cmd="tag" pos="RB">now</wf>
<wf cmd="ignore" pos="PRP$">his</wf>
<wf cmd="tag" pos="JJ">beloved</wf>
<wf cmd="tag" pos="NN">son</wf>
<wf cmd="ignore" pos="MD">could</wf>
<wf cmd="done" pos="VB" ot="idiom">rest_in_peace</wf>
<punc>.</punc>
</s>
</p>
<p pnum="19">
<s snum="55">
<punc>``</punc>
<punc>'</punc>
<wf cmd="ignore" pos="CC">And</wf>
<wf cmd="done" pos="VB" lemma="let" wnsn="1" lexsn="2:41:00::">let</wf>
<wf cmd="ignore" pos="PRP">me</wf>
<wf cmd="done" pos="VB" lemma="go" wnsn="3" lexsn="2:38:01::">go</wf>
<punc>,</punc>
<wf cmd="ignore" pos="IN">for</wf>
<wf cmd="ignore" pos="DT">the</wf>
<wf cmd="tag" pos="NN">night</wf>
<wf cmd="done" pos="VBZ" ot="idiom">gathers</wf>
<wf cmd="ignore" pos="PRP">me</wf>
<punc>,</punc>
<wf cmd="ignore" pos="CC">and</wf>
<wf cmd="ignore" pos="IN">in</wf>
<wf cmd="ignore" pos="DT">the</wf>
<wf cmd="tag" pos="NN">night</wf>
<wf cmd="ignore" pos="MD">shall</wf>
<wf cmd="ignore" pos="DT">no</wf>
<wf cmd="tag" pos="NN">man</wf>
<wf cmd="done" pos="VB" lemma="gather" wnsn="1" lexsn="2:35:00::">gather</wf>
<wf cmd="tag" pos="NN">fruit</wf>
<punc>''</punc>
<punc>'</punc>
<punc>.</punc>
</s>
<s snum="56">
<wf cmd="ignore" pos="DT">A</wf>
<wf cmd="tag" pos="JJ">beautiful</wf>
<wf cmd="ignore" pos="CC">and</wf>
<wf cmd="tag" pos="JJ">haunting</wf>
<wf cmd="tag" pos="NN">line</wf>
<punc>,</punc>
<wf cmd="ignore" pos="DT">a</wf>
<wf cmd="tag" pos="JJ">subtle</wf>
<wf cmd="tag" pos="NN">genius</wf>
<punc>,</punc>
<wf cmd="tag" pos="NNP">Swinburne</wf>
<punc>,</punc>
<wf cmd="tag" pos="JJ">difficult</wf>
<wf cmd="tag" pos="RB">not</wf>
<wf cmd="ignore" pos="TO">to</wf>
<wf cmd="done" pos="VB" lemma="envy" wnsn="1" lexsn="2:37:01::">envy</wf>
<wf cmd="ignore" pos="DT">a</wf>
<wf cmd="tag" pos="JJ">gifted</wf>
<wf cmd="tag" pos="NN">man</wf>
<punc>,</punc>
<wf cmd="ignore" pos="CC">and</wf>
<wf cmd="tag" pos="RB">perhaps</wf>
<wf cmd="ignore" pos="PRP">he</wf>
<wf cmd="done" pos="VBD" ot="notag">did</wf>
<punc>.</punc>
</s>
</p>
<p pnum="20">
<s snum="57">
<wf cmd="ignore" pos="CC">But</wf>
<wf cmd="ignore" pos="EX">there</wf>
<wf cmd="done" pos="VB" ot="notag">were</wf>
<wf cmd="tag" pos="JJ">great</wf>
<wf cmd="tag" pos="NNS">satisfactions</wf>
<punc>,</punc>
<wf cmd="tag" pos="RB">even</wf>
<wf cmd="ignore" pos="IN">for</wf>
<wf cmd="ignore" pos="DT">a</wf>
<wf cmd="tag" pos="JJ">small</wf>
<wf cmd="tag" pos="NN">man</wf>
<punc>.</punc>
</s>
<s snum="58">
<wf cmd="ignore" pos="IN">Beyond</wf>
<wf cmd="ignore" pos="PRP$">his</wf>
<wf cmd="tag" pos="NN">window</wf>
<wf cmd="done" pos="VB" lemma="be" wnsn="3" lexsn="2:42:05::">were</wf>
<wf cmd="ignore" pos="DT">the</wf>
<wf cmd="tag" pos="JJ">greening</wf>
<wf cmd="tag" pos="NNS">trees</wf>
<punc>,</punc>
<wf cmd="tag" pos="JJ">new</wf>
<wf cmd="tag" pos="NN">spring</wf>
<punc>,</punc>
<wf cmd="tag" pos="JJ">eternal</wf>
<wf cmd="tag" pos="NN">hope</wf>
<punc>,</punc>
<wf cmd="tag" pos="NN">eternal_life</wf>
<punc>.</punc>
</s>
<s snum="59">
<wf cmd="ignore" pos="EX">There</wf>
<wf cmd="done" pos="VB" lemma="lie" wnsn="1" lexsn="2:42:00::">lay</wf>
<wf cmd="tag" pos="NNP">Grand_Fair</wf>
<wf cmd="ignore" pos="POS">'s</wf>
<wf cmd="tag" pos="NNP">Quinzaine</wf>
<punc>,</punc>
<wf cmd="ignore" pos="PRP$">his</wf>
<wf cmd="tag" pos="JJ">own</wf>
<wf cmd="tag" pos="JJ">young</wf>
<wf cmd="tag" pos="NNS">parents</wf>
<punc>'</punc>
<wf cmd="tag" pos="NNS">graves</wf>
<punc>,</punc>
<wf cmd="ignore" pos="CC">but</wf>
<wf cmd="tag" pos="JJ">new</wf>
<wf cmd="tag" pos="NN">life</wf>
<wf cmd="ignore" pos="CC">and</wf>
<wf cmd="tag" pos="NN">promise</wf>
<wf cmd="ignore" pos="IN">for</wf>
<wf cmd="ignore" pos="PRP$">his</wf>
<wf cmd="tag" pos="NNS">sons</wf>
<punc>,</punc>
<wf cmd="tag" pos="NNS">grandsons</wf>
<punc>.</punc>
</s>
<s snum="60">
<wf cmd="ignore" pos="PRP">He</wf>
<wf cmd="done" pos="VB" lemma="pour" wnsn="3" lexsn="2:38:04::">poured</wf>
<wf cmd="ignore" pos="PRP$">his</wf>
<wf cmd="tag" pos="NN">thimble</wf>
<wf cmd="ignore" pos="IN">of</wf>
<wf cmd="tag" pos="NN">wine</wf>
<wf cmd="ignore" pos="IN">for</wf>
<wf cmd="ignore" pos="DT">the</wf>
<wf cmd="tag" pos="NN">toast</wf>
<wf cmd="ignore" pos="PRP">he</wf>
<wf cmd="ignore" pos="MD">'d</wf>
<wf cmd="done" pos="VB" lemma="make" wnsn="1" lexsn="2:41:00::">made</wf>
<wf cmd="tag" pos="RB">so</wf>
<wf cmd="tag" pos="RB">often</wf>
<punc>.</punc>
</s>
<s snum="61">
<punc>``</punc>
<wf cmd="ignore" pos="TO">To</wf>
<wf cmd="tag" pos="JJ">absent</wf>
<wf cmd="tag" pos="NN">loved_ones</wf>
<punc>''</punc>
<punc>.</punc>
</s>
<s snum="62">
<wf cmd="ignore" pos="CC">But</wf>
<wf cmd="ignore" pos="DT">this</wf>
<wf cmd="tag" pos="JJ">last</wf>
<wf cmd="tag" pos="NN">time</wf>
<wf cmd="ignore" pos="PRP">he</wf>
<wf cmd="done" pos="VB" lemma="drink" wnsn="3" lexsn="2:34:12::">drank</wf>
<wf cmd="tag" pos="RB">not</wf>
<wf cmd="ignore" pos="TO">to</wf>
<wf cmd="tag" pos="NNP">Brace</wf>
<wf cmd="ignore" pos="CC">but</wf>
<punc>``</punc>
<wf cmd="ignore" pos="TO">To</wf>
<wf cmd="tag" pos="NNP">Tolley</wf>
<punc>''</punc>
<punc>!</punc>
</s>
</p>
<p pnum="21">
<s snum="63">
<wf cmd="tag" pos="NNP">Mr._Robards</wf>
<punc>-</punc>
<wf cmd="tag" pos="NNP">Jenny</wf>
<wf cmd="done" pos="VB" lemma="be" wnsn="2" lexsn="2:42:06::">was</wf>
<wf cmd="ignore" pos="DT">the</wf>
<wf cmd="tag" pos="JJ">only</wf>
<wf cmd="tag" pos="NN">person</wf>
<wf cmd="ignore" pos="PRP">she</wf>
<wf cmd="done" pos="VB" lemma="know" wnsn="4" lexsn="2:31:00::">knew</wf>
<wf cmd="ignore" pos="IN">of</wf>
<wf cmd="ignore" pos="IN">in</wf>
<wf cmd="ignore" pos="DT">the</wf>
<wf cmd="tag" pos="NNP">Mt._Pleasant</wf>
<wf cmd="tag" pos="NN">neighborhood</wf>
<wf cmd="ignore" pos="WP">who</wf>
<wf cmd="done" pos="VB" lemma="call" wnsn="1" lexsn="2:32:02::">called</wf>
<wf cmd="ignore" pos="PRP">him</wf>
<wf cmd="ignore" pos="IN">that</wf>
<punc>-</punc>
<wf cmd="done" pos="VB" lemma="be" wnsn="1" lexsn="2:42:03::">was</wf>
<wf cmd="tag" pos="NN">kind</wf>
<wf cmd="ignore" pos="CC">but</wf>
<wf cmd="tag" pos="RB">too</wf>
<wf cmd="tag" pos="JJ">easygoing</wf>
<punc>.</punc>
</s>
<s snum="64">
<wf cmd="ignore" pos="PRP">It</wf>
<wf cmd="done" pos="VBD" ot="notag">did</wf>
<wf cmd="tag" pos="RB">n't</wf>
<wf cmd="done" pos="VB" lemma="bother" wnsn="2" lexsn="2:37:00::">bother</wf>
<wf cmd="ignore" pos="PRP">him</wf>
<wf cmd="ignore" pos="IN">for</wf>
<wf cmd="tag" pos="NN">everybody</wf>
<wf cmd="ignore" pos="IN">from</wf>
<wf cmd="ignore" pos="DT">the</wf>
<wf cmd="tag" pos="NN">blacksmith</wf>
<wf cmd="ignore" pos="TO">to</wf>
<wf cmd="ignore" pos="DT">the</wf>
<wf cmd="tag" pos="NN">preacher</wf>
<wf cmd="ignore" pos="TO">to</wf>
<wf cmd="done" pos="VB" lemma="say" wnsn="1" lexsn="2:32:00::">say</wf>
<punc>,</punc>
<punc>``</punc>
<wf cmd="ignore" pos="UH">Howdy</wf>
<punc>,</punc>
<wf cmd="tag" pos="NNP">Miss_Jenny</wf>
<punc>''</punc>
<punc>,</punc>
<wf cmd="done" pos="VB" lemma="add" wnsn="2" lexsn="2:32:01::">adding</wf>
<wf cmd="ignore" pos="DT">a</wf>
<wf cmd="tag" pos="JJ">careless</wf>
<punc>``</punc>
<wf cmd="tag" pos="NNP">Roy</wf>
<punc>''</punc>
<punc>,</punc>
<wf cmd="ignore" pos="CC">but</wf>
<wf cmd="ignore" pos="PRP">it</wf>
<wf cmd="done" pos="VBD" ot="notag">did</wf>
<wf cmd="ignore" pos="PRP$">her</wf>
<punc>.</punc>
</s>
</p>
<p pnum="22">
<s snum="65">
<wf cmd="ignore" pos="PRP">He</wf>
<wf cmd="ignore" pos="MD">could</wf>
<wf cmd="done" pos="VB" ot="notag">put</wf>
<wf cmd="ignore" pos="DT">a</wf>
<wf cmd="tag" pos="NN">stop</wf>
<wf cmd="tag" pos="RB">to_it</wf>
<punc>,</punc>
<wf cmd="ignore" pos="PRP">she</wf>
<wf cmd="done" pos="VB" lemma="tell" wnsn="1" lexsn="2:32:04::">told</wf>
<wf cmd="ignore" pos="PRP">him</wf>
<wf cmd="tag" pos="RB">again_and_again</wf>
<punc>.</punc>
</s>
<s snum="66">
<wf cmd="tag" pos="RB">Simply</wf>
<wf cmd="done" pos="VB" lemma="call" wnsn="1" lexsn="2:32:02::">call</wf>
<wf cmd="tag" pos="NNP">Mr._Whipsnade_Oscar</wf>
<punc>,</punc>
<wf cmd="ignore" pos="CC">and</wf>
<wf cmd="tag" pos="NNP">Dr._Dunne_P._G.</wf>
<punc>,</punc>
<wf cmd="ignore" pos="CC">and</wf>
<wf cmd="tag" pos="NN">C</wf>
<punc>'</punc>
<wf cmd="ignore" pos="FW">un</wf>
<wf cmd="tag" pos="NNP">Major_Frank</wf>
<punc>.</punc>
</s>
<s snum="67">
<wf cmd="tag" pos="NNP">Mr._Robards</wf>
<wf cmd="done" pos="VB" lemma="laugh" wnsn="1" lexsn="2:29:00::">laughed</wf>
<punc>,</punc>
<wf cmd="done" pos="VB" lemma="say" wnsn="1" lexsn="2:32:00::">said</wf>
<wf cmd="ignore" pos="PRP">he</wf>
<wf cmd="ignore" pos="MD">'d</wf>
<wf cmd="done" pos="VB" lemma="feel" wnsn="5" lexsn="2:31:01::">feel</wf>
<wf cmd="ignore" pos="DT">a</wf>
<wf cmd="tag" pos="JJ">damn</wf>
<wf cmd="tag" pos="NN">fool</wf>
<punc>,</punc>
<wf cmd="tag" pos="RB">plain-out</wf>
<wf cmd="ignore" pos="MD">could</wf>
<wf cmd="tag" pos="RB">n't</wf>
<wf cmd="done" pos="VB" lemma="do" wnsn="1" lexsn="2:41:01::">do</wf>
<wf cmd="ignore" pos="IN">that</wf>
<wf cmd="tag" pos="RB">even</wf>
<wf cmd="ignore" pos="TO">to</wf>
<wf cmd="done" pos="VB" lemma="please" wnsn="1" lexsn="2:37:00::">please</wf>
<wf cmd="ignore" pos="PRP$">her</wf>
<punc>.</punc>
</s>
</p>
<p pnum="23">
<s snum="68">
<punc>``</punc>
<wf cmd="ignore" pos="PRP">You</wf>
<wf cmd="ignore" pos="MD">could</wf>
<wf cmd="done" pos="VB" lemma="try" wnsn="1" lexsn="2:41:00::">try</wf>
<punc>.</punc>
</s>
<s snum="69">
<wf cmd="ignore" pos="CC">And</wf>
<wf cmd="ignore" pos="IN">if</wf>
<wf cmd="ignore" pos="PRP">I</wf>
<wf cmd="tag" pos="RB">ever</wf>
<wf cmd="done" pos="VB" lemma="hear" wnsn="1" lexsn="2:39:00::">hear</wf>
<wf cmd="ignore" pos="PRP">you</wf>
<wf cmd="done" pos="VB" lemma="say" wnsn="1" lexsn="2:32:00::">say</wf>
<punc>'</punc>
<wf cmd="tag" pos="NNP">Mist_Laban</wf>
<punc>'</punc>
<wf cmd="tag" pos="RB">again</wf>
<wf cmd="ignore" pos="PRP">I</wf>
<wf cmd="ignore" pos="MD">'ll</wf>
<wf cmd="done" pos="VB" lemma="scream" wnsn="1" lexsn="2:32:01::">scream</wf>
<punc>.</punc>
</s>
<s snum="70">
<wf cmd="ignore" pos="CC">And</wf>
<wf cmd="done" pos="VBP" ot="notag">do</wf>
<wf cmd="tag" pos="RB">n't</wf>
<wf cmd="done" pos="VB" lemma="tell" wnsn="1" lexsn="2:32:04::">tell</wf>
<wf cmd="ignore" pos="PRP">me</wf>
<wf cmd="ignore" pos="PRP">you</wf>
<wf cmd="done" pos="VB" ot="notag">did</wf>
<wf cmd="tag" pos="RB">n't</wf>
<wf cmd="ignore" pos="IN">at</wf>
<wf cmd="tag" pos="NN">church</wf>
<wf cmd="tag" pos="NNP">Sunday</wf>
<punc>.</punc>
</s>
<s snum="71">
<wf cmd="ignore" pos="PRP">I</wf>
<wf cmd="done" pos="VB" lemma="hear" wnsn="1" lexsn="2:39:00::">heard</wf>
<wf cmd="ignore" pos="PRP">you</wf>
<punc>''</punc>
<punc>!</punc>
</s>
</p>
<p pnum="24">
<s snum="72">
<wf cmd="ignore" pos="PRP">He</wf>
<wf cmd="tag" pos="RB">really</wf>
<wf cmd="done" pos="VBD" ot="notag">had</wf>
<wf cmd="tag" pos="RB">n't</wf>
<wf cmd="done" pos="VB" lemma="mean" wnsn="4" lexsn="2:31:00::">meant</wf>
<wf cmd="ignore" pos="TO">to</wf>
<punc>,</punc>
<wf cmd="ignore" pos="PRP">he</wf>
<wf cmd="done" pos="VB" lemma="assure" wnsn="3" lexsn="2:32:01::">assured</wf>
<wf cmd="ignore" pos="PRP$">her</wf>
<punc>,</punc>
<wf cmd="ignore" pos="CC">but</wf>
<wf cmd="ignore" pos="PRP">it</wf>
<wf cmd="done" pos="VB" lemma="be" wnsn="1" lexsn="2:42:03::">was</wf>
<wf cmd="tag" pos="JJ">plain</wf>
<wf cmd="ignore" pos="TO">to</wf>
<wf cmd="ignore" pos="PRP">her</wf>
<wf cmd="ignore" pos="IN">that</wf>
<wf cmd="ignore" pos="DT">the</wf>
<wf cmd="tag" pos="NN">importance</wf>
<wf cmd="ignore" pos="IN">of</wf>
<wf cmd="ignore" pos="DT">these</wf>
<wf cmd="tag" pos="JJ">small</wf>
<wf cmd="tag" pos="NNS">things</wf>
<wf cmd="done" pos="VB" lemma="be" wnsn="1" lexsn="2:42:03::">was</wf>
<wf cmd="tag" pos="JJ">lost</wf>
<wf cmd="ignore" pos="IN">on</wf>
<wf cmd="tag" pos="NNP">Mr._Robards</wf>
<punc>.</punc>
</s>
<s snum="73">
<wf cmd="ignore" pos="WRB">How</wf>
<wf cmd="tag" pos="JJ">strange</wf>
<wf cmd="ignore" pos="PRP">it</wf>
<wf cmd="done" pos="VB" lemma="be" wnsn="1" lexsn="2:42:03::">was</wf>
<wf cmd="ignore" pos="IN">that</wf>
<wf cmd="ignore" pos="PRP">he</wf>
<wf cmd="ignore" pos="MD">could</wf>
<wf cmd="done" pos="VB" lemma="give" wnsn="3" lexsn="2:40:00::">give</wf>
<wf cmd="ignore" pos="PRP$">her</wf>
<wf cmd="ignore" pos="DT">this</wf>
<wf cmd="tag" pos="JJ">handsome</wf>
<wf cmd="tag" pos="NN">house</wf>
<wf cmd="ignore" pos="CC">and</wf>
<wf cmd="tag" pos="NN">carte_blanche</wf>
<wf cmd="tag" pos="RB">as</wf>
<wf cmd="ignore" pos="TO">to</wf>
<wf cmd="ignore" pos="PRP$">its</wf>
<wf cmd="tag" pos="JJ">beautiful</wf>
<wf cmd="tag" pos="NNS">furnishings</wf>
<punc>,</punc>
<wf cmd="ignore" pos="CC">and</wf>
<wf cmd="done" pos="VB" lemma="fail" wnsn="3" lexsn="2:37:00::">fail</wf>
<wf cmd="ignore" pos="PRP">her</wf>
<wf cmd="ignore" pos="IN">in</wf>
<punc>-</punc>
<wf cmd="tag" pos="JJ">spiritual</wf>
<wf cmd="tag" pos="NNS">ways</wf>
<punc>.</punc>
</s>
</p>
<p pnum="25">
<s snum="74">
<wf cmd="ignore" pos="DT">Another</wf>
<wf cmd="tag" pos="NN">weakness</wf>
<punc>-</punc>
<wf cmd="tag" pos="RB">far</wf>
<wf cmd="tag" pos="RBR">more</wf>
<wf cmd="tag" pos="JJ">irritating</wf>
<wf cmd="ignore" pos="IN">than</wf>
<wf cmd="ignore" pos="PRP$">his</wf>
<wf cmd="tag" pos="NN">manner_of_speaking</wf>
<punc>,</punc>
<wf cmd="ignore" pos="WDT">which</wf>
<wf cmd="ignore" pos="PRP">he</wf>
<wf cmd="done" pos="VB" lemma="make" wnsn="1" lexsn="2:41:00::">made</wf>
<wf cmd="tag" pos="RB">only</wf>
<wf cmd="tag" pos="JJ">token</wf>
<wf cmd="tag" pos="NN">effort</wf>
<wf cmd="ignore" pos="TO">to</wf>
<wf cmd="done" pos="VB" lemma="change" wnsn="1" lexsn="2:30:01::">change</wf>
<punc>-</punc>
<wf cmd="done" pos="VB" lemma="be" wnsn="2" lexsn="2:42:06::">was</wf>
<wf cmd="ignore" pos="PRP$">his</wf>
<wf cmd="tag" pos="NN">devotion</wf>
<wf cmd="tag" pos="RB">to_that</wf>
<wf cmd="tag" pos="JJ">old</wf>
<wf cmd="tag" pos="NN">horse</wf>
<wf cmd="ignore" pos="IN">of</wf>
<wf cmd="tag" pos="NNP">Tolley</wf>
<wf cmd="ignore" pos="POS">'s</wf>
<punc>.</punc>
</s>
<s snum="75">
<wf cmd="ignore" pos="PRP$">Her</wf>
<wf cmd="tag" pos="NN">horse</wf>
<punc>,</punc>
<wf cmd="tag" pos="RB">rather</wf>
<punc>.</punc>
</s>
<s snum="76">
<wf cmd="ignore" pos="CC">But</wf>
<wf cmd="tag" pos="NNP">Mr._Robards</wf>
<punc>'</punc>
<wf cmd="tag" pos="RB">now</wf>
<punc>,</punc>
<wf cmd="ignore" pos="UH">oh</wf>
<wf cmd="ignore" pos="PRP$">my</wf>
<wf cmd="ignore" pos="UH">yes</wf>
<punc>,</punc>
<wf cmd="tag" pos="RB">indeed</wf>
<punc>,</punc>
<wf cmd="ignore" pos="UH">yes</wf>
<punc>!</punc>
</s>
<s snum="77">
<wf cmd="ignore" pos="PRP">He</wf>
<wf cmd="done" pos="VB" lemma="call" wnsn="1" lexsn="2:32:02::">called</wf>
<wf cmd="ignore" pos="PRP$">her</wf>
<punc>``</punc>
<wf cmd="ignore" pos="DT">the</wf>
<wf cmd="tag" pos="NN">Mare</wf>
<punc>''</punc>
<wf cmd="tag" pos="RB">much_as</wf>
<wf cmd="tag" pos="NNP">Mrs._Whipsnade</wf>
<wf cmd="done" pos="VB" lemma="speak" wnsn="1" lexsn="2:32:00::">spoke</wf>
<wf cmd="ignore" pos="IN">of</wf>
<punc>``</punc>
<wf cmd="ignore" pos="DT">the</wf>
<wf cmd="tag" pos="NNP">Queen</wf>
<punc>,</punc>
<wf cmd="tag" pos="NNP">God</wf>
<wf cmd="done" pos="VB" lemma="bless" wnsn="1" lexsn="2:32:00::">bless</wf>
<wf cmd="ignore" pos="PRP$">her</wf>
<punc>''</punc>
<punc>.</punc>
</s>
<s snum="78">
<wf cmd="ignore" pos="PRP">He</wf>
<punc>,</punc>
<wf cmd="ignore" pos="IN">with</wf>
<wf cmd="tag" pos="CD">fifteen</wf>
<wf cmd="ignore" pos="CC">or</wf>
<wf cmd="tag" pos="CD">twenty</wf>
<wf cmd="tag" pos="NNS">horses</wf>
<wf cmd="ignore" pos="CC">or</wf>
<wf cmd="tag" pos="NNS">mares</wf>
<wf cmd="ignore" pos="CC">or</wf>
<wf cmd="tag" pos="NNS">geldings</wf>
<wf cmd="ignore" pos="CC">or</wf>
<wf cmd="tag" pos="NNS">what-nots</wf>
<wf cmd="ignore" pos="IN">out</wf>
<wf cmd="tag" pos="RB">there</wf>
<wf cmd="ignore" pos="IN">in</wf>
<wf cmd="ignore" pos="DT">the</wf>
<wf cmd="tag" pos="NN">barn</wf>
<punc>,</punc>
<wf cmd="done" pos="VB" lemma="be" wnsn="1" lexsn="2:42:03::">was</wf>
<wf cmd="tag" pos="JJ">reverent</wf>
<wf cmd="tag" pos="RB">only</wf>
<wf cmd="ignore" pos="IN">of</wf>
<punc>``</punc>
<wf cmd="ignore" pos="DT">the</wf>
<wf cmd="tag" pos="NN">Mare</wf>
<punc>''</punc>
<punc>,</punc>
<punc>``</punc>
<wf cmd="ignore" pos="DT">the</wf>
<wf cmd="tag" pos="NNP">Racin</wf>
<punc>'</punc>
<wf cmd="tag" pos="NNP">Mare</wf>
<punc>''</punc>
<punc>,</punc>
<wf cmd="ignore" pos="DT">the</wf>
<wf cmd="tag" pos="JJ">revolting</wf>
<wf cmd="tag" pos="NNP">Gunny</wf>
<punc>.</punc>
</s>
</p>
<p pnum="26">
<s snum="79">
<wf cmd="ignore" pos="IN">For</wf>
<wf cmd="ignore" pos="DT">the</wf>
<wf cmd="tag" pos="JJ">first</wf>
<wf cmd="tag" pos="JJ">few</wf>
<wf cmd="tag" pos="NNS">months</wf>
<wf cmd="ignore" pos="IN">of</wf>
<wf cmd="ignore" pos="PRP$">their</wf>
<wf cmd="tag" pos="NN">marriage</wf>
<wf cmd="ignore" pos="PRP">she</wf>
<wf cmd="done" pos="VBD" ot="notag">had</wf>
<wf cmd="done" pos="VB" lemma="try" wnsn="1" lexsn="2:41:00::">tried</wf>
<wf cmd="ignore" pos="TO">to</wf>
<wf cmd="done" pos="VB" lemma="be" wnsn="1" lexsn="2:42:03::">be</wf>
<wf cmd="tag" pos="JJ">nice</wf>
<wf cmd="ignore" pos="IN">about</wf>
<wf cmd="tag" pos="NNP">Gunny</wf>
<punc>,</punc>
<wf cmd="done" pos="VB" lemma="go" wnsn="1" lexsn="2:38:00::">going</wf>
<wf cmd="tag" pos="RB">out</wf>
<wf cmd="tag" pos="RB">with</wf>
<wf cmd="ignore" pos="PRP">him</wf>
<wf cmd="ignore" pos="TO">to</wf>
<wf cmd="done" pos="VB" lemma="watch" wnsn="2" lexsn="2:41:00::">watch</wf>
<wf cmd="ignore" pos="DT">this</wf>
<wf cmd="tag" pos="NN">pearl</wf>
<wf cmd="ignore" pos="IN">without</wf>
<wf cmd="tag" pos="NN">price</wf>
<wf cmd="done" pos="VB" lemma="stamp" wnsn="1" lexsn="2:38:00::">stamp</wf>
<wf cmd="tag" pos="RB">imperiously</wf>
<wf cmd="ignore" pos="IN">around</wf>
<wf cmd="ignore" pos="IN">in</wf>
<wf cmd="ignore" pos="PRP$">her</wf>
<wf cmd="tag" pos="NN">stall</wf>
<punc>.</punc>
</s>
<s snum="80">
<wf cmd="ignore" pos="CC">And</wf>
<wf cmd="ignore" pos="WP">what</wf>
<wf cmd="done" pos="VBD" ot="notag">had</wf>
<wf cmd="done" pos="VB" lemma="happen" wnsn="1" lexsn="2:30:00::">happened</wf>
<punc>?</punc>
</s>
<s snum="81">
<wf cmd="tag" pos="NNP">Gunny</wf>
<wf cmd="tag" pos="RB">invariably</wf>
<wf cmd="done" pos="VB" lemma="try" wnsn="1" lexsn="2:41:00::">tried</wf>
<wf cmd="ignore" pos="TO">to</wf>
<wf cmd="done" pos="VB" lemma="bite" wnsn="1" lexsn="2:35:00::">bite</wf>
<wf cmd="ignore" pos="PRP$">her</wf>
<punc>.</punc>
</s>
<s snum="82">
<wf cmd="tag" pos="NNS">Nerves</wf>
<punc>,</punc>
<wf cmd="tag" pos="NNP">Mr._Robards</wf>
<wf cmd="done" pos="VB" lemma="say" wnsn="1" lexsn="2:32:00::">said</wf>
<punc>,</punc>
<wf cmd="tag" pos="RB">just</wf>
<wf cmd="ignore" pos="DT">a</wf>
<wf cmd="tag" pos="NN">nip</wf>
<wf cmd="tag" pos="RB">anyway</wf>
<punc>.</punc>
</s>
<s snum="83">
<punc>``</punc>
<wf cmd="done" pos="VB" lemma="stand_back" wnsn="1" lexsn="2:42:00::">Stand_back</wf>
<punc>,</punc>
<wf cmd="tag" pos="NNP">Miss_Jen</wf>
<punc>,</punc>
<wf cmd="ignore" pos="PRP">she</wf>
<wf cmd="done" rdf="is" pos="VB" lemma="be" wnsn="1" lexsn="2:42:03::">'s</wf>
<wf cmd="tag" pos="NN">oneasy</wf>
<wf cmd="ignore" pos="IN">of</wf>
<wf cmd="ignore" pos="PRP$">your</wf>
<wf cmd="tag" pos="NN">scarf</wf>
<punc>''</punc>
<punc>.</punc>
</s>
<s snum="84">
<wf cmd="tag" pos="RB">Never</wf>
<punc>,</punc>
<punc>``</punc>
<wf cmd="done" pos="VB" lemma="quit" wnsn="1" lexsn="2:42:04::">Quit</wf>
<wf cmd="tag" pos="RB">that</wf>
<punc>,</punc>
<wf cmd="ignore" pos="PRP">you</wf>
<wf cmd="tag" pos="JJ">sor</wf>
<punc>'</punc>
<wf cmd="tag" pos="NN">l</wf>
<wf cmd="tag" pos="NN">devil</wf>
<punc>''</punc>
<punc>!</punc>
</s>
<s snum="85">
<wf cmd="tag" pos="RB">Never</wf>
<wf cmd="tag" pos="NN">concern</wf>
<wf cmd="ignore" pos="IN">for</wf>
<wf cmd="ignore" pos="PRP$">his</wf>
<wf cmd="tag" pos="NN">wife</wf>
<wf cmd="ignore" pos="POS">'s</wf>
<wf cmd="tag" pos="NNS">nerves</wf>
<punc>,</punc>
<wf cmd="ignore" pos="CC">or</wf>
<wf cmd="ignore" pos="DT">the</wf>
<wf cmd="tag" pos="NN">danger</wf>
<wf cmd="ignore" pos="IN">that</wf>
<wf cmd="ignore" pos="DT">the</wf>
<wf cmd="tag" pos="JJ">curled</wf>
<wf cmd="tag" pos="NN">lip</wf>
<wf cmd="ignore" pos="CC">and</wf>
<wf cmd="tag" pos="JJ">big</wf>
<wf cmd="tag" pos="NNS">teeth</wf>
<wf cmd="ignore" pos="MD">might</wf>
<wf cmd="done" pos="VB" lemma="mark" wnsn="8" lexsn="2:35:02::">mark</wf>
<wf cmd="ignore" pos="PRP$">their</wf>
<wf cmd="tag" pos="JJ">own</wf>
<wf cmd="tag" pos="JJ">dear</wf>
<wf cmd="tag" pos="NN">baby</wf>
<wf cmd="tag" pos="JJ">due</wf>
<wf cmd="ignore" pos="IN">in</wf>
<wf cmd="tag" pos="NNP">January</wf>
<punc>.</punc>
</s>
<s snum="86">
<wf cmd="ignore" pos="PRP">She</wf>
<wf cmd="ignore" pos="MD">mus</wf>
<wf cmd="tag" pos="RB">n't</wf>
<wf cmd="done" pos="VB" lemma="annoy" wnsn="1" lexsn="2:37:00::">annoy</wf>
<wf cmd="tag" pos="NNP">Gunny</wf>
<wf cmd="ignore" pos="WP$">whose</wf>
<wf cmd="tag" pos="NN">foal</wf>
<wf cmd="done" pos="VB" lemma="be" wnsn="1" lexsn="2:42:03::">was</wf>
<wf cmd="tag" pos="JJ">due</wf>
<wf cmd="tag" pos="RB">then</wf>
<wf cmd="tag" pos="RB">too</wf>
<punc>!</punc>
</s>
</p>
<p pnum="27">
<s snum="87">
<wf cmd="done" pos="VB" lemma="listen" wnsn="1" lexsn="2:39:00::">Listening</wf>
<wf cmd="ignore" pos="IN">for</wf>
<wf cmd="tag" pos="NNS">hours</wf>
<wf cmd="ignore" pos="TO">to</wf>
<wf cmd="ignore" pos="PRP$">his</wf>
<wf cmd="tag" pos="NNS">laments</wf>
<wf cmd="ignore" pos="IN">that</wf>
<wf cmd="ignore" pos="DT">the</wf>
<wf cmd="tag" pos="NN">war</wf>
<wf cmd="ignore" pos="CC">and</wf>
<punc>``</punc>
<wf cmd="tag" pos="NNP">Mist_Fair</wf>
<wf cmd="ignore" pos="POS">'s</wf>
<punc>''</punc>
<wf cmd="tag" pos="NN">poverty</wf>
<wf cmd="tag" pos="RB">afterwards</wf>
<wf cmd="done" pos="VBD" ot="notag">had</wf>
<wf cmd="done" pos="VB" lemma="rob" wnsn="2" lexsn="2:40:01::">robbed</wf>
<wf cmd="ignore" pos="DT">the</wf>
<wf cmd="tag" pos="NN">mare</wf>
<wf cmd="ignore" pos="IN">of</wf>
<wf cmd="tag" pos="JJ">many_a</wf>
<wf cmd="tag" pos="NN">racing</wf>
<wf cmd="tag" pos="NN">triumph</wf>
<punc>,</punc>
<wf cmd="ignore" pos="CC">and</wf>
<wf cmd="ignore" pos="TO">to</wf>
<wf cmd="ignore" pos="PRP$">his</wf>
<wf cmd="tag" pos="NNS">predictions</wf>
<wf cmd="ignore" pos="IN">of</wf>
<wf cmd="tag" pos="NN">greatness</wf>
<wf cmd="ignore" pos="IN">for</wf>
<wf cmd="ignore" pos="DT">the</wf>
<wf cmd="tag" pos="NN">procession</wf>
<wf cmd="ignore" pos="IN">of</wf>
<wf cmd="tag" pos="NNS">foals</wf>
<wf cmd="ignore" pos="TO">to</wf>
<wf cmd="done" pos="VB" lemma="come" wnsn="2" lexsn="2:38:04::">come</wf>
<punc>,</punc>
<wf cmd="tag" pos="NNP">Jenny</wf>
<wf cmd="ignore" pos="MD">could</wf>
<wf cmd="done" pos="VB" lemma="look_forward" wnsn="1" lexsn="2:31:00::">look_forward</wf>
<wf cmd="done" pos="VB" ot="notag">to</wf>
<wf cmd="tag" pos="NNS">years</wf>
<wf cmd="ignore" pos="IN">of</wf>
<wf cmd="tag" pos="NN">conflict</wf>
<wf cmd="done" pos="VB" ot="notag">with</wf>
<wf cmd="ignore" pos="DT">an</wf>
<wf cmd="tag" pos="NN">animal</wf>
<wf cmd="ignore" pos="WP">who</wf>
<wf cmd="done" pos="VB" lemma="dislike" wnsn="1" lexsn="2:37:00::">disliked</wf>
<wf cmd="ignore" pos="PRP$">her</wf>
<wf cmd="tag" pos="RB">intensely</wf>
<wf cmd="ignore" pos="CC">and</wf>
<wf cmd="done" pos="VB" lemma="show" wnsn="2" lexsn="2:31:00::">showed</wf>
<wf cmd="ignore" pos="PRP">it</wf>
<punc>.</punc>
</s>
<s snum="88">
<wf cmd="tag" pos="NNP">Gunny</wf>
<wf cmd="done" pos="VB" lemma="symbolize" wnsn="1" lexsn="2:32:00::">symbolized</wf>
<wf cmd="tag" pos="RB">so_much</wf>
<wf cmd="ignore" pos="WDT">that</wf>
<wf cmd="done" pos="VB" lemma="be" wnsn="1" lexsn="2:42:03::">was</wf>
<wf cmd="tag" pos="JJ">unpleasant</wf>
<punc>-</punc>
<wf cmd="tag" pos="NNP">Tolley</wf>
<punc>,</punc>
<wf cmd="ignore" pos="DT">the</wf>
<wf cmd="tag" pos="NN">indifference</wf>
<wf cmd="ignore" pos="IN">with</wf>
<wf cmd="ignore" pos="WDT">which</wf>
<wf cmd="ignore" pos="DT">the</wf>
<wf cmd="tag" pos="NNP">Fairbrothers</wf>
<wf cmd="ignore" pos="CC">and</wf>
<wf cmd="tag" pos="RB">indeed</wf>
<wf cmd="ignore" pos="DT">the</wf>
<wf cmd="tag" pos="JJ">whole</wf>
<wf cmd="tag" pos="NN">neighborhood</wf>
<wf cmd="tag" pos="RB">now</wf>
<wf cmd="done" pos="VB" lemma="treat" wnsn="1" lexsn="2:41:00::">treated</wf>
<wf cmd="ignore" pos="PRP$">her</wf>
<wf cmd="ignore" pos="CC">and</wf>
<wf cmd="ignore" pos="WDT">which</wf>
<wf cmd="ignore" pos="PRP">she</wf>
<wf cmd="ignore" pos="MD">would</wf>
<wf cmd="done" pos="VB" lemma="die" wnsn="1" lexsn="2:30:00::">die</wf>
<wf cmd="tag" pos="RB">rather_than</wf>
<wf cmd="done" pos="VB" lemma="acknowledge" wnsn="1" lexsn="2:32:00::">acknowledge</wf>
<wf cmd="ignore" pos="TO">to</wf>
<wf cmd="ignore" pos="PRP$">her</wf>
<wf cmd="tag" pos="NN">husband</wf>
<punc>,</punc>
<wf cmd="ignore" pos="PRP$">his</wf>
<wf cmd="tag" pos="NN">lack</wf>
<wf cmd="ignore" pos="IN">of</wf>
<wf cmd="tag" pos="NN">understanding</wf>
<wf cmd="ignore" pos="CC">and</wf>
<wf cmd="tag" pos="NN">sympathy</wf>
<wf cmd="ignore" pos="IN">in</wf>
<wf cmd="ignore" pos="PRP$">her</wf>
<wf cmd="tag" pos="JJ">present</wf>
<wf cmd="tag" pos="NN">condition</wf>
<punc>,</punc>
<wf cmd="ignore" pos="PRP$">her</wf>
<wf cmd="tag" pos="JJ">disgusting</wf>
<wf cmd="tag" pos="JJ">swollen</wf>
<wf cmd="tag" pos="NN">stomach</wf>
<punc>.</punc>
</s>
</p>
<p pnum="28">
<s snum="89">
<wf cmd="tag" pos="NNP">Human</wf>
<wf cmd="tag" pos="NN">birth</wf>
<wf cmd="done" pos="VB" lemma="be" wnsn="1" lexsn="2:42:03::">was</wf>
<wf cmd="ignore" pos="DT">no</wf>
<wf cmd="tag" pos="NN">novelty</wf>
<wf cmd="ignore" pos="TO">to</wf>
<wf cmd="tag" pos="NNP">Mr._Robards</wf>
<punc>.</punc>
</s>
<s snum="90">
<wf cmd="tag" pos="NNP">Tillie</wf>
<wf cmd="done" pos="VB" lemma="be" wnsn="2" lexsn="2:42:06::">was</wf>
<wf cmd="ignore" pos="DT">a</wf>
<wf cmd="tag" pos="JJ">fine</wf>
<wf cmd="tag" pos="NN">midwife</wf>
<wf cmd="ignore" pos="CC">and</wf>
<wf cmd="ignore" pos="MD">could</wf>
<wf cmd="done" pos="VB" lemma="get" wnsn="5" lexsn="2:38:00::">get</wf>
<wf cmd="tag" pos="RB">here</wf>
<wf cmd="tag" pos="JJ">quick</wf>
<punc>,</punc>
<wf cmd="ignore" pos="PRP">he</wf>
<wf cmd="done" pos="VB" lemma="suggest" wnsn="5" lexsn="2:32:01::">suggested</wf>
<punc>.</punc>
</s>
<s snum="91">
<wf cmd="tag" pos="NNP">Jenny</wf>
<wf cmd="ignore" pos="POS">'s</wf>
<wf cmd="tag" pos="NN">aversion</wf>
<wf cmd="ignore" pos="TO">to</wf>
<wf cmd="done" pos="VB" lemma="have" wnsn="7" lexsn="2:41:00::">having</wf>
<wf cmd="tag" pos="NNP">Dr._Dunne</wf>
<punc>,</punc>
<wf cmd="ignore" pos="DT">a</wf>
<wf cmd="tag" pos="JJ">former</wf>
<wf cmd="tag" pos="NN">admirer</wf>
<punc>,</punc>
<wf cmd="done" pos="VB" lemma="seem" wnsn="1" lexsn="2:39:00::">seemed</wf>
<wf cmd="tag" pos="JJ">silly</wf>
<wf cmd="ignore" pos="TO">to</wf>
<wf cmd="ignore" pos="PRP">him</wf>
<punc>,</punc>
<wf cmd="ignore" pos="CC">but</wf>
<wf cmd="ignore" pos="PRP">he</wf>
<wf cmd="ignore" pos="MD">would</wf>
<wf cmd="done" pos="VB" lemma="humor" wnsn="1" lexsn="2:32:00::">humor</wf>
<wf cmd="ignore" pos="PRP$">her</wf>
<punc>,</punc>
<wf cmd="done" pos="VB" lemma="get" wnsn="1" lexsn="2:40:00::">get</wf>
<wf cmd="tag" pos="NN">anybody</wf>
<wf cmd="ignore" pos="PRP">she</wf>
<wf cmd="done" pos="VB" lemma="want" wnsn="1" lexsn="2:37:00::">wanted</wf>
<punc>,</punc>
<wf cmd="ignore" pos="DT">the</wf>
<wf cmd="tag" pos="JJS">best</wf>
<wf cmd="tag" pos="RB">never</wf>
<wf cmd="done" pos="VB" lemma="be" wnsn="1" lexsn="2:42:03::">being</wf>
<wf cmd="tag" pos="RB">too</wf>
<wf cmd="tag" pos="JJ">good</wf>
<wf cmd="ignore" pos="IN">for</wf>
<wf cmd="ignore" pos="PRP$">her</wf>
<punc>.</punc>
</s>
</p>
<p pnum="29">
<s snum="92">
<wf cmd="ignore" pos="DT">The</wf>
<wf cmd="tag" pos="NNS">chances</wf>
<wf cmd="done" pos="VB" lemma="be" wnsn="1" lexsn="2:42:03::">were</wf>
<wf cmd="done" pos="VB" ot="notag">against</wf>
<wf cmd="ignore" pos="PRP$">his</wf>
<wf cmd="done" pos="VB" lemma="be" wnsn="5" lexsn="2:42:04::">being</wf>
<wf cmd="tag" pos="RB">here</wf>
<wf cmd="ignore" pos="TO">to</wf>
<wf cmd="done" pos="VB" lemma="humor" wnsn="1" lexsn="2:32:00::">humor</wf>
<wf cmd="ignore" pos="PRP$">her</wf>
<wf cmd="ignore" pos="WRB">when</wf>
<wf cmd="ignore" pos="PRP$">her</wf>
<wf cmd="tag" pos="NN">time</wf>
<wf cmd="done" pos="VB" lemma="come" wnsn="2" lexsn="2:38:04::">came</wf>
<punc>,</punc>
<wf cmd="ignore" pos="PRP">she</wf>
<wf cmd="done" pos="VB" lemma="be" wnsn="1" lexsn="2:42:03::">was</wf>
<wf cmd="tag" pos="JJ">sure</wf>
<punc>.</punc>
</s>
<s snum="93">
<wf cmd="ignore" pos="PRP">He</wf>
<wf cmd="ignore" pos="MD">would</wf>
<wf cmd="done" pos="VB" lemma="be" wnsn="3" lexsn="2:42:05::">be</wf>
<wf cmd="ignore" pos="IN">in</wf>
<wf cmd="ignore" pos="DT">the</wf>
<wf cmd="tag" pos="NN">barn</wf>
<punc>,</punc>
<wf cmd="ignore" pos="CC">or</wf>
<wf cmd="done" pos="VB" lemma="ride" wnsn="2" lexsn="2:38:00::">riding</wf>
<wf cmd="ignore" pos="IN">for</wf>
<wf cmd="ignore" pos="DT">the</wf>
<wf cmd="tag" pos="NN">veterinarian</wf>
<punc>!</punc>
</s>
<s snum="94">
<wf cmd="tag" pos="NNP">Night</wf>
<wf cmd="ignore" pos="IN">after</wf>
<wf cmd="tag" pos="NN">night</wf>
<wf cmd="ignore" pos="PRP">he</wf>
<wf cmd="done" pos="VB" lemma="stay" wnsn="3" lexsn="2:42:01::">stayed</wf>
<wf cmd="ignore" pos="IN">with</wf>
<wf cmd="tag" pos="NNP">Gunny</wf>
<wf cmd="ignore" pos="IN">in</wf>
<wf cmd="ignore" pos="DT">the</wf>
<wf cmd="tag" pos="NN">dead</wf>
<wf cmd="ignore" pos="IN">of</wf>
<wf cmd="tag" pos="NN">winter</wf>
<punc>,</punc>
<wf cmd="done" pos="VB" lemma="rub" wnsn="1" lexsn="2:35:00::">rubbing</wf>
<wf cmd="ignore" pos="PRP">her</wf>
<wf cmd="ignore" pos="IN">with</wf>
<wf cmd="tag" pos="NNS">quarts</wf>
<wf cmd="ignore" pos="IN">of</wf>
<wf cmd="tag" pos="JJ">expensive</wf>
<wf cmd="tag" pos="NN">liniment</wf>
<punc>,</punc>
<wf cmd="done" pos="VB" lemma="fuss" wnsn="2" lexsn="2:41:00::">fussing</wf>
<wf cmd="done" pos="VB" ot="notag">over</wf>
<wf cmd="ignore" pos="PRP$">her</wf>
<wf cmd="tag" pos="NN">bran</wf>
<wf cmd="tag" pos="NN">mash</wf>
<wf cmd="ignore" pos="IN">as</wf>
<wf cmd="ignore" pos="DT">the</wf>
<wf cmd="tag" pos="NN">cook</wf>
<wf cmd="done" pos="VB" ot="notag">did</wf>
<wf cmd="done" pos="VB" ot="notag">over</wf>
<wf cmd="tag" pos="NN">charlotte_russe</wf>
<punc>,</punc>
<wf cmd="done" pos="VB" lemma="track" wnsn="1" lexsn="2:38:02::">tracking</wf>
<wf cmd="tag" pos="NN">manure</wf>
<wf cmd="ignore" pos="IN">on</wf>
<wf cmd="ignore" pos="DT">the</wf>
<wf cmd="tag" pos="RB">pretty</wf>
<wf cmd="tag" pos="JJ">new</wf>
<wf cmd="tag" pos="NN">carpet</wf>
<wf cmd="ignore" pos="WRB">when</wf>
<wf cmd="ignore" pos="PRP">he</wf>
<wf cmd="done" pos="VBD" ot="notag">did</wf>
<wf cmd="done" pos="VB" lemma="come" wnsn="2" lexsn="2:38:04::">come</wf>
<wf cmd="done" pos="VB" ot="notag">to</wf>
<wf cmd="ignore" pos="DT">the</wf>
<wf cmd="tag" pos="NN">house</wf>
<punc>.</punc>
</s>
<s snum="95">
<wf cmd="tag" pos="RB">Yet</wf>
<wf cmd="ignore" pos="WRB">when</wf>
<wf cmd="ignore" pos="DT">the</wf>
<wf cmd="tag" pos="JJ">dear</wf>
<wf cmd="tag" pos="NN">baby</wf>
<wf cmd="done" pos="VB" lemma="come" wnsn="2" lexsn="2:38:04::">came</wf>
<punc>,</punc>
<wf cmd="ignore" pos="PRP">he</wf>
<wf cmd="done" pos="VBD" ot="notag">had</wf>
<wf cmd="tag" pos="NNP">Tillie</wf>
<wf cmd="tag" pos="RB">over_here</wf>
<wf cmd="ignore" pos="IN">in</wf>
<wf cmd="ignore" pos="DT">a</wf>
<wf cmd="tag" pos="NN">jiffy</wf>
<punc>,</punc>
<wf cmd="ignore" pos="CC">and</wf>
<wf cmd="done" pos="VB" lemma="be" wnsn="1" lexsn="2:42:03::">was</wf>
<wf cmd="ignore" pos="IN">as</wf>
<wf cmd="tag" pos="JJ">attentive</wf>
<wf cmd="ignore" pos="CC">and</wf>
<wf cmd="tag" pos="JJ">sweet</wf>
<wf cmd="ignore" pos="CC">and</wf>
<wf cmd="tag" pos="JJ">worried</wf>
<wf cmd="ignore" pos="CC">and</wf>
<wf cmd="tag" pos="JJ">happy</wf>
<wf cmd="ignore" pos="WRB">when</wf>
<wf cmd="ignore" pos="PRP">it</wf>
<wf cmd="done" pos="VB" lemma="be" wnsn="1" lexsn="2:42:03::">was</wf>
<wf cmd="tag" pos="RB">all_over</wf>
<wf cmd="ignore" pos="IN">as</wf>
<wf cmd="ignore" pos="DT">any</wf>
<wf cmd="tag" pos="NN">husband</wf>
<wf cmd="ignore" pos="MD">could</wf>
<wf cmd="done" pos="VB" ot="notag">have</wf>
<wf cmd="done" pos="VB" lemma="be" wnsn="1" lexsn="2:42:03::">been</wf>
<punc>.</punc>
</s>
</p>
<p pnum="30">
<s snum="96">
<wf cmd="tag" pos="NNP">Jenny</wf>
<wf cmd="done" pos="VB" lemma="wish" wnsn="3" lexsn="2:32:02::">wished</wf>
<wf cmd="tag" pos="RB">now</wf>
<wf cmd="ignore" pos="IN">that</wf>
<wf cmd="ignore" pos="PRP">she</wf>
<wf cmd="done" pos="VBD" ot="notag">had</wf>
<wf cmd="done" pos="VB" lemma="have" wnsn="7" lexsn="2:41:00::">had</wf>
<wf cmd="tag" pos="NNP">Dr._Dunne</wf>
<punc>,</punc>
<wf cmd="done" pos="VB" lemma="feel" wnsn="2" lexsn="2:31:00::">feeling</wf>
<wf cmd="ignore" pos="IN">that</wf>
<wf cmd="tag" pos="RB">somehow</wf>
<wf cmd="ignore" pos="PRP">he</wf>
<wf cmd="ignore" pos="MD">would</wf>
<wf cmd="tag" pos="RB">n't</wf>
<wf cmd="done" pos="VB" ot="notag">have</wf>
<wf cmd="done" pos="VB" lemma="allow" wnsn="2" lexsn="2:32:00::">allowed</wf>
<wf cmd="ignore" pos="DT">the</wf>
<wf cmd="tag" pos="JJ">dear</wf>
<wf cmd="tag" pos="NN">baby</wf>
<wf cmd="ignore" pos="TO">to</wf>
<wf cmd="done" pos="VB" lemma="turn_into" wnsn="0" lexsn="2:42:00::">turn_into</wf>
<wf cmd="tag" pos="NNS">triplets</wf>
<punc>.</punc>
</s>
<s snum="97">
<wf cmd="ignore" pos="EX">There</wf>
<wf cmd="done" pos="VB" lemma="be" wnsn="1" lexsn="2:42:03::">was</wf>
<wf cmd="tag" pos="NN">something</wf>
<wf cmd="tag" pos="RB">not</wf>
<wf cmd="tag" pos="JJ">nice</wf>
<wf cmd="ignore" pos="IN">about</wf>
<wf cmd="tag" pos="NNS">triplets</wf>
<punc>,</punc>
<wf cmd="ignore" pos="IN">though</wf>
<wf cmd="ignore" pos="PRP$">their</wf>
<wf cmd="tag" pos="NN">father</wf>
<wf cmd="done" pos="VB" lemma="seem" wnsn="1" lexsn="2:39:00::">seemed</wf>
<wf cmd="tag" pos="JJ">pleased</wf>
<punc>,</punc>
<wf cmd="done" pos="VB" lemma="show" wnsn="2" lexsn="2:31:00::">showing</wf>
<wf cmd="ignore" pos="DT">no</wf>
<wf cmd="tag" pos="NN">disappointment</wf>
<wf cmd="ignore" pos="IN">that</wf>
<wf cmd="ignore" pos="PRP">they</wf>
<wf cmd="done" pos="VBD" ot="notag">had</wf>
<wf cmd="tag" pos="RB">n't</wf>
<wf cmd="done" pos="VB" lemma="be" wnsn="2" lexsn="2:42:06::">been</wf>
<wf cmd="ignore" pos="DT">the</wf>
<wf cmd="tag" pos="NN">son</wf>
<wf cmd="ignore" pos="PRP">he</wf>
<wf cmd="done" pos="VB" lemma="want" wnsn="1" lexsn="2:37:00::">wanted</wf>
<punc>,</punc>
<wf cmd="done" pos="VB" lemma="say" wnsn="1" lexsn="2:32:00::">saying</wf>
<punc>,</punc>
<punc>``</punc>
<wf cmd="ignore" pos="PRP">You</wf>
<wf cmd="done" pos="VBP" ot="notag">do</wf>
<wf cmd="tag" pos="RB">n't</wf>
<wf cmd="done" pos="VB" lemma="see" wnsn="3" lexsn="2:39:02::">see</wf>
<wf cmd="tag" pos="NNS">triplets</wf>
<wf cmd="tag" pos="NN">trippin</wf>
<punc>'</punc>
<wf cmd="tag" pos="RB">down</wf>
<wf cmd="ignore" pos="DT">the</wf>
<wf cmd="tag" pos="NN">pike</wf>
<wf cmd="tag" pos="RB">ever</wf>
<punc>'</punc>
<wf cmd="tag" pos="NN">day</wf>
<punc>,</punc>
<wf cmd="tag" pos="NNP">Miss_Jen</wf>
<punc>,</punc>
<wf cmd="tag" pos="NN">hon</wf>
<punc>.</punc>
</s>
<s snum="98">
<wf cmd="done" pos="VB" lemma="rhyme" wnsn="1" lexsn="2:36:00::">Rhyme</wf>
<punc>'</punc>
<wf cmd="ignore" pos="PRP">em</wf>
<wf cmd="ignore" pos="IN">up</wf>
<wf cmd="tag" pos="JJ">cute</wf>
<punc>-</punc>
<wf cmd="tag" pos="NNP">Arcilla</wf>
<punc>,</punc>
<wf cmd="tag" pos="NNP">Flotilla</wf>
<punc>''</punc>
<punc>.</punc>
</s>
</p>
<p pnum="31">
<s snum="99">
<wf cmd="tag" pos="NN">Edmonia</wf>
<wf cmd="ignore" pos="IN">for</wf>
<wf cmd="ignore" pos="PRP$">her</wf>
<wf cmd="tag" pos="NN">mother</wf>
<punc>,</punc>
<wf cmd="ignore" pos="PRP">she</wf>
<wf cmd="done" pos="VB" lemma="say" wnsn="1" lexsn="2:32:00::">said</wf>
<wf cmd="tag" pos="RB">firmly</wf>
<punc>,</punc>
<wf cmd="tag" pos="NNP">Jennifer</wf>
<punc>,</punc>
<wf cmd="ignore" pos="IN">for</wf>
<wf cmd="ignore" pos="PRP">herself</wf>
<punc>,</punc>
<wf cmd="ignore" pos="CC">and</wf>
<punc>-</punc>
<punc>.</punc>
</s>
</p>
<p pnum="32">
<s snum="100">
<punc>``</punc>
<wf cmd="tag" pos="NNP">Kezziah</wf>
<punc>,</punc>
<wf cmd="ignore" pos="IN">for</wf>
<wf cmd="tag" pos="NNP">Miss_Kizzie</wf>
<punc>''</punc>
<punc>,</punc>
<wf cmd="ignore" pos="PRP">he</wf>
<wf cmd="done" pos="VB" lemma="suggest" wnsn="1" lexsn="2:32:00::">suggested</wf>
<punc>.</punc>
</s>
<s snum="101">
<punc>``</punc>
<wf cmd="ignore" pos="PRP">She</wf>
<wf cmd="done" pos="VB" lemma="be" wnsn="1" lexsn="2:42:03::">was</wf>
<wf cmd="tag" pos="JJ">mighty</wf>
<wf cmd="tag" pos="NN">good</wf>
<wf cmd="ignore" pos="TO">to</wf>
<wf cmd="ignore" pos="PRP">you</wf>
<wf cmd="tag" pos="NN">past_times</wf>
<punc>,</punc>
<wf cmd="ignore" pos="DT">an</wf>
<punc>'</punc>
<wf cmd="ignore" pos="DT">this</wf>
<wf cmd="ignore" pos="MD">'ll</wf>
<wf cmd="done" pos="VB" lemma="fetch" wnsn="0" lexsn="2:37:00::">fetch</wf>
<wf cmd="ignore" pos="PRP$">her</wf>
<punc>''</punc>
<punc>.</punc>
</s>
<s snum="102">
<wf cmd="tag" pos="RB">Now</wf>
<wf cmd="ignore" pos="PRP">she</wf>
<wf cmd="ignore" pos="MD">must</wf>
<wf cmd="done" pos="VB" ot="notag">be</wf>
<wf cmd="done" pos="VB" lemma="think_of" wnsn="5" lexsn="2:36:00::">thinking_of</wf>
<wf cmd="ignore" pos="DT">a</wf>
<wf cmd="tag" pos="NN">boy-name</wf>
<punc>,</punc>
<wf cmd="tag" pos="NN">something</wf>
<wf cmd="tag" pos="JJ">special</wf>
<punc>.</punc>
</s>
<s snum="103">
<wf cmd="tag" pos="RB">Just</wf>
<wf cmd="done" pos="VB" lemma="wait" wnsn="3" lexsn="2:31:00::">wait</wf>
<wf cmd="ignore" pos="IN">till</wf>
<wf cmd="ignore" pos="PRP">she</wf>
<wf cmd="done" pos="VB" lemma="see" wnsn="1" lexsn="2:39:00::">saw</wf>
<wf cmd="ignore" pos="DT">the</wf>
<wf cmd="tag" pos="NNP">Mare</wf>
<wf cmd="ignore" pos="POS">'s</wf>
<wf cmd="tag" pos="NN">foal</wf>
<punc>.</punc>
</s>
<s snum="104">
<wf cmd="tag" pos="JJS">Handsomest</wf>
<wf cmd="tag" pos="NN">colt</wf>
<wf cmd="tag" pos="RB">in_all</wf>
<wf cmd="tag" pos="NNP">Kentucky</wf>
<punc>.</punc>
</s>
<s snum="105">
<wf cmd="tag" pos="JJ">Strong</wf>
<wf cmd="tag" pos="RB">too</wf>
<punc>,</punc>
<wf cmd="tag" pos="JJ">up_on</wf>
<wf cmd="ignore" pos="PRP$">his</wf>
<wf cmd="tag" pos="NNS">legs</wf>
<wf cmd="ignore" pos="WRB">when</wf>
<wf cmd="ignore" pos="PRP">he</wf>
<wf cmd="done" pos="VB" lemma="be" wnsn="1" lexsn="2:42:03::">was</wf>
<wf cmd="ignore" pos="DT">an</wf>
<wf cmd="tag" pos="NN">hour</wf>
<wf cmd="tag" pos="JJ">old</wf>
<punc>.</punc>
</s>
<s snum="106">
<wf cmd="ignore" pos="WP">What</wf>
<wf cmd="ignore" pos="IN">about</wf>
<wf cmd="tag" pos="NNP">Royal_Robards</wf>
<punc>?</punc>
</s>
</p>
<p pnum="33">
<s snum="107">
<punc>``</punc>
<wf cmd="ignore" pos="WRB">Why</wf>
<wf cmd="done" pos="VBP" ot="notag">do</wf>
<wf cmd="tag" pos="RB">n't</wf>
<wf cmd="ignore" pos="PRP">you</wf>
<wf cmd="done" pos="VB" lemma="name" wnsn="1" lexsn="2:32:03::">name</wf>
<wf cmd="ignore" pos="PRP">him</wf>
<wf cmd="tag" pos="NN">Jesus_Christ</wf>
<punc>!</punc>
<punc>''</punc>
</s>
<s snum="108">
<wf cmd="ignore" pos="PRP">She</wf>
<wf cmd="done" pos="VB" lemma="burst" wnsn="2" lexsn="2:37:00::">burst</wf>
<wf cmd="ignore" pos="IN">into</wf>
<wf cmd="tag" pos="NNS">tears</wf>
<punc>.</punc>
</s>
</p>
<p pnum="34">
<s snum="109">
<wf cmd="tag" pos="NNP">Roy</wf>
<wf cmd="done" pos="VB" lemma="be" wnsn="1" lexsn="2:42:03::">was</wf>
<wf cmd="tag" pos="RB">deeply</wf>
<wf cmd="tag" pos="JJ">distressed</wf>
<punc>.</punc>
</s>
<s snum="110">
<wf cmd="ignore" pos="PRP">He</wf>
<wf cmd="ignore" pos="MD">'d</wf>
<wf cmd="done" pos="VB" lemma="have" wnsn="1" lexsn="2:40:00::">had</wf>
<wf cmd="ignore" pos="DT">no</wf>
<wf cmd="tag" pos="NN">idea</wf>
<wf cmd="ignore" pos="WRB">how</wf>
<wf cmd="tag" pos="JJ">unhappy</wf>
<wf cmd="ignore" pos="PRP$">his</wf>
<wf cmd="tag" pos="JJ">sweet</wf>
<wf cmd="tag" pos="NN">peach</wf>
<wf cmd="done" pos="VBD" ot="notag">had</wf>
<wf cmd="done" pos="VB" lemma="be" wnsn="1" lexsn="2:42:03::">been</wf>
<punc>.</punc>
</s>
<s snum="111">
<wf cmd="tag" pos="RB">Of_course</wf>
<wf cmd="ignore" pos="PRP">she</wf>
<wf cmd="done" pos="VB" lemma="be" wnsn="2" lexsn="2:42:06::">was</wf>
<wf cmd="tag" pos="RB">n't</wf>
<wf cmd="ignore" pos="PRP">herself</wf>
<wf cmd="tag" pos="RB">right_now</wf>
<punc>,</punc>
<wf cmd="ignore" pos="CC">but</wf>
<wf cmd="ignore" pos="IN">as</wf>
<wf cmd="ignore" pos="PRP$">her</wf>
<wf cmd="tag" pos="NN">strength</wf>
<wf cmd="done" pos="VB" lemma="come_back" wnsn="1" lexsn="2:30:00::">came_back</wf>
<wf cmd="ignore" pos="PRP$">her</wf>
<wf cmd="tag" pos="NNS">spirits</wf>
<wf cmd="done" pos="VBD" ot="notag">did</wf>
<wf cmd="tag" pos="RB">n't</wf>
<wf cmd="done" pos="VB" lemma="seem" wnsn="1" lexsn="2:39:00::">seem</wf>
<wf cmd="ignore" pos="TO">to</wf>
<wf cmd="done" pos="VB" lemma="rise" wnsn="12" lexsn="2:37:00::">rise</wf>
<wf cmd="tag" pos="RB">with_it</wf>
<punc>.</punc>
</s>
<s snum="112">
<wf cmd="ignore" pos="PRP">He</wf>
<wf cmd="done" pos="VB" lemma="have" wnsn="1" lexsn="2:40:00::">had</wf>
<wf cmd="ignore" pos="DT">a</wf>
<wf cmd="tag" pos="JJ">good</wf>
<wf cmd="tag" pos="NN">idea</wf>
<wf cmd="ignore" pos="WRB">why</wf>
<wf cmd="tag" pos="RB">not</wf>
<punc>.</punc>
</s>
<s snum="113">
<wf cmd="ignore" pos="DT">Those</wf>
<wf cmd="tag" pos="JJ">elegant</wf>
<punc>``</punc>
<wf cmd="tag" pos="RB">At_Home</wf>
<punc>''</punc>
<wf cmd="tag" pos="NNS">cards</wf>
<wf cmd="ignore" pos="PRP">she</wf>
<wf cmd="done" pos="VB" lemma="send_out" wnsn="1" lexsn="2:35:00::">sent_out</wf>
<punc>,</punc>
<wf cmd="tag" pos="RB">now</wf>
<wf cmd="ignore" pos="PRP">she</wf>
<wf cmd="ignore" pos="MD">could</wf>
<wf cmd="done" pos="VB" lemma="wear" wnsn="1" lexsn="2:29:00::">wear</wf>
<wf cmd="ignore" pos="PRP$">her</wf>
<wf cmd="tag" pos="RB">pretty</wf>
<wf cmd="tag" pos="NNS">clothes</wf>
<wf cmd="tag" pos="RB">again</wf>
<punc>,</punc>
<wf cmd="ignore" pos="CC">and</wf>
<wf cmd="done" pos="VB" lemma="have" wnsn="5" lexsn="2:30:00::">had</wf>
<wf cmd="ignore" pos="DT">the</wf>
<wf cmd="tag" pos="NN">house</wf>
<wf cmd="ignore" pos="DT">all</wf>
<wf cmd="tag" pos="JJ">trimmed</wf>
<wf cmd="tag" pos="RB">up</wf>
<punc>,</punc>
<wf cmd="done" pos="VBD" ot="notag">had</wf>
<wf cmd="tag" pos="RB">n't</wf>
<wf cmd="done" pos="VB" lemma="bring" wnsn="1" lexsn="2:38:00::">brought</wf>
<wf cmd="tag" pos="JJ">many</wf>
<wf cmd="tag" pos="NNS">callers</wf>
<wf cmd="ignore" pos="IN">in</wf>
<wf cmd="tag" pos="CD">two</wf>
<wf cmd="tag" pos="JJ">whole</wf>
<wf cmd="tag" pos="NNS">months</wf>
<punc>.</punc>
</s>
</p>
<p pnum="35">
<s snum="114">
<wf cmd="tag" pos="NNP">Doc_Dunne</wf>
<wf cmd="ignore" pos="CC">and</wf>
<wf cmd="tag" pos="NNP">Miss_Sis</wf>
<wf cmd="done" pos="VBD" ot="notag">had</wf>
<wf cmd="done" pos="VB" lemma="come" wnsn="2" lexsn="2:38:04::">come</wf>
<punc>.</punc>
</s>
<s snum="115">
<wf cmd="tag" pos="RB">So</wf>
<wf cmd="done" pos="VBD" ot="notag">had</wf>
<wf cmd="tag" pos="NNP">Miss_Shawnee_Rakestraw</wf>
<punc>,</punc>
<wf cmd="tag" pos="JJ">full_of</wf>
<wf cmd="tag" pos="NNS">criticisms</wf>
<wf cmd="ignore" pos="IN">about</wf>
<wf cmd="ignore" pos="DT">the</wf>
<wf cmd="tag" pos="NNS">changes</wf>
<wf cmd="tag" pos="RB">here</wf>
<punc>,</punc>
<wf cmd="done" rdf="give_thanks" pos="VB" lemma="give_thanks" wnsn="1" lexsn="2:32:04::">giving</wf>
<wf cmd="tag" pos="NNS">thanks</wf>
<wf cmd="ignore" pos="IN">that</wf>
<wf cmd="ignore" pos="PRP$">her</wf>
<wf cmd="tag" pos="JJ">dear</wf>
<wf cmd="tag" pos="JJ">old</wf>
<wf cmd="tag" pos="NN">father</wf>
<wf cmd="done" pos="VBD" ot="notag">had</wf>
<wf cmd="done" pos="VB" lemma="go" wnsn="3" lexsn="2:38:01::">gone</wf>
<wf cmd="done" pos="VB" ot="notag">to</wf>
<wf cmd="ignore" pos="PRP$">his</wf>
<wf cmd="tag" pos="NN">Heavenly_Rest</wf>
<wf cmd="tag" pos="JJ">last</wf>
<wf cmd="tag" pos="NN">year</wf>
<punc>,</punc>
<wf cmd="done" pos="VB" lemma="say" wnsn="1" lexsn="2:32:00::">saying</wf>
<wf cmd="ignore" pos="WRB">how</wf>
<wf cmd="tag" pos="JJ">much</wf>
<wf cmd="ignore" pos="PRP">she</wf>
<wf cmd="done" pos="VB" lemma="enjoy" wnsn="3" lexsn="2:37:01::">enjoyed</wf>
<wf cmd="ignore" pos="PRP$">her</wf>
<wf cmd="tag" pos="NN">boarding_house</wf>
<wf cmd="ignore" pos="IN">in</wf>
<wf cmd="tag" pos="NN">town</wf>
<wf cmd="ignore" pos="IN">in</wf>
<wf cmd="tag" pos="JJ">inclement</wf>
<wf cmd="tag" pos="NN">weather</wf>
<punc>,</punc>
<wf cmd="done" pos="VBD" ot="notag">was</wf>
<wf cmd="done" pos="VB" lemma="look_forward" wnsn="1" lexsn="2:31:00::">looking_forward</wf>
<wf cmd="done" pos="VB" ot="notag">to</wf>
<wf cmd="tag" pos="NNP">Quinzaine_Spa</wf>
<wf cmd="ignore" pos="DT">this</wf>
<wf cmd="tag" pos="NN">summer</wf>
<punc>.</punc>
</s>
</p>
<p pnum="36">
<s snum="116">
<wf cmd="ignore" pos="EX">There</wf>
<wf cmd="done" pos="VB" lemma="be" wnsn="5" lexsn="2:42:04::">was</wf>
<wf cmd="ignore" pos="DT">an</wf>
<wf cmd="tag" pos="NN">idea</wf>
<punc>.</punc>
</s>
<s snum="117">
<wf cmd="tag" pos="NNP">Miss_Kizzie</wf>
<wf cmd="done" pos="VBD" ot="notag">had</wf>
<wf cmd="done" pos="VB" lemma="be" wnsn="1" lexsn="2:42:03::">been</wf>
<wf cmd="tag" pos="NN">right</wf>
<wf cmd="tag" pos="JJ">snippy</wf>
<wf cmd="tag" pos="RB">ever</wf>
<wf cmd="ignore" pos="IN">since</wf>
<wf cmd="ignore" pos="PRP">they</wf>
<wf cmd="done" pos="VBD" ot="notag">were</wf>
<wf cmd="done" pos="VB" lemma="marry" wnsn="1" lexsn="2:41:00::">married</wf>
<punc>,</punc>
<wf cmd="ignore" pos="IN">though</wf>
<wf cmd="ignore" pos="PRP">you</wf>
<wf cmd="ignore" pos="MD">'d</wf>
<wf cmd="done" pos="VB" ot="notag">have</wf>
<wf cmd="done" pos="VB" lemma="think" wnsn="2" lexsn="2:31:03::">thought</wf>
<wf cmd="ignore" pos="DT">a</wf>
<wf cmd="tag" pos="NN">namesake</wf>
<wf cmd="ignore" pos="MD">would</wf>
<wf cmd="done" pos="VB" ot="notag">have</wf>
<wf cmd="done" pos="VB" lemma="bring" wnsn="2" lexsn="2:35:04::">brought</wf>
<wf cmd="ignore" pos="PRP$">her</wf>
<wf cmd="tag" pos="NN">round</wf>
<punc>.</punc>
</s>
<s snum="118">
<wf cmd="ignore" pos="UH">Oh</wf>
<punc>,</punc>
<wf cmd="ignore" pos="PRP">she</wf>
<wf cmd="ignore" pos="MD">'d</wf>
<wf cmd="done" pos="VB" lemma="come" wnsn="1" lexsn="2:38:00::">come</wf>
<wf cmd="done" pos="VB" ot="notag">to</wf>
<wf cmd="done" pos="VB" lemma="see" wnsn="12" lexsn="2:41:12::">see</wf>
<wf cmd="ignore" pos="PRP">them</wf>
<wf cmd="tag" pos="RB">once</wf>
<punc>,</punc>
<wf cmd="done" pos="VB" lemma="leave" wnsn="10" lexsn="2:40:01::">left</wf>
<wf cmd="tag" pos="NN">silver</wf>
<wf cmd="tag" pos="NN">teething_rings</wf>
<wf cmd="ignore" pos="IN">for</wf>
<wf cmd="tag" pos="JJ">all_of</wf>
<wf cmd="ignore" pos="DT">the</wf>
<wf cmd="tag" pos="NNS">trips</wf>
<punc>.</punc>
</s>
<s snum="119">
<wf cmd="ignore" pos="CC">But</wf>
<wf cmd="ignore" pos="WRB">when</wf>
<wf cmd="tag" pos="NNP">Miss_Jen</wf>
<wf cmd="done" pos="VB" lemma="go" wnsn="1" lexsn="2:38:00::">went</wf>
<wf cmd="tag" pos="RB">over</wf>
<wf cmd="tag" pos="RB">right_away</wf>
<wf cmd="ignore" pos="TO">to</wf>
<wf cmd="done" pos="VB" lemma="return" wnsn="2" lexsn="2:40:08::">return</wf>
<wf cmd="ignore" pos="DT">the</wf>
<wf cmd="tag" pos="NN">call</wf>
<punc>,</punc>
<wf cmd="tag" pos="NNP">Miss_Kiz</wf>
<wf cmd="ignore" pos="MD">could</wf>
<wf cmd="tag" pos="RB">n't</wf>
<wf cmd="done" pos="VB" ot="notag">have</wf>
<wf cmd="done" pos="VB" lemma="be" wnsn="1" lexsn="2:42:03::">been</wf>
<wf cmd="tag" pos="RB">very</wf>
<wf cmd="tag" pos="JJ">cordial</wf>
<punc>,</punc>
<wf cmd="ignore" pos="IN">for</wf>
<wf cmd="ignore" pos="PRP">she</wf>
<wf cmd="ignore" pos="MD">'d</wf>
<wf cmd="done" pos="VB" lemma="come_back" wnsn="0" lexsn="2:38:00::">come_back</wf>
<wf cmd="ignore" pos="IN">before</wf>
<wf cmd="ignore" pos="PRP">she</wf>
<wf cmd="tag" pos="RB">hardly</wf>
<wf cmd="done" pos="VB" lemma="have" wnsn="9" lexsn="2:40:01::">had</wf>
<wf cmd="tag" pos="NN">time</wf>
<wf cmd="ignore" pos="TO">to</wf>
<wf cmd="done" pos="VB" lemma="get" wnsn="5" lexsn="2:38:00::">get</wf>
<wf cmd="ignore" pos="EX">there</wf>
<punc>.</punc>
</s>
<s snum="120">
<wf cmd="tag" pos="RB">More_and_more</wf>
<punc>,</punc>
<wf cmd="ignore" pos="DT">these</wf>
<wf cmd="tag" pos="NNS">days</wf>
<punc>,</punc>
<wf cmd="ignore" pos="PRP">she</wf>
<wf cmd="ignore" pos="MD">'d</wf>
<wf cmd="done" pos="VBN" ot="notag">been</wf>
<wf cmd="done" pos="VB" lemma="drive" wnsn="3" lexsn="2:38:02::">driving</wf>
<wf cmd="ignore" pos="IN">that</wf>
<wf cmd="tag" pos="RB">pretty</wf>
<wf cmd="tag" pos="JJ">little</wf>
<wf cmd="tag" pos="NN">mare</wf>
<wf cmd="ignore" pos="IN">that</wf>
<wf cmd="done" pos="VB" lemma="look_like" wnsn="1" lexsn="2:42:00::">looked_like</wf>
<wf cmd="ignore" pos="PRP$">her</wf>
<punc>,</punc>
<wf cmd="tag" pos="RB">over</wf>
<wf cmd="ignore" pos="TO">to</wf>
<wf cmd="tag" pos="NNP">Tillie</wf>
<wf cmd="ignore" pos="POS">'s</wf>
<wf cmd="ignore" pos="CC">and</wf>
<wf cmd="tag" pos="NNP">Nick</wf>
<wf cmd="ignore" pos="POS">'s</wf>
<punc>-</punc>
<wf cmd="ignore" pos="PRP$">his</wf>
<wf cmd="tag" pos="JJ">own</wf>
<wf cmd="tag" pos="JJ">old</wf>
<wf cmd="tag" pos="NN">square</wf>
<wf cmd="tag" pos="NN">frame</wf>
<wf cmd="tag" pos="NN">box</wf>
<wf cmd="ignore" pos="IN">on</wf>
<wf cmd="tag" pos="NNS">posts</wf>
<punc>,</punc>
<wf cmd="tag" pos="NNS">chickens</wf>
<wf cmd="ignore" pos="CC">and</wf>
<wf cmd="tag" pos="NNS">cats</wf>
<wf cmd="ignore" pos="CC">and</wf>
<wf cmd="tag" pos="NNS">pups</wf>
<wf cmd="ignore" pos="IN">under</wf>
<wf cmd="ignore" pos="DT">the</wf>
<wf cmd="tag" pos="NN">house</wf>
<punc>,</punc>
<wf cmd="tag" pos="NN">everybody</wf>
<wf cmd="tag" pos="JJ">friendly</wf>
<wf cmd="tag" pos="RB">inside</wf>
<punc>,</punc>
<wf cmd="done" pos="VB" lemma="make" wnsn="3" lexsn="2:36:00::">making</wf>
<wf cmd="ignore" pos="DT">a</wf>
<wf cmd="tag" pos="NN">to-do</wf>
<wf cmd="ignore" pos="IN">over</wf>
<wf cmd="ignore" pos="DT">the</wf>
<wf cmd="tag" pos="NNS">babies</wf>
<wf cmd="tag" pos="JJ">dressed</wf>
<wf cmd="ignore" pos="IN">like</wf>
<wf cmd="tag" pos="NNS">dollies</wf>
<punc>.</punc>
</s>
<s snum="121">
<wf cmd="ignore" pos="IN">Though</wf>
<wf cmd="ignore" pos="PRP">he</wf>
<wf cmd="done" pos="VB" lemma="be" wnsn="1" lexsn="2:42:03::">was</wf>
<wf cmd="tag" pos="JJ">glad</wf>
<wf cmd="ignore" pos="PRP">she</wf>
<wf cmd="done" pos="VB" lemma="get_on" wnsn="1" lexsn="2:41:00::">got_on</wf>
<wf cmd="tag" pos="RB">well</wf>
<wf cmd="ignore" pos="IN">with</wf>
<wf cmd="ignore" pos="PRP$">his</wf>
<wf cmd="tag" pos="JJ">young</wf>
<wf cmd="tag" pos="NNS">folks</wf>
<punc>,</punc>
<wf cmd="ignore" pos="PRP">she</wf>
<wf cmd="done" pos="VB" lemma="ought" wnsn="0" lexsn="2:42:01::">ought</wf>
<wf cmd="done" pos="VB" ot="notag">to</wf>
<wf cmd="done" pos="VB" lemma="be" wnsn="1" lexsn="2:42:03::">be</wf>
<wf cmd="tag" pos="JJ">welcome</wf>
<wf cmd="ignore" pos="IN">at</wf>
<wf cmd="ignore" pos="DT">the</wf>
<wf cmd="tag" pos="JJS">finest</wf>
<wf cmd="tag" pos="NN">house</wf>
<wf cmd="ignore" pos="IN">in</wf>
<wf cmd="ignore" pos="DT">the</wf>
<wf cmd="tag" pos="NN">land</wf>
<punc>,</punc>
<wf cmd="tag" pos="RB">too</wf>
<punc>.</punc>
</s>
</p>
<p pnum="37">
<s snum="122">
<wf cmd="ignore" pos="PRP">It</wf>
<wf cmd="done" pos="VB" lemma="make" wnsn="2" lexsn="2:30:00::">made</wf>
<wf cmd="ignore" pos="PRP">him</wf>
<wf cmd="tag" pos="RB">pretty</wf>
<wf cmd="tag" pos="JJ">hot_under_the_collar</wf>
<punc>,</punc>
<wf cmd="ignore" pos="IN">after</wf>
<wf cmd="ignore" pos="DT">the</wf>
<wf cmd="tag" pos="NN">idea</wf>
<wf cmd="tag" pos="NNP">Miss_Sis</wf>
<wf cmd="done" pos="VBD" ot="notag">had</wf>
<wf cmd="done" pos="VB" lemma="give" wnsn="21" lexsn="2:32:02::">given</wf>
<wf cmd="ignore" pos="PRP">him</wf>
<punc>,</punc>
<wf cmd="ignore" pos="TO">to</wf>
<wf cmd="done" pos="VB" ot="notag">be</wf>
<wf cmd="done" pos="VB" lemma="tell" wnsn="2" lexsn="2:32:00::">told</wf>
<wf cmd="ignore" pos="IN">by</wf>
<wf cmd="tag" pos="NNP">Miss_Kiz</wf>
<wf cmd="ignore" pos="IN">that</wf>
<wf cmd="ignore" pos="PRP$">her</wf>
<wf cmd="tag" pos="JJ">holy</wf>
<wf cmd="tag" pos="NN">spa</wf>
<wf cmd="done" pos="VB" lemma="be" wnsn="1" lexsn="2:42:03::">was</wf>
<wf cmd="ignore" pos="DT">all</wf>
<wf cmd="tag" pos="JJ">reserved</wf>
<wf cmd="ignore" pos="IN">for</wf>
<wf cmd="ignore" pos="DT">this</wf>
<wf cmd="tag" pos="NN">summer</wf>
<wf cmd="ignore" pos="CC">and</wf>
<wf cmd="tag" pos="JJ">next</wf>
<punc>,</punc>
<wf cmd="ignore" pos="IN">if</wf>
<wf cmd="ignore" pos="PRP">you</wf>
<wf cmd="tag" pos="RB">please</wf>
<punc>,</punc>
<wf cmd="ignore" pos="CC">and</wf>
<wf cmd="tag" pos="RB">that_much</wf>
<wf cmd="ignore" pos="IN">as</wf>
<wf cmd="ignore" pos="PRP">she</wf>
<wf cmd="done" pos="VB" lemma="regret" wnsn="1" lexsn="2:37:00::">regretted</wf>
<wf cmd="ignore" pos="PRP">it</wf>
<punc>,</punc>
<wf cmd="ignore" pos="PRP">they</wf>
<wf cmd="ignore" pos="MD">would</wf>
<wf cmd="done" pos="VB" lemma="be" wnsn="1" lexsn="2:42:03::">be</wf>
<wf cmd="tag" pos="JJ">unable</wf>
<wf cmd="ignore" pos="TO">to</wf>
<wf cmd="done" pos="VB" lemma="entertain" wnsn="1" lexsn="2:41:00::">entertain</wf>
<wf cmd="tag" pos="NNP">Mrs._Robards</wf>
<wf cmd="ignore" pos="CC">and</wf>
<wf cmd="ignore" pos="DT">the</wf>
<wf cmd="tag" pos="NNS">children</wf>
<punc>.</punc>
</s>
<s snum="123">
<wf cmd="ignore" pos="PRP">She</wf>
<wf cmd="done" pos="VB" lemma="hope" wnsn="2" lexsn="2:37:00::">hoped</wf>
<wf cmd="ignore" pos="PRP">they</wf>
<wf cmd="done" pos="VB" lemma="be_well" wnsn="1" lexsn="2:29:00::">were_well</wf>
<punc>.</punc>
</s>
</p>
<p pnum="38">
<s snum="124">
<wf cmd="ignore" pos="PRP">He</wf>
<wf cmd="done" pos="VBD" ot="notag">did</wf>
<wf cmd="tag" pos="RB">n't</wf>
<wf cmd="done" pos="VB" lemma="tell" wnsn="2" lexsn="2:32:00::">tell</wf>
<wf cmd="tag" pos="NNP">Miss_Jen</wf>
<punc>,</punc>
<wf cmd="ignore" pos="CC">but</wf>
<wf cmd="ignore" pos="PRP">she</wf>
<wf cmd="ignore" pos="MD">must</wf>
<wf cmd="done" pos="VB" ot="notag">have</wf>
<wf cmd="done" pos="VB" lemma="get_word" wnsn="1" lexsn="2:31:00::">got_word</wf>
<wf cmd="ignore" pos="IN">from</wf>
<wf cmd="ignore" pos="DT">the</wf>
<wf cmd="tag" pos="NN">cook</wf>
<wf cmd="ignore" pos="CC">or</wf>
<wf cmd="tag" pos="NN">nurse</wf>
<punc>,</punc>
<wf cmd="ignore" pos="WP">who</wf>
<wf cmd="tag" pos="RB">of_course</wf>
<wf cmd="done" pos="VB" lemma="know" wnsn="2" lexsn="2:31:03::">knew</wf>
<wf cmd="ignore" pos="DT">those</wf>
<wf cmd="tag" pos="NNP">Quinzaine</wf>
<wf cmd="tag" pos="NNS">nigs</wf>
<punc>,</punc>
<wf cmd="ignore" pos="CC">and</wf>
<wf cmd="ignore" pos="PRP">she</wf>
<wf cmd="tag" pos="RB">really</wf>
<wf cmd="done" pos="VBD" ot="idiom">took</wf>
<wf cmd="ignore" pos="DT">a</wf>
<wf cmd="tag" pos="NN">fit</wf>
<punc>.</punc>
</s>
<s snum="125">
<wf cmd="ignore" pos="IN">If</wf>
<wf cmd="ignore" pos="PRP">he</wf>
<wf cmd="tag" pos="RB">ever</wf>
<wf cmd="done" pos="VB" lemma="do" wnsn="2" lexsn="2:36:01::">did</wf>
<wf cmd="tag" pos="JJ">such</wf>
<wf cmd="ignore" pos="DT">a</wf>
<wf cmd="tag" pos="NN">thing</wf>
<wf cmd="tag" pos="RB">again</wf>
<wf cmd="ignore" pos="PRP">she</wf>
<wf cmd="ignore" pos="MD">'d</wf>
<wf cmd="done" pos="VB" lemma="die" wnsn="1" lexsn="2:30:00::">die</wf>
<wf cmd="ignore" pos="IN">of</wf>
<wf cmd="tag" pos="NN">shame</wf>
<punc>.</punc>
</s>
</p>
<p pnum="39">
<s snum="126">
<punc>``</punc>
<wf cmd="done" pos="VB" lemma="have" wnsn="8" lexsn="2:36:00::">Have</wf>
<wf cmd="ignore" pos="DT">a</wf>
<wf cmd="tag" pos="NN">party</wf>
<wf cmd="ignore" pos="DT">an</wf>
<punc>'</punc>
<wf cmd="done" rdf="leave_out" pos="VB" lemma="leave_out" wnsn="1" lexsn="2:31:01::">leave</wf>
<punc>'</punc>
<wf cmd="ignore" pos="PRP">em</wf>
<wf cmd="tag" pos="RB">out</wf>
<punc>,</punc>
<wf cmd="tag" pos="NN">hon</wf>
<punc>''</punc>
<punc>,</punc>
<wf cmd="ignore" pos="PRP">he</wf>
<wf cmd="done" pos="VB" lemma="suggest" wnsn="1" lexsn="2:32:00::">suggested</wf>
<punc>.</punc>
</s>
<s snum="127">
<punc>``</punc>
<wf cmd="ignore" pos="DT">A</wf>
<wf cmd="tag" pos="NN">swell</wf>
<wf cmd="tag" pos="NN">party</wf>
<punc>,</punc>
<wf cmd="done" pos="VB" lemma="send" wnsn="3" lexsn="2:32:00::">send</wf>
<wf cmd="ignore" pos="DT">an</wf>
<wf cmd="tag" pos="NN">invite</wf>
<wf cmd="ignore" pos="TO">to</wf>
<wf cmd="tag" pos="RB">ever</wf>
<punc>'</punc>
<wf cmd="tag" pos="NN">body</wf>
<wf cmd="ignore" pos="CC">but</wf>
<wf cmd="ignore" pos="PRP">them</wf>
<punc>-</punc>
<wf cmd="ignore" pos="DT">those</wf>
<wf cmd="tag" pos="NNS">folks</wf>
<wf cmd="ignore" pos="PRP">you</wf>
<wf cmd="done" pos="VB" lemma="meet" wnsn="1" lexsn="2:38:01::">met</wf>
<wf cmd="ignore" pos="IN">at</wf>
<wf cmd="ignore" pos="DT">the</wf>
<wf cmd="tag" pos="NNP">Galt_House</wf>
<punc>,</punc>
<wf cmd="ignore" pos="DT">the</wf>
<wf cmd="tag" pos="NNS">ones</wf>
<wf cmd="ignore" pos="PRP">I</wf>
<wf cmd="done" pos="VBP" ot="notag">'ve</wf>
<wf cmd="done" pos="VB" lemma="get" wnsn="2" lexsn="2:30:00::">got</wf>
<wf cmd="done" pos="VB" ot="notag">to</wf>
<wf cmd="done" pos="VB" lemma="know" wnsn="4" lexsn="2:31:00::">know</wf>
<wf cmd="tag" pos="RB">in_this</wf>
<wf cmd="tag" pos="JJ">new</wf>
<wf cmd="tag" pos="NN">Jockey_Club</wf>
<wf cmd="tag" pos="NN">affair</wf>
<punc>,</punc>
<wf cmd="ignore" pos="DT">the</wf>
<wf cmd="tag" pos="JJ">whole</wf>
<wf cmd="tag" pos="JJ">dang</wf>
<wf cmd="tag" pos="NN">neighborhood</wf>
<punc>.</punc>
</s>
<s snum="128">
<wf cmd="ignore" pos="PRP">We</wf>
<wf cmd="ignore" pos="MD">'ll</wf>
<wf cmd="done" pos="VB" lemma="have" wnsn="2" lexsn="2:42:00::">have</wf>
<wf cmd="tag" pos="NNS">oystchers</wf>
<punc>-</punc>
<wf cmd="tag" pos="NN">couple</wf>
<wf cmd="tag" pos="NN">bar</wf>
<punc>'</punc>
<wf cmd="tag" pos="NN">l</wf>
<wf cmd="tag" pos="NNS">oystchers</wf>
<wf cmd="ignore" pos="MD">'ll</wf>
<wf cmd="done" pos="VB" lemma="fetch" wnsn="1" lexsn="2:35:00::">fetch</wf>
<wf cmd="ignore" pos="IN">in</wf>
<wf cmd="ignore" pos="DT">a</wf>
<wf cmd="tag" pos="NN">crowd</wf>
<wf cmd="ignore" pos="DT">any</wf>
<wf cmd="tag" pos="NN">time</wf>
<punc>.</punc>
</s>
<s snum="129">
<wf cmd="ignore" pos="PRP">I</wf>
<wf cmd="ignore" pos="MD">'ll</wf>
<wf cmd="done" pos="VB" lemma="see" wnsn="10" lexsn="2:31:03::">see</wf>
<wf cmd="tag" pos="NN">word</wf>
<wf cmd="done" pos="VB" lemma="get" wnsn="6" lexsn="2:35:03::">gets</wf>
<wf cmd="tag" pos="NN">round</wf>
<punc>''</punc>
<punc>.</punc>
</s>
</p>
<p pnum="40">
<s snum="130">
<punc>``</punc>
<wf cmd="done" pos="VBP" ot="notag">Do</wf>
<wf cmd="tag" pos="RB">n't</wf>
<wf cmd="ignore" pos="PRP">you</wf>
<wf cmd="done" pos="VB" lemma="dare" wnsn="1" lexsn="2:41:00::">dare</wf>
<punc>!</punc>
<punc>''</punc>
</s>
<s snum="131">
<wf cmd="tag" pos="NNP">Miss_Jen</wf>
<wf cmd="done" pos="VB" lemma="be" wnsn="1" lexsn="2:42:03::">was</wf>
<wf cmd="tag" pos="JJ">funny</wf>
<wf cmd="ignore" pos="IN">that</wf>
<wf cmd="tag" pos="NN">way</wf>
<punc>,</punc>
<wf cmd="tag" pos="JJ">funny</wf>
<wf cmd="ignore" pos="IN">that</wf>
<wf cmd="ignore" pos="PRP">she</wf>
<wf cmd="done" pos="VBD" ot="notag">did</wf>
<wf cmd="tag" pos="RB">n't</wf>
<wf cmd="done" pos="VB" lemma="seem" wnsn="1" lexsn="2:39:00::">seem</wf>
<wf cmd="ignore" pos="TO">to</wf>
<wf cmd="done" pos="VB" lemma="take_to" wnsn="1" lexsn="2:37:00::">take_to</wf>
<wf cmd="ignore" pos="PRP$">his</wf>
<wf cmd="tag" pos="NNS">ideas</wf>
<wf cmd="ignore" pos="CC">and</wf>
<wf cmd="done" pos="VB" lemma="perk_up" wnsn="1" lexsn="2:29:00::">perk_up</wf>
<punc>.</punc>
</s>
<s snum="132">
<wf cmd="ignore" pos="PRP">He</wf>
<wf cmd="done" pos="VB" lemma="be" wnsn="1" lexsn="2:42:03::">was</wf>
<wf cmd="tag" pos="RB">downright</wf>
<wf cmd="tag" pos="JJ">worried</wf>
<wf cmd="done" pos="VB" ot="notag">about</wf>
<wf cmd="ignore" pos="PRP$">her</wf>
<punc>,</punc>
<wf cmd="ignore" pos="CC">but</wf>
<wf cmd="ignore" pos="EX">there</wf>
<wf cmd="done" pos="VB" ot="notag">was</wf>
<wf cmd="tag" pos="CD">one</wf>
<wf cmd="tag" pos="JJR">more</wf>
<wf cmd="tag" pos="NN">thing</wf>
<wf cmd="ignore" pos="PRP">he</wf>
<wf cmd="ignore" pos="MD">could</wf>
<wf cmd="done" pos="VB" lemma="try" wnsn="1" lexsn="2:41:00::">try</wf>
<punc>.</punc>
</s>
</p>
<p pnum="41">
<s snum="133">
<wf cmd="tag" pos="NNP">Zion</wf>
<wf cmd="done" pos="VB" lemma="be" wnsn="1" lexsn="2:42:03::">was</wf>
<wf cmd="tag" pos="JJ">surprised</wf>
<wf cmd="ignore" pos="WRB">when</wf>
<wf cmd="tag" pos="NNP">Roy</wf>
<wf cmd="ignore" pos="POS">'s</wf>
<wf cmd="tag" pos="NN">buggy</wf>
<wf cmd="done" pos="VB" lemma="stop" wnsn="1" lexsn="2:38:00::">stopped</wf>
<wf cmd="ignore" pos="IN">beside</wf>
<wf cmd="ignore" pos="PRP">her</wf>
<wf cmd="ignore" pos="IN">on</wf>
<wf cmd="ignore" pos="DT">the</wf>
<wf cmd="tag" pos="NN">pike</wf>
<wf cmd="tag" pos="CD">one</wf>
<wf cmd="tag" pos="JJ">early</wf>
<wf cmd="tag" pos="NN">summer</wf>
<wf cmd="tag" pos="NN">day</wf>
<wf cmd="ignore" pos="IN">as</wf>
<wf cmd="ignore" pos="PRP">she</wf>
<wf cmd="done" pos="VBD" ot="notag">was</wf>
<wf cmd="done" pos="VB" lemma="walk" wnsn="1" lexsn="2:38:00::">walking</wf>
<wf cmd="tag" pos="NN">home</wf>
<wf cmd="ignore" pos="IN">from</wf>
<wf cmd="ignore" pos="DT">the</wf>
<wf cmd="tag" pos="NN">country</wf>
<wf cmd="tag" pos="NN">school</wf>
<wf cmd="ignore" pos="WRB">where</wf>
<wf cmd="ignore" pos="PRP">she</wf>
<wf cmd="done" pos="VBD" ot="notag">was</wf>
<wf cmd="done" pos="VB" lemma="teach" wnsn="1" lexsn="2:32:00::">teaching</wf>
<wf cmd="tag" pos="RB">now</wf>
<wf cmd="ignore" pos="IN">that</wf>
<wf cmd="tag" pos="NNP">Eph_Showers</wf>
<wf cmd="done" pos="VBD" ot="notag">had</wf>
<wf cmd="done" pos="VB" lemma="have" wnsn="11" lexsn="2:30:01::">had</wf>
<wf cmd="ignore" pos="DT">a</wf>
<wf cmd="tag" pos="NN">call</wf>
<wf cmd="ignore" pos="TO">to</wf>
<wf cmd="done" pos="VB" lemma="preach" wnsn="1" lexsn="2:32:02::">preach</wf>
<wf cmd="ignore" pos="IN">in</wf>
<wf cmd="ignore" pos="DT">some</wf>
<wf cmd="tag" pos="NN">mountain</wf>
<wf cmd="tag" pos="NN">town</wf>
<punc>.</punc>
</s>
</p>
<p pnum="42">
<s snum="134">
<wf cmd="tag" pos="NNP">Roy</wf>
<wf cmd="done" pos="VB" lemma="smile" wnsn="1" lexsn="2:29:00::">smiled</wf>
<punc>-</punc>
<wf cmd="ignore" pos="PRP">he</wf>
<wf cmd="done" pos="VBD" ot="notag">did</wf>
<wf cmd="done" pos="VB" lemma="have" wnsn="2" lexsn="2:42:00::">have</wf>
<wf cmd="ignore" pos="DT">a</wf>
<wf cmd="tag" pos="JJ">nice</wf>
<wf cmd="tag" pos="NN">smile</wf>
<punc>-</punc>
<wf cmd="done" pos="VB" lemma="take_off" wnsn="0" lexsn="2:35:01::">took_off</wf>
<wf cmd="ignore" pos="PRP$">his</wf>
<wf cmd="tag" pos="NN">hat</wf>
<wf cmd="tag" pos="JJS">most</wf>
<wf cmd="tag" pos="RB">politely</wf>
<punc>,</punc>
<wf cmd="done" pos="VB" lemma="tell" wnsn="4" lexsn="2:32:02::">told</wf>
<wf cmd="ignore" pos="PRP">her</wf>
<wf cmd="ignore" pos="TO">to</wf>
<wf cmd="done" pos="VB" lemma="hop" wnsn="1" lexsn="2:38:00::">hop</wf>
<wf cmd="tag" pos="RB">in</wf>
<punc>,</punc>
<wf cmd="ignore" pos="CC">and</wf>
<wf cmd="ignore" pos="PRP">he</wf>
<wf cmd="ignore" pos="MD">'d</wf>
<wf cmd="done" pos="VB" lemma="give" wnsn="3" lexsn="2:40:00::">give</wf>
<wf cmd="ignore" pos="PRP$">her</wf>
<wf cmd="ignore" pos="DT">a</wf>
<wf cmd="tag" pos="NN">lift</wf>
<wf cmd="ignore" pos="TO">to</wf>
<wf cmd="tag" pos="NNP">Quinzaine</wf>
<punc>.</punc>
</s>
<s snum="135">
<wf cmd="ignore" pos="PRP$">Her</wf>
<wf cmd="tag" pos="NN">hesitation</wf>
<wf cmd="done" pos="VB" lemma="be" wnsn="1" lexsn="2:42:03::">was</wf>
<wf cmd="tag" pos="RB">only</wf>
<wf cmd="tag" pos="JJ">momentary</wf>
<wf cmd="ignore" pos="CC">and</wf>
<wf cmd="ignore" pos="PRP">she</wf>
<wf cmd="done" pos="VB" lemma="hope" wnsn="1" lexsn="2:37:01::">hoped</wf>
<wf cmd="ignore" pos="PRP">he</wf>
<wf cmd="done" pos="VBD" ot="notag">did</wf>
<wf cmd="tag" pos="RB">n't</wf>
<wf cmd="done" pos="VB" lemma="notice" wnsn="1" lexsn="2:39:04::">notice</wf>
<wf cmd="ignore" pos="PRP">it</wf>
<punc>,</punc>
<wf cmd="ignore" pos="IN">as</wf>
<wf cmd="ignore" pos="PRP">she</wf>
<wf cmd="done" pos="VB" lemma="settle" wnsn="1" lexsn="2:38:01::">settled</wf>
<wf cmd="ignore" pos="PRP">herself</wf>
<punc>,</punc>
<wf cmd="done" pos="VB" lemma="ask" wnsn="1" lexsn="2:32:00::">asked</wf>
<wf cmd="tag" pos="RB">quickly</wf>
<wf cmd="ignore" pos="WRB">how</wf>
<wf cmd="tag" pos="NNP">Miss_Jenny</wf>
<wf cmd="ignore" pos="CC">and</wf>
<wf cmd="ignore" pos="DT">the</wf>
<wf cmd="tag" pos="NNS">babies</wf>
<wf cmd="done" pos="VBD" ot="notag">were</wf>
<wf cmd="done" pos="VB" lemma="get_on" wnsn="1" lexsn="2:41:00::">getting_on</wf>
<punc>.</punc>
</s>
</p>
<p pnum="43">
<s snum="136">
<punc>``</punc>
<wf cmd="done" pos="VB" lemma="see" wnsn="9" lexsn="2:32:00::">See</wf>
<wf cmd="ignore" pos="IN">for</wf>
<wf cmd="ignore" pos="PRP">yourself</wf>
<punc>,</punc>
<wf cmd="tag" pos="NNP">Miss_Zion</wf>
<punc>.</punc>
</s>
<s snum="137">
<wf cmd="ignore" pos="PRP">It</wf>
<wf cmd="done" pos="VBD" ot="notag">won</wf>
<wf cmd="tag" pos="RB">n't</wf>
<wf cmd="done" pos="VB" lemma="take" wnsn="2" lexsn="2:40:06::">take</wf>
<wf cmd="ignore" pos="DT">a</wf>
<wf cmd="tag" pos="NN">minute</wf>
<punc>''</punc>
<punc>.</punc>
</s>
<s snum="138">
<wf cmd="ignore" pos="PRP">He</wf>
<wf cmd="done" pos="VB" lemma="swing" wnsn="1" lexsn="2:38:02::">swung</wf>
<wf cmd="ignore" pos="IN">in</wf>
<wf cmd="ignore" pos="IN">through</wf>
<wf cmd="ignore" pos="PRP$">his</wf>
<wf cmd="tag" pos="JJ">own</wf>
<wf cmd="tag" pos="JJ">wide</wf>
<wf cmd="tag" pos="NN">gateway</wf>
<punc>.</punc>
</s>
<s snum="139">
<punc>``</punc>
<wf cmd="ignore" pos="PRP">Them</wf>
<wf cmd="done" rdf="is" pos="VB" lemma="be" wnsn="1" lexsn="2:42:03::">'s</wf>
<wf cmd="ignore" pos="DT">the</wf>
<wf cmd="tag" pos="JJS">purtiest</wf>
<wf cmd="tag" pos="NNS">babes</wf>
<wf cmd="ignore" pos="PRP">you</wf>
<wf cmd="tag" pos="RB">ever</wf>
<wf cmd="done" pos="VBD" ot="notag">did</wf>
<wf cmd="done" pos="VB" lemma="see" wnsn="1" lexsn="2:39:00::">see</wf>
<punc>,</punc>
<wf cmd="ignore" pos="CC">but</wf>
<wf cmd="tag" pos="NNP">Miss_Jen</wf>
<wf cmd="done" pos="VB" lemma="get" wnsn="2" lexsn="2:30:00::">gets</wf>
<wf cmd="tag" pos="JJ">mighty</wf>
<wf cmd="tag" pos="JJ">lonesome</wf>
<punc>.</punc>
</s>
<s snum="140">
<wf cmd="ignore" pos="PRP">She</wf>
<wf cmd="ignore" pos="MD">'ll</wf>
<wf cmd="done" pos="VB" lemma="relish" wnsn="1" lexsn="2:37:00::">relish</wf>
<wf cmd="ignore" pos="DT">the</wf>
<wf cmd="tag" pos="NN">sight</wf>
<wf cmd="ignore" pos="IN">of</wf>
<wf cmd="ignore" pos="DT">a</wf>
<wf cmd="tag" pos="JJ">friendly</wf>
<wf cmd="tag" pos="NN">face</wf>
<punc>.</punc>
</s>
<s snum="141">
<wf cmd="tag" pos="NNP">Miss_Kiz</wf>
<wf cmd="done" pos="VBD" ot="notag">won</wf>
<wf cmd="tag" pos="RB">n't</wf>
<wf cmd="done" pos="VB" lemma="care" wnsn="1" lexsn="2:37:02::">care</wf>
<wf cmd="ignore" pos="PRP$">your</wf>
<wf cmd="done" rdf="coming" pos="VB" lemma="come" wnsn="1" lexsn="2:38:00::">comin</wf>
<punc>'</punc>
<punc>,</punc>
<wf cmd="ignore" pos="MD">will</wf>
<wf cmd="ignore" pos="PRP">she</wf>
<punc>''</punc>
<punc>?</punc>
</s>
</p>
<p pnum="44">
<s snum="142">
<punc>``</punc>
<wf cmd="ignore" pos="WRB">Why</wf>
<wf cmd="tag" pos="RB">of_course</wf>
<wf cmd="tag" pos="RB">not</wf>
<punc>''</punc>
<punc>,</punc>
<wf cmd="tag" pos="NNP">Zion</wf>
<wf cmd="done" pos="VB" lemma="say" wnsn="1" lexsn="2:32:00::">said</wf>
<wf cmd="tag" pos="RB">uncomfortably</wf>
<punc>.</punc>
</s>
</p>
</context>
</contextfile>
