<contextfile concordance="brown">
<context filename="br-r01" paras="yes">
<p pnum="1">
<s snum="1">
<wf cmd="ignore" pos="PRP">It</wf>
<wf cmd="done" pos="VBD" ot="notag">was</wf>
<wf cmd="ignore" pos="IN">among</wf>
<wf cmd="ignore" pos="DT">these</wf>
<wf cmd="ignore" pos="IN">that</wf>
<wf cmd="tag" pos="NNP">Hinkle</wf>
<wf cmd="done" pos="VB" lemma="identify" wnsn="1" lexsn="2:31:00::">identified</wf>
<wf cmd="ignore" pos="DT">a</wf>
<wf cmd="tag" pos="NN">photograph</wf>
<wf cmd="ignore" pos="IN">of</wf>
<wf cmd="tag" pos="NNP">Barco</wf>
<punc>!</punc>
</s>
<s snum="2">
<wf cmd="ignore" pos="IN">For</wf>
<wf cmd="ignore" pos="PRP">it</wf>
<wf cmd="done" pos="VB" lemma="seem" wnsn="2" lexsn="2:39:01::">seems</wf>
<wf cmd="ignore" pos="IN">that</wf>
<wf cmd="tag" pos="NNP">Barco</wf>
<punc>,</punc>
<wf cmd="done" pos="VB" lemma="fancy" wnsn="1" lexsn="2:36:00::">fancying</wf>
<wf cmd="ignore" pos="PRP">himself</wf>
<wf cmd="ignore" pos="DT">a</wf>
<wf cmd="tag" pos="NNS">ladies</wf>
<punc>'</punc>
<wf cmd="tag" pos="NN">man</wf>
<punc>(</punc>
<wf cmd="ignore" pos="CC">and</wf>
<wf cmd="ignore" pos="WRB">why</wf>
<wf cmd="tag" pos="RB">not</wf>
<punc>,</punc>
<wf cmd="ignore" pos="IN">after</wf>
<wf cmd="tag" pos="CD">seven</wf>
<wf cmd="tag" pos="NNS">marriages</wf>
<punc>?</punc>
<punc>)</punc>
</s>
<s snum="3">
<punc>,</punc>
<wf cmd="done" pos="VBD" ot="notag">had</wf>
<wf cmd="done" pos="VB" lemma="list" wnsn="2" lexsn="2:41:00::">listed</wf>
<wf cmd="ignore" pos="PRP">himself</wf>
<wf cmd="ignore" pos="IN">for</wf>
<wf cmd="tag" pos="NNP">Mormon_Beard</wf>
<wf cmd="tag" pos="NNS">roles</wf>
<wf cmd="ignore" pos="IN">at</wf>
<wf cmd="ignore" pos="DT">the</wf>
<wf cmd="tag" pos="NN">instigation</wf>
<wf cmd="ignore" pos="IN">of</wf>
<wf cmd="ignore" pos="PRP$">his</wf>
<wf cmd="tag" pos="JJ">fourth</wf>
<wf cmd="tag" pos="NN">murder</wf>
<wf cmd="tag" pos="NN">victim</wf>
<wf cmd="ignore" pos="WP">who</wf>
<wf cmd="done" pos="VBD" ot="notag">had</wf>
<wf cmd="done" pos="VB" lemma="say" wnsn="1" lexsn="2:32:00::">said</wf>
<punc>:</punc>
<punc>``</punc>
<wf cmd="ignore" pos="IN">With</wf>
<wf cmd="ignore" pos="PRP$">your</wf>
<wf cmd="tag" pos="NN">beard</wf>
<punc>,</punc>
<wf cmd="tag" pos="JJ">dear</wf>
<punc>,</punc>
<wf cmd="ignore" pos="PRP">you</wf>
<wf cmd="done" pos="VB" lemma="ought" wnsn="0" lexsn="2:42:01::">ought</wf>
<wf cmd="done" pos="VB" ot="notag">to</wf>
<wf cmd="done" pos="VB" lemma="be" wnsn="5" lexsn="2:42:04::">be</wf>
<wf cmd="ignore" pos="IN">in</wf>
<wf cmd="tag" pos="NNS">movies</wf>
<punc>''</punc>
<punc>!</punc>
</s>
</p>
<p pnum="2">
<s snum="4">
<wf cmd="tag" pos="NNP">Mills</wf>
<wf cmd="done" pos="VB" lemma="secure" wnsn="1" lexsn="2:40:00::">secured</wf>
<wf cmd="tag" pos="NNP">Barco</wf>
<wf cmd="ignore" pos="POS">'s</wf>
<wf cmd="tag" pos="NN">photograph</wf>
<wf cmd="ignore" pos="IN">from</wf>
<wf cmd="ignore" pos="DT">the</wf>
<wf cmd="tag" pos="NN">gentleman</wf>
<wf cmd="ignore" pos="IN">in</wf>
<wf cmd="tag" pos="NN">charge</wf>
<punc>,</punc>
<wf cmd="done" pos="VB" lemma="rush" wnsn="1" lexsn="2:38:00::">rushed</wf>
<wf cmd="ignore" pos="TO">to</wf>
<wf cmd="ignore" pos="DT">the</wf>
<wf cmd="tag" pos="NNP">Hollywood</wf>
<wf cmd="tag" pos="NN">police_station</wf>
<wf cmd="ignore" pos="TO">to</wf>
<wf cmd="done" pos="VB" lemma="report" wnsn="1" lexsn="2:32:00::">report</wf>
<wf cmd="ignore" pos="DT">the</wf>
<wf cmd="tag" pos="NN">theft</wf>
<punc>,</punc>
<wf cmd="ignore" pos="CC">and</wf>
<wf cmd="tag" pos="RB">less_than</wf>
<wf cmd="tag" pos="CD">five</wf>
<wf cmd="tag" pos="NNS">minutes</wf>
<wf cmd="tag" pos="RB">later</wf>
<punc>,</punc>
<wf cmd="tag" pos="NNS">detectives</wf>
<wf cmd="ignore" pos="IN">with</wf>
<wf cmd="ignore" pos="PRP$">his</wf>
<wf cmd="tag" pos="NN">picture</wf>
<wf cmd="tag" pos="RB">in_hand</wf>
<wf cmd="done" pos="VB" lemma="be" wnsn="3" lexsn="2:42:05::">were</wf>
<wf cmd="done" pos="VB" ot="notag">on</wf>
<wf cmd="ignore" pos="DT">the</wf>
<wf cmd="tag" pos="NN">trail</wf>
<wf cmd="ignore" pos="IN">of</wf>
<wf cmd="tag" pos="NNP">Cal_Barco</wf>
<punc>.</punc>
</s>
</p>
<p pnum="3">
<s snum="5">
<wf cmd="ignore" pos="IN">On</wf>
<wf cmd="ignore" pos="PRP$">their</wf>
<wf cmd="tag" pos="NN">way</wf>
<punc>,</punc>
<wf cmd="ignore" pos="PRP">they</wf>
<wf cmd="done" pos="VB" lemma="stop" wnsn="1" lexsn="2:38:00::">stopped</wf>
<wf cmd="ignore" pos="IN">at</wf>
<wf cmd="ignore" pos="DT">every</wf>
<wf cmd="tag" pos="NN">gas_station</wf>
<wf cmd="ignore" pos="IN">along</wf>
<wf cmd="ignore" pos="DT">the</wf>
<wf cmd="tag" pos="JJ">main</wf>
<wf cmd="tag" pos="NNS">boulevards</wf>
<wf cmd="ignore" pos="TO">to</wf>
<wf cmd="done" pos="VB" lemma="question" wnsn="2" lexsn="2:32:03::">question</wf>
<wf cmd="ignore" pos="DT">the</wf>
<wf cmd="tag" pos="NNS">attendants</wf>
<punc>.</punc>
</s>
<s snum="6">
<wf cmd="tag" pos="RB">Finally</wf>
<punc>,</punc>
<wf cmd="ignore" pos="IN">at</wf>
<wf cmd="tag" pos="NNP">Ye_Olde_Gasse</wf>
<wf cmd="tag" pos="NN">Filling_Station</wf>
<wf cmd="ignore" pos="IN">on</wf>
<wf cmd="tag" pos="NNP">Avocado_Avenue</wf>
<punc>,</punc>
<wf cmd="ignore" pos="PRP">they</wf>
<wf cmd="done" pos="VB" lemma="learn" wnsn="2" lexsn="2:31:01::">learned</wf>
<wf cmd="ignore" pos="IN">that</wf>
<wf cmd="ignore" pos="PRP$">their</wf>
<wf cmd="tag" pos="NN">man</wf>
<punc>,</punc>
<wf cmd="done" pos="VBG" ot="notag">having</wf>
<wf cmd="done" pos="VB" lemma="pause" wnsn="1" lexsn="2:42:00::">paused</wf>
<wf cmd="ignore" pos="TO">to</wf>
<wf cmd="done" pos="VB" lemma="get" wnsn="4" lexsn="2:30:03::">get</wf>
<wf cmd="tag" pos="NN">oil</wf>
<wf cmd="ignore" pos="IN">for</wf>
<wf cmd="ignore" pos="PRP$">his</wf>
<wf cmd="tag" pos="NN">car</wf>
<punc>,</punc>
<wf cmd="done" pos="VBD" ot="notag">had</wf>
<wf cmd="done" pos="VB" lemma="ask" wnsn="1" lexsn="2:32:00::">asked</wf>
<wf cmd="ignore" pos="IN">about</wf>
<wf cmd="ignore" pos="DT">the</wf>
<wf cmd="tag" pos="NN">route</wf>
<wf cmd="ignore" pos="TO">to</wf>
<wf cmd="tag" pos="NN">San_Diego</wf>
<punc>.</punc>
</s>
<s snum="7">
<wf cmd="ignore" pos="PRP">They</wf>
<wf cmd="done" pos="VB" lemma="head" wnsn="1" lexsn="2:38:00::">headed</wf>
<wf cmd="tag" pos="RB">in_that</wf>
<wf cmd="tag" pos="NN">direction</wf>
<wf cmd="ignore" pos="CC">and</wf>
<punc>,</punc>
<wf cmd="ignore" pos="IN">at</wf>
<wf cmd="tag" pos="NN">San_Juan</wf>
<wf cmd="tag" pos="NNP">Capistrano_by-the-Sea</wf>
<wf cmd="done" pos="VB" lemma="come_upon" wnsn="1" lexsn="2:40:09::">came_upon</wf>
<wf cmd="tag" pos="NNP">Barco</wf>
<wf cmd="done" pos="VB" lemma="sit" wnsn="1" lexsn="2:35:00::">sitting</wf>
<wf cmd="ignore" pos="IN">in</wf>
<wf cmd="ignore" pos="DT">the</wf>
<wf cmd="tag" pos="JJ">quaint</wf>
<wf cmd="tag" pos="JJ">old</wf>
<wf cmd="tag" pos="JJ">Spanish</wf>
<wf cmd="tag" pos="NNP">Mission_Drive-in</wf>
<punc>,</punc>
<wf cmd="done" pos="VB" lemma="eat" wnsn="1" lexsn="2:34:00::">eating</wf>
<wf cmd="ignore" pos="DT">a</wf>
<wf cmd="tag" pos="JJ">hot</wf>
<wf cmd="tag" pos="NN">tamale</wf>
<punc>.</punc>
</s>
<s snum="8">
<wf cmd="ignore" pos="IN">At</wf>
<wf cmd="ignore" pos="DT">the</wf>
<wf cmd="tag" pos="NN">moment</wf>
<punc>,</punc>
<wf cmd="tag" pos="NNP">Barco</wf>
<wf cmd="ignore" pos="POS">'s</wf>
<wf cmd="tag" pos="RB">back</wf>
<wf cmd="done" pos="VB" lemma="be" wnsn="1" lexsn="2:42:03::">was</wf>
<wf cmd="ignore" pos="TO">to</wf>
<wf cmd="ignore" pos="DT">the</wf>
<wf cmd="tag" pos="NN">road</wf>
<wf cmd="tag" pos="RB">so</wf>
<wf cmd="ignore" pos="PRP">he</wf>
<wf cmd="done" pos="VBD" ot="notag">did</wf>
<wf cmd="tag" pos="RB">n't</wf>
<wf cmd="done" pos="VB" lemma="see" wnsn="1" lexsn="2:39:00::">see</wf>
<wf cmd="ignore" pos="DT">the</wf>
<wf cmd="tag" pos="NNS">detectives</wf>
<wf cmd="done" pos="VB" lemma="close_in" wnsn="1" lexsn="2:38:00::">close_in</wf>
<wf cmd="ignore" pos="IN">on</wf>
<wf cmd="ignore" pos="PRP$">his</wf>
<wf cmd="tag" pos="JJ">convertible</wf>
<wf cmd="ignore" pos="WDT">which</wf>
<punc>,</punc>
<wf cmd="ignore" pos="IN">in</wf>
<wf cmd="ignore" pos="PRP$">their</wf>
<wf cmd="tag" pos="NN">quest</wf>
<wf cmd="done" pos="VB" ot="notag">for</wf>
<wf cmd="ignore" pos="DT">the</wf>
<wf cmd="tag" pos="JJ">stolen</wf>
<wf cmd="tag" pos="NN">lap</wf>
<wf cmd="tag" pos="NN">rug</wf>
<punc>,</punc>
<wf cmd="ignore" pos="PRP">they</wf>
<wf cmd="done" pos="VB" lemma="proceed" wnsn="1" lexsn="2:32:00::">proceeded</wf>
<wf cmd="ignore" pos="TO">to</wf>
<wf cmd="done" pos="VB" lemma="search" wnsn="2" lexsn="2:39:00::">search</wf>
<punc>.</punc>
</s>
<s snum="9">
<wf cmd="ignore" pos="DT">The</wf>
<wf cmd="tag" pos="NN">robe</wf>
<punc>,</punc>
<wf cmd="tag" pos="RB">however</wf>
<punc>,</punc>
<wf cmd="done" pos="VB" lemma="be" wnsn="1" lexsn="2:42:03::">was</wf>
<wf cmd="tag" pos="JJ">missing</wf>
<punc>,</punc>
<wf cmd="ignore" pos="IN">for</wf>
<wf cmd="ignore" pos="IN">by</wf>
<wf cmd="ignore" pos="IN">that</wf>
<wf cmd="tag" pos="NN">time</wf>
<wf cmd="tag" pos="NNP">Barco</wf>
<wf cmd="done" pos="VBD" ot="notag">had</wf>
<wf cmd="done" pos="VB" lemma="dispose" wnsn="1" lexsn="2:40:11::">disposed</wf>
<wf cmd="done" pos="VB" ot="notag">of</wf>
<wf cmd="ignore" pos="PRP">it</wf>
<wf cmd="ignore" pos="IN">at</wf>
<wf cmd="ignore" pos="DT">a</wf>
<wf cmd="tag" pos="NN">pawnshop</wf>
<wf cmd="ignore" pos="IN">in</wf>
<wf cmd="tag" pos="NNP">Glendale</wf>
<punc>.</punc>
</s>
</p>
<p pnum="4">
<s snum="10">
<wf cmd="ignore" pos="DT">The</wf>
<wf cmd="tag" pos="NNS">detectives</wf>
<wf cmd="done" pos="VB" lemma="place" wnsn="2" lexsn="2:41:01::">placed</wf>
<wf cmd="tag" pos="NNP">Barco</wf>
<wf cmd="ignore" pos="IN">under</wf>
<wf cmd="tag" pos="NN">arrest</wf>
<wf cmd="ignore" pos="CC">and</wf>
<punc>,</punc>
<wf cmd="ignore" pos="IN">without</wf>
<wf cmd="done" pos="VB" lemma="inform" wnsn="1" lexsn="2:32:00::">informing</wf>
<wf cmd="ignore" pos="PRP">him</wf>
<wf cmd="ignore" pos="IN">of</wf>
<wf cmd="ignore" pos="DT">the</wf>
<wf cmd="tag" pos="NN">nature</wf>
<wf cmd="ignore" pos="IN">of</wf>
<wf cmd="ignore" pos="DT">the</wf>
<wf cmd="tag" pos="NN">charge</wf>
<punc>,</punc>
<wf cmd="done" rdf="took_back" pos="VB" lemma="take_back" wnsn="1" lexsn="2:38:03::">took</wf>
<wf cmd="ignore" pos="PRP">him</wf>
<wf cmd="tag" pos="RB">back</wf>
<wf cmd="ignore" pos="TO">to</wf>
<wf cmd="tag" pos="NNP">Hollywood</wf>
<wf cmd="ignore" pos="IN">for</wf>
<wf cmd="tag" pos="NN">questioning</wf>
<punc>.</punc>
</s>
</p>
<p pnum="5">
<s snum="11">
<wf cmd="tag" pos="RB">Thus</wf>
<wf cmd="ignore" pos="PRP">it</wf>
<wf cmd="done" pos="VBD" ot="notag">was</wf>
<wf cmd="ignore" pos="IN">that</wf>
<wf cmd="tag" pos="NNP">Barco</wf>
<punc>,</punc>
<wf cmd="done" pos="VB" lemma="apprehend" wnsn="2" lexsn="2:35:00::">apprehended</wf>
<wf cmd="ignore" pos="IN">for</wf>
<wf cmd="tag" pos="JJ">mere</wf>
<wf cmd="tag" pos="NN">larceny</wf>
<punc>,</punc>
<wf cmd="tag" pos="RB">now</wf>
<wf cmd="done" pos="VB" lemma="begin" wnsn="1" lexsn="2:30:00::">began</wf>
<wf cmd="ignore" pos="TO">to</wf>
<wf cmd="done" pos="VB" lemma="suspect" wnsn="0" lexsn="2:31:02::">suspect</wf>
<wf cmd="ignore" pos="IN">that</wf>
<wf cmd="tag" pos="CD">one</wf>
<wf cmd="ignore" pos="CC">or</wf>
<wf cmd="ignore" pos="DT">another</wf>
<wf cmd="ignore" pos="IN">of</wf>
<wf cmd="ignore" pos="PRP$">his</wf>
<wf cmd="tag" pos="NNS">murders</wf>
<wf cmd="done" pos="VBD" ot="notag">had</wf>
<wf cmd="done" pos="VBN" ot="notag">been</wf>
<wf cmd="done" pos="VB" lemma="uncover" wnsn="1" lexsn="2:39:00::">uncovered</wf>
<punc>.</punc>
</s>
<s snum="12">
<wf cmd="ignore" pos="IN">During</wf>
<wf cmd="ignore" pos="DT">the</wf>
<wf cmd="tag" pos="NN">return</wf>
<wf cmd="tag" pos="NN">trip</wf>
<punc>,</punc>
<wf cmd="tag" pos="NNP">Barco</wf>
<wf cmd="done" pos="VB" lemma="keep" wnsn="2" lexsn="2:42:07::">kept</wf>
<wf cmd="done" pos="VB" lemma="mutter" wnsn="1" lexsn="2:32:01::">muttering</wf>
<wf cmd="ignore" pos="TO">to</wf>
<wf cmd="ignore" pos="PRP">himself</wf>
<wf cmd="ignore" pos="IN">in</wf>
<wf cmd="tag" pos="JJ">meaningless</wf>
<wf cmd="tag" pos="NNS">phrases</wf>
<punc>,</punc>
<wf cmd="tag" pos="JJ">such_as</wf>
<punc>:</punc>
</s>
<s snum="13">
<punc>``</punc>
<wf cmd="ignore" pos="PRP">They</wf>
<wf cmd="done" rdf="are" pos="VB" lemma="be" wnsn="3" lexsn="2:42:05::">'re</wf>
<wf cmd="ignore" pos="IN">under</wf>
<wf cmd="tag" pos="NN">sand_dunes</wf>
<punc>.</punc>
</s>
<s snum="14">
<wf cmd="ignore" pos="PRP">They</wf>
<wf cmd="done" rdf="are" pos="VB" lemma="be" wnsn="1" lexsn="2:42:03::">'re</wf>
<wf cmd="tag" pos="RBR">better</wf>
<wf cmd="tag" pos="RB">off</wf>
<punc>,</punc>
<wf cmd="ignore" pos="PRP">I</wf>
<wf cmd="done" pos="VB" lemma="tell" wnsn="1" lexsn="2:32:04::">tell</wf>
<wf cmd="ignore" pos="PRP">you</wf>
<punc>.</punc>
</s>
<s snum="15">
<wf cmd="ignore" pos="PRP">I</wf>
<wf cmd="done" pos="VB" lemma="save" wnsn="1" lexsn="2:41:01::">saved</wf>
<wf cmd="ignore" pos="PRP$">their</wf>
<wf cmd="tag" pos="NNS">souls</wf>
<punc>''</punc>
<punc>.</punc>
</s>
<s snum="16">
<wf cmd="ignore" pos="DT">The</wf>
<wf cmd="tag" pos="NN">detective</wf>
<punc>,</punc>
<wf cmd="done" pos="VB" lemma="comment" wnsn="1" lexsn="2:32:00::">commenting</wf>
<wf cmd="done" pos="VB" ot="notag">on</wf>
<wf cmd="tag" pos="NNP">Barco</wf>
<wf cmd="ignore" pos="POS">'s</wf>
<wf cmd="tag" pos="NN">behavior</wf>
<punc>,</punc>
<wf cmd="done" pos="VB" lemma="feel" wnsn="2" lexsn="2:31:00::">felt</wf>
<wf cmd="ignore" pos="IN">that</wf>
<wf cmd="ignore" pos="PRP">he</wf>
<wf cmd="tag" pos="RB">merely</wf>
<wf cmd="done" pos="VB" lemma="belong" wnsn="0" lexsn="2:42:00::">belonged</wf>
<wf cmd="ignore" pos="IN">among</wf>
<wf cmd="ignore" pos="DT">the</wf>
<wf cmd="tag" pos="JJ">myriad</wf>
<wf cmd="tag" pos="NNS">citizens</wf>
<wf cmd="ignore" pos="IN">of</wf>
<wf cmd="ignore" pos="PRP$">our</wf>
<wf cmd="tag" pos="NN">community</wf>
<wf cmd="ignore" pos="WP">who</wf>
<wf cmd="done" pos="VB" lemma="be" wnsn="1" lexsn="2:42:03::">are</wf>
<wf cmd="tag" pos="RB">mentally</wf>
<wf cmd="tag" pos="JJ">unhinged</wf>
<punc>-</punc>
<wf cmd="ignore" pos="IN">that</wf>
<wf cmd="ignore" pos="PRP">he</wf>
<wf cmd="done" pos="VB" lemma="be" wnsn="1" lexsn="2:42:03::">was</wf>
<wf cmd="ignore" pos="DT">a</wf>
<wf cmd="tag" pos="RB">more_or_less</wf>
<wf cmd="tag" pos="JJ">harmless</wf>
<punc>``</punc>
<wf cmd="tag" pos="NN">nut</wf>
<punc>''</punc>
<punc>!</punc>
</s>
</p>
<p pnum="6">
<s snum="17">
<wf cmd="tag" pos="RB">However</wf>
<wf cmd="ignore" pos="IN">while</wf>
<wf cmd="ignore" pos="IN">in</wf>
<wf cmd="ignore" pos="PRP$">his</wf>
<wf cmd="tag" pos="NN">cell</wf>
<wf cmd="done" pos="VB" lemma="await" wnsn="1" lexsn="2:31:00::">awaiting</wf>
<wf cmd="tag" pos="NN">trial</wf>
<wf cmd="ignore" pos="IN">for</wf>
<wf cmd="tag" pos="NN">theft</wf>
<punc>,</punc>
<wf cmd="tag" pos="NNP">Barco</wf>
<punc>,</punc>
<wf cmd="ignore" pos="IN">in</wf>
<wf cmd="ignore" pos="DT">a</wf>
<wf cmd="tag" pos="NN">fit</wf>
<wf cmd="ignore" pos="IN">of</wf>
<wf cmd="tag" pos="NN">apprehension</wf>
<punc>,</punc>
<wf cmd="done" pos="VB" lemma="make" wnsn="1" lexsn="2:41:00::">made</wf>
<wf cmd="ignore" pos="DT">an</wf>
<wf cmd="tag" pos="NN">attempt</wf>
<wf cmd="ignore" pos="TO">to</wf>
<wf cmd="done" pos="VB" lemma="take" wnsn="26" lexsn="2:32:00::">take</wf>
<wf cmd="ignore" pos="PRP$">his</wf>
<wf cmd="tag" pos="JJ">own</wf>
<wf cmd="tag" pos="NN">life</wf>
<punc>.</punc>
</s>
<s snum="18">
<wf cmd="ignore" pos="DT">The</wf>
<wf cmd="tag" pos="NN">attempt</wf>
<wf cmd="done" pos="VBD" ot="notag">had</wf>
<wf cmd="done" pos="VB" lemma="fail" wnsn="2" lexsn="2:41:00::">failed</wf>
<wf cmd="tag" pos="RB">because</wf>
<punc>,</punc>
<wf cmd="ignore" pos="WRB">when</wf>
<wf cmd="done" pos="VB" lemma="endeavor" wnsn="1" lexsn="2:41:00::">endeavoring</wf>
<wf cmd="ignore" pos="TO">to</wf>
<wf cmd="done" pos="VB" lemma="cut" wnsn="1" lexsn="2:35:00::">cut</wf>
<wf cmd="ignore" pos="PRP$">his</wf>
<wf cmd="tag" pos="NNS">wrists</wf>
<punc>,</punc>
<wf cmd="ignore" pos="DT">this</wf>
<wf cmd="tag" pos="NN">murderer</wf>
<wf cmd="ignore" pos="IN">of</wf>
<wf cmd="tag" pos="CD">seven</wf>
<wf cmd="tag" pos="NNS">women</wf>
<wf cmd="done" pos="VBD" ot="notag">had</wf>
<wf cmd="done" pos="VB" lemma="faint" wnsn="1" lexsn="2:29:00::">fainted</wf>
<wf cmd="ignore" pos="IN">at</wf>
<wf cmd="ignore" pos="DT">the</wf>
<wf cmd="tag" pos="NN">sight</wf>
<wf cmd="ignore" pos="IN">of</wf>
<wf cmd="tag" pos="NN">blood</wf>
<punc>.</punc>
</s>
<s snum="19">
<wf cmd="ignore" pos="DT">The</wf>
<wf cmd="tag" pos="NN">jail</wf>
<wf cmd="tag" pos="NNS">authorities</wf>
<punc>-</punc>
<wf cmd="done" pos="VB" lemma="attach" wnsn="1" lexsn="2:35:01::">attaching</wf>
<wf cmd="ignore" pos="DT">no</wf>
<wf cmd="tag" pos="JJ">particular</wf>
<wf cmd="tag" pos="NN">significance</wf>
<wf cmd="ignore" pos="TO">to</wf>
<wf cmd="ignore" pos="DT">the</wf>
<wf cmd="tag" pos="NN">episode</wf>
<punc>-</punc>
<wf cmd="done" pos="VB" lemma="offer" wnsn="1" lexsn="2:40:02::">offered</wf>
<wf cmd="tag" pos="NNP">Barco</wf>
<wf cmd="tag" pos="NN">whisky</wf>
<wf cmd="ignore" pos="TO">to</wf>
<wf cmd="done" pos="VB" lemma="revive" wnsn="1" lexsn="2:29:01::">revive</wf>
<wf cmd="ignore" pos="PRP">him</wf>
<punc>;</punc>
<wf cmd="ignore" pos="CC">but</wf>
<wf cmd="ignore" pos="DT">the</wf>
<wf cmd="tag" pos="JJ">old</wf>
<wf cmd="tag" pos="NN">fellow</wf>
<punc>,</punc>
<wf cmd="ignore" pos="DT">a</wf>
<wf cmd="tag" pos="JJ">lifelong</wf>
<wf cmd="tag" pos="NN">teetotaler</wf>
<punc>,</punc>
<wf cmd="done" pos="VB" lemma="refuse" wnsn="2" lexsn="2:40:00::">refused</wf>
<wf cmd="ignore" pos="PRP">it</wf>
<punc>,</punc>
<wf cmd="ignore" pos="CC">and</wf>
<wf cmd="tag" pos="RB">no_more</wf>
<wf cmd="done" pos="VBD" ot="notag">was</wf>
<wf cmd="done" pos="VB" lemma="think_of" wnsn="1" lexsn="2:31:00::">thought_of</wf>
<wf cmd="tag" pos="JJ">the_matter</wf>
<punc>.</punc>
</s>
</p>
<p pnum="7">
<s snum="20">
<wf cmd="tag" pos="RB">Then</wf>
<wf cmd="ignore" pos="PRP">it</wf>
<wf cmd="done" pos="VBD" ot="notag">was</wf>
<wf cmd="ignore" pos="IN">that</wf>
<wf cmd="tag" pos="NN">District_Attorney</wf>
<wf cmd="tag" pos="NNP">Welch</wf>
<wf cmd="done" pos="VB" lemma="enter" wnsn="1" lexsn="2:38:00::">entered</wf>
<wf cmd="ignore" pos="DT">the</wf>
<wf cmd="tag" pos="NN">case</wf>
<punc>.</punc>
</s>
<s snum="21">
<wf cmd="ignore" pos="DT">A</wf>
<wf cmd="tag" pos="NN">man</wf>
<wf cmd="ignore" pos="IN">of</wf>
<wf cmd="tag" pos="JJ">vaulting</wf>
<wf cmd="tag" pos="NN">ambition</wf>
<punc>,</punc>
<wf cmd="ignore" pos="IN">with</wf>
<wf cmd="tag" pos="CD">one</wf>
<wf cmd="tag" pos="NN">eye</wf>
<wf cmd="ignore" pos="IN">on</wf>
<wf cmd="ignore" pos="DT">the</wf>
<wf cmd="tag" pos="NN">mayorship</wf>
<wf cmd="ignore" pos="IN">of</wf>
<wf cmd="tag" pos="NN">Los_Angeles</wf>
<punc>,</punc>
<wf cmd="tag" pos="NN">nothing</wf>
<wf cmd="tag" pos="RB">ever</wf>
<wf cmd="done" pos="VB" lemma="escape" wnsn="4" lexsn="2:42:00::">escaped</wf>
<wf cmd="ignore" pos="PRP">him</wf>
<wf cmd="ignore" pos="WDT">which</wf>
<wf cmd="ignore" pos="MD">might</wf>
<wf cmd="tag" pos="RB">possibly</wf>
<wf cmd="done" pos="VB" lemma="lead" wnsn="3" lexsn="2:42:12::">lead</wf>
<wf cmd="done" pos="VB" ot="notag">to</wf>
<wf cmd="tag" pos="JJ">personal</wf>
<wf cmd="tag" pos="NN">publicity</wf>
<punc>.</punc>
</s>
</p>
<p pnum="8">
<s snum="22">
<wf cmd="ignore" pos="PRP">It</wf>
<wf cmd="done" pos="VBD" ot="notag">was</wf>
<wf cmd="done" pos="VB" lemma="report" wnsn="1" lexsn="2:32:00::">reported</wf>
<wf cmd="ignore" pos="TO">to</wf>
<wf cmd="tag" pos="NNP">Welch</wf>
<wf cmd="ignore" pos="POS">'s</wf>
<wf cmd="tag" pos="NN">office</wf>
<wf cmd="ignore" pos="IN">that</wf>
<wf cmd="ignore" pos="DT">a</wf>
<wf cmd="tag" pos="NN">thief</wf>
<wf cmd="ignore" pos="IN">in</wf>
<wf cmd="ignore" pos="DT">the</wf>
<wf cmd="tag" pos="NN">city</wf>
<wf cmd="tag" pos="NN">jail</wf>
<wf cmd="done" pos="VBD" ot="notag">had</wf>
<wf cmd="done" pos="VB" lemma="attempt" wnsn="2" lexsn="2:36:00::">attempted</wf>
<wf cmd="tag" pos="NN">suicide</wf>
<punc>.</punc>
</s>
<s snum="23">
<wf cmd="tag" pos="NNP">Welch</wf>
<wf cmd="done" pos="VB" lemma="want" wnsn="1" lexsn="2:37:00::">wanted</wf>
<wf cmd="done" pos="VB" ot="notag">to</wf>
<wf cmd="done" pos="VB" lemma="know" wnsn="1" lexsn="2:31:01::">know</wf>
<wf cmd="ignore" pos="WRB">why</wf>
<punc>.</punc>
</s>
<s snum="24">
<wf cmd="ignore" pos="DT">No</wf>
<wf cmd="tag" pos="CD">one</wf>
<wf cmd="done" pos="VB" lemma="know" wnsn="1" lexsn="2:31:01::">knew</wf>
<punc>.</punc>
</s>
<s snum="25">
<wf cmd="tag" pos="RB">Now</wf>
<wf cmd="tag" pos="NNP">Welch</wf>
<wf cmd="done" pos="VB" lemma="have" wnsn="1" lexsn="2:40:00::">had</wf>
<wf cmd="ignore" pos="DT">a</wf>
<wf cmd="tag" pos="NN">pet</wf>
<wf cmd="tag" pos="NN">theory</wf>
<wf cmd="ignore" pos="IN">that</wf>
<wf cmd="tag" pos="NN">everyone</wf>
<wf cmd="done" pos="VB" lemma="be" wnsn="1" lexsn="2:42:03::">is</wf>
<wf cmd="tag" pos="JJ">guilty</wf>
<wf cmd="ignore" pos="IN">of</wf>
<wf cmd="done" pos="VB" lemma="break" wnsn="6" lexsn="2:41:00::">breaking</wf>
<wf cmd="tag" pos="JJR">more</wf>
<wf cmd="tag" pos="NNS">laws</wf>
<wf cmd="ignore" pos="IN">than</wf>
<wf cmd="ignore" pos="PRP">he</wf>
<wf cmd="tag" pos="RB">ever</wf>
<wf cmd="done" pos="VB" ot="notag">gets</wf>
<wf cmd="done" pos="VB" lemma="catch" wnsn="1" lexsn="2:31:01::">caught</wf>
<wf cmd="tag" pos="RB">at</wf>
<punc>.</punc>
</s>
<s snum="26">
<wf cmd="ignore" pos="DT">The</wf>
<wf cmd="tag" pos="NN">suicide</wf>
<wf cmd="tag" pos="NN">attempt</wf>
<wf cmd="done" pos="VB" lemma="look" wnsn="2" lexsn="2:39:01::">looked</wf>
<wf cmd="done" pos="VB" ot="notag">to</wf>
<wf cmd="ignore" pos="PRP">him</wf>
<wf cmd="ignore" pos="IN">like</wf>
<wf cmd="ignore" pos="DT">an</wf>
<wf cmd="tag" pos="NN">opportunity</wf>
<wf cmd="ignore" pos="TO">to</wf>
<wf cmd="done" pos="VB" lemma="put" wnsn="2" lexsn="2:35:05::">put</wf>
<wf cmd="ignore" pos="PRP$">his</wf>
<wf cmd="tag" pos="NN">theory</wf>
<wf cmd="ignore" pos="TO">to</wf>
<wf cmd="ignore" pos="DT">the</wf>
<wf cmd="tag" pos="NN">test</wf>
<punc>.</punc>
</s>
<s snum="27">
<wf cmd="tag" pos="RB">So</wf>
<wf cmd="ignore" pos="PRP">he</wf>
<wf cmd="done" pos="VB" lemma="pay" wnsn="8" lexsn="2:41:00::">paid</wf>
<wf cmd="done" pos="VB" ot="notag">a</wf>
<wf cmd="tag" pos="NN">call</wf>
<wf cmd="done" pos="VB" ot="notag">on</wf>
<wf cmd="tag" pos="NNP">Barco</wf>
<wf cmd="ignore" pos="IN">in</wf>
<wf cmd="ignore" pos="PRP$">his</wf>
<wf cmd="tag" pos="NN">cell</wf>
<wf cmd="ignore" pos="CC">and</wf>
<wf cmd="done" pos="VB" lemma="begin" wnsn="1" lexsn="2:30:00::">began</wf>
<wf cmd="ignore" pos="PRP$">their</wf>
<wf cmd="tag" pos="NN">chat</wf>
<wf cmd="ignore" pos="IN">by</wf>
<wf cmd="done" pos="VB" lemma="state" wnsn="1" lexsn="2:32:00::">stating</wf>
<wf cmd="tag" pos="RB">bluntly</wf>
<punc>:</punc>
</s>
</p>
<p pnum="9">
<s snum="28">
<punc>``</punc>
<wf cmd="tag" pos="NNP">Barco</wf>
<punc>,</punc>
<wf cmd="ignore" pos="PRP">we</wf>
<wf cmd="done" rdf="have" pos="VBP" ot="notag">'ve</wf>
<wf cmd="done" pos="VB" lemma="get" wnsn="1" lexsn="2:40:00::">got</wf>
<wf cmd="ignore" pos="DT">the</wf>
<wf cmd="tag" pos="NNS">goods</wf>
<wf cmd="ignore" pos="IN">on</wf>
<wf cmd="ignore" pos="PRP">you</wf>
<punc>!</punc>
</s>
<s snum="29">
<wf cmd="ignore" pos="PRP">It</wf>
<wf cmd="ignore" pos="MD">'ll</wf>
<wf cmd="done" pos="VB" lemma="be" wnsn="1" lexsn="2:42:03::">be</wf>
<wf cmd="tag" pos="RB">a_lot</wf>
<wf cmd="tag" pos="JJR">better</wf>
<wf cmd="ignore" pos="IN">if</wf>
<wf cmd="ignore" pos="PRP">you</wf>
<wf cmd="done" pos="VB" ot="idiom">come_clean</wf>
<punc>''</punc>
<punc>.</punc>
</s>
</p>
<p pnum="10">
<s snum="30">
<wf cmd="tag" pos="RB">At_first</wf>
<wf cmd="tag" pos="NNP">Barco</wf>
<wf cmd="done" pos="VB" lemma="be" wnsn="1" lexsn="2:42:03::">was</wf>
<wf cmd="tag" pos="JJ">evasive</wf>
<wf cmd="ignore" pos="CC">and</wf>
<wf cmd="tag" pos="JJ">shifty</wf>
<punc>.</punc>
</s>
<s snum="31">
<wf cmd="ignore" pos="CC">But</wf>
<wf cmd="ignore" pos="IN">with</wf>
<wf cmd="tag" pos="NNP">Welch</wf>
<wf cmd="ignore" pos="POS">'s</wf>
<wf cmd="tag" pos="JJ">relentless</wf>
<wf cmd="tag" pos="NN">pursuit</wf>
<wf cmd="ignore" pos="IN">of</wf>
<wf cmd="ignore" pos="DT">the</wf>
<wf cmd="tag" pos="NN">subject</wf>
<punc>,</punc>
<wf cmd="tag" pos="NNP">Barco</wf>
<wf cmd="tag" pos="RB">finally</wf>
<punc>``</punc>
<wf cmd="done" pos="VB" lemma="break" wnsn="9" lexsn="2:37:00::">broke</wf>
<punc>''</punc>
<wf cmd="ignore" pos="CC">and</wf>
<wf cmd="done" pos="VB" lemma="start" wnsn="1" lexsn="2:30:00::">started</wf>
<wf cmd="done" pos="VB" lemma="confess" wnsn="1" lexsn="2:32:00::">confessing</wf>
<wf cmd="ignore" pos="TO">to</wf>
<wf cmd="tag" pos="CD">one</wf>
<wf cmd="tag" pos="NN">murder</wf>
<wf cmd="ignore" pos="IN">after</wf>
<wf cmd="ignore" pos="DT">another</wf>
<punc>.</punc>
</s>
<s snum="32">
<wf cmd="ignore" pos="IN">By</wf>
<wf cmd="ignore" pos="DT">the</wf>
<wf cmd="tag" pos="NN">time</wf>
<wf cmd="tag" pos="NNP">Barco</wf>
<wf cmd="done" pos="VB" lemma="reach" wnsn="8" lexsn="2:40:00::">reached</wf>
<wf cmd="ignore" pos="DT">the</wf>
<wf cmd="tag" pos="NN">count</wf>
<wf cmd="ignore" pos="IN">of</wf>
<wf cmd="tag" pos="CD">three</wf>
<punc>,</punc>
<wf cmd="ignore" pos="DT">the</wf>
<wf cmd="tag" pos="NN">situation</wf>
<wf cmd="done" pos="VB" lemma="seem" wnsn="1" lexsn="2:39:00::">seemed</wf>
<wf cmd="ignore" pos="TO">to</wf>
<wf cmd="tag" pos="NNP">Welch</wf>
<wf cmd="tag" pos="RB">almost</wf>
<wf cmd="tag" pos="RB">too</wf>
<wf cmd="tag" pos="JJ">good</wf>
<wf cmd="ignore" pos="TO">to</wf>
<wf cmd="done" pos="VB" lemma="be" wnsn="1" lexsn="2:42:03::">be</wf>
<wf cmd="tag" pos="JJ">true</wf>
<punc>.</punc>
</s>
<s snum="33">
<wf cmd="ignore" pos="CC">But</wf>
<wf cmd="ignore" pos="IN">if</wf>
<wf cmd="tag" pos="JJ">true</wf>
<punc>,</punc>
<wf cmd="ignore" pos="PRP">it</wf>
<wf cmd="done" pos="VB" lemma="be" wnsn="1" lexsn="2:42:03::">was</wf>
<wf cmd="ignore" pos="DT">the</wf>
<wf cmd="tag" pos="NN">case</wf>
<wf cmd="tag" pos="RB">of_which</wf>
<wf cmd="ignore" pos="PRP">he</wf>
<wf cmd="done" pos="VBD" ot="notag">had</wf>
<wf cmd="done" pos="VB" lemma="dream" wnsn="1" lexsn="2:36:00::">dreamed</wf>
<punc>,</punc>
<wf cmd="ignore" pos="DT">the</wf>
<wf cmd="tag" pos="NN">case</wf>
<wf cmd="ignore" pos="WDT">which</wf>
<wf cmd="ignore" pos="MD">would</wf>
<wf cmd="done" pos="VB" ot="metaphor">throw</wf>
<wf cmd="ignore" pos="PRP">him</wf>
<wf cmd="ignore" pos="IN">into</wf>
<wf cmd="tag" pos="NNS">headlines</wf>
<wf cmd="tag" pos="RB">all_over</wf>
<wf cmd="tag" pos="NNP">America</wf>
<wf cmd="ignore" pos="IN">as</wf>
<wf cmd="ignore" pos="DT">the</wf>
<wf cmd="tag" pos="NN">hero</wf>
<wf cmd="ignore" pos="IN">of</wf>
<wf cmd="ignore" pos="DT">a</wf>
<wf cmd="tag" pos="JJ">great</wf>
<wf cmd="tag" pos="NN">murder</wf>
<wf cmd="tag" pos="NN">trial</wf>
<punc>.</punc>
</s>
</p>
<p pnum="11">
<s snum="34">
<wf cmd="tag" pos="NNP">Welch</wf>
<wf cmd="done" pos="VB" lemma="summon" wnsn="1" lexsn="2:32:00::">summoned</wf>
<wf cmd="tag" pos="NN">jail</wf>
<wf cmd="tag" pos="NNS">officials</wf>
<wf cmd="ignore" pos="TO">to</wf>
<wf cmd="tag" pos="NNP">Barco</wf>
<wf cmd="ignore" pos="POS">'s</wf>
<wf cmd="tag" pos="NN">cell</wf>
<punc>.</punc>
</s>
<s snum="35">
<wf cmd="ignore" pos="CC">But</wf>
<wf cmd="ignore" pos="TO">to</wf>
<wf cmd="tag" pos="NNP">Welch</wf>
<wf cmd="ignore" pos="POS">'s</wf>
<wf cmd="tag" pos="NN">chagrin</wf>
<punc>,</punc>
<wf cmd="ignore" pos="DT">the</wf>
<wf cmd="tag" pos="NN">police_captain</wf>
<wf cmd="done" rdf="pooh-pooh" pos="VB" lemma="pooh-pooh" wnsn="1" lexsn="2:32:01::">pooh-poohed</wf>
<wf cmd="tag" pos="NNP">Welch</wf>
<wf cmd="ignore" pos="POS">'s</wf>
<wf cmd="tag" pos="NN">credulity</wf>
<wf cmd="ignore" pos="IN">in</wf>
<wf cmd="tag" pos="NNP">Barco</wf>
<wf cmd="ignore" pos="POS">'s</wf>
<wf cmd="tag" pos="NN">confession</wf>
<punc>.</punc>
</s>
<s snum="36">
<wf cmd="tag" pos="NNP">Barco</wf>
<wf cmd="done" pos="VB" lemma="be" wnsn="1" lexsn="2:42:03::">was</wf>
<wf cmd="tag" pos="RB">clearly</wf>
<wf cmd="ignore" pos="DT">a</wf>
<punc>``</punc>
<wf cmd="tag" pos="NN">nut</wf>
<punc>''</punc>
<punc>.</punc>
</s>
<s snum="37">
<wf cmd="ignore" pos="PRP">It</wf>
<wf cmd="done" pos="VB" lemma="require" wnsn="1" lexsn="2:42:00::">required</wf>
<wf cmd="tag" pos="NN">strength</wf>
<punc>,</punc>
<wf cmd="tag" pos="NN">bravado</wf>
<punc>,</punc>
<wf cmd="tag" pos="JJ">daring</wf>
<wf cmd="ignore" pos="TO">to</wf>
<wf cmd="done" pos="VB" lemma="commit" wnsn="1" lexsn="2:41:00::">commit</wf>
<wf cmd="tag" pos="NN">murder</wf>
<punc>.</punc>
</s>
<s snum="38">
<punc>``</punc>
<wf cmd="ignore" pos="DT">That</wf>
<wf cmd="tag" pos="NN">worm</wf>
<wf cmd="ignore" pos="DT">a</wf>
<wf cmd="tag" pos="NN">murderer</wf>
<punc>?</punc>
</s>
<s snum="39">
<wf cmd="tag" pos="JJ">Ridiculous</wf>
<punc>''</punc>
<punc>!</punc>
</s>
<s snum="40">
<wf cmd="tag" pos="RB">Then</wf>
<punc>,</punc>
<wf cmd="tag" pos="RB">for_the_first_time</wf>
<wf cmd="ignore" pos="IN">since</wf>
<wf cmd="ignore" pos="PRP$">his</wf>
<wf cmd="tag" pos="NN">arrest</wf>
<punc>,</punc>
<wf cmd="ignore" pos="DT">a</wf>
<wf cmd="tag" pos="NN">glint</wf>
<wf cmd="ignore" pos="IN">of</wf>
<wf cmd="tag" pos="NN">spirit</wf>
<wf cmd="done" pos="VB" lemma="light" wnsn="1" lexsn="2:30:00::">lit</wf>
<wf cmd="tag" pos="NNP">Barco</wf>
<wf cmd="ignore" pos="POS">'s</wf>
<wf cmd="tag" pos="NNS">eyes</wf>
<punc>.</punc>
</s>
<s snum="41">
<wf cmd="ignore" pos="PRP$">His</wf>
<wf cmd="tag" pos="NN">manhood</wf>
<wf cmd="done" pos="VBD" ot="notag">had</wf>
<wf cmd="done" pos="VBN" ot="notag">been</wf>
<wf cmd="done" pos="VB" lemma="attack" wnsn="2" lexsn="2:32:00::">attacked</wf>
<punc>.</punc>
</s>
<s snum="42">
<wf cmd="ignore" pos="PRP">He</wf>
<wf cmd="done" pos="VB" lemma="stiffen" wnsn="1" lexsn="2:30:00::">stiffened</wf>
<wf cmd="ignore" pos="CC">and</wf>
<wf cmd="done" pos="VB" lemma="rise" wnsn="3" lexsn="2:38:05::">rose</wf>
<wf cmd="ignore" pos="TO">to</wf>
<wf cmd="ignore" pos="PRP$">his</wf>
<wf cmd="tag" pos="NNS">feet</wf>
<punc>.</punc>
</s>
<s snum="43">
<wf cmd="ignore" pos="PRP">He</wf>
<wf cmd="ignore" pos="MD">'d</wf>
<wf cmd="done" pos="VB" lemma="show" wnsn="2" lexsn="2:31:00::">show</wf>
<wf cmd="ignore" pos="PRP">them</wf>
<punc>!</punc>
</s>
</p>
<p pnum="12">
<s snum="44">
<punc>``</punc>
<wf cmd="done" pos="VBZ" ot="notag">Is</wf>
<wf cmd="ignore" pos="IN">that</wf>
<wf cmd="tag" pos="RB">so</wf>
<punc>''</punc>
<punc>?</punc>
<wf cmd="ignore" pos="PRP">he</wf>
<wf cmd="done" pos="VB" lemma="query" wnsn="1" lexsn="2:32:00::">queried</wf>
<punc>.</punc>
</s>
<s snum="45">
<punc>``</punc>
<wf cmd="ignore" pos="UH">Well</wf>
<punc>,</punc>
<wf cmd="ignore" pos="IN">for</wf>
<wf cmd="tag" pos="CD">ten</wf>
<wf cmd="tag" pos="NNS">years</wf>
<wf cmd="ignore" pos="PRP">I</wf>
<wf cmd="done" pos="VBP" ot="notag">'ve</wf>
<wf cmd="done" pos="VBN" ot="notag">been</wf>
<wf cmd="done" pos="VB" lemma="murder" wnsn="1" lexsn="2:41:00::">murdering</wf>
<wf cmd="tag" pos="NNS">women</wf>
<punc>.</punc>
</s>
<s snum="46">
<wf cmd="ignore" pos="PRP">I</wf>
<wf cmd="ignore" pos="MD">can</wf>
<wf cmd="done" pos="VB" lemma="lead" wnsn="1" lexsn="2:38:01::">lead</wf>
<wf cmd="ignore" pos="PRP">you</wf>
<wf cmd="ignore" pos="TO">to</wf>
<wf cmd="ignore" pos="DT">every</wf>
<wf cmd="tag" pos="CD">one</wf>
<wf cmd="ignore" pos="IN">of</wf>
<wf cmd="ignore" pos="DT">the</wf>
<wf cmd="tag" pos="NNS">bodies</wf>
<punc>,</punc>
<wf cmd="ignore" pos="CC">and</wf>
<wf cmd="ignore" pos="EX">there</wf>
<wf cmd="done" rdf="are" pos="VBP" ot="notag">ai</wf>
<wf cmd="tag" pos="RB">n't</wf>
<wf cmd="tag" pos="CD">four</wf>
<punc>,</punc>
<wf cmd="ignore" pos="CC">nor</wf>
<wf cmd="tag" pos="CD">five</wf>
<punc>,</punc>
<wf cmd="ignore" pos="CC">nor</wf>
<wf cmd="tag" pos="CD">six</wf>
<wf cmd="ignore" pos="IN">of</wf>
<punc>'</punc>
<wf cmd="ignore" pos="PRP">em</wf>
<punc>-</punc>
<wf cmd="ignore" pos="EX">there</wf>
<wf cmd="done" rdf="is" pos="VBZ" ot="notag">'s</wf>
<wf cmd="tag" pos="CD">seven</wf>
<punc>!</punc>
<punc>''</punc>
</s>
<s snum="47">
<wf cmd="ignore" pos="DT">The</wf>
<wf cmd="tag" pos="JJ">next</wf>
<wf cmd="tag" pos="NN">day</wf>
<wf cmd="ignore" pos="DT">the</wf>
<wf cmd="tag" pos="NN">police_captain</wf>
<punc>,</punc>
<wf cmd="ignore" pos="IN">in</wf>
<wf cmd="tag" pos="NN">derision</wf>
<punc>,</punc>
<wf cmd="done" pos="VB" lemma="organize" wnsn="1" lexsn="2:41:01::">organized</wf>
<wf cmd="ignore" pos="WP">what</wf>
<wf cmd="ignore" pos="PRP">he</wf>
<wf cmd="done" pos="VB" lemma="term" wnsn="1" lexsn="2:32:00::">termed</wf>
<punc>``</punc>
<wf cmd="tag" pos="NNP">Welch</wf>
<wf cmd="ignore" pos="POS">'s</wf>
<wf cmd="tag" pos="NNP">Wild_Goose_Chase</wf>
<punc>''</punc>
<punc>.</punc>
</s>
<s snum="48">
<wf cmd="ignore" pos="IN">For</wf>
<wf cmd="tag" pos="RB">indeed</wf>
<wf cmd="ignore" pos="PRP">it</wf>
<wf cmd="done" pos="VB" lemma="seem" wnsn="1" lexsn="2:39:00::">seemed</wf>
<wf cmd="tag" pos="JJ">incredible</wf>
<wf cmd="ignore" pos="IN">that</wf>
<wf cmd="tag" pos="NN">anyone</wf>
<wf cmd="ignore" pos="MD">could</wf>
<wf cmd="done" pos="VB" lemma="go_on" wnsn="1" lexsn="2:42:00::">go_on</wf>
<wf cmd="done" pos="VB" lemma="commit" wnsn="1" lexsn="2:41:00::">committing</wf>
<wf cmd="tag" pos="NN">murder</wf>
<wf cmd="ignore" pos="IN">for</wf>
<wf cmd="tag" pos="CD">ten</wf>
<wf cmd="tag" pos="NNS">years</wf>
<wf cmd="ignore" pos="CC">and</wf>
<wf cmd="tag" pos="RB">not</wf>
<wf cmd="done" pos="VB" lemma="get" wnsn="2" lexsn="2:30:00::">get</wf>
<wf cmd="done" pos="VB" lemma="catch" wnsn="1" lexsn="2:31:01::">caught</wf>
<wf cmd="ignore" pos="IN">at</wf>
<wf cmd="ignore" pos="PRP">it</wf>
<punc>,</punc>
<wf cmd="tag" pos="RB">even</wf>
<wf cmd="ignore" pos="IN">in</wf>
<wf cmd="tag" pos="NNP">Hollywood</wf>
<punc>.</punc>
</s>
<s snum="49">
<wf cmd="ignore" pos="DT">The</wf>
<wf cmd="tag" pos="JJ">searching</wf>
<wf cmd="tag" pos="NN">party</wf>
<wf cmd="done" pos="VB" lemma="consist_of" wnsn="0" lexsn="2:42:00::">consisted_of</wf>
<wf cmd="ignore" pos="DT">the</wf>
<wf cmd="tag" pos="NN">police_captain</wf>
<punc>,</punc>
<wf cmd="tag" pos="NNP">Welch</wf>
<punc>,</punc>
<wf cmd="tag" pos="NNP">Barco</wf>
<punc>,</punc>
<wf cmd="tag" pos="NNS">policemen</wf>
<wf cmd="ignore" pos="IN">with</wf>
<wf cmd="tag" pos="NNS">shovels</wf>
<punc>,</punc>
<wf cmd="tag" pos="NN">newspaper</wf>
<wf cmd="tag" pos="NNS">reporters</wf>
<punc>,</punc>
<wf cmd="ignore" pos="CC">and</wf>
<wf cmd="tag" pos="NNS">cameramen</wf>
<punc>.</punc>
</s>
</p>
<p pnum="13">
<s snum="50">
<wf cmd="tag" pos="NNP">Barco</wf>
<punc>,</punc>
<wf cmd="ignore" pos="PRP$">his</wf>
<wf cmd="tag" pos="NN">state</wf>
<wf cmd="ignore" pos="IN">of</wf>
<wf cmd="tag" pos="NN">apprehension</wf>
<wf cmd="done" pos="VB" lemma="go" wnsn="9" lexsn="2:30:08::">gone</wf>
<punc>,</punc>
<wf cmd="tag" pos="RB">never</wf>
<wf cmd="ignore" pos="TO">to</wf>
<wf cmd="done" pos="VB" lemma="return" wnsn="1" lexsn="2:38:00::">return</wf>
<punc>,</punc>
<wf cmd="done" pos="VBD" ot="notag">had</wf>
<wf cmd="done" pos="VB" lemma="assume" wnsn="2" lexsn="2:41:00::">assumed</wf>
<wf cmd="ignore" pos="DT">a</wf>
<wf cmd="tag" pos="NN">matter-of-factness</wf>
<wf cmd="ignore" pos="WDT">which</wf>
<wf cmd="done" pos="VB" lemma="remain" wnsn="1" lexsn="2:30:00::">remained</wf>
<wf cmd="ignore" pos="PRP$">his</wf>
<wf cmd="tag" pos="JJ">principal</wf>
<wf cmd="tag" pos="NN">attitude</wf>
<wf cmd="tag" pos="RB">from_that_time_on</wf>
<punc>.</punc>
</s>
<s snum="51">
<wf cmd="ignore" pos="PRP">He</wf>
<wf cmd="done" pos="VB" lemma="direct" wnsn="3" lexsn="2:36:00::">directed</wf>
<wf cmd="ignore" pos="DT">the</wf>
<wf cmd="tag" pos="NN">cortege</wf>
<wf cmd="ignore" pos="IN">of</wf>
<wf cmd="tag" pos="NNS">autos</wf>
<wf cmd="ignore" pos="TO">to</wf>
<wf cmd="ignore" pos="DT">the</wf>
<wf cmd="tag" pos="NN">sand_dunes</wf>
<wf cmd="ignore" pos="IN">near</wf>
<wf cmd="tag" pos="NNP">Santa_Monica</wf>
<punc>.</punc>
</s>
<s snum="52">
<wf cmd="done" pos="VB" lemma="stop" wnsn="1" lexsn="2:38:00::">Stopping</wf>
<wf cmd="ignore" pos="DT">the</wf>
<wf cmd="tag" pos="NNS">cars</wf>
<wf cmd="ignore" pos="IN">at</wf>
<wf cmd="ignore" pos="DT">a</wf>
<wf cmd="tag" pos="NN">fork</wf>
<wf cmd="ignore" pos="IN">in</wf>
<wf cmd="ignore" pos="DT">the</wf>
<wf cmd="tag" pos="NN">road</wf>
<punc>,</punc>
<wf cmd="ignore" pos="PRP">he</wf>
<wf cmd="done" pos="VB" lemma="get_out" wnsn="1" lexsn="2:38:01::">got_out</wf>
<punc>,</punc>
<wf cmd="done" pos="VB" lemma="pace" wnsn="3" lexsn="2:30:00::">paced</wf>
<wf cmd="ignore" pos="IN">off</wf>
<wf cmd="ignore" pos="DT">a</wf>
<wf cmd="tag" pos="JJ">certain</wf>
<wf cmd="tag" pos="NN">distance</wf>
<wf cmd="ignore" pos="TO">to</wf>
<wf cmd="ignore" pos="DT">a</wf>
<wf cmd="tag" pos="NN">spot</wf>
<wf cmd="ignore" pos="IN">between</wf>
<wf cmd="tag" pos="CD">two</wf>
<wf cmd="tag" pos="JJ">shrub-covered</wf>
<wf cmd="tag" pos="NN">sand</wf>
<wf cmd="tag" pos="NNS">hills</wf>
<punc>,</punc>
<wf cmd="ignore" pos="CC">and</wf>
<wf cmd="done" pos="VB" lemma="indicate" wnsn="2" lexsn="2:32:03::">indicated</wf>
<wf cmd="ignore" pos="DT">a</wf>
<wf cmd="tag" pos="NN">location</wf>
<punc>.</punc>
</s>
</p>
<p pnum="14">
<s snum="53">
<wf cmd="tag" pos="NNS">Orders</wf>
<wf cmd="done" pos="VBD" ot="notag">were</wf>
<wf cmd="done" pos="VB" lemma="give" wnsn="4" lexsn="2:40:07::">given</wf>
<wf cmd="ignore" pos="TO">to</wf>
<wf cmd="done" pos="VB" lemma="dig" wnsn="1" lexsn="2:35:00::">dig</wf>
<punc>.</punc>
</s>
<s snum="54">
<wf cmd="tag" pos="NN">Nothing</wf>
<wf cmd="done" pos="VB" ot="notag">was</wf>
<wf cmd="done" pos="VB" lemma="find" wnsn="1" lexsn="2:40:02::">found</wf>
<punc>.</punc>
</s>
<s snum="55">
<wf cmd="tag" pos="NNP">Welch</wf>
<wf cmd="done" pos="VB" lemma="be" wnsn="1" lexsn="2:42:03::">was</wf>
<wf cmd="tag" pos="JJ">worried</wf>
<punc>.</punc>
</s>
<s snum="56">
<wf cmd="ignore" pos="DT">The</wf>
<wf cmd="tag" pos="NN">police_captain</wf>
<wf cmd="done" pos="VB" lemma="chortle" wnsn="1" lexsn="2:29:00::">chortled</wf>
<punc>.</punc>
</s>
<s snum="57">
<wf cmd="ignore" pos="DT">The</wf>
<wf cmd="tag" pos="NN">newspaper</wf>
<wf cmd="tag" pos="NNS">boys</wf>
<wf cmd="done" pos="VBD" ot="idiom">cracked</wf>
<wf cmd="tag" pos="NNS">jokes</wf>
<wf cmd="ignore" pos="CC">and</wf>
<wf cmd="tag" pos="RB">again</wf>
<wf cmd="tag" pos="NNP">Barco</wf>
<wf cmd="ignore" pos="POS">'s</wf>
<wf cmd="tag" pos="NN">pride</wf>
<wf cmd="done" pos="VBD" ot="notag">was</wf>
<wf cmd="done" pos="VB" lemma="arouse" wnsn="1" lexsn="2:37:00::">aroused</wf>
<punc>.</punc>
</s>
<s snum="58">
<wf cmd="ignore" pos="IN">With</wf>
<wf cmd="tag" pos="JJR">greater</wf>
<wf cmd="tag" pos="NN">precision</wf>
<wf cmd="ignore" pos="PRP">he</wf>
<wf cmd="tag" pos="RB">again</wf>
<wf cmd="done" pos="VB" lemma="pace" wnsn="3" lexsn="2:30:00::">paced</wf>
<wf cmd="ignore" pos="IN">off</wf>
<wf cmd="ignore" pos="DT">a</wf>
<wf cmd="tag" pos="NN">location</wf>
<punc>,</punc>
<wf cmd="ignore" pos="DT">this</wf>
<wf cmd="tag" pos="NN">time</wf>
<wf cmd="tag" pos="RB">a_little</wf>
<wf cmd="tag" pos="JJR">more</wf>
<wf cmd="ignore" pos="TO">to</wf>
<wf cmd="ignore" pos="DT">the</wf>
<wf cmd="tag" pos="NN">left</wf>
<punc>.</punc>
</s>
</p>
<p pnum="15">
<s snum="59">
<wf cmd="ignore" pos="IN">With</wf>
<wf cmd="tag" pos="NNS">quibs</wf>
<wf cmd="ignore" pos="CC">and</wf>
<wf cmd="tag" pos="NNS">gibes</wf>
<punc>,</punc>
<wf cmd="ignore" pos="DT">the</wf>
<wf cmd="tag" pos="NNS">policemen</wf>
<wf cmd="tag" pos="RB">again</wf>
<wf cmd="done" pos="VB" lemma="start" wnsn="1" lexsn="2:30:00::">started</wf>
<wf cmd="done" pos="VB" lemma="dig" wnsn="1" lexsn="2:35:00::">digging</wf>
<punc>.</punc>
</s>
<s snum="60">
<wf cmd="tag" pos="NNP">Welch</wf>
<wf cmd="done" pos="VB" lemma="be" wnsn="1" lexsn="2:42:03::">was</wf>
<wf cmd="done" pos="VB" ot="notag">on</wf>
<wf cmd="tag" pos="NN">edge</wf>
<punc>.</punc>
</s>
<s snum="61">
<wf cmd="ignore" pos="DT">The</wf>
<wf cmd="tag" pos="NN">captain</wf>
<wf cmd="done" pos="VBD" ot="notag">was</wf>
<wf cmd="done" pos="VB" lemma="remark" wnsn="1" lexsn="2:32:00::">remarking</wf>
<wf cmd="ignore" pos="IN">that</wf>
<wf cmd="ignore" pos="PRP">it</wf>
<wf cmd="done" pos="VB" lemma="be" wnsn="1" lexsn="2:42:03::">was</wf>
<wf cmd="ignore" pos="DT">a</wf>
<wf cmd="tag" pos="JJ">nice</wf>
<wf cmd="tag" pos="NN">day</wf>
<wf cmd="ignore" pos="IN">for</wf>
<wf cmd="ignore" pos="DT">a</wf>
<wf cmd="tag" pos="NN">picnic</wf>
<wf cmd="ignore" pos="WRB">when</wf>
<wf cmd="tag" pos="RB">finally</wf>
<wf cmd="tag" pos="CD">one</wf>
<wf cmd="ignore" pos="IN">of</wf>
<wf cmd="ignore" pos="DT">the</wf>
<wf cmd="tag" pos="NNS">shovels</wf>
<wf cmd="done" pos="VB" lemma="strike" wnsn="3" lexsn="2:35:01::">struck</wf>
<wf cmd="ignore" pos="DT">an</wf>
<wf cmd="tag" pos="NN">object</wf>
<punc>.</punc>
</s>
</p>
<p pnum="16">
<s snum="62">
<punc>``</punc>
<wf cmd="ignore" pos="EX">There</wf>
<wf cmd="done" rdf="is" pos="VB" lemma="be" wnsn="3" lexsn="2:42:05::">'s</wf>
<wf cmd="tag" pos="NN">something</wf>
<wf cmd="tag" pos="RB">here</wf>
<punc>''</punc>
<punc>!</punc>
<wf cmd="done" pos="VB" lemma="say" wnsn="1" lexsn="2:32:00::">said</wf>
<wf cmd="ignore" pos="DT">the</wf>
<wf cmd="tag" pos="NN">digger</wf>
<punc>.</punc>
</s>
<s snum="63">
<wf cmd="tag" pos="NN">Joking</wf>
<wf cmd="done" pos="VB" lemma="stop" wnsn="1" lexsn="2:38:00::">stopped</wf>
<wf cmd="ignore" pos="CC">and</wf>
<wf cmd="tag" pos="NN">everyone</wf>
<wf cmd="done" pos="VB" lemma="gather" wnsn="0" lexsn="2:38:00::">gathered</wf>
<wf cmd="tag" pos="RB">around</wf>
<punc>.</punc>
</s>
<s snum="64">
<wf cmd="ignore" pos="DT">The</wf>
<wf cmd="tag" pos="NN">digger</wf>
<punc>,</punc>
<wf cmd="done" pos="VB" lemma="thrust" wnsn="3" lexsn="2:38:01::">thrusting</wf>
<wf cmd="ignore" pos="IN">about</wf>
<wf cmd="ignore" pos="IN">with</wf>
<wf cmd="ignore" pos="PRP$">his</wf>
<wf cmd="tag" pos="NN">shovel</wf>
<punc>,</punc>
<wf cmd="tag" pos="RB">now</wf>
<wf cmd="done" pos="VB" lemma="raise" wnsn="2" lexsn="2:38:00::">raised</wf>
<wf cmd="ignore" pos="IN">into</wf>
<wf cmd="tag" pos="NN">view</wf>
<wf cmd="ignore" pos="DT">a</wf>
<wf cmd="tag" pos="NN">package</wf>
<wf cmd="tag" pos="RB">crudely</wf>
<wf cmd="tag" pos="JJ">wrapped</wf>
<wf cmd="ignore" pos="IN">in</wf>
<wf cmd="tag" pos="CD">one</wf>
<wf cmd="ignore" pos="IN">of</wf>
<wf cmd="ignore" pos="DT">the</wf>
<wf cmd="tag" pos="NN">murderer</wf>
<wf cmd="ignore" pos="POS">'s</wf>
<wf cmd="tag" pos="NNP">Hollywood</wf>
<wf cmd="tag" pos="NN">sport_shirts</wf>
<punc>.</punc>
</s>
<s snum="65">
<wf cmd="ignore" pos="IN">Although</wf>
<wf cmd="ignore" pos="PRP">it</wf>
<wf cmd="done" pos="VB" lemma="be" wnsn="2" lexsn="2:42:06::">was</wf>
<wf cmd="ignore" pos="DT">a</wf>
<wf cmd="tag" pos="JJ">mere</wf>
<wf cmd="tag" pos="NN">fragment</wf>
<wf cmd="ignore" pos="IN">of</wf>
<wf cmd="ignore" pos="DT">the</wf>
<wf cmd="tag" pos="NN">victim</wf>
<wf cmd="ignore" pos="POS">'s</wf>
<wf cmd="tag" pos="NN">remains</wf>
<punc>,</punc>
<wf cmd="ignore" pos="PRP">it</wf>
<wf cmd="done" pos="VB" lemma="be" wnsn="1" lexsn="2:42:03::">was</wf>
<wf cmd="tag" pos="RB">enough</wf>
<punc>.</punc>
</s>
<s snum="66">
<wf cmd="tag" pos="NNP">Welch</wf>
<wf cmd="done" pos="VB" lemma="be" wnsn="1" lexsn="2:42:03::">was</wf>
<wf cmd="tag" pos="JJ">wild</wf>
<wf cmd="ignore" pos="IN">with</wf>
<wf cmd="tag" pos="NN">delight</wf>
<punc>.</punc>
</s>
<s snum="67">
<wf cmd="ignore" pos="PRP$">His</wf>
<wf cmd="tag" pos="NN">elation</wf>
<wf cmd="done" pos="VB" lemma="grow" wnsn="2" lexsn="2:30:00::">grew</wf>
<wf cmd="ignore" pos="IN">as</wf>
<wf cmd="tag" pos="NNP">Barco</wf>
<wf cmd="ignore" pos="POS">'s</wf>
<wf cmd="tag" pos="CD">seven</wf>
<wf cmd="tag" pos="NNS">disclosures</wf>
<wf cmd="done" pos="VB" lemma="bring" wnsn="2" lexsn="2:35:04::">brought</wf>
<wf cmd="done" pos="VB" ot="notag">to</wf>
<wf cmd="tag" pos="NN">light</wf>
<wf cmd="tag" pos="CD">one</wf>
<wf cmd="tag" pos="NN">reward</wf>
<wf cmd="ignore" pos="IN">after</wf>
<wf cmd="ignore" pos="DT">another</wf>
<punc>.</punc>
</s>
</p>
<p pnum="17">
<s snum="68">
<wf cmd="tag" pos="RB">Now</wf>
<wf cmd="done" pos="VBD" ot="notag">did</wf>
<wf cmd="tag" pos="NNP">Welch</wf>
<wf cmd="tag" pos="RB">truly</wf>
<wf cmd="done" pos="VB" lemma="become" wnsn="2" lexsn="2:42:01::">become</wf>
<wf cmd="ignore" pos="DT">the</wf>
<wf cmd="tag" pos="NN">man</wf>
<wf cmd="ignore" pos="IN">of</wf>
<wf cmd="ignore" pos="DT">the</wf>
<wf cmd="tag" pos="NN">hour</wf>
<punc>,</punc>
<wf cmd="ignore" pos="CC">and</wf>
<wf cmd="tag" pos="NN">everything</wf>
<wf cmd="ignore" pos="WDT">that</wf>
<wf cmd="done" pos="VB" lemma="follow" wnsn="2" lexsn="2:42:00::">followed</wf>
<wf cmd="ignore" pos="IN">in</wf>
<wf cmd="ignore" pos="DT">the</wf>
<wf cmd="tag" pos="NN">procedure</wf>
<wf cmd="ignore" pos="IN">of</wf>
<wf cmd="tag" pos="NNP">Justice</wf>
<wf cmd="done" pos="VB" lemma="be" wnsn="1" lexsn="2:42:03::">was</wf>
<wf cmd="ignore" pos="DT">a</wf>
<wf cmd="tag" pos="JJ">new</wf>
<wf cmd="tag" pos="NN">triumph</wf>
<wf cmd="ignore" pos="IN">for</wf>
<wf cmd="ignore" pos="PRP">him</wf>
<punc>.</punc>
</s>
<s snum="69">
<wf cmd="ignore" pos="PRP">It</wf>
<wf cmd="done" pos="VB" lemma="go_to" wnsn="0" lexsn="2:38:00::">went_to</wf>
<wf cmd="ignore" pos="PRP$">his</wf>
<wf cmd="tag" pos="NN">head</wf>
<punc>,</punc>
<wf cmd="ignore" pos="CC">and</wf>
<wf cmd="ignore" pos="PRP$">his</wf>
<wf cmd="tag" pos="NN">ambition</wf>
<wf cmd="done" pos="VB" lemma="increase" wnsn="1" lexsn="2:30:00::">increased</wf>
<punc>.</punc>
</s>
</p>
<p pnum="18">
<s snum="70">
<wf cmd="ignore" pos="PRP">It</wf>
<wf cmd="done" pos="VB" lemma="be" wnsn="1" lexsn="2:42:03::">was</wf>
<wf cmd="tag" pos="JJ">apparent</wf>
<wf cmd="ignore" pos="IN">that</wf>
<wf cmd="tag" pos="NNP">Welch</wf>
<wf cmd="done" pos="VB" lemma="be" wnsn="1" lexsn="2:42:03::">was</wf>
<wf cmd="ignore" pos="IN">in</wf>
<wf cmd="tag" pos="NNS">cahoots</wf>
<wf cmd="ignore" pos="IN">with</wf>
<wf cmd="tag" pos="NNP">Marshall</wf>
<wf cmd="ignore" pos="CC">and</wf>
<wf cmd="ignore" pos="MD">would</wf>
<wf cmd="done" pos="VB" lemma="use" wnsn="1" lexsn="2:34:01::">use</wf>
<wf cmd="ignore" pos="PRP$">his</wf>
<wf cmd="tag" pos="NN">power</wf>
<wf cmd="ignore" pos="IN">as</wf>
<wf cmd="tag" pos="NNP">D._A.</wf>
<wf cmd="ignore" pos="TO">to</wf>
<wf cmd="done" pos="VB" lemma="drag" wnsn="2" lexsn="2:35:01::">drag</wf>
<wf cmd="ignore" pos="DT">every</wf>
<wf cmd="tag" pos="JJ">possible</wf>
<wf cmd="tag" pos="NN">sensation</wf>
<wf cmd="ignore" pos="IN">into</wf>
<wf cmd="ignore" pos="DT">the</wf>
<wf cmd="tag" pos="NN">case</wf>
<punc>.</punc>
</s>
<s snum="71">
<wf cmd="ignore" pos="DT">Every</wf>
<wf cmd="tag" pos="JJ">new</wf>
<wf cmd="tag" pos="NN">scandal</wf>
<wf cmd="ignore" pos="WDT">which</wf>
<wf cmd="ignore" pos="MD">would</wf>
<wf cmd="done" pos="VB" lemma="provide" wnsn="1" lexsn="2:40:00::">provide</wf>
<wf cmd="tag" pos="JJR">more</wf>
<punc>``</punc>
<wf cmd="tag" pos="NN">copy</wf>
<punc>''</punc>
<wf cmd="ignore" pos="IN">for</wf>
<wf cmd="tag" pos="NNP">Marshall</wf>
<wf cmd="ignore" pos="POS">'s</wf>
<wf cmd="tag" pos="NN">pen</wf>
<wf cmd="ignore" pos="MD">would</wf>
<wf cmd="tag" pos="RB">thus</wf>
<wf cmd="done" pos="VB" lemma="mean" wnsn="2" lexsn="2:42:00::">mean</wf>
<wf cmd="tag" pos="JJR">more</wf>
<wf cmd="tag" pos="NN">publicity</wf>
<wf cmd="ignore" pos="IN">for</wf>
<wf cmd="tag" pos="NNP">Welch</wf>
<punc>.</punc>
</s>
</p>
<p pnum="19">
<s snum="72">
<wf cmd="ignore" pos="PRP">I</wf>
<wf cmd="done" pos="VB" lemma="know" wnsn="3" lexsn="2:31:02::">knew</wf>
<wf cmd="ignore" pos="IN">that</wf>
<wf cmd="ignore" pos="PDT">both</wf>
<wf cmd="ignore" pos="DT">these</wf>
<wf cmd="tag" pos="NNS">cynics</wf>
<wf cmd="done" pos="VBD" ot="notag">were</wf>
<wf cmd="done" pos="VB" lemma="wait" wnsn="3" lexsn="2:31:00::">waiting</wf>
<wf cmd="tag" pos="RB">with_impatience</wf>
<wf cmd="ignore" pos="IN">for</wf>
<wf cmd="ignore" pos="DT">the</wf>
<wf cmd="tag" pos="JJ">dramatic</wf>
<wf cmd="tag" pos="NN">moment</wf>
<wf cmd="ignore" pos="WRB">when</wf>
<wf cmd="tag" pos="NNP">Viola</wf>
<wf cmd="done" pos="VB" ot="notag">was</wf>
<wf cmd="done" pos="VB" lemma="call" wnsn="5" lexsn="2:32:05::">called</wf>
<wf cmd="ignore" pos="TO">to</wf>
<wf cmd="ignore" pos="DT">the</wf>
<wf cmd="tag" pos="NN">stand</wf>
<punc>.</punc>
</s>
<s snum="73">
<wf cmd="tag" pos="RB">Once</wf>
<wf cmd="ignore" pos="EX">there</wf>
<punc>,</punc>
<wf cmd="ignore" pos="DT">the</wf>
<wf cmd="tag" pos="NNP">D._A.</wf>
<wf cmd="ignore" pos="IN">with</wf>
<wf cmd="tag" pos="JJ">devilish</wf>
<wf cmd="tag" pos="NN">cleverness</wf>
<wf cmd="ignore" pos="MD">would</wf>
<wf cmd="done" pos="VB" lemma="provide" wnsn="1" lexsn="2:40:00::">provide</wf>
<wf cmd="tag" pos="NNP">Marshall</wf>
<wf cmd="ignore" pos="IN">with</wf>
<wf cmd="tag" pos="NNS">headlines</wf>
<punc>:</punc>
<punc>``</punc>
<wf cmd="tag" pos="NNP">Viola</wf>
<wf cmd="ignore" pos="POS">'s</wf>
<wf cmd="tag" pos="NNP">Multiple_Romances</wf>
<punc>''</punc>
<punc>,</punc>
<punc>``</punc>
<wf cmd="tag" pos="NNP">Viola_Lake</wf>
<wf cmd="ignore" pos="DT">an</wf>
<wf cmd="tag" pos="NN">Addict</wf>
<punc>''</punc>
<punc>,</punc>
<punc>``</punc>
<wf cmd="tag" pos="NNP">Downfall</wf>
<wf cmd="ignore" pos="IN">of</wf>
<wf cmd="ignore" pos="DT">Another</wf>
<wf cmd="tag" pos="NNP">Film_Idol</wf>
<punc>''</punc>
<punc>!</punc>
</s>
<s snum="74">
<wf cmd="ignore" pos="PRP">It</wf>
<wf cmd="ignore" pos="MD">would</wf>
<wf cmd="done" pos="VB" lemma="be" wnsn="1" lexsn="2:42:03::">be</wf>
<wf cmd="tag" pos="JJ">fine</wf>
<wf cmd="tag" pos="NN">publicity</wf>
<wf cmd="ignore" pos="IN">for</wf>
<wf cmd="ignore" pos="DT">the</wf>
<wf cmd="tag" pos="NN">man</wf>
<wf cmd="ignore" pos="WP">who</wf>
<wf cmd="done" pos="VB" lemma="be" wnsn="1" lexsn="2:42:03::">was</wf>
<wf cmd="tag" pos="JJ">willing</wf>
<wf cmd="ignore" pos="TO">to</wf>
<wf cmd="done" pos="VB" lemma="walk" wnsn="1" lexsn="2:38:00::">walk</wf>
<wf cmd="ignore" pos="TO">to</wf>
<wf cmd="ignore" pos="DT">the</wf>
<wf cmd="tag" pos="NN">mayor</wf>
<wf cmd="ignore" pos="POS">'s</wf>
<wf cmd="tag" pos="NN">throne</wf>
<wf cmd="ignore" pos="IN">over</wf>
<wf cmd="ignore" pos="DT">the</wf>
<wf cmd="tag" pos="JJ">broken</wf>
<wf cmd="tag" pos="NN">reputation</wf>
<wf cmd="ignore" pos="IN">of</wf>
<wf cmd="ignore" pos="DT">a</wf>
<wf cmd="tag" pos="JJ">helpless</wf>
<wf cmd="tag" pos="NN">girl</wf>
<punc>!</punc>
</s>
</p>
<p pnum="20">
<s snum="75">
<wf cmd="ignore" pos="PRP">I</wf>
<wf cmd="done" pos="VB" lemma="study" wnsn="1" lexsn="2:31:02::">studied</wf>
<wf cmd="tag" pos="NNP">Welch</wf>
<wf cmd="tag" pos="RB">closely</wf>
<wf cmd="ignore" pos="IN">as</wf>
<wf cmd="ignore" pos="DT">the</wf>
<wf cmd="tag" pos="NN">trial</wf>
<wf cmd="done" pos="VB" lemma="progress" wnsn="1" lexsn="2:30:00::">progressed</wf>
<wf cmd="ignore" pos="IN">for</wf>
<wf cmd="ignore" pos="DT">any</wf>
<wf cmd="tag" pos="NN">hint</wf>
<wf cmd="ignore" pos="WDT">which</wf>
<wf cmd="ignore" pos="MD">might</wf>
<wf cmd="done" pos="VB" lemma="give" wnsn="2" lexsn="2:40:05::">give</wf>
<wf cmd="ignore" pos="PRP">me</wf>
<wf cmd="ignore" pos="DT">a</wf>
<wf cmd="tag" pos="NN">lead</wf>
<wf cmd="tag" pos="RB">as</wf>
<wf cmd="ignore" pos="TO">to</wf>
<wf cmd="ignore" pos="WRB">how</wf>
<wf cmd="ignore" pos="PRP">he</wf>
<wf cmd="ignore" pos="MD">might</wf>
<wf cmd="done" pos="VB" ot="notag">be</wf>
<wf cmd="done" pos="VB" lemma="thwart" wnsn="1" lexsn="2:41:00::">thwarted</wf>
<punc>.</punc>
</s>
<s snum="76">
<wf cmd="ignore" pos="PRP">It</wf>
<wf cmd="done" pos="VBD" ot="notag">was</wf>
<wf cmd="tag" pos="RB">n't</wf>
<wf cmd="tag" pos="JJ">long</wf>
<wf cmd="ignore" pos="IN">before</wf>
<wf cmd="ignore" pos="PRP">I</wf>
<wf cmd="done" pos="VB" lemma="sense" wnsn="1" lexsn="2:39:00::">sensed</wf>
<wf cmd="ignore" pos="IN">that</wf>
<wf cmd="ignore" pos="EX">there</wf>
<wf cmd="done" pos="VB" ot="notag">was</wf>
<wf cmd="tag" pos="NN">something</wf>
<wf cmd="tag" pos="RBR">deeper</wf>
<wf cmd="ignore" pos="IN">than</wf>
<wf cmd="tag" pos="JJ">overvaulting</wf>
<wf cmd="tag" pos="NN">ambition</wf>
<wf cmd="tag" pos="RB">back</wf>
<wf cmd="ignore" pos="IN">of</wf>
<wf cmd="ignore" pos="PRP$">his</wf>
<wf cmd="tag" pos="NN">desire</wf>
<wf cmd="ignore" pos="IN">for</wf>
<wf cmd="tag" pos="NNP">Viola</wf>
<wf cmd="ignore" pos="POS">'s</wf>
<wf cmd="tag" pos="NN">destruction</wf>
<punc>.</punc>
</s>
<s snum="77">
<wf cmd="ignore" pos="PRP">He</wf>
<wf cmd="done" pos="VB" lemma="be" wnsn="1" lexsn="2:42:03::">was</wf>
<wf cmd="tag" pos="JJ">bitter</wf>
<wf cmd="ignore" pos="CC">and</wf>
<wf cmd="tag" pos="JJ">resentful</wf>
<wf cmd="ignore" pos="IN">toward</wf>
<wf cmd="ignore" pos="PRP$">her</wf>
<punc>,</punc>
<wf cmd="tag" pos="RB">personally</wf>
<wf cmd="tag" pos="JJ">resentful</wf>
<punc>.</punc>
</s>
<s snum="78">
<wf cmd="ignore" pos="DT">A</wf>
<wf cmd="tag" pos="JJ">dreadful</wf>
<wf cmd="tag" pos="NN">fear</wf>
<wf cmd="done" pos="VB" lemma="enter" wnsn="1" lexsn="2:38:00::">entered</wf>
<wf cmd="ignore" pos="PRP$">my</wf>
<wf cmd="tag" pos="NN">consciousness</wf>
<wf cmd="ignore" pos="IN">that</wf>
<wf cmd="tag" pos="RB">perhaps</wf>
<wf cmd="ignore" pos="PRP">he</wf>
<wf cmd="done" pos="VBD" ot="notag">had</wf>
<wf cmd="done" pos="VB" lemma="entertain" wnsn="2" lexsn="2:31:00::">entertained</wf>
<wf cmd="tag" pos="NNS">aspirations</wf>
<wf cmd="ignore" pos="IN">toward</wf>
<wf cmd="tag" pos="NNP">Viola</wf>
<wf cmd="ignore" pos="POS">'s</wf>
<wf cmd="tag" pos="NN">favors</wf>
<punc>-</punc>
<wf cmd="ignore" pos="CC">or</wf>
<punc>,</punc>
<wf cmd="tag" pos="RB">even</wf>
<wf cmd="tag" pos="RBR">more</wf>
<wf cmd="tag" pos="JJ">serious</wf>
<wf cmd="tag" pos="RB">perhaps</wf>
<punc>,</punc>
<wf cmd="ignore" pos="IN">that</wf>
<wf cmd="ignore" pos="PRP">he</wf>
<wf cmd="done" pos="VBD" ot="notag">had</wf>
<wf cmd="done" pos="VB" lemma="attain" wnsn="1" lexsn="2:41:00::">attained</wf>
<wf cmd="ignore" pos="DT">a</wf>
<wf cmd="tag" pos="NN">share</wf>
<wf cmd="ignore" pos="IN">of</wf>
<wf cmd="ignore" pos="PRP">them</wf>
<wf cmd="ignore" pos="CC">and</wf>
<wf cmd="done" pos="VBD" ot="notag">had</wf>
<wf cmd="tag" pos="RB">then</wf>
<wf cmd="done" pos="VBN" ot="notag">been</wf>
<wf cmd="done" pos="VB" lemma="supersede" wnsn="1" lexsn="2:41:00::">superseded</wf>
<wf cmd="ignore" pos="IN">by</wf>
<wf cmd="ignore" pos="DT">some</wf>
<wf cmd="tag" pos="JJR">luckier</wf>
<wf cmd="tag" pos="NN">chap</wf>
<punc>.</punc>
</s>
<s snum="79">
<wf cmd="ignore" pos="PRP">I</wf>
<wf cmd="done" pos="VBD" ot="notag">did</wf>
<wf cmd="tag" pos="RB">not</wf>
<wf cmd="done" pos="VB" lemma="rest" wnsn="2" lexsn="2:32:00::">rest</wf>
<wf cmd="ignore" pos="IN">until</wf>
<wf cmd="ignore" pos="PRP">I</wf>
<wf cmd="done" pos="VBD" ot="notag">had</wf>
<wf cmd="done" pos="VB" lemma="track" wnsn="3" lexsn="2:38:00::">tracked</wf>
<wf cmd="ignore" pos="DT">the</wf>
<wf cmd="tag" pos="NN">mystery</wf>
<wf cmd="tag" pos="RB">down</wf>
<punc>.</punc>
</s>
<s snum="80">
<wf cmd="ignore" pos="UH">Well</wf>
<punc>,</punc>
<wf cmd="tag" pos="RB">here</wf>
<wf cmd="ignore" pos="PRP">it</wf>
<wf cmd="done" pos="VB" ot="notag">is</wf>
<punc>.</punc>
</s>
</p>
<p pnum="21">
<s snum="81">
<wf cmd="tag" pos="RB">One_day</wf>
<wf cmd="ignore" pos="IN">over</wf>
<wf cmd="ignore" pos="DT">a</wf>
<wf cmd="tag" pos="NN">year</wf>
<wf cmd="tag" pos="RB">before</wf>
<punc>,</punc>
<wf cmd="ignore" pos="EX">there</wf>
<wf cmd="done" pos="VBD" ot="notag">had</wf>
<wf cmd="done" pos="VB" lemma="be" wnsn="5" lexsn="2:42:04::">been</wf>
<wf cmd="ignore" pos="DT">a</wf>
<wf cmd="tag" pos="NN">cocktail_party</wf>
<wf cmd="ignore" pos="IN">in</wf>
<wf cmd="ignore" pos="DT">an</wf>
<wf cmd="tag" pos="NN">apartment</wf>
<wf cmd="ignore" pos="IN">of</wf>
<wf cmd="ignore" pos="DT">a</wf>
<wf cmd="tag" pos="NN">downtown</wf>
<wf cmd="tag" pos="NN">hotel</wf>
<punc>.</punc>
</s>
<s snum="82">
<wf cmd="tag" pos="NNP">Viola</wf>
<wf cmd="done" pos="VBD" ot="notag">had</wf>
<wf cmd="done" pos="VBN" ot="notag">been</wf>
<wf cmd="done" pos="VB" lemma="urge" wnsn="1" lexsn="2:32:00::">urged</wf>
<wf cmd="ignore" pos="TO">to</wf>
<wf cmd="done" pos="VB" lemma="attend" wnsn="1" lexsn="2:42:00::">attend</wf>
<punc>,</punc>
<wf cmd="ignore" pos="IN">by</wf>
<wf cmd="tag" pos="NN">telephone</wf>
<punc>,</punc>
<wf cmd="ignore" pos="CC">and</wf>
<wf cmd="tag" pos="RB">not</wf>
<wf cmd="done" pos="VB" lemma="know" wnsn="4" lexsn="2:31:00::">knowing</wf>
<wf cmd="ignore" pos="DT">the</wf>
<wf cmd="tag" pos="NN">host</wf>
<wf cmd="ignore" pos="CC">or</wf>
<wf cmd="ignore" pos="DT">the</wf>
<wf cmd="tag" pos="NN">character</wf>
<wf cmd="ignore" pos="IN">of</wf>
<wf cmd="ignore" pos="DT">the</wf>
<wf cmd="tag" pos="NN">party</wf>
<punc>,</punc>
<wf cmd="ignore" pos="PRP">she</wf>
<wf cmd="done" pos="VBD" ot="notag">had</wf>
<wf cmd="done" pos="VB" lemma="go" wnsn="1" lexsn="2:38:00::">gone</wf>
<punc>.</punc>
</s>
<s snum="83">
<wf cmd="ignore" pos="PRP">She</wf>
<wf cmd="done" pos="VB" lemma="arrive" wnsn="1" lexsn="2:38:00::">arrived</wf>
<wf cmd="tag" pos="JJ">late</wf>
<wf cmd="ignore" pos="CC">and</wf>
<wf cmd="ignore" pos="IN">as</wf>
<wf cmd="ignore" pos="PRP">she</wf>
<wf cmd="done" pos="VB" lemma="enter" wnsn="1" lexsn="2:38:00::">entered</wf>
<wf cmd="ignore" pos="DT">the</wf>
<wf cmd="tag" pos="NN">party</wf>
<punc>,</punc>
<wf cmd="done" pos="VB" lemma="note" wnsn="1" lexsn="2:32:00::">noted</wf>
<wf cmd="ignore" pos="IN">that</wf>
<wf cmd="tag" pos="NNS">gentlemen</wf>
<wf cmd="done" pos="VB" lemma="seem" wnsn="1" lexsn="2:39:00::">seemed</wf>
<wf cmd="ignore" pos="TO">to</wf>
<wf cmd="done" pos="VB" lemma="be" wnsn="1" lexsn="2:42:03::">be</wf>
<wf cmd="ignore" pos="IN">in</wf>
<wf cmd="ignore" pos="DT">the</wf>
<wf cmd="tag" pos="NN">majority</wf>
<punc>;</punc>
<wf cmd="ignore" pos="DT">the</wf>
<wf cmd="tag" pos="NN">air</wf>
<wf cmd="done" pos="VB" lemma="be" wnsn="1" lexsn="2:42:03::">was</wf>
<wf cmd="tag" pos="JJ">thick_with</wf>
<wf cmd="tag" pos="NN">smoke</wf>
<punc>,</punc>
<wf cmd="tag" pos="JJ">empty</wf>
<wf cmd="tag" pos="NNS">bottles</wf>
<wf cmd="done" pos="VB" lemma="be" wnsn="1" lexsn="2:42:03::">were</wf>
<wf cmd="tag" pos="JJ">in_evidence</wf>
<punc>,</punc>
<wf cmd="ignore" pos="CC">and</wf>
<wf cmd="tag" pos="JJ">several</wf>
<wf cmd="ignore" pos="IN">of</wf>
<wf cmd="ignore" pos="DT">the</wf>
<wf cmd="tag" pos="NNS">guests</wf>
<wf cmd="done" pos="VB" lemma="be" wnsn="1" lexsn="2:42:03::">were</wf>
<wf cmd="tag" pos="RB">somewhat</wf>
<wf cmd="ignore" pos="DT">the</wf>
<wf cmd="tag" pos="JJR">worse</wf>
<wf cmd="ignore" pos="IN">for</wf>
<wf cmd="tag" pos="NN">liquor</wf>
<punc>.</punc>
</s>
</p>
<p pnum="22">
<s snum="84">
<wf cmd="tag" pos="RB">Naturally</wf>
<punc>,</punc>
<wf cmd="tag" pos="NNP">Viola</wf>
<wf cmd="done" pos="VB" lemma="have" wnsn="1" lexsn="2:40:00::">had</wf>
<wf cmd="ignore" pos="DT">no</wf>
<wf cmd="tag" pos="NN">wish</wf>
<wf cmd="done" pos="VB" ot="notag">to</wf>
<wf cmd="done" pos="VB" lemma="remain" wnsn="2" lexsn="2:42:03::">remain</wf>
<punc>,</punc>
<wf cmd="ignore" pos="CC">but</wf>
<wf cmd="ignore" pos="PRP">she</wf>
<wf cmd="done" pos="VB" lemma="feel" wnsn="2" lexsn="2:31:00::">felt</wf>
<wf cmd="ignore" pos="PRP">she</wf>
<wf cmd="ignore" pos="MD">could</wf>
<wf cmd="tag" pos="RB">n't</wf>
<wf cmd="done" pos="VB" lemma="leave" wnsn="1" lexsn="2:38:01::">leave</wf>
<wf cmd="tag" pos="RB">so</wf>
<wf cmd="tag" pos="RB">soon</wf>
<wf cmd="ignore" pos="IN">after</wf>
<wf cmd="ignore" pos="PRP$">her</wf>
<wf cmd="tag" pos="NN">arrival</wf>
<punc>,</punc>
<wf cmd="tag" pos="RB">in_all</wf>
<wf cmd="tag" pos="NN">politeness</wf>
<wf cmd="ignore" pos="TO">to</wf>
<wf cmd="ignore" pos="PRP$">her</wf>
<wf cmd="tag" pos="NN">host</wf>
<punc>.</punc>
</s>
<s snum="85">
<wf cmd="ignore" pos="CC">And</wf>
<wf cmd="ignore" pos="PRP">it</wf>
<wf cmd="tag" pos="RB">so</wf>
<wf cmd="done" pos="VB" lemma="happen" wnsn="1" lexsn="2:30:00::">happened</wf>
<wf cmd="ignore" pos="IN">that</wf>
<wf cmd="tag" pos="JJ">adjacent</wf>
<wf cmd="ignore" pos="TO">to</wf>
<wf cmd="ignore" pos="DT">a</wf>
<wf cmd="tag" pos="NN">couch</wf>
<wf cmd="tag" pos="RB">on_which</wf>
<wf cmd="ignore" pos="PRP">she</wf>
<wf cmd="done" pos="VBD" ot="notag">had</wf>
<wf cmd="done" pos="VB" lemma="take" wnsn="22" lexsn="2:38:00::">taken</wf>
<wf cmd="tag" pos="NN">refuge</wf>
<wf cmd="done" pos="VB" lemma="be" wnsn="3" lexsn="2:42:05::">was</wf>
<wf cmd="ignore" pos="DT">a</wf>
<wf cmd="tag" pos="JJ">small</wf>
<wf cmd="tag" pos="NN">table</wf>
<wf cmd="tag" pos="RB">on_which</wf>
<wf cmd="ignore" pos="PRP">she</wf>
<wf cmd="done" pos="VB" lemma="note" wnsn="1" lexsn="2:32:00::">noted</wf>
<wf cmd="ignore" pos="DT">a</wf>
<wf cmd="tag" pos="NN">vase</wf>
<wf cmd="ignore" pos="IN">of</wf>
<wf cmd="tag" pos="JJ">red</wf>
<wf cmd="tag" pos="NNS">rosebuds</wf>
<punc>;</punc>
<wf cmd="ignore" pos="IN">while</wf>
<wf cmd="done" pos="VB" lemma="project" wnsn="2" lexsn="2:42:00::">projecting</wf>
<wf cmd="ignore" pos="IN">from</wf>
<wf cmd="ignore" pos="IN">beneath</wf>
<wf cmd="ignore" pos="DT">the</wf>
<wf cmd="tag" pos="NN">couch</wf>
<wf cmd="done" pos="VB" lemma="be" wnsn="3" lexsn="2:42:05::">were</wf>
<wf cmd="ignore" pos="DT">a</wf>
<wf cmd="tag" pos="NN">pair</wf>
<wf cmd="ignore" pos="IN">of</wf>
<wf cmd="tag" pos="NNS">feet</wf>
<wf cmd="ignore" pos="WDT">which</wf>
<punc>,</punc>
<wf cmd="ignore" pos="IN">as</wf>
<wf cmd="tag" pos="NNP">Fate</wf>
<wf cmd="ignore" pos="MD">would</wf>
<wf cmd="done" pos="VB" lemma="have" wnsn="1" lexsn="2:40:00::">have</wf>
<wf cmd="ignore" pos="PRP">it</wf>
<punc>,</punc>
<wf cmd="done" pos="VB" lemma="belong_to" wnsn="1" lexsn="2:42:00::">belonged_to</wf>
<wf cmd="tag" pos="NN">District_Attorney</wf>
<wf cmd="tag" pos="NNP">Welch</wf>
<punc>.</punc>
</s>
</p>
<p pnum="23">
<s snum="86">
<wf cmd="ignore" pos="IN">As</wf>
<wf cmd="tag" pos="NNP">Viola</wf>
<wf cmd="done" pos="VB" lemma="sit" wnsn="1" lexsn="2:35:00::">sat</wf>
<wf cmd="ignore" pos="EX">there</wf>
<punc>,</punc>
<wf cmd="ignore" pos="DT">a</wf>
<wf cmd="tag" pos="JJ">playful</wf>
<wf cmd="tag" pos="NN">impulse</wf>
<wf cmd="done" pos="VB" lemma="overcome" wnsn="1" lexsn="2:33:03::">overcame</wf>
<wf cmd="ignore" pos="PRP">her</wf>
<wf cmd="ignore" pos="TO">to</wf>
<wf cmd="done" pos="VB" lemma="remove" wnsn="1" lexsn="2:30:00::">remove</wf>
<wf cmd="ignore" pos="DT">the</wf>
<wf cmd="tag" pos="NNS">shoes</wf>
<wf cmd="ignore" pos="CC">and</wf>
<wf cmd="tag" pos="NNS">socks</wf>
<wf cmd="ignore" pos="IN">from</wf>
<wf cmd="ignore" pos="DT">the</wf>
<wf cmd="tag" pos="JJ">unidentified</wf>
<wf cmd="tag" pos="NNS">feet</wf>
<wf cmd="ignore" pos="CC">and</wf>
<punc>,</punc>
<wf cmd="ignore" pos="IN">as</wf>
<wf cmd="ignore" pos="DT">a</wf>
<wf cmd="tag" pos="NN">prank</wf>
<punc>,</punc>
<wf cmd="done" pos="VB" lemma="insert" wnsn="2" lexsn="2:30:00::">insert</wf>
<wf cmd="tag" pos="NNS">rosebuds</wf>
<wf cmd="ignore" pos="IN">between</wf>
<wf cmd="ignore" pos="DT">the</wf>
<wf cmd="tag" pos="NNS">toes</wf>
<punc>.</punc>
</s>
</p>
<p pnum="24">
<s snum="87">
<wf cmd="tag" pos="RB">A_little</wf>
<wf cmd="tag" pos="RB">later</wf>
<wf cmd="ignore" pos="DT">the</wf>
<wf cmd="tag" pos="NN">district_attorney</wf>
<wf cmd="done" pos="VB" lemma="wake_up" wnsn="1" lexsn="2:29:01::">woke_up</wf>
<punc>,</punc>
<wf cmd="done" pos="VB" lemma="emerge" wnsn="1" lexsn="2:30:00::">emerged</wf>
<wf cmd="ignore" pos="IN">from</wf>
<wf cmd="ignore" pos="IN">under</wf>
<wf cmd="ignore" pos="DT">the</wf>
<wf cmd="tag" pos="NN">couch</wf>
<punc>,</punc>
<wf cmd="done" pos="VB" lemma="look" wnsn="1" lexsn="2:39:00::">looked</wf>
<wf cmd="done" pos="VB" ot="notag">at</wf>
<wf cmd="ignore" pos="PRP$">his</wf>
<wf cmd="tag" pos="NN">watch</wf>
<punc>,</punc>
<wf cmd="ignore" pos="CC">and</wf>
<wf cmd="done" pos="VB" lemma="realize" wnsn="1" lexsn="2:31:01::">realized</wf>
<wf cmd="ignore" pos="PRP">he</wf>
<wf cmd="done" pos="VB" lemma="have" wnsn="1" lexsn="2:40:00::">had</wf>
<wf cmd="ignore" pos="DT">an</wf>
<wf cmd="tag" pos="NN">engagement</wf>
<wf cmd="ignore" pos="IN">that</wf>
<wf cmd="tag" pos="RB">very</wf>
<wf cmd="tag" pos="NN">hour</wf>
<wf cmd="ignore" pos="TO">to</wf>
<wf cmd="done" pos="VB" lemma="address" wnsn="2" lexsn="2:32:02::">address</wf>
<wf cmd="ignore" pos="DT">a</wf>
<wf cmd="tag" pos="NN">meeting</wf>
<wf cmd="ignore" pos="IN">of</wf>
<wf cmd="ignore" pos="DT">the</wf>
<wf cmd="tag" pos="NNP">Culture_Forum</wf>
<wf cmd="ignore" pos="IN">on</wf>
<punc>``</punc>
<wf cmd="ignore" pos="DT">The</wf>
<wf cmd="tag" pos="NN">Civic_Spirit</wf>
<wf cmd="ignore" pos="IN">of</wf>
<wf cmd="ignore" pos="DT">the</wf>
<wf cmd="tag" pos="NNP">Southland</wf>
<punc>''</punc>
<punc>,</punc>
<wf cmd="ignore" pos="IN">in</wf>
<wf cmd="ignore" pos="DT">the</wf>
<wf cmd="tag" pos="JJ">Byzantine</wf>
<wf cmd="tag" pos="NN">room</wf>
<wf cmd="ignore" pos="IN">of</wf>
<wf cmd="ignore" pos="DT">the</wf>
<wf cmd="tag" pos="NN">hotel</wf>
<wf cmd="ignore" pos="WRB">where</wf>
<wf cmd="ignore" pos="PRP$">his</wf>
<wf cmd="tag" pos="NN">wife</wf>
<punc>,</punc>
<wf cmd="ignore" pos="IN">as</wf>
<wf cmd="tag" pos="NN">president</wf>
<wf cmd="ignore" pos="IN">of</wf>
<wf cmd="ignore" pos="DT">the</wf>
<wf cmd="tag" pos="NN">forum</wf>
<punc>,</punc>
<wf cmd="done" pos="VBD" ot="notag">was</wf>
<wf cmd="ignore" pos="TO">to</wf>
<wf cmd="done" pos="VB" lemma="preside" wnsn="1" lexsn="2:41:00::">preside</wf>
<punc>.</punc>
</s>
<s snum="88">
<wf cmd="ignore" pos="PRP">He</wf>
<wf cmd="done" rdf="make_one's_way" pos="VB" lemma="make_one's_way" wnsn="0" lexsn="2:38:00::">made_his_way</wf>
<wf cmd="ignore" pos="TO">to</wf>
<wf cmd="ignore" pos="PRP$">his</wf>
<wf cmd="tag" pos="NN">host</wf>
<wf cmd="ignore" pos="POS">'s</wf>
<wf cmd="tag" pos="NN">bedroom</wf>
<wf cmd="ignore" pos="WRB">where</wf>
<wf cmd="ignore" pos="PRP">he</wf>
<wf cmd="tag" pos="RB">carefully</wf>
<wf cmd="done" pos="VB" lemma="brush" wnsn="1" lexsn="2:35:01::">brushed</wf>
<wf cmd="ignore" pos="PRP">himself</wf>
<wf cmd="tag" pos="RB">off</wf>
<punc>,</punc>
<wf cmd="tag" pos="RB">neatly</wf>
<wf cmd="done" pos="VB" lemma="arrange" wnsn="5" lexsn="2:29:00::">arranged</wf>
<wf cmd="ignore" pos="PRP$">his</wf>
<wf cmd="tag" pos="NN">hair</wf>
<punc>,</punc>
<wf cmd="ignore" pos="CC">and</wf>
<wf cmd="tag" pos="RB">painstakingly</wf>
<wf cmd="done" pos="VB" lemma="select" wnsn="1" lexsn="2:31:00::">selected</wf>
<wf cmd="ignore" pos="PRP$">his</wf>
<wf cmd="tag" pos="NN">hat</wf>
<wf cmd="ignore" pos="IN">from</wf>
<wf cmd="ignore" pos="DT">the</wf>
<wf cmd="tag" pos="NN">many</wf>
<wf cmd="ignore" pos="IN">on</wf>
<wf cmd="ignore" pos="DT">the</wf>
<wf cmd="tag" pos="NN">bed</wf>
<punc>.</punc>
</s>
<s snum="89">
<wf cmd="tag" pos="RB">Then</wf>
<punc>,</punc>
<wf cmd="done" pos="VB" lemma="note" wnsn="1" lexsn="2:32:00::">noting</wf>
<wf cmd="ignore" pos="DT">neither</wf>
<wf cmd="ignore" pos="DT">the</wf>
<wf cmd="tag" pos="NN">absence</wf>
<wf cmd="ignore" pos="IN">of</wf>
<wf cmd="ignore" pos="PRP$">his</wf>
<wf cmd="tag" pos="NN">footwear</wf>
<wf cmd="ignore" pos="CC">nor</wf>
<wf cmd="ignore" pos="DT">the</wf>
<wf cmd="tag" pos="NN">presence</wf>
<wf cmd="ignore" pos="IN">of</wf>
<wf cmd="ignore" pos="DT">the</wf>
<wf cmd="tag" pos="NNS">rosebuds</wf>
<punc>,</punc>
<wf cmd="ignore" pos="PRP">he</wf>
<wf cmd="done" rdf="make_one's_way" pos="VB" lemma="make_one's_way" wnsn="0" lexsn="2:38:00::">made_his_way</wf>
<wf cmd="ignore" pos="TO">to</wf>
<wf cmd="ignore" pos="DT">the</wf>
<wf cmd="tag" pos="JJ">Byzantine</wf>
<wf cmd="tag" pos="NN">room</wf>
<wf cmd="ignore" pos="CC">and</wf>
<punc>,</punc>
<wf cmd="ignore" pos="IN">with</wf>
<wf cmd="ignore" pos="PRP$">his</wf>
<wf cmd="tag" pos="JJ">usual</wf>
<wf cmd="tag" pos="NN">dignity</wf>
<punc>,</punc>
<wf cmd="done" pos="VB" lemma="mount" wnsn="5" lexsn="2:38:01::">mounted</wf>
<wf cmd="ignore" pos="DT">the</wf>
<wf cmd="tag" pos="NN">rostrum</wf>
<punc>.</punc>
</s>
<s snum="90">
<wf cmd="ignore" pos="DT">The</wf>
<wf cmd="tag" pos="NN">effect</wf>
<wf cmd="ignore" pos="IN">on</wf>
<wf cmd="ignore" pos="DT">the</wf>
<wf cmd="tag" pos="NNS">intellectuals</wf>
<wf cmd="ignore" pos="IN">among</wf>
<wf cmd="ignore" pos="PRP$">his</wf>
<wf cmd="tag" pos="NN">audience</wf>
<wf cmd="ignore" pos="MD">may</wf>
<wf cmd="tag" pos="RB">well</wf>
<wf cmd="done" pos="VB" ot="notag">be</wf>
<wf cmd="done" pos="VB" lemma="imagine" wnsn="1" lexsn="2:36:00::">imagined</wf>
<punc>.</punc>
</s>
</p>
<p pnum="25">
<s snum="91">
<wf cmd="ignore" pos="DT">The</wf>
<wf cmd="tag" pos="NN">incident</wf>
<punc>,</punc>
<wf cmd="tag" pos="RB">aside</wf>
<wf cmd="ignore" pos="IN">from</wf>
<wf cmd="done" pos="VB" lemma="reflect" wnsn="4" lexsn="2:43:00::">reflecting</wf>
<wf cmd="ignore" pos="IN">on</wf>
<wf cmd="tag" pos="NNP">Welch</wf>
<wf cmd="ignore" pos="POS">'s</wf>
<wf cmd="tag" pos="JJ">political</wf>
<wf cmd="tag" pos="NN">career</wf>
<punc>,</punc>
<wf cmd="done" pos="VBD" ot="notag">had</wf>
<wf cmd="tag" pos="RB">all_but</wf>
<wf cmd="done" pos="VB" lemma="wreck" wnsn="1" lexsn="2:35:00::">wrecked</wf>
<wf cmd="ignore" pos="PRP$">his</wf>
<wf cmd="tag" pos="NN">home</wf>
<wf cmd="tag" pos="NN">life</wf>
<punc>.</punc>
</s>
<s snum="92">
<wf cmd="ignore" pos="PRP">He</wf>
<wf cmd="tag" pos="RB">never</wf>
<wf cmd="done" pos="VB" lemma="rest" wnsn="2" lexsn="2:32:00::">rested</wf>
<wf cmd="ignore" pos="IN">until</wf>
<wf cmd="ignore" pos="PRP">he</wf>
<wf cmd="done" pos="VB" lemma="discover" wnsn="6" lexsn="2:32:04::">discovered</wf>
<wf cmd="ignore" pos="WP">who</wf>
<wf cmd="ignore" pos="DT">the</wf>
<wf cmd="tag" pos="NN">culprit</wf>
<wf cmd="done" pos="VB" lemma="be" wnsn="2" lexsn="2:42:06::">was</wf>
<punc>,</punc>
<wf cmd="ignore" pos="CC">and</wf>
<wf cmd="ignore" pos="WRB">when</wf>
<wf cmd="ignore" pos="PRP">he</wf>
<wf cmd="done" pos="VBD" ot="notag">did</wf>
<punc>,</punc>
<wf cmd="ignore" pos="PRP">he</wf>
<wf cmd="done" pos="VB" lemma="vow" wnsn="1" lexsn="2:32:00::">vowed</wf>
<wf cmd="tag" pos="NN">vengeance</wf>
<wf cmd="ignore" pos="IN">on</wf>
<wf cmd="tag" pos="NNP">Viola_Lake</wf>
<wf cmd="ignore" pos="IN">if</wf>
<wf cmd="tag" pos="RB">ever</wf>
<wf cmd="ignore" pos="DT">the</wf>
<wf cmd="tag" pos="NN">chance</wf>
<wf cmd="done" pos="VB" lemma="come" wnsn="1" lexsn="2:38:00::">came</wf>
<wf cmd="ignore" pos="PRP$">his</wf>
<wf cmd="tag" pos="NN">way</wf>
<punc>.</punc>
</s>
<s snum="93">
<wf cmd="ignore" pos="CC">And</wf>
<wf cmd="tag" pos="RB">here</wf>
<wf cmd="ignore" pos="PRP">it</wf>
<wf cmd="done" pos="VB" lemma="be" wnsn="3" lexsn="2:42:05::">was</wf>
<punc>!</punc>
</s>
<s snum="94">
<wf cmd="ignore" pos="IN">By</wf>
<wf cmd="tag" pos="JJ">such</wf>
<wf cmd="tag" pos="JJ">innocent</wf>
<wf cmd="tag" pos="NNS">actions</wf>
<wf cmd="done" pos="VBP" ot="notag">are</wf>
<wf cmd="tag" pos="JJ">human</wf>
<wf cmd="tag" pos="NNS">tragedies</wf>
<wf cmd="tag" pos="RB">sometimes</wf>
<wf cmd="done" pos="VB" lemma="set_in_motion" wnsn="1" lexsn="2:35:05::">set_in_motion</wf>
<punc>.</punc>
</s>
</p>
<p pnum="26">
<s snum="95">
<wf cmd="ignore" pos="IN">During</wf>
<wf cmd="ignore" pos="DT">these</wf>
<wf cmd="tag" pos="JJ">first</wf>
<wf cmd="tag" pos="NNS">days</wf>
<wf cmd="ignore" pos="IN">of</wf>
<wf cmd="ignore" pos="DT">the</wf>
<wf cmd="tag" pos="NN">trial</wf>
<wf cmd="ignore" pos="PRP">I</wf>
<wf cmd="done" pos="VBD" ot="notag">did</wf>
<wf cmd="tag" pos="RB">n't</wf>
<wf cmd="done" pos="VB" lemma="have" wnsn="1" lexsn="2:40:00::">have</wf>
<wf cmd="ignore" pos="IN">as</wf>
<wf cmd="tag" pos="JJ">much</wf>
<wf cmd="tag" pos="NN">time</wf>
<wf cmd="ignore" pos="TO">to</wf>
<wf cmd="done" pos="VB" lemma="commiserate" wnsn="1" lexsn="2:37:00::">commiserate</wf>
<wf cmd="tag" pos="RB">with</wf>
<wf cmd="tag" pos="NNP">Viola</wf>
<wf cmd="ignore" pos="IN">as</wf>
<wf cmd="ignore" pos="PRP">I</wf>
<wf cmd="ignore" pos="MD">should</wf>
<wf cmd="done" pos="VB" ot="notag">have</wf>
<wf cmd="done" pos="VB" lemma="like" wnsn="1" lexsn="2:37:01::">liked</wf>
<punc>.</punc>
</s>
<s snum="96">
<wf cmd="tag" pos="RB">In_the_first_place</wf>
<punc>,</punc>
<wf cmd="ignore" pos="PRP">it</wf>
<wf cmd="done" pos="VB" lemma="be" wnsn="1" lexsn="2:42:03::">was</wf>
<wf cmd="tag" pos="JJ">difficult</wf>
<wf cmd="ignore" pos="IN">for</wf>
<wf cmd="ignore" pos="PRP">us</wf>
<wf cmd="ignore" pos="TO">to</wf>
<wf cmd="done" pos="VB" lemma="meet" wnsn="2" lexsn="2:41:01::">meet</wf>
<punc>.</punc>
</s>
<s snum="97">
<wf cmd="ignore" pos="PRP">We</wf>
<wf cmd="ignore" pos="MD">could</wf>
<wf cmd="tag" pos="RB">n't</wf>
<wf cmd="done" pos="VB" ot="notag">be</wf>
<wf cmd="done" pos="VB" lemma="see" wnsn="1" lexsn="2:39:00::">seen</wf>
<wf cmd="tag" pos="RB">together</wf>
<punc>,</punc>
<wf cmd="ignore" pos="IN">for</wf>
<wf cmd="ignore" pos="DT">the</wf>
<wf cmd="tag" pos="NN">tongue</wf>
<wf cmd="ignore" pos="IN">of</wf>
<wf cmd="tag" pos="NN">Scandal</wf>
<wf cmd="done" pos="VB" lemma="be" wnsn="1" lexsn="2:42:03::">was</wf>
<wf cmd="tag" pos="RB">ever</wf>
<wf cmd="tag" pos="JJ">ready_to</wf>
<wf cmd="done" pos="VB" lemma="link" wnsn="1" lexsn="2:31:00::">link</wf>
<wf cmd="ignore" pos="PRP$">our</wf>
<wf cmd="tag" pos="NNS">names</wf>
<punc>,</punc>
<wf cmd="ignore" pos="CC">and</wf>
<wf cmd="ignore" pos="DT">the</wf>
<wf cmd="tag" pos="NN">tongue</wf>
<wf cmd="ignore" pos="IN">of</wf>
<wf cmd="tag" pos="NN">Scandal</wf>
<wf cmd="done" pos="VB" lemma="find" wnsn="2" lexsn="2:39:02::">finds</wf>
<wf cmd="ignore" pos="CC">but</wf>
<wf cmd="tag" pos="CD">one</wf>
<wf cmd="tag" pos="NN">thing</wf>
<wf cmd="ignore" pos="TO">to</wf>
<wf cmd="done" pos="VB" lemma="say" wnsn="1" lexsn="2:32:00::">say</wf>
<wf cmd="ignore" pos="IN">of</wf>
<wf cmd="ignore" pos="DT">the</wf>
<wf cmd="tag" pos="NN">association</wf>
<wf cmd="ignore" pos="IN">of</wf>
<wf cmd="ignore" pos="DT">a</wf>
<wf cmd="tag" pos="NN">man</wf>
<wf cmd="ignore" pos="IN">with</wf>
<wf cmd="ignore" pos="DT">a</wf>
<wf cmd="tag" pos="NN">girl</wf>
<punc>,</punc>
<wf cmd="tag" pos="RB">no_matter_how</wf>
<wf cmd="tag" pos="JJ">innocent</wf>
<punc>.</punc>
</s>
<s snum="98">
<wf cmd="ignore" pos="PRP">I</wf>
<wf cmd="ignore" pos="MD">could</wf>
<wf cmd="tag" pos="RB">n't</wf>
<wf cmd="done" pos="VB" lemma="invite" wnsn="2" lexsn="2:41:00::">invite</wf>
<wf cmd="tag" pos="NNP">Viola</wf>
<wf cmd="ignore" pos="TO">to</wf>
<wf cmd="ignore" pos="PRP$">our</wf>
<wf cmd="tag" pos="NN">house</wf>
<punc>,</punc>
<wf cmd="ignore" pos="IN">for</wf>
<wf cmd="tag" pos="NNP">Mother</wf>
<wf cmd="tag" pos="RB">snobbishly</wf>
<wf cmd="done" pos="VB" lemma="refuse" wnsn="1" lexsn="2:32:00::">refused</wf>
<wf cmd="ignore" pos="TO">to</wf>
<wf cmd="done" pos="VB" lemma="receive" wnsn="5" lexsn="2:35:00::">receive</wf>
<wf cmd="ignore" pos="PRP$">her</wf>
<punc>.</punc>
</s>
</p>
<p pnum="27">
<s snum="99">
<wf cmd="tag" pos="RB">Now</wf>
<wf cmd="ignore" pos="DT">the</wf>
<wf cmd="tag" pos="NNP">Czarship</wf>
<wf cmd="done" pos="VBD" ot="notag">had</wf>
<wf cmd="tag" pos="RB">not</wf>
<wf cmd="done" pos="VB" lemma="affect" wnsn="1" lexsn="2:30:00::">affected</wf>
<wf cmd="ignore" pos="PRP$">my</wf>
<wf cmd="tag" pos="JJ">own</wf>
<wf cmd="tag" pos="NN">sense</wf>
<wf cmd="ignore" pos="IN">of</wf>
<wf cmd="tag" pos="JJ">social</wf>
<wf cmd="tag" pos="NNS">values</wf>
<punc>,</punc>
<wf cmd="ignore" pos="CC">but</wf>
<wf cmd="tag" pos="NNP">Mother</wf>
<wf cmd="done" pos="VBD" ot="notag">had</wf>
<wf cmd="done" pos="VB" lemma="attain" wnsn="1" lexsn="2:41:00::">attained</wf>
<wf cmd="ignore" pos="DT">a</wf>
<wf cmd="tag" pos="JJ">reflected</wf>
<wf cmd="tag" pos="NN">glory</wf>
<wf cmd="ignore" pos="IN">through</wf>
<wf cmd="ignore" pos="PRP">it</wf>
<punc>,</punc>
<wf cmd="ignore" pos="WDT">which</wf>
<wf cmd="done" pos="VBD" ot="notag">had</wf>
<wf cmd="done" pos="VB" lemma="open" wnsn="1" lexsn="2:35:00::">opened</wf>
<wf cmd="ignore" pos="DT">the</wf>
<wf cmd="tag" pos="NNS">doors</wf>
<wf cmd="ignore" pos="IN">of</wf>
<wf cmd="tag" pos="NNP">Los_Angeles-Pasadena_Society</wf>
<wf cmd="ignore" pos="TO">to</wf>
<wf cmd="ignore" pos="PRP$">her</wf>
<punc>.</punc>
</s>
<s snum="100">
<wf cmd="ignore" pos="EX">There</wf>
<punc>,</punc>
<wf cmd="tag" pos="NNP">Mother</wf>
<wf cmd="done" pos="VB" ot="notag">was</wf>
<wf cmd="done" pos="VB" lemma="receive" wnsn="5" lexsn="2:35:00::">received</wf>
<wf cmd="ignore" pos="IN">by</wf>
<wf cmd="ignore" pos="DT">the</wf>
<wf cmd="tag" pos="NNS">scions</wf>
<wf cmd="ignore" pos="IN">of</wf>
<wf cmd="tag" pos="JJ">aristocratic</wf>
<wf cmd="tag" pos="NNS">lines</wf>
<wf cmd="ignore" pos="WDT">which</wf>
<wf cmd="done" pos="VBP" ot="notag">are</wf>
<wf cmd="done" pos="VB" lemma="dominate" wnsn="2" lexsn="2:42:01::">dominated</wf>
<wf cmd="ignore" pos="IN">by</wf>
<wf cmd="ignore" pos="DT">the</wf>
<wf cmd="tag" pos="NNS">Budweisers</wf>
<punc>(</punc>
<wf cmd="ignore" pos="IN">of</wf>
<wf cmd="tag" pos="NN">beer</wf>
<wf cmd="tag" pos="NN">derivation</wf>
<punc>)</punc>
<punc>,</punc>
<wf cmd="ignore" pos="DT">the</wf>
<wf cmd="tag" pos="NNP">Chalmers</wf>
<punc>(</punc>
<wf cmd="ignore" pos="IN">of</wf>
<wf cmd="tag" pos="NN">underwear</wf>
<wf cmd="tag" pos="NN">origin</wf>
<punc>)</punc>
<punc>,</punc>
<wf cmd="ignore" pos="CC">and</wf>
<wf cmd="ignore" pos="DT">the</wf>
<wf cmd="tag" pos="NNPS">Heinzes</wf>
<punc>(</punc>
<wf cmd="ignore" pos="WP$">whose</wf>
<wf cmd="tag" pos="NNS">forbears</wf>
<wf cmd="done" pos="VB" lemma="found" wnsn="1" lexsn="2:41:00::">founded</wf>
<wf cmd="ignore" pos="DT">a</wf>
<wf cmd="tag" pos="RB">nationally</wf>
<wf cmd="tag" pos="JJ">famous</wf>
<wf cmd="tag" pos="NN">trade</wf>
<wf cmd="done" pos="VB" ot="notag">in</wf>
<wf cmd="tag" pos="NNS">pickles</wf>
<punc>)</punc>
<punc>.</punc>
</s>
<s snum="101">
<wf cmd="ignore" pos="PRP">I</wf>
<wf cmd="done" pos="VB" lemma="hate" wnsn="1" lexsn="2:37:00::">hated</wf>
<wf cmd="done" pos="VBG" ot="notag">being</wf>
<wf cmd="done" pos="VB" lemma="drag" wnsn="2" lexsn="2:35:01::">dragged</wf>
<wf cmd="ignore" pos="IN">into</wf>
<wf cmd="ignore" pos="DT">the</wf>
<wf cmd="tag" pos="NNS">salons</wf>
<wf cmd="ignore" pos="IN">of</wf>
<wf cmd="ignore" pos="DT">these</wf>
<wf cmd="tag" pos="NNS">aristocrats</wf>
<punc>.</punc>
</s>
<s snum="102">
<wf cmd="ignore" pos="CC">But</wf>
<wf cmd="tag" pos="NNP">Mother</wf>
<wf cmd="done" pos="VB" lemma="insist" wnsn="2" lexsn="2:32:03::">insisted</wf>
<punc>,</punc>
<wf cmd="ignore" pos="IN">for</wf>
<wf cmd="ignore" pos="PRP">it</wf>
<wf cmd="done" pos="VBZ" ot="notag">is</wf>
<wf cmd="tag" pos="RB">seldom</wf>
<wf cmd="tag" pos="RB">indeed</wf>
<wf cmd="ignore" pos="IN">that</wf>
<wf cmd="tag" pos="NN">anyone</wf>
<wf cmd="tag" pos="RB">remotely</wf>
<wf cmd="tag" pos="JJ">connected</wf>
<wf cmd="ignore" pos="IN">with</wf>
<wf cmd="ignore" pos="DT">the</wf>
<wf cmd="tag" pos="NN">cinema</wf>
<wf cmd="done" pos="VBZ" ot="notag">is</wf>
<wf cmd="tag" pos="RB">ever</wf>
<wf cmd="done" pos="VB" lemma="receive" wnsn="5" lexsn="2:35:00::">received</wf>
<wf cmd="ignore" pos="IN">in</wf>
<wf cmd="ignore" pos="PRP$">their</wf>
<wf cmd="tag" pos="JJ">exclusive</wf>
<wf cmd="tag" pos="NNS">midsts</wf>
<punc>.</punc>
</s>
<s snum="103">
<wf cmd="tag" pos="RB">In_fact</wf>
<punc>,</punc>
<wf cmd="ignore" pos="PRP">it</wf>
<wf cmd="done" pos="VBD" ot="notag">was</wf>
<wf cmd="tag" pos="RB">not</wf>
<wf cmd="ignore" pos="IN">until</wf>
<wf cmd="ignore" pos="DT">the</wf>
<wf cmd="tag" pos="NNP">King</wf>
<wf cmd="ignore" pos="IN">of</wf>
<wf cmd="tag" pos="NNP">Spain</wf>
<wf cmd="done" pos="VBD" ot="notag">had</wf>
<wf cmd="done" pos="VB" lemma="visit" wnsn="2" lexsn="2:38:00::">visited</wf>
<wf cmd="ignore" pos="IN">at</wf>
<wf cmd="tag" pos="NNP">Pickfair</wf>
<wf cmd="ignore" pos="IN">that</wf>
<wf cmd="tag" pos="NNP">Mary</wf>
<wf cmd="ignore" pos="CC">and</wf>
<wf cmd="tag" pos="NNP">Doug</wf>
<wf cmd="done" pos="VBD" ot="notag">were</wf>
<wf cmd="done" pos="VB" lemma="beckon" wnsn="1" lexsn="2:32:00::">beckoned</wf>
<wf cmd="ignore" pos="TO">to</wf>
<wf cmd="done" pos="VB" lemma="cross" wnsn="1" lexsn="2:38:00::">cross</wf>
<wf cmd="ignore" pos="DT">the</wf>
<wf cmd="tag" pos="JJ">sacred</wf>
<wf cmd="tag" pos="NNS">barriers</wf>
<wf cmd="ignore" pos="WDT">which</wf>
<wf cmd="done" pos="VB" lemma="separate" wnsn="1" lexsn="2:42:00::">separate</wf>
<wf cmd="tag" pos="NN">Los_Angeles</wf>
<wf cmd="ignore" pos="CC">and</wf>
<wf cmd="tag" pos="NNP">Pasadena</wf>
<wf cmd="ignore" pos="IN">from</wf>
<wf cmd="ignore" pos="DT">the</wf>
<wf cmd="ignore" pos="FW">hoi-polloi</wf>
<punc>.</punc>
</s>
</p>
<p pnum="28">
<s snum="104">
<wf cmd="tag" pos="NNP">Mother</wf>
<wf cmd="tag" pos="RB">even</wf>
<wf cmd="done" pos="VB" lemma="go" wnsn="2" lexsn="2:41:00::">went</wf>
<wf cmd="tag" pos="RB">so_far</wf>
<wf cmd="tag" pos="RB">as</wf>
<wf cmd="ignore" pos="TO">to</wf>
<wf cmd="done" pos="VB" lemma="trump_up" wnsn="1" lexsn="2:36:00::">trump_up</wf>
<wf cmd="ignore" pos="IN">for</wf>
<wf cmd="ignore" pos="PRP">me</wf>
<wf cmd="tag" pos="JJ">matrimonial</wf>
<wf cmd="tag" pos="NNS">opportunities</wf>
<wf cmd="ignore" pos="IN">with</wf>
<wf cmd="tag" pos="NNP">Pasadena</wf>
<wf cmd="tag" pos="NNS">debs</wf>
<wf cmd="ignore" pos="WP">who</wf>
<wf cmd="done" pos="VBD" ot="notag">had</wf>
<wf cmd="done" pos="VBN" ot="notag">been</wf>
<wf cmd="done" pos="VB" lemma="educate" wnsn="3" lexsn="2:41:01::">educated</wf>
<wf cmd="tag" pos="RB">abroad</wf>
<punc>,</punc>
<wf cmd="ignore" pos="CC">and</wf>
<wf cmd="ignore" pos="IN">with</wf>
<wf cmd="ignore" pos="DT">those</wf>
<wf cmd="ignore" pos="IN">of</wf>
<wf cmd="ignore" pos="DT">the</wf>
<wf cmd="tag" pos="RBR">more</wf>
<wf cmd="tag" pos="JJ">lenient</wf>
<wf cmd="tag" pos="NN">Los_Angeles</wf>
<wf cmd="tag" pos="NN">area</wf>
<wf cmd="ignore" pos="WRB">where</wf>
<wf cmd="ignore" pos="DT">a</wf>
<wf cmd="tag" pos="NN">debutante</wf>
<wf cmd="done" pos="VB" lemma="be" wnsn="2" lexsn="2:42:06::">was</wf>
<wf cmd="ignore" pos="DT">a</wf>
<wf cmd="tag" pos="NN">girl</wf>
<wf cmd="ignore" pos="WP">who</wf>
<wf cmd="done" pos="VBD" ot="notag">had</wf>
<wf cmd="done" pos="VB" lemma="be" wnsn="1" lexsn="2:42:03::">been</wf>
<wf cmd="ignore" pos="TO">to</wf>
<wf cmd="tag" pos="NN">high_school</wf>
<punc>.</punc>
</s>
<s snum="105">
<wf cmd="ignore" pos="CC">But</wf>
<wf cmd="tag" pos="RB">at_long_last</wf>
<wf cmd="done" pos="VB" lemma="come" wnsn="2" lexsn="2:38:04::">came</wf>
<wf cmd="ignore" pos="DT">a</wf>
<wf cmd="tag" pos="NN">time</wf>
<wf cmd="ignore" pos="WRB">when</wf>
<wf cmd="ignore" pos="PRP">I</wf>
<wf cmd="done" pos="VB" lemma="break_away" wnsn="1" lexsn="2:38:01::">broke_away</wf>
<wf cmd="ignore" pos="IN">from</wf>
<wf cmd="tag" pos="NNP">Mother</wf>
<wf cmd="ignore" pos="CC">and</wf>
<wf cmd="ignore" pos="PRP$">her</wf>
<wf cmd="tag" pos="NN">society</wf>
<punc>``</punc>
<wf cmd="ignore" pos="FW">chi-chi</wf>
<punc>''</punc>
<wf cmd="tag" pos="RB">in_order_to</wf>
<wf cmd="done" pos="VB" lemma="spend" wnsn="1" lexsn="2:42:00::">spend</wf>
<wf cmd="ignore" pos="DT">a</wf>
<wf cmd="tag" pos="JJ">cosy</wf>
<wf cmd="tag" pos="NN">evening</wf>
<wf cmd="ignore" pos="IN">with</wf>
<wf cmd="tag" pos="NNP">Viola</wf>
<wf cmd="ignore" pos="CC">and</wf>
<wf cmd="ignore" pos="PRP$">her</wf>
<wf cmd="tag" pos="NN">chaperon</wf>
<wf cmd="ignore" pos="IN">at</wf>
<wf cmd="ignore" pos="PRP$">her</wf>
<wf cmd="tag" pos="NN">home</wf>
<punc>.</punc>
</s>
</p>
<p pnum="29">
<s snum="106">
<wf cmd="tag" pos="RB">However</wf>
<punc>,</punc>
<wf cmd="tag" pos="JJ">such</wf>
<wf cmd="ignore" pos="DT">a</wf>
<wf cmd="tag" pos="NN">hotbed</wf>
<wf cmd="ignore" pos="IN">of</wf>
<wf cmd="tag" pos="NN">gossip</wf>
<wf cmd="done" pos="VBD" ot="notag">had</wf>
<wf cmd="done" pos="VB" lemma="grow" wnsn="2" lexsn="2:30:00::">grown</wf>
<wf cmd="tag" pos="RB">up</wf>
<wf cmd="ignore" pos="IN">during</wf>
<wf cmd="ignore" pos="DT">the</wf>
<wf cmd="tag" pos="NN">trial</wf>
<punc>,</punc>
<wf cmd="ignore" pos="IN">that</wf>
<wf cmd="ignore" pos="DT">every</wf>
<wf cmd="tag" pos="NN">precaution</wf>
<wf cmd="done" pos="VB" lemma="have" wnsn="0" lexsn="2:42:05::">had</wf>
<wf cmd="done" pos="VB" ot="notag">to</wf>
<wf cmd="done" pos="VB" ot="notag">be</wf>
<wf cmd="done" pos="VB" lemma="take" wnsn="1" lexsn="2:41:04::">taken</wf>
<wf cmd="done" pos="VB" ot="notag">to</wf>
<wf cmd="done" pos="VB" lemma="keep" wnsn="4" lexsn="2:41:01::">keep</wf>
<wf cmd="ignore" pos="PRP$">my</wf>
<wf cmd="tag" pos="NN">visit</wf>
<wf cmd="ignore" pos="IN">from</wf>
<wf cmd="done" pos="VBG" ot="notag">being</wf>
<wf cmd="done" pos="VB" lemma="whisper" wnsn="1" lexsn="2:32:00::">whispered</wf>
<wf cmd="ignore" pos="TO">to</wf>
<wf cmd="ignore" pos="DT">the</wf>
<wf cmd="tag" pos="NN">world</wf>
<punc>,</punc>
<wf cmd="tag" pos="NNP">Society</wf>
<punc>,</punc>
<wf cmd="ignore" pos="CC">and</wf>
<wf cmd="tag" pos="RB">even</wf>
<punc>,</punc>
<wf cmd="ignore" pos="UH">alas</wf>
<punc>,</punc>
<wf cmd="ignore" pos="TO">to</wf>
<wf cmd="ignore" pos="PRP$">my</wf>
<wf cmd="tag" pos="JJ">own</wf>
<wf cmd="tag" pos="NN">mother</wf>
<punc>.</punc>
</s>
</p>
<p pnum="30">
<s snum="107">
<wf cmd="ignore" pos="WRB">When</wf>
<wf cmd="ignore" pos="PRP">I</wf>
<wf cmd="done" pos="VB" lemma="arrive_at" wnsn="1" lexsn="2:38:00::">arrived_at</wf>
<wf cmd="tag" pos="NNP">Viola</wf>
<wf cmd="ignore" pos="POS">'s</wf>
<wf cmd="ignore" pos="PRP">I</wf>
<wf cmd="done" pos="VB" ot="notag">was</wf>
<wf cmd="done" pos="VB" lemma="show" wnsn="11" lexsn="2:38:00::">shown</wf>
<punc>,</punc>
<wf cmd="ignore" pos="TO">to</wf>
<wf cmd="ignore" pos="PRP$">my</wf>
<wf cmd="tag" pos="NN">surprise</wf>
<punc>,</punc>
<wf cmd="ignore" pos="IN">into</wf>
<wf cmd="ignore" pos="DT">the</wf>
<wf cmd="tag" pos="NN">kitchen</wf>
<punc>.</punc>
</s>
<s snum="108">
<wf cmd="tag" pos="NNP">Viola</wf>
<wf cmd="done" pos="VB" lemma="greet" wnsn="2" lexsn="2:32:01::">greeted</wf>
<wf cmd="ignore" pos="PRP">me</wf>
<punc>,</punc>
<wf cmd="ignore" pos="IN">in</wf>
<wf cmd="tag" pos="JJ">checked</wf>
<wf cmd="tag" pos="NN">apron</wf>
<punc>,</punc>
<wf cmd="tag" pos="NN">ladle</wf>
<wf cmd="tag" pos="RB">in_hand</wf>
<punc>,</punc>
<wf cmd="ignore" pos="CC">and</wf>
<wf cmd="done" pos="VB" lemma="explain" wnsn="1" lexsn="2:32:00::">explained</wf>
<wf cmd="ignore" pos="PRP">it</wf>
<wf cmd="done" pos="VB" lemma="be" wnsn="1" lexsn="2:42:03::">was</wf>
<wf cmd="ignore" pos="DT">the</wf>
<wf cmd="tag" pos="NN">cook</wf>
<wf cmd="ignore" pos="POS">'s</wf>
<wf cmd="tag" pos="NN">night</wf>
<wf cmd="tag" pos="RB">out</wf>
<wf cmd="ignore" pos="CC">and</wf>
<wf cmd="ignore" pos="IN">that</wf>
<wf cmd="ignore" pos="PRP">she</wf>
<wf cmd="ignore" pos="PRP">herself</wf>
<wf cmd="done" pos="VBD" ot="notag">was</wf>
<wf cmd="done" pos="VB" lemma="prepare" wnsn="2" lexsn="2:36:01::">preparing</wf>
<wf cmd="tag" pos="NN">dinner</wf>
<punc>.</punc>
</s>
</p>
<p pnum="31">
<s snum="109">
<wf cmd="ignore" pos="PRP">I</wf>
<wf cmd="done" pos="VB" lemma="sit" wnsn="1" lexsn="2:35:00::">sat</wf>
<wf cmd="ignore" pos="CC">and</wf>
<wf cmd="done" pos="VB" lemma="watch" wnsn="2" lexsn="2:41:00::">watched</wf>
<wf cmd="tag" pos="NNS">proceedings</wf>
<punc>.</punc>
</s>
<s snum="110">
<wf cmd="ignore" pos="EX">There</wf>
<wf cmd="done" pos="VBD" ot="notag">was</wf>
<wf cmd="ignore" pos="TO">to</wf>
<wf cmd="done" pos="VB" ot="notag">be</wf>
<wf cmd="tag" pos="NN">roast</wf>
<wf cmd="tag" pos="NN">chicken</wf>
<wf cmd="ignore" pos="IN">with</wf>
<wf cmd="tag" pos="NN">dressing</wf>
<punc>,</punc>
<wf cmd="tag" pos="NN">giblet</wf>
<wf cmd="tag" pos="NN">gravy</wf>
<punc>,</punc>
<wf cmd="tag" pos="NN">asparagus</wf>
<punc>,</punc>
<wf cmd="tag" pos="JJ">new</wf>
<wf cmd="tag" pos="NNS">peas</wf>
<wf cmd="ignore" pos="IN">with</wf>
<wf cmd="ignore" pos="DT">a</wf>
<wf cmd="tag" pos="NN">sprig</wf>
<wf cmd="ignore" pos="IN">of</wf>
<wf cmd="tag" pos="NN">mint</wf>
<punc>,</punc>
<wf cmd="tag" pos="JJ">creamed</wf>
<wf cmd="tag" pos="NNS">onions</wf>
<punc>,</punc>
<wf cmd="ignore" pos="CC">and</wf>
<wf cmd="tag" pos="JJ">mashed</wf>
<wf cmd="tag" pos="NNS">potatoes</wf>
<punc>-</punc>
<wf cmd="ignore" pos="DT">all</wf>
<wf cmd="done" pos="VB" lemma="choose" wnsn="1" lexsn="2:31:00::">chosen</wf>
<punc>,</punc>
<wf cmd="done" pos="VB" lemma="prepare" wnsn="2" lexsn="2:36:01::">prepared</wf>
<punc>,</punc>
<wf cmd="ignore" pos="CC">and</wf>
<wf cmd="done" pos="VB" lemma="cook" wnsn="2" lexsn="2:36:00::">cooked</wf>
<wf cmd="ignore" pos="IN">by</wf>
<wf cmd="tag" pos="NNP">Viola</wf>
<wf cmd="ignore" pos="PRP">herself</wf>
<punc>.</punc>
</s>
</p>
</context>
</contextfile>
